Charm++> No provisioning arguments specified. Running with a single PE.
         Use +auto-provision to fully subscribe resources or +p1 to silence this message.
Charm++: standalone mode (not using charmrun)
Charm++> Running in Multicore mode: 1 threads (PEs)
Charm++> Using recursive bisection (scheme 3) for topology aware partitions
Converse/Charm++ Commit ID: 
CharmLB> Load balancer assumes all CPUs are same.
Charm++> Running on 1 hosts (1 sockets x 20 cores x 2 PUs = 40-way SMP)
Charm++> cpu topology info is gathered in 0.001 seconds.
CharmLB> Load balancing instrumentation for communication is off.
Info: NAMD Git-2025-12-04 for Linux-x86_64-multicore
Info: 
Info: Please visit http://www.ks.uiuc.edu/Research/namd/
Info: for updates, documentation, and support information.
Info: 
Info: Please cite Phillips et al., J. Chem. Phys. 153:044130 (2020) doi:10.1063/5.0014475
Info: in all publications reporting results obtained with NAMD.
Info: 
Info: Based on Charm++/Converse 80000 for multicore-linux-x86_64-gcc
Info: Built Thu Dec 4 09:25:02 CST 2025 by dhardy on athine.ks.uiuc.edu
Info: Source code at Git commit ID b856a9378ca44bcf5aa708d4b681af4ceb86d8ca
Info: 1 NAMD  Git-2025-12-04  Linux-x86_64-multicore  1    vivi01  cmm14
Info: Running on 1 processors, 1 nodes, 1 physical nodes.
Info: CPU topology information available.
Info: Charm++/Converse parallel runtime startup completed at 0.00932735 s
CkLoopLib is used in SMP with simple dynamic scheduling (converse-level notification)
Info: 25.0547 MB of memory in use based on /proc/self/stat
Info: Configuration file is simNPT.conf
Info: Working in the current directory /scratch/167626.1.cerqt03.q
TCL: Suspending until startup complete.
Warning: Option "1-4scaling" has been deprecated. Instead use "oneFourScaling".
Warning: The Langevin gamma parameters differ over the particles,
Warning: requiring extra work per step to constrain rigid bonds.
Info: SIMULATION PARAMETERS:
Info: TIMESTEP               2
Info: NUMBER OF STEPS        1000000
Info: STEPS PER CYCLE        10
Info: PERIODIC CELL BASIS 1  67.406 0 0
Info: PERIODIC CELL BASIS 2  0 57.2957 0
Info: PERIODIC CELL BASIS 3  0 0 69.1112
Info: PERIODIC CELL CENTER   0 0 0
Info: WRAPPING WATERS AROUND PERIODIC BOUNDARIES ON OUTPUT.
Info: WRAPPING ALL CLUSTERS AROUND PERIODIC BOUNDARIES ON OUTPUT.
Info: LOAD BALANCER  Centralized
Info: LOAD BALANCING STRATEGY  New Load Balancers -- DEFAULT
Info: LDB PERIOD             2000 steps
Info: FIRST LDB TIMESTEP     50
Info: LAST LDB TIMESTEP     -1
Info: LDB BACKGROUND SCALING 1
Info: HOM BACKGROUND SCALING 1
Info: PME BACKGROUND SCALING 1
Info: MIN ATOMS PER PATCH    40
Info: EMPTY PATCH LOAD       40 ATOMS
Info: INITIAL TEMPERATURE    293.5
Info: CENTER OF MASS MOVING INITIALLY? NO
Info: DIELECTRIC             1
Info: EXCLUDE                SCALED ONE-FOUR
Info: 1-4 ELECTROSTATICS SCALED BY 1
Info: MODIFIED 1-4 VDW PARAMETERS WILL BE USED
Info: DCD FILENAME           NPT.dcd
Info: DCD FREQUENCY          10000
Info: DCD FIRST STEP         10000
Info: DCD FILE WILL CONTAIN UNIT CELL DATA
Info: XST FILENAME           NPT.xst
Info: XST FREQUENCY          50000
Info: NO VELOCITY DCD OUTPUT
Info: NO FORCE DCD OUTPUT
Info: OUTPUT FILENAME        NPT
Info: BINARY OUTPUT FILES WILL BE USED
Info: RESTART FILENAME       NPT.restart
Info: RESTART FREQUENCY      50000
Info: BINARY RESTART FILES WILL BE USED
Info: NAMD will save positions and velocities to NPT.crash.csv when  atoms are moving too fast.
Info: SWITCHING ACTIVE
Info: SWITCHING ON           10
Info: SWITCHING OFF          12
Info: PAIRLIST DISTANCE      13.5
Info: PAIRLIST SHRINK RATE   0.01
Info: PAIRLIST GROW RATE     0.01
Info: PAIRLIST TRIGGER       0.3
Info: PAIRLISTS PER CYCLE    2
Info: PAIRLISTS ENABLED
Info: MARGIN                 0.96
Info: HYDROGEN GROUP CUTOFF  2.5
Info: PATCH DIMENSION        16.96
Info: ENERGY OUTPUT STEPS    10000
Info: ENERGY EVALUATION STEPS    10000
Info: OUTPUT ENERGY PRECISION 4
Info: CROSSTERM ENERGY INCLUDED IN DIHEDRAL
Info: TIMING OUTPUT STEPS    100000
Info: PRESSURE OUTPUT STEPS  10000
Info: LANGEVIN DYNAMICS ACTIVE
Info: LANGEVIN TEMPERATURE   293.5
Info: LANGEVIN USING BBK INTEGRATOR
Info: LANGEVIN DAMPING COEFFICIENT IS 1 INVERSE PS
Info: LANGEVIN DYNAMICS NOT APPLIED TO HYDROGENS
Info: LANGEVIN PISTON PRESSURE CONTROL ACTIVE
Info:        TARGET PRESSURE IS 1.01325 BAR
Info:     OSCILLATION PERIOD IS 200 FS
Info:             DECAY TIME IS 100 FS
Info:     PISTON TEMPERATURE IS 293.5 K
Info:       PRESSURE CONTROL IS GROUP-BASED
Info:    INITIAL STRAIN RATE IS 0 0 0
Info:       CELL FLUCTUATION IS ANISOTROPIC
Info:     CONSTANT AREA PRESSURE CONTROL ACTIVE
Info: PARTICLE MESH EWALD (PME) ACTIVE
Info: PME TOLERANCE               1e-06
Info: PME EWALD COEFFICIENT       0.257952
Info: PME INTERPOLATION ORDER     4
Info: PME GRID DIMENSIONS         72 60 72
Info: PME MAXIMUM GRID SPACING    1.5
Info: Attempting to read FFTW data from FFTW_NAMD_Git-2025-12-04_Linux-x86_64-multicore.txt
Info: Optimizing 6 FFT steps.  1... 2... 3... 4... 5... 6...   Done.
Info: Writing FFTW data to FFTW_NAMD_Git-2025-12-04_Linux-x86_64-multicore.txt
Info: FULL ELECTROSTATIC EVALUATION FREQUENCY      2
Info: USING VERLET I (r-RESPA) MTS SCHEME.
Info: C1 SPLITTING OF LONG RANGE ELECTROSTATICS
Info: PLACING ATOMS IN PATCHES BY HYDROGEN GROUPS
Info: RIGID BONDS TO HYDROGEN : ALL
Info:         ERROR TOLERANCE : 1e-08
Info:          MAX ITERATIONS : 100
Info: RIGID WATER USING SETTLE ALGORITHM
Info: RANDOM NUMBER SEED     1779895608
Info: USE HYDROGEN BONDS?    NO
Info: COORDINATE PDB         coordenades_inicials.pdb
Info: STRUCTURE FILE         estructura_membranaDMPC.psf
Info: PARAMETER file: CHARMM format! 
Info: PARAMETERS             parametres.prm
Info: USING ARITHMETIC MEAN TO COMBINE L-J SIGMA PARAMETERS
Info: SUMMARY OF PARAMETERS:
Info: 52 BONDS
Info: 132 ANGLES
Info: 176 DIHEDRAL
Info: 4 IMPROPER
Info: 0 CROSSTERM
Info: 37 VDW
Info: 0 VDW_PAIRS
Info: 0 NBTHOLE_PAIRS
Info: TIME FOR READING PSF FILE: 0.152242
Info: Reading pdb file coordenades_inicials.pdb
Info: TIME FOR READING PDB FILE: 0.0232859
Info: 
Info: ****************************
Info: STRUCTURE SUMMARY:
Info: 28235 ATOMS
Info: 23730 BONDS
Info: 33305 ANGLES
Info: 40064 DIHEDRALS
Info: 256 IMPROPERS
Info: 0 CROSSTERMS
Info: 0 EXCLUSIONS
Info: 22347 RIGID BONDS
Info: 62358 DEGREES OF FREEDOM
Info: 10265 HYDROGEN GROUPS
Info: 4 ATOMS IN LARGEST HYDROGEN GROUP
Info: 10265 MIGRATION GROUPS
Info: 4 ATOMS IN LARGEST MIGRATION GROUP
Info: TOTAL MASS = 165628 amu
Info: TOTAL CHARGE = 6.67572e-06 e
Info: MASS DENSITY = 1.03044 g/cm^3
Info: ATOM DENSITY = 0.105784 atoms/A^3
Info: *****************************
Info: 
Info: Entering startup at 24.87 s, 685.321 MB of memory in use
Info: Startup phase 0 took 4.5505e-05 s, 685.321 MB of memory in use
Info: ADDED 97099 IMPLICIT EXCLUSIONS
Info: Startup phase 1 took 0.0144161 s, 685.321 MB of memory in use
Info: NONBONDED TABLE R-SQUARED SPACING: 0.0625
Info: NONBONDED TABLE SIZE: 769 POINTS
Info: INCONSISTENCY IN FAST TABLE ENERGY VS FORCE: 0.000325096 AT 11.9556
Info: INCONSISTENCY IN SCOR TABLE ENERGY VS FORCE: 0.000324844 AT 11.9556
Info: INCONSISTENCY IN VDWA TABLE ENERGY VS FORCE: 0.0040507 AT 0.251946
Info: INCONSISTENCY IN VDWB TABLE ENERGY VS FORCE: 0.00150189 AT 0.251946
Info: Startup phase 2 took 0.00125741 s, 685.321 MB of memory in use
Info: Startup phase 3 took 2.3804e-05 s, 685.321 MB of memory in use
Info: Startup phase 4 took 4.0211e-05 s, 685.321 MB of memory in use
Info: Startup phase 5 took 1.0886e-05 s, 685.321 MB of memory in use
Info: PATCH GRID IS 3 (PERIODIC) BY 3 (PERIODIC) BY 4 (PERIODIC)
Info: PATCH GRID IS 1-AWAY BY 1-AWAY BY 1-AWAY
Info: REMOVING COM VELOCITY -0.0104475 0.0216478 -0.012121
Info: LARGEST PATCH (5) HAS 838 ATOMS
Info: TORUS A SIZE 1 USING 0
Info: TORUS B SIZE 1 USING 0
Info: TORUS C SIZE 1 USING 0
Info: TORUS MINIMAL MESH SIZE IS 1 BY 1 BY 1
Info: Placed 100% of base nodes on same physical node as patch
Info: Startup phase 6 took 0.0064939 s, 685.321 MB of memory in use
Info: PME using 1 and 1 processors for FFT and reciprocal sum.
Info: PME GRID LOCATIONS: 0
Info: PME TRANS LOCATIONS: 0
Info: PME USING 1 GRID NODES AND 1 TRANS NODES
Info: Optimizing 4 FFT steps.  1... 2... 3... 4...   Done.
Info: Startup phase 7 took 0.000364219 s, 685.321 MB of memory in use
Info: Startup phase 8 took 1.8549e-05 s, 685.321 MB of memory in use
Info: Startup phase 9 took 9.882e-06 s, 685.321 MB of memory in use
Info: Startup phase 10 took 8.519e-06 s, 685.321 MB of memory in use
Info: Startup phase 11 took 9.355e-06 s, 685.321 MB of memory in use
LDB: Central LB being created...
Info: Startup phase 12 took 2.7788e-05 s, 685.321 MB of memory in use
Info: Startup phase 13 took 9.289e-06 s, 685.321 MB of memory in use
Info: Startup phase 14 took 8.204e-06 s, 685.321 MB of memory in use
Info: Startup phase 15 took 8.196e-06 s, 685.321 MB of memory in use
Info: CREATING 725 COMPUTE OBJECTS
Info: Startup phase 16 took 0.00192254 s, 685.321 MB of memory in use
Info: Startup phase 17 took 3.2686e-05 s, 685.321 MB of memory in use
Info: Startup phase 18 took 7.9114e-05 s, 685.321 MB of memory in use
Info: Finished startup at 24.8947 s, 685.321 MB of memory in use

PRESSURE: 0 -334.567 -187.666 170.031 -187.666 -278.762 94.2471 170.031 94.2471 -120.045
GPRESSURE: 0 -254.364 -273.773 11.1029 -189.437 -358.805 87.1137 192.63 -5.10287 -78.1135
ETITLE:      TS           BOND          ANGLE          DIHED          IMPRP               ELECT            VDW       BOUNDARY           MISC        KINETIC               TOTAL           TEMP      POTENTIAL         TOTAL3        TEMPAVG            PRESSURE      GPRESSURE         VOLUME       PRESSAVG      GPRESSAVG

ENERGY:       0      1594.0351      9365.7228      5731.5533        69.6310         -60472.2825     -1513.1044         0.0000         0.0000     18224.0582         -27000.3863       294.1327    -45224.4446    -26848.2358       294.1327           -244.4582      -230.4275    266912.4031      -244.4582      -230.4275

OPENING EXTENDED SYSTEM TRAJECTORY FILE
LDB: ============= START OF LOAD BALANCING ============== 26.6367
LDB: ============== END OF LOAD BALANCING =============== 26.6367
LDB: =============== DONE WITH MIGRATION ================ 26.6368
LDB: ============= START OF LOAD BALANCING ============== 33.2701
LDB: ============== END OF LOAD BALANCING =============== 33.2701
LDB: =============== DONE WITH MIGRATION ================ 33.2702
Info: Initial time: 1 CPUs 0.165806 s/step 0.959524 days/ns 685.321 MB memory
LDB: ============= START OF LOAD BALANCING ============== 34.9233
LDB: ============== END OF LOAD BALANCING =============== 34.9233
LDB: =============== DONE WITH MIGRATION ================ 34.9234
LDB: ============= START OF LOAD BALANCING ============== 41.5188
LDB: ============== END OF LOAD BALANCING =============== 41.5188
LDB: =============== DONE WITH MIGRATION ================ 41.5189
Info: Initial time: 1 CPUs 0.164924 s/step 0.954422 days/ns 685.321 MB memory
LDB: ============= START OF LOAD BALANCING ============== 49.7234
LDB: ============== END OF LOAD BALANCING =============== 49.7234
LDB: =============== DONE WITH MIGRATION ================ 49.7235
Info: Initial time: 1 CPUs 0.164057 s/step 0.949406 days/ns 685.321 MB memory
LDB: ============= START OF LOAD BALANCING ============== 57.9079
LDB: ============== END OF LOAD BALANCING =============== 57.908
LDB: =============== DONE WITH MIGRATION ================ 57.908
Info: Benchmark time: 1 CPUs 0.163677 s/step 0.947202 days/ns 685.321 MB memory
Info: Benchmark time: 1 CPUs 0.163322 s/step 0.945152 days/ns 685.321 MB memory
Info: Benchmark time: 1 CPUs 0.163195 s/step 0.944413 days/ns 685.321 MB memory
Info: Benchmark time: 1 CPUs 0.163638 s/step 0.946981 days/ns 685.321 MB memory
Info: Benchmark time: 1 CPUs 0.163683 s/step 0.947242 days/ns 685.321 MB memory
Info: Benchmark time: 1 CPUs 0.163736 s/step 0.947546 days/ns 685.321 MB memory
LDB: ============= START OF LOAD BALANCING ============== 378.144
LDB: ============== END OF LOAD BALANCING =============== 378.144
LDB: =============== DONE WITH MIGRATION ================ 378.144
LDB: ============= START OF LOAD BALANCING ============== 386.347
LDB: ============== END OF LOAD BALANCING =============== 386.347
LDB: =============== DONE WITH MIGRATION ================ 386.347
LDB: ============= START OF LOAD BALANCING ============== 709.49
LDB: ============== END OF LOAD BALANCING =============== 709.49
LDB: =============== DONE WITH MIGRATION ================ 709.49
LDB: ============= START OF LOAD BALANCING ============== 717.799
LDB: ============== END OF LOAD BALANCING =============== 717.799
LDB: =============== DONE WITH MIGRATION ================ 717.799
LDB: ============= START OF LOAD BALANCING ============== 1042.7
LDB: ============== END OF LOAD BALANCING =============== 1042.7
LDB: =============== DONE WITH MIGRATION ================ 1042.7
LDB: ============= START OF LOAD BALANCING ============== 1051.04
LDB: ============== END OF LOAD BALANCING =============== 1051.04
LDB: =============== DONE WITH MIGRATION ================ 1051.04
LDB: ============= START OF LOAD BALANCING ============== 1376.97
LDB: ============== END OF LOAD BALANCING =============== 1376.97
LDB: =============== DONE WITH MIGRATION ================ 1376.97
LDB: ============= START OF LOAD BALANCING ============== 1385.31
LDB: ============== END OF LOAD BALANCING =============== 1385.31
LDB: =============== DONE WITH MIGRATION ================ 1385.31
PRESSURE: 10000 144.365 -151.854 182.029 -151.854 -544.592 38.4034 182.029 38.4034 -679.195
GPRESSURE: 10000 -6.91648 -470.474 105.607 -101.291 -500.781 -282.402 9.89684 -42.2045 -491.827
PRESSAVG: 10000 -36.3792 5.5313 6.57463 5.5313 -83.982 3.838 6.57463 3.838 0.13304
GPRESSAVG: 10000 -36.4327 5.51981 6.52295 5.53493 -84.0514 3.72912 6.50539 3.87419 0.232776
ENERGY:   10000      1525.9184      9028.9506      5648.3671        76.7772         -61639.4235     -1326.9140         0.0000         0.0000     17965.1897         -28721.1346       289.9546    -46686.3242    -28576.9303       292.8073           -359.8077      -333.1749    263273.7009       -40.0760       -40.0838

OPENING COORDINATE DCD FILE
WRITING COORDINATES TO DCD FILE NPT.dcd AT STEP 10000
The last position output (seq=10000) takes 0.001 seconds, 685.321 MB of memory in use
LDB: ============= START OF LOAD BALANCING ============== 1711.43
LDB: ============== END OF LOAD BALANCING =============== 1711.43
LDB: =============== DONE WITH MIGRATION ================ 1711.43
LDB: ============= START OF LOAD BALANCING ============== 1719.83
LDB: ============== END OF LOAD BALANCING =============== 1719.83
LDB: =============== DONE WITH MIGRATION ================ 1719.83
LDB: ============= START OF LOAD BALANCING ============== 2046.32
LDB: ============== END OF LOAD BALANCING =============== 2046.32
LDB: =============== DONE WITH MIGRATION ================ 2046.32
LDB: ============= START OF LOAD BALANCING ============== 2054.69
LDB: ============== END OF LOAD BALANCING =============== 2054.69
LDB: =============== DONE WITH MIGRATION ================ 2054.69
LDB: ============= START OF LOAD BALANCING ============== 2380.78
LDB: ============== END OF LOAD BALANCING =============== 2380.78
LDB: =============== DONE WITH MIGRATION ================ 2380.78
LDB: ============= START OF LOAD BALANCING ============== 2389.15
LDB: ============== END OF LOAD BALANCING =============== 2389.15
LDB: =============== DONE WITH MIGRATION ================ 2389.15
LDB: ============= START OF LOAD BALANCING ============== 2715.76
LDB: ============== END OF LOAD BALANCING =============== 2715.76
LDB: =============== DONE WITH MIGRATION ================ 2715.76
LDB: ============= START OF LOAD BALANCING ============== 2724.15
LDB: ============== END OF LOAD BALANCING =============== 2724.15
LDB: =============== DONE WITH MIGRATION ================ 2724.15
LDB: ============= START OF LOAD BALANCING ============== 3051.24
LDB: ============== END OF LOAD BALANCING =============== 3051.24
LDB: =============== DONE WITH MIGRATION ================ 3051.24
LDB: ============= START OF LOAD BALANCING ============== 3059.63
LDB: ============== END OF LOAD BALANCING =============== 3059.63
LDB: =============== DONE WITH MIGRATION ================ 3059.63
PRESSURE: 20000 -326.904 0.373753 -161.523 0.373753 68.5135 -390.447 -161.523 -390.447 911.025
GPRESSURE: 20000 -174.469 31.1521 -274.576 -23.5641 110.009 -334.63 -262.329 -84.0732 774.189
PRESSAVG: 20000 -45.8988 17.2362 13.7304 17.2362 -65.4091 -5.36609 13.7304 -5.36609 5.7099
GPRESSAVG: 20000 -45.8915 17.234 13.6643 17.3508 -65.3597 -5.2723 13.7084 -5.3813 5.66745
ENERGY:   20000      1570.4912      8942.1728      5650.9795        85.4401         -61632.0066     -1145.9896         0.0000         0.0000     18083.6789         -28445.2336       291.8670    -46528.9126    -28305.0725       292.0043            217.5445       236.5766    264874.6873       -35.1993       -35.1946

WRITING COORDINATES TO DCD FILE NPT.dcd AT STEP 20000
The last position output (seq=20000) takes 0.000 seconds, 685.321 MB of memory in use
LDB: ============= START OF LOAD BALANCING ============== 3386.9
LDB: ============== END OF LOAD BALANCING =============== 3386.9
LDB: =============== DONE WITH MIGRATION ================ 3386.9
LDB: ============= START OF LOAD BALANCING ============== 3395.29
LDB: ============== END OF LOAD BALANCING =============== 3395.29
LDB: =============== DONE WITH MIGRATION ================ 3395.29
LDB: ============= START OF LOAD BALANCING ============== 3722.59
LDB: ============== END OF LOAD BALANCING =============== 3722.59
LDB: =============== DONE WITH MIGRATION ================ 3722.59
LDB: ============= START OF LOAD BALANCING ============== 3730.98
LDB: ============== END OF LOAD BALANCING =============== 3730.98
LDB: =============== DONE WITH MIGRATION ================ 3730.98
LDB: ============= START OF LOAD BALANCING ============== 4058.81
LDB: ============== END OF LOAD BALANCING =============== 4058.81
LDB: =============== DONE WITH MIGRATION ================ 4058.81
LDB: ============= START OF LOAD BALANCING ============== 4067.21
LDB: ============== END OF LOAD BALANCING =============== 4067.22
LDB: =============== DONE WITH MIGRATION ================ 4067.22
LDB: ============= START OF LOAD BALANCING ============== 4395.08
LDB: ============== END OF LOAD BALANCING =============== 4395.08
LDB: =============== DONE WITH MIGRATION ================ 4395.08
LDB: ============= START OF LOAD BALANCING ============== 4403.49
LDB: ============== END OF LOAD BALANCING =============== 4403.49
LDB: =============== DONE WITH MIGRATION ================ 4403.49
LDB: ============= START OF LOAD BALANCING ============== 4732.14
LDB: ============== END OF LOAD BALANCING =============== 4732.14
LDB: =============== DONE WITH MIGRATION ================ 4732.14
LDB: ============= START OF LOAD BALANCING ============== 4740.54
LDB: ============== END OF LOAD BALANCING =============== 4740.54
LDB: =============== DONE WITH MIGRATION ================ 4740.54
PRESSURE: 30000 -418.605 191.87 286.087 191.87 19.313 -72.7714 286.087 -72.7714 -263.215
GPRESSURE: 30000 -434.832 235.069 239.924 109.569 260.215 -45.8743 332.813 -423.816 -444.64
PRESSAVG: 30000 -2.68265 9.46183 30.3149 9.46183 3.88768 -5.29476 30.3149 -5.29476 7.77932
GPRESSAVG: 30000 -2.70671 9.50053 30.4364 9.30275 3.89743 -5.16848 30.4256 -5.34897 7.72787
ENERGY:   30000      1515.8885      8983.2634      5705.5166        71.7715         -61566.3512     -1237.5493         0.0000         0.0000     18016.7149         -28510.7457       290.7862    -46527.4605    -28362.1442       292.9429           -220.8354      -206.4191    263379.6132         2.9948         2.9729

WRITING COORDINATES TO DCD FILE NPT.dcd AT STEP 30000
The last position output (seq=30000) takes 0.000 seconds, 685.321 MB of memory in use
LDB: ============= START OF LOAD BALANCING ============== 5068.91
LDB: ============== END OF LOAD BALANCING =============== 5068.91
LDB: =============== DONE WITH MIGRATION ================ 5068.91
LDB: ============= START OF LOAD BALANCING ============== 5077.33
LDB: ============== END OF LOAD BALANCING =============== 5077.33
LDB: =============== DONE WITH MIGRATION ================ 5077.33
LDB: ============= START OF LOAD BALANCING ============== 5405.64
LDB: ============== END OF LOAD BALANCING =============== 5405.64
LDB: =============== DONE WITH MIGRATION ================ 5405.64
LDB: ============= START OF LOAD BALANCING ============== 5414.07
LDB: ============== END OF LOAD BALANCING =============== 5414.07
LDB: =============== DONE WITH MIGRATION ================ 5414.07
LDB: ============= START OF LOAD BALANCING ============== 5741.92
LDB: ============== END OF LOAD BALANCING =============== 5741.92
LDB: =============== DONE WITH MIGRATION ================ 5741.92
LDB: ============= START OF LOAD BALANCING ============== 5750.35
LDB: ============== END OF LOAD BALANCING =============== 5750.35
LDB: =============== DONE WITH MIGRATION ================ 5750.35
LDB: ============= START OF LOAD BALANCING ============== 6077.93
LDB: ============== END OF LOAD BALANCING =============== 6077.93
LDB: =============== DONE WITH MIGRATION ================ 6077.93
LDB: ============= START OF LOAD BALANCING ============== 6086.34
LDB: ============== END OF LOAD BALANCING =============== 6086.34
LDB: =============== DONE WITH MIGRATION ================ 6086.34
LDB: ============= START OF LOAD BALANCING ============== 6412.98
LDB: ============== END OF LOAD BALANCING =============== 6412.98
LDB: =============== DONE WITH MIGRATION ================ 6412.98
LDB: ============= START OF LOAD BALANCING ============== 6421.37
LDB: ============== END OF LOAD BALANCING =============== 6421.37
LDB: =============== DONE WITH MIGRATION ================ 6421.37
PRESSURE: 40000 -598.755 239.395 -119.048 239.395 7.41328 359.374 -119.048 359.374 -1138.86
GPRESSURE: 40000 -632.496 96.8028 -128.188 76.2432 -50.0021 235.156 -125.47 265.927 -976.964
PRESSAVG: 40000 -62.0221 6.05079 -27.0288 6.05079 -6.34599 -1.40603 -27.0288 -1.40603 4.91164
GPRESSAVG: 40000 -62.0594 6.01341 -27.0391 6.14168 -6.18024 -1.51968 -27.002 -1.30983 4.94994
ENERGY:   40000      1529.2197      9099.0915      5685.9359        72.6510         -61008.3562     -1618.7953         0.0000         0.0000     18248.2612         -27991.9923       294.5233    -46240.2534    -27848.1437       292.6264           -576.7346      -553.1543    265024.3142       -21.1522       -21.0966

WRITING COORDINATES TO DCD FILE NPT.dcd AT STEP 40000
The last position output (seq=40000) takes 0.000 seconds, 685.321 MB of memory in use
LDB: ============= START OF LOAD BALANCING ============== 6747.88
LDB: ============== END OF LOAD BALANCING =============== 6747.88
LDB: =============== DONE WITH MIGRATION ================ 6747.88
LDB: ============= START OF LOAD BALANCING ============== 6756.27
LDB: ============== END OF LOAD BALANCING =============== 6756.27
LDB: =============== DONE WITH MIGRATION ================ 6756.27
LDB: ============= START OF LOAD BALANCING ============== 7083.81
LDB: ============== END OF LOAD BALANCING =============== 7083.81
LDB: =============== DONE WITH MIGRATION ================ 7083.81
LDB: ============= START OF LOAD BALANCING ============== 7092.21
LDB: ============== END OF LOAD BALANCING =============== 7092.21
LDB: =============== DONE WITH MIGRATION ================ 7092.21
LDB: ============= START OF LOAD BALANCING ============== 7418.97
LDB: ============== END OF LOAD BALANCING =============== 7418.97
LDB: =============== DONE WITH MIGRATION ================ 7418.97
LDB: ============= START OF LOAD BALANCING ============== 7427.32
LDB: ============== END OF LOAD BALANCING =============== 7427.32
LDB: =============== DONE WITH MIGRATION ================ 7427.32
LDB: ============= START OF LOAD BALANCING ============== 7754.2
LDB: ============== END OF LOAD BALANCING =============== 7754.2
LDB: =============== DONE WITH MIGRATION ================ 7754.2
LDB: ============= START OF LOAD BALANCING ============== 7762.61
LDB: ============== END OF LOAD BALANCING =============== 7762.61
LDB: =============== DONE WITH MIGRATION ================ 7762.61
LDB: ============= START OF LOAD BALANCING ============== 8089.96
LDB: ============== END OF LOAD BALANCING =============== 8089.96
LDB: =============== DONE WITH MIGRATION ================ 8089.96
LDB: ============= START OF LOAD BALANCING ============== 8098.31
LDB: ============== END OF LOAD BALANCING =============== 8098.31
LDB: =============== DONE WITH MIGRATION ================ 8098.31
PRESSURE: 50000 58.1627 -377.904 -435.928 -377.904 423.01 -495.582 -435.928 -495.582 397.825
GPRESSURE: 50000 132.24 -245.951 -478.167 -271.204 329.772 -386.474 -665.648 -486.843 496.139
PRESSAVG: 50000 -50.7122 4.10867 -16.6436 4.10867 -16.0111 31.575 -16.6436 31.575 2.32015
GPRESSAVG: 50000 -50.7207 4.11087 -16.6096 4.07588 -16.0292 31.5604 -16.6273 31.6142 2.28379
ENERGY:   50000      1453.6430      8916.4461      5632.0274        83.8392         -61520.3040     -1116.3137         0.0000         0.0000     18106.8982         -28443.7638       292.2418    -46550.6620    -28292.6303       292.8204            292.9992       319.3838    265631.6678       -21.4677       -21.4887

WRITING EXTENDED SYSTEM TO RESTART FILE AT STEP 50000
WRITING COORDINATES TO DCD FILE NPT.dcd AT STEP 50000
WRITING COORDINATES TO RESTART FILE AT STEP 50000
FINISHED WRITING RESTART COORDINATES
The last position output (seq=50000) takes 0.001 seconds, 685.321 MB of memory in use
WRITING VELOCITIES TO RESTART FILE AT STEP 50000
FINISHED WRITING RESTART VELOCITIES
The last velocity output (seq=50000) takes 0.000 seconds, 685.321 MB of memory in use
LDB: ============= START OF LOAD BALANCING ============== 8425.38
LDB: ============== END OF LOAD BALANCING =============== 8425.38
LDB: =============== DONE WITH MIGRATION ================ 8425.38
LDB: ============= START OF LOAD BALANCING ============== 8433.77
LDB: ============== END OF LOAD BALANCING =============== 8433.77
LDB: =============== DONE WITH MIGRATION ================ 8433.77
LDB: ============= START OF LOAD BALANCING ============== 8760.69
LDB: ============== END OF LOAD BALANCING =============== 8760.69
LDB: =============== DONE WITH MIGRATION ================ 8760.69
LDB: ============= START OF LOAD BALANCING ============== 8769.09
LDB: ============== END OF LOAD BALANCING =============== 8769.09
LDB: =============== DONE WITH MIGRATION ================ 8769.09
LDB: ============= START OF LOAD BALANCING ============== 9097.04
LDB: ============== END OF LOAD BALANCING =============== 9097.04
LDB: =============== DONE WITH MIGRATION ================ 9097.04
LDB: ============= START OF LOAD BALANCING ============== 9105.45
LDB: ============== END OF LOAD BALANCING =============== 9105.45
LDB: =============== DONE WITH MIGRATION ================ 9105.45
LDB: ============= START OF LOAD BALANCING ============== 9433.64
LDB: ============== END OF LOAD BALANCING =============== 9433.64
LDB: =============== DONE WITH MIGRATION ================ 9433.64
LDB: ============= START OF LOAD BALANCING ============== 9442.06
LDB: ============== END OF LOAD BALANCING =============== 9442.06
LDB: =============== DONE WITH MIGRATION ================ 9442.06
LDB: ============= START OF LOAD BALANCING ============== 9769.91
LDB: ============== END OF LOAD BALANCING =============== 9769.91
LDB: =============== DONE WITH MIGRATION ================ 9769.91
LDB: ============= START OF LOAD BALANCING ============== 9778.3
LDB: ============== END OF LOAD BALANCING =============== 9778.3
LDB: =============== DONE WITH MIGRATION ================ 9778.3
PRESSURE: 60000 -140.783 -44.9934 -155.698 -44.9934 -135.704 361.886 -155.698 361.886 153.622
GPRESSURE: 60000 -260.279 90.9679 -231.898 59.7204 191.08 486.195 -401.265 386.492 -1.03512
PRESSAVG: 60000 -71.1952 29.8195 11.2158 29.8195 -64.535 21.0887 11.2158 21.0887 -0.800173
GPRESSAVG: 60000 -71.1818 29.8983 11.1967 29.6972 -64.4817 21.0332 11.1391 20.9881 -0.808443
ENERGY:   60000      1611.2116      8948.1426      5618.9384        71.6932         -61509.0031     -1331.2677         0.0000         0.0000     18209.3087         -28380.9764       293.8946    -46590.2851    -28234.7752       291.9643            -40.9549       -23.4115    264853.4640       -45.5101       -45.4907

WRITING COORDINATES TO DCD FILE NPT.dcd AT STEP 60000
The last position output (seq=60000) takes 0.001 seconds, 685.321 MB of memory in use
LDB: ============= START OF LOAD BALANCING ============== 10105.7
LDB: ============== END OF LOAD BALANCING =============== 10105.7
LDB: =============== DONE WITH MIGRATION ================ 10105.7
LDB: ============= START OF LOAD BALANCING ============== 10114.2
LDB: ============== END OF LOAD BALANCING =============== 10114.2
LDB: =============== DONE WITH MIGRATION ================ 10114.2
LDB: ============= START OF LOAD BALANCING ============== 10441.8
LDB: ============== END OF LOAD BALANCING =============== 10441.8
LDB: =============== DONE WITH MIGRATION ================ 10441.8
LDB: ============= START OF LOAD BALANCING ============== 10450.2
LDB: ============== END OF LOAD BALANCING =============== 10450.2
LDB: =============== DONE WITH MIGRATION ================ 10450.2
LDB: ============= START OF LOAD BALANCING ============== 10778.4
LDB: ============== END OF LOAD BALANCING =============== 10778.4
LDB: =============== DONE WITH MIGRATION ================ 10778.4
LDB: ============= START OF LOAD BALANCING ============== 10786.8
LDB: ============== END OF LOAD BALANCING =============== 10786.8
LDB: =============== DONE WITH MIGRATION ================ 10786.8
LDB: ============= START OF LOAD BALANCING ============== 11114.8
LDB: ============== END OF LOAD BALANCING =============== 11114.8
LDB: =============== DONE WITH MIGRATION ================ 11114.8
LDB: ============= START OF LOAD BALANCING ============== 11123.2
LDB: ============== END OF LOAD BALANCING =============== 11123.2
LDB: =============== DONE WITH MIGRATION ================ 11123.2
LDB: ============= START OF LOAD BALANCING ============== 11450.8
LDB: ============== END OF LOAD BALANCING =============== 11450.8
LDB: =============== DONE WITH MIGRATION ================ 11450.8
LDB: ============= START OF LOAD BALANCING ============== 11459.2
LDB: ============== END OF LOAD BALANCING =============== 11459.2
LDB: =============== DONE WITH MIGRATION ================ 11459.2
PRESSURE: 70000 -352.62 69.7435 -94.2792 69.7435 333.538 212.824 -94.2792 212.824 20.7108
GPRESSURE: 70000 -170.778 52.1492 125.622 208.616 120.071 214.592 -370.413 328.247 97.6721
PRESSAVG: 70000 -71.8818 6.62916 -10.5255 6.62916 -74.7653 6.12494 -10.5255 6.12494 -6.04141
GPRESSAVG: 70000 -71.8679 6.77045 -10.6208 6.63626 -74.7555 6.11037 -10.6121 6.12789 -5.92778
ENERGY:   70000      1541.6185      8880.7724      5640.9782        64.9801         -61235.6959     -1337.5981         0.0000         0.0000     17880.8344         -28564.1104       288.5931    -46444.9448    -28423.3671       292.3129              0.5431        15.6549    264902.3335       -50.8962       -50.8504

WRITING COORDINATES TO DCD FILE NPT.dcd AT STEP 70000
The last position output (seq=70000) takes 0.000 seconds, 685.321 MB of memory in use
LDB: ============= START OF LOAD BALANCING ============== 11786.6
LDB: ============== END OF LOAD BALANCING =============== 11786.6
LDB: =============== DONE WITH MIGRATION ================ 11786.6
LDB: ============= START OF LOAD BALANCING ============== 11795
LDB: ============== END OF LOAD BALANCING =============== 11795
LDB: =============== DONE WITH MIGRATION ================ 11795
LDB: ============= START OF LOAD BALANCING ============== 12123.1
LDB: ============== END OF LOAD BALANCING =============== 12123.1
LDB: =============== DONE WITH MIGRATION ================ 12123.1
LDB: ============= START OF LOAD BALANCING ============== 12131.5
LDB: ============== END OF LOAD BALANCING =============== 12131.5
LDB: =============== DONE WITH MIGRATION ================ 12131.5
LDB: ============= START OF LOAD BALANCING ============== 12459.1
LDB: ============== END OF LOAD BALANCING =============== 12459.1
LDB: =============== DONE WITH MIGRATION ================ 12459.1
LDB: ============= START OF LOAD BALANCING ============== 12467.5
LDB: ============== END OF LOAD BALANCING =============== 12467.5
LDB: =============== DONE WITH MIGRATION ================ 12467.5
LDB: ============= START OF LOAD BALANCING ============== 12795.6
LDB: ============== END OF LOAD BALANCING =============== 12795.6
LDB: =============== DONE WITH MIGRATION ================ 12795.6
LDB: ============= START OF LOAD BALANCING ============== 12804
LDB: ============== END OF LOAD BALANCING =============== 12804
LDB: =============== DONE WITH MIGRATION ================ 12804
LDB: ============= START OF LOAD BALANCING ============== 13132.7
LDB: ============== END OF LOAD BALANCING =============== 13132.7
LDB: =============== DONE WITH MIGRATION ================ 13132.7
LDB: ============= START OF LOAD BALANCING ============== 13141.1
LDB: ============== END OF LOAD BALANCING =============== 13141.1
LDB: =============== DONE WITH MIGRATION ================ 13141.1
PRESSURE: 80000 -594.288 42.5025 -50.0994 42.5025 447.333 -150.148 -50.0994 -150.148 -282.651
GPRESSURE: 80000 -520.694 283.54 -7.84485 -94.346 399.927 -176.803 -111.049 -284.473 -264.645
PRESSAVG: 80000 -51.0492 7.5899 -22.2966 7.5899 -111.738 -10.6416 -22.2966 -10.6416 0.828074
GPRESSAVG: 80000 -51.0052 7.49663 -22.2115 7.62153 -111.665 -10.634 -22.1263 -10.6351 0.814982
ENERGY:   80000      1571.7110      9131.2215      5618.4700        77.7648         -61361.3132     -1432.0528         0.0000         0.0000     18194.1906         -28200.0081       293.6506    -46394.1987    -28060.8040       292.3090           -143.2021      -128.4709    263639.8395       -53.9862       -53.9519

WRITING COORDINATES TO DCD FILE NPT.dcd AT STEP 80000
The last position output (seq=80000) takes 0.000 seconds, 685.321 MB of memory in use
LDB: ============= START OF LOAD BALANCING ============== 13469.4
LDB: ============== END OF LOAD BALANCING =============== 13469.4
LDB: =============== DONE WITH MIGRATION ================ 13469.4
LDB: ============= START OF LOAD BALANCING ============== 13477.8
LDB: ============== END OF LOAD BALANCING =============== 13477.8
LDB: =============== DONE WITH MIGRATION ================ 13477.8
LDB: ============= START OF LOAD BALANCING ============== 13805.8
LDB: ============== END OF LOAD BALANCING =============== 13805.8
LDB: =============== DONE WITH MIGRATION ================ 13805.8
LDB: ============= START OF LOAD BALANCING ============== 13814.2
LDB: ============== END OF LOAD BALANCING =============== 13814.2
LDB: =============== DONE WITH MIGRATION ================ 13814.2
LDB: ============= START OF LOAD BALANCING ============== 14142.6
LDB: ============== END OF LOAD BALANCING =============== 14142.6
LDB: =============== DONE WITH MIGRATION ================ 14142.6
LDB: ============= START OF LOAD BALANCING ============== 14151
LDB: ============== END OF LOAD BALANCING =============== 14151
LDB: =============== DONE WITH MIGRATION ================ 14151
LDB: ============= START OF LOAD BALANCING ============== 14479.3
LDB: ============== END OF LOAD BALANCING =============== 14479.3
LDB: =============== DONE WITH MIGRATION ================ 14479.3
LDB: ============= START OF LOAD BALANCING ============== 14487.7
LDB: ============== END OF LOAD BALANCING =============== 14487.7
LDB: =============== DONE WITH MIGRATION ================ 14487.7
LDB: ============= START OF LOAD BALANCING ============== 14815.5
LDB: ============== END OF LOAD BALANCING =============== 14815.5
LDB: =============== DONE WITH MIGRATION ================ 14815.5
LDB: ============= START OF LOAD BALANCING ============== 14823.9
LDB: ============== END OF LOAD BALANCING =============== 14823.9
LDB: =============== DONE WITH MIGRATION ================ 14823.9
PRESSURE: 90000 -641.068 -190.894 -168.447 -190.894 -14.3477 -7.11513 -168.447 -7.11513 -713.358
GPRESSURE: 90000 -637.781 -332.252 -201.294 -295.512 -80.2134 102.112 -198.363 20.8926 -616.856
PRESSAVG: 90000 -51.7012 -2.0923 1.34447 -2.0923 -49.9354 -29.9023 1.34447 -29.9023 7.30476
GPRESSAVG: 90000 -51.6611 -2.18475 1.24536 -2.09721 -49.9623 -29.9643 1.36705 -29.8239 7.3421
ENERGY:   90000      1521.8891      9022.8533      5682.6264        72.9477         -61354.8640     -1372.6789         0.0000         0.0000     18264.5074         -28162.7190       294.7855    -46427.2264    -28008.4780       293.1041           -456.2581      -444.9501    265379.0019       -31.4439       -31.4271

WRITING COORDINATES TO DCD FILE NPT.dcd AT STEP 90000
The last position output (seq=90000) takes 0.000 seconds, 685.321 MB of memory in use
LDB: ============= START OF LOAD BALANCING ============== 15152.3
LDB: ============== END OF LOAD BALANCING =============== 15152.3
LDB: =============== DONE WITH MIGRATION ================ 15152.3
LDB: ============= START OF LOAD BALANCING ============== 15160.7
LDB: ============== END OF LOAD BALANCING =============== 15160.7
LDB: =============== DONE WITH MIGRATION ================ 15160.7
LDB: ============= START OF LOAD BALANCING ============== 15487.7
LDB: ============== END OF LOAD BALANCING =============== 15487.7
LDB: =============== DONE WITH MIGRATION ================ 15487.7
LDB: ============= START OF LOAD BALANCING ============== 15496.1
LDB: ============== END OF LOAD BALANCING =============== 15496.1
LDB: =============== DONE WITH MIGRATION ================ 15496.1
LDB: ============= START OF LOAD BALANCING ============== 15823.9
LDB: ============== END OF LOAD BALANCING =============== 15823.9
LDB: =============== DONE WITH MIGRATION ================ 15823.9
LDB: ============= START OF LOAD BALANCING ============== 15832.3
LDB: ============== END OF LOAD BALANCING =============== 15832.3
LDB: =============== DONE WITH MIGRATION ================ 15832.3
LDB: ============= START OF LOAD BALANCING ============== 16160.2
LDB: ============== END OF LOAD BALANCING =============== 16160.2
LDB: =============== DONE WITH MIGRATION ================ 16160.2
LDB: ============= START OF LOAD BALANCING ============== 16168.6
LDB: ============== END OF LOAD BALANCING =============== 16168.6
LDB: =============== DONE WITH MIGRATION ================ 16168.6
LDB: ============= START OF LOAD BALANCING ============== 16497.1
LDB: ============== END OF LOAD BALANCING =============== 16497.1
LDB: =============== DONE WITH MIGRATION ================ 16497.1
LDB: ============= START OF LOAD BALANCING ============== 16505.5
LDB: ============== END OF LOAD BALANCING =============== 16505.5
LDB: =============== DONE WITH MIGRATION ================ 16505.5
PRESSURE: 100000 645.476 35.5531 522.473 35.5531 56.5494 -46.1015 522.473 -46.1015 -449.556
GPRESSURE: 100000 493.654 -77.3275 626.286 103.576 37.7487 54.8428 502.652 60.435 -211.866
PRESSAVG: 100000 -5.62236 -8.21249 36.872 -8.21249 -77.8164 -5.81219 36.872 -5.81219 1.73215
GPRESSAVG: 100000 -5.56584 -8.19921 36.8956 -8.14213 -77.7775 -5.73898 36.9319 -5.93151 1.69437
TIMING: 100000  CPU: 16782.9, 0.167825/step  Wall: 16783.1, 0.167828/step, 41.9569 hours remaining, 685.320859 MB of memory in use.
PERFORMANCE: 100000  averaging 1.02963 ns/day, 0.167828 sec/step with standard deviation 0
ETITLE:      TS           BOND          ANGLE          DIHED          IMPRP               ELECT            VDW       BOUNDARY           MISC        KINETIC               TOTAL           TEMP      POTENTIAL         TOTAL3        TEMPAVG            PRESSURE      GPRESSURE         VOLUME       PRESSAVG      GPRESSAVG

ENERGY:  100000      1519.6373      9068.1709      5620.1029        76.8981         -61503.1899     -1012.1308         0.0000         0.0000     18171.2464         -28059.2651       293.2803    -46230.5115    -27916.1735       293.2486             84.1564       106.5123    264899.9026       -27.2355       -27.2163

WRITING EXTENDED SYSTEM TO RESTART FILE AT STEP 100000
WRITING COORDINATES TO DCD FILE NPT.dcd AT STEP 100000
WRITING COORDINATES TO RESTART FILE AT STEP 100000
FINISHED WRITING RESTART COORDINATES
The last position output (seq=100000) takes 0.001 seconds, 685.321 MB of memory in use
WRITING VELOCITIES TO RESTART FILE AT STEP 100000
FINISHED WRITING RESTART VELOCITIES
The last velocity output (seq=100000) takes 0.000 seconds, 685.321 MB of memory in use
LDB: ============= START OF LOAD BALANCING ============== 16832.9
LDB: ============== END OF LOAD BALANCING =============== 16832.9
LDB: =============== DONE WITH MIGRATION ================ 16832.9
LDB: ============= START OF LOAD BALANCING ============== 16841.3
LDB: ============== END OF LOAD BALANCING =============== 16841.3
LDB: =============== DONE WITH MIGRATION ================ 16841.3
LDB: ============= START OF LOAD BALANCING ============== 17169.3
LDB: ============== END OF LOAD BALANCING =============== 17169.3
LDB: =============== DONE WITH MIGRATION ================ 17169.3
LDB: ============= START OF LOAD BALANCING ============== 17177.8
LDB: ============== END OF LOAD BALANCING =============== 17177.8
LDB: =============== DONE WITH MIGRATION ================ 17177.8
LDB: ============= START OF LOAD BALANCING ============== 17505.6
LDB: ============== END OF LOAD BALANCING =============== 17505.6
LDB: =============== DONE WITH MIGRATION ================ 17505.6
LDB: ============= START OF LOAD BALANCING ============== 17514
LDB: ============== END OF LOAD BALANCING =============== 17514
LDB: =============== DONE WITH MIGRATION ================ 17514
LDB: ============= START OF LOAD BALANCING ============== 17842.3
LDB: ============== END OF LOAD BALANCING =============== 17842.3
LDB: =============== DONE WITH MIGRATION ================ 17842.3
LDB: ============= START OF LOAD BALANCING ============== 17850.8
LDB: ============== END OF LOAD BALANCING =============== 17850.8
LDB: =============== DONE WITH MIGRATION ================ 17850.8
LDB: ============= START OF LOAD BALANCING ============== 18179.6
LDB: ============== END OF LOAD BALANCING =============== 18179.6
LDB: =============== DONE WITH MIGRATION ================ 18179.6
LDB: ============= START OF LOAD BALANCING ============== 18188.1
LDB: ============== END OF LOAD BALANCING =============== 18188.1
LDB: =============== DONE WITH MIGRATION ================ 18188.1
PRESSURE: 110000 -8.02912 -373.579 303.315 -373.579 24.6696 -21.5665 303.315 -21.5665 169.538
GPRESSURE: 110000 10.6939 -263.438 311.097 -179.335 35.9008 37.8374 251.53 87.4819 155.014
PRESSAVG: 110000 -13.503 -10.1658 21.6445 -10.1658 -50.025 -8.96981 21.6445 -8.96981 -3.9117
GPRESSAVG: 110000 -13.5278 -10.0822 21.5628 -10.1579 -49.9649 -8.90127 21.7144 -8.86447 -3.91303
ENERGY:  110000      1587.7162      9042.2359      5632.6317        73.2477         -61573.2620     -1267.1803         0.0000         0.0000     18063.3680         -28441.2429       291.5392    -46504.6109    -28298.2136       292.9746             62.0594        67.2028    262920.8663       -22.4799       -22.4685

WRITING COORDINATES TO DCD FILE NPT.dcd AT STEP 110000
LDB: ============= START OF LOAD BALANCING ============== 18517.5
LDB: ============== END OF LOAD BALANCING =============== 18517.5
LDB: =============== DONE WITH MIGRATION ================ 18517.5
LDB: ============= START OF LOAD BALANCING ============== 18525.9
LDB: ============== END OF LOAD BALANCING =============== 18525.9
LDB: =============== DONE WITH MIGRATION ================ 18525.9
LDB: ============= START OF LOAD BALANCING ============== 18854.6
LDB: ============== END OF LOAD BALANCING =============== 18854.6
LDB: =============== DONE WITH MIGRATION ================ 18854.6
LDB: ============= START OF LOAD BALANCING ============== 18863
LDB: ============== END OF LOAD BALANCING =============== 18863
LDB: =============== DONE WITH MIGRATION ================ 18863
LDB: ============= START OF LOAD BALANCING ============== 19191.5
LDB: ============== END OF LOAD BALANCING =============== 19191.5
LDB: =============== DONE WITH MIGRATION ================ 19191.5
LDB: ============= START OF LOAD BALANCING ============== 19199.9
LDB: ============== END OF LOAD BALANCING =============== 19199.9
LDB: =============== DONE WITH MIGRATION ================ 19199.9
LDB: ============= START OF LOAD BALANCING ============== 19528.5
LDB: ============== END OF LOAD BALANCING =============== 19528.5
LDB: =============== DONE WITH MIGRATION ================ 19528.5
LDB: ============= START OF LOAD BALANCING ============== 19536.9
LDB: ============== END OF LOAD BALANCING =============== 19536.9
LDB: =============== DONE WITH MIGRATION ================ 19536.9
LDB: ============= START OF LOAD BALANCING ============== 19865.3
LDB: ============== END OF LOAD BALANCING =============== 19865.3
LDB: =============== DONE WITH MIGRATION ================ 19865.3
LDB: ============= START OF LOAD BALANCING ============== 19873.7
LDB: ============== END OF LOAD BALANCING =============== 19873.7
LDB: =============== DONE WITH MIGRATION ================ 19873.7
PRESSURE: 120000 392.749 -89.3577 165.503 -89.3577 44.587 114.089 165.503 114.089 342.409
GPRESSURE: 120000 380.668 -20.18 157.101 -145.422 71.1118 113.928 256.213 -239.56 396.475
PRESSAVG: 120000 -13.8252 11.2976 24.5772 11.2976 -35.0733 9.09245 24.5772 9.09245 1.75111
GPRESSAVG: 120000 -13.8401 11.3329 24.5809 11.396 -35.0331 9.02478 24.6102 9.04144 1.75417
ENERGY:  120000      1521.4395      9147.8710      5628.5369        85.7338         -61377.6464     -1142.9795         0.0000         0.0000     18004.9864         -28132.0583       290.5969    -46137.0447    -27994.4152       292.3085            259.9150       282.7516    264358.3988       -15.7158       -15.7063

WRITING COORDINATES TO DCD FILE NPT.dcd AT STEP 120000
LDB: ============= START OF LOAD BALANCING ============== 20201.7
LDB: ============== END OF LOAD BALANCING =============== 20201.7
LDB: =============== DONE WITH MIGRATION ================ 20201.7
LDB: ============= START OF LOAD BALANCING ============== 20210.1
LDB: ============== END OF LOAD BALANCING =============== 20210.1
LDB: =============== DONE WITH MIGRATION ================ 20210.1
LDB: ============= START OF LOAD BALANCING ============== 20538.4
LDB: ============== END OF LOAD BALANCING =============== 20538.4
LDB: =============== DONE WITH MIGRATION ================ 20538.4
LDB: ============= START OF LOAD BALANCING ============== 20546.9
LDB: ============== END OF LOAD BALANCING =============== 20546.9
LDB: =============== DONE WITH MIGRATION ================ 20546.9
LDB: ============= START OF LOAD BALANCING ============== 20875.7
LDB: ============== END OF LOAD BALANCING =============== 20875.7
LDB: =============== DONE WITH MIGRATION ================ 20875.7
LDB: ============= START OF LOAD BALANCING ============== 20884.2
LDB: ============== END OF LOAD BALANCING =============== 20884.2
LDB: =============== DONE WITH MIGRATION ================ 20884.2
LDB: ============= START OF LOAD BALANCING ============== 21212.3
LDB: ============== END OF LOAD BALANCING =============== 21212.3
LDB: =============== DONE WITH MIGRATION ================ 21212.3
LDB: ============= START OF LOAD BALANCING ============== 21220.7
LDB: ============== END OF LOAD BALANCING =============== 21220.7
LDB: =============== DONE WITH MIGRATION ================ 21220.7
LDB: ============= START OF LOAD BALANCING ============== 21548.9
LDB: ============== END OF LOAD BALANCING =============== 21548.9
LDB: =============== DONE WITH MIGRATION ================ 21548.9
LDB: ============= START OF LOAD BALANCING ============== 21557.3
LDB: ============== END OF LOAD BALANCING =============== 21557.3
LDB: =============== DONE WITH MIGRATION ================ 21557.3
PRESSURE: 130000 -231.475 228.282 -297.292 228.282 317.443 -318.092 -297.292 -318.092 -372.528
GPRESSURE: 130000 -56.5599 181.339 -179.757 129.419 261.944 -511.832 -88.6156 -397.695 -427.267
PRESSAVG: 130000 -5.26075 -1.16959 4.63918 -1.16959 56.2114 4.21542 4.63918 4.21542 3.51842
GPRESSAVG: 130000 -5.15255 -1.226 4.59088 -1.22134 56.1776 4.26006 4.66899 4.27609 3.56563
ENERGY:  130000      1544.1936      8985.2162      5633.6379        76.8807         -61516.9960     -1195.6879         0.0000         0.0000     18205.1843         -28267.5712       293.8281    -46472.7555    -28117.1575       293.7394            -95.5198       -73.9608    264904.7183        18.1564        18.1969

WRITING COORDINATES TO DCD FILE NPT.dcd AT STEP 130000
LDB: ============= START OF LOAD BALANCING ============== 21885.8
LDB: ============== END OF LOAD BALANCING =============== 21885.8
LDB: =============== DONE WITH MIGRATION ================ 21885.8
LDB: ============= START OF LOAD BALANCING ============== 21894.3
LDB: ============== END OF LOAD BALANCING =============== 21894.3
LDB: =============== DONE WITH MIGRATION ================ 21894.3
LDB: ============= START OF LOAD BALANCING ============== 22222.6
LDB: ============== END OF LOAD BALANCING =============== 22222.6
LDB: =============== DONE WITH MIGRATION ================ 22222.6
LDB: ============= START OF LOAD BALANCING ============== 22231
LDB: ============== END OF LOAD BALANCING =============== 22231
LDB: =============== DONE WITH MIGRATION ================ 22231
LDB: ============= START OF LOAD BALANCING ============== 22559.5
LDB: ============== END OF LOAD BALANCING =============== 22559.5
LDB: =============== DONE WITH MIGRATION ================ 22559.5
LDB: ============= START OF LOAD BALANCING ============== 22568
LDB: ============== END OF LOAD BALANCING =============== 22568
LDB: =============== DONE WITH MIGRATION ================ 22568
LDB: ============= START OF LOAD BALANCING ============== 22895.9
LDB: ============== END OF LOAD BALANCING =============== 22895.9
LDB: =============== DONE WITH MIGRATION ================ 22895.9
LDB: ============= START OF LOAD BALANCING ============== 22904.3
LDB: ============== END OF LOAD BALANCING =============== 22904.3
LDB: =============== DONE WITH MIGRATION ================ 22904.3
LDB: ============= START OF LOAD BALANCING ============== 23232.4
LDB: ============== END OF LOAD BALANCING =============== 23232.4
LDB: =============== DONE WITH MIGRATION ================ 23232.4
LDB: ============= START OF LOAD BALANCING ============== 23240.8
LDB: ============== END OF LOAD BALANCING =============== 23240.8
LDB: =============== DONE WITH MIGRATION ================ 23240.8
PRESSURE: 140000 235.419 -383.198 492.543 -383.198 130.509 111.683 492.543 111.683 -509.956
GPRESSURE: 140000 77.9552 -321.765 585.118 -240.528 260.865 49.7116 296.589 200.763 -479.016
PRESSAVG: 140000 -27.25 -9.28673 -19.0884 -9.28673 26.7808 6.2996 -19.0884 6.2996 3.38262
GPRESSAVG: 140000 -27.351 -9.36261 -19.0743 -9.31653 26.8231 6.22039 -19.1665 6.42277 3.42578
ENERGY:  140000      1491.2918      8968.5110      5572.5484        62.5490         -61262.4407     -1321.6991         0.0000         0.0000     18053.8314         -28435.4081       291.3853    -46489.2395    -28293.2348       293.0113            -48.0094       -46.7320    264008.5777         0.9711         0.9659

WRITING COORDINATES TO DCD FILE NPT.dcd AT STEP 140000
LDB: ============= START OF LOAD BALANCING ============== 23569.5
LDB: ============== END OF LOAD BALANCING =============== 23569.5
LDB: =============== DONE WITH MIGRATION ================ 23569.5
LDB: ============= START OF LOAD BALANCING ============== 23577.9
LDB: ============== END OF LOAD BALANCING =============== 23577.9
LDB: =============== DONE WITH MIGRATION ================ 23577.9
LDB: ============= START OF LOAD BALANCING ============== 23906.3
LDB: ============== END OF LOAD BALANCING =============== 23906.3
LDB: =============== DONE WITH MIGRATION ================ 23906.3
LDB: ============= START OF LOAD BALANCING ============== 23914.8
LDB: ============== END OF LOAD BALANCING =============== 23914.8
LDB: =============== DONE WITH MIGRATION ================ 23914.8
LDB: ============= START OF LOAD BALANCING ============== 24242.2
LDB: ============== END OF LOAD BALANCING =============== 24242.2
LDB: =============== DONE WITH MIGRATION ================ 24242.2
LDB: ============= START OF LOAD BALANCING ============== 24250.6
LDB: ============== END OF LOAD BALANCING =============== 24250.6
LDB: =============== DONE WITH MIGRATION ================ 24250.6
LDB: ============= START OF LOAD BALANCING ============== 24578.8
LDB: ============== END OF LOAD BALANCING =============== 24578.8
LDB: =============== DONE WITH MIGRATION ================ 24578.8
LDB: ============= START OF LOAD BALANCING ============== 24587.3
LDB: ============== END OF LOAD BALANCING =============== 24587.3
LDB: =============== DONE WITH MIGRATION ================ 24587.3
LDB: ============= START OF LOAD BALANCING ============== 24914.9
LDB: ============== END OF LOAD BALANCING =============== 24914.9
LDB: =============== DONE WITH MIGRATION ================ 24914.9
LDB: ============= START OF LOAD BALANCING ============== 24923.3
LDB: ============== END OF LOAD BALANCING =============== 24923.3
LDB: =============== DONE WITH MIGRATION ================ 24923.3
PRESSURE: 150000 75.6468 373.678 427.478 373.678 -56.9937 -129.553 427.478 -129.553 776.726
GPRESSURE: 150000 240.798 442.923 481.982 223.282 -130.769 20.877 243.222 114.285 753.39
PRESSAVG: 150000 -61.6429 -11.5382 8.73687 -11.5382 -68.1409 20.1821 8.73687 20.1821 0.728794
GPRESSAVG: 150000 -61.6277 -11.5139 8.75656 -11.5238 -68.2202 20.2311 8.62873 20.1165 0.729971
ENERGY:  150000      1512.2279      8990.3191      5627.0839        76.5375         -61571.0539     -1156.1841         0.0000         0.0000     18119.8774         -28401.1922       292.4512    -46521.0696    -28260.7254       291.6141            265.1263       287.8060    265008.1068       -43.0183       -43.0393

WRITING EXTENDED SYSTEM TO RESTART FILE AT STEP 150000
WRITING COORDINATES TO DCD FILE NPT.dcd AT STEP 150000
WRITING COORDINATES TO RESTART FILE AT STEP 150000
FINISHED WRITING RESTART COORDINATES
WRITING VELOCITIES TO RESTART FILE AT STEP 150000
FINISHED WRITING RESTART VELOCITIES
The last velocity output (seq=150000) takes 0.000 seconds, 685.321 MB of memory in use
LDB: ============= START OF LOAD BALANCING ============== 25251.2
LDB: ============== END OF LOAD BALANCING =============== 25251.2
LDB: =============== DONE WITH MIGRATION ================ 25251.2
LDB: ============= START OF LOAD BALANCING ============== 25259.6
LDB: ============== END OF LOAD BALANCING =============== 25259.6
LDB: =============== DONE WITH MIGRATION ================ 25259.6
LDB: ============= START OF LOAD BALANCING ============== 25587.5
LDB: ============== END OF LOAD BALANCING =============== 25587.5
LDB: =============== DONE WITH MIGRATION ================ 25587.5
LDB: ============= START OF LOAD BALANCING ============== 25596
LDB: ============== END OF LOAD BALANCING =============== 25596
LDB: =============== DONE WITH MIGRATION ================ 25596
LDB: ============= START OF LOAD BALANCING ============== 25924.6
LDB: ============== END OF LOAD BALANCING =============== 25924.6
LDB: =============== DONE WITH MIGRATION ================ 25924.6
LDB: ============= START OF LOAD BALANCING ============== 25933
LDB: ============== END OF LOAD BALANCING =============== 25933
LDB: =============== DONE WITH MIGRATION ================ 25933
LDB: ============= START OF LOAD BALANCING ============== 26261.4
LDB: ============== END OF LOAD BALANCING =============== 26261.4
LDB: =============== DONE WITH MIGRATION ================ 26261.4
LDB: ============= START OF LOAD BALANCING ============== 26269.8
LDB: ============== END OF LOAD BALANCING =============== 26269.8
LDB: =============== DONE WITH MIGRATION ================ 26269.8
LDB: ============= START OF LOAD BALANCING ============== 26598.3
LDB: ============== END OF LOAD BALANCING =============== 26598.3
LDB: =============== DONE WITH MIGRATION ================ 26598.3
LDB: ============= START OF LOAD BALANCING ============== 26606.7
LDB: ============== END OF LOAD BALANCING =============== 26606.7
LDB: =============== DONE WITH MIGRATION ================ 26606.7
PRESSURE: 160000 -187.647 265.686 353.914 265.686 -196.591 46.9029 353.914 46.9029 -139.537
GPRESSURE: 160000 -150.347 277.969 427.788 215.056 -51.2396 100.834 295.199 23.4988 -296.575
PRESSAVG: 160000 -21.2022 -10.0969 23.8738 -10.0969 -21.6038 -6.45631 23.8738 -6.45631 -0.333193
GPRESSAVG: 160000 -21.2635 -9.99478 23.8895 -10.0938 -21.5784 -6.46017 23.8853 -6.51828 -0.367181
ENERGY:  160000      1541.3680      9061.9338      5611.6560        65.3993         -61146.5128     -1468.4976         0.0000         0.0000     18096.6690         -28237.9843       292.0767    -46334.6533    -28093.5837       293.0391           -174.5915      -166.0539    265428.8978       -14.3797       -14.4030

WRITING COORDINATES TO DCD FILE NPT.dcd AT STEP 160000
LDB: ============= START OF LOAD BALANCING ============== 26934.7
LDB: ============== END OF LOAD BALANCING =============== 26934.7
LDB: =============== DONE WITH MIGRATION ================ 26934.7
LDB: ============= START OF LOAD BALANCING ============== 26943.1
LDB: ============== END OF LOAD BALANCING =============== 26943.1
LDB: =============== DONE WITH MIGRATION ================ 26943.1
LDB: ============= START OF LOAD BALANCING ============== 27270.7
LDB: ============== END OF LOAD BALANCING =============== 27270.7
LDB: =============== DONE WITH MIGRATION ================ 27270.7
LDB: ============= START OF LOAD BALANCING ============== 27279.1
LDB: ============== END OF LOAD BALANCING =============== 27279.1
LDB: =============== DONE WITH MIGRATION ================ 27279.1
LDB: ============= START OF LOAD BALANCING ============== 27607.3
LDB: ============== END OF LOAD BALANCING =============== 27607.3
LDB: =============== DONE WITH MIGRATION ================ 27607.3
LDB: ============= START OF LOAD BALANCING ============== 27615.7
LDB: ============== END OF LOAD BALANCING =============== 27615.7
LDB: =============== DONE WITH MIGRATION ================ 27615.7
LDB: ============= START OF LOAD BALANCING ============== 27943.4
LDB: ============== END OF LOAD BALANCING =============== 27943.4
LDB: =============== DONE WITH MIGRATION ================ 27943.4
LDB: ============= START OF LOAD BALANCING ============== 27951.8
LDB: ============== END OF LOAD BALANCING =============== 27951.8
LDB: =============== DONE WITH MIGRATION ================ 27951.8
LDB: ============= START OF LOAD BALANCING ============== 28279.7
LDB: ============== END OF LOAD BALANCING =============== 28279.7
LDB: =============== DONE WITH MIGRATION ================ 28279.7
LDB: ============= START OF LOAD BALANCING ============== 28288.1
LDB: ============== END OF LOAD BALANCING =============== 28288.1
LDB: =============== DONE WITH MIGRATION ================ 28288.1
PRESSURE: 170000 -379.244 181.724 26.63 181.724 -57.951 252.038 26.63 252.038 109.244
GPRESSURE: 170000 -312.714 306.416 -96.7373 4.75114 -58.7698 135.026 299.053 173.639 98.9318
PRESSAVG: 170000 -101.333 -29.9579 18.7444 -29.9579 -36.7949 -29.1487 18.7444 -29.1487 1.80435
GPRESSAVG: 170000 -101.335 -29.8937 18.735 -30.014 -36.8135 -29.0999 18.9067 -29.1434 1.77005
ENERGY:  170000      1527.7250      8932.3411      5648.7274        73.8918         -61291.7921     -1281.7240         0.0000         0.0000     18097.9218         -28292.9089       292.0969    -46390.8307    -28147.8457       292.3812           -109.3171       -90.8507    264163.8062       -45.4413       -45.4595

WRITING COORDINATES TO DCD FILE NPT.dcd AT STEP 170000
LDB: ============= START OF LOAD BALANCING ============== 28616.4
LDB: ============== END OF LOAD BALANCING =============== 28616.4
LDB: =============== DONE WITH MIGRATION ================ 28616.4
LDB: ============= START OF LOAD BALANCING ============== 28624.8
LDB: ============== END OF LOAD BALANCING =============== 28624.8
LDB: =============== DONE WITH MIGRATION ================ 28624.8
LDB: ============= START OF LOAD BALANCING ============== 28952.5
LDB: ============== END OF LOAD BALANCING =============== 28952.5
LDB: =============== DONE WITH MIGRATION ================ 28952.5
LDB: ============= START OF LOAD BALANCING ============== 28960.9
LDB: ============== END OF LOAD BALANCING =============== 28960.9
LDB: =============== DONE WITH MIGRATION ================ 28960.9
LDB: ============= START OF LOAD BALANCING ============== 29289.1
LDB: ============== END OF LOAD BALANCING =============== 29289.1
LDB: =============== DONE WITH MIGRATION ================ 29289.1
LDB: ============= START OF LOAD BALANCING ============== 29297.5
LDB: ============== END OF LOAD BALANCING =============== 29297.5
LDB: =============== DONE WITH MIGRATION ================ 29297.5
LDB: ============= START OF LOAD BALANCING ============== 29625.8
LDB: ============== END OF LOAD BALANCING =============== 29625.8
LDB: =============== DONE WITH MIGRATION ================ 29625.8
LDB: ============= START OF LOAD BALANCING ============== 29634.3
LDB: ============== END OF LOAD BALANCING =============== 29634.3
LDB: =============== DONE WITH MIGRATION ================ 29634.3
LDB: ============= START OF LOAD BALANCING ============== 29963.2
LDB: ============== END OF LOAD BALANCING =============== 29963.2
LDB: =============== DONE WITH MIGRATION ================ 29963.2
LDB: ============= START OF LOAD BALANCING ============== 29971.6
LDB: ============== END OF LOAD BALANCING =============== 29971.6
LDB: =============== DONE WITH MIGRATION ================ 29971.6
PRESSURE: 180000 -83.8201 -301.016 -167.277 -301.016 404.207 -304.611 -167.277 -304.611 -160.916
GPRESSURE: 180000 13.2569 -234.876 -303.962 -270.893 391.346 -345.515 -54.5647 -370.911 -171.829
PRESSAVG: 180000 -78.4718 -41.1079 -10.9937 -41.1079 33.4697 0.0417953 -10.9937 0.0417953 -2.1644
GPRESSAVG: 180000 -78.4761 -41.0003 -10.9273 -41.2093 33.3915 -0.0759044 -11.1036 0.0922687 -2.19569
ENERGY:  180000      1538.2038      8875.4380      5630.6806        74.5456         -61534.9387     -1209.2265         0.0000         0.0000     17978.9096         -28646.3875       290.1760    -46625.2971    -28501.7673       292.1415             53.1569        77.5913    263727.4036       -15.7222       -15.7601

WRITING COORDINATES TO DCD FILE NPT.dcd AT STEP 180000
LDB: ============= START OF LOAD BALANCING ============== 30300.9
LDB: ============== END OF LOAD BALANCING =============== 30300.9
LDB: =============== DONE WITH MIGRATION ================ 30300.9
LDB: ============= START OF LOAD BALANCING ============== 30309.3
LDB: ============== END OF LOAD BALANCING =============== 30309.3
LDB: =============== DONE WITH MIGRATION ================ 30309.3
LDB: ============= START OF LOAD BALANCING ============== 30639.2
LDB: ============== END OF LOAD BALANCING =============== 30639.2
LDB: =============== DONE WITH MIGRATION ================ 30639.2
LDB: ============= START OF LOAD BALANCING ============== 30647.7
LDB: ============== END OF LOAD BALANCING =============== 30647.7
LDB: =============== DONE WITH MIGRATION ================ 30647.7
LDB: ============= START OF LOAD BALANCING ============== 30977.6
LDB: ============== END OF LOAD BALANCING =============== 30977.6
LDB: =============== DONE WITH MIGRATION ================ 30977.6
LDB: ============= START OF LOAD BALANCING ============== 30986
LDB: ============== END OF LOAD BALANCING =============== 30986
LDB: =============== DONE WITH MIGRATION ================ 30986
LDB: ============= START OF LOAD BALANCING ============== 31316.1
LDB: ============== END OF LOAD BALANCING =============== 31316.1
LDB: =============== DONE WITH MIGRATION ================ 31316.1
LDB: ============= START OF LOAD BALANCING ============== 31324.5
LDB: ============== END OF LOAD BALANCING =============== 31324.5
LDB: =============== DONE WITH MIGRATION ================ 31324.5
LDB: ============= START OF LOAD BALANCING ============== 31653.9
LDB: ============== END OF LOAD BALANCING =============== 31653.9
LDB: =============== DONE WITH MIGRATION ================ 31653.9
LDB: ============= START OF LOAD BALANCING ============== 31662.3
LDB: ============== END OF LOAD BALANCING =============== 31662.3
LDB: =============== DONE WITH MIGRATION ================ 31662.3
PRESSURE: 190000 82.5255 145.59 3.23958 145.59 478.185 -503.693 3.23958 -503.693 -715.633
GPRESSURE: 190000 28.4563 163.952 10.6984 183.924 486.865 -517.587 109.374 -368.197 -622.946
PRESSAVG: 190000 -32.208 -38.9181 18.2488 -38.9181 40.1761 -35.6536 18.2488 -35.6536 6.08634
GPRESSAVG: 190000 -32.2858 -38.9477 18.2421 -38.8343 40.2304 -35.6927 18.2125 -35.7579 6.10435
ENERGY:  190000      1530.6828      8947.1308      5641.4595        62.7590         -61397.1383     -1303.6544         0.0000         0.0000     18005.5035         -28513.2572       290.6053    -46518.7607    -28366.5982       293.0452            -51.6409       -35.8748    265138.5375         4.6848         4.6830

WRITING COORDINATES TO DCD FILE NPT.dcd AT STEP 190000
LDB: ============= START OF LOAD BALANCING ============== 31991.2
LDB: ============== END OF LOAD BALANCING =============== 31991.2
LDB: =============== DONE WITH MIGRATION ================ 31991.2
LDB: ============= START OF LOAD BALANCING ============== 31999.6
LDB: ============== END OF LOAD BALANCING =============== 31999.6
LDB: =============== DONE WITH MIGRATION ================ 31999.6
LDB: ============= START OF LOAD BALANCING ============== 32328.2
LDB: ============== END OF LOAD BALANCING =============== 32328.2
LDB: =============== DONE WITH MIGRATION ================ 32328.2
LDB: ============= START OF LOAD BALANCING ============== 32336.6
LDB: ============== END OF LOAD BALANCING =============== 32336.6
LDB: =============== DONE WITH MIGRATION ================ 32336.6
LDB: ============= START OF LOAD BALANCING ============== 32665.1
LDB: ============== END OF LOAD BALANCING =============== 32665.1
LDB: =============== DONE WITH MIGRATION ================ 32665.1
LDB: ============= START OF LOAD BALANCING ============== 32673.5
LDB: ============== END OF LOAD BALANCING =============== 32673.5
LDB: =============== DONE WITH MIGRATION ================ 32673.5
LDB: ============= START OF LOAD BALANCING ============== 33002.5
LDB: ============== END OF LOAD BALANCING =============== 33002.5
LDB: =============== DONE WITH MIGRATION ================ 33002.5
LDB: ============= START OF LOAD BALANCING ============== 33011
LDB: ============== END OF LOAD BALANCING =============== 33011
LDB: =============== DONE WITH MIGRATION ================ 33011
LDB: ============= START OF LOAD BALANCING ============== 33340.2
LDB: ============== END OF LOAD BALANCING =============== 33340.2
LDB: =============== DONE WITH MIGRATION ================ 33340.2
LDB: ============= START OF LOAD BALANCING ============== 33348.7
LDB: ============== END OF LOAD BALANCING =============== 33348.7
LDB: =============== DONE WITH MIGRATION ================ 33348.7
PRESSURE: 200000 303.899 -1.99548 -14.1948 -1.99548 260.469 674.499 -14.1948 674.499 -250.311
GPRESSURE: 200000 353.136 183.888 -16.5854 -47.028 228.017 641.519 -133.365 620.18 -185.815
PRESSAVG: 200000 20.8014 -41.459 9.73497 -41.459 -9.27108 -8.71914 9.73497 -8.71914 0.221505
GPRESSAVG: 200000 20.8059 -41.3525 9.76077 -41.4597 -9.31068 -8.71841 9.76301 -8.63976 0.228264
TIMING: 200000  CPU: 33627.5, 0.168446/step  Wall: 33627.8, 0.168447/step, 37.4326 hours remaining, 685.320859 MB of memory in use.
PERFORMANCE: 200000  averaging 1.02773 ns/day, 0.168137 sec/step with standard deviation 0.000437914
ETITLE:      TS           BOND          ANGLE          DIHED          IMPRP               ELECT            VDW       BOUNDARY           MISC        KINETIC               TOTAL           TEMP      POTENTIAL         TOTAL3        TEMPAVG            PRESSURE      GPRESSURE         VOLUME       PRESSAVG      GPRESSAVG

ENERGY:  200000      1554.5651      8868.2739      5685.8111        67.5846         -61211.5355     -1196.3192         0.0000         0.0000     18044.6590         -28186.9610       291.2372    -46231.6200    -28035.0198       292.8733            104.6859       131.7795    265390.8646         3.9173         3.9078

WRITING EXTENDED SYSTEM TO RESTART FILE AT STEP 200000
WRITING COORDINATES TO DCD FILE NPT.dcd AT STEP 200000
WRITING COORDINATES TO RESTART FILE AT STEP 200000
FINISHED WRITING RESTART COORDINATES
WRITING VELOCITIES TO RESTART FILE AT STEP 200000
FINISHED WRITING RESTART VELOCITIES
The last velocity output (seq=200000) takes 0.000 seconds, 685.321 MB of memory in use
LDB: ============= START OF LOAD BALANCING ============== 33677.7
LDB: ============== END OF LOAD BALANCING =============== 33677.7
LDB: =============== DONE WITH MIGRATION ================ 33677.7
LDB: ============= START OF LOAD BALANCING ============== 33686.1
LDB: ============== END OF LOAD BALANCING =============== 33686.1
LDB: =============== DONE WITH MIGRATION ================ 33686.1
LDB: ============= START OF LOAD BALANCING ============== 34014
LDB: ============== END OF LOAD BALANCING =============== 34014
LDB: =============== DONE WITH MIGRATION ================ 34014.1
LDB: ============= START OF LOAD BALANCING ============== 34022.5
LDB: ============== END OF LOAD BALANCING =============== 34022.5
LDB: =============== DONE WITH MIGRATION ================ 34022.5
LDB: ============= START OF LOAD BALANCING ============== 34351.4
LDB: ============== END OF LOAD BALANCING =============== 34351.4
LDB: =============== DONE WITH MIGRATION ================ 34351.4
LDB: ============= START OF LOAD BALANCING ============== 34359.8
LDB: ============== END OF LOAD BALANCING =============== 34359.8
LDB: =============== DONE WITH MIGRATION ================ 34359.8
LDB: ============= START OF LOAD BALANCING ============== 34687.8
LDB: ============== END OF LOAD BALANCING =============== 34687.8
LDB: =============== DONE WITH MIGRATION ================ 34687.8
LDB: ============= START OF LOAD BALANCING ============== 34696.3
LDB: ============== END OF LOAD BALANCING =============== 34696.3
LDB: =============== DONE WITH MIGRATION ================ 34696.3
LDB: ============= START OF LOAD BALANCING ============== 35024.6
LDB: ============== END OF LOAD BALANCING =============== 35024.6
LDB: =============== DONE WITH MIGRATION ================ 35024.6
LDB: ============= START OF LOAD BALANCING ============== 35033
LDB: ============== END OF LOAD BALANCING =============== 35033
LDB: =============== DONE WITH MIGRATION ================ 35033
PRESSURE: 210000 147.787 -27.7118 36.6957 -27.7118 -349.208 135.5 36.6957 135.5 -46.8919
GPRESSURE: 210000 73.9337 117.899 166.606 12.7232 -174.033 -43.3673 -19.0131 18.7081 -83.5465
PRESSAVG: 210000 -14.2339 -23.9827 -1.29158 -23.9827 0.734741 -27.9507 -1.29158 -27.9507 -2.61947
GPRESSAVG: 210000 -14.2653 -24.018 -1.29993 -24.0611 0.748731 -27.9293 -1.15522 -28.0798 -2.65278
ENERGY:  210000      1555.1316      8988.5124      5627.5438        68.0823         -61180.9678     -1316.4307         0.0000         0.0000     18057.4586         -28200.6698       291.4438    -46258.1284    -28053.0799       292.2430            -82.7709       -61.2153    264194.0563        -5.3729        -5.3898

WRITING COORDINATES TO DCD FILE NPT.dcd AT STEP 210000
LDB: ============= START OF LOAD BALANCING ============== 35361.6
LDB: ============== END OF LOAD BALANCING =============== 35361.6
LDB: =============== DONE WITH MIGRATION ================ 35361.6
LDB: ============= START OF LOAD BALANCING ============== 35370.1
LDB: ============== END OF LOAD BALANCING =============== 35370.1
LDB: =============== DONE WITH MIGRATION ================ 35370.1
LDB: ============= START OF LOAD BALANCING ============== 35699
LDB: ============== END OF LOAD BALANCING =============== 35699
LDB: =============== DONE WITH MIGRATION ================ 35699
LDB: ============= START OF LOAD BALANCING ============== 35707.5
LDB: ============== END OF LOAD BALANCING =============== 35707.5
LDB: =============== DONE WITH MIGRATION ================ 35707.5
LDB: ============= START OF LOAD BALANCING ============== 36036.7
LDB: ============== END OF LOAD BALANCING =============== 36036.7
LDB: =============== DONE WITH MIGRATION ================ 36036.7
LDB: ============= START OF LOAD BALANCING ============== 36045.1
LDB: ============== END OF LOAD BALANCING =============== 36045.1
LDB: =============== DONE WITH MIGRATION ================ 36045.1
LDB: ============= START OF LOAD BALANCING ============== 36373.4
LDB: ============== END OF LOAD BALANCING =============== 36373.4
LDB: =============== DONE WITH MIGRATION ================ 36373.4
LDB: ============= START OF LOAD BALANCING ============== 36381.8
LDB: ============== END OF LOAD BALANCING =============== 36381.8
LDB: =============== DONE WITH MIGRATION ================ 36381.8
LDB: ============= START OF LOAD BALANCING ============== 36709.9
LDB: ============== END OF LOAD BALANCING =============== 36709.9
LDB: =============== DONE WITH MIGRATION ================ 36709.9
LDB: ============= START OF LOAD BALANCING ============== 36718.3
LDB: ============== END OF LOAD BALANCING =============== 36718.3
LDB: =============== DONE WITH MIGRATION ================ 36718.3
PRESSURE: 220000 -457.993 136.126 369.826 136.126 165.676 -432.089 369.826 -432.089 -229.644
GPRESSURE: 220000 -441.326 -145.604 242.977 141.812 276.118 -370.643 319.656 -354.367 -307.908
PRESSAVG: 220000 -25.5662 -50.1365 13.0375 -50.1365 -20.1081 12.7609 13.0375 12.7609 6.79429
GPRESSAVG: 220000 -25.5251 -50.2053 12.9433 -50.0157 -20.1763 12.7755 13.0058 12.7747 6.75085
ENERGY:  220000      1524.9032      9025.0919      5663.2628        76.7917         -61412.7165     -1371.6467         0.0000         0.0000     18059.8999         -28434.4136       291.4832    -46494.3135    -28290.6865       292.2864           -173.9871      -157.7055    264746.2807       -12.9600       -12.9835

WRITING COORDINATES TO DCD FILE NPT.dcd AT STEP 220000
LDB: ============= START OF LOAD BALANCING ============== 37047.1
LDB: ============== END OF LOAD BALANCING =============== 37047.1
LDB: =============== DONE WITH MIGRATION ================ 37047.1
LDB: ============= START OF LOAD BALANCING ============== 37055.5
LDB: ============== END OF LOAD BALANCING =============== 37055.5
LDB: =============== DONE WITH MIGRATION ================ 37055.5
LDB: ============= START OF LOAD BALANCING ============== 37383.5
LDB: ============== END OF LOAD BALANCING =============== 37383.5
LDB: =============== DONE WITH MIGRATION ================ 37383.5
LDB: ============= START OF LOAD BALANCING ============== 37392
LDB: ============== END OF LOAD BALANCING =============== 37392
LDB: =============== DONE WITH MIGRATION ================ 37392
LDB: ============= START OF LOAD BALANCING ============== 37720.1
LDB: ============== END OF LOAD BALANCING =============== 37720.1
LDB: =============== DONE WITH MIGRATION ================ 37720.1
LDB: ============= START OF LOAD BALANCING ============== 37728.6
LDB: ============== END OF LOAD BALANCING =============== 37728.6
LDB: =============== DONE WITH MIGRATION ================ 37728.6
LDB: ============= START OF LOAD BALANCING ============== 38056.5
LDB: ============== END OF LOAD BALANCING =============== 38056.5
LDB: =============== DONE WITH MIGRATION ================ 38056.5
LDB: ============= START OF LOAD BALANCING ============== 38065
LDB: ============== END OF LOAD BALANCING =============== 38065
LDB: =============== DONE WITH MIGRATION ================ 38065
LDB: ============= START OF LOAD BALANCING ============== 38392.9
LDB: ============== END OF LOAD BALANCING =============== 38392.9
LDB: =============== DONE WITH MIGRATION ================ 38392.9
LDB: ============= START OF LOAD BALANCING ============== 38401.3
LDB: ============== END OF LOAD BALANCING =============== 38401.3
LDB: =============== DONE WITH MIGRATION ================ 38401.3
PRESSURE: 230000 -13.9878 127.405 -497.929 127.405 -737.85 -134.66 -497.929 -134.66 -433.56
GPRESSURE: 230000 -155.13 -77.7207 -613.121 100.122 -503.945 54.8502 -562.047 -146.297 -467.484
PRESSAVG: 230000 -64.1791 -18.0621 -23.8924 -18.0621 0.437596 4.42701 -23.8924 4.42701 0.766521
GPRESSAVG: 230000 -64.1375 -17.8717 -23.7975 -18.1434 0.519961 4.48254 -24.0681 4.32332 0.759282
ENERGY:  230000      1548.7777      9011.8111      5680.7107        77.7015         -61371.4160     -1276.4907         0.0000         0.0000     18309.2478         -28019.6579       295.5076    -46328.9056    -27873.8803       293.2038           -395.1327      -375.5200    266333.3173       -20.9917       -20.9527

WRITING COORDINATES TO DCD FILE NPT.dcd AT STEP 230000
LDB: ============= START OF LOAD BALANCING ============== 38729.1
LDB: ============== END OF LOAD BALANCING =============== 38729.1
LDB: =============== DONE WITH MIGRATION ================ 38729.1
LDB: ============= START OF LOAD BALANCING ============== 38737.5
LDB: ============== END OF LOAD BALANCING =============== 38737.5
LDB: =============== DONE WITH MIGRATION ================ 38737.5
LDB: ============= START OF LOAD BALANCING ============== 39065.5
LDB: ============== END OF LOAD BALANCING =============== 39065.5
LDB: =============== DONE WITH MIGRATION ================ 39065.5
LDB: ============= START OF LOAD BALANCING ============== 39074
LDB: ============== END OF LOAD BALANCING =============== 39074
LDB: =============== DONE WITH MIGRATION ================ 39074
LDB: ============= START OF LOAD BALANCING ============== 39403.1
LDB: ============== END OF LOAD BALANCING =============== 39403.1
LDB: =============== DONE WITH MIGRATION ================ 39403.1
LDB: ============= START OF LOAD BALANCING ============== 39411.5
LDB: ============== END OF LOAD BALANCING =============== 39411.5
LDB: =============== DONE WITH MIGRATION ================ 39411.5
LDB: ============= START OF LOAD BALANCING ============== 39740
LDB: ============== END OF LOAD BALANCING =============== 39740
LDB: =============== DONE WITH MIGRATION ================ 39740
LDB: ============= START OF LOAD BALANCING ============== 39748.4
LDB: ============== END OF LOAD BALANCING =============== 39748.4
LDB: =============== DONE WITH MIGRATION ================ 39748.4
LDB: ============= START OF LOAD BALANCING ============== 40076.7
LDB: ============== END OF LOAD BALANCING =============== 40076.7
LDB: =============== DONE WITH MIGRATION ================ 40076.7
LDB: ============= START OF LOAD BALANCING ============== 40085.1
LDB: ============== END OF LOAD BALANCING =============== 40085.1
LDB: =============== DONE WITH MIGRATION ================ 40085.1
PRESSURE: 240000 -486.552 -46.4677 -56.7831 -46.4677 -32.766 -132.611 -56.7831 -132.611 868.682
GPRESSURE: 240000 -353.597 -38.4373 -136.426 -194.772 60.6376 -52.1993 -149.51 -45.9715 691.354
PRESSAVG: 240000 -22.4117 19.1114 3.5321 19.1114 -6.03352 18.5082 3.5321 18.5082 2.44791
GPRESSAVG: 240000 -22.3628 19.1049 3.40904 19.0376 -6.10231 18.4202 3.59202 18.5436 2.38514
ENERGY:  240000      1502.6694      8884.2717      5623.8014        77.0345         -61315.4625     -1289.3699         0.0000         0.0000     18105.4491         -28411.6063       292.2184    -46517.0554    -28265.0366       293.7062            116.4545       132.7984    265024.6337        -8.6658        -8.6933

WRITING COORDINATES TO DCD FILE NPT.dcd AT STEP 240000
LDB: ============= START OF LOAD BALANCING ============== 40413.2
LDB: ============== END OF LOAD BALANCING =============== 40413.2
LDB: =============== DONE WITH MIGRATION ================ 40413.2
LDB: ============= START OF LOAD BALANCING ============== 40421.6
LDB: ============== END OF LOAD BALANCING =============== 40421.6
LDB: =============== DONE WITH MIGRATION ================ 40421.6
LDB: ============= START OF LOAD BALANCING ============== 40750.2
LDB: ============== END OF LOAD BALANCING =============== 40750.2
LDB: =============== DONE WITH MIGRATION ================ 40750.2
LDB: ============= START OF LOAD BALANCING ============== 40758.6
LDB: ============== END OF LOAD BALANCING =============== 40758.6
LDB: =============== DONE WITH MIGRATION ================ 40758.6
LDB: ============= START OF LOAD BALANCING ============== 41087.8
LDB: ============== END OF LOAD BALANCING =============== 41087.8
LDB: =============== DONE WITH MIGRATION ================ 41087.8
LDB: ============= START OF LOAD BALANCING ============== 41096.3
LDB: ============== END OF LOAD BALANCING =============== 41096.3
LDB: =============== DONE WITH MIGRATION ================ 41096.3
LDB: ============= START OF LOAD BALANCING ============== 41424.9
LDB: ============== END OF LOAD BALANCING =============== 41424.9
LDB: =============== DONE WITH MIGRATION ================ 41424.9
LDB: ============= START OF LOAD BALANCING ============== 41433.3
LDB: ============== END OF LOAD BALANCING =============== 41433.3
LDB: =============== DONE WITH MIGRATION ================ 41433.3
LDB: ============= START OF LOAD BALANCING ============== 41761.8
LDB: ============== END OF LOAD BALANCING =============== 41761.8
LDB: =============== DONE WITH MIGRATION ================ 41761.8
LDB: ============= START OF LOAD BALANCING ============== 41770.2
LDB: ============== END OF LOAD BALANCING =============== 41770.2
LDB: =============== DONE WITH MIGRATION ================ 41770.2
PRESSURE: 250000 370.452 -239.946 172.35 -239.946 -98.7763 -240.297 172.35 -240.297 196.586
GPRESSURE: 250000 139.747 -113.063 79.6349 -185.365 16.2035 -298.765 26.405 -126.961 328.516
PRESSAVG: 250000 16.8374 -25.9461 -4.38673 -25.9461 24.385 12.4779 -4.38673 12.4779 5.22945
GPRESSAVG: 250000 16.8079 -25.9923 -4.35174 -25.9824 24.3675 12.4215 -4.3827 12.3993 5.24348
ENERGY:  250000      1539.9332      8961.9672      5628.0505        68.5552         -61857.0484     -1098.3353         0.0000         0.0000     18105.5954         -28651.2823       292.2207    -46756.8776    -28500.2009       291.7215            156.0871       161.4889    264522.2990        15.4839        15.4729

WRITING EXTENDED SYSTEM TO RESTART FILE AT STEP 250000
WRITING COORDINATES TO DCD FILE NPT.dcd AT STEP 250000
WRITING COORDINATES TO RESTART FILE AT STEP 250000
FINISHED WRITING RESTART COORDINATES
WRITING VELOCITIES TO RESTART FILE AT STEP 250000
FINISHED WRITING RESTART VELOCITIES
The last velocity output (seq=250000) takes 0.000 seconds, 685.321 MB of memory in use
LDB: ============= START OF LOAD BALANCING ============== 42098.4
LDB: ============== END OF LOAD BALANCING =============== 42098.4
LDB: =============== DONE WITH MIGRATION ================ 42098.4
LDB: ============= START OF LOAD BALANCING ============== 42106.8
LDB: ============== END OF LOAD BALANCING =============== 42106.8
LDB: =============== DONE WITH MIGRATION ================ 42106.8
LDB: ============= START OF LOAD BALANCING ============== 42435.8
LDB: ============== END OF LOAD BALANCING =============== 42435.8
LDB: =============== DONE WITH MIGRATION ================ 42435.8
LDB: ============= START OF LOAD BALANCING ============== 42444.3
LDB: ============== END OF LOAD BALANCING =============== 42444.3
LDB: =============== DONE WITH MIGRATION ================ 42444.3
LDB: ============= START OF LOAD BALANCING ============== 42773.4
LDB: ============== END OF LOAD BALANCING =============== 42773.4
LDB: =============== DONE WITH MIGRATION ================ 42773.4
LDB: ============= START OF LOAD BALANCING ============== 42781.9
LDB: ============== END OF LOAD BALANCING =============== 42781.9
LDB: =============== DONE WITH MIGRATION ================ 42781.9
LDB: ============= START OF LOAD BALANCING ============== 43110.2
LDB: ============== END OF LOAD BALANCING =============== 43110.2
LDB: =============== DONE WITH MIGRATION ================ 43110.2
LDB: ============= START OF LOAD BALANCING ============== 43118.6
LDB: ============== END OF LOAD BALANCING =============== 43118.6
LDB: =============== DONE WITH MIGRATION ================ 43118.6
LDB: ============= START OF LOAD BALANCING ============== 43447.3
LDB: ============== END OF LOAD BALANCING =============== 43447.3
LDB: =============== DONE WITH MIGRATION ================ 43447.3
LDB: ============= START OF LOAD BALANCING ============== 43455.7
LDB: ============== END OF LOAD BALANCING =============== 43455.7
LDB: =============== DONE WITH MIGRATION ================ 43455.7
PRESSURE: 260000 -426.427 681.291 38.8831 681.291 191.163 -660.039 38.8831 -660.039 184.152
GPRESSURE: 260000 -277.418 684.106 197.216 621.648 248.327 -732.303 120.84 -441.176 32.8907
PRESSAVG: 260000 -18.7298 -25.5078 11.4268 -25.5078 34.3465 -0.334438 11.4268 -0.334438 -0.0680214
GPRESSAVG: 260000 -18.6822 -25.4808 11.4555 -25.5781 34.2817 -0.393804 11.2641 -0.464572 -0.112677
ENERGY:  260000      1555.0457      9181.5793      5654.9774        73.0472         -61339.5788     -1487.6058         0.0000         0.0000     18088.5108         -28274.0242       291.9450    -46362.5351    -28125.9865       292.6437            -17.0373         1.2666    264814.3839         5.1829         5.1622

WRITING COORDINATES TO DCD FILE NPT.dcd AT STEP 260000
LDB: ============= START OF LOAD BALANCING ============== 43783.9
LDB: ============== END OF LOAD BALANCING =============== 43783.9
LDB: =============== DONE WITH MIGRATION ================ 43783.9
LDB: ============= START OF LOAD BALANCING ============== 43792.3
LDB: ============== END OF LOAD BALANCING =============== 43792.3
LDB: =============== DONE WITH MIGRATION ================ 43792.3
LDB: ============= START OF LOAD BALANCING ============== 44120.6
LDB: ============== END OF LOAD BALANCING =============== 44120.6
LDB: =============== DONE WITH MIGRATION ================ 44120.6
LDB: ============= START OF LOAD BALANCING ============== 44129
LDB: ============== END OF LOAD BALANCING =============== 44129
LDB: =============== DONE WITH MIGRATION ================ 44129
LDB: ============= START OF LOAD BALANCING ============== 44457.5
LDB: ============== END OF LOAD BALANCING =============== 44457.5
LDB: =============== DONE WITH MIGRATION ================ 44457.5
LDB: ============= START OF LOAD BALANCING ============== 44465.9
LDB: ============== END OF LOAD BALANCING =============== 44465.9
LDB: =============== DONE WITH MIGRATION ================ 44465.9
LDB: ============= START OF LOAD BALANCING ============== 44795
LDB: ============== END OF LOAD BALANCING =============== 44795
LDB: =============== DONE WITH MIGRATION ================ 44795
LDB: ============= START OF LOAD BALANCING ============== 44803.5
LDB: ============== END OF LOAD BALANCING =============== 44803.5
LDB: =============== DONE WITH MIGRATION ================ 44803.5
LDB: ============= START OF LOAD BALANCING ============== 45132.3
LDB: ============== END OF LOAD BALANCING =============== 45132.3
LDB: =============== DONE WITH MIGRATION ================ 45132.3
LDB: ============= START OF LOAD BALANCING ============== 45140.7
LDB: ============== END OF LOAD BALANCING =============== 45140.7
LDB: =============== DONE WITH MIGRATION ================ 45140.7
PRESSURE: 270000 -117.037 107.088 38.566 107.088 -297.957 -3.33994 38.566 -3.33994 160.299
GPRESSURE: 270000 -183.467 129.679 -9.8694 -32.7315 -67.472 -86.2321 -248.468 83.7778 100.58
PRESSAVG: 270000 44.4086 18.8559 9.41384 18.8559 99.1762 -3.219 9.41384 -3.219 1.48421
GPRESSAVG: 270000 44.4177 18.8348 9.41458 18.7025 99.151 -3.27037 9.37386 -3.14528 1.4884
ENERGY:  270000      1496.2223      8955.1748      5625.6965        81.4783         -61277.3740     -1334.3735         0.0000         0.0000     18223.0372         -28230.1385       294.1162    -46453.1756    -28078.9652       293.0280            -84.8983       -50.1196    263812.6559        48.3563        48.3524

WRITING COORDINATES TO DCD FILE NPT.dcd AT STEP 270000
LDB: ============= START OF LOAD BALANCING ============== 45469.1
LDB: ============== END OF LOAD BALANCING =============== 45469.1
LDB: =============== DONE WITH MIGRATION ================ 45469.1
LDB: ============= START OF LOAD BALANCING ============== 45477.5
LDB: ============== END OF LOAD BALANCING =============== 45477.5
LDB: =============== DONE WITH MIGRATION ================ 45477.5
LDB: ============= START OF LOAD BALANCING ============== 45806.2
LDB: ============== END OF LOAD BALANCING =============== 45806.2
LDB: =============== DONE WITH MIGRATION ================ 45806.2
LDB: ============= START OF LOAD BALANCING ============== 45814.6
LDB: ============== END OF LOAD BALANCING =============== 45814.6
LDB: =============== DONE WITH MIGRATION ================ 45814.6
LDB: ============= START OF LOAD BALANCING ============== 46143
LDB: ============== END OF LOAD BALANCING =============== 46143
LDB: =============== DONE WITH MIGRATION ================ 46143
LDB: ============= START OF LOAD BALANCING ============== 46151.4
LDB: ============== END OF LOAD BALANCING =============== 46151.4
LDB: =============== DONE WITH MIGRATION ================ 46151.4
LDB: ============= START OF LOAD BALANCING ============== 46479
LDB: ============== END OF LOAD BALANCING =============== 46479
LDB: =============== DONE WITH MIGRATION ================ 46479
LDB: ============= START OF LOAD BALANCING ============== 46487.4
LDB: ============== END OF LOAD BALANCING =============== 46487.4
LDB: =============== DONE WITH MIGRATION ================ 46487.4
LDB: ============= START OF LOAD BALANCING ============== 46815.3
LDB: ============== END OF LOAD BALANCING =============== 46815.3
LDB: =============== DONE WITH MIGRATION ================ 46815.3
LDB: ============= START OF LOAD BALANCING ============== 46823.7
LDB: ============== END OF LOAD BALANCING =============== 46823.7
LDB: =============== DONE WITH MIGRATION ================ 46823.7
PRESSURE: 280000 -454.089 8.24895 -204.294 8.24895 -61.6809 247.972 -204.294 247.972 139.089
GPRESSURE: 280000 -319.895 101.574 -43.1478 -99.6108 -88.95 422.569 -261.19 221.932 134.49
PRESSAVG: 280000 -6.27195 13.4189 14.9032 13.4189 67.319 19.3586 14.9032 19.3586 2.62851
GPRESSAVG: 280000 -6.2559 13.4803 14.931 13.3964 67.33 19.4204 14.9821 19.3197 2.6186
ENERGY:  280000      1545.3447      8930.2257      5579.4784        65.6368         -61421.5093     -1276.1340         0.0000         0.0000     18031.5438         -28545.4139       291.0255    -46576.9577    -28398.5065       292.7814           -125.5601       -91.4514    265222.2660        21.2252        21.2309

WRITING COORDINATES TO DCD FILE NPT.dcd AT STEP 280000
LDB: ============= START OF LOAD BALANCING ============== 47151.9
LDB: ============== END OF LOAD BALANCING =============== 47151.9
LDB: =============== DONE WITH MIGRATION ================ 47151.9
LDB: ============= START OF LOAD BALANCING ============== 47160.3
LDB: ============== END OF LOAD BALANCING =============== 47160.3
LDB: =============== DONE WITH MIGRATION ================ 47160.3
LDB: ============= START OF LOAD BALANCING ============== 47489.1
LDB: ============== END OF LOAD BALANCING =============== 47489.1
LDB: =============== DONE WITH MIGRATION ================ 47489.1
LDB: ============= START OF LOAD BALANCING ============== 47497.5
LDB: ============== END OF LOAD BALANCING =============== 47497.5
LDB: =============== DONE WITH MIGRATION ================ 47497.5
LDB: ============= START OF LOAD BALANCING ============== 47826.1
LDB: ============== END OF LOAD BALANCING =============== 47826.1
LDB: =============== DONE WITH MIGRATION ================ 47826.1
LDB: ============= START OF LOAD BALANCING ============== 47834.5
LDB: ============== END OF LOAD BALANCING =============== 47834.5
LDB: =============== DONE WITH MIGRATION ================ 47834.5
LDB: ============= START OF LOAD BALANCING ============== 48162.5
LDB: ============== END OF LOAD BALANCING =============== 48162.5
LDB: =============== DONE WITH MIGRATION ================ 48162.5
LDB: ============= START OF LOAD BALANCING ============== 48170.9
LDB: ============== END OF LOAD BALANCING =============== 48170.9
LDB: =============== DONE WITH MIGRATION ================ 48170.9
LDB: ============= START OF LOAD BALANCING ============== 48500
LDB: ============== END OF LOAD BALANCING =============== 48500
LDB: =============== DONE WITH MIGRATION ================ 48500
LDB: ============= START OF LOAD BALANCING ============== 48508.5
LDB: ============== END OF LOAD BALANCING =============== 48508.5
LDB: =============== DONE WITH MIGRATION ================ 48508.5
PRESSURE: 290000 -42.9208 -160.199 118.417 -160.199 -284.25 255.854 118.417 255.854 -124.415
GPRESSURE: 290000 -16.7446 -59.5549 247.166 -149.88 -109.229 354.115 -1.59593 300.005 -229.788
PRESSAVG: 290000 11.9202 -10.8002 4.11311 -10.8002 57.3733 29.2114 4.11311 29.2114 3.24302
GPRESSAVG: 290000 11.8532 -10.9933 4.14781 -10.7915 57.3841 29.1864 4.154 29.4203 3.08937
ENERGY:  290000      1542.6658      8933.8268      5701.1364        68.9992         -61458.1510     -1122.0442         0.0000         0.0000     18011.4804         -28322.0866       290.7017    -46333.5670    -28175.0517       292.0978           -150.5287      -118.5874    265010.5528        24.1788        24.1089

WRITING COORDINATES TO DCD FILE NPT.dcd AT STEP 290000
LDB: ============= START OF LOAD BALANCING ============== 48837.6
LDB: ============== END OF LOAD BALANCING =============== 48837.6
LDB: =============== DONE WITH MIGRATION ================ 48837.6
LDB: ============= START OF LOAD BALANCING ============== 48846
LDB: ============== END OF LOAD BALANCING =============== 48846
LDB: =============== DONE WITH MIGRATION ================ 48846
LDB: ============= START OF LOAD BALANCING ============== 49175
LDB: ============== END OF LOAD BALANCING =============== 49175
LDB: =============== DONE WITH MIGRATION ================ 49175
LDB: ============= START OF LOAD BALANCING ============== 49183.4
LDB: ============== END OF LOAD BALANCING =============== 49183.4
LDB: =============== DONE WITH MIGRATION ================ 49183.4
LDB: ============= START OF LOAD BALANCING ============== 49512.8
LDB: ============== END OF LOAD BALANCING =============== 49512.8
LDB: =============== DONE WITH MIGRATION ================ 49512.8
LDB: ============= START OF LOAD BALANCING ============== 49521.2
LDB: ============== END OF LOAD BALANCING =============== 49521.2
LDB: =============== DONE WITH MIGRATION ================ 49521.2
LDB: ============= START OF LOAD BALANCING ============== 49850.3
LDB: ============== END OF LOAD BALANCING =============== 49850.3
LDB: =============== DONE WITH MIGRATION ================ 49850.3
LDB: ============= START OF LOAD BALANCING ============== 49858.7
LDB: ============== END OF LOAD BALANCING =============== 49858.7
LDB: =============== DONE WITH MIGRATION ================ 49858.7
LDB: ============= START OF LOAD BALANCING ============== 50187.3
LDB: ============== END OF LOAD BALANCING =============== 50187.3
LDB: =============== DONE WITH MIGRATION ================ 50187.3
LDB: ============= START OF LOAD BALANCING ============== 50195.7
LDB: ============== END OF LOAD BALANCING =============== 50195.7
LDB: =============== DONE WITH MIGRATION ================ 50195.7
PRESSURE: 300000 89.203 -309.127 266.882 -309.127 344.54 -155.357 266.882 -155.357 -185.665
GPRESSURE: 300000 15.0648 -217.465 72.8903 -123.394 386.011 48.3219 197.564 -311.719 -63.9895
PRESSAVG: 300000 46.6814 -15.1406 25.6485 -15.1406 62.7389 -2.25896 25.6485 -2.25896 -0.390501
GPRESSAVG: 300000 46.7299 -15.1897 25.5771 -15.1339 62.7222 -2.25537 25.687 -2.28545 -0.381953
TIMING: 300000  CPU: 50473.9, 0.168464/step  Wall: 50474.3, 0.168465/step, 32.7571 hours remaining, 685.320859 MB of memory in use.
PERFORMANCE: 300000  averaging 1.02706 ns/day, 0.168247 sec/step with standard deviation 0.00036295
ETITLE:      TS           BOND          ANGLE          DIHED          IMPRP               ELECT            VDW       BOUNDARY           MISC        KINETIC               TOTAL           TEMP      POTENTIAL         TOTAL3        TEMPAVG            PRESSURE      GPRESSURE         VOLUME       PRESSAVG      GPRESSAVG

ENERGY:  300000      1513.2126      8930.8839      5630.9060        76.0370         -61240.8862     -1267.1404         0.0000         0.0000     18342.0351         -28014.9519       296.0368    -46356.9870    -27875.5445       292.6804             82.6928       112.3621    264386.8069        36.3433        36.3567

WRITING EXTENDED SYSTEM TO RESTART FILE AT STEP 300000
WRITING COORDINATES TO DCD FILE NPT.dcd AT STEP 300000
WRITING COORDINATES TO RESTART FILE AT STEP 300000
FINISHED WRITING RESTART COORDINATES
WRITING VELOCITIES TO RESTART FILE AT STEP 300000
FINISHED WRITING RESTART VELOCITIES
LDB: ============= START OF LOAD BALANCING ============== 50524.2
LDB: ============== END OF LOAD BALANCING =============== 50524.2
LDB: =============== DONE WITH MIGRATION ================ 50524.2
LDB: ============= START OF LOAD BALANCING ============== 50532.6
LDB: ============== END OF LOAD BALANCING =============== 50532.6
LDB: =============== DONE WITH MIGRATION ================ 50532.6
LDB: ============= START OF LOAD BALANCING ============== 50861.2
LDB: ============== END OF LOAD BALANCING =============== 50861.2
LDB: =============== DONE WITH MIGRATION ================ 50861.2
LDB: ============= START OF LOAD BALANCING ============== 50869.6
LDB: ============== END OF LOAD BALANCING =============== 50869.6
LDB: =============== DONE WITH MIGRATION ================ 50869.6
LDB: ============= START OF LOAD BALANCING ============== 51198.7
LDB: ============== END OF LOAD BALANCING =============== 51198.7
LDB: =============== DONE WITH MIGRATION ================ 51198.7
LDB: ============= START OF LOAD BALANCING ============== 51207.2
LDB: ============== END OF LOAD BALANCING =============== 51207.2
LDB: =============== DONE WITH MIGRATION ================ 51207.2
LDB: ============= START OF LOAD BALANCING ============== 51536
LDB: ============== END OF LOAD BALANCING =============== 51536
LDB: =============== DONE WITH MIGRATION ================ 51536
LDB: ============= START OF LOAD BALANCING ============== 51544.4
LDB: ============== END OF LOAD BALANCING =============== 51544.4
LDB: =============== DONE WITH MIGRATION ================ 51544.4
LDB: ============= START OF LOAD BALANCING ============== 51872.9
LDB: ============== END OF LOAD BALANCING =============== 51872.9
LDB: =============== DONE WITH MIGRATION ================ 51872.9
LDB: ============= START OF LOAD BALANCING ============== 51881.3
LDB: ============== END OF LOAD BALANCING =============== 51881.3
LDB: =============== DONE WITH MIGRATION ================ 51881.3
PRESSURE: 310000 544.832 12.9431 289.104 12.9431 -121.46 258.226 289.104 258.226 23.4296
GPRESSURE: 310000 415.953 71.7912 177.861 -148.79 50.1522 363.706 141.763 293.641 49.8887
PRESSAVG: 310000 32.0365 2.92793 8.65542 2.92793 3.01534 -4.97607 8.65542 -4.97607 -3.47301
GPRESSAVG: 310000 32.1035 2.9479 8.64186 2.94919 2.92869 -4.94196 8.64594 -5.17266 -3.449
ENERGY:  310000      1481.6740      8994.9390      5624.3530        70.4436         -61797.9412     -1225.7429         0.0000         0.0000     18098.2323         -28754.0421       292.1019    -46852.2744    -28612.1050       293.0872            148.9337       171.9980    264165.1892        10.5263        10.5277

WRITING COORDINATES TO DCD FILE NPT.dcd AT STEP 310000
LDB: ============= START OF LOAD BALANCING ============== 52209.9
LDB: ============== END OF LOAD BALANCING =============== 52209.9
LDB: =============== DONE WITH MIGRATION ================ 52209.9
LDB: ============= START OF LOAD BALANCING ============== 52218.3
LDB: ============== END OF LOAD BALANCING =============== 52218.3
LDB: =============== DONE WITH MIGRATION ================ 52218.3
LDB: ============= START OF LOAD BALANCING ============== 52547
LDB: ============== END OF LOAD BALANCING =============== 52547
LDB: =============== DONE WITH MIGRATION ================ 52547
LDB: ============= START OF LOAD BALANCING ============== 52555.4
LDB: ============== END OF LOAD BALANCING =============== 52555.4
LDB: =============== DONE WITH MIGRATION ================ 52555.4
LDB: ============= START OF LOAD BALANCING ============== 52883.7
LDB: ============== END OF LOAD BALANCING =============== 52883.7
LDB: =============== DONE WITH MIGRATION ================ 52883.7
LDB: ============= START OF LOAD BALANCING ============== 52892.1
LDB: ============== END OF LOAD BALANCING =============== 52892.1
LDB: =============== DONE WITH MIGRATION ================ 52892.1
LDB: ============= START OF LOAD BALANCING ============== 53220.1
LDB: ============== END OF LOAD BALANCING =============== 53220.1
LDB: =============== DONE WITH MIGRATION ================ 53220.1
LDB: ============= START OF LOAD BALANCING ============== 53228.5
LDB: ============== END OF LOAD BALANCING =============== 53228.5
LDB: =============== DONE WITH MIGRATION ================ 53228.5
LDB: ============= START OF LOAD BALANCING ============== 53556.9
LDB: ============== END OF LOAD BALANCING =============== 53556.9
LDB: =============== DONE WITH MIGRATION ================ 53556.9
LDB: ============= START OF LOAD BALANCING ============== 53565.4
LDB: ============== END OF LOAD BALANCING =============== 53565.4
LDB: =============== DONE WITH MIGRATION ================ 53565.4
PRESSURE: 320000 98.3908 -122.738 334.655 -122.738 -143.603 -247.594 334.655 -247.594 -80.6641
GPRESSURE: 320000 215.745 45.526 291.97 -21.3833 -214.437 -200.767 171.496 -121.534 -75.2003
PRESSAVG: 320000 -64.8419 10.9658 -26.2148 10.9658 -31.2597 2.70152 -26.2148 2.70152 3.37985
GPRESSAVG: 320000 -64.8559 11.0829 -26.1622 11.045 -31.2848 2.73836 -26.2125 2.85066 3.34556
ENERGY:  320000      1511.9676      8934.8095      5630.7608        66.9537         -61647.2378     -1238.2845         0.0000         0.0000     18089.8662         -28651.1646       291.9669    -46741.0308    -28499.3814       291.8265            -41.9589       -24.6307    264610.0935       -30.9072       -30.9317

WRITING COORDINATES TO DCD FILE NPT.dcd AT STEP 320000
LDB: ============= START OF LOAD BALANCING ============== 53893.8
LDB: ============== END OF LOAD BALANCING =============== 53893.8
LDB: =============== DONE WITH MIGRATION ================ 53893.8
LDB: ============= START OF LOAD BALANCING ============== 53902.2
LDB: ============== END OF LOAD BALANCING =============== 53902.2
LDB: =============== DONE WITH MIGRATION ================ 53902.2
LDB: ============= START OF LOAD BALANCING ============== 54231.2
LDB: ============== END OF LOAD BALANCING =============== 54231.2
LDB: =============== DONE WITH MIGRATION ================ 54231.2
LDB: ============= START OF LOAD BALANCING ============== 54239.6
LDB: ============== END OF LOAD BALANCING =============== 54239.6
LDB: =============== DONE WITH MIGRATION ================ 54239.6
LDB: ============= START OF LOAD BALANCING ============== 54568.2
LDB: ============== END OF LOAD BALANCING =============== 54568.2
LDB: =============== DONE WITH MIGRATION ================ 54568.2
LDB: ============= START OF LOAD BALANCING ============== 54576.6
LDB: ============== END OF LOAD BALANCING =============== 54576.6
LDB: =============== DONE WITH MIGRATION ================ 54576.6
LDB: ============= START OF LOAD BALANCING ============== 54905.8
LDB: ============== END OF LOAD BALANCING =============== 54905.8
LDB: =============== DONE WITH MIGRATION ================ 54905.8
LDB: ============= START OF LOAD BALANCING ============== 54914.3
LDB: ============== END OF LOAD BALANCING =============== 54914.3
LDB: =============== DONE WITH MIGRATION ================ 54914.3
LDB: ============= START OF LOAD BALANCING ============== 55243.7
LDB: ============== END OF LOAD BALANCING =============== 55243.7
LDB: =============== DONE WITH MIGRATION ================ 55243.7
LDB: ============= START OF LOAD BALANCING ============== 55252.1
LDB: ============== END OF LOAD BALANCING =============== 55252.1
LDB: =============== DONE WITH MIGRATION ================ 55252.1
PRESSURE: 330000 3.76453 220.778 462.803 220.778 191.431 -120.481 462.803 -120.481 560.817
GPRESSURE: 330000 57.1002 234.576 411.032 119.757 280.082 -159.514 657.618 107.155 458.103
PRESSAVG: 330000 17.9894 24.8493 -13.4756 24.8493 14.3313 0.898239 -13.4756 0.898239 -4.25187
GPRESSAVG: 330000 18.018 24.8296 -13.5206 24.8064 14.4167 0.815055 -13.4722 0.906382 -4.2053
ENERGY:  330000      1552.6356      9070.5236      5693.7131        70.1164         -61710.5145      -948.1885         0.0000         0.0000     18068.2642         -28203.4503       291.6182    -46271.7145    -28062.2779       292.1413            252.0043       265.0950    264829.8785         9.3563         9.4098

WRITING COORDINATES TO DCD FILE NPT.dcd AT STEP 330000
LDB: ============= START OF LOAD BALANCING ============== 55580.5
LDB: ============== END OF LOAD BALANCING =============== 55580.5
LDB: =============== DONE WITH MIGRATION ================ 55580.5
LDB: ============= START OF LOAD BALANCING ============== 55589
LDB: ============== END OF LOAD BALANCING =============== 55589
LDB: =============== DONE WITH MIGRATION ================ 55589
LDB: ============= START OF LOAD BALANCING ============== 55917.7
LDB: ============== END OF LOAD BALANCING =============== 55917.7
LDB: =============== DONE WITH MIGRATION ================ 55917.7
LDB: ============= START OF LOAD BALANCING ============== 55926.1
LDB: ============== END OF LOAD BALANCING =============== 55926.1
LDB: =============== DONE WITH MIGRATION ================ 55926.1
LDB: ============= START OF LOAD BALANCING ============== 56253.8
LDB: ============== END OF LOAD BALANCING =============== 56253.8
LDB: =============== DONE WITH MIGRATION ================ 56253.8
LDB: ============= START OF LOAD BALANCING ============== 56262.2
LDB: ============== END OF LOAD BALANCING =============== 56262.2
LDB: =============== DONE WITH MIGRATION ================ 56262.2
LDB: ============= START OF LOAD BALANCING ============== 56590.7
LDB: ============== END OF LOAD BALANCING =============== 56590.7
LDB: =============== DONE WITH MIGRATION ================ 56590.7
LDB: ============= START OF LOAD BALANCING ============== 56599.1
LDB: ============== END OF LOAD BALANCING =============== 56599.1
LDB: =============== DONE WITH MIGRATION ================ 56599.1
LDB: ============= START OF LOAD BALANCING ============== 56927.1
LDB: ============== END OF LOAD BALANCING =============== 56927.1
LDB: =============== DONE WITH MIGRATION ================ 56927.1
LDB: ============= START OF LOAD BALANCING ============== 56935.6
LDB: ============== END OF LOAD BALANCING =============== 56935.6
LDB: =============== DONE WITH MIGRATION ================ 56935.6
PRESSURE: 340000 11.9778 -472.818 412.421 -472.818 -562.686 47.0522 412.421 47.0522 -300.234
GPRESSURE: 340000 -53.6226 -539.014 322.227 -320.121 -418.619 38.7196 311.159 21.6665 -309.428
PRESSAVG: 340000 -27.6062 15.5367 11.8872 15.5367 -3.32071 15.4906 11.8872 15.4906 -2.85613
GPRESSAVG: 340000 -27.6966 15.6781 11.9136 15.4906 -3.33342 15.4933 11.8362 15.4673 -2.89903
ENERGY:  340000      1532.9576      8957.8549      5707.3110        71.8598         -61627.7805     -1228.7245         0.0000         0.0000     18237.0148         -28349.5068       294.3418    -46586.5216    -28196.0589       291.9674           -283.6473      -260.5564    264227.9099       -11.2610       -11.3097

WRITING COORDINATES TO DCD FILE NPT.dcd AT STEP 340000
LDB: ============= START OF LOAD BALANCING ============== 57264.6
LDB: ============== END OF LOAD BALANCING =============== 57264.6
LDB: =============== DONE WITH MIGRATION ================ 57264.6
LDB: ============= START OF LOAD BALANCING ============== 57273
LDB: ============== END OF LOAD BALANCING =============== 57273
LDB: =============== DONE WITH MIGRATION ================ 57273
LDB: ============= START OF LOAD BALANCING ============== 57601.8
LDB: ============== END OF LOAD BALANCING =============== 57601.8
LDB: =============== DONE WITH MIGRATION ================ 57601.8
LDB: ============= START OF LOAD BALANCING ============== 57610.2
LDB: ============== END OF LOAD BALANCING =============== 57610.2
LDB: =============== DONE WITH MIGRATION ================ 57610.2
LDB: ============= START OF LOAD BALANCING ============== 57938.4
LDB: ============== END OF LOAD BALANCING =============== 57938.4
LDB: =============== DONE WITH MIGRATION ================ 57938.4
LDB: ============= START OF LOAD BALANCING ============== 57946.8
LDB: ============== END OF LOAD BALANCING =============== 57946.8
LDB: =============== DONE WITH MIGRATION ================ 57946.8
LDB: ============= START OF LOAD BALANCING ============== 58274.8
LDB: ============== END OF LOAD BALANCING =============== 58274.8
LDB: =============== DONE WITH MIGRATION ================ 58274.8
LDB: ============= START OF LOAD BALANCING ============== 58283.2
LDB: ============== END OF LOAD BALANCING =============== 58283.2
LDB: =============== DONE WITH MIGRATION ================ 58283.2
LDB: ============= START OF LOAD BALANCING ============== 58611.7
LDB: ============== END OF LOAD BALANCING =============== 58611.7
LDB: =============== DONE WITH MIGRATION ================ 58611.7
LDB: ============= START OF LOAD BALANCING ============== 58620.1
LDB: ============== END OF LOAD BALANCING =============== 58620.1
LDB: =============== DONE WITH MIGRATION ================ 58620.1
PRESSURE: 350000 -396.061 -192.58 506.052 -192.58 120.048 -173.132 506.052 -173.132 -427.633
GPRESSURE: 350000 -268.132 -157.218 340.38 -111.811 53.2314 -193.884 443.702 -169.491 -455.611
PRESSAVG: 350000 -3.94245 27.2236 17.8112 27.2236 25.8205 32.8862 17.8112 32.8862 5.47312
GPRESSAVG: 350000 -3.89823 27.2705 17.866 27.235 25.7693 32.9247 17.8412 32.902 5.49972
ENERGY:  350000      1493.1718      8874.2330      5681.4275        74.2613         -61405.1479     -1138.9700         0.0000         0.0000     18146.3162         -28274.7081       292.8780    -46421.0244    -28135.8344       293.1399           -234.5487      -223.5037    265549.7070         9.1171         9.1236

WRITING EXTENDED SYSTEM TO RESTART FILE AT STEP 350000
WRITING COORDINATES TO DCD FILE NPT.dcd AT STEP 350000
WRITING COORDINATES TO RESTART FILE AT STEP 350000
FINISHED WRITING RESTART COORDINATES
WRITING VELOCITIES TO RESTART FILE AT STEP 350000
FINISHED WRITING RESTART VELOCITIES
LDB: ============= START OF LOAD BALANCING ============== 58948.5
LDB: ============== END OF LOAD BALANCING =============== 58948.5
LDB: =============== DONE WITH MIGRATION ================ 58948.5
LDB: ============= START OF LOAD BALANCING ============== 58956.9
LDB: ============== END OF LOAD BALANCING =============== 58956.9
LDB: =============== DONE WITH MIGRATION ================ 58956.9
LDB: ============= START OF LOAD BALANCING ============== 59284.8
LDB: ============== END OF LOAD BALANCING =============== 59284.8
LDB: =============== DONE WITH MIGRATION ================ 59284.8
LDB: ============= START OF LOAD BALANCING ============== 59293.2
LDB: ============== END OF LOAD BALANCING =============== 59293.2
LDB: =============== DONE WITH MIGRATION ================ 59293.2
LDB: ============= START OF LOAD BALANCING ============== 59621.8
LDB: ============== END OF LOAD BALANCING =============== 59621.8
LDB: =============== DONE WITH MIGRATION ================ 59621.8
LDB: ============= START OF LOAD BALANCING ============== 59630.2
LDB: ============== END OF LOAD BALANCING =============== 59630.2
LDB: =============== DONE WITH MIGRATION ================ 59630.2
LDB: ============= START OF LOAD BALANCING ============== 59958.5
LDB: ============== END OF LOAD BALANCING =============== 59958.5
LDB: =============== DONE WITH MIGRATION ================ 59958.5
LDB: ============= START OF LOAD BALANCING ============== 59966.9
LDB: ============== END OF LOAD BALANCING =============== 59966.9
LDB: =============== DONE WITH MIGRATION ================ 59966.9
LDB: ============= START OF LOAD BALANCING ============== 60295.3
LDB: ============== END OF LOAD BALANCING =============== 60295.3
LDB: =============== DONE WITH MIGRATION ================ 60295.3
LDB: ============= START OF LOAD BALANCING ============== 60303.7
LDB: ============== END OF LOAD BALANCING =============== 60303.7
LDB: =============== DONE WITH MIGRATION ================ 60303.7
PRESSURE: 360000 559.323 -296.363 210.752 -296.363 339.414 359.904 210.752 359.904 -482.392
GPRESSURE: 360000 595.43 -204.035 -28.2642 -502.949 275.346 449.779 477.517 378.182 -366.145
PRESSAVG: 360000 -52.2926 -7.67079 7.48505 -7.67079 20.7161 14.9523 7.48505 14.9523 -5.76123
GPRESSAVG: 360000 -52.3406 -7.66054 7.42167 -7.7971 20.6916 14.8952 7.53202 14.9764 -5.66794
ENERGY:  360000      1500.4729      9010.5187      5657.5966        75.7150         -61586.2596     -1095.7426         0.0000         0.0000     18069.4508         -28368.2482       291.6374    -46437.6990    -28221.7697       293.0924            138.7814       168.2102    264655.6061       -12.4459       -12.4390

WRITING COORDINATES TO DCD FILE NPT.dcd AT STEP 360000
LDB: ============= START OF LOAD BALANCING ============== 60632.1
LDB: ============== END OF LOAD BALANCING =============== 60632.1
LDB: =============== DONE WITH MIGRATION ================ 60632.1
LDB: ============= START OF LOAD BALANCING ============== 60640.6
LDB: ============== END OF LOAD BALANCING =============== 60640.6
LDB: =============== DONE WITH MIGRATION ================ 60640.6
LDB: ============= START OF LOAD BALANCING ============== 60968.9
LDB: ============== END OF LOAD BALANCING =============== 60968.9
LDB: =============== DONE WITH MIGRATION ================ 60968.9
LDB: ============= START OF LOAD BALANCING ============== 60977.4
LDB: ============== END OF LOAD BALANCING =============== 60977.4
LDB: =============== DONE WITH MIGRATION ================ 60977.4
LDB: ============= START OF LOAD BALANCING ============== 61306
LDB: ============== END OF LOAD BALANCING =============== 61306
LDB: =============== DONE WITH MIGRATION ================ 61306
LDB: ============= START OF LOAD BALANCING ============== 61314.4
LDB: ============== END OF LOAD BALANCING =============== 61314.4
LDB: =============== DONE WITH MIGRATION ================ 61314.4
LDB: ============= START OF LOAD BALANCING ============== 61642.7
LDB: ============== END OF LOAD BALANCING =============== 61642.7
LDB: =============== DONE WITH MIGRATION ================ 61642.7
LDB: ============= START OF LOAD BALANCING ============== 61651.1
LDB: ============== END OF LOAD BALANCING =============== 61651.1
LDB: =============== DONE WITH MIGRATION ================ 61651.1
LDB: ============= START OF LOAD BALANCING ============== 61979.7
LDB: ============== END OF LOAD BALANCING =============== 61979.7
LDB: =============== DONE WITH MIGRATION ================ 61979.7
LDB: ============= START OF LOAD BALANCING ============== 61988.1
LDB: ============== END OF LOAD BALANCING =============== 61988.1
LDB: =============== DONE WITH MIGRATION ================ 61988.1
PRESSURE: 370000 503.532 -164.488 60.2056 -164.488 -312.924 443.089 60.2056 443.089 -261.771
GPRESSURE: 370000 364.343 29.4137 144.19 -47.2792 -142.573 398.758 -420.625 389.288 -223.123
PRESSAVG: 370000 -27.1999 -4.54934 2.51079 -4.54934 26.8641 12.9098 2.51079 12.9098 5.25187
GPRESSAVG: 370000 -27.1587 -4.57554 2.5482 -4.4813 26.8901 12.9419 2.52268 12.9064 5.25326
ENERGY:  370000      1493.0481      9012.1016      5738.5498        71.7063         -61505.9030     -1248.6861         0.0000         0.0000     18307.0515         -28132.1317       295.4722    -46439.1833    -27983.5450       292.5366            -23.7208        -0.4510    264568.2716         1.6387         1.6616

WRITING COORDINATES TO DCD FILE NPT.dcd AT STEP 370000
LDB: ============= START OF LOAD BALANCING ============== 62316.8
LDB: ============== END OF LOAD BALANCING =============== 62316.8
LDB: =============== DONE WITH MIGRATION ================ 62316.8
LDB: ============= START OF LOAD BALANCING ============== 62325.2
LDB: ============== END OF LOAD BALANCING =============== 62325.2
LDB: =============== DONE WITH MIGRATION ================ 62325.2
LDB: ============= START OF LOAD BALANCING ============== 62653.8
LDB: ============== END OF LOAD BALANCING =============== 62653.8
LDB: =============== DONE WITH MIGRATION ================ 62653.8
LDB: ============= START OF LOAD BALANCING ============== 62662.2
LDB: ============== END OF LOAD BALANCING =============== 62662.2
LDB: =============== DONE WITH MIGRATION ================ 62662.2
LDB: ============= START OF LOAD BALANCING ============== 62990.9
LDB: ============== END OF LOAD BALANCING =============== 62990.9
LDB: =============== DONE WITH MIGRATION ================ 62990.9
LDB: ============= START OF LOAD BALANCING ============== 62999.4
LDB: ============== END OF LOAD BALANCING =============== 62999.4
LDB: =============== DONE WITH MIGRATION ================ 62999.4
LDB: ============= START OF LOAD BALANCING ============== 63328.3
LDB: ============== END OF LOAD BALANCING =============== 63328.3
LDB: =============== DONE WITH MIGRATION ================ 63328.3
LDB: ============= START OF LOAD BALANCING ============== 63336.7
LDB: ============== END OF LOAD BALANCING =============== 63336.7
LDB: =============== DONE WITH MIGRATION ================ 63336.7
LDB: ============= START OF LOAD BALANCING ============== 63665.5
LDB: ============== END OF LOAD BALANCING =============== 63665.5
LDB: =============== DONE WITH MIGRATION ================ 63665.5
LDB: ============= START OF LOAD BALANCING ============== 63674
LDB: ============== END OF LOAD BALANCING =============== 63674
LDB: =============== DONE WITH MIGRATION ================ 63674
PRESSURE: 380000 -278.186 -137.781 -277.811 -137.781 68.4039 -692.324 -277.811 -692.324 -289.403
GPRESSURE: 380000 -222.009 -113.428 -221.867 -16.8902 135.129 -681.418 -47.5401 -509.427 -372.705
PRESSAVG: 380000 -20.9375 20.8881 -17.1543 20.8881 12.1895 -25.3296 -17.1543 -25.3296 9.26236
GPRESSAVG: 380000 -20.9376 20.8421 -17.2495 20.9491 12.2628 -25.2896 -17.1351 -25.2813 9.21704
ENERGY:  380000      1528.6632      8975.4351      5663.7346        77.4308         -61462.1029     -1311.2119         0.0000         0.0000     17988.1499         -28539.9011       290.3252    -46528.0510    -28393.0217       292.1683           -166.3952      -153.1946    264315.2196         0.1715         0.1808

WRITING COORDINATES TO DCD FILE NPT.dcd AT STEP 380000
LDB: ============= START OF LOAD BALANCING ============== 64002.8
LDB: ============== END OF LOAD BALANCING =============== 64002.8
LDB: =============== DONE WITH MIGRATION ================ 64002.8
LDB: ============= START OF LOAD BALANCING ============== 64011.2
LDB: ============== END OF LOAD BALANCING =============== 64011.2
LDB: =============== DONE WITH MIGRATION ================ 64011.2
LDB: ============= START OF LOAD BALANCING ============== 64339.4
LDB: ============== END OF LOAD BALANCING =============== 64339.4
LDB: =============== DONE WITH MIGRATION ================ 64339.4
LDB: ============= START OF LOAD BALANCING ============== 64347.8
LDB: ============== END OF LOAD BALANCING =============== 64347.8
LDB: =============== DONE WITH MIGRATION ================ 64347.8
LDB: ============= START OF LOAD BALANCING ============== 64675.7
LDB: ============== END OF LOAD BALANCING =============== 64675.7
LDB: =============== DONE WITH MIGRATION ================ 64675.7
LDB: ============= START OF LOAD BALANCING ============== 64684.1
LDB: ============== END OF LOAD BALANCING =============== 64684.1
LDB: =============== DONE WITH MIGRATION ================ 64684.1
LDB: ============= START OF LOAD BALANCING ============== 65012.8
LDB: ============== END OF LOAD BALANCING =============== 65012.8
LDB: =============== DONE WITH MIGRATION ================ 65012.8
LDB: ============= START OF LOAD BALANCING ============== 65021.2
LDB: ============== END OF LOAD BALANCING =============== 65021.2
LDB: =============== DONE WITH MIGRATION ================ 65021.2
LDB: ============= START OF LOAD BALANCING ============== 65349.8
LDB: ============== END OF LOAD BALANCING =============== 65349.8
LDB: =============== DONE WITH MIGRATION ================ 65349.8
LDB: ============= START OF LOAD BALANCING ============== 65358.2
LDB: ============== END OF LOAD BALANCING =============== 65358.2
LDB: =============== DONE WITH MIGRATION ================ 65358.2
PRESSURE: 390000 397.444 -119.044 -461.049 -119.044 155.63 -458.801 -461.049 -458.801 -246.652
GPRESSURE: 390000 427.318 -134.551 -473.03 5.80154 144.071 -441.387 -530.494 -509.982 -199.589
PRESSAVG: 390000 -7.89258 38.281 -5.65092 38.281 3.48958 -4.19557 -5.65092 -4.19557 0.530121
GPRESSAVG: 390000 -7.74893 38.3418 -5.69392 38.324 3.49681 -4.14105 -5.70729 -4.14209 0.475984
ENERGY:  390000      1516.4556      9016.3919      5638.5219        71.3784         -61443.1609     -1183.4269         0.0000         0.0000     18260.4844         -28123.3557       294.7206    -46383.8401    -27978.4026       292.5611            102.1407       123.9334    264544.3808        -1.2910        -1.2587

WRITING COORDINATES TO DCD FILE NPT.dcd AT STEP 390000
LDB: ============= START OF LOAD BALANCING ============== 65686.5
LDB: ============== END OF LOAD BALANCING =============== 65686.5
LDB: =============== DONE WITH MIGRATION ================ 65686.5
LDB: ============= START OF LOAD BALANCING ============== 65694.9
LDB: ============== END OF LOAD BALANCING =============== 65694.9
LDB: =============== DONE WITH MIGRATION ================ 65694.9
LDB: ============= START OF LOAD BALANCING ============== 66023
LDB: ============== END OF LOAD BALANCING =============== 66023
LDB: =============== DONE WITH MIGRATION ================ 66023
LDB: ============= START OF LOAD BALANCING ============== 66031.5
LDB: ============== END OF LOAD BALANCING =============== 66031.5
LDB: =============== DONE WITH MIGRATION ================ 66031.5
LDB: ============= START OF LOAD BALANCING ============== 66359.7
LDB: ============== END OF LOAD BALANCING =============== 66359.7
LDB: =============== DONE WITH MIGRATION ================ 66359.7
LDB: ============= START OF LOAD BALANCING ============== 66368.1
LDB: ============== END OF LOAD BALANCING =============== 66368.1
LDB: =============== DONE WITH MIGRATION ================ 66368.1
LDB: ============= START OF LOAD BALANCING ============== 66696
LDB: ============== END OF LOAD BALANCING =============== 66696
LDB: =============== DONE WITH MIGRATION ================ 66696
LDB: ============= START OF LOAD BALANCING ============== 66704.4
LDB: ============== END OF LOAD BALANCING =============== 66704.4
LDB: =============== DONE WITH MIGRATION ================ 66704.4
LDB: ============= START OF LOAD BALANCING ============== 67032.5
LDB: ============== END OF LOAD BALANCING =============== 67032.5
LDB: =============== DONE WITH MIGRATION ================ 67032.5
LDB: ============= START OF LOAD BALANCING ============== 67041
LDB: ============== END OF LOAD BALANCING =============== 67041
LDB: =============== DONE WITH MIGRATION ================ 67041
PRESSURE: 400000 -136.379 -7.55046 122.038 -7.55046 -239.236 -84.2352 122.038 -84.2352 144.04
GPRESSURE: 400000 -87.2499 -151.17 236.214 -18.1837 -136.922 -102.801 21.6821 -58.4449 -0.407857
PRESSAVG: 400000 -2.8877 2.16439 -6.12679 2.16439 -83.0736 9.63015 -6.12679 9.63015 -1.22933
GPRESSAVG: 400000 -2.83663 2.05841 -6.17992 2.21789 -83.0921 9.58837 -6.17844 9.54069 -1.22764
TIMING: 400000  CPU: 67319, 0.168451/step  Wall: 67319.5, 0.168452/step, 28.0753 hours remaining, 685.320859 MB of memory in use.
PERFORMANCE: 400000  averaging 1.02675 ns/day, 0.168298 sec/step with standard deviation 0.000313645
ETITLE:      TS           BOND          ANGLE          DIHED          IMPRP               ELECT            VDW       BOUNDARY           MISC        KINETIC               TOTAL           TEMP      POTENTIAL         TOTAL3        TEMPAVG            PRESSURE      GPRESSURE         VOLUME       PRESSAVG      GPRESSAVG

ENERGY:  400000      1587.8530      9026.1216      5741.0544        57.1727         -61344.3428     -1340.6074         0.0000         0.0000     18092.1850         -28180.5635       292.0043    -46272.7485    -28039.6584       293.0755            -77.1917       -74.8601    264859.3440       -29.0635       -29.0521

WRITING EXTENDED SYSTEM TO RESTART FILE AT STEP 400000
WRITING COORDINATES TO DCD FILE NPT.dcd AT STEP 400000
WRITING COORDINATES TO RESTART FILE AT STEP 400000
FINISHED WRITING RESTART COORDINATES
WRITING VELOCITIES TO RESTART FILE AT STEP 400000
FINISHED WRITING RESTART VELOCITIES
LDB: ============= START OF LOAD BALANCING ============== 67369.4
LDB: ============== END OF LOAD BALANCING =============== 67369.4
LDB: =============== DONE WITH MIGRATION ================ 67369.4
LDB: ============= START OF LOAD BALANCING ============== 67377.8
LDB: ============== END OF LOAD BALANCING =============== 67377.8
LDB: =============== DONE WITH MIGRATION ================ 67377.8
LDB: ============= START OF LOAD BALANCING ============== 67705.8
LDB: ============== END OF LOAD BALANCING =============== 67705.8
LDB: =============== DONE WITH MIGRATION ================ 67705.8
LDB: ============= START OF LOAD BALANCING ============== 67714.2
LDB: ============== END OF LOAD BALANCING =============== 67714.2
LDB: =============== DONE WITH MIGRATION ================ 67714.2
LDB: ============= START OF LOAD BALANCING ============== 68042.5
LDB: ============== END OF LOAD BALANCING =============== 68042.5
LDB: =============== DONE WITH MIGRATION ================ 68042.5
LDB: ============= START OF LOAD BALANCING ============== 68050.9
LDB: ============== END OF LOAD BALANCING =============== 68050.9
LDB: =============== DONE WITH MIGRATION ================ 68050.9
LDB: ============= START OF LOAD BALANCING ============== 68379.1
LDB: ============== END OF LOAD BALANCING =============== 68379.1
LDB: =============== DONE WITH MIGRATION ================ 68379.1
LDB: ============= START OF LOAD BALANCING ============== 68387.5
LDB: ============== END OF LOAD BALANCING =============== 68387.5
LDB: =============== DONE WITH MIGRATION ================ 68387.5
LDB: ============= START OF LOAD BALANCING ============== 68715.8
LDB: ============== END OF LOAD BALANCING =============== 68715.8
LDB: =============== DONE WITH MIGRATION ================ 68715.8
LDB: ============= START OF LOAD BALANCING ============== 68724.2
LDB: ============== END OF LOAD BALANCING =============== 68724.2
LDB: =============== DONE WITH MIGRATION ================ 68724.2
PRESSURE: 410000 -328.697 84.8743 -73.9708 84.8743 627.065 -223.309 -73.9708 -223.309 -902.325
GPRESSURE: 410000 -222.317 -5.75667 -18.7414 147.084 559.96 -113.348 72.144 -214.223 -901.166
PRESSAVG: 410000 21.7282 -14.2653 6.55519 -14.2653 -99.581 12.2919 6.55519 12.2919 -0.701648
GPRESSAVG: 410000 21.7375 -14.188 6.5217 -14.1811 -99.6142 12.3912 6.74287 12.177 -0.723128
ENERGY:  410000      1565.3526      9047.2309      5710.9619        69.2811         -61292.1300     -1296.3711         0.0000         0.0000     18039.5323         -28156.1423       291.1545    -46195.6746    -28011.9713       292.5934           -201.3193      -187.8414    264813.6903       -26.1848       -26.2000

WRITING COORDINATES TO DCD FILE NPT.dcd AT STEP 410000
LDB: ============= START OF LOAD BALANCING ============== 69052.7
LDB: ============== END OF LOAD BALANCING =============== 69052.7
LDB: =============== DONE WITH MIGRATION ================ 69052.7
LDB: ============= START OF LOAD BALANCING ============== 69061.1
LDB: ============== END OF LOAD BALANCING =============== 69061.1
LDB: =============== DONE WITH MIGRATION ================ 69061.1
LDB: ============= START OF LOAD BALANCING ============== 69389.7
LDB: ============== END OF LOAD BALANCING =============== 69389.7
LDB: =============== DONE WITH MIGRATION ================ 69389.7
LDB: ============= START OF LOAD BALANCING ============== 69398.2
LDB: ============== END OF LOAD BALANCING =============== 69398.2
LDB: =============== DONE WITH MIGRATION ================ 69398.2
LDB: ============= START OF LOAD BALANCING ============== 69726.1
LDB: ============== END OF LOAD BALANCING =============== 69726.1
LDB: =============== DONE WITH MIGRATION ================ 69726.1
LDB: ============= START OF LOAD BALANCING ============== 69734.5
LDB: ============== END OF LOAD BALANCING =============== 69734.5
LDB: =============== DONE WITH MIGRATION ================ 69734.5
LDB: ============= START OF LOAD BALANCING ============== 70062.5
LDB: ============== END OF LOAD BALANCING =============== 70062.5
LDB: =============== DONE WITH MIGRATION ================ 70062.5
LDB: ============= START OF LOAD BALANCING ============== 70070.9
LDB: ============== END OF LOAD BALANCING =============== 70070.9
LDB: =============== DONE WITH MIGRATION ================ 70070.9
LDB: ============= START OF LOAD BALANCING ============== 70399.7
LDB: ============== END OF LOAD BALANCING =============== 70399.7
LDB: =============== DONE WITH MIGRATION ================ 70399.7
LDB: ============= START OF LOAD BALANCING ============== 70408.1
LDB: ============== END OF LOAD BALANCING =============== 70408.1
LDB: =============== DONE WITH MIGRATION ================ 70408.1
PRESSURE: 420000 251.153 -537.526 -79.9709 -537.526 530.677 -77.2596 -79.9709 -77.2596 295.761
GPRESSURE: 420000 454.767 -537.824 190.295 -534.882 461.331 16.9369 -58.804 -99.1768 271.393
PRESSAVG: 420000 15.9574 -14.5227 -2.63812 -14.5227 -89.3294 -23.9213 -2.63812 -23.9213 2.3642
GPRESSAVG: 420000 16.0041 -14.5904 -2.63328 -14.6569 -89.2661 -23.9042 -2.72213 -23.794 2.33561
ENERGY:  420000      1508.6956      8869.6059      5709.5580        73.0171         -61405.5861     -1124.5651         0.0000         0.0000     18187.0658         -28182.2089       293.5356    -46369.2747    -28031.8066       293.0020            359.1967       395.8306    264986.5831       -23.6692       -23.6421

WRITING COORDINATES TO DCD FILE NPT.dcd AT STEP 420000
LDB: ============= START OF LOAD BALANCING ============== 70736.4
LDB: ============== END OF LOAD BALANCING =============== 70736.4
LDB: =============== DONE WITH MIGRATION ================ 70736.4
LDB: ============= START OF LOAD BALANCING ============== 70744.9
LDB: ============== END OF LOAD BALANCING =============== 70744.9
LDB: =============== DONE WITH MIGRATION ================ 70744.9
LDB: ============= START OF LOAD BALANCING ============== 71073.1
LDB: ============== END OF LOAD BALANCING =============== 71073.1
LDB: =============== DONE WITH MIGRATION ================ 71073.1
LDB: ============= START OF LOAD BALANCING ============== 71081.6
LDB: ============== END OF LOAD BALANCING =============== 71081.6
LDB: =============== DONE WITH MIGRATION ================ 71081.6
LDB: ============= START OF LOAD BALANCING ============== 71410.1
LDB: ============== END OF LOAD BALANCING =============== 71410.1
LDB: =============== DONE WITH MIGRATION ================ 71410.1
LDB: ============= START OF LOAD BALANCING ============== 71418.5
LDB: ============== END OF LOAD BALANCING =============== 71418.5
LDB: =============== DONE WITH MIGRATION ================ 71418.5
LDB: ============= START OF LOAD BALANCING ============== 71747.5
LDB: ============== END OF LOAD BALANCING =============== 71747.5
LDB: =============== DONE WITH MIGRATION ================ 71747.5
LDB: ============= START OF LOAD BALANCING ============== 71755.9
LDB: ============== END OF LOAD BALANCING =============== 71755.9
LDB: =============== DONE WITH MIGRATION ================ 71755.9
LDB: ============= START OF LOAD BALANCING ============== 72084
LDB: ============== END OF LOAD BALANCING =============== 72084
LDB: =============== DONE WITH MIGRATION ================ 72084
LDB: ============= START OF LOAD BALANCING ============== 72092.4
LDB: ============== END OF LOAD BALANCING =============== 72092.4
LDB: =============== DONE WITH MIGRATION ================ 72092.4
PRESSURE: 430000 -85.5135 128.909 91.88 128.909 -14.9216 99.482 91.88 99.482 -241.983
GPRESSURE: 430000 -88.3736 239.115 109.472 7.61608 81.1949 56.896 144.875 62.6493 -282.019
PRESSAVG: 430000 -10.1067 7.09524 -3.52388 7.09524 -73.9055 15.4301 -3.52388 15.4301 4.96513
GPRESSAVG: 430000 -10.0825 7.05946 -3.60754 6.9785 -73.9315 15.4598 -3.41557 15.3882 4.79087
ENERGY:  430000      1560.1135      8946.2270      5725.9999        71.1700         -61123.7204     -1412.6337         0.0000         0.0000     17990.6244         -28242.2192       290.3651    -46232.8436    -28089.9789       292.9922           -114.1392       -96.3991    265058.0460       -26.3490       -26.4077

WRITING COORDINATES TO DCD FILE NPT.dcd AT STEP 430000
LDB: ============= START OF LOAD BALANCING ============== 72420.7
LDB: ============== END OF LOAD BALANCING =============== 72420.7
LDB: =============== DONE WITH MIGRATION ================ 72420.7
LDB: ============= START OF LOAD BALANCING ============== 72429.1
LDB: ============== END OF LOAD BALANCING =============== 72429.1
LDB: =============== DONE WITH MIGRATION ================ 72429.1
LDB: ============= START OF LOAD BALANCING ============== 72757.6
LDB: ============== END OF LOAD BALANCING =============== 72757.6
LDB: =============== DONE WITH MIGRATION ================ 72757.6
LDB: ============= START OF LOAD BALANCING ============== 72766.1
LDB: ============== END OF LOAD BALANCING =============== 72766.1
LDB: =============== DONE WITH MIGRATION ================ 72766.1
LDB: ============= START OF LOAD BALANCING ============== 73094.4
LDB: ============== END OF LOAD BALANCING =============== 73094.4
LDB: =============== DONE WITH MIGRATION ================ 73094.4
LDB: ============= START OF LOAD BALANCING ============== 73102.9
LDB: ============== END OF LOAD BALANCING =============== 73102.9
LDB: =============== DONE WITH MIGRATION ================ 73102.9
LDB: ============= START OF LOAD BALANCING ============== 73430.5
LDB: ============== END OF LOAD BALANCING =============== 73430.5
LDB: =============== DONE WITH MIGRATION ================ 73430.5
LDB: ============= START OF LOAD BALANCING ============== 73438.9
LDB: ============== END OF LOAD BALANCING =============== 73438.9
LDB: =============== DONE WITH MIGRATION ================ 73438.9
LDB: ============= START OF LOAD BALANCING ============== 73766.9
LDB: ============== END OF LOAD BALANCING =============== 73766.9
LDB: =============== DONE WITH MIGRATION ================ 73766.9
LDB: ============= START OF LOAD BALANCING ============== 73775.3
LDB: ============== END OF LOAD BALANCING =============== 73775.3
LDB: =============== DONE WITH MIGRATION ================ 73775.3
PRESSURE: 440000 491.488 -92.5746 -19.9263 -92.5746 -187.584 -164.382 -19.9263 -164.382 139.184
GPRESSURE: 440000 403.203 16.3335 120.093 23.9204 69.4091 81.3707 -103.34 -319.066 52.2278
PRESSAVG: 440000 8.16426 -11.5369 -20.6163 -11.5369 -115.285 2.41391 -20.6163 2.41391 1.2346
GPRESSAVG: 440000 8.13155 -11.4264 -20.5487 -11.4932 -115.259 2.41895 -20.6419 2.4013 1.29126
ENERGY:  440000      1523.5370      9013.3937      5704.6857        68.9900         -61343.3879     -1234.6316         0.0000         0.0000     18037.9270         -28229.4862       291.1286    -46267.4132    -28087.9506       292.3346            147.6959       174.9468    266231.4610       -35.2954       -35.2788

WRITING COORDINATES TO DCD FILE NPT.dcd AT STEP 440000
LDB: ============= START OF LOAD BALANCING ============== 74102.3
LDB: ============== END OF LOAD BALANCING =============== 74102.3
LDB: =============== DONE WITH MIGRATION ================ 74102.3
LDB: ============= START OF LOAD BALANCING ============== 74110.7
LDB: ============== END OF LOAD BALANCING =============== 74110.7
LDB: =============== DONE WITH MIGRATION ================ 74110.7
LDB: ============= START OF LOAD BALANCING ============== 74437.8
LDB: ============== END OF LOAD BALANCING =============== 74437.8
LDB: =============== DONE WITH MIGRATION ================ 74437.8
LDB: ============= START OF LOAD BALANCING ============== 74446.2
LDB: ============== END OF LOAD BALANCING =============== 74446.2
LDB: =============== DONE WITH MIGRATION ================ 74446.2
LDB: ============= START OF LOAD BALANCING ============== 74773.8
LDB: ============== END OF LOAD BALANCING =============== 74773.8
LDB: =============== DONE WITH MIGRATION ================ 74773.8
LDB: ============= START OF LOAD BALANCING ============== 74782.2
LDB: ============== END OF LOAD BALANCING =============== 74782.2
LDB: =============== DONE WITH MIGRATION ================ 74782.2
LDB: ============= START OF LOAD BALANCING ============== 75110.2
LDB: ============== END OF LOAD BALANCING =============== 75110.2
LDB: =============== DONE WITH MIGRATION ================ 75110.2
LDB: ============= START OF LOAD BALANCING ============== 75118.6
LDB: ============== END OF LOAD BALANCING =============== 75118.6
LDB: =============== DONE WITH MIGRATION ================ 75118.6
LDB: ============= START OF LOAD BALANCING ============== 75446.2
LDB: ============== END OF LOAD BALANCING =============== 75446.2
LDB: =============== DONE WITH MIGRATION ================ 75446.2
LDB: ============= START OF LOAD BALANCING ============== 75454.6
LDB: ============== END OF LOAD BALANCING =============== 75454.6
LDB: =============== DONE WITH MIGRATION ================ 75454.6
PRESSURE: 450000 -556.157 83.253 -401.484 83.253 -309.924 19.2459 -401.484 19.2459 -215.846
GPRESSURE: 450000 -577.234 -44.43 -445.611 -59.0496 -311.713 227.633 -456.061 -277.092 -144.471
PRESSAVG: 450000 -9.0286 20.374 -0.500397 20.374 -142.28 15.1234 -0.500397 15.1234 3.66279
GPRESSAVG: 450000 -9.02512 20.3732 -0.56855 20.3224 -142.327 15.1838 -0.453805 15.0756 3.67819
ENERGY:  450000      1572.8132      9004.0906      5711.2458        80.2161         -61271.8313     -1206.8091         0.0000         0.0000     18208.5292         -27901.7456       293.8821    -46110.2747    -27764.7818       292.9278           -360.6425      -344.4725    266451.5838       -49.2151       -49.2246

WRITING EXTENDED SYSTEM TO RESTART FILE AT STEP 450000
WRITING COORDINATES TO DCD FILE NPT.dcd AT STEP 450000
WRITING COORDINATES TO RESTART FILE AT STEP 450000
FINISHED WRITING RESTART COORDINATES
WRITING VELOCITIES TO RESTART FILE AT STEP 450000
FINISHED WRITING RESTART VELOCITIES
LDB: ============= START OF LOAD BALANCING ============== 75781.6
LDB: ============== END OF LOAD BALANCING =============== 75781.6
LDB: =============== DONE WITH MIGRATION ================ 75781.6
LDB: ============= START OF LOAD BALANCING ============== 75790
LDB: ============== END OF LOAD BALANCING =============== 75790
LDB: =============== DONE WITH MIGRATION ================ 75790
LDB: ============= START OF LOAD BALANCING ============== 76117.7
LDB: ============== END OF LOAD BALANCING =============== 76117.7
LDB: =============== DONE WITH MIGRATION ================ 76117.7
LDB: ============= START OF LOAD BALANCING ============== 76126.1
LDB: ============== END OF LOAD BALANCING =============== 76126.1
LDB: =============== DONE WITH MIGRATION ================ 76126.1
LDB: ============= START OF LOAD BALANCING ============== 76454.3
LDB: ============== END OF LOAD BALANCING =============== 76454.3
LDB: =============== DONE WITH MIGRATION ================ 76454.3
LDB: ============= START OF LOAD BALANCING ============== 76462.7
LDB: ============== END OF LOAD BALANCING =============== 76462.7
LDB: =============== DONE WITH MIGRATION ================ 76462.7
LDB: ============= START OF LOAD BALANCING ============== 76790.7
LDB: ============== END OF LOAD BALANCING =============== 76790.7
LDB: =============== DONE WITH MIGRATION ================ 76790.7
LDB: ============= START OF LOAD BALANCING ============== 76799.2
LDB: ============== END OF LOAD BALANCING =============== 76799.2
LDB: =============== DONE WITH MIGRATION ================ 76799.2
LDB: ============= START OF LOAD BALANCING ============== 77127.9
LDB: ============== END OF LOAD BALANCING =============== 77127.9
LDB: =============== DONE WITH MIGRATION ================ 77127.9
LDB: ============= START OF LOAD BALANCING ============== 77136.4
LDB: ============== END OF LOAD BALANCING =============== 77136.4
LDB: =============== DONE WITH MIGRATION ================ 77136.4
PRESSURE: 460000 -612.129 162.43 -43.2284 162.43 -162.597 161.031 -43.2284 161.031 -140.832
GPRESSURE: 460000 -456.801 300.15 -51.3579 103.496 -2.44833 96.5756 -40.2757 226.728 -421.832
PRESSAVG: 460000 -9.79412 31.566 6.93498 31.566 -40.8267 7.81885 6.93498 7.81885 0.960056
GPRESSAVG: 460000 -9.80804 31.6691 6.94671 31.5498 -40.6746 7.73742 6.86821 7.85973 0.903984
ENERGY:  460000      1538.2350      9198.9044      5637.1932        82.8763         -61315.0391     -1250.7878         0.0000         0.0000     18001.9598         -28106.6582       290.5481    -46108.6180    -27969.2247       292.8742           -305.1859      -293.6937    263949.5025       -16.5536       -16.5262

WRITING COORDINATES TO DCD FILE NPT.dcd AT STEP 460000
LDB: ============= START OF LOAD BALANCING ============== 77465.1
LDB: ============== END OF LOAD BALANCING =============== 77465.1
LDB: =============== DONE WITH MIGRATION ================ 77465.1
LDB: ============= START OF LOAD BALANCING ============== 77473.6
LDB: ============== END OF LOAD BALANCING =============== 77473.6
LDB: =============== DONE WITH MIGRATION ================ 77473.6
LDB: ============= START OF LOAD BALANCING ============== 77802.2
LDB: ============== END OF LOAD BALANCING =============== 77802.2
LDB: =============== DONE WITH MIGRATION ================ 77802.2
LDB: ============= START OF LOAD BALANCING ============== 77810.6
LDB: ============== END OF LOAD BALANCING =============== 77810.6
LDB: =============== DONE WITH MIGRATION ================ 77810.6
LDB: ============= START OF LOAD BALANCING ============== 78139.4
LDB: ============== END OF LOAD BALANCING =============== 78139.4
LDB: =============== DONE WITH MIGRATION ================ 78139.4
LDB: ============= START OF LOAD BALANCING ============== 78147.9
LDB: ============== END OF LOAD BALANCING =============== 78147.9
LDB: =============== DONE WITH MIGRATION ================ 78147.9
LDB: ============= START OF LOAD BALANCING ============== 78476.9
LDB: ============== END OF LOAD BALANCING =============== 78476.9
LDB: =============== DONE WITH MIGRATION ================ 78476.9
LDB: ============= START OF LOAD BALANCING ============== 78485.3
LDB: ============== END OF LOAD BALANCING =============== 78485.3
LDB: =============== DONE WITH MIGRATION ================ 78485.3
LDB: ============= START OF LOAD BALANCING ============== 78814.1
LDB: ============== END OF LOAD BALANCING =============== 78814.1
LDB: =============== DONE WITH MIGRATION ================ 78814.1
LDB: ============= START OF LOAD BALANCING ============== 78822.6
LDB: ============== END OF LOAD BALANCING =============== 78822.6
LDB: =============== DONE WITH MIGRATION ================ 78822.6
PRESSURE: 470000 -235.419 -238.305 14.2089 -238.305 -24.1338 26.4021 14.2089 26.4021 176.138
GPRESSURE: 470000 -243.537 -435.535 -20.0438 -469.774 23.4359 -52.2648 214.457 9.94683 192.231
PRESSAVG: 470000 60.2865 -9.07464 -5.67765 -9.07464 -48.0525 -6.88989 -5.67765 -6.88989 0.897627
GPRESSAVG: 470000 60.2362 -9.1444 -5.76756 -9.08829 -48.0849 -6.84206 -5.68471 -6.93179 0.871606
ENERGY:  470000      1574.5159      8963.1848      5677.8902        67.0538         -61369.3066     -1164.7639         0.0000         0.0000     18216.0446         -28035.3812       294.0034    -46251.4258    -27889.7433       293.2809            -27.8049        -9.2899    265328.9358         4.3772         4.3410

WRITING COORDINATES TO DCD FILE NPT.dcd AT STEP 470000
LDB: ============= START OF LOAD BALANCING ============== 79150.9
LDB: ============== END OF LOAD BALANCING =============== 79150.9
LDB: =============== DONE WITH MIGRATION ================ 79150.9
LDB: ============= START OF LOAD BALANCING ============== 79159.3
LDB: ============== END OF LOAD BALANCING =============== 79159.3
LDB: =============== DONE WITH MIGRATION ================ 79159.3
LDB: ============= START OF LOAD BALANCING ============== 79487.7
LDB: ============== END OF LOAD BALANCING =============== 79487.7
LDB: =============== DONE WITH MIGRATION ================ 79487.7
LDB: ============= START OF LOAD BALANCING ============== 79496.1
LDB: ============== END OF LOAD BALANCING =============== 79496.1
LDB: =============== DONE WITH MIGRATION ================ 79496.1
LDB: ============= START OF LOAD BALANCING ============== 79824.2
LDB: ============== END OF LOAD BALANCING =============== 79824.2
LDB: =============== DONE WITH MIGRATION ================ 79824.2
LDB: ============= START OF LOAD BALANCING ============== 79832.6
LDB: ============== END OF LOAD BALANCING =============== 79832.6
LDB: =============== DONE WITH MIGRATION ================ 79832.6
LDB: ============= START OF LOAD BALANCING ============== 80160.6
LDB: ============== END OF LOAD BALANCING =============== 80160.6
LDB: =============== DONE WITH MIGRATION ================ 80160.6
LDB: ============= START OF LOAD BALANCING ============== 80169
LDB: ============== END OF LOAD BALANCING =============== 80169
LDB: =============== DONE WITH MIGRATION ================ 80169
LDB: ============= START OF LOAD BALANCING ============== 80497.4
LDB: ============== END OF LOAD BALANCING =============== 80497.4
LDB: =============== DONE WITH MIGRATION ================ 80497.4
LDB: ============= START OF LOAD BALANCING ============== 80505.8
LDB: ============== END OF LOAD BALANCING =============== 80505.8
LDB: =============== DONE WITH MIGRATION ================ 80505.8
PRESSURE: 480000 -430.615 74.7023 -192.068 74.7023 -176.698 14.6519 -192.068 14.6519 123.168
GPRESSURE: 480000 -515.949 205.827 -385.046 -181.311 -15.6934 32.6195 -137.144 -107.786 83.7899
PRESSAVG: 480000 -7.9597 -3.64839 19.925 -3.64839 -114.681 6.34319 19.925 6.34319 4.06185
GPRESSAVG: 480000 -8.01116 -3.69186 20.0315 -3.53958 -114.698 6.31999 19.8087 6.40895 4.11696
ENERGY:  480000      1533.9541      8909.4650      5619.7013        67.6917         -61267.5381     -1371.5252         0.0000         0.0000     18165.9015         -28342.3497       293.1941    -46508.2512    -28193.3373       292.6328           -161.3819      -149.2841    265238.8040       -39.5262       -39.5308

WRITING COORDINATES TO DCD FILE NPT.dcd AT STEP 480000
LDB: ============= START OF LOAD BALANCING ============== 80834.7
LDB: ============== END OF LOAD BALANCING =============== 80834.7
LDB: =============== DONE WITH MIGRATION ================ 80834.7
LDB: ============= START OF LOAD BALANCING ============== 80843.2
LDB: ============== END OF LOAD BALANCING =============== 80843.2
LDB: =============== DONE WITH MIGRATION ================ 80843.2
LDB: ============= START OF LOAD BALANCING ============== 81171.4
LDB: ============== END OF LOAD BALANCING =============== 81171.4
LDB: =============== DONE WITH MIGRATION ================ 81171.4
LDB: ============= START OF LOAD BALANCING ============== 81179.8
LDB: ============== END OF LOAD BALANCING =============== 81179.8
LDB: =============== DONE WITH MIGRATION ================ 81179.8
LDB: ============= START OF LOAD BALANCING ============== 81507.7
LDB: ============== END OF LOAD BALANCING =============== 81507.7
LDB: =============== DONE WITH MIGRATION ================ 81507.7
LDB: ============= START OF LOAD BALANCING ============== 81516.1
LDB: ============== END OF LOAD BALANCING =============== 81516.1
LDB: =============== DONE WITH MIGRATION ================ 81516.1
LDB: ============= START OF LOAD BALANCING ============== 81843.6
LDB: ============== END OF LOAD BALANCING =============== 81843.6
LDB: =============== DONE WITH MIGRATION ================ 81843.6
LDB: ============= START OF LOAD BALANCING ============== 81852
LDB: ============== END OF LOAD BALANCING =============== 81852
LDB: =============== DONE WITH MIGRATION ================ 81852
LDB: ============= START OF LOAD BALANCING ============== 82179.8
LDB: ============== END OF LOAD BALANCING =============== 82179.8
LDB: =============== DONE WITH MIGRATION ================ 82179.8
LDB: ============= START OF LOAD BALANCING ============== 82188.2
LDB: ============== END OF LOAD BALANCING =============== 82188.2
LDB: =============== DONE WITH MIGRATION ================ 82188.2
PRESSURE: 490000 -364.233 20.4838 30.0895 20.4838 -581.98 197.875 30.0895 197.875 -112.983
GPRESSURE: 490000 -331.371 203.344 232.868 84.7917 -576.841 228.139 -242.972 205.146 -126.564
PRESSAVG: 490000 -45.0858 -39.9209 14.1746 -39.9209 -114.153 8.61923 14.1746 8.61923 2.6168
GPRESSAVG: 490000 -45.0174 -39.9059 14.056 -39.8888 -114.205 8.54867 14.1836 8.5932 2.61
ENERGY:  490000      1530.9998      9095.7450      5658.6133        77.7095         -61569.3822     -1186.6265         0.0000         0.0000     18123.0708         -28269.8704       292.5028    -46392.9412    -28130.6530       292.1810           -353.0655      -344.9252    265039.4760       -52.2073       -52.2040

WRITING COORDINATES TO DCD FILE NPT.dcd AT STEP 490000
LDB: ============= START OF LOAD BALANCING ============== 82516.5
LDB: ============== END OF LOAD BALANCING =============== 82516.5
LDB: =============== DONE WITH MIGRATION ================ 82516.5
LDB: ============= START OF LOAD BALANCING ============== 82525
LDB: ============== END OF LOAD BALANCING =============== 82525
LDB: =============== DONE WITH MIGRATION ================ 82525
LDB: ============= START OF LOAD BALANCING ============== 82853.3
LDB: ============== END OF LOAD BALANCING =============== 82853.3
LDB: =============== DONE WITH MIGRATION ================ 82853.3
LDB: ============= START OF LOAD BALANCING ============== 82861.8
LDB: ============== END OF LOAD BALANCING =============== 82861.8
LDB: =============== DONE WITH MIGRATION ================ 82861.8
LDB: ============= START OF LOAD BALANCING ============== 83190.2
LDB: ============== END OF LOAD BALANCING =============== 83190.2
LDB: =============== DONE WITH MIGRATION ================ 83190.2
LDB: ============= START OF LOAD BALANCING ============== 83198.6
LDB: ============== END OF LOAD BALANCING =============== 83198.6
LDB: =============== DONE WITH MIGRATION ================ 83198.6
LDB: ============= START OF LOAD BALANCING ============== 83527.2
LDB: ============== END OF LOAD BALANCING =============== 83527.2
LDB: =============== DONE WITH MIGRATION ================ 83527.2
LDB: ============= START OF LOAD BALANCING ============== 83535.6
LDB: ============== END OF LOAD BALANCING =============== 83535.6
LDB: =============== DONE WITH MIGRATION ================ 83535.6
LDB: ============= START OF LOAD BALANCING ============== 83864.1
LDB: ============== END OF LOAD BALANCING =============== 83864.1
LDB: =============== DONE WITH MIGRATION ================ 83864.1
LDB: ============= START OF LOAD BALANCING ============== 83872.6
LDB: ============== END OF LOAD BALANCING =============== 83872.6
LDB: =============== DONE WITH MIGRATION ================ 83872.6
PRESSURE: 500000 -971.437 -165.261 271.43 -165.261 -659.749 27.7698 271.43 27.7698 -225.546
GPRESSURE: 500000 -789.445 -282.052 125.506 170.739 -778.639 62.7848 162.778 147.15 -224.751
PRESSAVG: 500000 -32.4817 -45.1608 -19.3719 -45.1608 -119.483 12.2864 -19.3719 12.2864 4.42411
GPRESSAVG: 500000 -32.4856 -45.1705 -19.2798 -45.2609 -119.475 12.2454 -19.3347 12.4358 4.36635
TIMING: 500000  CPU: 84150.5, 0.168315/step  Wall: 84151.2, 0.168316/step, 23.3773 hours remaining, 685.320859 MB of memory in use.
PERFORMANCE: 500000  averaging 1.02673 ns/day, 0.168302 sec/step with standard deviation 0.000271749
ETITLE:      TS           BOND          ANGLE          DIHED          IMPRP               ELECT            VDW       BOUNDARY           MISC        KINETIC               TOTAL           TEMP      POTENTIAL         TOTAL3        TEMPAVG            PRESSURE      GPRESSURE         VOLUME       PRESSAVG      GPRESSAVG

ENERGY:  500000      1586.2759      8937.7793      5697.5255        83.3842         -61597.8495     -1183.3215         0.0000         0.0000     18015.0481         -28461.1581       290.7593    -46476.2061    -28318.4722       291.8614           -618.9107      -597.6117    264832.1263       -49.1803       -49.1979

WRITING EXTENDED SYSTEM TO RESTART FILE AT STEP 500000
WRITING COORDINATES TO DCD FILE NPT.dcd AT STEP 500000
WRITING COORDINATES TO RESTART FILE AT STEP 500000
FINISHED WRITING RESTART COORDINATES
WRITING VELOCITIES TO RESTART FILE AT STEP 500000
FINISHED WRITING RESTART VELOCITIES
LDB: ============= START OF LOAD BALANCING ============== 84201.1
LDB: ============== END OF LOAD BALANCING =============== 84201.1
LDB: =============== DONE WITH MIGRATION ================ 84201.1
LDB: ============= START OF LOAD BALANCING ============== 84209.5
LDB: ============== END OF LOAD BALANCING =============== 84209.5
LDB: =============== DONE WITH MIGRATION ================ 84209.5
LDB: ============= START OF LOAD BALANCING ============== 84537.7
LDB: ============== END OF LOAD BALANCING =============== 84537.7
LDB: =============== DONE WITH MIGRATION ================ 84537.7
LDB: ============= START OF LOAD BALANCING ============== 84546.1
LDB: ============== END OF LOAD BALANCING =============== 84546.1
LDB: =============== DONE WITH MIGRATION ================ 84546.1
LDB: ============= START OF LOAD BALANCING ============== 84874.4
LDB: ============== END OF LOAD BALANCING =============== 84874.4
LDB: =============== DONE WITH MIGRATION ================ 84874.4
LDB: ============= START OF LOAD BALANCING ============== 84882.9
LDB: ============== END OF LOAD BALANCING =============== 84882.9
LDB: =============== DONE WITH MIGRATION ================ 84882.9
LDB: ============= START OF LOAD BALANCING ============== 85211.6
LDB: ============== END OF LOAD BALANCING =============== 85211.6
LDB: =============== DONE WITH MIGRATION ================ 85211.6
LDB: ============= START OF LOAD BALANCING ============== 85220
LDB: ============== END OF LOAD BALANCING =============== 85220
LDB: =============== DONE WITH MIGRATION ================ 85220
LDB: ============= START OF LOAD BALANCING ============== 85548.8
LDB: ============== END OF LOAD BALANCING =============== 85548.8
LDB: =============== DONE WITH MIGRATION ================ 85548.8
LDB: ============= START OF LOAD BALANCING ============== 85557.2
LDB: ============== END OF LOAD BALANCING =============== 85557.2
LDB: =============== DONE WITH MIGRATION ================ 85557.2
PRESSURE: 510000 -581.312 320.813 7.49868 320.813 -790.524 -29.1922 7.49868 -29.1922 18.8569
GPRESSURE: 510000 -443.746 341.592 98.7563 225.973 -729.3 -132.083 37.9869 36.6348 -129.849
PRESSAVG: 510000 -45.9412 -45.1764 12.2584 -45.1764 -47.8095 1.03378 12.2584 1.03378 0.109099
GPRESSAVG: 510000 -45.9525 -45.0867 12.4372 -45.2621 -47.7925 1.11684 12.242 1.10204 0.136653
ENERGY:  510000      1550.7940      9036.7468      5684.8140        62.9449         -61433.0563     -1256.6516         0.0000         0.0000     18157.5360         -28196.8722       293.0590    -46354.4082    -28047.3639       292.5249           -450.9933      -434.2981    267015.7257       -31.2139       -31.2028

WRITING COORDINATES TO DCD FILE NPT.dcd AT STEP 510000
LDB: ============= START OF LOAD BALANCING ============== 85885.1
LDB: ============== END OF LOAD BALANCING =============== 85885.1
LDB: =============== DONE WITH MIGRATION ================ 85885.1
LDB: ============= START OF LOAD BALANCING ============== 85893.6
LDB: ============== END OF LOAD BALANCING =============== 85893.6
LDB: =============== DONE WITH MIGRATION ================ 85893.6
LDB: ============= START OF LOAD BALANCING ============== 86221.4
LDB: ============== END OF LOAD BALANCING =============== 86221.4
LDB: =============== DONE WITH MIGRATION ================ 86221.4
LDB: ============= START OF LOAD BALANCING ============== 86229.8
LDB: ============== END OF LOAD BALANCING =============== 86229.8
LDB: =============== DONE WITH MIGRATION ================ 86229.8
LDB: ============= START OF LOAD BALANCING ============== 86557.9
LDB: ============== END OF LOAD BALANCING =============== 86557.9
LDB: =============== DONE WITH MIGRATION ================ 86557.9
LDB: ============= START OF LOAD BALANCING ============== 86566.3
LDB: ============== END OF LOAD BALANCING =============== 86566.3
LDB: =============== DONE WITH MIGRATION ================ 86566.3
LDB: ============= START OF LOAD BALANCING ============== 86894.9
LDB: ============== END OF LOAD BALANCING =============== 86894.9
LDB: =============== DONE WITH MIGRATION ================ 86894.9
LDB: ============= START OF LOAD BALANCING ============== 86903.4
LDB: ============== END OF LOAD BALANCING =============== 86903.4
LDB: =============== DONE WITH MIGRATION ================ 86903.4
LDB: ============= START OF LOAD BALANCING ============== 87232.1
LDB: ============== END OF LOAD BALANCING =============== 87232.1
LDB: =============== DONE WITH MIGRATION ================ 87232.1
LDB: ============= START OF LOAD BALANCING ============== 87240.6
LDB: ============== END OF LOAD BALANCING =============== 87240.6
LDB: =============== DONE WITH MIGRATION ================ 87240.6
PRESSURE: 520000 -465.055 199.233 1.11841 199.233 -546.54 183.574 1.11841 183.574 97.8855
GPRESSURE: 520000 -422.166 276.131 -39.1655 292.274 -388.007 98.5771 -123.042 172.396 -58.0233
PRESSAVG: 520000 -78.2442 10.2331 31.218 10.2331 -68.2843 6.1271 31.218 6.1271 -3.55912
GPRESSAVG: 520000 -78.2742 10.2557 31.2246 10.2497 -68.3131 6.221 31.0833 6.10071 -3.55184
ENERGY:  520000      1573.9629      8865.2724      5614.9536        72.0926         -61183.5199     -1342.5594         0.0000         0.0000     18145.1253         -28254.6724       292.8587    -46399.7978    -28110.2401       293.4867           -304.5699      -289.3986    265928.0368       -50.0292       -50.0464

WRITING COORDINATES TO DCD FILE NPT.dcd AT STEP 520000
LDB: ============= START OF LOAD BALANCING ============== 87568.9
LDB: ============== END OF LOAD BALANCING =============== 87568.9
LDB: =============== DONE WITH MIGRATION ================ 87568.9
LDB: ============= START OF LOAD BALANCING ============== 87577.3
LDB: ============== END OF LOAD BALANCING =============== 87577.3
LDB: =============== DONE WITH MIGRATION ================ 87577.3
LDB: ============= START OF LOAD BALANCING ============== 87905.9
LDB: ============== END OF LOAD BALANCING =============== 87905.9
LDB: =============== DONE WITH MIGRATION ================ 87905.9
LDB: ============= START OF LOAD BALANCING ============== 87914.4
LDB: ============== END OF LOAD BALANCING =============== 87914.4
LDB: =============== DONE WITH MIGRATION ================ 87914.4
LDB: ============= START OF LOAD BALANCING ============== 88242.7
LDB: ============== END OF LOAD BALANCING =============== 88242.7
LDB: =============== DONE WITH MIGRATION ================ 88242.7
LDB: ============= START OF LOAD BALANCING ============== 88251.1
LDB: ============== END OF LOAD BALANCING =============== 88251.1
LDB: =============== DONE WITH MIGRATION ================ 88251.1
LDB: ============= START OF LOAD BALANCING ============== 88579.3
LDB: ============== END OF LOAD BALANCING =============== 88579.3
LDB: =============== DONE WITH MIGRATION ================ 88579.3
LDB: ============= START OF LOAD BALANCING ============== 88587.7
LDB: ============== END OF LOAD BALANCING =============== 88587.7
LDB: =============== DONE WITH MIGRATION ================ 88587.7
LDB: ============= START OF LOAD BALANCING ============== 88915.7
LDB: ============== END OF LOAD BALANCING =============== 88915.7
LDB: =============== DONE WITH MIGRATION ================ 88915.7
LDB: ============= START OF LOAD BALANCING ============== 88924.1
LDB: ============== END OF LOAD BALANCING =============== 88924.1
LDB: =============== DONE WITH MIGRATION ================ 88924.1
PRESSURE: 530000 184.274 -234.06 -34.9042 -234.06 -267.909 -411.354 -34.9042 -411.354 -83.3787
GPRESSURE: 530000 237.31 -185.456 42.6331 -370.657 -182.302 -404.854 16.2395 -37.5011 -145.734
PRESSAVG: 530000 -66.6592 0.876232 3.03268 0.876232 -98.3707 -7.00497 3.03268 -7.00497 -3.56302
GPRESSAVG: 530000 -66.6066 0.827678 3.03087 0.850132 -98.4557 -7.05059 3.04903 -6.93588 -3.57394
ENERGY:  530000      1536.6548      8904.2186      5656.0717        67.9087         -61343.7123     -1231.8822         0.0000         0.0000     18244.8954         -28165.8452       294.4690    -46410.7406    -28018.3011       292.4627            -55.6714       -30.2419    265215.7531       -56.1976       -56.2121

WRITING COORDINATES TO DCD FILE NPT.dcd AT STEP 530000
LDB: ============= START OF LOAD BALANCING ============== 89252.7
LDB: ============== END OF LOAD BALANCING =============== 89252.7
LDB: =============== DONE WITH MIGRATION ================ 89252.7
LDB: ============= START OF LOAD BALANCING ============== 89261.1
LDB: ============== END OF LOAD BALANCING =============== 89261.1
LDB: =============== DONE WITH MIGRATION ================ 89261.1
LDB: ============= START OF LOAD BALANCING ============== 89590.1
LDB: ============== END OF LOAD BALANCING =============== 89590.1
LDB: =============== DONE WITH MIGRATION ================ 89590.1
LDB: ============= START OF LOAD BALANCING ============== 89598.6
LDB: ============== END OF LOAD BALANCING =============== 89598.6
LDB: =============== DONE WITH MIGRATION ================ 89598.6
LDB: ============= START OF LOAD BALANCING ============== 89927.5
LDB: ============== END OF LOAD BALANCING =============== 89927.5
LDB: =============== DONE WITH MIGRATION ================ 89927.5
LDB: ============= START OF LOAD BALANCING ============== 89935.9
LDB: ============== END OF LOAD BALANCING =============== 89935.9
LDB: =============== DONE WITH MIGRATION ================ 89935.9
LDB: ============= START OF LOAD BALANCING ============== 90264.3
LDB: ============== END OF LOAD BALANCING =============== 90264.3
LDB: =============== DONE WITH MIGRATION ================ 90264.3
LDB: ============= START OF LOAD BALANCING ============== 90272.7
LDB: ============== END OF LOAD BALANCING =============== 90272.7
LDB: =============== DONE WITH MIGRATION ================ 90272.7
LDB: ============= START OF LOAD BALANCING ============== 90601.7
LDB: ============== END OF LOAD BALANCING =============== 90601.7
LDB: =============== DONE WITH MIGRATION ================ 90601.7
LDB: ============= START OF LOAD BALANCING ============== 90610.2
LDB: ============== END OF LOAD BALANCING =============== 90610.2
LDB: =============== DONE WITH MIGRATION ================ 90610.2
PRESSURE: 540000 -388.815 -101.024 -205.848 -101.024 58.4834 297.125 -205.848 297.125 -303.958
GPRESSURE: 540000 -393.313 154.033 -221.637 -24.0652 -63.6358 115.588 -137.525 332.258 -130.298
PRESSAVG: 540000 -25.6724 -27.44 -8.72287 -27.44 -66.2185 -0.370368 -8.72287 -0.370368 7.24548
GPRESSAVG: 540000 -25.7681 -27.4404 -8.67241 -27.3922 -66.2695 -0.350569 -8.73375 -0.409325 7.28108
ENERGY:  540000      1517.3075      8882.1067      5629.2151        71.5267         -61553.3253     -1235.7517         0.0000         0.0000     18115.0404         -28573.8806       292.3732    -46688.9210    -28429.0877       292.4251           -211.4299      -195.7490    264460.6859       -28.2151       -28.2522

WRITING COORDINATES TO DCD FILE NPT.dcd AT STEP 540000
LDB: ============= START OF LOAD BALANCING ============== 90939.7
LDB: ============== END OF LOAD BALANCING =============== 90939.7
LDB: =============== DONE WITH MIGRATION ================ 90939.7
LDB: ============= START OF LOAD BALANCING ============== 90948.1
LDB: ============== END OF LOAD BALANCING =============== 90948.1
LDB: =============== DONE WITH MIGRATION ================ 90948.1
LDB: ============= START OF LOAD BALANCING ============== 91277.2
LDB: ============== END OF LOAD BALANCING =============== 91277.2
LDB: =============== DONE WITH MIGRATION ================ 91277.2
LDB: ============= START OF LOAD BALANCING ============== 91285.6
LDB: ============== END OF LOAD BALANCING =============== 91285.6
LDB: =============== DONE WITH MIGRATION ================ 91285.6
LDB: ============= START OF LOAD BALANCING ============== 91614.5
LDB: ============== END OF LOAD BALANCING =============== 91614.5
LDB: =============== DONE WITH MIGRATION ================ 91614.5
LDB: ============= START OF LOAD BALANCING ============== 91622.9
LDB: ============== END OF LOAD BALANCING =============== 91622.9
LDB: =============== DONE WITH MIGRATION ================ 91622.9
LDB: ============= START OF LOAD BALANCING ============== 91952.3
LDB: ============== END OF LOAD BALANCING =============== 91952.3
LDB: =============== DONE WITH MIGRATION ================ 91952.3
LDB: ============= START OF LOAD BALANCING ============== 91960.7
LDB: ============== END OF LOAD BALANCING =============== 91960.7
LDB: =============== DONE WITH MIGRATION ================ 91960.7
LDB: ============= START OF LOAD BALANCING ============== 92290.2
LDB: ============== END OF LOAD BALANCING =============== 92290.2
LDB: =============== DONE WITH MIGRATION ================ 92290.2
LDB: ============= START OF LOAD BALANCING ============== 92298.6
LDB: ============== END OF LOAD BALANCING =============== 92298.6
LDB: =============== DONE WITH MIGRATION ================ 92298.6
PRESSURE: 550000 -383.364 -145.454 -295.124 -145.454 9.81701 -197.195 -295.124 -197.195 -432.435
GPRESSURE: 550000 -432.638 -110.628 -165.216 -207.399 83.1609 -240.338 -103.075 35.3839 -469.181
PRESSAVG: 550000 -12.7418 -38.2112 2.1459 -38.2112 -38.8841 2.86955 2.1459 2.86955 4.29076
GPRESSAVG: 550000 -12.6993 -38.2004 2.14763 -38.2364 -38.8409 2.84551 2.233 2.8703 4.3053
ENERGY:  550000      1548.5865      9103.2134      5667.9930        73.2069         -61385.3065     -1319.4198         0.0000         0.0000     18226.3591         -28085.3673       294.1698    -46311.7264    -27934.6961       292.6595           -268.6609      -272.8863    264841.5949       -15.7784       -15.7450

WRITING EXTENDED SYSTEM TO RESTART FILE AT STEP 550000
WRITING COORDINATES TO DCD FILE NPT.dcd AT STEP 550000
WRITING COORDINATES TO RESTART FILE AT STEP 550000
FINISHED WRITING RESTART COORDINATES
WRITING VELOCITIES TO RESTART FILE AT STEP 550000
FINISHED WRITING RESTART VELOCITIES
LDB: ============= START OF LOAD BALANCING ============== 92627.7
LDB: ============== END OF LOAD BALANCING =============== 92627.7
LDB: =============== DONE WITH MIGRATION ================ 92627.7
LDB: ============= START OF LOAD BALANCING ============== 92636.2
LDB: ============== END OF LOAD BALANCING =============== 92636.2
LDB: =============== DONE WITH MIGRATION ================ 92636.2
LDB: ============= START OF LOAD BALANCING ============== 92964.8
LDB: ============== END OF LOAD BALANCING =============== 92964.8
LDB: =============== DONE WITH MIGRATION ================ 92964.8
LDB: ============= START OF LOAD BALANCING ============== 92973.2
LDB: ============== END OF LOAD BALANCING =============== 92973.2
LDB: =============== DONE WITH MIGRATION ================ 92973.2
LDB: ============= START OF LOAD BALANCING ============== 93302.4
LDB: ============== END OF LOAD BALANCING =============== 93302.4
LDB: =============== DONE WITH MIGRATION ================ 93302.4
LDB: ============= START OF LOAD BALANCING ============== 93310.9
LDB: ============== END OF LOAD BALANCING =============== 93310.9
LDB: =============== DONE WITH MIGRATION ================ 93310.9
LDB: ============= START OF LOAD BALANCING ============== 93640.2
LDB: ============== END OF LOAD BALANCING =============== 93640.2
LDB: =============== DONE WITH MIGRATION ================ 93640.2
LDB: ============= START OF LOAD BALANCING ============== 93648.6
LDB: ============== END OF LOAD BALANCING =============== 93648.6
LDB: =============== DONE WITH MIGRATION ================ 93648.6
LDB: ============= START OF LOAD BALANCING ============== 93977.5
LDB: ============== END OF LOAD BALANCING =============== 93977.5
LDB: =============== DONE WITH MIGRATION ================ 93977.5
LDB: ============= START OF LOAD BALANCING ============== 93985.9
LDB: ============== END OF LOAD BALANCING =============== 93985.9
LDB: =============== DONE WITH MIGRATION ================ 93985.9
PRESSURE: 560000 -195.744 77.5747 426.587 77.5747 239.092 73.0056 426.587 73.0056 260.126
GPRESSURE: 560000 -182.129 -192.802 457.883 109.661 322.997 200.958 345.864 300.945 237.133
PRESSAVG: 560000 -21.6799 -6.57361 1.57112 -6.57361 -48.7514 -19.3706 1.57112 -19.3706 0.343266
GPRESSAVG: 560000 -21.644 -6.57702 1.63444 -6.51928 -48.6994 -19.3553 1.47247 -19.2788 0.397782
ENERGY:  560000      1541.0527      8892.6467      5659.1804        68.1541         -61419.8139     -1253.4686         0.0000         0.0000     18093.5175         -28418.7311       292.0258    -46512.2486    -28274.4631       293.3039            101.1581       126.0004    264527.5111       -23.3627       -23.3152

WRITING COORDINATES TO DCD FILE NPT.dcd AT STEP 560000
LDB: ============= START OF LOAD BALANCING ============== 94314.6
LDB: ============== END OF LOAD BALANCING =============== 94314.6
LDB: =============== DONE WITH MIGRATION ================ 94314.6
LDB: ============= START OF LOAD BALANCING ============== 94323
LDB: ============== END OF LOAD BALANCING =============== 94323
LDB: =============== DONE WITH MIGRATION ================ 94323
LDB: ============= START OF LOAD BALANCING ============== 94652.1
LDB: ============== END OF LOAD BALANCING =============== 94652.1
LDB: =============== DONE WITH MIGRATION ================ 94652.1
LDB: ============= START OF LOAD BALANCING ============== 94660.5
LDB: ============== END OF LOAD BALANCING =============== 94660.5
LDB: =============== DONE WITH MIGRATION ================ 94660.5
LDB: ============= START OF LOAD BALANCING ============== 94988.9
LDB: ============== END OF LOAD BALANCING =============== 94988.9
LDB: =============== DONE WITH MIGRATION ================ 94988.9
LDB: ============= START OF LOAD BALANCING ============== 94997.3
LDB: ============== END OF LOAD BALANCING =============== 94997.3
LDB: =============== DONE WITH MIGRATION ================ 94997.3
LDB: ============= START OF LOAD BALANCING ============== 95326.1
LDB: ============== END OF LOAD BALANCING =============== 95326.1
LDB: =============== DONE WITH MIGRATION ================ 95326.1
LDB: ============= START OF LOAD BALANCING ============== 95334.6
LDB: ============== END OF LOAD BALANCING =============== 95334.6
LDB: =============== DONE WITH MIGRATION ================ 95334.6
LDB: ============= START OF LOAD BALANCING ============== 95663.2
LDB: ============== END OF LOAD BALANCING =============== 95663.2
LDB: =============== DONE WITH MIGRATION ================ 95663.2
LDB: ============= START OF LOAD BALANCING ============== 95671.7
LDB: ============== END OF LOAD BALANCING =============== 95671.7
LDB: =============== DONE WITH MIGRATION ================ 95671.7
PRESSURE: 570000 -329.012 414.899 207.584 414.899 -368.832 119.561 207.584 119.561 -1.90536
GPRESSURE: 570000 -281.153 362.663 200.814 129.9 -326.731 176.293 130.93 176.096 -27.1507
PRESSAVG: 570000 -44.0331 -1.75893 -1.56566 -1.75893 -43.245 6.72915 -1.56566 6.72915 5.55482
GPRESSAVG: 570000 -44.0324 -1.75745 -1.56762 -1.73922 -43.2744 6.61058 -1.61831 6.70324 5.50036
ENERGY:  570000      1533.4977      8935.7394      5668.9448        75.1565         -61358.2940     -1283.7917         0.0000         0.0000     18030.5282         -28398.2191       291.0092    -46428.7474    -28257.8320       292.0232           -233.2499      -211.6782    265572.8284       -27.2411       -27.2688

WRITING COORDINATES TO DCD FILE NPT.dcd AT STEP 570000
LDB: ============= START OF LOAD BALANCING ============== 96000.7
LDB: ============== END OF LOAD BALANCING =============== 96000.7
LDB: =============== DONE WITH MIGRATION ================ 96000.7
LDB: ============= START OF LOAD BALANCING ============== 96009.2
LDB: ============== END OF LOAD BALANCING =============== 96009.2
LDB: =============== DONE WITH MIGRATION ================ 96009.2
LDB: ============= START OF LOAD BALANCING ============== 96338.2
LDB: ============== END OF LOAD BALANCING =============== 96338.2
LDB: =============== DONE WITH MIGRATION ================ 96338.2
LDB: ============= START OF LOAD BALANCING ============== 96346.7
LDB: ============== END OF LOAD BALANCING =============== 96346.7
LDB: =============== DONE WITH MIGRATION ================ 96346.7
LDB: ============= START OF LOAD BALANCING ============== 96674.8
LDB: ============== END OF LOAD BALANCING =============== 96674.8
LDB: =============== DONE WITH MIGRATION ================ 96674.8
LDB: ============= START OF LOAD BALANCING ============== 96683.2
LDB: ============== END OF LOAD BALANCING =============== 96683.2
LDB: =============== DONE WITH MIGRATION ================ 96683.2
LDB: ============= START OF LOAD BALANCING ============== 97011.8
LDB: ============== END OF LOAD BALANCING =============== 97011.8
LDB: =============== DONE WITH MIGRATION ================ 97011.8
LDB: ============= START OF LOAD BALANCING ============== 97020.2
LDB: ============== END OF LOAD BALANCING =============== 97020.2
LDB: =============== DONE WITH MIGRATION ================ 97020.2
LDB: ============= START OF LOAD BALANCING ============== 97348.8
LDB: ============== END OF LOAD BALANCING =============== 97348.8
LDB: =============== DONE WITH MIGRATION ================ 97348.8
LDB: ============= START OF LOAD BALANCING ============== 97357.3
LDB: ============== END OF LOAD BALANCING =============== 97357.3
LDB: =============== DONE WITH MIGRATION ================ 97357.3
PRESSURE: 580000 556.2 -245.473 202.616 -245.473 -124.328 -17.4031 202.616 -17.4031 -101.22
GPRESSURE: 580000 560.581 -102.973 206.314 -250.543 -27.4398 54.781 196.505 208.832 -147.926
PRESSAVG: 580000 -1.14326 -3.89478 20.4114 -3.89478 -115.188 -13.8865 20.4114 -13.8865 2.25624
GPRESSAVG: 580000 -1.09784 -3.8504 20.5553 -3.81183 -115.157 -13.8329 20.3338 -13.9846 2.19568
ENERGY:  580000      1515.1390      9101.3309      5729.3566        75.4403         -61356.7601     -1299.8429         0.0000         0.0000     18185.4218         -28049.9144       293.5091    -46235.3362    -27899.3300       293.4853            110.2175       128.4050    264391.1944       -38.0249       -38.0198

WRITING COORDINATES TO DCD FILE NPT.dcd AT STEP 580000
LDB: ============= START OF LOAD BALANCING ============== 97686.5
LDB: ============== END OF LOAD BALANCING =============== 97686.5
LDB: =============== DONE WITH MIGRATION ================ 97686.5
LDB: ============= START OF LOAD BALANCING ============== 97695
LDB: ============== END OF LOAD BALANCING =============== 97695
LDB: =============== DONE WITH MIGRATION ================ 97695
LDB: ============= START OF LOAD BALANCING ============== 98024.1
LDB: ============== END OF LOAD BALANCING =============== 98024.1
LDB: =============== DONE WITH MIGRATION ================ 98024.1
LDB: ============= START OF LOAD BALANCING ============== 98032.5
LDB: ============== END OF LOAD BALANCING =============== 98032.5
LDB: =============== DONE WITH MIGRATION ================ 98032.5
LDB: ============= START OF LOAD BALANCING ============== 98361.1
LDB: ============== END OF LOAD BALANCING =============== 98361.1
LDB: =============== DONE WITH MIGRATION ================ 98361.1
LDB: ============= START OF LOAD BALANCING ============== 98369.6
LDB: ============== END OF LOAD BALANCING =============== 98369.6
LDB: =============== DONE WITH MIGRATION ================ 98369.6
LDB: ============= START OF LOAD BALANCING ============== 98698.5
LDB: ============== END OF LOAD BALANCING =============== 98698.5
LDB: =============== DONE WITH MIGRATION ================ 98698.5
LDB: ============= START OF LOAD BALANCING ============== 98706.9
LDB: ============== END OF LOAD BALANCING =============== 98706.9
LDB: =============== DONE WITH MIGRATION ================ 98706.9
LDB: ============= START OF LOAD BALANCING ============== 99035.7
LDB: ============== END OF LOAD BALANCING =============== 99035.7
LDB: =============== DONE WITH MIGRATION ================ 99035.7
LDB: ============= START OF LOAD BALANCING ============== 99044.2
LDB: ============== END OF LOAD BALANCING =============== 99044.2
LDB: =============== DONE WITH MIGRATION ================ 99044.2
PRESSURE: 590000 -513.583 92.935 -453.943 92.935 -304.245 -380.653 -453.943 -380.653 -317.22
GPRESSURE: 590000 -453.297 354.673 -408.268 45.0156 -271.742 -264.919 -442.362 -319.078 -361.587
PRESSAVG: 590000 20.2524 -20.4458 -2.34123 -20.4458 -26.2841 19.0795 -2.34123 19.0795 -6.52426
GPRESSAVG: 590000 20.2602 -20.5202 -2.28865 -20.4886 -26.2652 19.2303 -2.21472 19.1437 -6.46842
ENERGY:  590000      1568.9830      9031.6228      5670.9086        70.7960         -61570.4504     -1202.0213         0.0000         0.0000     18197.3253         -28232.8361       293.7012    -46430.1614    -28083.2935       293.1945           -378.3495      -362.2086    264592.0434        -4.1853        -4.1578

WRITING COORDINATES TO DCD FILE NPT.dcd AT STEP 590000
LDB: ============= START OF LOAD BALANCING ============== 99373.5
LDB: ============== END OF LOAD BALANCING =============== 99373.5
LDB: =============== DONE WITH MIGRATION ================ 99373.5
LDB: ============= START OF LOAD BALANCING ============== 99381.9
LDB: ============== END OF LOAD BALANCING =============== 99381.9
LDB: =============== DONE WITH MIGRATION ================ 99381.9
LDB: ============= START OF LOAD BALANCING ============== 99711.6
LDB: ============== END OF LOAD BALANCING =============== 99711.6
LDB: =============== DONE WITH MIGRATION ================ 99711.6
LDB: ============= START OF LOAD BALANCING ============== 99720
LDB: ============== END OF LOAD BALANCING =============== 99720
LDB: =============== DONE WITH MIGRATION ================ 99720
LDB: ============= START OF LOAD BALANCING ============== 100049
LDB: ============== END OF LOAD BALANCING =============== 100049
LDB: =============== DONE WITH MIGRATION ================ 100049
LDB: ============= START OF LOAD BALANCING ============== 100058
LDB: ============== END OF LOAD BALANCING =============== 100058
LDB: =============== DONE WITH MIGRATION ================ 100058
LDB: ============= START OF LOAD BALANCING ============== 100387
LDB: ============== END OF LOAD BALANCING =============== 100387
LDB: =============== DONE WITH MIGRATION ================ 100387
LDB: ============= START OF LOAD BALANCING ============== 100395
LDB: ============== END OF LOAD BALANCING =============== 100395
LDB: =============== DONE WITH MIGRATION ================ 100395
LDB: ============= START OF LOAD BALANCING ============== 100724
LDB: ============== END OF LOAD BALANCING =============== 100724
LDB: =============== DONE WITH MIGRATION ================ 100724
LDB: ============= START OF LOAD BALANCING ============== 100733
LDB: ============== END OF LOAD BALANCING =============== 100733
LDB: =============== DONE WITH MIGRATION ================ 100733
PRESSURE: 600000 -19.209 -471.848 116.944 -471.848 378.779 -72.7896 116.944 -72.7896 -122.888
GPRESSURE: 600000 -59.9867 -598.938 24.8032 -287.442 451.897 -168.44 369.674 -147.792 -101.834
PRESSAVG: 600000 27.7829 -29.0093 4.61508 -29.0093 -18.9904 -16.6114 4.61508 -16.6114 1.54426
GPRESSAVG: 600000 27.8507 -29.0072 4.60642 -28.9837 -18.93 -16.6572 4.43915 -16.6612 1.56905
TIMING: 600000  CPU: 101012, 0.168613/step  Wall: 101012, 0.168613/step, 18.7348 hours remaining, 685.320859 MB of memory in use.
PERFORMANCE: 600000  averaging 1.02641 ns/day, 0.168354 sec/step with standard deviation 0.00027437
ETITLE:      TS           BOND          ANGLE          DIHED          IMPRP               ELECT            VDW       BOUNDARY           MISC        KINETIC               TOTAL           TEMP      POTENTIAL         TOTAL3        TEMPAVG            PRESSURE      GPRESSURE         VOLUME       PRESSAVG      GPRESSAVG

ENERGY:  600000      1560.9547      9099.1516      5675.5850        72.5171         -61472.4299     -1285.7835         0.0000         0.0000     18316.8367         -28033.1683       295.6301    -46350.0050    -27884.4788       292.7728             78.8941        96.6921    263178.7677         3.4456         3.4966

WRITING EXTENDED SYSTEM TO RESTART FILE AT STEP 600000
WRITING COORDINATES TO DCD FILE NPT.dcd AT STEP 600000
WRITING COORDINATES TO RESTART FILE AT STEP 600000
FINISHED WRITING RESTART COORDINATES
WRITING VELOCITIES TO RESTART FILE AT STEP 600000
FINISHED WRITING RESTART VELOCITIES
LDB: ============= START OF LOAD BALANCING ============== 101063
LDB: ============== END OF LOAD BALANCING =============== 101063
LDB: =============== DONE WITH MIGRATION ================ 101063
LDB: ============= START OF LOAD BALANCING ============== 101071
LDB: ============== END OF LOAD BALANCING =============== 101071
LDB: =============== DONE WITH MIGRATION ================ 101071
LDB: ============= START OF LOAD BALANCING ============== 101401
LDB: ============== END OF LOAD BALANCING =============== 101401
LDB: =============== DONE WITH MIGRATION ================ 101401
LDB: ============= START OF LOAD BALANCING ============== 101409
LDB: ============== END OF LOAD BALANCING =============== 101409
LDB: =============== DONE WITH MIGRATION ================ 101409
LDB: ============= START OF LOAD BALANCING ============== 101738
LDB: ============== END OF LOAD BALANCING =============== 101738
LDB: =============== DONE WITH MIGRATION ================ 101738
LDB: ============= START OF LOAD BALANCING ============== 101747
LDB: ============== END OF LOAD BALANCING =============== 101747
LDB: =============== DONE WITH MIGRATION ================ 101747
LDB: ============= START OF LOAD BALANCING ============== 102076
LDB: ============== END OF LOAD BALANCING =============== 102076
LDB: =============== DONE WITH MIGRATION ================ 102076
LDB: ============= START OF LOAD BALANCING ============== 102085
LDB: ============== END OF LOAD BALANCING =============== 102085
LDB: =============== DONE WITH MIGRATION ================ 102085
LDB: ============= START OF LOAD BALANCING ============== 102414
LDB: ============== END OF LOAD BALANCING =============== 102414
LDB: =============== DONE WITH MIGRATION ================ 102414
LDB: ============= START OF LOAD BALANCING ============== 102423
LDB: ============== END OF LOAD BALANCING =============== 102423
LDB: =============== DONE WITH MIGRATION ================ 102423
PRESSURE: 610000 173.404 22.1996 -242.842 22.1996 -458.867 218.054 -242.842 218.054 -188.821
GPRESSURE: 610000 -137.978 -25.7297 -187.734 217.443 -179.18 54.8713 -284.503 -217.423 -131.676
PRESSAVG: 610000 -3.84497 -6.50559 4.90258 -6.50559 -4.39035 -19.2544 4.90258 -19.2544 3.80271
GPRESSAVG: 610000 -3.91099 -6.4478 4.97892 -6.60686 -4.36466 -19.1316 4.89563 -19.2705 3.78007
ENERGY:  610000      1509.1823      9007.0931      5659.5536        70.3795         -61384.9577     -1329.0179         0.0000         0.0000     17858.3531         -28609.4141       288.2303    -46467.7672    -28469.2774       291.9764           -158.0945      -149.6114    265011.6770        -1.4775        -1.4985

WRITING COORDINATES TO DCD FILE NPT.dcd AT STEP 610000
LDB: ============= START OF LOAD BALANCING ============== 102752
LDB: ============== END OF LOAD BALANCING =============== 102752
LDB: =============== DONE WITH MIGRATION ================ 102752
LDB: ============= START OF LOAD BALANCING ============== 102760
LDB: ============== END OF LOAD BALANCING =============== 102760
LDB: =============== DONE WITH MIGRATION ================ 102760
LDB: ============= START OF LOAD BALANCING ============== 103089
LDB: ============== END OF LOAD BALANCING =============== 103089
LDB: =============== DONE WITH MIGRATION ================ 103089
LDB: ============= START OF LOAD BALANCING ============== 103098
LDB: ============== END OF LOAD BALANCING =============== 103098
LDB: =============== DONE WITH MIGRATION ================ 103098
LDB: ============= START OF LOAD BALANCING ============== 103427
LDB: ============== END OF LOAD BALANCING =============== 103427
LDB: =============== DONE WITH MIGRATION ================ 103427
LDB: ============= START OF LOAD BALANCING ============== 103435
LDB: ============== END OF LOAD BALANCING =============== 103435
LDB: =============== DONE WITH MIGRATION ================ 103435
LDB: ============= START OF LOAD BALANCING ============== 103764
LDB: ============== END OF LOAD BALANCING =============== 103764
LDB: =============== DONE WITH MIGRATION ================ 103764
LDB: ============= START OF LOAD BALANCING ============== 103772
LDB: ============== END OF LOAD BALANCING =============== 103772
LDB: =============== DONE WITH MIGRATION ================ 103772
LDB: ============= START OF LOAD BALANCING ============== 104101
LDB: ============== END OF LOAD BALANCING =============== 104101
LDB: =============== DONE WITH MIGRATION ================ 104101
LDB: ============= START OF LOAD BALANCING ============== 104109
LDB: ============== END OF LOAD BALANCING =============== 104109
LDB: =============== DONE WITH MIGRATION ================ 104109
PRESSURE: 620000 -554.811 184.598 276.979 184.598 -39.786 132.643 276.979 132.643 162.61
GPRESSURE: 620000 -540.237 172.817 321.389 15.4382 24.5107 -17.4625 301.453 46.5756 124.96
PRESSAVG: 620000 -96.488 -28.9986 17.1025 -28.9986 -60.4264 27.7884 17.1025 27.7884 -0.974368
GPRESSAVG: 620000 -96.4345 -29.0137 17.0878 -28.9538 -60.501 27.8079 17.0734 27.8202 -0.937762
ENERGY:  620000      1572.8219      8998.2729      5641.5296        66.9679         -61329.8124     -1315.3690         0.0000         0.0000     18222.3751         -28143.2140       294.1055    -46365.5891    -27998.9163       291.9620           -143.9958      -130.2554    264985.6151       -52.6296       -52.6244

WRITING COORDINATES TO DCD FILE NPT.dcd AT STEP 620000
LDB: ============= START OF LOAD BALANCING ============== 104438
LDB: ============== END OF LOAD BALANCING =============== 104438
LDB: =============== DONE WITH MIGRATION ================ 104438
LDB: ============= START OF LOAD BALANCING ============== 104446
LDB: ============== END OF LOAD BALANCING =============== 104446
LDB: =============== DONE WITH MIGRATION ================ 104446
LDB: ============= START OF LOAD BALANCING ============== 104774
LDB: ============== END OF LOAD BALANCING =============== 104774
LDB: =============== DONE WITH MIGRATION ================ 104774
LDB: ============= START OF LOAD BALANCING ============== 104783
LDB: ============== END OF LOAD BALANCING =============== 104783
LDB: =============== DONE WITH MIGRATION ================ 104783
LDB: ============= START OF LOAD BALANCING ============== 105111
LDB: ============== END OF LOAD BALANCING =============== 105111
LDB: =============== DONE WITH MIGRATION ================ 105111
LDB: ============= START OF LOAD BALANCING ============== 105120
LDB: ============== END OF LOAD BALANCING =============== 105120
LDB: =============== DONE WITH MIGRATION ================ 105120
LDB: ============= START OF LOAD BALANCING ============== 105447
LDB: ============== END OF LOAD BALANCING =============== 105447
LDB: =============== DONE WITH MIGRATION ================ 105447
LDB: ============= START OF LOAD BALANCING ============== 105456
LDB: ============== END OF LOAD BALANCING =============== 105456
LDB: =============== DONE WITH MIGRATION ================ 105456
LDB: ============= START OF LOAD BALANCING ============== 105783
LDB: ============== END OF LOAD BALANCING =============== 105783
LDB: =============== DONE WITH MIGRATION ================ 105783
LDB: ============= START OF LOAD BALANCING ============== 105792
LDB: ============== END OF LOAD BALANCING =============== 105792
LDB: =============== DONE WITH MIGRATION ================ 105792
PRESSURE: 630000 -258.03 -16.2582 245.11 -16.2582 -578.506 -178.388 245.11 -178.388 195.347
GPRESSURE: 630000 -275.884 -145.63 193.43 -38.8936 -328.695 -93.5693 180.566 71.8387 65.7453
PRESSAVG: 630000 -66.5959 -39.2013 5.02618 -39.2013 -57.3443 26.4031 5.02618 26.4031 -0.0874202
GPRESSAVG: 630000 -66.5383 -39.3137 4.89429 -39.1364 -57.4303 26.375 5.05149 26.3845 -0.153366
ENERGY:  630000      1534.2947      8865.2925      5636.9898        86.5721         -61143.6524     -1341.3512         0.0000         0.0000     18085.5650         -28276.2894       291.8974    -46361.8544    -28129.7304       292.8542           -213.7296      -179.6111    265796.4955       -41.3425       -41.3740

WRITING COORDINATES TO DCD FILE NPT.dcd AT STEP 630000
LDB: ============= START OF LOAD BALANCING ============== 106120
LDB: ============== END OF LOAD BALANCING =============== 106120
LDB: =============== DONE WITH MIGRATION ================ 106120
LDB: ============= START OF LOAD BALANCING ============== 106128
LDB: ============== END OF LOAD BALANCING =============== 106128
LDB: =============== DONE WITH MIGRATION ================ 106128
LDB: ============= START OF LOAD BALANCING ============== 106457
LDB: ============== END OF LOAD BALANCING =============== 106457
LDB: =============== DONE WITH MIGRATION ================ 106457
LDB: ============= START OF LOAD BALANCING ============== 106465
LDB: ============== END OF LOAD BALANCING =============== 106465
LDB: =============== DONE WITH MIGRATION ================ 106465
LDB: ============= START OF LOAD BALANCING ============== 106794
LDB: ============== END OF LOAD BALANCING =============== 106794
LDB: =============== DONE WITH MIGRATION ================ 106794
LDB: ============= START OF LOAD BALANCING ============== 106802
LDB: ============== END OF LOAD BALANCING =============== 106802
LDB: =============== DONE WITH MIGRATION ================ 106802
LDB: ============= START OF LOAD BALANCING ============== 107131
LDB: ============== END OF LOAD BALANCING =============== 107131
LDB: =============== DONE WITH MIGRATION ================ 107131
LDB: ============= START OF LOAD BALANCING ============== 107140
LDB: ============== END OF LOAD BALANCING =============== 107140
LDB: =============== DONE WITH MIGRATION ================ 107140
LDB: ============= START OF LOAD BALANCING ============== 107468
LDB: ============== END OF LOAD BALANCING =============== 107468
LDB: =============== DONE WITH MIGRATION ================ 107468
LDB: ============= START OF LOAD BALANCING ============== 107476
LDB: ============== END OF LOAD BALANCING =============== 107476
LDB: =============== DONE WITH MIGRATION ================ 107476
PRESSURE: 640000 494.839 -158.104 -75.8124 -158.104 -129.063 108.195 -75.8124 108.195 282.755
GPRESSURE: 640000 334.458 -110.257 86.8853 -124.918 -27.5023 133.58 -412.699 -59.0836 361.743
PRESSAVG: 640000 7.21999 -14.948 12.4294 -14.948 -58.4679 -12.0089 12.4294 -12.0089 -3.71001
GPRESSAVG: 640000 7.20733 -14.9285 12.433 -15.0025 -58.4654 -12.0013 12.3712 -12.0526 -3.61219
ENERGY:  640000      1538.8384      8928.7713      5647.0976        70.0305         -61361.6365     -1288.3818         0.0000         0.0000     18088.5212         -28376.7592       291.9452    -46465.2804    -28229.4954       292.1233            216.1771       222.8993    264506.0372       -18.3193       -18.2901

WRITING COORDINATES TO DCD FILE NPT.dcd AT STEP 640000
LDB: ============= START OF LOAD BALANCING ============== 107805
LDB: ============== END OF LOAD BALANCING =============== 107805
LDB: =============== DONE WITH MIGRATION ================ 107805
LDB: ============= START OF LOAD BALANCING ============== 107813
LDB: ============== END OF LOAD BALANCING =============== 107813
LDB: =============== DONE WITH MIGRATION ================ 107813
LDB: ============= START OF LOAD BALANCING ============== 108143
LDB: ============== END OF LOAD BALANCING =============== 108143
LDB: =============== DONE WITH MIGRATION ================ 108143
LDB: ============= START OF LOAD BALANCING ============== 108151
LDB: ============== END OF LOAD BALANCING =============== 108151
LDB: =============== DONE WITH MIGRATION ================ 108151
LDB: ============= START OF LOAD BALANCING ============== 108480
LDB: ============== END OF LOAD BALANCING =============== 108480
LDB: =============== DONE WITH MIGRATION ================ 108480
LDB: ============= START OF LOAD BALANCING ============== 108489
LDB: ============== END OF LOAD BALANCING =============== 108489
LDB: =============== DONE WITH MIGRATION ================ 108489
LDB: ============= START OF LOAD BALANCING ============== 108818
LDB: ============== END OF LOAD BALANCING =============== 108818
LDB: =============== DONE WITH MIGRATION ================ 108818
LDB: ============= START OF LOAD BALANCING ============== 108826
LDB: ============== END OF LOAD BALANCING =============== 108826
LDB: =============== DONE WITH MIGRATION ================ 108826
LDB: ============= START OF LOAD BALANCING ============== 109155
LDB: ============== END OF LOAD BALANCING =============== 109155
LDB: =============== DONE WITH MIGRATION ================ 109155
LDB: ============= START OF LOAD BALANCING ============== 109164
LDB: ============== END OF LOAD BALANCING =============== 109164
LDB: =============== DONE WITH MIGRATION ================ 109164
PRESSURE: 650000 122.201 224.899 282.893 224.899 -333.8 -4.82675 282.893 -4.82675 204.837
GPRESSURE: 650000 -31.5592 319.72 406.683 240.313 -149.879 -126.29 15.1735 8.73555 195.102
PRESSAVG: 650000 -39.2045 -10.6744 15.115 -10.6744 -51.551 10.187 15.115 10.187 2.86205
GPRESSAVG: 650000 -39.0649 -10.7415 15.1138 -10.6412 -51.5168 10.2215 15.0863 10.2125 2.84223
ENERGY:  650000      1511.6777      8863.1340      5631.4264        59.9958         -61409.3968     -1107.0172         0.0000         0.0000     18135.1683         -28315.0117       292.6980    -46450.1800    -28165.6517       293.0537             -2.2535         4.5546    265388.5718       -29.2978       -29.2465

WRITING EXTENDED SYSTEM TO RESTART FILE AT STEP 650000
WRITING COORDINATES TO DCD FILE NPT.dcd AT STEP 650000
WRITING COORDINATES TO RESTART FILE AT STEP 650000
FINISHED WRITING RESTART COORDINATES
WRITING VELOCITIES TO RESTART FILE AT STEP 650000
FINISHED WRITING RESTART VELOCITIES
LDB: ============= START OF LOAD BALANCING ============== 109492
LDB: ============== END OF LOAD BALANCING =============== 109492
LDB: =============== DONE WITH MIGRATION ================ 109492
LDB: ============= START OF LOAD BALANCING ============== 109501
LDB: ============== END OF LOAD BALANCING =============== 109501
LDB: =============== DONE WITH MIGRATION ================ 109501
LDB: ============= START OF LOAD BALANCING ============== 109830
LDB: ============== END OF LOAD BALANCING =============== 109830
LDB: =============== DONE WITH MIGRATION ================ 109830
LDB: ============= START OF LOAD BALANCING ============== 109838
LDB: ============== END OF LOAD BALANCING =============== 109838
LDB: =============== DONE WITH MIGRATION ================ 109838
LDB: ============= START OF LOAD BALANCING ============== 110167
LDB: ============== END OF LOAD BALANCING =============== 110167
LDB: =============== DONE WITH MIGRATION ================ 110167
LDB: ============= START OF LOAD BALANCING ============== 110176
LDB: ============== END OF LOAD BALANCING =============== 110176
LDB: =============== DONE WITH MIGRATION ================ 110176
LDB: ============= START OF LOAD BALANCING ============== 110504
LDB: ============== END OF LOAD BALANCING =============== 110504
LDB: =============== DONE WITH MIGRATION ================ 110504
LDB: ============= START OF LOAD BALANCING ============== 110513
LDB: ============== END OF LOAD BALANCING =============== 110513
LDB: =============== DONE WITH MIGRATION ================ 110513
LDB: ============= START OF LOAD BALANCING ============== 110842
LDB: ============== END OF LOAD BALANCING =============== 110842
LDB: =============== DONE WITH MIGRATION ================ 110842
LDB: ============= START OF LOAD BALANCING ============== 110851
LDB: ============== END OF LOAD BALANCING =============== 110851
LDB: =============== DONE WITH MIGRATION ================ 110851
PRESSURE: 660000 205.579 -16.4828 -598.133 -16.4828 21.3605 102.453 -598.133 102.453 348.439
GPRESSURE: 660000 170.305 -265.352 -300.807 -142.384 20.6753 47.1158 -484.451 181.384 404.181
PRESSAVG: 660000 -49.7635 -28.9639 19.4094 -28.9639 -86.5943 14.2643 19.4094 14.2643 -2.40451
GPRESSAVG: 660000 -49.8052 -28.9572 19.3895 -28.9215 -86.5643 14.2779 19.4995 14.2024 -2.31753
ENERGY:  660000      1512.2749      8947.1299      5637.5429        64.9024         -61551.7555     -1196.0122         0.0000         0.0000     18256.0729         -28329.8447       294.6494    -46585.9176    -28181.6866       291.4191            191.7928       198.3870    264746.9827       -46.2541       -46.2290

WRITING COORDINATES TO DCD FILE NPT.dcd AT STEP 660000
LDB: ============= START OF LOAD BALANCING ============== 111180
LDB: ============== END OF LOAD BALANCING =============== 111180
LDB: =============== DONE WITH MIGRATION ================ 111180
LDB: ============= START OF LOAD BALANCING ============== 111188
LDB: ============== END OF LOAD BALANCING =============== 111188
LDB: =============== DONE WITH MIGRATION ================ 111188
LDB: ============= START OF LOAD BALANCING ============== 111517
LDB: ============== END OF LOAD BALANCING =============== 111517
LDB: =============== DONE WITH MIGRATION ================ 111517
LDB: ============= START OF LOAD BALANCING ============== 111525
LDB: ============== END OF LOAD BALANCING =============== 111525
LDB: =============== DONE WITH MIGRATION ================ 111525
LDB: ============= START OF LOAD BALANCING ============== 111854
LDB: ============== END OF LOAD BALANCING =============== 111854
LDB: =============== DONE WITH MIGRATION ================ 111854
LDB: ============= START OF LOAD BALANCING ============== 111862
LDB: ============== END OF LOAD BALANCING =============== 111862
LDB: =============== DONE WITH MIGRATION ================ 111862
LDB: ============= START OF LOAD BALANCING ============== 112191
LDB: ============== END OF LOAD BALANCING =============== 112191
LDB: =============== DONE WITH MIGRATION ================ 112191
LDB: ============= START OF LOAD BALANCING ============== 112200
LDB: ============== END OF LOAD BALANCING =============== 112200
LDB: =============== DONE WITH MIGRATION ================ 112200
LDB: ============= START OF LOAD BALANCING ============== 112529
LDB: ============== END OF LOAD BALANCING =============== 112529
LDB: =============== DONE WITH MIGRATION ================ 112529
LDB: ============= START OF LOAD BALANCING ============== 112537
LDB: ============== END OF LOAD BALANCING =============== 112537
LDB: =============== DONE WITH MIGRATION ================ 112537
PRESSURE: 670000 431.63 -83.8929 -121.579 -83.8929 337.816 24.1601 -121.579 24.1601 -442.135
GPRESSURE: 670000 322.433 -89.2306 -126.392 114.171 370.957 142.44 -206.07 -81.7902 -306.044
PRESSAVG: 670000 -45.597 -53.691 3.65428 -53.691 -56.6279 -7.8505 3.65428 -7.8505 3.70721
GPRESSAVG: 670000 -45.6315 -53.5838 3.57338 -53.6946 -56.653 -7.88595 3.59249 -7.79096 3.6324
ENERGY:  670000      1518.4132      9045.4591      5611.1632        77.0546         -61313.8790     -1293.7107         0.0000         0.0000     18211.3315         -28144.1682       293.9273    -46355.4997    -27993.4920       293.5902            109.1034       129.1154    265233.3349       -32.8392       -32.8840

WRITING COORDINATES TO DCD FILE NPT.dcd AT STEP 670000
LDB: ============= START OF LOAD BALANCING ============== 112867
LDB: ============== END OF LOAD BALANCING =============== 112867
LDB: =============== DONE WITH MIGRATION ================ 112867
LDB: ============= START OF LOAD BALANCING ============== 112875
LDB: ============== END OF LOAD BALANCING =============== 112875
LDB: =============== DONE WITH MIGRATION ================ 112875
LDB: ============= START OF LOAD BALANCING ============== 113204
LDB: ============== END OF LOAD BALANCING =============== 113204
LDB: =============== DONE WITH MIGRATION ================ 113204
LDB: ============= START OF LOAD BALANCING ============== 113212
LDB: ============== END OF LOAD BALANCING =============== 113212
LDB: =============== DONE WITH MIGRATION ================ 113212
LDB: ============= START OF LOAD BALANCING ============== 113542
LDB: ============== END OF LOAD BALANCING =============== 113542
LDB: =============== DONE WITH MIGRATION ================ 113542
LDB: ============= START OF LOAD BALANCING ============== 113550
LDB: ============== END OF LOAD BALANCING =============== 113550
LDB: =============== DONE WITH MIGRATION ================ 113550
LDB: ============= START OF LOAD BALANCING ============== 113881
LDB: ============== END OF LOAD BALANCING =============== 113881
LDB: =============== DONE WITH MIGRATION ================ 113881
LDB: ============= START OF LOAD BALANCING ============== 113889
LDB: ============== END OF LOAD BALANCING =============== 113889
LDB: =============== DONE WITH MIGRATION ================ 113889
LDB: ============= START OF LOAD BALANCING ============== 114219
LDB: ============== END OF LOAD BALANCING =============== 114219
LDB: =============== DONE WITH MIGRATION ================ 114219
LDB: ============= START OF LOAD BALANCING ============== 114227
LDB: ============== END OF LOAD BALANCING =============== 114227
LDB: =============== DONE WITH MIGRATION ================ 114227
PRESSURE: 680000 146.433 390.551 -431.749 390.551 -274.518 -350.188 -431.749 -350.188 116.299
GPRESSURE: 680000 258.781 410.213 -333.038 131.931 -377.032 -482.763 -418.282 -250.546 161
PRESSAVG: 680000 24.804 -26.7093 -4.12295 -26.7093 13.0152 -13.7349 -4.12295 -13.7349 3.59107
GPRESSAVG: 680000 24.8944 -26.6595 -4.10599 -26.7159 13.0106 -13.7816 -4.07347 -13.699 3.61356
ENERGY:  680000      1542.6805      8915.8614      5616.1690        73.7344         -61517.7450     -1167.7619         0.0000         0.0000     18012.9805         -28524.0810       290.7259    -46537.0615    -28371.3793       291.4634             -3.9287        14.2497    264489.8625        13.8034        13.8395

WRITING COORDINATES TO DCD FILE NPT.dcd AT STEP 680000
LDB: ============= START OF LOAD BALANCING ============== 114556
LDB: ============== END OF LOAD BALANCING =============== 114556
LDB: =============== DONE WITH MIGRATION ================ 114556
LDB: ============= START OF LOAD BALANCING ============== 114565
LDB: ============== END OF LOAD BALANCING =============== 114565
LDB: =============== DONE WITH MIGRATION ================ 114565
LDB: ============= START OF LOAD BALANCING ============== 114894
LDB: ============== END OF LOAD BALANCING =============== 114894
LDB: =============== DONE WITH MIGRATION ================ 114894
LDB: ============= START OF LOAD BALANCING ============== 114902
LDB: ============== END OF LOAD BALANCING =============== 114902
LDB: =============== DONE WITH MIGRATION ================ 114902
LDB: ============= START OF LOAD BALANCING ============== 115230
LDB: ============== END OF LOAD BALANCING =============== 115230
LDB: =============== DONE WITH MIGRATION ================ 115230
LDB: ============= START OF LOAD BALANCING ============== 115239
LDB: ============== END OF LOAD BALANCING =============== 115239
LDB: =============== DONE WITH MIGRATION ================ 115239
LDB: ============= START OF LOAD BALANCING ============== 115567
LDB: ============== END OF LOAD BALANCING =============== 115567
LDB: =============== DONE WITH MIGRATION ================ 115567
LDB: ============= START OF LOAD BALANCING ============== 115576
LDB: ============== END OF LOAD BALANCING =============== 115576
LDB: =============== DONE WITH MIGRATION ================ 115576
LDB: ============= START OF LOAD BALANCING ============== 115904
LDB: ============== END OF LOAD BALANCING =============== 115904
LDB: =============== DONE WITH MIGRATION ================ 115904
LDB: ============= START OF LOAD BALANCING ============== 115913
LDB: ============== END OF LOAD BALANCING =============== 115913
LDB: =============== DONE WITH MIGRATION ================ 115913
PRESSURE: 690000 -340.304 74.067 281.439 74.067 190.577 -210.777 281.439 -210.777 -94.1727
GPRESSURE: 690000 -229.256 167.879 175.635 -37.1568 264.478 -284.884 273.958 -111.091 -217.094
PRESSAVG: 690000 13.954 4.25828 -12.2114 4.25828 13.6125 -20.767 -12.2114 -20.767 1.66351
GPRESSAVG: 690000 13.9608 4.13202 -12.1784 4.23451 13.6066 -20.767 -12.1639 -20.7455 1.68413
ENERGY:  690000      1538.9920      9032.3892      5601.9155        66.8249         -61535.3915     -1145.0970         0.0000         0.0000     18084.6202         -28355.7467       291.8822    -46440.3669    -28209.4484       293.0922            -81.2999       -60.6240    265281.3081         9.7433         9.7505

WRITING COORDINATES TO DCD FILE NPT.dcd AT STEP 690000
LDB: ============= START OF LOAD BALANCING ============== 116242
LDB: ============== END OF LOAD BALANCING =============== 116242
LDB: =============== DONE WITH MIGRATION ================ 116242
LDB: ============= START OF LOAD BALANCING ============== 116250
LDB: ============== END OF LOAD BALANCING =============== 116250
LDB: =============== DONE WITH MIGRATION ================ 116250
LDB: ============= START OF LOAD BALANCING ============== 116580
LDB: ============== END OF LOAD BALANCING =============== 116580
LDB: =============== DONE WITH MIGRATION ================ 116580
LDB: ============= START OF LOAD BALANCING ============== 116588
LDB: ============== END OF LOAD BALANCING =============== 116588
LDB: =============== DONE WITH MIGRATION ================ 116588
LDB: ============= START OF LOAD BALANCING ============== 116918
LDB: ============== END OF LOAD BALANCING =============== 116918
LDB: =============== DONE WITH MIGRATION ================ 116918
LDB: ============= START OF LOAD BALANCING ============== 116926
LDB: ============== END OF LOAD BALANCING =============== 116926
LDB: =============== DONE WITH MIGRATION ================ 116926
LDB: ============= START OF LOAD BALANCING ============== 117255
LDB: ============== END OF LOAD BALANCING =============== 117255
LDB: =============== DONE WITH MIGRATION ================ 117255
LDB: ============= START OF LOAD BALANCING ============== 117264
LDB: ============== END OF LOAD BALANCING =============== 117264
LDB: =============== DONE WITH MIGRATION ================ 117264
LDB: ============= START OF LOAD BALANCING ============== 117593
LDB: ============== END OF LOAD BALANCING =============== 117593
LDB: =============== DONE WITH MIGRATION ================ 117593
LDB: ============= START OF LOAD BALANCING ============== 117601
LDB: ============== END OF LOAD BALANCING =============== 117601
LDB: =============== DONE WITH MIGRATION ================ 117601
PRESSURE: 700000 -125.519 379.968 61.7911 379.968 -391.455 -329.363 61.7911 -329.363 -474.685
GPRESSURE: 700000 -161.967 355.441 116.128 253.891 -426.225 -533.441 -16.9722 12.6327 -360.472
PRESSAVG: 700000 9.0801 7.08733 -20.6409 7.08733 -22.9496 -23.5087 -20.6409 -23.5087 1.30525
GPRESSAVG: 700000 9.06324 7.26142 -20.7612 7.05123 -22.9722 -23.5485 -20.6898 -23.5374 1.26454
TIMING: 700000  CPU: 117879, 0.168671/step  Wall: 117880, 0.168672/step, 14.056 hours remaining, 685.320859 MB of memory in use.
PERFORMANCE: 700000  averaging 1.02613 ns/day, 0.168399 sec/step with standard deviation 0.000277961
ETITLE:      TS           BOND          ANGLE          DIHED          IMPRP               ELECT            VDW       BOUNDARY           MISC        KINETIC               TOTAL           TEMP      POTENTIAL         TOTAL3        TEMPAVG            PRESSURE      GPRESSURE         VOLUME       PRESSAVG      GPRESSAVG

ENERGY:  700000      1489.7742      8973.8709      5691.2296        72.5203         -61250.0036     -1353.6796         0.0000         0.0000     18091.7232         -28284.5649       291.9968    -46376.2881    -28137.7925       292.4106           -330.5533      -316.2211    264841.6183        -4.1881        -4.2148

WRITING EXTENDED SYSTEM TO RESTART FILE AT STEP 700000
WRITING COORDINATES TO DCD FILE NPT.dcd AT STEP 700000
WRITING COORDINATES TO RESTART FILE AT STEP 700000
FINISHED WRITING RESTART COORDINATES
WRITING VELOCITIES TO RESTART FILE AT STEP 700000
FINISHED WRITING RESTART VELOCITIES
LDB: ============= START OF LOAD BALANCING ============== 117930
LDB: ============== END OF LOAD BALANCING =============== 117930
LDB: =============== DONE WITH MIGRATION ================ 117930
LDB: ============= START OF LOAD BALANCING ============== 117938
LDB: ============== END OF LOAD BALANCING =============== 117938
LDB: =============== DONE WITH MIGRATION ================ 117938
LDB: ============= START OF LOAD BALANCING ============== 118266
LDB: ============== END OF LOAD BALANCING =============== 118266
LDB: =============== DONE WITH MIGRATION ================ 118266
LDB: ============= START OF LOAD BALANCING ============== 118275
LDB: ============== END OF LOAD BALANCING =============== 118275
LDB: =============== DONE WITH MIGRATION ================ 118275
LDB: ============= START OF LOAD BALANCING ============== 118603
LDB: ============== END OF LOAD BALANCING =============== 118603
LDB: =============== DONE WITH MIGRATION ================ 118603
LDB: ============= START OF LOAD BALANCING ============== 118612
LDB: ============== END OF LOAD BALANCING =============== 118612
LDB: =============== DONE WITH MIGRATION ================ 118612
LDB: ============= START OF LOAD BALANCING ============== 118940
LDB: ============== END OF LOAD BALANCING =============== 118940
LDB: =============== DONE WITH MIGRATION ================ 118940
LDB: ============= START OF LOAD BALANCING ============== 118948
LDB: ============== END OF LOAD BALANCING =============== 118948
LDB: =============== DONE WITH MIGRATION ================ 118948
LDB: ============= START OF LOAD BALANCING ============== 119276
LDB: ============== END OF LOAD BALANCING =============== 119276
LDB: =============== DONE WITH MIGRATION ================ 119276
LDB: ============= START OF LOAD BALANCING ============== 119285
LDB: ============== END OF LOAD BALANCING =============== 119285
LDB: =============== DONE WITH MIGRATION ================ 119285
PRESSURE: 710000 -106.978 -262.849 311.236 -262.849 -711.645 -256.021 311.236 -256.021 381.46
GPRESSURE: 710000 -20.9447 -133.468 315.246 -238.513 -773.488 -176.372 341.71 -214.867 401.62
PRESSAVG: 710000 -46.1035 10.9989 -11.3988 10.9989 -115.106 -14.0915 -11.3988 -14.0915 2.17045
GPRESSAVG: 710000 -46.0963 11.013 -11.4135 11.0599 -115.222 -14.0967 -11.368 -14.13 2.24094
ENERGY:  710000      1541.7598      9125.8020      5600.2112        74.8370         -61445.5478     -1322.4851         0.0000         0.0000     17952.2479         -28473.1749       289.7457    -46425.4228    -28335.6094       292.3164           -145.7212      -130.9377    264844.0641       -53.0129       -53.0259

WRITING COORDINATES TO DCD FILE NPT.dcd AT STEP 710000
LDB: ============= START OF LOAD BALANCING ============== 119614
LDB: ============== END OF LOAD BALANCING =============== 119614
LDB: =============== DONE WITH MIGRATION ================ 119614
LDB: ============= START OF LOAD BALANCING ============== 119622
LDB: ============== END OF LOAD BALANCING =============== 119622
LDB: =============== DONE WITH MIGRATION ================ 119622
LDB: ============= START OF LOAD BALANCING ============== 119950
LDB: ============== END OF LOAD BALANCING =============== 119950
LDB: =============== DONE WITH MIGRATION ================ 119950
LDB: ============= START OF LOAD BALANCING ============== 119959
LDB: ============== END OF LOAD BALANCING =============== 119959
LDB: =============== DONE WITH MIGRATION ================ 119959
LDB: ============= START OF LOAD BALANCING ============== 120287
LDB: ============== END OF LOAD BALANCING =============== 120287
LDB: =============== DONE WITH MIGRATION ================ 120287
LDB: ============= START OF LOAD BALANCING ============== 120296
LDB: ============== END OF LOAD BALANCING =============== 120296
LDB: =============== DONE WITH MIGRATION ================ 120296
LDB: ============= START OF LOAD BALANCING ============== 120624
LDB: ============== END OF LOAD BALANCING =============== 120624
LDB: =============== DONE WITH MIGRATION ================ 120624
LDB: ============= START OF LOAD BALANCING ============== 120632
LDB: ============== END OF LOAD BALANCING =============== 120632
LDB: =============== DONE WITH MIGRATION ================ 120632
LDB: ============= START OF LOAD BALANCING ============== 120961
LDB: ============== END OF LOAD BALANCING =============== 120961
LDB: =============== DONE WITH MIGRATION ================ 120961
LDB: ============= START OF LOAD BALANCING ============== 120970
LDB: ============== END OF LOAD BALANCING =============== 120970
LDB: =============== DONE WITH MIGRATION ================ 120970
PRESSURE: 720000 129.795 -42.3531 -81.1848 -42.3531 -326.431 204.9 -81.1848 204.9 206.437
GPRESSURE: 720000 29.3183 38.0763 -28.0195 -115.952 -185.827 137.435 -194.129 242.894 238.721
PRESSAVG: 720000 11.8152 -8.67526 3.34083 -8.67526 -84.9879 -19.1195 3.34083 -19.1195 1.51695
GPRESSAVG: 720000 11.7586 -8.68931 3.37766 -8.64574 -84.9077 -19.0873 3.33667 -19.1839 1.5625
ENERGY:  720000      1530.2048      9119.2083      5638.3689        78.2834         -61479.6366     -1230.6373         0.0000         0.0000     18040.6023         -28303.6060       291.1718    -46344.2084    -28162.9305       292.3177              3.2671        27.4041    264400.1848       -23.8853       -23.8622

WRITING COORDINATES TO DCD FILE NPT.dcd AT STEP 720000
LDB: ============= START OF LOAD BALANCING ============== 121299
LDB: ============== END OF LOAD BALANCING =============== 121299
LDB: =============== DONE WITH MIGRATION ================ 121299
LDB: ============= START OF LOAD BALANCING ============== 121307
LDB: ============== END OF LOAD BALANCING =============== 121307
LDB: =============== DONE WITH MIGRATION ================ 121307
LDB: ============= START OF LOAD BALANCING ============== 121636
LDB: ============== END OF LOAD BALANCING =============== 121636
LDB: =============== DONE WITH MIGRATION ================ 121636
LDB: ============= START OF LOAD BALANCING ============== 121644
LDB: ============== END OF LOAD BALANCING =============== 121644
LDB: =============== DONE WITH MIGRATION ================ 121644
LDB: ============= START OF LOAD BALANCING ============== 121972
LDB: ============== END OF LOAD BALANCING =============== 121972
LDB: =============== DONE WITH MIGRATION ================ 121972
LDB: ============= START OF LOAD BALANCING ============== 121980
LDB: ============== END OF LOAD BALANCING =============== 121980
LDB: =============== DONE WITH MIGRATION ================ 121980
LDB: ============= START OF LOAD BALANCING ============== 122309
LDB: ============== END OF LOAD BALANCING =============== 122309
LDB: =============== DONE WITH MIGRATION ================ 122309
LDB: ============= START OF LOAD BALANCING ============== 122317
LDB: ============== END OF LOAD BALANCING =============== 122317
LDB: =============== DONE WITH MIGRATION ================ 122317
LDB: ============= START OF LOAD BALANCING ============== 122646
LDB: ============== END OF LOAD BALANCING =============== 122646
LDB: =============== DONE WITH MIGRATION ================ 122646
LDB: ============= START OF LOAD BALANCING ============== 122655
LDB: ============== END OF LOAD BALANCING =============== 122655
LDB: =============== DONE WITH MIGRATION ================ 122655
PRESSURE: 730000 32.0992 85.2436 -349.654 85.2436 -370.942 -279.793 -349.654 -279.793 224.001
GPRESSURE: 730000 -66.4606 -30.2662 -446.186 -51.4301 -221.722 -321.286 -278.109 -68.3479 207.874
PRESSAVG: 730000 -62.4725 23.6346 -16.156 23.6346 -93.0483 8.50813 -16.156 8.50813 2.61648
GPRESSAVG: 730000 -62.5284 23.6142 -16.0552 23.5772 -92.9872 8.39031 -16.1996 8.61395 2.5978
ENERGY:  730000      1505.8977      8979.2716      5652.4961        75.9811         -61075.1937     -1384.3059         0.0000         0.0000     18213.6833         -28032.1697       293.9652    -46245.8531    -27887.2927       292.3207            -38.2805       -26.7695    266391.1116       -50.9681       -50.9726

WRITING COORDINATES TO DCD FILE NPT.dcd AT STEP 730000
LDB: ============= START OF LOAD BALANCING ============== 122983
LDB: ============== END OF LOAD BALANCING =============== 122983
LDB: =============== DONE WITH MIGRATION ================ 122983
LDB: ============= START OF LOAD BALANCING ============== 122992
LDB: ============== END OF LOAD BALANCING =============== 122992
LDB: =============== DONE WITH MIGRATION ================ 122992
LDB: ============= START OF LOAD BALANCING ============== 123320
LDB: ============== END OF LOAD BALANCING =============== 123320
LDB: =============== DONE WITH MIGRATION ================ 123320
LDB: ============= START OF LOAD BALANCING ============== 123328
LDB: ============== END OF LOAD BALANCING =============== 123328
LDB: =============== DONE WITH MIGRATION ================ 123328
LDB: ============= START OF LOAD BALANCING ============== 123657
LDB: ============== END OF LOAD BALANCING =============== 123657
LDB: =============== DONE WITH MIGRATION ================ 123657
LDB: ============= START OF LOAD BALANCING ============== 123665
LDB: ============== END OF LOAD BALANCING =============== 123665
LDB: =============== DONE WITH MIGRATION ================ 123665
LDB: ============= START OF LOAD BALANCING ============== 123994
LDB: ============== END OF LOAD BALANCING =============== 123994
LDB: =============== DONE WITH MIGRATION ================ 123994
LDB: ============= START OF LOAD BALANCING ============== 124002
LDB: ============== END OF LOAD BALANCING =============== 124002
LDB: =============== DONE WITH MIGRATION ================ 124002
LDB: ============= START OF LOAD BALANCING ============== 124332
LDB: ============== END OF LOAD BALANCING =============== 124332
LDB: =============== DONE WITH MIGRATION ================ 124332
LDB: ============= START OF LOAD BALANCING ============== 124340
LDB: ============== END OF LOAD BALANCING =============== 124340
LDB: =============== DONE WITH MIGRATION ================ 124340
PRESSURE: 740000 463.831 147.539 -140.216 147.539 196.298 -35.0581 -140.216 -35.0581 308.932
GPRESSURE: 740000 678.04 492.121 -191.081 198.449 -17.1489 23.8504 -85.4504 -62.0885 321.332
PRESSAVG: 740000 38.586 -22.0847 14.5297 -22.0847 -10.4369 -15.6683 14.5297 -15.6683 -0.0963084
GPRESSAVG: 740000 38.5521 -22.011 14.5541 -22.0719 -10.3944 -15.6813 14.4319 -15.7014 -0.0829135
ENERGY:  740000      1540.5325      8932.1685      5664.5989        75.7786         -61339.9528     -1179.1617         0.0000         0.0000     18165.0351         -28141.0009       293.1801    -46306.0360    -27998.0697       292.3741            323.0204       327.4079    265487.3297         9.3509         9.3583

WRITING COORDINATES TO DCD FILE NPT.dcd AT STEP 740000
LDB: ============= START OF LOAD BALANCING ============== 124669
LDB: ============== END OF LOAD BALANCING =============== 124669
LDB: =============== DONE WITH MIGRATION ================ 124669
LDB: ============= START OF LOAD BALANCING ============== 124677
LDB: ============== END OF LOAD BALANCING =============== 124677
LDB: =============== DONE WITH MIGRATION ================ 124677
LDB: ============= START OF LOAD BALANCING ============== 125006
LDB: ============== END OF LOAD BALANCING =============== 125006
LDB: =============== DONE WITH MIGRATION ================ 125006
LDB: ============= START OF LOAD BALANCING ============== 125014
LDB: ============== END OF LOAD BALANCING =============== 125014
LDB: =============== DONE WITH MIGRATION ================ 125014
LDB: ============= START OF LOAD BALANCING ============== 125344
LDB: ============== END OF LOAD BALANCING =============== 125344
LDB: =============== DONE WITH MIGRATION ================ 125344
LDB: ============= START OF LOAD BALANCING ============== 125352
LDB: ============== END OF LOAD BALANCING =============== 125352
LDB: =============== DONE WITH MIGRATION ================ 125352
LDB: ============= START OF LOAD BALANCING ============== 125681
LDB: ============== END OF LOAD BALANCING =============== 125681
LDB: =============== DONE WITH MIGRATION ================ 125681
LDB: ============= START OF LOAD BALANCING ============== 125689
LDB: ============== END OF LOAD BALANCING =============== 125689
LDB: =============== DONE WITH MIGRATION ================ 125689
LDB: ============= START OF LOAD BALANCING ============== 126018
LDB: ============== END OF LOAD BALANCING =============== 126018
LDB: =============== DONE WITH MIGRATION ================ 126018
LDB: ============= START OF LOAD BALANCING ============== 126027
LDB: ============== END OF LOAD BALANCING =============== 126027
LDB: =============== DONE WITH MIGRATION ================ 126027
PRESSURE: 750000 42.7494 -182.598 -58.0868 -182.598 97.701 403.627 -58.0868 403.627 -334.536
GPRESSURE: 750000 126.705 147.276 -84.8578 -376.621 64.2654 305.043 -287.812 136.99 -331.317
PRESSAVG: 750000 45.6011 -26.4871 -6.1733 -26.4871 5.5732 -21.0402 -6.1733 -21.0402 -5.83508
GPRESSAVG: 750000 45.5633 -26.3628 -6.20523 -26.5177 5.47643 -20.9143 -6.13103 -21.0124 -5.84512
ENERGY:  750000      1561.4532      8923.5583      5663.8048        76.5363         -61191.0512     -1385.3886         0.0000         0.0000     18182.1212         -28168.9660       293.4558    -46351.0872    -28021.3658       292.8891            -64.6953       -46.7824    263817.6781        15.1131        15.0649

WRITING EXTENDED SYSTEM TO RESTART FILE AT STEP 750000
WRITING COORDINATES TO DCD FILE NPT.dcd AT STEP 750000
WRITING COORDINATES TO RESTART FILE AT STEP 750000
FINISHED WRITING RESTART COORDINATES
WRITING VELOCITIES TO RESTART FILE AT STEP 750000
FINISHED WRITING RESTART VELOCITIES
LDB: ============= START OF LOAD BALANCING ============== 126356
LDB: ============== END OF LOAD BALANCING =============== 126356
LDB: =============== DONE WITH MIGRATION ================ 126356
LDB: ============= START OF LOAD BALANCING ============== 126365
LDB: ============== END OF LOAD BALANCING =============== 126365
LDB: =============== DONE WITH MIGRATION ================ 126365
LDB: ============= START OF LOAD BALANCING ============== 126694
LDB: ============== END OF LOAD BALANCING =============== 126694
LDB: =============== DONE WITH MIGRATION ================ 126694
LDB: ============= START OF LOAD BALANCING ============== 126703
LDB: ============== END OF LOAD BALANCING =============== 126703
LDB: =============== DONE WITH MIGRATION ================ 126703
LDB: ============= START OF LOAD BALANCING ============== 127032
LDB: ============== END OF LOAD BALANCING =============== 127032
LDB: =============== DONE WITH MIGRATION ================ 127032
LDB: ============= START OF LOAD BALANCING ============== 127041
LDB: ============== END OF LOAD BALANCING =============== 127041
LDB: =============== DONE WITH MIGRATION ================ 127041
LDB: ============= START OF LOAD BALANCING ============== 127370
LDB: ============== END OF LOAD BALANCING =============== 127370
LDB: =============== DONE WITH MIGRATION ================ 127370
LDB: ============= START OF LOAD BALANCING ============== 127379
LDB: ============== END OF LOAD BALANCING =============== 127379
LDB: =============== DONE WITH MIGRATION ================ 127379
LDB: ============= START OF LOAD BALANCING ============== 127708
LDB: ============== END OF LOAD BALANCING =============== 127708
LDB: =============== DONE WITH MIGRATION ================ 127708
LDB: ============= START OF LOAD BALANCING ============== 127716
LDB: ============== END OF LOAD BALANCING =============== 127716
LDB: =============== DONE WITH MIGRATION ================ 127716
PRESSURE: 760000 199.539 -15.6766 365.918 -15.6766 422.521 398.559 365.918 398.559 -115.613
GPRESSURE: 760000 322.666 296.48 403.326 19.4551 383.491 299.728 253.604 681.499 -143.37
PRESSAVG: 760000 77.1926 -33.3677 14.5965 -33.3677 35.7634 -12.7124 14.5965 -12.7124 4.3299
GPRESSAVG: 760000 77.1719 -33.3636 14.5098 -33.3812 35.7827 -12.6326 14.5752 -12.7428 4.33955
ENERGY:  760000      1518.6219      9040.7712      5643.2321        65.6863         -61226.6405     -1340.7049         0.0000         0.0000     18291.9987         -28007.0353       295.2292    -46299.0340    -27859.1259       293.4133            168.8156       187.5958    263432.6823        39.0953        39.0980

WRITING COORDINATES TO DCD FILE NPT.dcd AT STEP 760000
LDB: ============= START OF LOAD BALANCING ============== 128046
LDB: ============== END OF LOAD BALANCING =============== 128046
LDB: =============== DONE WITH MIGRATION ================ 128046
LDB: ============= START OF LOAD BALANCING ============== 128055
LDB: ============== END OF LOAD BALANCING =============== 128055
LDB: =============== DONE WITH MIGRATION ================ 128055
LDB: ============= START OF LOAD BALANCING ============== 128384
LDB: ============== END OF LOAD BALANCING =============== 128384
LDB: =============== DONE WITH MIGRATION ================ 128384
LDB: ============= START OF LOAD BALANCING ============== 128392
LDB: ============== END OF LOAD BALANCING =============== 128392
LDB: =============== DONE WITH MIGRATION ================ 128392
LDB: ============= START OF LOAD BALANCING ============== 128722
LDB: ============== END OF LOAD BALANCING =============== 128722
LDB: =============== DONE WITH MIGRATION ================ 128722
LDB: ============= START OF LOAD BALANCING ============== 128730
LDB: ============== END OF LOAD BALANCING =============== 128730
LDB: =============== DONE WITH MIGRATION ================ 128730
LDB: ============= START OF LOAD BALANCING ============== 129060
LDB: ============== END OF LOAD BALANCING =============== 129060
LDB: =============== DONE WITH MIGRATION ================ 129060
LDB: ============= START OF LOAD BALANCING ============== 129068
LDB: ============== END OF LOAD BALANCING =============== 129068
LDB: =============== DONE WITH MIGRATION ================ 129068
LDB: ============= START OF LOAD BALANCING ============== 129397
LDB: ============== END OF LOAD BALANCING =============== 129397
LDB: =============== DONE WITH MIGRATION ================ 129397
LDB: ============= START OF LOAD BALANCING ============== 129405
LDB: ============== END OF LOAD BALANCING =============== 129405
LDB: =============== DONE WITH MIGRATION ================ 129405
PRESSURE: 770000 81.5237 136.795 199.474 136.795 -157.96 -127.776 199.474 -127.776 -445.632
GPRESSURE: 770000 75.7336 157.709 147.48 257.536 -114.304 -143.362 98.5898 119.507 -409.849
PRESSAVG: 770000 68.1488 17.8099 5.48801 17.8099 61.13 -1.31913 5.48801 -1.31913 2.50538
GPRESSAVG: 770000 68.1264 17.7998 5.47003 17.8475 61.1565 -1.3731 5.45495 -1.34917 2.47606
ENERGY:  770000      1536.3943      8943.1652      5544.9996        78.8076         -61355.8198     -1280.1494         0.0000         0.0000     18055.6971         -28476.9053       291.4154    -46532.6024    -28336.3354       292.7462           -174.0226      -149.4731    264128.5783        43.9281        43.9197

WRITING COORDINATES TO DCD FILE NPT.dcd AT STEP 770000
LDB: ============= START OF LOAD BALANCING ============== 129735
LDB: ============== END OF LOAD BALANCING =============== 129735
LDB: =============== DONE WITH MIGRATION ================ 129735
LDB: ============= START OF LOAD BALANCING ============== 129743
LDB: ============== END OF LOAD BALANCING =============== 129743
LDB: =============== DONE WITH MIGRATION ================ 129743
LDB: ============= START OF LOAD BALANCING ============== 130072
LDB: ============== END OF LOAD BALANCING =============== 130072
LDB: =============== DONE WITH MIGRATION ================ 130072
LDB: ============= START OF LOAD BALANCING ============== 130080
LDB: ============== END OF LOAD BALANCING =============== 130080
LDB: =============== DONE WITH MIGRATION ================ 130080
LDB: ============= START OF LOAD BALANCING ============== 130409
LDB: ============== END OF LOAD BALANCING =============== 130409
LDB: =============== DONE WITH MIGRATION ================ 130409
LDB: ============= START OF LOAD BALANCING ============== 130418
LDB: ============== END OF LOAD BALANCING =============== 130418
LDB: =============== DONE WITH MIGRATION ================ 130418
LDB: ============= START OF LOAD BALANCING ============== 130747
LDB: ============== END OF LOAD BALANCING =============== 130747
LDB: =============== DONE WITH MIGRATION ================ 130747
LDB: ============= START OF LOAD BALANCING ============== 130755
LDB: ============== END OF LOAD BALANCING =============== 130755
LDB: =============== DONE WITH MIGRATION ================ 130755
LDB: ============= START OF LOAD BALANCING ============== 131085
LDB: ============== END OF LOAD BALANCING =============== 131085
LDB: =============== DONE WITH MIGRATION ================ 131085
LDB: ============= START OF LOAD BALANCING ============== 131093
LDB: ============== END OF LOAD BALANCING =============== 131093
LDB: =============== DONE WITH MIGRATION ================ 131093
PRESSURE: 780000 -59.3624 -297.922 -50.6401 -297.922 -88.577 -88.3353 -50.6401 -88.3353 -346.22
GPRESSURE: 780000 -139.967 -363.566 -13.7244 -179.186 8.97783 -155.162 -210.885 -117.936 -317.452
PRESSAVG: 780000 -13.3283 13.6537 3.17313 13.6537 -5.57854 -1.44101 3.17313 -1.44101 1.81669
GPRESSAVG: 780000 -13.2327 13.6732 3.16415 13.7268 -5.58816 -1.42615 3.12868 -1.62283 1.7288
ENERGY:  780000      1493.8699      8990.6509      5598.5545        78.0719         -61163.7699     -1556.8458         0.0000         0.0000     17995.9099         -28563.5585       290.4504    -46559.4684    -28423.5130       292.4225           -164.7200      -149.4804    262695.0239        -5.6967        -5.6973

WRITING COORDINATES TO DCD FILE NPT.dcd AT STEP 780000
LDB: ============= START OF LOAD BALANCING ============== 131423
LDB: ============== END OF LOAD BALANCING =============== 131423
LDB: =============== DONE WITH MIGRATION ================ 131423
LDB: ============= START OF LOAD BALANCING ============== 131432
LDB: ============== END OF LOAD BALANCING =============== 131432
LDB: =============== DONE WITH MIGRATION ================ 131432
LDB: ============= START OF LOAD BALANCING ============== 131762
LDB: ============== END OF LOAD BALANCING =============== 131762
LDB: =============== DONE WITH MIGRATION ================ 131762
LDB: ============= START OF LOAD BALANCING ============== 131770
LDB: ============== END OF LOAD BALANCING =============== 131770
LDB: =============== DONE WITH MIGRATION ================ 131770
LDB: ============= START OF LOAD BALANCING ============== 132100
LDB: ============== END OF LOAD BALANCING =============== 132100
LDB: =============== DONE WITH MIGRATION ================ 132100
LDB: ============= START OF LOAD BALANCING ============== 132109
LDB: ============== END OF LOAD BALANCING =============== 132109
LDB: =============== DONE WITH MIGRATION ================ 132109
LDB: ============= START OF LOAD BALANCING ============== 132439
LDB: ============== END OF LOAD BALANCING =============== 132439
LDB: =============== DONE WITH MIGRATION ================ 132439
LDB: ============= START OF LOAD BALANCING ============== 132447
LDB: ============== END OF LOAD BALANCING =============== 132447
LDB: =============== DONE WITH MIGRATION ================ 132447
LDB: ============= START OF LOAD BALANCING ============== 132776
LDB: ============== END OF LOAD BALANCING =============== 132776
LDB: =============== DONE WITH MIGRATION ================ 132776
LDB: ============= START OF LOAD BALANCING ============== 132785
LDB: ============== END OF LOAD BALANCING =============== 132785
LDB: =============== DONE WITH MIGRATION ================ 132785
PRESSURE: 790000 218.088 111.308 -192.011 111.308 417.572 285.508 -192.011 285.508 598.248
GPRESSURE: 790000 255.18 169.139 -228.603 -119.624 602.175 231.448 -195.922 270.985 444.348
PRESSAVG: 790000 14.9015 -14.3705 -7.668 -14.3705 57.2407 -27.057 -7.668 -27.057 0.799817
GPRESSAVG: 790000 14.8942 -14.3676 -7.73565 -14.3241 57.4023 -27.088 -7.56276 -26.9064 0.775494
ENERGY:  790000      1528.4497      9027.9749      5619.7767        75.5928         -61290.4391     -1291.1454         0.0000         0.0000     18328.0070         -28001.7835       295.8104    -46329.7905    -27854.5480       293.0722            411.3025       433.9011    264241.2195        24.3140        24.3573

WRITING COORDINATES TO DCD FILE NPT.dcd AT STEP 790000
LDB: ============= START OF LOAD BALANCING ============== 133114
LDB: ============== END OF LOAD BALANCING =============== 133114
LDB: =============== DONE WITH MIGRATION ================ 133114
LDB: ============= START OF LOAD BALANCING ============== 133123
LDB: ============== END OF LOAD BALANCING =============== 133123
LDB: =============== DONE WITH MIGRATION ================ 133123
LDB: ============= START OF LOAD BALANCING ============== 133451
LDB: ============== END OF LOAD BALANCING =============== 133451
LDB: =============== DONE WITH MIGRATION ================ 133451
LDB: ============= START OF LOAD BALANCING ============== 133460
LDB: ============== END OF LOAD BALANCING =============== 133460
LDB: =============== DONE WITH MIGRATION ================ 133460
LDB: ============= START OF LOAD BALANCING ============== 133789
LDB: ============== END OF LOAD BALANCING =============== 133789
LDB: =============== DONE WITH MIGRATION ================ 133789
LDB: ============= START OF LOAD BALANCING ============== 133797
LDB: ============== END OF LOAD BALANCING =============== 133797
LDB: =============== DONE WITH MIGRATION ================ 133797
LDB: ============= START OF LOAD BALANCING ============== 134126
LDB: ============== END OF LOAD BALANCING =============== 134126
LDB: =============== DONE WITH MIGRATION ================ 134126
LDB: ============= START OF LOAD BALANCING ============== 134135
LDB: ============== END OF LOAD BALANCING =============== 134135
LDB: =============== DONE WITH MIGRATION ================ 134135
LDB: ============= START OF LOAD BALANCING ============== 134464
LDB: ============== END OF LOAD BALANCING =============== 134464
LDB: =============== DONE WITH MIGRATION ================ 134464
LDB: ============= START OF LOAD BALANCING ============== 134472
LDB: ============== END OF LOAD BALANCING =============== 134472
LDB: =============== DONE WITH MIGRATION ================ 134472
PRESSURE: 800000 -413.906 110.804 -156.528 110.804 -441.889 288.519 -156.528 288.519 85.4475
GPRESSURE: 800000 -602.754 -44.3083 -271.1 303.266 -160.709 224.252 -136.72 61.732 43.4419
PRESSAVG: 800000 -81.6608 -13.5537 13.9082 -13.5537 -22.5356 -13.954 13.9082 -13.954 5.10064
GPRESSAVG: 800000 -81.7258 -13.6236 14.0012 -13.5305 -22.5447 -13.9231 13.7731 -13.9752 5.09037
TIMING: 800000  CPU: 134750, 0.168708/step  Wall: 134751, 0.168708/step, 9.37269 hours remaining, 685.320859 MB of memory in use.
PERFORMANCE: 800000  averaging 1.0259 ns/day, 0.168438 sec/step with standard deviation 0.000279624
ETITLE:      TS           BOND          ANGLE          DIHED          IMPRP               ELECT            VDW       BOUNDARY           MISC        KINETIC               TOTAL           TEMP      POTENTIAL         TOTAL3        TEMPAVG            PRESSURE      GPRESSURE         VOLUME       PRESSAVG      GPRESSAVG

ENERGY:  800000      1512.9241      8888.5315      5662.7564        69.5573         -61261.5735     -1368.2131         0.0000         0.0000     18059.2150         -28436.8022       291.4722    -46496.0173    -28293.6107       292.9900           -256.7822      -240.0071    265927.6746       -33.0319       -33.0601

WRITING EXTENDED SYSTEM TO RESTART FILE AT STEP 800000
WRITING COORDINATES TO DCD FILE NPT.dcd AT STEP 800000
WRITING COORDINATES TO RESTART FILE AT STEP 800000
FINISHED WRITING RESTART COORDINATES
WRITING VELOCITIES TO RESTART FILE AT STEP 800000
FINISHED WRITING RESTART VELOCITIES
LDB: ============= START OF LOAD BALANCING ============== 134800
LDB: ============== END OF LOAD BALANCING =============== 134800
LDB: =============== DONE WITH MIGRATION ================ 134800
LDB: ============= START OF LOAD BALANCING ============== 134809
LDB: ============== END OF LOAD BALANCING =============== 134809
LDB: =============== DONE WITH MIGRATION ================ 134809
LDB: ============= START OF LOAD BALANCING ============== 135138
LDB: ============== END OF LOAD BALANCING =============== 135138
LDB: =============== DONE WITH MIGRATION ================ 135138
LDB: ============= START OF LOAD BALANCING ============== 135146
LDB: ============== END OF LOAD BALANCING =============== 135146
LDB: =============== DONE WITH MIGRATION ================ 135146
LDB: ============= START OF LOAD BALANCING ============== 135475
LDB: ============== END OF LOAD BALANCING =============== 135475
LDB: =============== DONE WITH MIGRATION ================ 135475
LDB: ============= START OF LOAD BALANCING ============== 135483
LDB: ============== END OF LOAD BALANCING =============== 135483
LDB: =============== DONE WITH MIGRATION ================ 135483
LDB: ============= START OF LOAD BALANCING ============== 135812
LDB: ============== END OF LOAD BALANCING =============== 135812
LDB: =============== DONE WITH MIGRATION ================ 135812
LDB: ============= START OF LOAD BALANCING ============== 135821
LDB: ============== END OF LOAD BALANCING =============== 135821
LDB: =============== DONE WITH MIGRATION ================ 135821
LDB: ============= START OF LOAD BALANCING ============== 136149
LDB: ============== END OF LOAD BALANCING =============== 136149
LDB: =============== DONE WITH MIGRATION ================ 136149
LDB: ============= START OF LOAD BALANCING ============== 136158
LDB: ============== END OF LOAD BALANCING =============== 136158
LDB: =============== DONE WITH MIGRATION ================ 136158
PRESSURE: 810000 -301.211 -333.197 -38.3859 -333.197 -374.071 -75.3479 -38.3859 -75.3479 291.013
GPRESSURE: 810000 -406.118 -223.051 97.8922 -299.859 -213.522 46.5453 -120.436 -133.852 290.535
PRESSAVG: 810000 -71.484 -32.7378 18.9572 -32.7378 -67.7711 -1.95524 18.9572 -1.95524 -2.48045
GPRESSAVG: 810000 -71.4331 -32.7076 18.8905 -32.7377 -67.7141 -1.85325 19.0009 -1.84058 -2.55028
ENERGY:  810000      1545.4773      8914.0372      5660.2249        63.0067         -61473.5650     -1162.4197         0.0000         0.0000     18217.3922         -28235.8465       294.0251    -46453.2387    -28090.5848       292.4884           -128.0898      -109.7016    266440.1565       -47.2452       -47.2325

WRITING COORDINATES TO DCD FILE NPT.dcd AT STEP 810000
LDB: ============= START OF LOAD BALANCING ============== 136485
LDB: ============== END OF LOAD BALANCING =============== 136485
LDB: =============== DONE WITH MIGRATION ================ 136485
LDB: ============= START OF LOAD BALANCING ============== 136494
LDB: ============== END OF LOAD BALANCING =============== 136494
LDB: =============== DONE WITH MIGRATION ================ 136494
LDB: ============= START OF LOAD BALANCING ============== 136822
LDB: ============== END OF LOAD BALANCING =============== 136822
LDB: =============== DONE WITH MIGRATION ================ 136822
LDB: ============= START OF LOAD BALANCING ============== 136831
LDB: ============== END OF LOAD BALANCING =============== 136831
LDB: =============== DONE WITH MIGRATION ================ 136831
LDB: ============= START OF LOAD BALANCING ============== 137159
LDB: ============== END OF LOAD BALANCING =============== 137159
LDB: =============== DONE WITH MIGRATION ================ 137159
LDB: ============= START OF LOAD BALANCING ============== 137167
LDB: ============== END OF LOAD BALANCING =============== 137167
LDB: =============== DONE WITH MIGRATION ================ 137167
LDB: ============= START OF LOAD BALANCING ============== 137495
LDB: ============== END OF LOAD BALANCING =============== 137495
LDB: =============== DONE WITH MIGRATION ================ 137495
LDB: ============= START OF LOAD BALANCING ============== 137503
LDB: ============== END OF LOAD BALANCING =============== 137503
LDB: =============== DONE WITH MIGRATION ================ 137503
LDB: ============= START OF LOAD BALANCING ============== 137831
LDB: ============== END OF LOAD BALANCING =============== 137831
LDB: =============== DONE WITH MIGRATION ================ 137831
LDB: ============= START OF LOAD BALANCING ============== 137840
LDB: ============== END OF LOAD BALANCING =============== 137840
LDB: =============== DONE WITH MIGRATION ================ 137840
PRESSURE: 820000 -171.924 -242.645 -178.504 -242.645 -232.833 -241.108 -178.504 -241.108 -90.9535
GPRESSURE: 820000 -198.973 -394.28 -140.604 -136.161 -198.893 -335.541 -101.873 -131.735 -98.3915
PRESSAVG: 820000 -61.8632 -17.9501 8.21688 -17.9501 -83.8931 -3.24101 8.21688 -3.24101 -3.53839
GPRESSAVG: 820000 -61.9747 -17.9749 8.27279 -17.995 -83.8981 -3.18824 8.16529 -3.2263 -3.505
ENERGY:  820000      1500.9574      8938.3567      5646.5638        78.0865         -61279.2009     -1451.2793         0.0000         0.0000     18230.8987         -28335.6171       294.2431    -46566.5158    -28191.3767       292.6065           -165.2366      -165.4192    264183.1237       -49.7649       -49.7926

WRITING COORDINATES TO DCD FILE NPT.dcd AT STEP 820000
LDB: ============= START OF LOAD BALANCING ============== 138169
LDB: ============== END OF LOAD BALANCING =============== 138169
LDB: =============== DONE WITH MIGRATION ================ 138169
LDB: ============= START OF LOAD BALANCING ============== 138177
LDB: ============== END OF LOAD BALANCING =============== 138177
LDB: =============== DONE WITH MIGRATION ================ 138177
LDB: ============= START OF LOAD BALANCING ============== 138505
LDB: ============== END OF LOAD BALANCING =============== 138505
LDB: =============== DONE WITH MIGRATION ================ 138505
LDB: ============= START OF LOAD BALANCING ============== 138513
LDB: ============== END OF LOAD BALANCING =============== 138513
LDB: =============== DONE WITH MIGRATION ================ 138513
LDB: ============= START OF LOAD BALANCING ============== 138842
LDB: ============== END OF LOAD BALANCING =============== 138842
LDB: =============== DONE WITH MIGRATION ================ 138842
LDB: ============= START OF LOAD BALANCING ============== 138850
LDB: ============== END OF LOAD BALANCING =============== 138850
LDB: =============== DONE WITH MIGRATION ================ 138850
LDB: ============= START OF LOAD BALANCING ============== 139179
LDB: ============== END OF LOAD BALANCING =============== 139179
LDB: =============== DONE WITH MIGRATION ================ 139179
LDB: ============= START OF LOAD BALANCING ============== 139187
LDB: ============== END OF LOAD BALANCING =============== 139187
LDB: =============== DONE WITH MIGRATION ================ 139187
LDB: ============= START OF LOAD BALANCING ============== 139515
LDB: ============== END OF LOAD BALANCING =============== 139515
LDB: =============== DONE WITH MIGRATION ================ 139515
LDB: ============= START OF LOAD BALANCING ============== 139524
LDB: ============== END OF LOAD BALANCING =============== 139524
LDB: =============== DONE WITH MIGRATION ================ 139524
PRESSURE: 830000 27.4716 39.2171 -261.924 39.2171 -410.981 -198.733 -261.924 -198.733 230.807
GPRESSURE: 830000 -0.629958 8.00261 -290.003 44.4857 -173.825 -65.8858 -221.792 -229.067 83.8
PRESSAVG: 830000 -2.99284 -17.5227 -21.79 -17.5227 -23.8263 -8.3096 -21.79 -8.3096 0.174264
GPRESSAVG: 830000 -3.07913 -17.4995 -21.8202 -17.533 -23.7926 -8.31825 -21.8478 -8.39355 0.201113
ENERGY:  830000      1479.9882      9042.4477      5594.5422        70.7244         -61459.9789     -1249.7251         0.0000         0.0000     18064.3632         -28457.6384       291.5552    -46522.0016    -28306.1387       291.7093            -50.9007       -30.2184    264442.9519        -8.8816        -8.8902

WRITING COORDINATES TO DCD FILE NPT.dcd AT STEP 830000
LDB: ============= START OF LOAD BALANCING ============== 139853
LDB: ============== END OF LOAD BALANCING =============== 139853
LDB: =============== DONE WITH MIGRATION ================ 139853
LDB: ============= START OF LOAD BALANCING ============== 139861
LDB: ============== END OF LOAD BALANCING =============== 139861
LDB: =============== DONE WITH MIGRATION ================ 139861
LDB: ============= START OF LOAD BALANCING ============== 140190
LDB: ============== END OF LOAD BALANCING =============== 140190
LDB: =============== DONE WITH MIGRATION ================ 140190
LDB: ============= START OF LOAD BALANCING ============== 140199
LDB: ============== END OF LOAD BALANCING =============== 140199
LDB: =============== DONE WITH MIGRATION ================ 140199
LDB: ============= START OF LOAD BALANCING ============== 140529
LDB: ============== END OF LOAD BALANCING =============== 140529
LDB: =============== DONE WITH MIGRATION ================ 140529
LDB: ============= START OF LOAD BALANCING ============== 140537
LDB: ============== END OF LOAD BALANCING =============== 140537
LDB: =============== DONE WITH MIGRATION ================ 140537
LDB: ============= START OF LOAD BALANCING ============== 140866
LDB: ============== END OF LOAD BALANCING =============== 140866
LDB: =============== DONE WITH MIGRATION ================ 140866
LDB: ============= START OF LOAD BALANCING ============== 140874
LDB: ============== END OF LOAD BALANCING =============== 140874
LDB: =============== DONE WITH MIGRATION ================ 140874
LDB: ============= START OF LOAD BALANCING ============== 141202
LDB: ============== END OF LOAD BALANCING =============== 141202
LDB: =============== DONE WITH MIGRATION ================ 141202
LDB: ============= START OF LOAD BALANCING ============== 141211
LDB: ============== END OF LOAD BALANCING =============== 141211
LDB: =============== DONE WITH MIGRATION ================ 141211
PRESSURE: 840000 344.492 133.521 176.375 133.521 219.927 413.813 176.375 413.813 294.995
GPRESSURE: 840000 422.817 -44.5984 351.343 205.79 195.401 360.722 77.9179 430.886 264.162
PRESSAVG: 840000 -17.9209 -32.6337 8.13231 -32.6337 -44.1024 -5.0064 8.13231 -5.0064 -2.19113
GPRESSAVG: 840000 -17.8812 -32.6677 8.10465 -32.6742 -44.1372 -4.9933 8.24405 -4.92631 -2.24477
ENERGY:  840000      1570.4664      9001.5937      5638.7470        83.0413         -61495.4954     -1219.5713         0.0000         0.0000     18101.6323         -28319.5860       292.1568    -46421.2182    -28179.7923       292.6011            286.4711       294.1270    264865.3082       -21.4048       -21.4211

WRITING COORDINATES TO DCD FILE NPT.dcd AT STEP 840000
LDB: ============= START OF LOAD BALANCING ============== 141540
LDB: ============== END OF LOAD BALANCING =============== 141540
LDB: =============== DONE WITH MIGRATION ================ 141540
LDB: ============= START OF LOAD BALANCING ============== 141548
LDB: ============== END OF LOAD BALANCING =============== 141548
LDB: =============== DONE WITH MIGRATION ================ 141548
LDB: ============= START OF LOAD BALANCING ============== 141876
LDB: ============== END OF LOAD BALANCING =============== 141876
LDB: =============== DONE WITH MIGRATION ================ 141876
LDB: ============= START OF LOAD BALANCING ============== 141885
LDB: ============== END OF LOAD BALANCING =============== 141885
LDB: =============== DONE WITH MIGRATION ================ 141885
LDB: ============= START OF LOAD BALANCING ============== 142214
LDB: ============== END OF LOAD BALANCING =============== 142214
LDB: =============== DONE WITH MIGRATION ================ 142214
LDB: ============= START OF LOAD BALANCING ============== 142222
LDB: ============== END OF LOAD BALANCING =============== 142222
LDB: =============== DONE WITH MIGRATION ================ 142222
LDB: ============= START OF LOAD BALANCING ============== 142551
LDB: ============== END OF LOAD BALANCING =============== 142551
LDB: =============== DONE WITH MIGRATION ================ 142551
LDB: ============= START OF LOAD BALANCING ============== 142559
LDB: ============== END OF LOAD BALANCING =============== 142559
LDB: =============== DONE WITH MIGRATION ================ 142559
LDB: ============= START OF LOAD BALANCING ============== 142888
LDB: ============== END OF LOAD BALANCING =============== 142888
LDB: =============== DONE WITH MIGRATION ================ 142888
LDB: ============= START OF LOAD BALANCING ============== 142897
LDB: ============== END OF LOAD BALANCING =============== 142897
LDB: =============== DONE WITH MIGRATION ================ 142897
PRESSURE: 850000 -98.1296 -151.853 14.2436 -151.853 632.556 -116.164 14.2436 -116.164 13.9976
GPRESSURE: 850000 -101.922 69.093 -110.53 -200.431 547.323 -192.959 171.125 -8.43136 179.864
PRESSAVG: 850000 -29.8296 4.97397 -6.22644 4.97397 -14.8055 -6.50794 -6.22644 -6.50794 1.48439
GPRESSAVG: 850000 -29.9395 4.99178 -6.19718 4.93345 -14.7739 -6.44545 -6.24159 -6.50646 1.42885
ENERGY:  850000      1482.9185      9047.7908      5619.6941        76.5823         -61584.8827     -1222.5063         0.0000         0.0000     17955.4582         -28624.9451       289.7975    -46580.4032    -28484.0563       292.5837            182.8080       208.4213    264067.6804       -14.3836       -14.4282

WRITING EXTENDED SYSTEM TO RESTART FILE AT STEP 850000
WRITING COORDINATES TO DCD FILE NPT.dcd AT STEP 850000
WRITING COORDINATES TO RESTART FILE AT STEP 850000
FINISHED WRITING RESTART COORDINATES
WRITING VELOCITIES TO RESTART FILE AT STEP 850000
FINISHED WRITING RESTART VELOCITIES
LDB: ============= START OF LOAD BALANCING ============== 143226
LDB: ============== END OF LOAD BALANCING =============== 143226
LDB: =============== DONE WITH MIGRATION ================ 143226
LDB: ============= START OF LOAD BALANCING ============== 143235
LDB: ============== END OF LOAD BALANCING =============== 143235
LDB: =============== DONE WITH MIGRATION ================ 143235
LDB: ============= START OF LOAD BALANCING ============== 143564
LDB: ============== END OF LOAD BALANCING =============== 143564
LDB: =============== DONE WITH MIGRATION ================ 143564
LDB: ============= START OF LOAD BALANCING ============== 143573
LDB: ============== END OF LOAD BALANCING =============== 143573
LDB: =============== DONE WITH MIGRATION ================ 143573
LDB: ============= START OF LOAD BALANCING ============== 143902
LDB: ============== END OF LOAD BALANCING =============== 143902
LDB: =============== DONE WITH MIGRATION ================ 143902
LDB: ============= START OF LOAD BALANCING ============== 143911
LDB: ============== END OF LOAD BALANCING =============== 143911
LDB: =============== DONE WITH MIGRATION ================ 143911
LDB: ============= START OF LOAD BALANCING ============== 144240
LDB: ============== END OF LOAD BALANCING =============== 144240
LDB: =============== DONE WITH MIGRATION ================ 144240
LDB: ============= START OF LOAD BALANCING ============== 144248
LDB: ============== END OF LOAD BALANCING =============== 144248
LDB: =============== DONE WITH MIGRATION ================ 144248
LDB: ============= START OF LOAD BALANCING ============== 144577
LDB: ============== END OF LOAD BALANCING =============== 144577
LDB: =============== DONE WITH MIGRATION ================ 144577
LDB: ============= START OF LOAD BALANCING ============== 144586
LDB: ============== END OF LOAD BALANCING =============== 144586
LDB: =============== DONE WITH MIGRATION ================ 144586
PRESSURE: 860000 -3.25547 -46.3688 222.101 -46.3688 580.439 -364.551 222.101 -364.551 154.542
GPRESSURE: 860000 83.8581 -12.4062 307.716 -59.1254 567.312 -267.359 248.234 -443.761 128.909
PRESSAVG: 860000 -23.5156 -35.0863 19.8453 -35.0863 -20.4954 -24.6993 19.8453 -24.6993 0.708658
GPRESSAVG: 860000 -23.4298 -35.0548 19.8688 -35.0825 -20.494 -24.8696 19.8322 -24.7052 0.735209
ENERGY:  860000      1507.2124      8871.2592      5609.8460        68.5200         -61707.0852     -1113.9381         0.0000         0.0000     18166.5569         -28597.6287       293.2046    -46764.1856    -28451.7105       291.6630            243.9086       260.0263    264300.4732       -14.4341       -14.3962

WRITING COORDINATES TO DCD FILE NPT.dcd AT STEP 860000
LDB: ============= START OF LOAD BALANCING ============== 144915
LDB: ============== END OF LOAD BALANCING =============== 144915
LDB: =============== DONE WITH MIGRATION ================ 144915
LDB: ============= START OF LOAD BALANCING ============== 144923
LDB: ============== END OF LOAD BALANCING =============== 144923
LDB: =============== DONE WITH MIGRATION ================ 144923
LDB: ============= START OF LOAD BALANCING ============== 145253
LDB: ============== END OF LOAD BALANCING =============== 145253
LDB: =============== DONE WITH MIGRATION ================ 145253
LDB: ============= START OF LOAD BALANCING ============== 145261
LDB: ============== END OF LOAD BALANCING =============== 145261
LDB: =============== DONE WITH MIGRATION ================ 145261
LDB: ============= START OF LOAD BALANCING ============== 145590
LDB: ============== END OF LOAD BALANCING =============== 145590
LDB: =============== DONE WITH MIGRATION ================ 145590
LDB: ============= START OF LOAD BALANCING ============== 145599
LDB: ============== END OF LOAD BALANCING =============== 145599
LDB: =============== DONE WITH MIGRATION ================ 145599
LDB: ============= START OF LOAD BALANCING ============== 145928
LDB: ============== END OF LOAD BALANCING =============== 145928
LDB: =============== DONE WITH MIGRATION ================ 145928
LDB: ============= START OF LOAD BALANCING ============== 145936
LDB: ============== END OF LOAD BALANCING =============== 145936
LDB: =============== DONE WITH MIGRATION ================ 145936
LDB: ============= START OF LOAD BALANCING ============== 146266
LDB: ============== END OF LOAD BALANCING =============== 146266
LDB: =============== DONE WITH MIGRATION ================ 146266
LDB: ============= START OF LOAD BALANCING ============== 146274
LDB: ============== END OF LOAD BALANCING =============== 146274
LDB: =============== DONE WITH MIGRATION ================ 146274
PRESSURE: 870000 -1126.11 -397.045 345.718 -397.045 201.79 -313.255 345.718 -313.255 -389.457
GPRESSURE: 870000 -997.306 -356.151 208.197 -530.743 130.866 -384.449 216.719 -121.027 -400.871
PRESSAVG: 870000 -9.29487 -44.9066 24.5541 -44.9066 -19.7358 -10.5235 24.5541 -10.5235 -1.77354
GPRESSAVG: 870000 -9.289 -44.9701 24.4494 -44.8661 -19.7314 -10.4309 24.6388 -10.668 -1.70043
ENERGY:  870000      1563.1073      9076.3597      5605.9210        76.6946         -61206.3393     -1467.9862         0.0000         0.0000     18318.8142         -28033.4286       295.6620    -46352.2429    -27889.6230       292.7029           -437.9268      -422.4370    264810.3465       -10.2681       -10.2403

WRITING COORDINATES TO DCD FILE NPT.dcd AT STEP 870000
LDB: ============= START OF LOAD BALANCING ============== 146604
LDB: ============== END OF LOAD BALANCING =============== 146604
LDB: =============== DONE WITH MIGRATION ================ 146604
LDB: ============= START OF LOAD BALANCING ============== 146612
LDB: ============== END OF LOAD BALANCING =============== 146612
LDB: =============== DONE WITH MIGRATION ================ 146612
LDB: ============= START OF LOAD BALANCING ============== 146942
LDB: ============== END OF LOAD BALANCING =============== 146942
LDB: =============== DONE WITH MIGRATION ================ 146942
LDB: ============= START OF LOAD BALANCING ============== 146950
LDB: ============== END OF LOAD BALANCING =============== 146950
LDB: =============== DONE WITH MIGRATION ================ 146950
LDB: ============= START OF LOAD BALANCING ============== 147279
LDB: ============== END OF LOAD BALANCING =============== 147279
LDB: =============== DONE WITH MIGRATION ================ 147279
LDB: ============= START OF LOAD BALANCING ============== 147288
LDB: ============== END OF LOAD BALANCING =============== 147288
LDB: =============== DONE WITH MIGRATION ================ 147288
LDB: ============= START OF LOAD BALANCING ============== 147617
LDB: ============== END OF LOAD BALANCING =============== 147617
LDB: =============== DONE WITH MIGRATION ================ 147617
LDB: ============= START OF LOAD BALANCING ============== 147625
LDB: ============== END OF LOAD BALANCING =============== 147625
LDB: =============== DONE WITH MIGRATION ================ 147625
LDB: ============= START OF LOAD BALANCING ============== 147954
LDB: ============== END OF LOAD BALANCING =============== 147954
LDB: =============== DONE WITH MIGRATION ================ 147954
LDB: ============= START OF LOAD BALANCING ============== 147963
LDB: ============== END OF LOAD BALANCING =============== 147963
LDB: =============== DONE WITH MIGRATION ================ 147963
PRESSURE: 880000 123.168 -438.528 -93.9987 -438.528 58.456 -199.356 -93.9987 -199.356 329.966
GPRESSURE: 880000 13.3989 -321.242 -115.7 -248.984 250.374 -123.888 -63.7219 -77.0169 315.539
PRESSAVG: 880000 20.9367 -13.7988 -6.52537 -13.7988 -17.8725 -28.8966 -6.52537 -28.8966 0.673952
GPRESSAVG: 880000 20.9732 -13.6602 -6.47238 -13.7836 -17.877 -28.8241 -6.4636 -28.8245 0.650451
ENERGY:  880000      1561.2626      8945.4206      5639.8537        76.2892         -61351.0062     -1210.4369         0.0000         0.0000     18222.9604         -28115.6568       294.1150    -46338.6171    -27966.5517       293.1510            170.5301       193.1041    264449.4662         1.2461         1.2489

WRITING COORDINATES TO DCD FILE NPT.dcd AT STEP 880000
LDB: ============= START OF LOAD BALANCING ============== 148292
LDB: ============== END OF LOAD BALANCING =============== 148292
LDB: =============== DONE WITH MIGRATION ================ 148292
LDB: ============= START OF LOAD BALANCING ============== 148300
LDB: ============== END OF LOAD BALANCING =============== 148300
LDB: =============== DONE WITH MIGRATION ================ 148300
LDB: ============= START OF LOAD BALANCING ============== 148629
LDB: ============== END OF LOAD BALANCING =============== 148629
LDB: =============== DONE WITH MIGRATION ================ 148629
LDB: ============= START OF LOAD BALANCING ============== 148637
LDB: ============== END OF LOAD BALANCING =============== 148637
LDB: =============== DONE WITH MIGRATION ================ 148637
LDB: ============= START OF LOAD BALANCING ============== 148966
LDB: ============== END OF LOAD BALANCING =============== 148966
LDB: =============== DONE WITH MIGRATION ================ 148966
LDB: ============= START OF LOAD BALANCING ============== 148974
LDB: ============== END OF LOAD BALANCING =============== 148974
LDB: =============== DONE WITH MIGRATION ================ 148974
LDB: ============= START OF LOAD BALANCING ============== 149302
LDB: ============== END OF LOAD BALANCING =============== 149302
LDB: =============== DONE WITH MIGRATION ================ 149302
LDB: ============= START OF LOAD BALANCING ============== 149311
LDB: ============== END OF LOAD BALANCING =============== 149311
LDB: =============== DONE WITH MIGRATION ================ 149311
LDB: ============= START OF LOAD BALANCING ============== 149639
LDB: ============== END OF LOAD BALANCING =============== 149639
LDB: =============== DONE WITH MIGRATION ================ 149639
LDB: ============= START OF LOAD BALANCING ============== 149648
LDB: ============== END OF LOAD BALANCING =============== 149648
LDB: =============== DONE WITH MIGRATION ================ 149648
PRESSURE: 890000 -4.84171 163.843 -21.2945 163.843 -326.752 546.007 -21.2945 546.007 -449.014
GPRESSURE: 890000 -130.525 73.5246 -87.5609 139.62 -209.679 553.242 138.066 160.406 -395.25
PRESSAVG: 890000 -87.0317 -24.7647 14.6548 -24.7647 -55.219 17.6507 14.6548 17.6507 -0.807383
GPRESSAVG: 890000 -86.969 -24.9322 14.7138 -24.7762 -55.2409 17.5807 14.7253 17.7135 -0.73754
ENERGY:  890000      1542.8284      9003.5280      5652.5591        73.0852         -61342.8565     -1322.6133         0.0000         0.0000     18193.6856         -28199.7835       293.6425    -46393.4691    -28053.4584       292.6112           -260.2029      -245.1514    265328.4140       -47.6860       -47.6491

WRITING COORDINATES TO DCD FILE NPT.dcd AT STEP 890000
LDB: ============= START OF LOAD BALANCING ============== 149977
LDB: ============== END OF LOAD BALANCING =============== 149977
LDB: =============== DONE WITH MIGRATION ================ 149977
LDB: ============= START OF LOAD BALANCING ============== 149985
LDB: ============== END OF LOAD BALANCING =============== 149985
LDB: =============== DONE WITH MIGRATION ================ 149985
LDB: ============= START OF LOAD BALANCING ============== 150313
LDB: ============== END OF LOAD BALANCING =============== 150313
LDB: =============== DONE WITH MIGRATION ================ 150313
LDB: ============= START OF LOAD BALANCING ============== 150322
LDB: ============== END OF LOAD BALANCING =============== 150322
LDB: =============== DONE WITH MIGRATION ================ 150322
LDB: ============= START OF LOAD BALANCING ============== 150650
LDB: ============== END OF LOAD BALANCING =============== 150650
LDB: =============== DONE WITH MIGRATION ================ 150650
LDB: ============= START OF LOAD BALANCING ============== 150659
LDB: ============== END OF LOAD BALANCING =============== 150659
LDB: =============== DONE WITH MIGRATION ================ 150659
LDB: ============= START OF LOAD BALANCING ============== 150987
LDB: ============== END OF LOAD BALANCING =============== 150987
LDB: =============== DONE WITH MIGRATION ================ 150987
LDB: ============= START OF LOAD BALANCING ============== 150996
LDB: ============== END OF LOAD BALANCING =============== 150996
LDB: =============== DONE WITH MIGRATION ================ 150996
LDB: ============= START OF LOAD BALANCING ============== 151323
LDB: ============== END OF LOAD BALANCING =============== 151323
LDB: =============== DONE WITH MIGRATION ================ 151323
LDB: ============= START OF LOAD BALANCING ============== 151332
LDB: ============== END OF LOAD BALANCING =============== 151332
LDB: =============== DONE WITH MIGRATION ================ 151332
PRESSURE: 900000 198.943 146.699 520.144 146.699 47.3483 257.952 520.144 257.952 -118.024
GPRESSURE: 900000 384.415 514.245 612.406 118.055 -167.885 194.431 383.544 154.708 -24.9828
PRESSAVG: 900000 -46.6309 -56.1274 3.17377 -56.1274 -6.00162 8.52682 3.17377 8.52682 2.65599
GPRESSAVG: 900000 -46.6287 -56.0929 3.10284 -56.164 -5.94843 8.51015 3.23456 8.4497 2.629
TIMING: 900000  CPU: 151609, 0.168597/step  Wall: 151610, 0.168598/step, 4.68327 hours remaining, 685.320859 MB of memory in use.
PERFORMANCE: 900000  averaging 1.02579 ns/day, 0.168456 sec/step with standard deviation 0.000266941
ETITLE:      TS           BOND          ANGLE          DIHED          IMPRP               ELECT            VDW       BOUNDARY           MISC        KINETIC               TOTAL           TEMP      POTENTIAL         TOTAL3        TEMPAVG            PRESSURE      GPRESSURE         VOLUME       PRESSAVG      GPRESSAVG

ENERGY:  900000      1554.5230      9014.2049      5635.7763        64.7077         -61315.2009     -1384.3410         0.0000         0.0000     18053.3918         -28376.9383       291.3782    -46430.3300    -28232.8246       291.8039             42.7558        63.8491    264735.9237       -16.6588       -16.6494

WRITING EXTENDED SYSTEM TO RESTART FILE AT STEP 900000
WRITING COORDINATES TO DCD FILE NPT.dcd AT STEP 900000
WRITING COORDINATES TO RESTART FILE AT STEP 900000
FINISHED WRITING RESTART COORDINATES
WRITING VELOCITIES TO RESTART FILE AT STEP 900000
FINISHED WRITING RESTART VELOCITIES
LDB: ============= START OF LOAD BALANCING ============== 151660
LDB: ============== END OF LOAD BALANCING =============== 151660
LDB: =============== DONE WITH MIGRATION ================ 151660
LDB: ============= START OF LOAD BALANCING ============== 151669
LDB: ============== END OF LOAD BALANCING =============== 151669
LDB: =============== DONE WITH MIGRATION ================ 151669
LDB: ============= START OF LOAD BALANCING ============== 151997
LDB: ============== END OF LOAD BALANCING =============== 151997
LDB: =============== DONE WITH MIGRATION ================ 151997
LDB: ============= START OF LOAD BALANCING ============== 152005
LDB: ============== END OF LOAD BALANCING =============== 152005
LDB: =============== DONE WITH MIGRATION ================ 152005
LDB: ============= START OF LOAD BALANCING ============== 152334
LDB: ============== END OF LOAD BALANCING =============== 152334
LDB: =============== DONE WITH MIGRATION ================ 152334
LDB: ============= START OF LOAD BALANCING ============== 152342
LDB: ============== END OF LOAD BALANCING =============== 152342
LDB: =============== DONE WITH MIGRATION ================ 152342
LDB: ============= START OF LOAD BALANCING ============== 152670
LDB: ============== END OF LOAD BALANCING =============== 152670
LDB: =============== DONE WITH MIGRATION ================ 152670
LDB: ============= START OF LOAD BALANCING ============== 152678
LDB: ============== END OF LOAD BALANCING =============== 152678
LDB: =============== DONE WITH MIGRATION ================ 152678
LDB: ============= START OF LOAD BALANCING ============== 153007
LDB: ============== END OF LOAD BALANCING =============== 153007
LDB: =============== DONE WITH MIGRATION ================ 153007
LDB: ============= START OF LOAD BALANCING ============== 153016
LDB: ============== END OF LOAD BALANCING =============== 153016
LDB: =============== DONE WITH MIGRATION ================ 153016
PRESSURE: 910000 -140.603 -89.9359 -343.305 -89.9359 -310.173 -93.7474 -343.305 -93.7474 -601.152
GPRESSURE: 910000 44.5339 -224.263 -274.153 105.921 -410.805 -209.119 -365.137 -111.775 -606.72
PRESSAVG: 910000 -85.562 -25.5926 10.0771 -25.5926 -29.3371 -12.7619 10.0771 -12.7619 1.1427
GPRESSAVG: 910000 -85.4698 -25.6526 10.1298 -25.6111 -29.3859 -12.8175 10.1026 -12.7441 1.11297
ENERGY:  910000      1571.1956      9032.7037      5614.6834        65.8801         -61439.1498     -1250.3461         0.0000         0.0000     18241.6671         -28163.3660       294.4169    -46405.0331    -28018.6846       292.3023           -350.6424      -324.3307    264237.5953       -37.9188       -37.9142

WRITING COORDINATES TO DCD FILE NPT.dcd AT STEP 910000
LDB: ============= START OF LOAD BALANCING ============== 153344
LDB: ============== END OF LOAD BALANCING =============== 153344
LDB: =============== DONE WITH MIGRATION ================ 153344
LDB: ============= START OF LOAD BALANCING ============== 153353
LDB: ============== END OF LOAD BALANCING =============== 153353
LDB: =============== DONE WITH MIGRATION ================ 153353
LDB: ============= START OF LOAD BALANCING ============== 153681
LDB: ============== END OF LOAD BALANCING =============== 153681
LDB: =============== DONE WITH MIGRATION ================ 153681
LDB: ============= START OF LOAD BALANCING ============== 153690
LDB: ============== END OF LOAD BALANCING =============== 153690
LDB: =============== DONE WITH MIGRATION ================ 153690
LDB: ============= START OF LOAD BALANCING ============== 154018
LDB: ============== END OF LOAD BALANCING =============== 154018
LDB: =============== DONE WITH MIGRATION ================ 154018
LDB: ============= START OF LOAD BALANCING ============== 154027
LDB: ============== END OF LOAD BALANCING =============== 154027
LDB: =============== DONE WITH MIGRATION ================ 154027
LDB: ============= START OF LOAD BALANCING ============== 154355
LDB: ============== END OF LOAD BALANCING =============== 154355
LDB: =============== DONE WITH MIGRATION ================ 154355
LDB: ============= START OF LOAD BALANCING ============== 154364
LDB: ============== END OF LOAD BALANCING =============== 154364
LDB: =============== DONE WITH MIGRATION ================ 154364
LDB: ============= START OF LOAD BALANCING ============== 154692
LDB: ============== END OF LOAD BALANCING =============== 154692
LDB: =============== DONE WITH MIGRATION ================ 154692
LDB: ============= START OF LOAD BALANCING ============== 154701
LDB: ============== END OF LOAD BALANCING =============== 154701
LDB: =============== DONE WITH MIGRATION ================ 154701
PRESSURE: 920000 331.953 309.912 71.9853 309.912 178.266 -169.924 71.9853 -169.924 670.437
GPRESSURE: 920000 431.557 260.5 -2.46583 157.177 111.394 -303.206 160.584 -97.4311 689.713
PRESSAVG: 920000 -51.5163 10.1827 -1.55039 10.1827 -24.0507 3.62355 -1.55039 3.62355 -3.19379
GPRESSAVG: 920000 -51.5285 10.1696 -1.57808 10.2635 -23.8822 3.59528 -1.51615 3.72057 -3.13662
ENERGY:  920000      1510.2667      9159.5390      5633.1898        71.1400         -61619.7408     -1021.7889         0.0000         0.0000     18136.8521         -28130.5422       292.7252    -46267.3943    -27991.0936       291.9746            393.5519       410.8880    264656.1019       -26.2536       -26.1824

WRITING COORDINATES TO DCD FILE NPT.dcd AT STEP 920000
LDB: ============= START OF LOAD BALANCING ============== 155029
LDB: ============== END OF LOAD BALANCING =============== 155029
LDB: =============== DONE WITH MIGRATION ================ 155029
LDB: ============= START OF LOAD BALANCING ============== 155038
LDB: ============== END OF LOAD BALANCING =============== 155038
LDB: =============== DONE WITH MIGRATION ================ 155038
LDB: ============= START OF LOAD BALANCING ============== 155366
LDB: ============== END OF LOAD BALANCING =============== 155366
LDB: =============== DONE WITH MIGRATION ================ 155366
LDB: ============= START OF LOAD BALANCING ============== 155375
LDB: ============== END OF LOAD BALANCING =============== 155375
LDB: =============== DONE WITH MIGRATION ================ 155375
LDB: ============= START OF LOAD BALANCING ============== 155703
LDB: ============== END OF LOAD BALANCING =============== 155703
LDB: =============== DONE WITH MIGRATION ================ 155703
LDB: ============= START OF LOAD BALANCING ============== 155711
LDB: ============== END OF LOAD BALANCING =============== 155711
LDB: =============== DONE WITH MIGRATION ================ 155711
LDB: ============= START OF LOAD BALANCING ============== 156039
LDB: ============== END OF LOAD BALANCING =============== 156039
LDB: =============== DONE WITH MIGRATION ================ 156039
LDB: ============= START OF LOAD BALANCING ============== 156048
LDB: ============== END OF LOAD BALANCING =============== 156048
LDB: =============== DONE WITH MIGRATION ================ 156048
LDB: ============= START OF LOAD BALANCING ============== 156376
LDB: ============== END OF LOAD BALANCING =============== 156376
LDB: =============== DONE WITH MIGRATION ================ 156376
LDB: ============= START OF LOAD BALANCING ============== 156384
LDB: ============== END OF LOAD BALANCING =============== 156384
LDB: =============== DONE WITH MIGRATION ================ 156384
PRESSURE: 930000 177.143 -19.9642 416.431 -19.9642 53.5018 -373.115 416.431 -373.115 -163.733
GPRESSURE: 930000 153.134 -100.49 646.481 42.2694 148.134 -296.483 183.604 -248.476 -130.62
PRESSAVG: 930000 -42.0723 23.7249 9.92401 23.7249 -37.5638 17.0004 9.92401 17.0004 1.0981
GPRESSAVG: 930000 -42.1527 23.6114 9.96966 23.6475 -37.49 16.9213 9.98386 16.8708 1.10474
ENERGY:  930000      1527.0198      8935.5667      5665.4557        62.2691         -61359.9750     -1209.7608         0.0000         0.0000     18076.8077         -28302.6169       291.7561    -46379.4246    -28154.5496       292.5482             22.3039        56.8827    264307.7009       -26.1793       -26.1793

WRITING COORDINATES TO DCD FILE NPT.dcd AT STEP 930000
LDB: ============= START OF LOAD BALANCING ============== 156713
LDB: ============== END OF LOAD BALANCING =============== 156713
LDB: =============== DONE WITH MIGRATION ================ 156713
LDB: ============= START OF LOAD BALANCING ============== 156721
LDB: ============== END OF LOAD BALANCING =============== 156721
LDB: =============== DONE WITH MIGRATION ================ 156721
LDB: ============= START OF LOAD BALANCING ============== 157050
LDB: ============== END OF LOAD BALANCING =============== 157050
LDB: =============== DONE WITH MIGRATION ================ 157050
LDB: ============= START OF LOAD BALANCING ============== 157058
LDB: ============== END OF LOAD BALANCING =============== 157058
LDB: =============== DONE WITH MIGRATION ================ 157058
LDB: ============= START OF LOAD BALANCING ============== 157386
LDB: ============== END OF LOAD BALANCING =============== 157386
LDB: =============== DONE WITH MIGRATION ================ 157386
LDB: ============= START OF LOAD BALANCING ============== 157395
LDB: ============== END OF LOAD BALANCING =============== 157395
LDB: =============== DONE WITH MIGRATION ================ 157395
LDB: ============= START OF LOAD BALANCING ============== 157723
LDB: ============== END OF LOAD BALANCING =============== 157723
LDB: =============== DONE WITH MIGRATION ================ 157723
LDB: ============= START OF LOAD BALANCING ============== 157732
LDB: ============== END OF LOAD BALANCING =============== 157732
LDB: =============== DONE WITH MIGRATION ================ 157732
LDB: ============= START OF LOAD BALANCING ============== 158061
LDB: ============== END OF LOAD BALANCING =============== 158061
LDB: =============== DONE WITH MIGRATION ================ 158061
LDB: ============= START OF LOAD BALANCING ============== 158069
LDB: ============== END OF LOAD BALANCING =============== 158069
LDB: =============== DONE WITH MIGRATION ================ 158069
PRESSURE: 940000 -204.788 -71.9243 -237.132 -71.9243 152.451 -193.193 -237.132 -193.193 -332.076
GPRESSURE: 940000 -166.165 -129.793 -125.214 -65.9307 224.116 -193.78 -202.18 24.7199 -427.165
PRESSAVG: 940000 0.704208 -7.53071 -9.75902 -7.53071 -15.0211 23.1738 -9.75902 23.1738 4.17468
GPRESSAVG: 940000 0.663016 -7.62867 -9.84621 -7.49847 -15.0999 23.2657 -9.73118 23.0897 4.16938
ENERGY:  940000      1531.2787      9183.1222      5669.6704        65.8273         -61640.0871     -1254.5680         0.0000         0.0000     18205.1954         -28239.5611       293.8283    -46444.7566    -28096.3161       292.7247           -128.1377      -123.0715    264064.5520        -3.3807        -3.4225

WRITING COORDINATES TO DCD FILE NPT.dcd AT STEP 940000
LDB: ============= START OF LOAD BALANCING ============== 158397
LDB: ============== END OF LOAD BALANCING =============== 158397
LDB: =============== DONE WITH MIGRATION ================ 158397
LDB: ============= START OF LOAD BALANCING ============== 158406
LDB: ============== END OF LOAD BALANCING =============== 158406
LDB: =============== DONE WITH MIGRATION ================ 158406
LDB: ============= START OF LOAD BALANCING ============== 158734
LDB: ============== END OF LOAD BALANCING =============== 158734
LDB: =============== DONE WITH MIGRATION ================ 158734
LDB: ============= START OF LOAD BALANCING ============== 158742
LDB: ============== END OF LOAD BALANCING =============== 158742
LDB: =============== DONE WITH MIGRATION ================ 158742
LDB: ============= START OF LOAD BALANCING ============== 159070
LDB: ============== END OF LOAD BALANCING =============== 159070
LDB: =============== DONE WITH MIGRATION ================ 159070
LDB: ============= START OF LOAD BALANCING ============== 159079
LDB: ============== END OF LOAD BALANCING =============== 159079
LDB: =============== DONE WITH MIGRATION ================ 159079
LDB: ============= START OF LOAD BALANCING ============== 159407
LDB: ============== END OF LOAD BALANCING =============== 159407
LDB: =============== DONE WITH MIGRATION ================ 159407
LDB: ============= START OF LOAD BALANCING ============== 159415
LDB: ============== END OF LOAD BALANCING =============== 159415
LDB: =============== DONE WITH MIGRATION ================ 159415
LDB: ============= START OF LOAD BALANCING ============== 159744
LDB: ============== END OF LOAD BALANCING =============== 159744
LDB: =============== DONE WITH MIGRATION ================ 159744
LDB: ============= START OF LOAD BALANCING ============== 159752
LDB: ============== END OF LOAD BALANCING =============== 159752
LDB: =============== DONE WITH MIGRATION ================ 159752
PRESSURE: 950000 36.5604 137.194 51.0647 137.194 -274.243 -76.2367 51.0647 -76.2367 909.646
GPRESSURE: 950000 47.103 50.8895 40.7928 102.267 -259.84 -66.3092 229.161 -194.511 934.875
PRESSAVG: 950000 -56.1169 11.7498 -0.691234 11.7498 -52.7427 17.6771 -0.691234 17.6771 -0.890936
GPRESSAVG: 950000 -56.1936 11.6264 -0.615132 11.7161 -52.7257 17.4693 -0.791624 17.8147 -0.845718
ENERGY:  950000      1563.7528      9024.1440      5676.3208        75.3441         -61381.6462     -1288.5018         0.0000         0.0000     18163.9942         -28166.5920       293.1633    -46330.5862    -28025.6078       291.9490            223.9879       240.7126    263789.9978       -36.5835       -36.5884

WRITING EXTENDED SYSTEM TO RESTART FILE AT STEP 950000
WRITING COORDINATES TO DCD FILE NPT.dcd AT STEP 950000
WRITING COORDINATES TO RESTART FILE AT STEP 950000
FINISHED WRITING RESTART COORDINATES
WRITING VELOCITIES TO RESTART FILE AT STEP 950000
FINISHED WRITING RESTART VELOCITIES
LDB: ============= START OF LOAD BALANCING ============== 160081
LDB: ============== END OF LOAD BALANCING =============== 160081
LDB: =============== DONE WITH MIGRATION ================ 160081
LDB: ============= START OF LOAD BALANCING ============== 160089
LDB: ============== END OF LOAD BALANCING =============== 160089
LDB: =============== DONE WITH MIGRATION ================ 160089
LDB: ============= START OF LOAD BALANCING ============== 160418
LDB: ============== END OF LOAD BALANCING =============== 160418
LDB: =============== DONE WITH MIGRATION ================ 160418
LDB: ============= START OF LOAD BALANCING ============== 160427
LDB: ============== END OF LOAD BALANCING =============== 160427
LDB: =============== DONE WITH MIGRATION ================ 160427
LDB: ============= START OF LOAD BALANCING ============== 160756
LDB: ============== END OF LOAD BALANCING =============== 160756
LDB: =============== DONE WITH MIGRATION ================ 160756
LDB: ============= START OF LOAD BALANCING ============== 160765
LDB: ============== END OF LOAD BALANCING =============== 160765
LDB: =============== DONE WITH MIGRATION ================ 160765
LDB: ============= START OF LOAD BALANCING ============== 161094
LDB: ============== END OF LOAD BALANCING =============== 161094
LDB: =============== DONE WITH MIGRATION ================ 161094
LDB: ============= START OF LOAD BALANCING ============== 161102
LDB: ============== END OF LOAD BALANCING =============== 161102
LDB: =============== DONE WITH MIGRATION ================ 161102
LDB: ============= START OF LOAD BALANCING ============== 161431
LDB: ============== END OF LOAD BALANCING =============== 161431
LDB: =============== DONE WITH MIGRATION ================ 161431
LDB: ============= START OF LOAD BALANCING ============== 161440
LDB: ============== END OF LOAD BALANCING =============== 161440
LDB: =============== DONE WITH MIGRATION ================ 161440
PRESSURE: 960000 97.0043 14.6416 48.7521 14.6416 -331.106 229.913 48.7521 229.913 196.598
GPRESSURE: 960000 68.6948 -146.187 -4.39807 -136.976 -179.704 48.8433 -50.6994 115.825 95.3851
PRESSAVG: 960000 14.868 -36.5692 1.08351 -36.5692 0.139162 -19.355 1.08351 -19.355 1.8269
GPRESSAVG: 960000 14.8053 -36.5236 1.08844 -36.6026 0.167839 -19.31 1.17263 -19.3359 1.8354
ENERGY:  960000      1506.8734      9048.5789      5679.5071        65.0697         -61186.4220     -1364.1936         0.0000         0.0000     18331.3508         -27919.2357       295.8644    -46250.5865    -27774.5046       292.9089            -12.5013        -5.2080    265394.1995         5.6114         5.6028

WRITING COORDINATES TO DCD FILE NPT.dcd AT STEP 960000
LDB: ============= START OF LOAD BALANCING ============== 161768
LDB: ============== END OF LOAD BALANCING =============== 161768
LDB: =============== DONE WITH MIGRATION ================ 161768
LDB: ============= START OF LOAD BALANCING ============== 161777
LDB: ============== END OF LOAD BALANCING =============== 161777
LDB: =============== DONE WITH MIGRATION ================ 161777
LDB: ============= START OF LOAD BALANCING ============== 162105
LDB: ============== END OF LOAD BALANCING =============== 162105
LDB: =============== DONE WITH MIGRATION ================ 162105
LDB: ============= START OF LOAD BALANCING ============== 162113
LDB: ============== END OF LOAD BALANCING =============== 162113
LDB: =============== DONE WITH MIGRATION ================ 162113
LDB: ============= START OF LOAD BALANCING ============== 162443
LDB: ============== END OF LOAD BALANCING =============== 162443
LDB: =============== DONE WITH MIGRATION ================ 162443
LDB: ============= START OF LOAD BALANCING ============== 162451
LDB: ============== END OF LOAD BALANCING =============== 162451
LDB: =============== DONE WITH MIGRATION ================ 162451
LDB: ============= START OF LOAD BALANCING ============== 162780
LDB: ============== END OF LOAD BALANCING =============== 162780
LDB: =============== DONE WITH MIGRATION ================ 162780
LDB: ============= START OF LOAD BALANCING ============== 162789
LDB: ============== END OF LOAD BALANCING =============== 162789
LDB: =============== DONE WITH MIGRATION ================ 162789
LDB: ============= START OF LOAD BALANCING ============== 163118
LDB: ============== END OF LOAD BALANCING =============== 163118
LDB: =============== DONE WITH MIGRATION ================ 163118
LDB: ============= START OF LOAD BALANCING ============== 163127
LDB: ============== END OF LOAD BALANCING =============== 163127
LDB: =============== DONE WITH MIGRATION ================ 163127
PRESSURE: 970000 -357.938 -83.4428 167.906 -83.4428 480.287 121.898 167.906 121.898 -73.8175
GPRESSURE: 970000 -207.716 -132.586 417.571 -16.7043 294.082 -28.4183 113.821 23.2801 0.229577
PRESSAVG: 970000 -7.0812 1.15479 12.519 1.15479 22.885 -12.7382 12.519 -12.7382 3.92889
GPRESSAVG: 970000 -7.06699 1.17568 12.5262 1.21975 22.9294 -12.7087 12.4905 -12.7961 3.94226
ENERGY:  970000      1540.3842      9012.5733      5670.7775        67.2386         -61289.2492     -1395.9552         0.0000         0.0000     18022.2891         -28371.9417       290.8762    -46394.2308    -28232.8522       293.0475             16.1772        28.8653    264761.6778         6.5776         6.6016

WRITING COORDINATES TO DCD FILE NPT.dcd AT STEP 970000
LDB: ============= START OF LOAD BALANCING ============== 163456
LDB: ============== END OF LOAD BALANCING =============== 163456
LDB: =============== DONE WITH MIGRATION ================ 163456
LDB: ============= START OF LOAD BALANCING ============== 163464
LDB: ============== END OF LOAD BALANCING =============== 163464
LDB: =============== DONE WITH MIGRATION ================ 163464
LDB: ============= START OF LOAD BALANCING ============== 163793
LDB: ============== END OF LOAD BALANCING =============== 163793
LDB: =============== DONE WITH MIGRATION ================ 163793
LDB: ============= START OF LOAD BALANCING ============== 163802
LDB: ============== END OF LOAD BALANCING =============== 163802
LDB: =============== DONE WITH MIGRATION ================ 163802
LDB: ============= START OF LOAD BALANCING ============== 164130
LDB: ============== END OF LOAD BALANCING =============== 164130
LDB: =============== DONE WITH MIGRATION ================ 164130
LDB: ============= START OF LOAD BALANCING ============== 164139
LDB: ============== END OF LOAD BALANCING =============== 164139
LDB: =============== DONE WITH MIGRATION ================ 164139
LDB: ============= START OF LOAD BALANCING ============== 164466
LDB: ============== END OF LOAD BALANCING =============== 164466
LDB: =============== DONE WITH MIGRATION ================ 164466
LDB: ============= START OF LOAD BALANCING ============== 164475
LDB: ============== END OF LOAD BALANCING =============== 164475
LDB: =============== DONE WITH MIGRATION ================ 164475
LDB: ============= START OF LOAD BALANCING ============== 164803
LDB: ============== END OF LOAD BALANCING =============== 164803
LDB: =============== DONE WITH MIGRATION ================ 164803
LDB: ============= START OF LOAD BALANCING ============== 164811
LDB: ============== END OF LOAD BALANCING =============== 164811
LDB: =============== DONE WITH MIGRATION ================ 164811
PRESSURE: 980000 -370.423 -96.4058 207.152 -96.4058 -466.809 -139.851 207.152 -139.851 185.196
GPRESSURE: 980000 -429.275 124.106 163.724 112.432 -382.531 -173.416 185.66 -333.252 222.526
PRESSAVG: 980000 -8.62285 -27.2311 15.2801 -27.2311 -8.421 -27.3809 15.2801 -27.3809 0.889877
GPRESSAVG: 980000 -8.61659 -27.3061 15.3471 -27.2048 -8.29868 -27.3572 15.223 -27.4523 0.944424
ENERGY:  980000      1543.5913      9056.9376      5680.1205        78.3817         -61013.9687     -1526.9495         0.0000         0.0000     18044.0901         -28137.7969       291.2280    -46181.8870    -27990.1431       293.3719           -217.3454      -196.4268    263926.5903        -5.3847        -5.3236

WRITING COORDINATES TO DCD FILE NPT.dcd AT STEP 980000
LDB: ============= START OF LOAD BALANCING ============== 165139
LDB: ============== END OF LOAD BALANCING =============== 165139
LDB: =============== DONE WITH MIGRATION ================ 165139
LDB: ============= START OF LOAD BALANCING ============== 165148
LDB: ============== END OF LOAD BALANCING =============== 165148
LDB: =============== DONE WITH MIGRATION ================ 165148
LDB: ============= START OF LOAD BALANCING ============== 165476
LDB: ============== END OF LOAD BALANCING =============== 165476
LDB: =============== DONE WITH MIGRATION ================ 165476
LDB: ============= START OF LOAD BALANCING ============== 165484
LDB: ============== END OF LOAD BALANCING =============== 165484
LDB: =============== DONE WITH MIGRATION ================ 165484
LDB: ============= START OF LOAD BALANCING ============== 165812
LDB: ============== END OF LOAD BALANCING =============== 165812
LDB: =============== DONE WITH MIGRATION ================ 165812
LDB: ============= START OF LOAD BALANCING ============== 165820
LDB: ============== END OF LOAD BALANCING =============== 165820
LDB: =============== DONE WITH MIGRATION ================ 165820
LDB: ============= START OF LOAD BALANCING ============== 166148
LDB: ============== END OF LOAD BALANCING =============== 166148
LDB: =============== DONE WITH MIGRATION ================ 166148
LDB: ============= START OF LOAD BALANCING ============== 166156
LDB: ============== END OF LOAD BALANCING =============== 166156
LDB: =============== DONE WITH MIGRATION ================ 166156
LDB: ============= START OF LOAD BALANCING ============== 166483
LDB: ============== END OF LOAD BALANCING =============== 166483
LDB: =============== DONE WITH MIGRATION ================ 166483
LDB: ============= START OF LOAD BALANCING ============== 166492
LDB: ============== END OF LOAD BALANCING =============== 166492
LDB: =============== DONE WITH MIGRATION ================ 166492
PRESSURE: 990000 -536.223 389.032 370.079 389.032 223.258 535.062 370.079 535.062 -88.5229
GPRESSURE: 990000 -236.561 517.88 437.08 317.06 -1.45799 660.041 218.844 411.567 -89.5318
PRESSAVG: 990000 -57.7173 -15.2993 -18.6046 -15.2993 -65.2536 -12.6508 -18.6046 -12.6508 -2.25509
GPRESSAVG: 990000 -57.7658 -15.2129 -18.5898 -15.3032 -65.3037 -12.6801 -18.5906 -12.4899 -2.25029
ENERGY:  990000      1536.2701      9119.0802      5639.2200        84.1695         -61456.3493     -1310.3032         0.0000         0.0000     18209.1497         -28178.7630       293.8921    -46387.9127    -28033.6463       292.7916           -133.8293      -109.1836    266059.8609       -41.7420       -41.7733

WRITING COORDINATES TO DCD FILE NPT.dcd AT STEP 990000
LDB: ============= START OF LOAD BALANCING ============== 166820
LDB: ============== END OF LOAD BALANCING =============== 166820
LDB: =============== DONE WITH MIGRATION ================ 166820
LDB: ============= START OF LOAD BALANCING ============== 166828
LDB: ============== END OF LOAD BALANCING =============== 166828
LDB: =============== DONE WITH MIGRATION ================ 166828
LDB: ============= START OF LOAD BALANCING ============== 167156
LDB: ============== END OF LOAD BALANCING =============== 167156
LDB: =============== DONE WITH MIGRATION ================ 167156
LDB: ============= START OF LOAD BALANCING ============== 167165
LDB: ============== END OF LOAD BALANCING =============== 167165
LDB: =============== DONE WITH MIGRATION ================ 167165
LDB: ============= START OF LOAD BALANCING ============== 167492
LDB: ============== END OF LOAD BALANCING =============== 167492
LDB: =============== DONE WITH MIGRATION ================ 167492
LDB: ============= START OF LOAD BALANCING ============== 167501
LDB: ============== END OF LOAD BALANCING =============== 167501
LDB: =============== DONE WITH MIGRATION ================ 167501
LDB: ============= START OF LOAD BALANCING ============== 167829
LDB: ============== END OF LOAD BALANCING =============== 167829
LDB: =============== DONE WITH MIGRATION ================ 167829
LDB: ============= START OF LOAD BALANCING ============== 167837
LDB: ============== END OF LOAD BALANCING =============== 167837
LDB: =============== DONE WITH MIGRATION ================ 167837
LDB: ============= START OF LOAD BALANCING ============== 168166
LDB: ============== END OF LOAD BALANCING =============== 168166
LDB: =============== DONE WITH MIGRATION ================ 168166
LDB: ============= START OF LOAD BALANCING ============== 168174
LDB: ============== END OF LOAD BALANCING =============== 168174
LDB: =============== DONE WITH MIGRATION ================ 168174
PRESSURE: 1000000 393.335 -17.7717 -408.282 -17.7717 552.506 -111.188 -408.282 -111.188 -465.222
GPRESSURE: 1000000 498.205 -71.4794 -366.053 121.161 488.104 -44.6761 -152.366 24.4216 -421.335
PRESSAVG: 1000000 -17.1854 -3.43128 -8.92905 -3.43128 3.64833 -6.94278 -8.92905 -6.94278 -3.90243
GPRESSAVG: 1000000 -17.1022 -3.32195 -8.91032 -3.53844 3.67001 -7.04039 -8.99706 -6.91238 -3.89845
TIMING: 1000000  CPU: 168451, 0.168413/step  Wall: 168452, 0.168415/step, 0 hours remaining, 685.320859 MB of memory in use.
PERFORMANCE: 1000000  averaging 1.02581 ns/day, 0.168451 sec/step with standard deviation 0.000252003
ETITLE:      TS           BOND          ANGLE          DIHED          IMPRP               ELECT            VDW       BOUNDARY           MISC        KINETIC               TOTAL           TEMP      POTENTIAL         TOTAL3        TEMPAVG            PRESSURE      GPRESSURE         VOLUME       PRESSAVG      GPRESSAVG

ENERGY: 1000000      1542.6975      8858.5252      5661.9505        77.4563         -61588.9625     -1163.2427         0.0000         0.0000     18119.1240         -28492.4517       292.4391    -46611.5757    -28343.9827       293.5575            160.2062       188.3243    263726.8627        -5.8132        -5.7769

WRITING EXTENDED SYSTEM TO RESTART FILE AT STEP 1000000
WRITING COORDINATES TO DCD FILE NPT.dcd AT STEP 1000000
WRITING COORDINATES TO RESTART FILE AT STEP 1000000
FINISHED WRITING RESTART COORDINATES
WRITING VELOCITIES TO RESTART FILE AT STEP 1000000
FINISHED WRITING RESTART VELOCITIES
WRITING EXTENDED SYSTEM TO OUTPUT FILE AT STEP 1000000
CLOSING EXTENDED SYSTEM TRAJECTORY FILE
WRITING COORDINATES TO OUTPUT FILE AT STEP 1000000
CLOSING COORDINATE DCD FILE NPT.dcd
WRITING VELOCITIES TO OUTPUT FILE AT STEP 1000000
====================================================

WallClock: 168476.734375  CPUTime: 168475.593750  Memory: 685.320859 MB
[Partition 0][Node 0] End of program
