Charm++> No provisioning arguments specified. Running with a single PE.
         Use +auto-provision to fully subscribe resources or +p1 to silence this message.
Charm++: standalone mode (not using charmrun)
Charm++> Running in Multicore mode: 1 threads (PEs)
Charm++> Using recursive bisection (scheme 3) for topology aware partitions
Converse/Charm++ Commit ID: 
CharmLB> Load balancer assumes all CPUs are same.
Charm++> Running on 1 hosts (1 sockets x 20 cores x 2 PUs = 40-way SMP)
Charm++> cpu topology info is gathered in 0.000 seconds.
CharmLB> Load balancing instrumentation for communication is off.
Info: NAMD Git-2025-12-04 for Linux-x86_64-multicore
Info: 
Info: Please visit http://www.ks.uiuc.edu/Research/namd/
Info: for updates, documentation, and support information.
Info: 
Info: Please cite Phillips et al., J. Chem. Phys. 153:044130 (2020) doi:10.1063/5.0014475
Info: in all publications reporting results obtained with NAMD.
Info: 
Info: Based on Charm++/Converse 80000 for multicore-linux-x86_64-gcc
Info: Built Thu Dec 4 09:25:02 CST 2025 by dhardy on athine.ks.uiuc.edu
Info: Source code at Git commit ID b856a9378ca44bcf5aa708d4b681af4ceb86d8ca
Info: 1 NAMD  Git-2025-12-04  Linux-x86_64-multicore  1    vivi01  cmm11
Info: Running on 1 processors, 1 nodes, 1 physical nodes.
Info: CPU topology information available.
Info: Charm++/Converse parallel runtime startup completed at 0.00557563 s
CkLoopLib is used in SMP with simple dynamic scheduling (converse-level notification)
Info: 25.0547 MB of memory in use based on /proc/self/stat
Info: Configuration file is simNVT.conf
Info: Working in the current directory /scratch/168097.1.cerqt03.q
TCL: Suspending until startup complete.
Warning: Option "1-4scaling" has been deprecated. Instead use "oneFourScaling".
Info: EXTENDED SYSTEM FILE   NPT.restart.xsc
Warning: The Langevin gamma parameters differ over the particles,
Warning: requiring extra work per step to constrain rigid bonds.
Info: SIMULATION PARAMETERS:
Info: TIMESTEP               2
Info: NUMBER OF STEPS        50000
Info: STEPS PER CYCLE        10
Info: PERIODIC CELL BASIS 1  67.406 0 0
Info: PERIODIC CELL BASIS 2  0 57.2957 0
Info: PERIODIC CELL BASIS 3  0 0 69.0731
Info: PERIODIC CELL CENTER   0 0 0
Info: WRAPPING WATERS AROUND PERIODIC BOUNDARIES ON OUTPUT.
Info: WRAPPING ALL CLUSTERS AROUND PERIODIC BOUNDARIES ON OUTPUT.
Info: LOAD BALANCER  Centralized
Info: LOAD BALANCING STRATEGY  New Load Balancers -- DEFAULT
Info: LDB PERIOD             2000 steps
Info: FIRST LDB TIMESTEP     50
Info: LAST LDB TIMESTEP     -1
Info: LDB BACKGROUND SCALING 1
Info: HOM BACKGROUND SCALING 1
Info: PME BACKGROUND SCALING 1
Info: MIN ATOMS PER PATCH    40
Info: EMPTY PATCH LOAD       40 ATOMS
Info: VELOCITY FILE          NPT.restart.vel
Info: CENTER OF MASS MOVING INITIALLY? NO
Info: DIELECTRIC             1
Info: EXCLUDE                SCALED ONE-FOUR
Info: 1-4 ELECTROSTATICS SCALED BY 1
Info: MODIFIED 1-4 VDW PARAMETERS WILL BE USED
Info: DCD FILENAME           NVT.dcd
Info: DCD FREQUENCY          10
Info: DCD FIRST STEP         10
Info: DCD FILE WILL CONTAIN UNIT CELL DATA
Info: XST FILENAME           NVT.xst
Info: XST FREQUENCY          5000
Info: NO VELOCITY DCD OUTPUT
Info: NO FORCE DCD OUTPUT
Info: OUTPUT FILENAME        NVT
Info: BINARY OUTPUT FILES WILL BE USED
Info: RESTART FILENAME       NVT.restart
Info: RESTART FREQUENCY      5000
Info: BINARY RESTART FILES WILL BE USED
Info: NAMD will save positions and velocities to NVT.crash.csv when  atoms are moving too fast.
Info: SWITCHING ACTIVE
Info: SWITCHING ON           10
Info: SWITCHING OFF          12
Info: PAIRLIST DISTANCE      13.5
Info: PAIRLIST SHRINK RATE   0.01
Info: PAIRLIST GROW RATE     0.01
Info: PAIRLIST TRIGGER       0.3
Info: PAIRLISTS PER CYCLE    2
Info: PAIRLISTS ENABLED
Info: MARGIN                 0
Info: HYDROGEN GROUP CUTOFF  2.5
Info: PATCH DIMENSION        16
Info: ENERGY OUTPUT STEPS    1000
Info: ENERGY EVALUATION STEPS    1000
Info: OUTPUT ENERGY PRECISION 4
Info: CROSSTERM ENERGY INCLUDED IN DIHEDRAL
Info: TIMING OUTPUT STEPS    10000
Info: PRESSURE OUTPUT STEPS  1000
Info: LANGEVIN DYNAMICS ACTIVE
Info: LANGEVIN TEMPERATURE   301.5
Info: LANGEVIN USING BBK INTEGRATOR
Info: LANGEVIN DAMPING COEFFICIENT IS 1 INVERSE PS
Info: LANGEVIN DYNAMICS NOT APPLIED TO HYDROGENS
Info: PARTICLE MESH EWALD (PME) ACTIVE
Info: PME TOLERANCE               1e-06
Info: PME EWALD COEFFICIENT       0.257952
Info: PME INTERPOLATION ORDER     4
Info: PME GRID DIMENSIONS         72 60 72
Info: PME MAXIMUM GRID SPACING    1.5
Info: Attempting to read FFTW data from FFTW_NAMD_Git-2025-12-04_Linux-x86_64-multicore.txt
Info: Optimizing 6 FFT steps.  1... 2... 3... 4... 5... 6...   Done.
Info: Writing FFTW data to FFTW_NAMD_Git-2025-12-04_Linux-x86_64-multicore.txt
Info: FULL ELECTROSTATIC EVALUATION FREQUENCY      2
Info: USING VERLET I (r-RESPA) MTS SCHEME.
Info: C1 SPLITTING OF LONG RANGE ELECTROSTATICS
Info: PLACING ATOMS IN PATCHES BY HYDROGEN GROUPS
Info: RIGID BONDS TO HYDROGEN : ALL
Info:         ERROR TOLERANCE : 1e-08
Info:          MAX ITERATIONS : 100
Info: RIGID WATER USING SETTLE ALGORITHM
Info: RANDOM NUMBER SEED     1781532592
Info: USE HYDROGEN BONDS?    NO
Info: COORDINATE PDB         coordenades_inicials.pdb
Info: STRUCTURE FILE         estructura_membranaDMPC.psf
Info: PARAMETER file: CHARMM format! 
Info: PARAMETERS             parametres.prm
Info: USING ARITHMETIC MEAN TO COMBINE L-J SIGMA PARAMETERS
Info: BINARY COORDINATES     NPT.restart.coor
Info: SUMMARY OF PARAMETERS:
Info: 52 BONDS
Info: 132 ANGLES
Info: 176 DIHEDRAL
Info: 4 IMPROPER
Info: 0 CROSSTERM
Info: 37 VDW
Info: 0 VDW_PAIRS
Info: 0 NBTHOLE_PAIRS
Info: TIME FOR READING PSF FILE: 0.150107
Info: Reading pdb file coordenades_inicials.pdb
Info: TIME FOR READING PDB FILE: 0.0230526
Info: 
Info: ****************************
Info: STRUCTURE SUMMARY:
Info: 28235 ATOMS
Info: 23730 BONDS
Info: 33305 ANGLES
Info: 40064 DIHEDRALS
Info: 256 IMPROPERS
Info: 0 CROSSTERMS
Info: 0 EXCLUSIONS
Info: 22347 RIGID BONDS
Info: 62358 DEGREES OF FREEDOM
Info: 10265 HYDROGEN GROUPS
Info: 4 ATOMS IN LARGEST HYDROGEN GROUP
Info: 10265 MIGRATION GROUPS
Info: 4 ATOMS IN LARGEST MIGRATION GROUP
Info: TOTAL MASS = 165628 amu
Info: TOTAL CHARGE = 6.67572e-06 e
Info: MASS DENSITY = 1.03101 g/cm^3
Info: ATOM DENSITY = 0.105842 atoms/A^3
Info: *****************************
Info: Reading from binary file NPT.restart.coor
Info: 
Info: Entering startup at 24.9098 s, 841.436 MB of memory in use
Info: Startup phase 0 took 5.4885e-05 s, 841.436 MB of memory in use
Info: ADDED 97099 IMPLICIT EXCLUSIONS
Info: Startup phase 1 took 0.0138111 s, 841.436 MB of memory in use
Info: NONBONDED TABLE R-SQUARED SPACING: 0.0625
Info: NONBONDED TABLE SIZE: 769 POINTS
Info: INCONSISTENCY IN FAST TABLE ENERGY VS FORCE: 0.000325096 AT 11.9556
Info: INCONSISTENCY IN SCOR TABLE ENERGY VS FORCE: 0.000324844 AT 11.9556
Info: INCONSISTENCY IN VDWA TABLE ENERGY VS FORCE: 0.0040507 AT 0.251946
Info: INCONSISTENCY IN VDWB TABLE ENERGY VS FORCE: 0.00150189 AT 0.251946
Info: Startup phase 2 took 0.000195841 s, 841.436 MB of memory in use
Info: Startup phase 3 took 1.2685e-05 s, 841.436 MB of memory in use
Info: Startup phase 4 took 3.6709e-05 s, 841.436 MB of memory in use
Info: Startup phase 5 took 9.513e-06 s, 841.436 MB of memory in use
Info: PATCH GRID IS 4 (PERIODIC) BY 3 (PERIODIC) BY 4 (PERIODIC)
Info: PATCH GRID IS 1-AWAY BY 1-AWAY BY 1-AWAY
Info: Reading from binary file NPT.restart.vel
Info: REMOVING COM VELOCITY -0.00474045 0.019181 0.0101359
Info: LARGEST PATCH (3) HAS 645 ATOMS
Info: TORUS A SIZE 1 USING 0
Info: TORUS B SIZE 1 USING 0
Info: TORUS C SIZE 1 USING 0
Info: TORUS MINIMAL MESH SIZE IS 1 BY 1 BY 1
Info: Placed 100% of base nodes on same physical node as patch
Info: Startup phase 6 took 0.00357426 s, 841.436 MB of memory in use
Info: PME using 1 and 1 processors for FFT and reciprocal sum.
Info: PME GRID LOCATIONS: 0
Info: PME TRANS LOCATIONS: 0
Info: PME USING 1 GRID NODES AND 1 TRANS NODES
Info: Optimizing 4 FFT steps.  1... 2... 3... 4...   Done.
Info: Startup phase 7 took 0.000344374 s, 841.436 MB of memory in use
Info: Startup phase 8 took 1.6077e-05 s, 841.436 MB of memory in use
Info: Startup phase 9 took 1.7645e-05 s, 841.436 MB of memory in use
Info: Startup phase 10 took 9.02e-06 s, 841.436 MB of memory in use
Info: Startup phase 11 took 9.66e-06 s, 841.436 MB of memory in use
LDB: Central LB being created...
Info: Startup phase 12 took 2.9531e-05 s, 841.436 MB of memory in use
Info: Startup phase 13 took 9.473e-06 s, 841.436 MB of memory in use
Info: Startup phase 14 took 8.296e-06 s, 841.436 MB of memory in use
Info: Startup phase 15 took 8.224e-06 s, 841.436 MB of memory in use
Info: CREATING 965 COMPUTE OBJECTS
Info: Startup phase 16 took 0.00145652 s, 841.436 MB of memory in use
Info: Startup phase 17 took 2.4325e-05 s, 841.436 MB of memory in use
Info: Startup phase 18 took 9.919e-05 s, 841.436 MB of memory in use
Info: Finished startup at 24.9296 s, 841.436 MB of memory in use

PRESSURE: 0 -121.221 251.739 118.284 251.739 -499.629 -157.931 118.284 -157.931 303.266
GPRESSURE: 0 -212.972 41.4124 -20.6799 212.177 -211.878 -63.3974 -24.6467 -221.456 167.376
ETITLE:      TS           BOND          ANGLE          DIHED          IMPRP               ELECT            VDW       BOUNDARY           MISC        KINETIC               TOTAL           TEMP      POTENTIAL         TOTAL3        TEMPAVG            PRESSURE      GPRESSURE         VOLUME       PRESSAVG      GPRESSAVG

ENERGY:       0      1486.5954      9126.0046      5669.2380        70.1673         -60715.3745     -1263.4366         0.0000         0.0000     18612.8323         -27013.9734       300.4074    -45626.8057    -26867.7522       300.4074           -105.8613       -85.8246    266765.5277      -105.8613       -85.8246

OPENING EXTENDED SYSTEM TRAJECTORY FILE
LDB: ============= START OF LOAD BALANCING ============== 26.6727
LDB: ============== END OF LOAD BALANCING =============== 26.6727
LDB: =============== DONE WITH MIGRATION ================ 26.6728
OPENING COORDINATE DCD FILE
WRITING COORDINATES TO DCD FILE NVT.dcd AT STEP 10
The last position output (seq=10) takes 0.001 seconds, 841.436 MB of memory in use
WRITING COORDINATES TO DCD FILE NVT.dcd AT STEP 20
The last position output (seq=20) takes 0.000 seconds, 841.436 MB of memory in use
WRITING COORDINATES TO DCD FILE NVT.dcd AT STEP 30
The last position output (seq=30) takes 0.000 seconds, 841.436 MB of memory in use
WRITING COORDINATES TO DCD FILE NVT.dcd AT STEP 40
The last position output (seq=40) takes 0.001 seconds, 841.436 MB of memory in use
LDB: ============= START OF LOAD BALANCING ============== 33.3331
LDB: ============== END OF LOAD BALANCING =============== 33.3332
LDB: =============== DONE WITH MIGRATION ================ 33.3333
Info: Initial time: 1 CPUs 0.166405 s/step 0.962991 days/ns 841.436 MB memory
WRITING COORDINATES TO DCD FILE NVT.dcd AT STEP 50
The last position output (seq=50) takes 0.000 seconds, 841.436 MB of memory in use
LDB: ============= START OF LOAD BALANCING ============== 34.9875
LDB: ============== END OF LOAD BALANCING =============== 34.9875
LDB: =============== DONE WITH MIGRATION ================ 34.9876
WRITING COORDINATES TO DCD FILE NVT.dcd AT STEP 60
The last position output (seq=60) takes 0.000 seconds, 841.436 MB of memory in use
WRITING COORDINATES TO DCD FILE NVT.dcd AT STEP 70
The last position output (seq=70) takes 0.000 seconds, 841.436 MB of memory in use
WRITING COORDINATES TO DCD FILE NVT.dcd AT STEP 80
The last position output (seq=80) takes 0.000 seconds, 841.436 MB of memory in use
WRITING COORDINATES TO DCD FILE NVT.dcd AT STEP 90
The last position output (seq=90) takes 0.000 seconds, 841.436 MB of memory in use
LDB: ============= START OF LOAD BALANCING ============== 41.5999
LDB: ============== END OF LOAD BALANCING =============== 41.6
LDB: =============== DONE WITH MIGRATION ================ 41.6
Info: Initial time: 1 CPUs 0.165294 s/step 0.956562 days/ns 841.436 MB memory
WRITING COORDINATES TO DCD FILE NVT.dcd AT STEP 100
The last position output (seq=100) takes 0.000 seconds, 841.436 MB of memory in use
WRITING COORDINATES TO DCD FILE NVT.dcd AT STEP 110
WRITING COORDINATES TO DCD FILE NVT.dcd AT STEP 120
WRITING COORDINATES TO DCD FILE NVT.dcd AT STEP 130
WRITING COORDINATES TO DCD FILE NVT.dcd AT STEP 140
LDB: ============= START OF LOAD BALANCING ============== 49.8651
LDB: ============== END OF LOAD BALANCING =============== 49.8652
LDB: =============== DONE WITH MIGRATION ================ 49.8652
Info: Initial time: 1 CPUs 0.165281 s/step 0.956485 days/ns 841.436 MB memory
WRITING COORDINATES TO DCD FILE NVT.dcd AT STEP 150
WRITING COORDINATES TO DCD FILE NVT.dcd AT STEP 160
WRITING COORDINATES TO DCD FILE NVT.dcd AT STEP 170
WRITING COORDINATES TO DCD FILE NVT.dcd AT STEP 180
WRITING COORDINATES TO DCD FILE NVT.dcd AT STEP 190
LDB: ============= START OF LOAD BALANCING ============== 58.0838
LDB: ============== END OF LOAD BALANCING =============== 58.0839
LDB: =============== DONE WITH MIGRATION ================ 58.0839
Info: Benchmark time: 1 CPUs 0.16435 s/step 0.951097 days/ns 841.436 MB memory
WRITING COORDINATES TO DCD FILE NVT.dcd AT STEP 200
WRITING COORDINATES TO DCD FILE NVT.dcd AT STEP 210
WRITING COORDINATES TO DCD FILE NVT.dcd AT STEP 220
WRITING COORDINATES TO DCD FILE NVT.dcd AT STEP 230
WRITING COORDINATES TO DCD FILE NVT.dcd AT STEP 240
Info: Benchmark time: 1 CPUs 0.16412 s/step 0.949771 days/ns 841.436 MB memory
WRITING COORDINATES TO DCD FILE NVT.dcd AT STEP 250
WRITING COORDINATES TO DCD FILE NVT.dcd AT STEP 260
WRITING COORDINATES TO DCD FILE NVT.dcd AT STEP 270
WRITING COORDINATES TO DCD FILE NVT.dcd AT STEP 280
WRITING COORDINATES TO DCD FILE NVT.dcd AT STEP 290
Info: Benchmark time: 1 CPUs 0.164251 s/step 0.950525 days/ns 841.436 MB memory
WRITING COORDINATES TO DCD FILE NVT.dcd AT STEP 300
WRITING COORDINATES TO DCD FILE NVT.dcd AT STEP 310
WRITING COORDINATES TO DCD FILE NVT.dcd AT STEP 320
WRITING COORDINATES TO DCD FILE NVT.dcd AT STEP 330
WRITING COORDINATES TO DCD FILE NVT.dcd AT STEP 340
Info: Benchmark time: 1 CPUs 0.164306 s/step 0.950844 days/ns 841.436 MB memory
WRITING COORDINATES TO DCD FILE NVT.dcd AT STEP 350
WRITING COORDINATES TO DCD FILE NVT.dcd AT STEP 360
WRITING COORDINATES TO DCD FILE NVT.dcd AT STEP 370
WRITING COORDINATES TO DCD FILE NVT.dcd AT STEP 380
WRITING COORDINATES TO DCD FILE NVT.dcd AT STEP 390
Info: Benchmark time: 1 CPUs 0.164302 s/step 0.950824 days/ns 841.436 MB memory
WRITING COORDINATES TO DCD FILE NVT.dcd AT STEP 400
WRITING COORDINATES TO DCD FILE NVT.dcd AT STEP 410
WRITING COORDINATES TO DCD FILE NVT.dcd AT STEP 420
WRITING COORDINATES TO DCD FILE NVT.dcd AT STEP 430
WRITING COORDINATES TO DCD FILE NVT.dcd AT STEP 440
Info: Benchmark time: 1 CPUs 0.164547 s/step 0.952242 days/ns 841.436 MB memory
WRITING COORDINATES TO DCD FILE NVT.dcd AT STEP 450
WRITING COORDINATES TO DCD FILE NVT.dcd AT STEP 460
WRITING COORDINATES TO DCD FILE NVT.dcd AT STEP 470
WRITING COORDINATES TO DCD FILE NVT.dcd AT STEP 480
WRITING COORDINATES TO DCD FILE NVT.dcd AT STEP 490
WRITING COORDINATES TO DCD FILE NVT.dcd AT STEP 500
WRITING COORDINATES TO DCD FILE NVT.dcd AT STEP 510
WRITING COORDINATES TO DCD FILE NVT.dcd AT STEP 520
WRITING COORDINATES TO DCD FILE NVT.dcd AT STEP 530
WRITING COORDINATES TO DCD FILE NVT.dcd AT STEP 540
WRITING COORDINATES TO DCD FILE NVT.dcd AT STEP 550
WRITING COORDINATES TO DCD FILE NVT.dcd AT STEP 560
WRITING COORDINATES TO DCD FILE NVT.dcd AT STEP 570
WRITING COORDINATES TO DCD FILE NVT.dcd AT STEP 580
WRITING COORDINATES TO DCD FILE NVT.dcd AT STEP 590
WRITING COORDINATES TO DCD FILE NVT.dcd AT STEP 600
WRITING COORDINATES TO DCD FILE NVT.dcd AT STEP 610
WRITING COORDINATES TO DCD FILE NVT.dcd AT STEP 620
WRITING COORDINATES TO DCD FILE NVT.dcd AT STEP 630
WRITING COORDINATES TO DCD FILE NVT.dcd AT STEP 640
WRITING COORDINATES TO DCD FILE NVT.dcd AT STEP 650
WRITING COORDINATES TO DCD FILE NVT.dcd AT STEP 660
WRITING COORDINATES TO DCD FILE NVT.dcd AT STEP 670
WRITING COORDINATES TO DCD FILE NVT.dcd AT STEP 680
WRITING COORDINATES TO DCD FILE NVT.dcd AT STEP 690
WRITING COORDINATES TO DCD FILE NVT.dcd AT STEP 700
WRITING COORDINATES TO DCD FILE NVT.dcd AT STEP 710
WRITING COORDINATES TO DCD FILE NVT.dcd AT STEP 720
WRITING COORDINATES TO DCD FILE NVT.dcd AT STEP 730
WRITING COORDINATES TO DCD FILE NVT.dcd AT STEP 740
WRITING COORDINATES TO DCD FILE NVT.dcd AT STEP 750
WRITING COORDINATES TO DCD FILE NVT.dcd AT STEP 760
WRITING COORDINATES TO DCD FILE NVT.dcd AT STEP 770
WRITING COORDINATES TO DCD FILE NVT.dcd AT STEP 780
WRITING COORDINATES TO DCD FILE NVT.dcd AT STEP 790
WRITING COORDINATES TO DCD FILE NVT.dcd AT STEP 800
WRITING COORDINATES TO DCD FILE NVT.dcd AT STEP 810
WRITING COORDINATES TO DCD FILE NVT.dcd AT STEP 820
WRITING COORDINATES TO DCD FILE NVT.dcd AT STEP 830
WRITING COORDINATES TO DCD FILE NVT.dcd AT STEP 840
WRITING COORDINATES TO DCD FILE NVT.dcd AT STEP 850
WRITING COORDINATES TO DCD FILE NVT.dcd AT STEP 860
WRITING COORDINATES TO DCD FILE NVT.dcd AT STEP 870
WRITING COORDINATES TO DCD FILE NVT.dcd AT STEP 880
WRITING COORDINATES TO DCD FILE NVT.dcd AT STEP 890
WRITING COORDINATES TO DCD FILE NVT.dcd AT STEP 900
WRITING COORDINATES TO DCD FILE NVT.dcd AT STEP 910
WRITING COORDINATES TO DCD FILE NVT.dcd AT STEP 920
WRITING COORDINATES TO DCD FILE NVT.dcd AT STEP 930
WRITING COORDINATES TO DCD FILE NVT.dcd AT STEP 940
WRITING COORDINATES TO DCD FILE NVT.dcd AT STEP 950
WRITING COORDINATES TO DCD FILE NVT.dcd AT STEP 960
WRITING COORDINATES TO DCD FILE NVT.dcd AT STEP 970
WRITING COORDINATES TO DCD FILE NVT.dcd AT STEP 980
WRITING COORDINATES TO DCD FILE NVT.dcd AT STEP 990
PRESSURE: 1000 539.45 109.482 32.0246 109.482 567.597 342.082 32.0246 342.082 1.82951
GPRESSURE: 1000 518.887 113.697 246.353 201.878 418.939 272.056 -215.9 169.658 165.294
PRESSAVG: 1000 45.5021 1.4799 -18.6974 1.4799 -10.3864 33.983 -18.6974 33.983 -51.9125
GPRESSAVG: 1000 45.3888 2.52998 -18.3407 1.14339 -10.4081 34.342 -18.2255 33.6536 -51.6487
ENERGY:    1000      1570.3690      9102.1333      5724.7318        65.1289         -60939.2094     -1197.3380         0.0000         0.0000     18437.3267         -27236.8577       297.5748    -45674.1845    -27086.5718       299.2825            369.6255       367.7068    266765.5277        -5.5989        -5.5560

WRITING COORDINATES TO DCD FILE NVT.dcd AT STEP 1000
WRITING COORDINATES TO DCD FILE NVT.dcd AT STEP 1010
WRITING COORDINATES TO DCD FILE NVT.dcd AT STEP 1020
WRITING COORDINATES TO DCD FILE NVT.dcd AT STEP 1030
WRITING COORDINATES TO DCD FILE NVT.dcd AT STEP 1040
WRITING COORDINATES TO DCD FILE NVT.dcd AT STEP 1050
WRITING COORDINATES TO DCD FILE NVT.dcd AT STEP 1060
WRITING COORDINATES TO DCD FILE NVT.dcd AT STEP 1070
WRITING COORDINATES TO DCD FILE NVT.dcd AT STEP 1080
WRITING COORDINATES TO DCD FILE NVT.dcd AT STEP 1090
WRITING COORDINATES TO DCD FILE NVT.dcd AT STEP 1100
WRITING COORDINATES TO DCD FILE NVT.dcd AT STEP 1110
WRITING COORDINATES TO DCD FILE NVT.dcd AT STEP 1120
WRITING COORDINATES TO DCD FILE NVT.dcd AT STEP 1130
WRITING COORDINATES TO DCD FILE NVT.dcd AT STEP 1140
WRITING COORDINATES TO DCD FILE NVT.dcd AT STEP 1150
WRITING COORDINATES TO DCD FILE NVT.dcd AT STEP 1160
WRITING COORDINATES TO DCD FILE NVT.dcd AT STEP 1170
WRITING COORDINATES TO DCD FILE NVT.dcd AT STEP 1180
WRITING COORDINATES TO DCD FILE NVT.dcd AT STEP 1190
WRITING COORDINATES TO DCD FILE NVT.dcd AT STEP 1200
WRITING COORDINATES TO DCD FILE NVT.dcd AT STEP 1210
WRITING COORDINATES TO DCD FILE NVT.dcd AT STEP 1220
WRITING COORDINATES TO DCD FILE NVT.dcd AT STEP 1230
WRITING COORDINATES TO DCD FILE NVT.dcd AT STEP 1240
WRITING COORDINATES TO DCD FILE NVT.dcd AT STEP 1250
WRITING COORDINATES TO DCD FILE NVT.dcd AT STEP 1260
WRITING COORDINATES TO DCD FILE NVT.dcd AT STEP 1270
WRITING COORDINATES TO DCD FILE NVT.dcd AT STEP 1280
WRITING COORDINATES TO DCD FILE NVT.dcd AT STEP 1290
WRITING COORDINATES TO DCD FILE NVT.dcd AT STEP 1300
WRITING COORDINATES TO DCD FILE NVT.dcd AT STEP 1310
WRITING COORDINATES TO DCD FILE NVT.dcd AT STEP 1320
WRITING COORDINATES TO DCD FILE NVT.dcd AT STEP 1330
WRITING COORDINATES TO DCD FILE NVT.dcd AT STEP 1340
WRITING COORDINATES TO DCD FILE NVT.dcd AT STEP 1350
WRITING COORDINATES TO DCD FILE NVT.dcd AT STEP 1360
WRITING COORDINATES TO DCD FILE NVT.dcd AT STEP 1370
WRITING COORDINATES TO DCD FILE NVT.dcd AT STEP 1380
WRITING COORDINATES TO DCD FILE NVT.dcd AT STEP 1390
WRITING COORDINATES TO DCD FILE NVT.dcd AT STEP 1400
WRITING COORDINATES TO DCD FILE NVT.dcd AT STEP 1410
WRITING COORDINATES TO DCD FILE NVT.dcd AT STEP 1420
WRITING COORDINATES TO DCD FILE NVT.dcd AT STEP 1430
WRITING COORDINATES TO DCD FILE NVT.dcd AT STEP 1440
WRITING COORDINATES TO DCD FILE NVT.dcd AT STEP 1450
WRITING COORDINATES TO DCD FILE NVT.dcd AT STEP 1460
WRITING COORDINATES TO DCD FILE NVT.dcd AT STEP 1470
WRITING COORDINATES TO DCD FILE NVT.dcd AT STEP 1480
WRITING COORDINATES TO DCD FILE NVT.dcd AT STEP 1490
WRITING COORDINATES TO DCD FILE NVT.dcd AT STEP 1500
WRITING COORDINATES TO DCD FILE NVT.dcd AT STEP 1510
WRITING COORDINATES TO DCD FILE NVT.dcd AT STEP 1520
WRITING COORDINATES TO DCD FILE NVT.dcd AT STEP 1530
WRITING COORDINATES TO DCD FILE NVT.dcd AT STEP 1540
WRITING COORDINATES TO DCD FILE NVT.dcd AT STEP 1550
WRITING COORDINATES TO DCD FILE NVT.dcd AT STEP 1560
WRITING COORDINATES TO DCD FILE NVT.dcd AT STEP 1570
WRITING COORDINATES TO DCD FILE NVT.dcd AT STEP 1580
WRITING COORDINATES TO DCD FILE NVT.dcd AT STEP 1590
WRITING COORDINATES TO DCD FILE NVT.dcd AT STEP 1600
WRITING COORDINATES TO DCD FILE NVT.dcd AT STEP 1610
WRITING COORDINATES TO DCD FILE NVT.dcd AT STEP 1620
WRITING COORDINATES TO DCD FILE NVT.dcd AT STEP 1630
WRITING COORDINATES TO DCD FILE NVT.dcd AT STEP 1640
WRITING COORDINATES TO DCD FILE NVT.dcd AT STEP 1650
WRITING COORDINATES TO DCD FILE NVT.dcd AT STEP 1660
WRITING COORDINATES TO DCD FILE NVT.dcd AT STEP 1670
WRITING COORDINATES TO DCD FILE NVT.dcd AT STEP 1680
WRITING COORDINATES TO DCD FILE NVT.dcd AT STEP 1690
WRITING COORDINATES TO DCD FILE NVT.dcd AT STEP 1700
WRITING COORDINATES TO DCD FILE NVT.dcd AT STEP 1710
WRITING COORDINATES TO DCD FILE NVT.dcd AT STEP 1720
WRITING COORDINATES TO DCD FILE NVT.dcd AT STEP 1730
WRITING COORDINATES TO DCD FILE NVT.dcd AT STEP 1740
WRITING COORDINATES TO DCD FILE NVT.dcd AT STEP 1750
WRITING COORDINATES TO DCD FILE NVT.dcd AT STEP 1760
WRITING COORDINATES TO DCD FILE NVT.dcd AT STEP 1770
WRITING COORDINATES TO DCD FILE NVT.dcd AT STEP 1780
WRITING COORDINATES TO DCD FILE NVT.dcd AT STEP 1790
WRITING COORDINATES TO DCD FILE NVT.dcd AT STEP 1800
WRITING COORDINATES TO DCD FILE NVT.dcd AT STEP 1810
WRITING COORDINATES TO DCD FILE NVT.dcd AT STEP 1820
WRITING COORDINATES TO DCD FILE NVT.dcd AT STEP 1830
WRITING COORDINATES TO DCD FILE NVT.dcd AT STEP 1840
WRITING COORDINATES TO DCD FILE NVT.dcd AT STEP 1850
WRITING COORDINATES TO DCD FILE NVT.dcd AT STEP 1860
WRITING COORDINATES TO DCD FILE NVT.dcd AT STEP 1870
WRITING COORDINATES TO DCD FILE NVT.dcd AT STEP 1880
WRITING COORDINATES TO DCD FILE NVT.dcd AT STEP 1890
WRITING COORDINATES TO DCD FILE NVT.dcd AT STEP 1900
WRITING COORDINATES TO DCD FILE NVT.dcd AT STEP 1910
WRITING COORDINATES TO DCD FILE NVT.dcd AT STEP 1920
WRITING COORDINATES TO DCD FILE NVT.dcd AT STEP 1930
WRITING COORDINATES TO DCD FILE NVT.dcd AT STEP 1940
WRITING COORDINATES TO DCD FILE NVT.dcd AT STEP 1950
WRITING COORDINATES TO DCD FILE NVT.dcd AT STEP 1960
WRITING COORDINATES TO DCD FILE NVT.dcd AT STEP 1970
WRITING COORDINATES TO DCD FILE NVT.dcd AT STEP 1980
WRITING COORDINATES TO DCD FILE NVT.dcd AT STEP 1990
PRESSURE: 2000 -379.691 92.4857 314.617 92.4857 -578.958 -83.4343 314.617 -83.4343 188.481
GPRESSURE: 2000 -463.092 103.103 290.522 117.245 -428.793 -46.8348 308.058 -243.675 157.127
PRESSAVG: 2000 11.6745 10.417 42.0708 10.417 -34.4371 11.493 42.0708 11.493 -13.451
GPRESSAVG: 2000 11.9079 9.64909 41.61 10.3667 -34.5127 11.1452 42.3309 11.2815 -13.64
ENERGY:    2000      1527.1586      9168.1657      5698.3898        74.0338         -60688.7688     -1323.5163         0.0000         0.0000     18523.0403         -27021.4969       298.9582    -45544.5372    -26870.2830       299.1813           -256.7228      -244.9191    266765.5277       -12.0712       -12.0816

WRITING COORDINATES TO DCD FILE NVT.dcd AT STEP 2000
WRITING COORDINATES TO DCD FILE NVT.dcd AT STEP 2010
WRITING COORDINATES TO DCD FILE NVT.dcd AT STEP 2020
WRITING COORDINATES TO DCD FILE NVT.dcd AT STEP 2030
WRITING COORDINATES TO DCD FILE NVT.dcd AT STEP 2040
WRITING COORDINATES TO DCD FILE NVT.dcd AT STEP 2050
WRITING COORDINATES TO DCD FILE NVT.dcd AT STEP 2060
WRITING COORDINATES TO DCD FILE NVT.dcd AT STEP 2070
WRITING COORDINATES TO DCD FILE NVT.dcd AT STEP 2080
WRITING COORDINATES TO DCD FILE NVT.dcd AT STEP 2090
WRITING COORDINATES TO DCD FILE NVT.dcd AT STEP 2100
WRITING COORDINATES TO DCD FILE NVT.dcd AT STEP 2110
WRITING COORDINATES TO DCD FILE NVT.dcd AT STEP 2120
WRITING COORDINATES TO DCD FILE NVT.dcd AT STEP 2130
WRITING COORDINATES TO DCD FILE NVT.dcd AT STEP 2140
LDB: ============= START OF LOAD BALANCING ============== 379.98
LDB: ============== END OF LOAD BALANCING =============== 379.98
LDB: =============== DONE WITH MIGRATION ================ 379.98
WRITING COORDINATES TO DCD FILE NVT.dcd AT STEP 2150
WRITING COORDINATES TO DCD FILE NVT.dcd AT STEP 2160
WRITING COORDINATES TO DCD FILE NVT.dcd AT STEP 2170
WRITING COORDINATES TO DCD FILE NVT.dcd AT STEP 2180
WRITING COORDINATES TO DCD FILE NVT.dcd AT STEP 2190
LDB: ============= START OF LOAD BALANCING ============== 388.258
LDB: ============== END OF LOAD BALANCING =============== 388.258
LDB: =============== DONE WITH MIGRATION ================ 388.258
WRITING COORDINATES TO DCD FILE NVT.dcd AT STEP 2200
WRITING COORDINATES TO DCD FILE NVT.dcd AT STEP 2210
WRITING COORDINATES TO DCD FILE NVT.dcd AT STEP 2220
WRITING COORDINATES TO DCD FILE NVT.dcd AT STEP 2230
WRITING COORDINATES TO DCD FILE NVT.dcd AT STEP 2240
WRITING COORDINATES TO DCD FILE NVT.dcd AT STEP 2250
WRITING COORDINATES TO DCD FILE NVT.dcd AT STEP 2260
WRITING COORDINATES TO DCD FILE NVT.dcd AT STEP 2270
WRITING COORDINATES TO DCD FILE NVT.dcd AT STEP 2280
WRITING COORDINATES TO DCD FILE NVT.dcd AT STEP 2290
WRITING COORDINATES TO DCD FILE NVT.dcd AT STEP 2300
WRITING COORDINATES TO DCD FILE NVT.dcd AT STEP 2310
WRITING COORDINATES TO DCD FILE NVT.dcd AT STEP 2320
WRITING COORDINATES TO DCD FILE NVT.dcd AT STEP 2330
WRITING COORDINATES TO DCD FILE NVT.dcd AT STEP 2340
WRITING COORDINATES TO DCD FILE NVT.dcd AT STEP 2350
WRITING COORDINATES TO DCD FILE NVT.dcd AT STEP 2360
WRITING COORDINATES TO DCD FILE NVT.dcd AT STEP 2370
WRITING COORDINATES TO DCD FILE NVT.dcd AT STEP 2380
WRITING COORDINATES TO DCD FILE NVT.dcd AT STEP 2390
WRITING COORDINATES TO DCD FILE NVT.dcd AT STEP 2400
WRITING COORDINATES TO DCD FILE NVT.dcd AT STEP 2410
WRITING COORDINATES TO DCD FILE NVT.dcd AT STEP 2420
WRITING COORDINATES TO DCD FILE NVT.dcd AT STEP 2430
WRITING COORDINATES TO DCD FILE NVT.dcd AT STEP 2440
WRITING COORDINATES TO DCD FILE NVT.dcd AT STEP 2450
WRITING COORDINATES TO DCD FILE NVT.dcd AT STEP 2460
WRITING COORDINATES TO DCD FILE NVT.dcd AT STEP 2470
WRITING COORDINATES TO DCD FILE NVT.dcd AT STEP 2480
WRITING COORDINATES TO DCD FILE NVT.dcd AT STEP 2490
WRITING COORDINATES TO DCD FILE NVT.dcd AT STEP 2500
WRITING COORDINATES TO DCD FILE NVT.dcd AT STEP 2510
WRITING COORDINATES TO DCD FILE NVT.dcd AT STEP 2520
WRITING COORDINATES TO DCD FILE NVT.dcd AT STEP 2530
WRITING COORDINATES TO DCD FILE NVT.dcd AT STEP 2540
WRITING COORDINATES TO DCD FILE NVT.dcd AT STEP 2550
WRITING COORDINATES TO DCD FILE NVT.dcd AT STEP 2560
WRITING COORDINATES TO DCD FILE NVT.dcd AT STEP 2570
WRITING COORDINATES TO DCD FILE NVT.dcd AT STEP 2580
WRITING COORDINATES TO DCD FILE NVT.dcd AT STEP 2590
WRITING COORDINATES TO DCD FILE NVT.dcd AT STEP 2600
WRITING COORDINATES TO DCD FILE NVT.dcd AT STEP 2610
WRITING COORDINATES TO DCD FILE NVT.dcd AT STEP 2620
WRITING COORDINATES TO DCD FILE NVT.dcd AT STEP 2630
WRITING COORDINATES TO DCD FILE NVT.dcd AT STEP 2640
WRITING COORDINATES TO DCD FILE NVT.dcd AT STEP 2650
WRITING COORDINATES TO DCD FILE NVT.dcd AT STEP 2660
WRITING COORDINATES TO DCD FILE NVT.dcd AT STEP 2670
WRITING COORDINATES TO DCD FILE NVT.dcd AT STEP 2680
WRITING COORDINATES TO DCD FILE NVT.dcd AT STEP 2690
WRITING COORDINATES TO DCD FILE NVT.dcd AT STEP 2700
WRITING COORDINATES TO DCD FILE NVT.dcd AT STEP 2710
WRITING COORDINATES TO DCD FILE NVT.dcd AT STEP 2720
WRITING COORDINATES TO DCD FILE NVT.dcd AT STEP 2730
WRITING COORDINATES TO DCD FILE NVT.dcd AT STEP 2740
WRITING COORDINATES TO DCD FILE NVT.dcd AT STEP 2750
WRITING COORDINATES TO DCD FILE NVT.dcd AT STEP 2760
WRITING COORDINATES TO DCD FILE NVT.dcd AT STEP 2770
WRITING COORDINATES TO DCD FILE NVT.dcd AT STEP 2780
WRITING COORDINATES TO DCD FILE NVT.dcd AT STEP 2790
WRITING COORDINATES TO DCD FILE NVT.dcd AT STEP 2800
WRITING COORDINATES TO DCD FILE NVT.dcd AT STEP 2810
WRITING COORDINATES TO DCD FILE NVT.dcd AT STEP 2820
WRITING COORDINATES TO DCD FILE NVT.dcd AT STEP 2830
WRITING COORDINATES TO DCD FILE NVT.dcd AT STEP 2840
WRITING COORDINATES TO DCD FILE NVT.dcd AT STEP 2850
WRITING COORDINATES TO DCD FILE NVT.dcd AT STEP 2860
WRITING COORDINATES TO DCD FILE NVT.dcd AT STEP 2870
WRITING COORDINATES TO DCD FILE NVT.dcd AT STEP 2880
WRITING COORDINATES TO DCD FILE NVT.dcd AT STEP 2890
WRITING COORDINATES TO DCD FILE NVT.dcd AT STEP 2900
WRITING COORDINATES TO DCD FILE NVT.dcd AT STEP 2910
WRITING COORDINATES TO DCD FILE NVT.dcd AT STEP 2920
WRITING COORDINATES TO DCD FILE NVT.dcd AT STEP 2930
WRITING COORDINATES TO DCD FILE NVT.dcd AT STEP 2940
WRITING COORDINATES TO DCD FILE NVT.dcd AT STEP 2950
WRITING COORDINATES TO DCD FILE NVT.dcd AT STEP 2960
WRITING COORDINATES TO DCD FILE NVT.dcd AT STEP 2970
WRITING COORDINATES TO DCD FILE NVT.dcd AT STEP 2980
WRITING COORDINATES TO DCD FILE NVT.dcd AT STEP 2990
PRESSURE: 3000 104.252 -239.432 318.927 -239.432 -349.253 -167.313 318.927 -167.313 -560.302
GPRESSURE: 3000 147.09 -264.274 201.679 -107.877 -351.754 -12.1929 254.554 34.6318 -554.722
PRESSAVG: 3000 -85.5603 -6.1652 28.5314 -6.1652 -85.9294 14.3756 28.5314 14.3756 -76.4438
GPRESSAVG: 3000 -85.939 -5.9547 28.8861 -5.78118 -85.7359 14.1758 27.794 14.9611 -76.2682
ENERGY:    3000      1578.0430      9223.1985      5635.5338        73.7735         -61053.3460     -1187.0456         0.0000         0.0000     18502.7281         -27227.1146       298.6304    -45729.8427    -27078.5309       299.3389           -268.4341      -253.1290    266765.5277       -82.6445       -82.6477

WRITING COORDINATES TO DCD FILE NVT.dcd AT STEP 3000
WRITING COORDINATES TO DCD FILE NVT.dcd AT STEP 3010
WRITING COORDINATES TO DCD FILE NVT.dcd AT STEP 3020
WRITING COORDINATES TO DCD FILE NVT.dcd AT STEP 3030
WRITING COORDINATES TO DCD FILE NVT.dcd AT STEP 3040
WRITING COORDINATES TO DCD FILE NVT.dcd AT STEP 3050
WRITING COORDINATES TO DCD FILE NVT.dcd AT STEP 3060
WRITING COORDINATES TO DCD FILE NVT.dcd AT STEP 3070
WRITING COORDINATES TO DCD FILE NVT.dcd AT STEP 3080
WRITING COORDINATES TO DCD FILE NVT.dcd AT STEP 3090
WRITING COORDINATES TO DCD FILE NVT.dcd AT STEP 3100
WRITING COORDINATES TO DCD FILE NVT.dcd AT STEP 3110
WRITING COORDINATES TO DCD FILE NVT.dcd AT STEP 3120
WRITING COORDINATES TO DCD FILE NVT.dcd AT STEP 3130
WRITING COORDINATES TO DCD FILE NVT.dcd AT STEP 3140
WRITING COORDINATES TO DCD FILE NVT.dcd AT STEP 3150
WRITING COORDINATES TO DCD FILE NVT.dcd AT STEP 3160
WRITING COORDINATES TO DCD FILE NVT.dcd AT STEP 3170
WRITING COORDINATES TO DCD FILE NVT.dcd AT STEP 3180
WRITING COORDINATES TO DCD FILE NVT.dcd AT STEP 3190
WRITING COORDINATES TO DCD FILE NVT.dcd AT STEP 3200
WRITING COORDINATES TO DCD FILE NVT.dcd AT STEP 3210
WRITING COORDINATES TO DCD FILE NVT.dcd AT STEP 3220
WRITING COORDINATES TO DCD FILE NVT.dcd AT STEP 3230
WRITING COORDINATES TO DCD FILE NVT.dcd AT STEP 3240
WRITING COORDINATES TO DCD FILE NVT.dcd AT STEP 3250
WRITING COORDINATES TO DCD FILE NVT.dcd AT STEP 3260
WRITING COORDINATES TO DCD FILE NVT.dcd AT STEP 3270
WRITING COORDINATES TO DCD FILE NVT.dcd AT STEP 3280
WRITING COORDINATES TO DCD FILE NVT.dcd AT STEP 3290
WRITING COORDINATES TO DCD FILE NVT.dcd AT STEP 3300
WRITING COORDINATES TO DCD FILE NVT.dcd AT STEP 3310
WRITING COORDINATES TO DCD FILE NVT.dcd AT STEP 3320
WRITING COORDINATES TO DCD FILE NVT.dcd AT STEP 3330
WRITING COORDINATES TO DCD FILE NVT.dcd AT STEP 3340
WRITING COORDINATES TO DCD FILE NVT.dcd AT STEP 3350
WRITING COORDINATES TO DCD FILE NVT.dcd AT STEP 3360
WRITING COORDINATES TO DCD FILE NVT.dcd AT STEP 3370
WRITING COORDINATES TO DCD FILE NVT.dcd AT STEP 3380
WRITING COORDINATES TO DCD FILE NVT.dcd AT STEP 3390
WRITING COORDINATES TO DCD FILE NVT.dcd AT STEP 3400
WRITING COORDINATES TO DCD FILE NVT.dcd AT STEP 3410
WRITING COORDINATES TO DCD FILE NVT.dcd AT STEP 3420
WRITING COORDINATES TO DCD FILE NVT.dcd AT STEP 3430
WRITING COORDINATES TO DCD FILE NVT.dcd AT STEP 3440
WRITING COORDINATES TO DCD FILE NVT.dcd AT STEP 3450
WRITING COORDINATES TO DCD FILE NVT.dcd AT STEP 3460
WRITING COORDINATES TO DCD FILE NVT.dcd AT STEP 3470
WRITING COORDINATES TO DCD FILE NVT.dcd AT STEP 3480
WRITING COORDINATES TO DCD FILE NVT.dcd AT STEP 3490
WRITING COORDINATES TO DCD FILE NVT.dcd AT STEP 3500
WRITING COORDINATES TO DCD FILE NVT.dcd AT STEP 3510
WRITING COORDINATES TO DCD FILE NVT.dcd AT STEP 3520
WRITING COORDINATES TO DCD FILE NVT.dcd AT STEP 3530
WRITING COORDINATES TO DCD FILE NVT.dcd AT STEP 3540
WRITING COORDINATES TO DCD FILE NVT.dcd AT STEP 3550
WRITING COORDINATES TO DCD FILE NVT.dcd AT STEP 3560
WRITING COORDINATES TO DCD FILE NVT.dcd AT STEP 3570
WRITING COORDINATES TO DCD FILE NVT.dcd AT STEP 3580
WRITING COORDINATES TO DCD FILE NVT.dcd AT STEP 3590
WRITING COORDINATES TO DCD FILE NVT.dcd AT STEP 3600
WRITING COORDINATES TO DCD FILE NVT.dcd AT STEP 3610
WRITING COORDINATES TO DCD FILE NVT.dcd AT STEP 3620
WRITING COORDINATES TO DCD FILE NVT.dcd AT STEP 3630
WRITING COORDINATES TO DCD FILE NVT.dcd AT STEP 3640
WRITING COORDINATES TO DCD FILE NVT.dcd AT STEP 3650
WRITING COORDINATES TO DCD FILE NVT.dcd AT STEP 3660
WRITING COORDINATES TO DCD FILE NVT.dcd AT STEP 3670
WRITING COORDINATES TO DCD FILE NVT.dcd AT STEP 3680
WRITING COORDINATES TO DCD FILE NVT.dcd AT STEP 3690
WRITING COORDINATES TO DCD FILE NVT.dcd AT STEP 3700
WRITING COORDINATES TO DCD FILE NVT.dcd AT STEP 3710
WRITING COORDINATES TO DCD FILE NVT.dcd AT STEP 3720
WRITING COORDINATES TO DCD FILE NVT.dcd AT STEP 3730
WRITING COORDINATES TO DCD FILE NVT.dcd AT STEP 3740
WRITING COORDINATES TO DCD FILE NVT.dcd AT STEP 3750
WRITING COORDINATES TO DCD FILE NVT.dcd AT STEP 3760
WRITING COORDINATES TO DCD FILE NVT.dcd AT STEP 3770
WRITING COORDINATES TO DCD FILE NVT.dcd AT STEP 3780
WRITING COORDINATES TO DCD FILE NVT.dcd AT STEP 3790
WRITING COORDINATES TO DCD FILE NVT.dcd AT STEP 3800
WRITING COORDINATES TO DCD FILE NVT.dcd AT STEP 3810
WRITING COORDINATES TO DCD FILE NVT.dcd AT STEP 3820
WRITING COORDINATES TO DCD FILE NVT.dcd AT STEP 3830
WRITING COORDINATES TO DCD FILE NVT.dcd AT STEP 3840
WRITING COORDINATES TO DCD FILE NVT.dcd AT STEP 3850
WRITING COORDINATES TO DCD FILE NVT.dcd AT STEP 3860
WRITING COORDINATES TO DCD FILE NVT.dcd AT STEP 3870
WRITING COORDINATES TO DCD FILE NVT.dcd AT STEP 3880
WRITING COORDINATES TO DCD FILE NVT.dcd AT STEP 3890
WRITING COORDINATES TO DCD FILE NVT.dcd AT STEP 3900
WRITING COORDINATES TO DCD FILE NVT.dcd AT STEP 3910
WRITING COORDINATES TO DCD FILE NVT.dcd AT STEP 3920
WRITING COORDINATES TO DCD FILE NVT.dcd AT STEP 3930
WRITING COORDINATES TO DCD FILE NVT.dcd AT STEP 3940
WRITING COORDINATES TO DCD FILE NVT.dcd AT STEP 3950
WRITING COORDINATES TO DCD FILE NVT.dcd AT STEP 3960
WRITING COORDINATES TO DCD FILE NVT.dcd AT STEP 3970
WRITING COORDINATES TO DCD FILE NVT.dcd AT STEP 3980
WRITING COORDINATES TO DCD FILE NVT.dcd AT STEP 3990
PRESSURE: 4000 40.3671 96.8552 26.7343 96.8552 -59.7624 -199.264 26.7343 -199.264 174.059
GPRESSURE: 4000 131.455 101.762 -3.2773 149.898 5.04958 -182.812 155.158 -194.617 68.01
PRESSAVG: 4000 -140.765 14.8664 -75.5442 14.8664 -27.7526 5.51924 -75.5442 5.51924 -174.493
GPRESSAVG: 4000 -140.347 15.0512 -75.7609 14.2348 -28.093 5.11812 -74.9462 5.22038 -174.936
ENERGY:    4000      1626.3264      9153.0032      5719.9281        76.7929         -60909.1233     -1232.6355         0.0000         0.0000     18327.6769         -27238.0312       295.8051    -45565.7081    -27098.5119       298.8414             51.5546        68.1717    266765.5277      -114.3369      -114.4586

WRITING COORDINATES TO DCD FILE NVT.dcd AT STEP 4000
WRITING COORDINATES TO DCD FILE NVT.dcd AT STEP 4010
WRITING COORDINATES TO DCD FILE NVT.dcd AT STEP 4020
WRITING COORDINATES TO DCD FILE NVT.dcd AT STEP 4030
WRITING COORDINATES TO DCD FILE NVT.dcd AT STEP 4040
WRITING COORDINATES TO DCD FILE NVT.dcd AT STEP 4050
WRITING COORDINATES TO DCD FILE NVT.dcd AT STEP 4060
WRITING COORDINATES TO DCD FILE NVT.dcd AT STEP 4070
WRITING COORDINATES TO DCD FILE NVT.dcd AT STEP 4080
WRITING COORDINATES TO DCD FILE NVT.dcd AT STEP 4090
WRITING COORDINATES TO DCD FILE NVT.dcd AT STEP 4100
WRITING COORDINATES TO DCD FILE NVT.dcd AT STEP 4110
WRITING COORDINATES TO DCD FILE NVT.dcd AT STEP 4120
WRITING COORDINATES TO DCD FILE NVT.dcd AT STEP 4130
WRITING COORDINATES TO DCD FILE NVT.dcd AT STEP 4140
LDB: ============= START OF LOAD BALANCING ============== 710.852
LDB: ============== END OF LOAD BALANCING =============== 710.852
LDB: =============== DONE WITH MIGRATION ================ 710.852
WRITING COORDINATES TO DCD FILE NVT.dcd AT STEP 4150
WRITING COORDINATES TO DCD FILE NVT.dcd AT STEP 4160
WRITING COORDINATES TO DCD FILE NVT.dcd AT STEP 4170
WRITING COORDINATES TO DCD FILE NVT.dcd AT STEP 4180
WRITING COORDINATES TO DCD FILE NVT.dcd AT STEP 4190
LDB: ============= START OF LOAD BALANCING ============== 719.128
LDB: ============== END OF LOAD BALANCING =============== 719.128
LDB: =============== DONE WITH MIGRATION ================ 719.129
WRITING COORDINATES TO DCD FILE NVT.dcd AT STEP 4200
WRITING COORDINATES TO DCD FILE NVT.dcd AT STEP 4210
WRITING COORDINATES TO DCD FILE NVT.dcd AT STEP 4220
WRITING COORDINATES TO DCD FILE NVT.dcd AT STEP 4230
WRITING COORDINATES TO DCD FILE NVT.dcd AT STEP 4240
WRITING COORDINATES TO DCD FILE NVT.dcd AT STEP 4250
WRITING COORDINATES TO DCD FILE NVT.dcd AT STEP 4260
WRITING COORDINATES TO DCD FILE NVT.dcd AT STEP 4270
WRITING COORDINATES TO DCD FILE NVT.dcd AT STEP 4280
WRITING COORDINATES TO DCD FILE NVT.dcd AT STEP 4290
WRITING COORDINATES TO DCD FILE NVT.dcd AT STEP 4300
WRITING COORDINATES TO DCD FILE NVT.dcd AT STEP 4310
WRITING COORDINATES TO DCD FILE NVT.dcd AT STEP 4320
WRITING COORDINATES TO DCD FILE NVT.dcd AT STEP 4330
WRITING COORDINATES TO DCD FILE NVT.dcd AT STEP 4340
WRITING COORDINATES TO DCD FILE NVT.dcd AT STEP 4350
WRITING COORDINATES TO DCD FILE NVT.dcd AT STEP 4360
WRITING COORDINATES TO DCD FILE NVT.dcd AT STEP 4370
WRITING COORDINATES TO DCD FILE NVT.dcd AT STEP 4380
WRITING COORDINATES TO DCD FILE NVT.dcd AT STEP 4390
WRITING COORDINATES TO DCD FILE NVT.dcd AT STEP 4400
WRITING COORDINATES TO DCD FILE NVT.dcd AT STEP 4410
WRITING COORDINATES TO DCD FILE NVT.dcd AT STEP 4420
WRITING COORDINATES TO DCD FILE NVT.dcd AT STEP 4430
WRITING COORDINATES TO DCD FILE NVT.dcd AT STEP 4440
WRITING COORDINATES TO DCD FILE NVT.dcd AT STEP 4450
WRITING COORDINATES TO DCD FILE NVT.dcd AT STEP 4460
WRITING COORDINATES TO DCD FILE NVT.dcd AT STEP 4470
WRITING COORDINATES TO DCD FILE NVT.dcd AT STEP 4480
WRITING COORDINATES TO DCD FILE NVT.dcd AT STEP 4490
WRITING COORDINATES TO DCD FILE NVT.dcd AT STEP 4500
WRITING COORDINATES TO DCD FILE NVT.dcd AT STEP 4510
WRITING COORDINATES TO DCD FILE NVT.dcd AT STEP 4520
WRITING COORDINATES TO DCD FILE NVT.dcd AT STEP 4530
WRITING COORDINATES TO DCD FILE NVT.dcd AT STEP 4540
WRITING COORDINATES TO DCD FILE NVT.dcd AT STEP 4550
WRITING COORDINATES TO DCD FILE NVT.dcd AT STEP 4560
WRITING COORDINATES TO DCD FILE NVT.dcd AT STEP 4570
WRITING COORDINATES TO DCD FILE NVT.dcd AT STEP 4580
WRITING COORDINATES TO DCD FILE NVT.dcd AT STEP 4590
WRITING COORDINATES TO DCD FILE NVT.dcd AT STEP 4600
WRITING COORDINATES TO DCD FILE NVT.dcd AT STEP 4610
WRITING COORDINATES TO DCD FILE NVT.dcd AT STEP 4620
WRITING COORDINATES TO DCD FILE NVT.dcd AT STEP 4630
WRITING COORDINATES TO DCD FILE NVT.dcd AT STEP 4640
WRITING COORDINATES TO DCD FILE NVT.dcd AT STEP 4650
WRITING COORDINATES TO DCD FILE NVT.dcd AT STEP 4660
WRITING COORDINATES TO DCD FILE NVT.dcd AT STEP 4670
WRITING COORDINATES TO DCD FILE NVT.dcd AT STEP 4680
WRITING COORDINATES TO DCD FILE NVT.dcd AT STEP 4690
WRITING COORDINATES TO DCD FILE NVT.dcd AT STEP 4700
WRITING COORDINATES TO DCD FILE NVT.dcd AT STEP 4710
WRITING COORDINATES TO DCD FILE NVT.dcd AT STEP 4720
WRITING COORDINATES TO DCD FILE NVT.dcd AT STEP 4730
WRITING COORDINATES TO DCD FILE NVT.dcd AT STEP 4740
WRITING COORDINATES TO DCD FILE NVT.dcd AT STEP 4750
WRITING COORDINATES TO DCD FILE NVT.dcd AT STEP 4760
WRITING COORDINATES TO DCD FILE NVT.dcd AT STEP 4770
WRITING COORDINATES TO DCD FILE NVT.dcd AT STEP 4780
WRITING COORDINATES TO DCD FILE NVT.dcd AT STEP 4790
WRITING COORDINATES TO DCD FILE NVT.dcd AT STEP 4800
WRITING COORDINATES TO DCD FILE NVT.dcd AT STEP 4810
WRITING COORDINATES TO DCD FILE NVT.dcd AT STEP 4820
WRITING COORDINATES TO DCD FILE NVT.dcd AT STEP 4830
WRITING COORDINATES TO DCD FILE NVT.dcd AT STEP 4840
WRITING COORDINATES TO DCD FILE NVT.dcd AT STEP 4850
WRITING COORDINATES TO DCD FILE NVT.dcd AT STEP 4860
WRITING COORDINATES TO DCD FILE NVT.dcd AT STEP 4870
WRITING COORDINATES TO DCD FILE NVT.dcd AT STEP 4880
WRITING COORDINATES TO DCD FILE NVT.dcd AT STEP 4890
WRITING COORDINATES TO DCD FILE NVT.dcd AT STEP 4900
WRITING COORDINATES TO DCD FILE NVT.dcd AT STEP 4910
WRITING COORDINATES TO DCD FILE NVT.dcd AT STEP 4920
WRITING COORDINATES TO DCD FILE NVT.dcd AT STEP 4930
WRITING COORDINATES TO DCD FILE NVT.dcd AT STEP 4940
WRITING COORDINATES TO DCD FILE NVT.dcd AT STEP 4950
WRITING COORDINATES TO DCD FILE NVT.dcd AT STEP 4960
WRITING COORDINATES TO DCD FILE NVT.dcd AT STEP 4970
WRITING COORDINATES TO DCD FILE NVT.dcd AT STEP 4980
WRITING COORDINATES TO DCD FILE NVT.dcd AT STEP 4990
PRESSURE: 5000 -248.711 -398.55 266.972 -398.55 -577.416 -308.049 266.972 -308.049 788.917
GPRESSURE: 5000 -160.672 -464.006 273.692 -407.627 -511.884 -319.663 195.251 -381.789 680.463
PRESSAVG: 5000 -47.9877 16.1109 -4.21279 16.1109 -17.2405 -23.5843 -4.21279 -23.5843 -99.0947
GPRESSAVG: 5000 -47.892 16.3389 -4.30898 16.2383 -17.6012 -22.711 -4.65515 -24.4635 -98.782
ENERGY:    5000      1557.0715      9110.6322      5659.2241        71.8981         -61009.7117     -1163.9742         0.0000         0.0000     18481.5762         -27293.2837       298.2890    -45774.8599    -27148.9158       298.2587            -12.4035         2.6358    266765.5277       -54.7743       -54.7584

WRITING EXTENDED SYSTEM TO RESTART FILE AT STEP 5000
WRITING COORDINATES TO DCD FILE NVT.dcd AT STEP 5000
WRITING COORDINATES TO RESTART FILE AT STEP 5000
FINISHED WRITING RESTART COORDINATES
WRITING VELOCITIES TO RESTART FILE AT STEP 5000
FINISHED WRITING RESTART VELOCITIES
The last velocity output (seq=5000) takes 0.000 seconds, 841.436 MB of memory in use
WRITING COORDINATES TO DCD FILE NVT.dcd AT STEP 5010
WRITING COORDINATES TO DCD FILE NVT.dcd AT STEP 5020
WRITING COORDINATES TO DCD FILE NVT.dcd AT STEP 5030
WRITING COORDINATES TO DCD FILE NVT.dcd AT STEP 5040
WRITING COORDINATES TO DCD FILE NVT.dcd AT STEP 5050
WRITING COORDINATES TO DCD FILE NVT.dcd AT STEP 5060
WRITING COORDINATES TO DCD FILE NVT.dcd AT STEP 5070
WRITING COORDINATES TO DCD FILE NVT.dcd AT STEP 5080
WRITING COORDINATES TO DCD FILE NVT.dcd AT STEP 5090
WRITING COORDINATES TO DCD FILE NVT.dcd AT STEP 5100
WRITING COORDINATES TO DCD FILE NVT.dcd AT STEP 5110
WRITING COORDINATES TO DCD FILE NVT.dcd AT STEP 5120
WRITING COORDINATES TO DCD FILE NVT.dcd AT STEP 5130
WRITING COORDINATES TO DCD FILE NVT.dcd AT STEP 5140
WRITING COORDINATES TO DCD FILE NVT.dcd AT STEP 5150
WRITING COORDINATES TO DCD FILE NVT.dcd AT STEP 5160
WRITING COORDINATES TO DCD FILE NVT.dcd AT STEP 5170
WRITING COORDINATES TO DCD FILE NVT.dcd AT STEP 5180
WRITING COORDINATES TO DCD FILE NVT.dcd AT STEP 5190
WRITING COORDINATES TO DCD FILE NVT.dcd AT STEP 5200
WRITING COORDINATES TO DCD FILE NVT.dcd AT STEP 5210
WRITING COORDINATES TO DCD FILE NVT.dcd AT STEP 5220
WRITING COORDINATES TO DCD FILE NVT.dcd AT STEP 5230
WRITING COORDINATES TO DCD FILE NVT.dcd AT STEP 5240
WRITING COORDINATES TO DCD FILE NVT.dcd AT STEP 5250
WRITING COORDINATES TO DCD FILE NVT.dcd AT STEP 5260
WRITING COORDINATES TO DCD FILE NVT.dcd AT STEP 5270
WRITING COORDINATES TO DCD FILE NVT.dcd AT STEP 5280
WRITING COORDINATES TO DCD FILE NVT.dcd AT STEP 5290
WRITING COORDINATES TO DCD FILE NVT.dcd AT STEP 5300
WRITING COORDINATES TO DCD FILE NVT.dcd AT STEP 5310
WRITING COORDINATES TO DCD FILE NVT.dcd AT STEP 5320
WRITING COORDINATES TO DCD FILE NVT.dcd AT STEP 5330
WRITING COORDINATES TO DCD FILE NVT.dcd AT STEP 5340
WRITING COORDINATES TO DCD FILE NVT.dcd AT STEP 5350
WRITING COORDINATES TO DCD FILE NVT.dcd AT STEP 5360
WRITING COORDINATES TO DCD FILE NVT.dcd AT STEP 5370
WRITING COORDINATES TO DCD FILE NVT.dcd AT STEP 5380
WRITING COORDINATES TO DCD FILE NVT.dcd AT STEP 5390
WRITING COORDINATES TO DCD FILE NVT.dcd AT STEP 5400
WRITING COORDINATES TO DCD FILE NVT.dcd AT STEP 5410
WRITING COORDINATES TO DCD FILE NVT.dcd AT STEP 5420
WRITING COORDINATES TO DCD FILE NVT.dcd AT STEP 5430
WRITING COORDINATES TO DCD FILE NVT.dcd AT STEP 5440
WRITING COORDINATES TO DCD FILE NVT.dcd AT STEP 5450
WRITING COORDINATES TO DCD FILE NVT.dcd AT STEP 5460
WRITING COORDINATES TO DCD FILE NVT.dcd AT STEP 5470
WRITING COORDINATES TO DCD FILE NVT.dcd AT STEP 5480
WRITING COORDINATES TO DCD FILE NVT.dcd AT STEP 5490
WRITING COORDINATES TO DCD FILE NVT.dcd AT STEP 5500
WRITING COORDINATES TO DCD FILE NVT.dcd AT STEP 5510
WRITING COORDINATES TO DCD FILE NVT.dcd AT STEP 5520
WRITING COORDINATES TO DCD FILE NVT.dcd AT STEP 5530
WRITING COORDINATES TO DCD FILE NVT.dcd AT STEP 5540
WRITING COORDINATES TO DCD FILE NVT.dcd AT STEP 5550
WRITING COORDINATES TO DCD FILE NVT.dcd AT STEP 5560
WRITING COORDINATES TO DCD FILE NVT.dcd AT STEP 5570
WRITING COORDINATES TO DCD FILE NVT.dcd AT STEP 5580
WRITING COORDINATES TO DCD FILE NVT.dcd AT STEP 5590
WRITING COORDINATES TO DCD FILE NVT.dcd AT STEP 5600
WRITING COORDINATES TO DCD FILE NVT.dcd AT STEP 5610
WRITING COORDINATES TO DCD FILE NVT.dcd AT STEP 5620
WRITING COORDINATES TO DCD FILE NVT.dcd AT STEP 5630
WRITING COORDINATES TO DCD FILE NVT.dcd AT STEP 5640
WRITING COORDINATES TO DCD FILE NVT.dcd AT STEP 5650
WRITING COORDINATES TO DCD FILE NVT.dcd AT STEP 5660
WRITING COORDINATES TO DCD FILE NVT.dcd AT STEP 5670
WRITING COORDINATES TO DCD FILE NVT.dcd AT STEP 5680
WRITING COORDINATES TO DCD FILE NVT.dcd AT STEP 5690
WRITING COORDINATES TO DCD FILE NVT.dcd AT STEP 5700
WRITING COORDINATES TO DCD FILE NVT.dcd AT STEP 5710
WRITING COORDINATES TO DCD FILE NVT.dcd AT STEP 5720
WRITING COORDINATES TO DCD FILE NVT.dcd AT STEP 5730
WRITING COORDINATES TO DCD FILE NVT.dcd AT STEP 5740
WRITING COORDINATES TO DCD FILE NVT.dcd AT STEP 5750
WRITING COORDINATES TO DCD FILE NVT.dcd AT STEP 5760
WRITING COORDINATES TO DCD FILE NVT.dcd AT STEP 5770
WRITING COORDINATES TO DCD FILE NVT.dcd AT STEP 5780
WRITING COORDINATES TO DCD FILE NVT.dcd AT STEP 5790
WRITING COORDINATES TO DCD FILE NVT.dcd AT STEP 5800
WRITING COORDINATES TO DCD FILE NVT.dcd AT STEP 5810
WRITING COORDINATES TO DCD FILE NVT.dcd AT STEP 5820
WRITING COORDINATES TO DCD FILE NVT.dcd AT STEP 5830
WRITING COORDINATES TO DCD FILE NVT.dcd AT STEP 5840
WRITING COORDINATES TO DCD FILE NVT.dcd AT STEP 5850
WRITING COORDINATES TO DCD FILE NVT.dcd AT STEP 5860
WRITING COORDINATES TO DCD FILE NVT.dcd AT STEP 5870
WRITING COORDINATES TO DCD FILE NVT.dcd AT STEP 5880
WRITING COORDINATES TO DCD FILE NVT.dcd AT STEP 5890
WRITING COORDINATES TO DCD FILE NVT.dcd AT STEP 5900
WRITING COORDINATES TO DCD FILE NVT.dcd AT STEP 5910
WRITING COORDINATES TO DCD FILE NVT.dcd AT STEP 5920
WRITING COORDINATES TO DCD FILE NVT.dcd AT STEP 5930
WRITING COORDINATES TO DCD FILE NVT.dcd AT STEP 5940
WRITING COORDINATES TO DCD FILE NVT.dcd AT STEP 5950
WRITING COORDINATES TO DCD FILE NVT.dcd AT STEP 5960
WRITING COORDINATES TO DCD FILE NVT.dcd AT STEP 5970
WRITING COORDINATES TO DCD FILE NVT.dcd AT STEP 5980
WRITING COORDINATES TO DCD FILE NVT.dcd AT STEP 5990
PRESSURE: 6000 245.806 203.259 -457.499 203.259 -46.726 -269.699 -457.499 -269.699 665.088
GPRESSURE: 6000 450.018 306.674 -385.072 137.748 -7.66383 -216.754 -383.356 -37.0097 528.276
PRESSAVG: 6000 -40.4296 -19.1497 -32.0798 -19.1497 -17.8663 -23.9373 -32.0798 -23.9373 -102.882
GPRESSAVG: 6000 -40.5528 -18.4803 -32.3127 -19.6584 -17.8846 -23.8157 -30.887 -23.8731 -102.683
ENERGY:    6000      1567.9393      9055.4527      5770.4006        72.5924         -60756.6385     -1155.2790         0.0000         0.0000     18610.6925         -26834.8400       300.3729    -45445.5324    -26683.7635       299.4553            288.0560       323.5434    266765.5277       -53.7260       -53.7069

WRITING COORDINATES TO DCD FILE NVT.dcd AT STEP 6000
WRITING COORDINATES TO DCD FILE NVT.dcd AT STEP 6010
WRITING COORDINATES TO DCD FILE NVT.dcd AT STEP 6020
WRITING COORDINATES TO DCD FILE NVT.dcd AT STEP 6030
WRITING COORDINATES TO DCD FILE NVT.dcd AT STEP 6040
WRITING COORDINATES TO DCD FILE NVT.dcd AT STEP 6050
WRITING COORDINATES TO DCD FILE NVT.dcd AT STEP 6060
WRITING COORDINATES TO DCD FILE NVT.dcd AT STEP 6070
WRITING COORDINATES TO DCD FILE NVT.dcd AT STEP 6080
WRITING COORDINATES TO DCD FILE NVT.dcd AT STEP 6090
WRITING COORDINATES TO DCD FILE NVT.dcd AT STEP 6100
WRITING COORDINATES TO DCD FILE NVT.dcd AT STEP 6110
WRITING COORDINATES TO DCD FILE NVT.dcd AT STEP 6120
WRITING COORDINATES TO DCD FILE NVT.dcd AT STEP 6130
WRITING COORDINATES TO DCD FILE NVT.dcd AT STEP 6140
LDB: ============= START OF LOAD BALANCING ============== 1042.13
LDB: ============== END OF LOAD BALANCING =============== 1042.13
LDB: =============== DONE WITH MIGRATION ================ 1042.13
WRITING COORDINATES TO DCD FILE NVT.dcd AT STEP 6150
WRITING COORDINATES TO DCD FILE NVT.dcd AT STEP 6160
WRITING COORDINATES TO DCD FILE NVT.dcd AT STEP 6170
WRITING COORDINATES TO DCD FILE NVT.dcd AT STEP 6180
WRITING COORDINATES TO DCD FILE NVT.dcd AT STEP 6190
LDB: ============= START OF LOAD BALANCING ============== 1050.42
LDB: ============== END OF LOAD BALANCING =============== 1050.42
LDB: =============== DONE WITH MIGRATION ================ 1050.42
WRITING COORDINATES TO DCD FILE NVT.dcd AT STEP 6200
WRITING COORDINATES TO DCD FILE NVT.dcd AT STEP 6210
WRITING COORDINATES TO DCD FILE NVT.dcd AT STEP 6220
WRITING COORDINATES TO DCD FILE NVT.dcd AT STEP 6230
WRITING COORDINATES TO DCD FILE NVT.dcd AT STEP 6240
WRITING COORDINATES TO DCD FILE NVT.dcd AT STEP 6250
WRITING COORDINATES TO DCD FILE NVT.dcd AT STEP 6260
WRITING COORDINATES TO DCD FILE NVT.dcd AT STEP 6270
WRITING COORDINATES TO DCD FILE NVT.dcd AT STEP 6280
WRITING COORDINATES TO DCD FILE NVT.dcd AT STEP 6290
WRITING COORDINATES TO DCD FILE NVT.dcd AT STEP 6300
WRITING COORDINATES TO DCD FILE NVT.dcd AT STEP 6310
WRITING COORDINATES TO DCD FILE NVT.dcd AT STEP 6320
WRITING COORDINATES TO DCD FILE NVT.dcd AT STEP 6330
WRITING COORDINATES TO DCD FILE NVT.dcd AT STEP 6340
WRITING COORDINATES TO DCD FILE NVT.dcd AT STEP 6350
WRITING COORDINATES TO DCD FILE NVT.dcd AT STEP 6360
WRITING COORDINATES TO DCD FILE NVT.dcd AT STEP 6370
WRITING COORDINATES TO DCD FILE NVT.dcd AT STEP 6380
WRITING COORDINATES TO DCD FILE NVT.dcd AT STEP 6390
WRITING COORDINATES TO DCD FILE NVT.dcd AT STEP 6400
WRITING COORDINATES TO DCD FILE NVT.dcd AT STEP 6410
WRITING COORDINATES TO DCD FILE NVT.dcd AT STEP 6420
WRITING COORDINATES TO DCD FILE NVT.dcd AT STEP 6430
WRITING COORDINATES TO DCD FILE NVT.dcd AT STEP 6440
WRITING COORDINATES TO DCD FILE NVT.dcd AT STEP 6450
WRITING COORDINATES TO DCD FILE NVT.dcd AT STEP 6460
WRITING COORDINATES TO DCD FILE NVT.dcd AT STEP 6470
WRITING COORDINATES TO DCD FILE NVT.dcd AT STEP 6480
WRITING COORDINATES TO DCD FILE NVT.dcd AT STEP 6490
WRITING COORDINATES TO DCD FILE NVT.dcd AT STEP 6500
WRITING COORDINATES TO DCD FILE NVT.dcd AT STEP 6510
WRITING COORDINATES TO DCD FILE NVT.dcd AT STEP 6520
WRITING COORDINATES TO DCD FILE NVT.dcd AT STEP 6530
WRITING COORDINATES TO DCD FILE NVT.dcd AT STEP 6540
WRITING COORDINATES TO DCD FILE NVT.dcd AT STEP 6550
WRITING COORDINATES TO DCD FILE NVT.dcd AT STEP 6560
WRITING COORDINATES TO DCD FILE NVT.dcd AT STEP 6570
WRITING COORDINATES TO DCD FILE NVT.dcd AT STEP 6580
WRITING COORDINATES TO DCD FILE NVT.dcd AT STEP 6590
WRITING COORDINATES TO DCD FILE NVT.dcd AT STEP 6600
WRITING COORDINATES TO DCD FILE NVT.dcd AT STEP 6610
WRITING COORDINATES TO DCD FILE NVT.dcd AT STEP 6620
WRITING COORDINATES TO DCD FILE NVT.dcd AT STEP 6630
WRITING COORDINATES TO DCD FILE NVT.dcd AT STEP 6640
WRITING COORDINATES TO DCD FILE NVT.dcd AT STEP 6650
WRITING COORDINATES TO DCD FILE NVT.dcd AT STEP 6660
WRITING COORDINATES TO DCD FILE NVT.dcd AT STEP 6670
WRITING COORDINATES TO DCD FILE NVT.dcd AT STEP 6680
WRITING COORDINATES TO DCD FILE NVT.dcd AT STEP 6690
WRITING COORDINATES TO DCD FILE NVT.dcd AT STEP 6700
WRITING COORDINATES TO DCD FILE NVT.dcd AT STEP 6710
WRITING COORDINATES TO DCD FILE NVT.dcd AT STEP 6720
WRITING COORDINATES TO DCD FILE NVT.dcd AT STEP 6730
WRITING COORDINATES TO DCD FILE NVT.dcd AT STEP 6740
WRITING COORDINATES TO DCD FILE NVT.dcd AT STEP 6750
WRITING COORDINATES TO DCD FILE NVT.dcd AT STEP 6760
WRITING COORDINATES TO DCD FILE NVT.dcd AT STEP 6770
WRITING COORDINATES TO DCD FILE NVT.dcd AT STEP 6780
WRITING COORDINATES TO DCD FILE NVT.dcd AT STEP 6790
WRITING COORDINATES TO DCD FILE NVT.dcd AT STEP 6800
WRITING COORDINATES TO DCD FILE NVT.dcd AT STEP 6810
WRITING COORDINATES TO DCD FILE NVT.dcd AT STEP 6820
WRITING COORDINATES TO DCD FILE NVT.dcd AT STEP 6830
WRITING COORDINATES TO DCD FILE NVT.dcd AT STEP 6840
WRITING COORDINATES TO DCD FILE NVT.dcd AT STEP 6850
WRITING COORDINATES TO DCD FILE NVT.dcd AT STEP 6860
WRITING COORDINATES TO DCD FILE NVT.dcd AT STEP 6870
WRITING COORDINATES TO DCD FILE NVT.dcd AT STEP 6880
WRITING COORDINATES TO DCD FILE NVT.dcd AT STEP 6890
WRITING COORDINATES TO DCD FILE NVT.dcd AT STEP 6900
WRITING COORDINATES TO DCD FILE NVT.dcd AT STEP 6910
WRITING COORDINATES TO DCD FILE NVT.dcd AT STEP 6920
WRITING COORDINATES TO DCD FILE NVT.dcd AT STEP 6930
WRITING COORDINATES TO DCD FILE NVT.dcd AT STEP 6940
WRITING COORDINATES TO DCD FILE NVT.dcd AT STEP 6950
WRITING COORDINATES TO DCD FILE NVT.dcd AT STEP 6960
WRITING COORDINATES TO DCD FILE NVT.dcd AT STEP 6970
WRITING COORDINATES TO DCD FILE NVT.dcd AT STEP 6980
WRITING COORDINATES TO DCD FILE NVT.dcd AT STEP 6990
PRESSURE: 7000 161.381 -107.139 79.9251 -107.139 -209.487 52.8339 79.9251 52.8339 -552.523
GPRESSURE: 7000 296.452 -2.33993 84.4194 -74.7089 -114.739 -40.9963 22.7673 139.631 -702.189
PRESSAVG: 7000 21.6545 44.8999 -55.7783 44.8999 55.8313 -33.3771 -55.7783 -33.3771 -50.9782
GPRESSAVG: 7000 21.3532 43.8355 -55.3379 44.9598 56.223 -33.6098 -56.2026 -33.0199 -50.7754
ENERGY:    7000      1589.3874      9142.6941      5658.6120        73.0922         -60728.5413     -1315.5881         0.0000         0.0000     18622.8234         -26957.5203       300.5687    -45580.3437    -26810.1260       300.6751           -200.2096      -173.4918    266765.5277         8.8359         8.9336

WRITING COORDINATES TO DCD FILE NVT.dcd AT STEP 7000
WRITING COORDINATES TO DCD FILE NVT.dcd AT STEP 7010
WRITING COORDINATES TO DCD FILE NVT.dcd AT STEP 7020
WRITING COORDINATES TO DCD FILE NVT.dcd AT STEP 7030
WRITING COORDINATES TO DCD FILE NVT.dcd AT STEP 7040
WRITING COORDINATES TO DCD FILE NVT.dcd AT STEP 7050
WRITING COORDINATES TO DCD FILE NVT.dcd AT STEP 7060
WRITING COORDINATES TO DCD FILE NVT.dcd AT STEP 7070
WRITING COORDINATES TO DCD FILE NVT.dcd AT STEP 7080
WRITING COORDINATES TO DCD FILE NVT.dcd AT STEP 7090
WRITING COORDINATES TO DCD FILE NVT.dcd AT STEP 7100
WRITING COORDINATES TO DCD FILE NVT.dcd AT STEP 7110
WRITING COORDINATES TO DCD FILE NVT.dcd AT STEP 7120
WRITING COORDINATES TO DCD FILE NVT.dcd AT STEP 7130
WRITING COORDINATES TO DCD FILE NVT.dcd AT STEP 7140
WRITING COORDINATES TO DCD FILE NVT.dcd AT STEP 7150
WRITING COORDINATES TO DCD FILE NVT.dcd AT STEP 7160
WRITING COORDINATES TO DCD FILE NVT.dcd AT STEP 7170
WRITING COORDINATES TO DCD FILE NVT.dcd AT STEP 7180
WRITING COORDINATES TO DCD FILE NVT.dcd AT STEP 7190
WRITING COORDINATES TO DCD FILE NVT.dcd AT STEP 7200
WRITING COORDINATES TO DCD FILE NVT.dcd AT STEP 7210
WRITING COORDINATES TO DCD FILE NVT.dcd AT STEP 7220
WRITING COORDINATES TO DCD FILE NVT.dcd AT STEP 7230
WRITING COORDINATES TO DCD FILE NVT.dcd AT STEP 7240
WRITING COORDINATES TO DCD FILE NVT.dcd AT STEP 7250
WRITING COORDINATES TO DCD FILE NVT.dcd AT STEP 7260
WRITING COORDINATES TO DCD FILE NVT.dcd AT STEP 7270
WRITING COORDINATES TO DCD FILE NVT.dcd AT STEP 7280
WRITING COORDINATES TO DCD FILE NVT.dcd AT STEP 7290
WRITING COORDINATES TO DCD FILE NVT.dcd AT STEP 7300
WRITING COORDINATES TO DCD FILE NVT.dcd AT STEP 7310
WRITING COORDINATES TO DCD FILE NVT.dcd AT STEP 7320
WRITING COORDINATES TO DCD FILE NVT.dcd AT STEP 7330
WRITING COORDINATES TO DCD FILE NVT.dcd AT STEP 7340
WRITING COORDINATES TO DCD FILE NVT.dcd AT STEP 7350
WRITING COORDINATES TO DCD FILE NVT.dcd AT STEP 7360
WRITING COORDINATES TO DCD FILE NVT.dcd AT STEP 7370
WRITING COORDINATES TO DCD FILE NVT.dcd AT STEP 7380
WRITING COORDINATES TO DCD FILE NVT.dcd AT STEP 7390
WRITING COORDINATES TO DCD FILE NVT.dcd AT STEP 7400
WRITING COORDINATES TO DCD FILE NVT.dcd AT STEP 7410
WRITING COORDINATES TO DCD FILE NVT.dcd AT STEP 7420
WRITING COORDINATES TO DCD FILE NVT.dcd AT STEP 7430
WRITING COORDINATES TO DCD FILE NVT.dcd AT STEP 7440
WRITING COORDINATES TO DCD FILE NVT.dcd AT STEP 7450
WRITING COORDINATES TO DCD FILE NVT.dcd AT STEP 7460
WRITING COORDINATES TO DCD FILE NVT.dcd AT STEP 7470
WRITING COORDINATES TO DCD FILE NVT.dcd AT STEP 7480
WRITING COORDINATES TO DCD FILE NVT.dcd AT STEP 7490
WRITING COORDINATES TO DCD FILE NVT.dcd AT STEP 7500
WRITING COORDINATES TO DCD FILE NVT.dcd AT STEP 7510
WRITING COORDINATES TO DCD FILE NVT.dcd AT STEP 7520
WRITING COORDINATES TO DCD FILE NVT.dcd AT STEP 7530
WRITING COORDINATES TO DCD FILE NVT.dcd AT STEP 7540
WRITING COORDINATES TO DCD FILE NVT.dcd AT STEP 7550
WRITING COORDINATES TO DCD FILE NVT.dcd AT STEP 7560
WRITING COORDINATES TO DCD FILE NVT.dcd AT STEP 7570
WRITING COORDINATES TO DCD FILE NVT.dcd AT STEP 7580
WRITING COORDINATES TO DCD FILE NVT.dcd AT STEP 7590
WRITING COORDINATES TO DCD FILE NVT.dcd AT STEP 7600
WRITING COORDINATES TO DCD FILE NVT.dcd AT STEP 7610
WRITING COORDINATES TO DCD FILE NVT.dcd AT STEP 7620
WRITING COORDINATES TO DCD FILE NVT.dcd AT STEP 7630
WRITING COORDINATES TO DCD FILE NVT.dcd AT STEP 7640
WRITING COORDINATES TO DCD FILE NVT.dcd AT STEP 7650
WRITING COORDINATES TO DCD FILE NVT.dcd AT STEP 7660
WRITING COORDINATES TO DCD FILE NVT.dcd AT STEP 7670
WRITING COORDINATES TO DCD FILE NVT.dcd AT STEP 7680
WRITING COORDINATES TO DCD FILE NVT.dcd AT STEP 7690
WRITING COORDINATES TO DCD FILE NVT.dcd AT STEP 7700
WRITING COORDINATES TO DCD FILE NVT.dcd AT STEP 7710
WRITING COORDINATES TO DCD FILE NVT.dcd AT STEP 7720
WRITING COORDINATES TO DCD FILE NVT.dcd AT STEP 7730
WRITING COORDINATES TO DCD FILE NVT.dcd AT STEP 7740
WRITING COORDINATES TO DCD FILE NVT.dcd AT STEP 7750
WRITING COORDINATES TO DCD FILE NVT.dcd AT STEP 7760
WRITING COORDINATES TO DCD FILE NVT.dcd AT STEP 7770
WRITING COORDINATES TO DCD FILE NVT.dcd AT STEP 7780
WRITING COORDINATES TO DCD FILE NVT.dcd AT STEP 7790
WRITING COORDINATES TO DCD FILE NVT.dcd AT STEP 7800
WRITING COORDINATES TO DCD FILE NVT.dcd AT STEP 7810
WRITING COORDINATES TO DCD FILE NVT.dcd AT STEP 7820
WRITING COORDINATES TO DCD FILE NVT.dcd AT STEP 7830
WRITING COORDINATES TO DCD FILE NVT.dcd AT STEP 7840
WRITING COORDINATES TO DCD FILE NVT.dcd AT STEP 7850
WRITING COORDINATES TO DCD FILE NVT.dcd AT STEP 7860
WRITING COORDINATES TO DCD FILE NVT.dcd AT STEP 7870
WRITING COORDINATES TO DCD FILE NVT.dcd AT STEP 7880
WRITING COORDINATES TO DCD FILE NVT.dcd AT STEP 7890
WRITING COORDINATES TO DCD FILE NVT.dcd AT STEP 7900
WRITING COORDINATES TO DCD FILE NVT.dcd AT STEP 7910
WRITING COORDINATES TO DCD FILE NVT.dcd AT STEP 7920
WRITING COORDINATES TO DCD FILE NVT.dcd AT STEP 7930
WRITING COORDINATES TO DCD FILE NVT.dcd AT STEP 7940
WRITING COORDINATES TO DCD FILE NVT.dcd AT STEP 7950
WRITING COORDINATES TO DCD FILE NVT.dcd AT STEP 7960
WRITING COORDINATES TO DCD FILE NVT.dcd AT STEP 7970
WRITING COORDINATES TO DCD FILE NVT.dcd AT STEP 7980
WRITING COORDINATES TO DCD FILE NVT.dcd AT STEP 7990
PRESSURE: 8000 317.485 276.712 277.545 276.712 194.497 284.13 277.545 284.13 317.351
GPRESSURE: 8000 457.502 125.917 199.309 136.959 215.331 300.221 259.693 97.9005 159.945
PRESSAVG: 8000 70.4196 -0.968361 -42.8335 -0.968361 100.936 2.98028 -42.8335 2.98028 -29.503
GPRESSAVG: 8000 70.2051 -0.735962 -42.9657 -0.79374 100.963 2.78316 -43.5506 2.88983 -29.2888
ENERGY:    8000      1543.6765      9205.2132      5718.3642        70.7403         -60757.8457     -1186.4509         0.0000         0.0000     18635.2691         -26771.0332       300.7696    -45406.3023    -26620.6387       300.7182            276.4440       277.5924    266765.5277        47.2841        47.2930

WRITING COORDINATES TO DCD FILE NVT.dcd AT STEP 8000
WRITING COORDINATES TO DCD FILE NVT.dcd AT STEP 8010
WRITING COORDINATES TO DCD FILE NVT.dcd AT STEP 8020
WRITING COORDINATES TO DCD FILE NVT.dcd AT STEP 8030
WRITING COORDINATES TO DCD FILE NVT.dcd AT STEP 8040
WRITING COORDINATES TO DCD FILE NVT.dcd AT STEP 8050
WRITING COORDINATES TO DCD FILE NVT.dcd AT STEP 8060
WRITING COORDINATES TO DCD FILE NVT.dcd AT STEP 8070
WRITING COORDINATES TO DCD FILE NVT.dcd AT STEP 8080
WRITING COORDINATES TO DCD FILE NVT.dcd AT STEP 8090
WRITING COORDINATES TO DCD FILE NVT.dcd AT STEP 8100
WRITING COORDINATES TO DCD FILE NVT.dcd AT STEP 8110
WRITING COORDINATES TO DCD FILE NVT.dcd AT STEP 8120
WRITING COORDINATES TO DCD FILE NVT.dcd AT STEP 8130
WRITING COORDINATES TO DCD FILE NVT.dcd AT STEP 8140
LDB: ============= START OF LOAD BALANCING ============== 1373.7
LDB: ============== END OF LOAD BALANCING =============== 1373.7
LDB: =============== DONE WITH MIGRATION ================ 1373.7
WRITING COORDINATES TO DCD FILE NVT.dcd AT STEP 8150
WRITING COORDINATES TO DCD FILE NVT.dcd AT STEP 8160
WRITING COORDINATES TO DCD FILE NVT.dcd AT STEP 8170
WRITING COORDINATES TO DCD FILE NVT.dcd AT STEP 8180
WRITING COORDINATES TO DCD FILE NVT.dcd AT STEP 8190
LDB: ============= START OF LOAD BALANCING ============== 1381.99
LDB: ============== END OF LOAD BALANCING =============== 1381.99
LDB: =============== DONE WITH MIGRATION ================ 1381.99
WRITING COORDINATES TO DCD FILE NVT.dcd AT STEP 8200
WRITING COORDINATES TO DCD FILE NVT.dcd AT STEP 8210
WRITING COORDINATES TO DCD FILE NVT.dcd AT STEP 8220
WRITING COORDINATES TO DCD FILE NVT.dcd AT STEP 8230
WRITING COORDINATES TO DCD FILE NVT.dcd AT STEP 8240
WRITING COORDINATES TO DCD FILE NVT.dcd AT STEP 8250
WRITING COORDINATES TO DCD FILE NVT.dcd AT STEP 8260
WRITING COORDINATES TO DCD FILE NVT.dcd AT STEP 8270
WRITING COORDINATES TO DCD FILE NVT.dcd AT STEP 8280
WRITING COORDINATES TO DCD FILE NVT.dcd AT STEP 8290
WRITING COORDINATES TO DCD FILE NVT.dcd AT STEP 8300
WRITING COORDINATES TO DCD FILE NVT.dcd AT STEP 8310
WRITING COORDINATES TO DCD FILE NVT.dcd AT STEP 8320
WRITING COORDINATES TO DCD FILE NVT.dcd AT STEP 8330
WRITING COORDINATES TO DCD FILE NVT.dcd AT STEP 8340
WRITING COORDINATES TO DCD FILE NVT.dcd AT STEP 8350
WRITING COORDINATES TO DCD FILE NVT.dcd AT STEP 8360
WRITING COORDINATES TO DCD FILE NVT.dcd AT STEP 8370
WRITING COORDINATES TO DCD FILE NVT.dcd AT STEP 8380
WRITING COORDINATES TO DCD FILE NVT.dcd AT STEP 8390
WRITING COORDINATES TO DCD FILE NVT.dcd AT STEP 8400
WRITING COORDINATES TO DCD FILE NVT.dcd AT STEP 8410
WRITING COORDINATES TO DCD FILE NVT.dcd AT STEP 8420
WRITING COORDINATES TO DCD FILE NVT.dcd AT STEP 8430
WRITING COORDINATES TO DCD FILE NVT.dcd AT STEP 8440
WRITING COORDINATES TO DCD FILE NVT.dcd AT STEP 8450
WRITING COORDINATES TO DCD FILE NVT.dcd AT STEP 8460
WRITING COORDINATES TO DCD FILE NVT.dcd AT STEP 8470
WRITING COORDINATES TO DCD FILE NVT.dcd AT STEP 8480
WRITING COORDINATES TO DCD FILE NVT.dcd AT STEP 8490
WRITING COORDINATES TO DCD FILE NVT.dcd AT STEP 8500
WRITING COORDINATES TO DCD FILE NVT.dcd AT STEP 8510
WRITING COORDINATES TO DCD FILE NVT.dcd AT STEP 8520
WRITING COORDINATES TO DCD FILE NVT.dcd AT STEP 8530
WRITING COORDINATES TO DCD FILE NVT.dcd AT STEP 8540
WRITING COORDINATES TO DCD FILE NVT.dcd AT STEP 8550
WRITING COORDINATES TO DCD FILE NVT.dcd AT STEP 8560
WRITING COORDINATES TO DCD FILE NVT.dcd AT STEP 8570
WRITING COORDINATES TO DCD FILE NVT.dcd AT STEP 8580
WRITING COORDINATES TO DCD FILE NVT.dcd AT STEP 8590
WRITING COORDINATES TO DCD FILE NVT.dcd AT STEP 8600
WRITING COORDINATES TO DCD FILE NVT.dcd AT STEP 8610
WRITING COORDINATES TO DCD FILE NVT.dcd AT STEP 8620
WRITING COORDINATES TO DCD FILE NVT.dcd AT STEP 8630
WRITING COORDINATES TO DCD FILE NVT.dcd AT STEP 8640
WRITING COORDINATES TO DCD FILE NVT.dcd AT STEP 8650
WRITING COORDINATES TO DCD FILE NVT.dcd AT STEP 8660
WRITING COORDINATES TO DCD FILE NVT.dcd AT STEP 8670
WRITING COORDINATES TO DCD FILE NVT.dcd AT STEP 8680
WRITING COORDINATES TO DCD FILE NVT.dcd AT STEP 8690
WRITING COORDINATES TO DCD FILE NVT.dcd AT STEP 8700
WRITING COORDINATES TO DCD FILE NVT.dcd AT STEP 8710
WRITING COORDINATES TO DCD FILE NVT.dcd AT STEP 8720
WRITING COORDINATES TO DCD FILE NVT.dcd AT STEP 8730
WRITING COORDINATES TO DCD FILE NVT.dcd AT STEP 8740
WRITING COORDINATES TO DCD FILE NVT.dcd AT STEP 8750
WRITING COORDINATES TO DCD FILE NVT.dcd AT STEP 8760
WRITING COORDINATES TO DCD FILE NVT.dcd AT STEP 8770
WRITING COORDINATES TO DCD FILE NVT.dcd AT STEP 8780
WRITING COORDINATES TO DCD FILE NVT.dcd AT STEP 8790
WRITING COORDINATES TO DCD FILE NVT.dcd AT STEP 8800
WRITING COORDINATES TO DCD FILE NVT.dcd AT STEP 8810
WRITING COORDINATES TO DCD FILE NVT.dcd AT STEP 8820
WRITING COORDINATES TO DCD FILE NVT.dcd AT STEP 8830
WRITING COORDINATES TO DCD FILE NVT.dcd AT STEP 8840
WRITING COORDINATES TO DCD FILE NVT.dcd AT STEP 8850
WRITING COORDINATES TO DCD FILE NVT.dcd AT STEP 8860
WRITING COORDINATES TO DCD FILE NVT.dcd AT STEP 8870
WRITING COORDINATES TO DCD FILE NVT.dcd AT STEP 8880
WRITING COORDINATES TO DCD FILE NVT.dcd AT STEP 8890
WRITING COORDINATES TO DCD FILE NVT.dcd AT STEP 8900
WRITING COORDINATES TO DCD FILE NVT.dcd AT STEP 8910
WRITING COORDINATES TO DCD FILE NVT.dcd AT STEP 8920
WRITING COORDINATES TO DCD FILE NVT.dcd AT STEP 8930
WRITING COORDINATES TO DCD FILE NVT.dcd AT STEP 8940
WRITING COORDINATES TO DCD FILE NVT.dcd AT STEP 8950
WRITING COORDINATES TO DCD FILE NVT.dcd AT STEP 8960
WRITING COORDINATES TO DCD FILE NVT.dcd AT STEP 8970
WRITING COORDINATES TO DCD FILE NVT.dcd AT STEP 8980
WRITING COORDINATES TO DCD FILE NVT.dcd AT STEP 8990
PRESSURE: 9000 40.5048 110.05 127.174 110.05 560.892 199.039 127.174 199.039 -369.052
GPRESSURE: 9000 238.855 33.8914 366.272 26.7548 305.213 130.945 -165.418 157.185 -296.299
PRESSAVG: 9000 72.8692 53.6246 -10.278 53.6246 100.848 -8.38912 -10.278 -8.38912 145.3
GPRESSAVG: 9000 73.2528 53.9082 -10.13 53.3241 100.678 -9.0232 -9.89368 -8.43765 144.819
ENERGY:    9000      1571.4068      9367.7432      5727.0376        75.4409         -60690.7149     -1291.0556         0.0000         0.0000     18464.8026         -26775.3394       298.0183    -45240.1420    -26627.0599       300.8630             77.4484        82.5898    266765.5277       106.3390       106.2497

WRITING COORDINATES TO DCD FILE NVT.dcd AT STEP 9000
WRITING COORDINATES TO DCD FILE NVT.dcd AT STEP 9010
WRITING COORDINATES TO DCD FILE NVT.dcd AT STEP 9020
WRITING COORDINATES TO DCD FILE NVT.dcd AT STEP 9030
WRITING COORDINATES TO DCD FILE NVT.dcd AT STEP 9040
WRITING COORDINATES TO DCD FILE NVT.dcd AT STEP 9050
WRITING COORDINATES TO DCD FILE NVT.dcd AT STEP 9060
WRITING COORDINATES TO DCD FILE NVT.dcd AT STEP 9070
WRITING COORDINATES TO DCD FILE NVT.dcd AT STEP 9080
WRITING COORDINATES TO DCD FILE NVT.dcd AT STEP 9090
WRITING COORDINATES TO DCD FILE NVT.dcd AT STEP 9100
WRITING COORDINATES TO DCD FILE NVT.dcd AT STEP 9110
WRITING COORDINATES TO DCD FILE NVT.dcd AT STEP 9120
WRITING COORDINATES TO DCD FILE NVT.dcd AT STEP 9130
WRITING COORDINATES TO DCD FILE NVT.dcd AT STEP 9140
WRITING COORDINATES TO DCD FILE NVT.dcd AT STEP 9150
WRITING COORDINATES TO DCD FILE NVT.dcd AT STEP 9160
WRITING COORDINATES TO DCD FILE NVT.dcd AT STEP 9170
WRITING COORDINATES TO DCD FILE NVT.dcd AT STEP 9180
WRITING COORDINATES TO DCD FILE NVT.dcd AT STEP 9190
WRITING COORDINATES TO DCD FILE NVT.dcd AT STEP 9200
WRITING COORDINATES TO DCD FILE NVT.dcd AT STEP 9210
WRITING COORDINATES TO DCD FILE NVT.dcd AT STEP 9220
WRITING COORDINATES TO DCD FILE NVT.dcd AT STEP 9230
WRITING COORDINATES TO DCD FILE NVT.dcd AT STEP 9240
WRITING COORDINATES TO DCD FILE NVT.dcd AT STEP 9250
WRITING COORDINATES TO DCD FILE NVT.dcd AT STEP 9260
WRITING COORDINATES TO DCD FILE NVT.dcd AT STEP 9270
WRITING COORDINATES TO DCD FILE NVT.dcd AT STEP 9280
WRITING COORDINATES TO DCD FILE NVT.dcd AT STEP 9290
WRITING COORDINATES TO DCD FILE NVT.dcd AT STEP 9300
WRITING COORDINATES TO DCD FILE NVT.dcd AT STEP 9310
WRITING COORDINATES TO DCD FILE NVT.dcd AT STEP 9320
WRITING COORDINATES TO DCD FILE NVT.dcd AT STEP 9330
WRITING COORDINATES TO DCD FILE NVT.dcd AT STEP 9340
WRITING COORDINATES TO DCD FILE NVT.dcd AT STEP 9350
WRITING COORDINATES TO DCD FILE NVT.dcd AT STEP 9360
WRITING COORDINATES TO DCD FILE NVT.dcd AT STEP 9370
WRITING COORDINATES TO DCD FILE NVT.dcd AT STEP 9380
WRITING COORDINATES TO DCD FILE NVT.dcd AT STEP 9390
WRITING COORDINATES TO DCD FILE NVT.dcd AT STEP 9400
WRITING COORDINATES TO DCD FILE NVT.dcd AT STEP 9410
WRITING COORDINATES TO DCD FILE NVT.dcd AT STEP 9420
WRITING COORDINATES TO DCD FILE NVT.dcd AT STEP 9430
WRITING COORDINATES TO DCD FILE NVT.dcd AT STEP 9440
WRITING COORDINATES TO DCD FILE NVT.dcd AT STEP 9450
WRITING COORDINATES TO DCD FILE NVT.dcd AT STEP 9460
WRITING COORDINATES TO DCD FILE NVT.dcd AT STEP 9470
WRITING COORDINATES TO DCD FILE NVT.dcd AT STEP 9480
WRITING COORDINATES TO DCD FILE NVT.dcd AT STEP 9490
WRITING COORDINATES TO DCD FILE NVT.dcd AT STEP 9500
WRITING COORDINATES TO DCD FILE NVT.dcd AT STEP 9510
WRITING COORDINATES TO DCD FILE NVT.dcd AT STEP 9520
WRITING COORDINATES TO DCD FILE NVT.dcd AT STEP 9530
WRITING COORDINATES TO DCD FILE NVT.dcd AT STEP 9540
WRITING COORDINATES TO DCD FILE NVT.dcd AT STEP 9550
WRITING COORDINATES TO DCD FILE NVT.dcd AT STEP 9560
WRITING COORDINATES TO DCD FILE NVT.dcd AT STEP 9570
WRITING COORDINATES TO DCD FILE NVT.dcd AT STEP 9580
WRITING COORDINATES TO DCD FILE NVT.dcd AT STEP 9590
WRITING COORDINATES TO DCD FILE NVT.dcd AT STEP 9600
WRITING COORDINATES TO DCD FILE NVT.dcd AT STEP 9610
WRITING COORDINATES TO DCD FILE NVT.dcd AT STEP 9620
WRITING COORDINATES TO DCD FILE NVT.dcd AT STEP 9630
WRITING COORDINATES TO DCD FILE NVT.dcd AT STEP 9640
WRITING COORDINATES TO DCD FILE NVT.dcd AT STEP 9650
WRITING COORDINATES TO DCD FILE NVT.dcd AT STEP 9660
WRITING COORDINATES TO DCD FILE NVT.dcd AT STEP 9670
WRITING COORDINATES TO DCD FILE NVT.dcd AT STEP 9680
WRITING COORDINATES TO DCD FILE NVT.dcd AT STEP 9690
WRITING COORDINATES TO DCD FILE NVT.dcd AT STEP 9700
WRITING COORDINATES TO DCD FILE NVT.dcd AT STEP 9710
WRITING COORDINATES TO DCD FILE NVT.dcd AT STEP 9720
WRITING COORDINATES TO DCD FILE NVT.dcd AT STEP 9730
WRITING COORDINATES TO DCD FILE NVT.dcd AT STEP 9740
WRITING COORDINATES TO DCD FILE NVT.dcd AT STEP 9750
WRITING COORDINATES TO DCD FILE NVT.dcd AT STEP 9760
WRITING COORDINATES TO DCD FILE NVT.dcd AT STEP 9770
WRITING COORDINATES TO DCD FILE NVT.dcd AT STEP 9780
WRITING COORDINATES TO DCD FILE NVT.dcd AT STEP 9790
WRITING COORDINATES TO DCD FILE NVT.dcd AT STEP 9800
WRITING COORDINATES TO DCD FILE NVT.dcd AT STEP 9810
WRITING COORDINATES TO DCD FILE NVT.dcd AT STEP 9820
WRITING COORDINATES TO DCD FILE NVT.dcd AT STEP 9830
WRITING COORDINATES TO DCD FILE NVT.dcd AT STEP 9840
WRITING COORDINATES TO DCD FILE NVT.dcd AT STEP 9850
WRITING COORDINATES TO DCD FILE NVT.dcd AT STEP 9860
WRITING COORDINATES TO DCD FILE NVT.dcd AT STEP 9870
WRITING COORDINATES TO DCD FILE NVT.dcd AT STEP 9880
WRITING COORDINATES TO DCD FILE NVT.dcd AT STEP 9890
WRITING COORDINATES TO DCD FILE NVT.dcd AT STEP 9900
WRITING COORDINATES TO DCD FILE NVT.dcd AT STEP 9910
WRITING COORDINATES TO DCD FILE NVT.dcd AT STEP 9920
WRITING COORDINATES TO DCD FILE NVT.dcd AT STEP 9930
WRITING COORDINATES TO DCD FILE NVT.dcd AT STEP 9940
WRITING COORDINATES TO DCD FILE NVT.dcd AT STEP 9950
WRITING COORDINATES TO DCD FILE NVT.dcd AT STEP 9960
WRITING COORDINATES TO DCD FILE NVT.dcd AT STEP 9970
WRITING COORDINATES TO DCD FILE NVT.dcd AT STEP 9980
WRITING COORDINATES TO DCD FILE NVT.dcd AT STEP 9990
PRESSURE: 10000 229.419 -6.48469 24.1696 -6.48469 -47.5513 -201.732 24.1696 -201.732 565.703
GPRESSURE: 10000 142.023 195.637 103.968 -215.809 69.0713 -161.712 97.1421 -95.9997 571.08
PRESSAVG: 10000 -13.263 1.89659 12.538 1.89659 -5.64561 -42.118 12.538 -42.118 111.902
GPRESSAVG: 10000 -13.4439 1.42852 11.945 1.23568 -5.19229 -41.5914 12.6746 -42.9066 111.763
TIMING: 10000  CPU: 1656.01, 0.165563/step  Wall: 1656.04, 0.165567/step, 1.83963 hours remaining, 841.435759 MB of memory in use.
PERFORMANCE: 10000  averaging 1.04369 ns/day, 0.165567 sec/step with standard deviation 0
ETITLE:      TS           BOND          ANGLE          DIHED          IMPRP               ELECT            VDW       BOUNDARY           MISC        KINETIC               TOTAL           TEMP      POTENTIAL         TOTAL3        TEMPAVG            PRESSURE      GPRESSURE         VOLUME       PRESSAVG      GPRESSAVG

ENERGY:   10000      1545.1924      9245.8683      5710.7094        71.3659         -61158.4033     -1015.9878         0.0000         0.0000     18630.0890         -26971.1659       300.6860    -45601.2549    -26834.2084       300.2309            249.1904       260.7245    266765.5277        30.9978        31.0421

WRITING EXTENDED SYSTEM TO RESTART FILE AT STEP 10000
WRITING COORDINATES TO DCD FILE NVT.dcd AT STEP 10000
WRITING COORDINATES TO RESTART FILE AT STEP 10000
FINISHED WRITING RESTART COORDINATES
WRITING VELOCITIES TO RESTART FILE AT STEP 10000
FINISHED WRITING RESTART VELOCITIES
The last velocity output (seq=10000) takes 0.000 seconds, 841.436 MB of memory in use
WRITING COORDINATES TO DCD FILE NVT.dcd AT STEP 10010
WRITING COORDINATES TO DCD FILE NVT.dcd AT STEP 10020
WRITING COORDINATES TO DCD FILE NVT.dcd AT STEP 10030
WRITING COORDINATES TO DCD FILE NVT.dcd AT STEP 10040
WRITING COORDINATES TO DCD FILE NVT.dcd AT STEP 10050
WRITING COORDINATES TO DCD FILE NVT.dcd AT STEP 10060
WRITING COORDINATES TO DCD FILE NVT.dcd AT STEP 10070
WRITING COORDINATES TO DCD FILE NVT.dcd AT STEP 10080
WRITING COORDINATES TO DCD FILE NVT.dcd AT STEP 10090
WRITING COORDINATES TO DCD FILE NVT.dcd AT STEP 10100
WRITING COORDINATES TO DCD FILE NVT.dcd AT STEP 10110
WRITING COORDINATES TO DCD FILE NVT.dcd AT STEP 10120
WRITING COORDINATES TO DCD FILE NVT.dcd AT STEP 10130
WRITING COORDINATES TO DCD FILE NVT.dcd AT STEP 10140
LDB: ============= START OF LOAD BALANCING ============== 1705.53
LDB: ============== END OF LOAD BALANCING =============== 1705.53
LDB: =============== DONE WITH MIGRATION ================ 1705.53
WRITING COORDINATES TO DCD FILE NVT.dcd AT STEP 10150
WRITING COORDINATES TO DCD FILE NVT.dcd AT STEP 10160
WRITING COORDINATES TO DCD FILE NVT.dcd AT STEP 10170
WRITING COORDINATES TO DCD FILE NVT.dcd AT STEP 10180
WRITING COORDINATES TO DCD FILE NVT.dcd AT STEP 10190
LDB: ============= START OF LOAD BALANCING ============== 1713.83
LDB: ============== END OF LOAD BALANCING =============== 1713.83
LDB: =============== DONE WITH MIGRATION ================ 1713.83
WRITING COORDINATES TO DCD FILE NVT.dcd AT STEP 10200
WRITING COORDINATES TO DCD FILE NVT.dcd AT STEP 10210
WRITING COORDINATES TO DCD FILE NVT.dcd AT STEP 10220
WRITING COORDINATES TO DCD FILE NVT.dcd AT STEP 10230
WRITING COORDINATES TO DCD FILE NVT.dcd AT STEP 10240
WRITING COORDINATES TO DCD FILE NVT.dcd AT STEP 10250
WRITING COORDINATES TO DCD FILE NVT.dcd AT STEP 10260
WRITING COORDINATES TO DCD FILE NVT.dcd AT STEP 10270
WRITING COORDINATES TO DCD FILE NVT.dcd AT STEP 10280
WRITING COORDINATES TO DCD FILE NVT.dcd AT STEP 10290
WRITING COORDINATES TO DCD FILE NVT.dcd AT STEP 10300
WRITING COORDINATES TO DCD FILE NVT.dcd AT STEP 10310
WRITING COORDINATES TO DCD FILE NVT.dcd AT STEP 10320
WRITING COORDINATES TO DCD FILE NVT.dcd AT STEP 10330
WRITING COORDINATES TO DCD FILE NVT.dcd AT STEP 10340
WRITING COORDINATES TO DCD FILE NVT.dcd AT STEP 10350
WRITING COORDINATES TO DCD FILE NVT.dcd AT STEP 10360
WRITING COORDINATES TO DCD FILE NVT.dcd AT STEP 10370
WRITING COORDINATES TO DCD FILE NVT.dcd AT STEP 10380
WRITING COORDINATES TO DCD FILE NVT.dcd AT STEP 10390
WRITING COORDINATES TO DCD FILE NVT.dcd AT STEP 10400
WRITING COORDINATES TO DCD FILE NVT.dcd AT STEP 10410
WRITING COORDINATES TO DCD FILE NVT.dcd AT STEP 10420
WRITING COORDINATES TO DCD FILE NVT.dcd AT STEP 10430
WRITING COORDINATES TO DCD FILE NVT.dcd AT STEP 10440
WRITING COORDINATES TO DCD FILE NVT.dcd AT STEP 10450
WRITING COORDINATES TO DCD FILE NVT.dcd AT STEP 10460
WRITING COORDINATES TO DCD FILE NVT.dcd AT STEP 10470
WRITING COORDINATES TO DCD FILE NVT.dcd AT STEP 10480
WRITING COORDINATES TO DCD FILE NVT.dcd AT STEP 10490
WRITING COORDINATES TO DCD FILE NVT.dcd AT STEP 10500
WRITING COORDINATES TO DCD FILE NVT.dcd AT STEP 10510
WRITING COORDINATES TO DCD FILE NVT.dcd AT STEP 10520
WRITING COORDINATES TO DCD FILE NVT.dcd AT STEP 10530
WRITING COORDINATES TO DCD FILE NVT.dcd AT STEP 10540
WRITING COORDINATES TO DCD FILE NVT.dcd AT STEP 10550
WRITING COORDINATES TO DCD FILE NVT.dcd AT STEP 10560
WRITING COORDINATES TO DCD FILE NVT.dcd AT STEP 10570
WRITING COORDINATES TO DCD FILE NVT.dcd AT STEP 10580
WRITING COORDINATES TO DCD FILE NVT.dcd AT STEP 10590
WRITING COORDINATES TO DCD FILE NVT.dcd AT STEP 10600
WRITING COORDINATES TO DCD FILE NVT.dcd AT STEP 10610
WRITING COORDINATES TO DCD FILE NVT.dcd AT STEP 10620
WRITING COORDINATES TO DCD FILE NVT.dcd AT STEP 10630
WRITING COORDINATES TO DCD FILE NVT.dcd AT STEP 10640
WRITING COORDINATES TO DCD FILE NVT.dcd AT STEP 10650
WRITING COORDINATES TO DCD FILE NVT.dcd AT STEP 10660
WRITING COORDINATES TO DCD FILE NVT.dcd AT STEP 10670
WRITING COORDINATES TO DCD FILE NVT.dcd AT STEP 10680
WRITING COORDINATES TO DCD FILE NVT.dcd AT STEP 10690
WRITING COORDINATES TO DCD FILE NVT.dcd AT STEP 10700
WRITING COORDINATES TO DCD FILE NVT.dcd AT STEP 10710
WRITING COORDINATES TO DCD FILE NVT.dcd AT STEP 10720
WRITING COORDINATES TO DCD FILE NVT.dcd AT STEP 10730
WRITING COORDINATES TO DCD FILE NVT.dcd AT STEP 10740
WRITING COORDINATES TO DCD FILE NVT.dcd AT STEP 10750
WRITING COORDINATES TO DCD FILE NVT.dcd AT STEP 10760
WRITING COORDINATES TO DCD FILE NVT.dcd AT STEP 10770
WRITING COORDINATES TO DCD FILE NVT.dcd AT STEP 10780
WRITING COORDINATES TO DCD FILE NVT.dcd AT STEP 10790
WRITING COORDINATES TO DCD FILE NVT.dcd AT STEP 10800
WRITING COORDINATES TO DCD FILE NVT.dcd AT STEP 10810
WRITING COORDINATES TO DCD FILE NVT.dcd AT STEP 10820
WRITING COORDINATES TO DCD FILE NVT.dcd AT STEP 10830
WRITING COORDINATES TO DCD FILE NVT.dcd AT STEP 10840
WRITING COORDINATES TO DCD FILE NVT.dcd AT STEP 10850
WRITING COORDINATES TO DCD FILE NVT.dcd AT STEP 10860
WRITING COORDINATES TO DCD FILE NVT.dcd AT STEP 10870
WRITING COORDINATES TO DCD FILE NVT.dcd AT STEP 10880
WRITING COORDINATES TO DCD FILE NVT.dcd AT STEP 10890
WRITING COORDINATES TO DCD FILE NVT.dcd AT STEP 10900
WRITING COORDINATES TO DCD FILE NVT.dcd AT STEP 10910
WRITING COORDINATES TO DCD FILE NVT.dcd AT STEP 10920
WRITING COORDINATES TO DCD FILE NVT.dcd AT STEP 10930
WRITING COORDINATES TO DCD FILE NVT.dcd AT STEP 10940
WRITING COORDINATES TO DCD FILE NVT.dcd AT STEP 10950
WRITING COORDINATES TO DCD FILE NVT.dcd AT STEP 10960
WRITING COORDINATES TO DCD FILE NVT.dcd AT STEP 10970
WRITING COORDINATES TO DCD FILE NVT.dcd AT STEP 10980
WRITING COORDINATES TO DCD FILE NVT.dcd AT STEP 10990
PRESSURE: 11000 -727.712 -366.975 82.067 -366.975 37.8605 368.822 82.067 368.822 -276.915
GPRESSURE: 11000 -825.098 -296.635 88.6993 -252.042 113.005 252.283 2.4664 314.998 -194.209
PRESSAVG: 11000 -29.061 16.022 15.8435 16.022 10.4179 -42.0309 15.8435 -42.0309 -0.955335
GPRESSAVG: 11000 -28.9389 16.6664 15.9878 16.4103 10.2382 -42.6114 15.9755 -42.0246 -0.736406
ENERGY:   11000      1521.7176      9106.1804      5731.4107        70.6521         -60740.5109     -1300.8335         0.0000         0.0000     18716.5345         -26894.8490       302.0812    -45611.3835    -26743.9426       300.0497           -322.2554      -302.1005    266765.5277        -6.5328        -6.4791

WRITING COORDINATES TO DCD FILE NVT.dcd AT STEP 11000
WRITING COORDINATES TO DCD FILE NVT.dcd AT STEP 11010
WRITING COORDINATES TO DCD FILE NVT.dcd AT STEP 11020
WRITING COORDINATES TO DCD FILE NVT.dcd AT STEP 11030
WRITING COORDINATES TO DCD FILE NVT.dcd AT STEP 11040
WRITING COORDINATES TO DCD FILE NVT.dcd AT STEP 11050
WRITING COORDINATES TO DCD FILE NVT.dcd AT STEP 11060
WRITING COORDINATES TO DCD FILE NVT.dcd AT STEP 11070
WRITING COORDINATES TO DCD FILE NVT.dcd AT STEP 11080
WRITING COORDINATES TO DCD FILE NVT.dcd AT STEP 11090
WRITING COORDINATES TO DCD FILE NVT.dcd AT STEP 11100
WRITING COORDINATES TO DCD FILE NVT.dcd AT STEP 11110
WRITING COORDINATES TO DCD FILE NVT.dcd AT STEP 11120
WRITING COORDINATES TO DCD FILE NVT.dcd AT STEP 11130
WRITING COORDINATES TO DCD FILE NVT.dcd AT STEP 11140
WRITING COORDINATES TO DCD FILE NVT.dcd AT STEP 11150
WRITING COORDINATES TO DCD FILE NVT.dcd AT STEP 11160
WRITING COORDINATES TO DCD FILE NVT.dcd AT STEP 11170
WRITING COORDINATES TO DCD FILE NVT.dcd AT STEP 11180
WRITING COORDINATES TO DCD FILE NVT.dcd AT STEP 11190
WRITING COORDINATES TO DCD FILE NVT.dcd AT STEP 11200
WRITING COORDINATES TO DCD FILE NVT.dcd AT STEP 11210
WRITING COORDINATES TO DCD FILE NVT.dcd AT STEP 11220
WRITING COORDINATES TO DCD FILE NVT.dcd AT STEP 11230
WRITING COORDINATES TO DCD FILE NVT.dcd AT STEP 11240
WRITING COORDINATES TO DCD FILE NVT.dcd AT STEP 11250
WRITING COORDINATES TO DCD FILE NVT.dcd AT STEP 11260
WRITING COORDINATES TO DCD FILE NVT.dcd AT STEP 11270
WRITING COORDINATES TO DCD FILE NVT.dcd AT STEP 11280
WRITING COORDINATES TO DCD FILE NVT.dcd AT STEP 11290
WRITING COORDINATES TO DCD FILE NVT.dcd AT STEP 11300
WRITING COORDINATES TO DCD FILE NVT.dcd AT STEP 11310
WRITING COORDINATES TO DCD FILE NVT.dcd AT STEP 11320
WRITING COORDINATES TO DCD FILE NVT.dcd AT STEP 11330
WRITING COORDINATES TO DCD FILE NVT.dcd AT STEP 11340
WRITING COORDINATES TO DCD FILE NVT.dcd AT STEP 11350
WRITING COORDINATES TO DCD FILE NVT.dcd AT STEP 11360
WRITING COORDINATES TO DCD FILE NVT.dcd AT STEP 11370
WRITING COORDINATES TO DCD FILE NVT.dcd AT STEP 11380
WRITING COORDINATES TO DCD FILE NVT.dcd AT STEP 11390
WRITING COORDINATES TO DCD FILE NVT.dcd AT STEP 11400
WRITING COORDINATES TO DCD FILE NVT.dcd AT STEP 11410
WRITING COORDINATES TO DCD FILE NVT.dcd AT STEP 11420
WRITING COORDINATES TO DCD FILE NVT.dcd AT STEP 11430
WRITING COORDINATES TO DCD FILE NVT.dcd AT STEP 11440
WRITING COORDINATES TO DCD FILE NVT.dcd AT STEP 11450
WRITING COORDINATES TO DCD FILE NVT.dcd AT STEP 11460
WRITING COORDINATES TO DCD FILE NVT.dcd AT STEP 11470
WRITING COORDINATES TO DCD FILE NVT.dcd AT STEP 11480
WRITING COORDINATES TO DCD FILE NVT.dcd AT STEP 11490
WRITING COORDINATES TO DCD FILE NVT.dcd AT STEP 11500
WRITING COORDINATES TO DCD FILE NVT.dcd AT STEP 11510
WRITING COORDINATES TO DCD FILE NVT.dcd AT STEP 11520
WRITING COORDINATES TO DCD FILE NVT.dcd AT STEP 11530
WRITING COORDINATES TO DCD FILE NVT.dcd AT STEP 11540
WRITING COORDINATES TO DCD FILE NVT.dcd AT STEP 11550
WRITING COORDINATES TO DCD FILE NVT.dcd AT STEP 11560
WRITING COORDINATES TO DCD FILE NVT.dcd AT STEP 11570
WRITING COORDINATES TO DCD FILE NVT.dcd AT STEP 11580
WRITING COORDINATES TO DCD FILE NVT.dcd AT STEP 11590
WRITING COORDINATES TO DCD FILE NVT.dcd AT STEP 11600
WRITING COORDINATES TO DCD FILE NVT.dcd AT STEP 11610
WRITING COORDINATES TO DCD FILE NVT.dcd AT STEP 11620
WRITING COORDINATES TO DCD FILE NVT.dcd AT STEP 11630
WRITING COORDINATES TO DCD FILE NVT.dcd AT STEP 11640
WRITING COORDINATES TO DCD FILE NVT.dcd AT STEP 11650
WRITING COORDINATES TO DCD FILE NVT.dcd AT STEP 11660
WRITING COORDINATES TO DCD FILE NVT.dcd AT STEP 11670
WRITING COORDINATES TO DCD FILE NVT.dcd AT STEP 11680
WRITING COORDINATES TO DCD FILE NVT.dcd AT STEP 11690
WRITING COORDINATES TO DCD FILE NVT.dcd AT STEP 11700
WRITING COORDINATES TO DCD FILE NVT.dcd AT STEP 11710
WRITING COORDINATES TO DCD FILE NVT.dcd AT STEP 11720
WRITING COORDINATES TO DCD FILE NVT.dcd AT STEP 11730
WRITING COORDINATES TO DCD FILE NVT.dcd AT STEP 11740
WRITING COORDINATES TO DCD FILE NVT.dcd AT STEP 11750
WRITING COORDINATES TO DCD FILE NVT.dcd AT STEP 11760
WRITING COORDINATES TO DCD FILE NVT.dcd AT STEP 11770
WRITING COORDINATES TO DCD FILE NVT.dcd AT STEP 11780
WRITING COORDINATES TO DCD FILE NVT.dcd AT STEP 11790
WRITING COORDINATES TO DCD FILE NVT.dcd AT STEP 11800
WRITING COORDINATES TO DCD FILE NVT.dcd AT STEP 11810
WRITING COORDINATES TO DCD FILE NVT.dcd AT STEP 11820
WRITING COORDINATES TO DCD FILE NVT.dcd AT STEP 11830
WRITING COORDINATES TO DCD FILE NVT.dcd AT STEP 11840
WRITING COORDINATES TO DCD FILE NVT.dcd AT STEP 11850
WRITING COORDINATES TO DCD FILE NVT.dcd AT STEP 11860
WRITING COORDINATES TO DCD FILE NVT.dcd AT STEP 11870
WRITING COORDINATES TO DCD FILE NVT.dcd AT STEP 11880
WRITING COORDINATES TO DCD FILE NVT.dcd AT STEP 11890
WRITING COORDINATES TO DCD FILE NVT.dcd AT STEP 11900
WRITING COORDINATES TO DCD FILE NVT.dcd AT STEP 11910
WRITING COORDINATES TO DCD FILE NVT.dcd AT STEP 11920
WRITING COORDINATES TO DCD FILE NVT.dcd AT STEP 11930
WRITING COORDINATES TO DCD FILE NVT.dcd AT STEP 11940
WRITING COORDINATES TO DCD FILE NVT.dcd AT STEP 11950
WRITING COORDINATES TO DCD FILE NVT.dcd AT STEP 11960
WRITING COORDINATES TO DCD FILE NVT.dcd AT STEP 11970
WRITING COORDINATES TO DCD FILE NVT.dcd AT STEP 11980
WRITING COORDINATES TO DCD FILE NVT.dcd AT STEP 11990
PRESSURE: 12000 -233.379 145.241 124.275 145.241 -395.982 -185.814 124.275 -185.814 600.79
GPRESSURE: 12000 -130.513 80.6366 43.0501 214.525 -258.881 -216.949 -32.8716 -226.773 387.24
PRESSAVG: 12000 -95.7605 40.9886 57.8756 40.9886 -83.297 17.2272 57.8756 17.2272 5.05475
GPRESSAVG: 12000 -96.0632 40.0631 58.762 41.4837 -82.9396 17.0553 57.334 18.3107 5.14211
ENERGY:   12000      1586.2067      9107.8577      5738.8155        70.9522         -60702.3198     -1408.4765         0.0000         0.0000     18716.1962         -26890.7681       302.0757    -45606.9643    -26740.2076       300.5563             -9.5236        -0.7179    266765.5277       -58.0009       -57.9536

WRITING COORDINATES TO DCD FILE NVT.dcd AT STEP 12000
WRITING COORDINATES TO DCD FILE NVT.dcd AT STEP 12010
WRITING COORDINATES TO DCD FILE NVT.dcd AT STEP 12020
WRITING COORDINATES TO DCD FILE NVT.dcd AT STEP 12030
WRITING COORDINATES TO DCD FILE NVT.dcd AT STEP 12040
WRITING COORDINATES TO DCD FILE NVT.dcd AT STEP 12050
WRITING COORDINATES TO DCD FILE NVT.dcd AT STEP 12060
WRITING COORDINATES TO DCD FILE NVT.dcd AT STEP 12070
WRITING COORDINATES TO DCD FILE NVT.dcd AT STEP 12080
WRITING COORDINATES TO DCD FILE NVT.dcd AT STEP 12090
WRITING COORDINATES TO DCD FILE NVT.dcd AT STEP 12100
WRITING COORDINATES TO DCD FILE NVT.dcd AT STEP 12110
WRITING COORDINATES TO DCD FILE NVT.dcd AT STEP 12120
WRITING COORDINATES TO DCD FILE NVT.dcd AT STEP 12130
WRITING COORDINATES TO DCD FILE NVT.dcd AT STEP 12140
LDB: ============= START OF LOAD BALANCING ============== 2037.46
LDB: ============== END OF LOAD BALANCING =============== 2037.46
LDB: =============== DONE WITH MIGRATION ================ 2037.46
WRITING COORDINATES TO DCD FILE NVT.dcd AT STEP 12150
WRITING COORDINATES TO DCD FILE NVT.dcd AT STEP 12160
WRITING COORDINATES TO DCD FILE NVT.dcd AT STEP 12170
WRITING COORDINATES TO DCD FILE NVT.dcd AT STEP 12180
WRITING COORDINATES TO DCD FILE NVT.dcd AT STEP 12190
LDB: ============= START OF LOAD BALANCING ============== 2045.76
LDB: ============== END OF LOAD BALANCING =============== 2045.76
LDB: =============== DONE WITH MIGRATION ================ 2045.76
WRITING COORDINATES TO DCD FILE NVT.dcd AT STEP 12200
WRITING COORDINATES TO DCD FILE NVT.dcd AT STEP 12210
WRITING COORDINATES TO DCD FILE NVT.dcd AT STEP 12220
WRITING COORDINATES TO DCD FILE NVT.dcd AT STEP 12230
WRITING COORDINATES TO DCD FILE NVT.dcd AT STEP 12240
WRITING COORDINATES TO DCD FILE NVT.dcd AT STEP 12250
WRITING COORDINATES TO DCD FILE NVT.dcd AT STEP 12260
WRITING COORDINATES TO DCD FILE NVT.dcd AT STEP 12270
WRITING COORDINATES TO DCD FILE NVT.dcd AT STEP 12280
WRITING COORDINATES TO DCD FILE NVT.dcd AT STEP 12290
WRITING COORDINATES TO DCD FILE NVT.dcd AT STEP 12300
WRITING COORDINATES TO DCD FILE NVT.dcd AT STEP 12310
WRITING COORDINATES TO DCD FILE NVT.dcd AT STEP 12320
WRITING COORDINATES TO DCD FILE NVT.dcd AT STEP 12330
WRITING COORDINATES TO DCD FILE NVT.dcd AT STEP 12340
WRITING COORDINATES TO DCD FILE NVT.dcd AT STEP 12350
WRITING COORDINATES TO DCD FILE NVT.dcd AT STEP 12360
WRITING COORDINATES TO DCD FILE NVT.dcd AT STEP 12370
WRITING COORDINATES TO DCD FILE NVT.dcd AT STEP 12380
WRITING COORDINATES TO DCD FILE NVT.dcd AT STEP 12390
WRITING COORDINATES TO DCD FILE NVT.dcd AT STEP 12400
WRITING COORDINATES TO DCD FILE NVT.dcd AT STEP 12410
WRITING COORDINATES TO DCD FILE NVT.dcd AT STEP 12420
WRITING COORDINATES TO DCD FILE NVT.dcd AT STEP 12430
WRITING COORDINATES TO DCD FILE NVT.dcd AT STEP 12440
WRITING COORDINATES TO DCD FILE NVT.dcd AT STEP 12450
WRITING COORDINATES TO DCD FILE NVT.dcd AT STEP 12460
WRITING COORDINATES TO DCD FILE NVT.dcd AT STEP 12470
WRITING COORDINATES TO DCD FILE NVT.dcd AT STEP 12480
WRITING COORDINATES TO DCD FILE NVT.dcd AT STEP 12490
WRITING COORDINATES TO DCD FILE NVT.dcd AT STEP 12500
WRITING COORDINATES TO DCD FILE NVT.dcd AT STEP 12510
WRITING COORDINATES TO DCD FILE NVT.dcd AT STEP 12520
WRITING COORDINATES TO DCD FILE NVT.dcd AT STEP 12530
WRITING COORDINATES TO DCD FILE NVT.dcd AT STEP 12540
WRITING COORDINATES TO DCD FILE NVT.dcd AT STEP 12550
WRITING COORDINATES TO DCD FILE NVT.dcd AT STEP 12560
WRITING COORDINATES TO DCD FILE NVT.dcd AT STEP 12570
WRITING COORDINATES TO DCD FILE NVT.dcd AT STEP 12580
WRITING COORDINATES TO DCD FILE NVT.dcd AT STEP 12590
WRITING COORDINATES TO DCD FILE NVT.dcd AT STEP 12600
WRITING COORDINATES TO DCD FILE NVT.dcd AT STEP 12610
WRITING COORDINATES TO DCD FILE NVT.dcd AT STEP 12620
WRITING COORDINATES TO DCD FILE NVT.dcd AT STEP 12630
WRITING COORDINATES TO DCD FILE NVT.dcd AT STEP 12640
WRITING COORDINATES TO DCD FILE NVT.dcd AT STEP 12650
WRITING COORDINATES TO DCD FILE NVT.dcd AT STEP 12660
WRITING COORDINATES TO DCD FILE NVT.dcd AT STEP 12670
WRITING COORDINATES TO DCD FILE NVT.dcd AT STEP 12680
WRITING COORDINATES TO DCD FILE NVT.dcd AT STEP 12690
WRITING COORDINATES TO DCD FILE NVT.dcd AT STEP 12700
WRITING COORDINATES TO DCD FILE NVT.dcd AT STEP 12710
WRITING COORDINATES TO DCD FILE NVT.dcd AT STEP 12720
WRITING COORDINATES TO DCD FILE NVT.dcd AT STEP 12730
WRITING COORDINATES TO DCD FILE NVT.dcd AT STEP 12740
WRITING COORDINATES TO DCD FILE NVT.dcd AT STEP 12750
WRITING COORDINATES TO DCD FILE NVT.dcd AT STEP 12760
WRITING COORDINATES TO DCD FILE NVT.dcd AT STEP 12770
WRITING COORDINATES TO DCD FILE NVT.dcd AT STEP 12780
WRITING COORDINATES TO DCD FILE NVT.dcd AT STEP 12790
WRITING COORDINATES TO DCD FILE NVT.dcd AT STEP 12800
WRITING COORDINATES TO DCD FILE NVT.dcd AT STEP 12810
WRITING COORDINATES TO DCD FILE NVT.dcd AT STEP 12820
WRITING COORDINATES TO DCD FILE NVT.dcd AT STEP 12830
WRITING COORDINATES TO DCD FILE NVT.dcd AT STEP 12840
WRITING COORDINATES TO DCD FILE NVT.dcd AT STEP 12850
WRITING COORDINATES TO DCD FILE NVT.dcd AT STEP 12860
WRITING COORDINATES TO DCD FILE NVT.dcd AT STEP 12870
WRITING COORDINATES TO DCD FILE NVT.dcd AT STEP 12880
WRITING COORDINATES TO DCD FILE NVT.dcd AT STEP 12890
WRITING COORDINATES TO DCD FILE NVT.dcd AT STEP 12900
WRITING COORDINATES TO DCD FILE NVT.dcd AT STEP 12910
WRITING COORDINATES TO DCD FILE NVT.dcd AT STEP 12920
WRITING COORDINATES TO DCD FILE NVT.dcd AT STEP 12930
WRITING COORDINATES TO DCD FILE NVT.dcd AT STEP 12940
WRITING COORDINATES TO DCD FILE NVT.dcd AT STEP 12950
WRITING COORDINATES TO DCD FILE NVT.dcd AT STEP 12960
WRITING COORDINATES TO DCD FILE NVT.dcd AT STEP 12970
WRITING COORDINATES TO DCD FILE NVT.dcd AT STEP 12980
WRITING COORDINATES TO DCD FILE NVT.dcd AT STEP 12990
PRESSURE: 13000 140.314 330.111 -7.63377 330.111 118.106 -132.481 -7.63377 -132.481 300.037
GPRESSURE: 13000 77.8914 157.536 126.745 436.762 85.8119 -40.8859 -44.6646 -193.183 407.416
PRESSAVG: 13000 -47.9096 58.3257 15.7906 58.3257 -88.5004 4.03097 15.7906 4.03097 30.042
GPRESSAVG: 13000 -48.0265 58.2198 15.566 58.3915 -88.5388 4.04245 16.2282 3.53298 29.8577
ENERGY:   13000      1600.4094      9285.6741      5702.5085        63.5635         -60980.6739     -1169.0778         0.0000         0.0000     18486.8887         -27010.7075       298.3747    -45497.5962    -26861.6346       299.6778            186.1521       190.3732    266765.5277       -35.4560       -35.5692

WRITING COORDINATES TO DCD FILE NVT.dcd AT STEP 13000
WRITING COORDINATES TO DCD FILE NVT.dcd AT STEP 13010
WRITING COORDINATES TO DCD FILE NVT.dcd AT STEP 13020
WRITING COORDINATES TO DCD FILE NVT.dcd AT STEP 13030
WRITING COORDINATES TO DCD FILE NVT.dcd AT STEP 13040
WRITING COORDINATES TO DCD FILE NVT.dcd AT STEP 13050
WRITING COORDINATES TO DCD FILE NVT.dcd AT STEP 13060
WRITING COORDINATES TO DCD FILE NVT.dcd AT STEP 13070
WRITING COORDINATES TO DCD FILE NVT.dcd AT STEP 13080
WRITING COORDINATES TO DCD FILE NVT.dcd AT STEP 13090
WRITING COORDINATES TO DCD FILE NVT.dcd AT STEP 13100
WRITING COORDINATES TO DCD FILE NVT.dcd AT STEP 13110
WRITING COORDINATES TO DCD FILE NVT.dcd AT STEP 13120
WRITING COORDINATES TO DCD FILE NVT.dcd AT STEP 13130
WRITING COORDINATES TO DCD FILE NVT.dcd AT STEP 13140
WRITING COORDINATES TO DCD FILE NVT.dcd AT STEP 13150
WRITING COORDINATES TO DCD FILE NVT.dcd AT STEP 13160
WRITING COORDINATES TO DCD FILE NVT.dcd AT STEP 13170
WRITING COORDINATES TO DCD FILE NVT.dcd AT STEP 13180
WRITING COORDINATES TO DCD FILE NVT.dcd AT STEP 13190
WRITING COORDINATES TO DCD FILE NVT.dcd AT STEP 13200
WRITING COORDINATES TO DCD FILE NVT.dcd AT STEP 13210
WRITING COORDINATES TO DCD FILE NVT.dcd AT STEP 13220
WRITING COORDINATES TO DCD FILE NVT.dcd AT STEP 13230
WRITING COORDINATES TO DCD FILE NVT.dcd AT STEP 13240
WRITING COORDINATES TO DCD FILE NVT.dcd AT STEP 13250
WRITING COORDINATES TO DCD FILE NVT.dcd AT STEP 13260
WRITING COORDINATES TO DCD FILE NVT.dcd AT STEP 13270
WRITING COORDINATES TO DCD FILE NVT.dcd AT STEP 13280
WRITING COORDINATES TO DCD FILE NVT.dcd AT STEP 13290
WRITING COORDINATES TO DCD FILE NVT.dcd AT STEP 13300
WRITING COORDINATES TO DCD FILE NVT.dcd AT STEP 13310
WRITING COORDINATES TO DCD FILE NVT.dcd AT STEP 13320
WRITING COORDINATES TO DCD FILE NVT.dcd AT STEP 13330
WRITING COORDINATES TO DCD FILE NVT.dcd AT STEP 13340
WRITING COORDINATES TO DCD FILE NVT.dcd AT STEP 13350
WRITING COORDINATES TO DCD FILE NVT.dcd AT STEP 13360
WRITING COORDINATES TO DCD FILE NVT.dcd AT STEP 13370
WRITING COORDINATES TO DCD FILE NVT.dcd AT STEP 13380
WRITING COORDINATES TO DCD FILE NVT.dcd AT STEP 13390
WRITING COORDINATES TO DCD FILE NVT.dcd AT STEP 13400
WRITING COORDINATES TO DCD FILE NVT.dcd AT STEP 13410
WRITING COORDINATES TO DCD FILE NVT.dcd AT STEP 13420
WRITING COORDINATES TO DCD FILE NVT.dcd AT STEP 13430
WRITING COORDINATES TO DCD FILE NVT.dcd AT STEP 13440
WRITING COORDINATES TO DCD FILE NVT.dcd AT STEP 13450
WRITING COORDINATES TO DCD FILE NVT.dcd AT STEP 13460
WRITING COORDINATES TO DCD FILE NVT.dcd AT STEP 13470
WRITING COORDINATES TO DCD FILE NVT.dcd AT STEP 13480
WRITING COORDINATES TO DCD FILE NVT.dcd AT STEP 13490
WRITING COORDINATES TO DCD FILE NVT.dcd AT STEP 13500
WRITING COORDINATES TO DCD FILE NVT.dcd AT STEP 13510
WRITING COORDINATES TO DCD FILE NVT.dcd AT STEP 13520
WRITING COORDINATES TO DCD FILE NVT.dcd AT STEP 13530
WRITING COORDINATES TO DCD FILE NVT.dcd AT STEP 13540
WRITING COORDINATES TO DCD FILE NVT.dcd AT STEP 13550
WRITING COORDINATES TO DCD FILE NVT.dcd AT STEP 13560
WRITING COORDINATES TO DCD FILE NVT.dcd AT STEP 13570
WRITING COORDINATES TO DCD FILE NVT.dcd AT STEP 13580
WRITING COORDINATES TO DCD FILE NVT.dcd AT STEP 13590
WRITING COORDINATES TO DCD FILE NVT.dcd AT STEP 13600
WRITING COORDINATES TO DCD FILE NVT.dcd AT STEP 13610
WRITING COORDINATES TO DCD FILE NVT.dcd AT STEP 13620
WRITING COORDINATES TO DCD FILE NVT.dcd AT STEP 13630
WRITING COORDINATES TO DCD FILE NVT.dcd AT STEP 13640
WRITING COORDINATES TO DCD FILE NVT.dcd AT STEP 13650
WRITING COORDINATES TO DCD FILE NVT.dcd AT STEP 13660
WRITING COORDINATES TO DCD FILE NVT.dcd AT STEP 13670
WRITING COORDINATES TO DCD FILE NVT.dcd AT STEP 13680
WRITING COORDINATES TO DCD FILE NVT.dcd AT STEP 13690
WRITING COORDINATES TO DCD FILE NVT.dcd AT STEP 13700
WRITING COORDINATES TO DCD FILE NVT.dcd AT STEP 13710
WRITING COORDINATES TO DCD FILE NVT.dcd AT STEP 13720
WRITING COORDINATES TO DCD FILE NVT.dcd AT STEP 13730
WRITING COORDINATES TO DCD FILE NVT.dcd AT STEP 13740
WRITING COORDINATES TO DCD FILE NVT.dcd AT STEP 13750
WRITING COORDINATES TO DCD FILE NVT.dcd AT STEP 13760
WRITING COORDINATES TO DCD FILE NVT.dcd AT STEP 13770
WRITING COORDINATES TO DCD FILE NVT.dcd AT STEP 13780
WRITING COORDINATES TO DCD FILE NVT.dcd AT STEP 13790
WRITING COORDINATES TO DCD FILE NVT.dcd AT STEP 13800
WRITING COORDINATES TO DCD FILE NVT.dcd AT STEP 13810
WRITING COORDINATES TO DCD FILE NVT.dcd AT STEP 13820
WRITING COORDINATES TO DCD FILE NVT.dcd AT STEP 13830
WRITING COORDINATES TO DCD FILE NVT.dcd AT STEP 13840
WRITING COORDINATES TO DCD FILE NVT.dcd AT STEP 13850
WRITING COORDINATES TO DCD FILE NVT.dcd AT STEP 13860
WRITING COORDINATES TO DCD FILE NVT.dcd AT STEP 13870
WRITING COORDINATES TO DCD FILE NVT.dcd AT STEP 13880
WRITING COORDINATES TO DCD FILE NVT.dcd AT STEP 13890
WRITING COORDINATES TO DCD FILE NVT.dcd AT STEP 13900
WRITING COORDINATES TO DCD FILE NVT.dcd AT STEP 13910
WRITING COORDINATES TO DCD FILE NVT.dcd AT STEP 13920
WRITING COORDINATES TO DCD FILE NVT.dcd AT STEP 13930
WRITING COORDINATES TO DCD FILE NVT.dcd AT STEP 13940
WRITING COORDINATES TO DCD FILE NVT.dcd AT STEP 13950
WRITING COORDINATES TO DCD FILE NVT.dcd AT STEP 13960
WRITING COORDINATES TO DCD FILE NVT.dcd AT STEP 13970
WRITING COORDINATES TO DCD FILE NVT.dcd AT STEP 13980
WRITING COORDINATES TO DCD FILE NVT.dcd AT STEP 13990
PRESSURE: 14000 223.959 208.404 -196.898 208.404 -41.5547 353.071 -196.898 353.071 96.1007
GPRESSURE: 14000 129.875 36.8288 -61.1437 348.359 86.9854 362.294 -49.8623 255.446 110.181
PRESSAVG: 14000 102.936 -12.0927 42.5363 -12.0927 4.41914 50.9453 42.5363 50.9453 18.8368
GPRESSAVG: 14000 102.896 -11.8189 42.5537 -12.7807 4.15028 51.2235 42.6332 50.8856 18.7864
ENERGY:   14000      1562.1109      9233.0132      5718.8680        86.7306         -61173.0777      -985.2625         0.0000         0.0000     18466.2203         -27091.3971       298.0411    -45557.6174    -26942.5353       299.4339             92.8351       109.0140    266765.5277        42.0641        41.9442

WRITING COORDINATES TO DCD FILE NVT.dcd AT STEP 14000
WRITING COORDINATES TO DCD FILE NVT.dcd AT STEP 14010
WRITING COORDINATES TO DCD FILE NVT.dcd AT STEP 14020
WRITING COORDINATES TO DCD FILE NVT.dcd AT STEP 14030
WRITING COORDINATES TO DCD FILE NVT.dcd AT STEP 14040
WRITING COORDINATES TO DCD FILE NVT.dcd AT STEP 14050
WRITING COORDINATES TO DCD FILE NVT.dcd AT STEP 14060
WRITING COORDINATES TO DCD FILE NVT.dcd AT STEP 14070
WRITING COORDINATES TO DCD FILE NVT.dcd AT STEP 14080
WRITING COORDINATES TO DCD FILE NVT.dcd AT STEP 14090
WRITING COORDINATES TO DCD FILE NVT.dcd AT STEP 14100
WRITING COORDINATES TO DCD FILE NVT.dcd AT STEP 14110
WRITING COORDINATES TO DCD FILE NVT.dcd AT STEP 14120
WRITING COORDINATES TO DCD FILE NVT.dcd AT STEP 14130
WRITING COORDINATES TO DCD FILE NVT.dcd AT STEP 14140
LDB: ============= START OF LOAD BALANCING ============== 2369.54
LDB: ============== END OF LOAD BALANCING =============== 2369.54
LDB: =============== DONE WITH MIGRATION ================ 2369.54
WRITING COORDINATES TO DCD FILE NVT.dcd AT STEP 14150
WRITING COORDINATES TO DCD FILE NVT.dcd AT STEP 14160
WRITING COORDINATES TO DCD FILE NVT.dcd AT STEP 14170
WRITING COORDINATES TO DCD FILE NVT.dcd AT STEP 14180
WRITING COORDINATES TO DCD FILE NVT.dcd AT STEP 14190
LDB: ============= START OF LOAD BALANCING ============== 2377.85
LDB: ============== END OF LOAD BALANCING =============== 2377.85
LDB: =============== DONE WITH MIGRATION ================ 2377.85
WRITING COORDINATES TO DCD FILE NVT.dcd AT STEP 14200
WRITING COORDINATES TO DCD FILE NVT.dcd AT STEP 14210
WRITING COORDINATES TO DCD FILE NVT.dcd AT STEP 14220
WRITING COORDINATES TO DCD FILE NVT.dcd AT STEP 14230
WRITING COORDINATES TO DCD FILE NVT.dcd AT STEP 14240
WRITING COORDINATES TO DCD FILE NVT.dcd AT STEP 14250
WRITING COORDINATES TO DCD FILE NVT.dcd AT STEP 14260
WRITING COORDINATES TO DCD FILE NVT.dcd AT STEP 14270
WRITING COORDINATES TO DCD FILE NVT.dcd AT STEP 14280
WRITING COORDINATES TO DCD FILE NVT.dcd AT STEP 14290
WRITING COORDINATES TO DCD FILE NVT.dcd AT STEP 14300
WRITING COORDINATES TO DCD FILE NVT.dcd AT STEP 14310
WRITING COORDINATES TO DCD FILE NVT.dcd AT STEP 14320
WRITING COORDINATES TO DCD FILE NVT.dcd AT STEP 14330
WRITING COORDINATES TO DCD FILE NVT.dcd AT STEP 14340
WRITING COORDINATES TO DCD FILE NVT.dcd AT STEP 14350
WRITING COORDINATES TO DCD FILE NVT.dcd AT STEP 14360
WRITING COORDINATES TO DCD FILE NVT.dcd AT STEP 14370
WRITING COORDINATES TO DCD FILE NVT.dcd AT STEP 14380
WRITING COORDINATES TO DCD FILE NVT.dcd AT STEP 14390
WRITING COORDINATES TO DCD FILE NVT.dcd AT STEP 14400
WRITING COORDINATES TO DCD FILE NVT.dcd AT STEP 14410
WRITING COORDINATES TO DCD FILE NVT.dcd AT STEP 14420
WRITING COORDINATES TO DCD FILE NVT.dcd AT STEP 14430
WRITING COORDINATES TO DCD FILE NVT.dcd AT STEP 14440
WRITING COORDINATES TO DCD FILE NVT.dcd AT STEP 14450
WRITING COORDINATES TO DCD FILE NVT.dcd AT STEP 14460
WRITING COORDINATES TO DCD FILE NVT.dcd AT STEP 14470
WRITING COORDINATES TO DCD FILE NVT.dcd AT STEP 14480
WRITING COORDINATES TO DCD FILE NVT.dcd AT STEP 14490
WRITING COORDINATES TO DCD FILE NVT.dcd AT STEP 14500
WRITING COORDINATES TO DCD FILE NVT.dcd AT STEP 14510
WRITING COORDINATES TO DCD FILE NVT.dcd AT STEP 14520
WRITING COORDINATES TO DCD FILE NVT.dcd AT STEP 14530
WRITING COORDINATES TO DCD FILE NVT.dcd AT STEP 14540
WRITING COORDINATES TO DCD FILE NVT.dcd AT STEP 14550
WRITING COORDINATES TO DCD FILE NVT.dcd AT STEP 14560
WRITING COORDINATES TO DCD FILE NVT.dcd AT STEP 14570
WRITING COORDINATES TO DCD FILE NVT.dcd AT STEP 14580
WRITING COORDINATES TO DCD FILE NVT.dcd AT STEP 14590
WRITING COORDINATES TO DCD FILE NVT.dcd AT STEP 14600
WRITING COORDINATES TO DCD FILE NVT.dcd AT STEP 14610
WRITING COORDINATES TO DCD FILE NVT.dcd AT STEP 14620
WRITING COORDINATES TO DCD FILE NVT.dcd AT STEP 14630
WRITING COORDINATES TO DCD FILE NVT.dcd AT STEP 14640
WRITING COORDINATES TO DCD FILE NVT.dcd AT STEP 14650
WRITING COORDINATES TO DCD FILE NVT.dcd AT STEP 14660
WRITING COORDINATES TO DCD FILE NVT.dcd AT STEP 14670
WRITING COORDINATES TO DCD FILE NVT.dcd AT STEP 14680
WRITING COORDINATES TO DCD FILE NVT.dcd AT STEP 14690
WRITING COORDINATES TO DCD FILE NVT.dcd AT STEP 14700
WRITING COORDINATES TO DCD FILE NVT.dcd AT STEP 14710
WRITING COORDINATES TO DCD FILE NVT.dcd AT STEP 14720
WRITING COORDINATES TO DCD FILE NVT.dcd AT STEP 14730
WRITING COORDINATES TO DCD FILE NVT.dcd AT STEP 14740
WRITING COORDINATES TO DCD FILE NVT.dcd AT STEP 14750
WRITING COORDINATES TO DCD FILE NVT.dcd AT STEP 14760
WRITING COORDINATES TO DCD FILE NVT.dcd AT STEP 14770
WRITING COORDINATES TO DCD FILE NVT.dcd AT STEP 14780
WRITING COORDINATES TO DCD FILE NVT.dcd AT STEP 14790
WRITING COORDINATES TO DCD FILE NVT.dcd AT STEP 14800
WRITING COORDINATES TO DCD FILE NVT.dcd AT STEP 14810
WRITING COORDINATES TO DCD FILE NVT.dcd AT STEP 14820
WRITING COORDINATES TO DCD FILE NVT.dcd AT STEP 14830
WRITING COORDINATES TO DCD FILE NVT.dcd AT STEP 14840
WRITING COORDINATES TO DCD FILE NVT.dcd AT STEP 14850
WRITING COORDINATES TO DCD FILE NVT.dcd AT STEP 14860
WRITING COORDINATES TO DCD FILE NVT.dcd AT STEP 14870
WRITING COORDINATES TO DCD FILE NVT.dcd AT STEP 14880
WRITING COORDINATES TO DCD FILE NVT.dcd AT STEP 14890
WRITING COORDINATES TO DCD FILE NVT.dcd AT STEP 14900
WRITING COORDINATES TO DCD FILE NVT.dcd AT STEP 14910
WRITING COORDINATES TO DCD FILE NVT.dcd AT STEP 14920
WRITING COORDINATES TO DCD FILE NVT.dcd AT STEP 14930
WRITING COORDINATES TO DCD FILE NVT.dcd AT STEP 14940
WRITING COORDINATES TO DCD FILE NVT.dcd AT STEP 14950
WRITING COORDINATES TO DCD FILE NVT.dcd AT STEP 14960
WRITING COORDINATES TO DCD FILE NVT.dcd AT STEP 14970
WRITING COORDINATES TO DCD FILE NVT.dcd AT STEP 14980
WRITING COORDINATES TO DCD FILE NVT.dcd AT STEP 14990
PRESSURE: 15000 -61.1844 215.821 -6.96542 215.821 -200.547 28.0269 -6.96542 28.0269 159.211
GPRESSURE: 15000 15.5368 236.416 -85.2014 282.472 -157.282 124.82 -38.962 46.4268 113.601
PRESSAVG: 15000 49.2118 13.0351 -73.7753 13.0351 8.87111 -24.5633 -73.7753 -24.5633 39.5337
GPRESSAVG: 15000 49.8832 13.6088 -73.7933 13.1598 8.43326 -24.655 -74.2751 -24.665 39.8351
ENERGY:   15000      1562.8351      9165.1025      5724.1121        72.7720         -61078.2814     -1126.9472         0.0000         0.0000     18543.3444         -27137.0626       299.2859    -45680.4070    -26983.6652       299.2701            -34.1735        -9.3816    266765.5277        32.5388        32.7172

WRITING EXTENDED SYSTEM TO RESTART FILE AT STEP 15000
WRITING COORDINATES TO DCD FILE NVT.dcd AT STEP 15000
WRITING COORDINATES TO RESTART FILE AT STEP 15000
FINISHED WRITING RESTART COORDINATES
WRITING VELOCITIES TO RESTART FILE AT STEP 15000
FINISHED WRITING RESTART VELOCITIES
The last velocity output (seq=15000) takes 0.000 seconds, 841.436 MB of memory in use
WRITING COORDINATES TO DCD FILE NVT.dcd AT STEP 15010
WRITING COORDINATES TO DCD FILE NVT.dcd AT STEP 15020
WRITING COORDINATES TO DCD FILE NVT.dcd AT STEP 15030
WRITING COORDINATES TO DCD FILE NVT.dcd AT STEP 15040
WRITING COORDINATES TO DCD FILE NVT.dcd AT STEP 15050
WRITING COORDINATES TO DCD FILE NVT.dcd AT STEP 15060
WRITING COORDINATES TO DCD FILE NVT.dcd AT STEP 15070
WRITING COORDINATES TO DCD FILE NVT.dcd AT STEP 15080
WRITING COORDINATES TO DCD FILE NVT.dcd AT STEP 15090
WRITING COORDINATES TO DCD FILE NVT.dcd AT STEP 15100
WRITING COORDINATES TO DCD FILE NVT.dcd AT STEP 15110
WRITING COORDINATES TO DCD FILE NVT.dcd AT STEP 15120
WRITING COORDINATES TO DCD FILE NVT.dcd AT STEP 15130
WRITING COORDINATES TO DCD FILE NVT.dcd AT STEP 15140
WRITING COORDINATES TO DCD FILE NVT.dcd AT STEP 15150
WRITING COORDINATES TO DCD FILE NVT.dcd AT STEP 15160
WRITING COORDINATES TO DCD FILE NVT.dcd AT STEP 15170
WRITING COORDINATES TO DCD FILE NVT.dcd AT STEP 15180
WRITING COORDINATES TO DCD FILE NVT.dcd AT STEP 15190
WRITING COORDINATES TO DCD FILE NVT.dcd AT STEP 15200
WRITING COORDINATES TO DCD FILE NVT.dcd AT STEP 15210
WRITING COORDINATES TO DCD FILE NVT.dcd AT STEP 15220
WRITING COORDINATES TO DCD FILE NVT.dcd AT STEP 15230
WRITING COORDINATES TO DCD FILE NVT.dcd AT STEP 15240
WRITING COORDINATES TO DCD FILE NVT.dcd AT STEP 15250
WRITING COORDINATES TO DCD FILE NVT.dcd AT STEP 15260
WRITING COORDINATES TO DCD FILE NVT.dcd AT STEP 15270
WRITING COORDINATES TO DCD FILE NVT.dcd AT STEP 15280
WRITING COORDINATES TO DCD FILE NVT.dcd AT STEP 15290
WRITING COORDINATES TO DCD FILE NVT.dcd AT STEP 15300
WRITING COORDINATES TO DCD FILE NVT.dcd AT STEP 15310
WRITING COORDINATES TO DCD FILE NVT.dcd AT STEP 15320
WRITING COORDINATES TO DCD FILE NVT.dcd AT STEP 15330
WRITING COORDINATES TO DCD FILE NVT.dcd AT STEP 15340
WRITING COORDINATES TO DCD FILE NVT.dcd AT STEP 15350
WRITING COORDINATES TO DCD FILE NVT.dcd AT STEP 15360
WRITING COORDINATES TO DCD FILE NVT.dcd AT STEP 15370
WRITING COORDINATES TO DCD FILE NVT.dcd AT STEP 15380
WRITING COORDINATES TO DCD FILE NVT.dcd AT STEP 15390
WRITING COORDINATES TO DCD FILE NVT.dcd AT STEP 15400
WRITING COORDINATES TO DCD FILE NVT.dcd AT STEP 15410
WRITING COORDINATES TO DCD FILE NVT.dcd AT STEP 15420
WRITING COORDINATES TO DCD FILE NVT.dcd AT STEP 15430
WRITING COORDINATES TO DCD FILE NVT.dcd AT STEP 15440
WRITING COORDINATES TO DCD FILE NVT.dcd AT STEP 15450
WRITING COORDINATES TO DCD FILE NVT.dcd AT STEP 15460
WRITING COORDINATES TO DCD FILE NVT.dcd AT STEP 15470
WRITING COORDINATES TO DCD FILE NVT.dcd AT STEP 15480
WRITING COORDINATES TO DCD FILE NVT.dcd AT STEP 15490
WRITING COORDINATES TO DCD FILE NVT.dcd AT STEP 15500
WRITING COORDINATES TO DCD FILE NVT.dcd AT STEP 15510
WRITING COORDINATES TO DCD FILE NVT.dcd AT STEP 15520
WRITING COORDINATES TO DCD FILE NVT.dcd AT STEP 15530
WRITING COORDINATES TO DCD FILE NVT.dcd AT STEP 15540
WRITING COORDINATES TO DCD FILE NVT.dcd AT STEP 15550
WRITING COORDINATES TO DCD FILE NVT.dcd AT STEP 15560
WRITING COORDINATES TO DCD FILE NVT.dcd AT STEP 15570
WRITING COORDINATES TO DCD FILE NVT.dcd AT STEP 15580
WRITING COORDINATES TO DCD FILE NVT.dcd AT STEP 15590
WRITING COORDINATES TO DCD FILE NVT.dcd AT STEP 15600
WRITING COORDINATES TO DCD FILE NVT.dcd AT STEP 15610
WRITING COORDINATES TO DCD FILE NVT.dcd AT STEP 15620
WRITING COORDINATES TO DCD FILE NVT.dcd AT STEP 15630
WRITING COORDINATES TO DCD FILE NVT.dcd AT STEP 15640
WRITING COORDINATES TO DCD FILE NVT.dcd AT STEP 15650
WRITING COORDINATES TO DCD FILE NVT.dcd AT STEP 15660
WRITING COORDINATES TO DCD FILE NVT.dcd AT STEP 15670
WRITING COORDINATES TO DCD FILE NVT.dcd AT STEP 15680
WRITING COORDINATES TO DCD FILE NVT.dcd AT STEP 15690
WRITING COORDINATES TO DCD FILE NVT.dcd AT STEP 15700
WRITING COORDINATES TO DCD FILE NVT.dcd AT STEP 15710
WRITING COORDINATES TO DCD FILE NVT.dcd AT STEP 15720
WRITING COORDINATES TO DCD FILE NVT.dcd AT STEP 15730
WRITING COORDINATES TO DCD FILE NVT.dcd AT STEP 15740
WRITING COORDINATES TO DCD FILE NVT.dcd AT STEP 15750
WRITING COORDINATES TO DCD FILE NVT.dcd AT STEP 15760
WRITING COORDINATES TO DCD FILE NVT.dcd AT STEP 15770
WRITING COORDINATES TO DCD FILE NVT.dcd AT STEP 15780
WRITING COORDINATES TO DCD FILE NVT.dcd AT STEP 15790
WRITING COORDINATES TO DCD FILE NVT.dcd AT STEP 15800
WRITING COORDINATES TO DCD FILE NVT.dcd AT STEP 15810
WRITING COORDINATES TO DCD FILE NVT.dcd AT STEP 15820
WRITING COORDINATES TO DCD FILE NVT.dcd AT STEP 15830
WRITING COORDINATES TO DCD FILE NVT.dcd AT STEP 15840
WRITING COORDINATES TO DCD FILE NVT.dcd AT STEP 15850
WRITING COORDINATES TO DCD FILE NVT.dcd AT STEP 15860
WRITING COORDINATES TO DCD FILE NVT.dcd AT STEP 15870
WRITING COORDINATES TO DCD FILE NVT.dcd AT STEP 15880
WRITING COORDINATES TO DCD FILE NVT.dcd AT STEP 15890
WRITING COORDINATES TO DCD FILE NVT.dcd AT STEP 15900
WRITING COORDINATES TO DCD FILE NVT.dcd AT STEP 15910
WRITING COORDINATES TO DCD FILE NVT.dcd AT STEP 15920
WRITING COORDINATES TO DCD FILE NVT.dcd AT STEP 15930
WRITING COORDINATES TO DCD FILE NVT.dcd AT STEP 15940
WRITING COORDINATES TO DCD FILE NVT.dcd AT STEP 15950
WRITING COORDINATES TO DCD FILE NVT.dcd AT STEP 15960
WRITING COORDINATES TO DCD FILE NVT.dcd AT STEP 15970
WRITING COORDINATES TO DCD FILE NVT.dcd AT STEP 15980
WRITING COORDINATES TO DCD FILE NVT.dcd AT STEP 15990
PRESSURE: 16000 -171.989 4.83214 184.383 4.83214 209.805 133.739 184.383 133.739 495.63
GPRESSURE: 16000 -69.2009 -42.7417 280.987 -27.2238 234.05 293.858 201.882 94.7925 397.684
PRESSAVG: 16000 -27.8795 11.7836 35.5458 11.7836 -1.19657 11.7495 35.5458 11.7495 63.7197
GPRESSAVG: 16000 -28.1258 11.3881 35.0699 12.1862 -0.51502 11.8659 36.0224 12.1659 63.2854
ENERGY:   16000      1604.8671      9127.1516      5687.9575        71.4002         -60891.9205     -1189.1261         0.0000         0.0000     18677.2096         -26912.4607       301.4465    -45589.6702    -26763.3866       299.6128            177.8155       187.5113    266765.5277        11.5479        11.5482

WRITING COORDINATES TO DCD FILE NVT.dcd AT STEP 16000
WRITING COORDINATES TO DCD FILE NVT.dcd AT STEP 16010
WRITING COORDINATES TO DCD FILE NVT.dcd AT STEP 16020
WRITING COORDINATES TO DCD FILE NVT.dcd AT STEP 16030
WRITING COORDINATES TO DCD FILE NVT.dcd AT STEP 16040
WRITING COORDINATES TO DCD FILE NVT.dcd AT STEP 16050
WRITING COORDINATES TO DCD FILE NVT.dcd AT STEP 16060
WRITING COORDINATES TO DCD FILE NVT.dcd AT STEP 16070
WRITING COORDINATES TO DCD FILE NVT.dcd AT STEP 16080
WRITING COORDINATES TO DCD FILE NVT.dcd AT STEP 16090
WRITING COORDINATES TO DCD FILE NVT.dcd AT STEP 16100
WRITING COORDINATES TO DCD FILE NVT.dcd AT STEP 16110
WRITING COORDINATES TO DCD FILE NVT.dcd AT STEP 16120
WRITING COORDINATES TO DCD FILE NVT.dcd AT STEP 16130
WRITING COORDINATES TO DCD FILE NVT.dcd AT STEP 16140
LDB: ============= START OF LOAD BALANCING ============== 2701.42
LDB: ============== END OF LOAD BALANCING =============== 2701.42
LDB: =============== DONE WITH MIGRATION ================ 2701.42
WRITING COORDINATES TO DCD FILE NVT.dcd AT STEP 16150
WRITING COORDINATES TO DCD FILE NVT.dcd AT STEP 16160
WRITING COORDINATES TO DCD FILE NVT.dcd AT STEP 16170
WRITING COORDINATES TO DCD FILE NVT.dcd AT STEP 16180
WRITING COORDINATES TO DCD FILE NVT.dcd AT STEP 16190
LDB: ============= START OF LOAD BALANCING ============== 2709.71
LDB: ============== END OF LOAD BALANCING =============== 2709.71
LDB: =============== DONE WITH MIGRATION ================ 2709.71
WRITING COORDINATES TO DCD FILE NVT.dcd AT STEP 16200
WRITING COORDINATES TO DCD FILE NVT.dcd AT STEP 16210
WRITING COORDINATES TO DCD FILE NVT.dcd AT STEP 16220
WRITING COORDINATES TO DCD FILE NVT.dcd AT STEP 16230
WRITING COORDINATES TO DCD FILE NVT.dcd AT STEP 16240
WRITING COORDINATES TO DCD FILE NVT.dcd AT STEP 16250
WRITING COORDINATES TO DCD FILE NVT.dcd AT STEP 16260
WRITING COORDINATES TO DCD FILE NVT.dcd AT STEP 16270
WRITING COORDINATES TO DCD FILE NVT.dcd AT STEP 16280
WRITING COORDINATES TO DCD FILE NVT.dcd AT STEP 16290
WRITING COORDINATES TO DCD FILE NVT.dcd AT STEP 16300
WRITING COORDINATES TO DCD FILE NVT.dcd AT STEP 16310
WRITING COORDINATES TO DCD FILE NVT.dcd AT STEP 16320
WRITING COORDINATES TO DCD FILE NVT.dcd AT STEP 16330
WRITING COORDINATES TO DCD FILE NVT.dcd AT STEP 16340
WRITING COORDINATES TO DCD FILE NVT.dcd AT STEP 16350
WRITING COORDINATES TO DCD FILE NVT.dcd AT STEP 16360
WRITING COORDINATES TO DCD FILE NVT.dcd AT STEP 16370
WRITING COORDINATES TO DCD FILE NVT.dcd AT STEP 16380
WRITING COORDINATES TO DCD FILE NVT.dcd AT STEP 16390
WRITING COORDINATES TO DCD FILE NVT.dcd AT STEP 16400
WRITING COORDINATES TO DCD FILE NVT.dcd AT STEP 16410
WRITING COORDINATES TO DCD FILE NVT.dcd AT STEP 16420
WRITING COORDINATES TO DCD FILE NVT.dcd AT STEP 16430
WRITING COORDINATES TO DCD FILE NVT.dcd AT STEP 16440
WRITING COORDINATES TO DCD FILE NVT.dcd AT STEP 16450
WRITING COORDINATES TO DCD FILE NVT.dcd AT STEP 16460
WRITING COORDINATES TO DCD FILE NVT.dcd AT STEP 16470
WRITING COORDINATES TO DCD FILE NVT.dcd AT STEP 16480
WRITING COORDINATES TO DCD FILE NVT.dcd AT STEP 16490
WRITING COORDINATES TO DCD FILE NVT.dcd AT STEP 16500
WRITING COORDINATES TO DCD FILE NVT.dcd AT STEP 16510
WRITING COORDINATES TO DCD FILE NVT.dcd AT STEP 16520
WRITING COORDINATES TO DCD FILE NVT.dcd AT STEP 16530
WRITING COORDINATES TO DCD FILE NVT.dcd AT STEP 16540
WRITING COORDINATES TO DCD FILE NVT.dcd AT STEP 16550
WRITING COORDINATES TO DCD FILE NVT.dcd AT STEP 16560
WRITING COORDINATES TO DCD FILE NVT.dcd AT STEP 16570
WRITING COORDINATES TO DCD FILE NVT.dcd AT STEP 16580
WRITING COORDINATES TO DCD FILE NVT.dcd AT STEP 16590
WRITING COORDINATES TO DCD FILE NVT.dcd AT STEP 16600
WRITING COORDINATES TO DCD FILE NVT.dcd AT STEP 16610
WRITING COORDINATES TO DCD FILE NVT.dcd AT STEP 16620
WRITING COORDINATES TO DCD FILE NVT.dcd AT STEP 16630
WRITING COORDINATES TO DCD FILE NVT.dcd AT STEP 16640
WRITING COORDINATES TO DCD FILE NVT.dcd AT STEP 16650
WRITING COORDINATES TO DCD FILE NVT.dcd AT STEP 16660
WRITING COORDINATES TO DCD FILE NVT.dcd AT STEP 16670
WRITING COORDINATES TO DCD FILE NVT.dcd AT STEP 16680
WRITING COORDINATES TO DCD FILE NVT.dcd AT STEP 16690
WRITING COORDINATES TO DCD FILE NVT.dcd AT STEP 16700
WRITING COORDINATES TO DCD FILE NVT.dcd AT STEP 16710
WRITING COORDINATES TO DCD FILE NVT.dcd AT STEP 16720
WRITING COORDINATES TO DCD FILE NVT.dcd AT STEP 16730
WRITING COORDINATES TO DCD FILE NVT.dcd AT STEP 16740
WRITING COORDINATES TO DCD FILE NVT.dcd AT STEP 16750
WRITING COORDINATES TO DCD FILE NVT.dcd AT STEP 16760
WRITING COORDINATES TO DCD FILE NVT.dcd AT STEP 16770
WRITING COORDINATES TO DCD FILE NVT.dcd AT STEP 16780
WRITING COORDINATES TO DCD FILE NVT.dcd AT STEP 16790
WRITING COORDINATES TO DCD FILE NVT.dcd AT STEP 16800
WRITING COORDINATES TO DCD FILE NVT.dcd AT STEP 16810
WRITING COORDINATES TO DCD FILE NVT.dcd AT STEP 16820
WRITING COORDINATES TO DCD FILE NVT.dcd AT STEP 16830
WRITING COORDINATES TO DCD FILE NVT.dcd AT STEP 16840
WRITING COORDINATES TO DCD FILE NVT.dcd AT STEP 16850
WRITING COORDINATES TO DCD FILE NVT.dcd AT STEP 16860
WRITING COORDINATES TO DCD FILE NVT.dcd AT STEP 16870
WRITING COORDINATES TO DCD FILE NVT.dcd AT STEP 16880
WRITING COORDINATES TO DCD FILE NVT.dcd AT STEP 16890
WRITING COORDINATES TO DCD FILE NVT.dcd AT STEP 16900
WRITING COORDINATES TO DCD FILE NVT.dcd AT STEP 16910
WRITING COORDINATES TO DCD FILE NVT.dcd AT STEP 16920
WRITING COORDINATES TO DCD FILE NVT.dcd AT STEP 16930
WRITING COORDINATES TO DCD FILE NVT.dcd AT STEP 16940
WRITING COORDINATES TO DCD FILE NVT.dcd AT STEP 16950
WRITING COORDINATES TO DCD FILE NVT.dcd AT STEP 16960
WRITING COORDINATES TO DCD FILE NVT.dcd AT STEP 16970
WRITING COORDINATES TO DCD FILE NVT.dcd AT STEP 16980
WRITING COORDINATES TO DCD FILE NVT.dcd AT STEP 16990
PRESSURE: 17000 401.335 -257.586 -158.485 -257.586 42.8495 -193.816 -158.485 -193.816 281.617
GPRESSURE: 17000 367.723 -170.728 -159.539 -331.593 41.7352 -121.674 -350.143 -184.933 349.829
PRESSAVG: 17000 -45.5235 23.7702 49.9294 23.7702 -26.2358 28.5633 49.9294 28.5633 33.2243
GPRESSAVG: 17000 -45.674 24.1705 50.1972 23.5083 -26.1808 28.9211 50.0715 28.2661 33.2062
ENERGY:   17000      1577.4799      9223.0996      5690.5161        69.8755         -60807.7510     -1203.7700         0.0000         0.0000     18488.0792         -26962.4708       298.3939    -45450.5499    -26817.3936       299.9328            241.9338       253.0956    266765.5277       -12.8450       -12.8828

WRITING COORDINATES TO DCD FILE NVT.dcd AT STEP 17000
WRITING COORDINATES TO DCD FILE NVT.dcd AT STEP 17010
WRITING COORDINATES TO DCD FILE NVT.dcd AT STEP 17020
WRITING COORDINATES TO DCD FILE NVT.dcd AT STEP 17030
WRITING COORDINATES TO DCD FILE NVT.dcd AT STEP 17040
WRITING COORDINATES TO DCD FILE NVT.dcd AT STEP 17050
WRITING COORDINATES TO DCD FILE NVT.dcd AT STEP 17060
WRITING COORDINATES TO DCD FILE NVT.dcd AT STEP 17070
WRITING COORDINATES TO DCD FILE NVT.dcd AT STEP 17080
WRITING COORDINATES TO DCD FILE NVT.dcd AT STEP 17090
WRITING COORDINATES TO DCD FILE NVT.dcd AT STEP 17100
WRITING COORDINATES TO DCD FILE NVT.dcd AT STEP 17110
WRITING COORDINATES TO DCD FILE NVT.dcd AT STEP 17120
WRITING COORDINATES TO DCD FILE NVT.dcd AT STEP 17130
WRITING COORDINATES TO DCD FILE NVT.dcd AT STEP 17140
WRITING COORDINATES TO DCD FILE NVT.dcd AT STEP 17150
WRITING COORDINATES TO DCD FILE NVT.dcd AT STEP 17160
WRITING COORDINATES TO DCD FILE NVT.dcd AT STEP 17170
WRITING COORDINATES TO DCD FILE NVT.dcd AT STEP 17180
WRITING COORDINATES TO DCD FILE NVT.dcd AT STEP 17190
WRITING COORDINATES TO DCD FILE NVT.dcd AT STEP 17200
WRITING COORDINATES TO DCD FILE NVT.dcd AT STEP 17210
WRITING COORDINATES TO DCD FILE NVT.dcd AT STEP 17220
WRITING COORDINATES TO DCD FILE NVT.dcd AT STEP 17230
WRITING COORDINATES TO DCD FILE NVT.dcd AT STEP 17240
WRITING COORDINATES TO DCD FILE NVT.dcd AT STEP 17250
WRITING COORDINATES TO DCD FILE NVT.dcd AT STEP 17260
WRITING COORDINATES TO DCD FILE NVT.dcd AT STEP 17270
WRITING COORDINATES TO DCD FILE NVT.dcd AT STEP 17280
WRITING COORDINATES TO DCD FILE NVT.dcd AT STEP 17290
WRITING COORDINATES TO DCD FILE NVT.dcd AT STEP 17300
WRITING COORDINATES TO DCD FILE NVT.dcd AT STEP 17310
WRITING COORDINATES TO DCD FILE NVT.dcd AT STEP 17320
WRITING COORDINATES TO DCD FILE NVT.dcd AT STEP 17330
WRITING COORDINATES TO DCD FILE NVT.dcd AT STEP 17340
WRITING COORDINATES TO DCD FILE NVT.dcd AT STEP 17350
WRITING COORDINATES TO DCD FILE NVT.dcd AT STEP 17360
WRITING COORDINATES TO DCD FILE NVT.dcd AT STEP 17370
WRITING COORDINATES TO DCD FILE NVT.dcd AT STEP 17380
WRITING COORDINATES TO DCD FILE NVT.dcd AT STEP 17390
WRITING COORDINATES TO DCD FILE NVT.dcd AT STEP 17400
WRITING COORDINATES TO DCD FILE NVT.dcd AT STEP 17410
WRITING COORDINATES TO DCD FILE NVT.dcd AT STEP 17420
WRITING COORDINATES TO DCD FILE NVT.dcd AT STEP 17430
WRITING COORDINATES TO DCD FILE NVT.dcd AT STEP 17440
WRITING COORDINATES TO DCD FILE NVT.dcd AT STEP 17450
WRITING COORDINATES TO DCD FILE NVT.dcd AT STEP 17460
WRITING COORDINATES TO DCD FILE NVT.dcd AT STEP 17470
WRITING COORDINATES TO DCD FILE NVT.dcd AT STEP 17480
WRITING COORDINATES TO DCD FILE NVT.dcd AT STEP 17490
WRITING COORDINATES TO DCD FILE NVT.dcd AT STEP 17500
WRITING COORDINATES TO DCD FILE NVT.dcd AT STEP 17510
WRITING COORDINATES TO DCD FILE NVT.dcd AT STEP 17520
WRITING COORDINATES TO DCD FILE NVT.dcd AT STEP 17530
WRITING COORDINATES TO DCD FILE NVT.dcd AT STEP 17540
WRITING COORDINATES TO DCD FILE NVT.dcd AT STEP 17550
WRITING COORDINATES TO DCD FILE NVT.dcd AT STEP 17560
WRITING COORDINATES TO DCD FILE NVT.dcd AT STEP 17570
WRITING COORDINATES TO DCD FILE NVT.dcd AT STEP 17580
WRITING COORDINATES TO DCD FILE NVT.dcd AT STEP 17590
WRITING COORDINATES TO DCD FILE NVT.dcd AT STEP 17600
WRITING COORDINATES TO DCD FILE NVT.dcd AT STEP 17610
WRITING COORDINATES TO DCD FILE NVT.dcd AT STEP 17620
WRITING COORDINATES TO DCD FILE NVT.dcd AT STEP 17630
WRITING COORDINATES TO DCD FILE NVT.dcd AT STEP 17640
WRITING COORDINATES TO DCD FILE NVT.dcd AT STEP 17650
WRITING COORDINATES TO DCD FILE NVT.dcd AT STEP 17660
WRITING COORDINATES TO DCD FILE NVT.dcd AT STEP 17670
WRITING COORDINATES TO DCD FILE NVT.dcd AT STEP 17680
WRITING COORDINATES TO DCD FILE NVT.dcd AT STEP 17690
WRITING COORDINATES TO DCD FILE NVT.dcd AT STEP 17700
WRITING COORDINATES TO DCD FILE NVT.dcd AT STEP 17710
WRITING COORDINATES TO DCD FILE NVT.dcd AT STEP 17720
WRITING COORDINATES TO DCD FILE NVT.dcd AT STEP 17730
WRITING COORDINATES TO DCD FILE NVT.dcd AT STEP 17740
WRITING COORDINATES TO DCD FILE NVT.dcd AT STEP 17750
WRITING COORDINATES TO DCD FILE NVT.dcd AT STEP 17760
WRITING COORDINATES TO DCD FILE NVT.dcd AT STEP 17770
WRITING COORDINATES TO DCD FILE NVT.dcd AT STEP 17780
WRITING COORDINATES TO DCD FILE NVT.dcd AT STEP 17790
WRITING COORDINATES TO DCD FILE NVT.dcd AT STEP 17800
WRITING COORDINATES TO DCD FILE NVT.dcd AT STEP 17810
WRITING COORDINATES TO DCD FILE NVT.dcd AT STEP 17820
WRITING COORDINATES TO DCD FILE NVT.dcd AT STEP 17830
WRITING COORDINATES TO DCD FILE NVT.dcd AT STEP 17840
WRITING COORDINATES TO DCD FILE NVT.dcd AT STEP 17850
WRITING COORDINATES TO DCD FILE NVT.dcd AT STEP 17860
WRITING COORDINATES TO DCD FILE NVT.dcd AT STEP 17870
WRITING COORDINATES TO DCD FILE NVT.dcd AT STEP 17880
WRITING COORDINATES TO DCD FILE NVT.dcd AT STEP 17890
WRITING COORDINATES TO DCD FILE NVT.dcd AT STEP 17900
WRITING COORDINATES TO DCD FILE NVT.dcd AT STEP 17910
WRITING COORDINATES TO DCD FILE NVT.dcd AT STEP 17920
WRITING COORDINATES TO DCD FILE NVT.dcd AT STEP 17930
WRITING COORDINATES TO DCD FILE NVT.dcd AT STEP 17940
WRITING COORDINATES TO DCD FILE NVT.dcd AT STEP 17950
WRITING COORDINATES TO DCD FILE NVT.dcd AT STEP 17960
WRITING COORDINATES TO DCD FILE NVT.dcd AT STEP 17970
WRITING COORDINATES TO DCD FILE NVT.dcd AT STEP 17980
WRITING COORDINATES TO DCD FILE NVT.dcd AT STEP 17990
PRESSURE: 18000 203.002 610.395 192.37 610.395 240.373 -289.009 192.37 -289.009 275.271
GPRESSURE: 18000 20.936 747.483 297.556 464.153 501.615 -325.958 225.982 -249.305 254.609
PRESSAVG: 18000 -45.5678 43.5943 -8.3706 43.5943 -19.0728 -37.3071 -8.3706 -37.3071 41.3276
GPRESSAVG: 18000 -45.3027 43.6903 -8.1563 42.649 -19.4121 -37.206 -9.18813 -37.1489 41.4572
ENERGY:   18000      1543.5610      9168.5821      5741.1587        72.9528         -60658.8566     -1249.0293         0.0000         0.0000     18739.0815         -26642.5498       302.4451    -45381.6313    -26494.4263       301.0770            239.5485       259.0536    266765.5277        -7.7710        -7.7525

WRITING COORDINATES TO DCD FILE NVT.dcd AT STEP 18000
WRITING COORDINATES TO DCD FILE NVT.dcd AT STEP 18010
WRITING COORDINATES TO DCD FILE NVT.dcd AT STEP 18020
WRITING COORDINATES TO DCD FILE NVT.dcd AT STEP 18030
WRITING COORDINATES TO DCD FILE NVT.dcd AT STEP 18040
WRITING COORDINATES TO DCD FILE NVT.dcd AT STEP 18050
WRITING COORDINATES TO DCD FILE NVT.dcd AT STEP 18060
WRITING COORDINATES TO DCD FILE NVT.dcd AT STEP 18070
WRITING COORDINATES TO DCD FILE NVT.dcd AT STEP 18080
WRITING COORDINATES TO DCD FILE NVT.dcd AT STEP 18090
WRITING COORDINATES TO DCD FILE NVT.dcd AT STEP 18100
WRITING COORDINATES TO DCD FILE NVT.dcd AT STEP 18110
WRITING COORDINATES TO DCD FILE NVT.dcd AT STEP 18120
WRITING COORDINATES TO DCD FILE NVT.dcd AT STEP 18130
WRITING COORDINATES TO DCD FILE NVT.dcd AT STEP 18140
LDB: ============= START OF LOAD BALANCING ============== 3033.66
LDB: ============== END OF LOAD BALANCING =============== 3033.66
LDB: =============== DONE WITH MIGRATION ================ 3033.66
WRITING COORDINATES TO DCD FILE NVT.dcd AT STEP 18150
WRITING COORDINATES TO DCD FILE NVT.dcd AT STEP 18160
WRITING COORDINATES TO DCD FILE NVT.dcd AT STEP 18170
WRITING COORDINATES TO DCD FILE NVT.dcd AT STEP 18180
WRITING COORDINATES TO DCD FILE NVT.dcd AT STEP 18190
LDB: ============= START OF LOAD BALANCING ============== 3041.97
LDB: ============== END OF LOAD BALANCING =============== 3041.97
LDB: =============== DONE WITH MIGRATION ================ 3041.97
WRITING COORDINATES TO DCD FILE NVT.dcd AT STEP 18200
WRITING COORDINATES TO DCD FILE NVT.dcd AT STEP 18210
WRITING COORDINATES TO DCD FILE NVT.dcd AT STEP 18220
WRITING COORDINATES TO DCD FILE NVT.dcd AT STEP 18230
WRITING COORDINATES TO DCD FILE NVT.dcd AT STEP 18240
WRITING COORDINATES TO DCD FILE NVT.dcd AT STEP 18250
WRITING COORDINATES TO DCD FILE NVT.dcd AT STEP 18260
WRITING COORDINATES TO DCD FILE NVT.dcd AT STEP 18270
WRITING COORDINATES TO DCD FILE NVT.dcd AT STEP 18280
WRITING COORDINATES TO DCD FILE NVT.dcd AT STEP 18290
WRITING COORDINATES TO DCD FILE NVT.dcd AT STEP 18300
WRITING COORDINATES TO DCD FILE NVT.dcd AT STEP 18310
WRITING COORDINATES TO DCD FILE NVT.dcd AT STEP 18320
WRITING COORDINATES TO DCD FILE NVT.dcd AT STEP 18330
WRITING COORDINATES TO DCD FILE NVT.dcd AT STEP 18340
WRITING COORDINATES TO DCD FILE NVT.dcd AT STEP 18350
WRITING COORDINATES TO DCD FILE NVT.dcd AT STEP 18360
WRITING COORDINATES TO DCD FILE NVT.dcd AT STEP 18370
WRITING COORDINATES TO DCD FILE NVT.dcd AT STEP 18380
WRITING COORDINATES TO DCD FILE NVT.dcd AT STEP 18390
WRITING COORDINATES TO DCD FILE NVT.dcd AT STEP 18400
WRITING COORDINATES TO DCD FILE NVT.dcd AT STEP 18410
WRITING COORDINATES TO DCD FILE NVT.dcd AT STEP 18420
WRITING COORDINATES TO DCD FILE NVT.dcd AT STEP 18430
WRITING COORDINATES TO DCD FILE NVT.dcd AT STEP 18440
WRITING COORDINATES TO DCD FILE NVT.dcd AT STEP 18450
WRITING COORDINATES TO DCD FILE NVT.dcd AT STEP 18460
WRITING COORDINATES TO DCD FILE NVT.dcd AT STEP 18470
WRITING COORDINATES TO DCD FILE NVT.dcd AT STEP 18480
WRITING COORDINATES TO DCD FILE NVT.dcd AT STEP 18490
WRITING COORDINATES TO DCD FILE NVT.dcd AT STEP 18500
WRITING COORDINATES TO DCD FILE NVT.dcd AT STEP 18510
WRITING COORDINATES TO DCD FILE NVT.dcd AT STEP 18520
WRITING COORDINATES TO DCD FILE NVT.dcd AT STEP 18530
WRITING COORDINATES TO DCD FILE NVT.dcd AT STEP 18540
WRITING COORDINATES TO DCD FILE NVT.dcd AT STEP 18550
WRITING COORDINATES TO DCD FILE NVT.dcd AT STEP 18560
WRITING COORDINATES TO DCD FILE NVT.dcd AT STEP 18570
WRITING COORDINATES TO DCD FILE NVT.dcd AT STEP 18580
WRITING COORDINATES TO DCD FILE NVT.dcd AT STEP 18590
WRITING COORDINATES TO DCD FILE NVT.dcd AT STEP 18600
WRITING COORDINATES TO DCD FILE NVT.dcd AT STEP 18610
WRITING COORDINATES TO DCD FILE NVT.dcd AT STEP 18620
WRITING COORDINATES TO DCD FILE NVT.dcd AT STEP 18630
WRITING COORDINATES TO DCD FILE NVT.dcd AT STEP 18640
WRITING COORDINATES TO DCD FILE NVT.dcd AT STEP 18650
WRITING COORDINATES TO DCD FILE NVT.dcd AT STEP 18660
WRITING COORDINATES TO DCD FILE NVT.dcd AT STEP 18670
WRITING COORDINATES TO DCD FILE NVT.dcd AT STEP 18680
WRITING COORDINATES TO DCD FILE NVT.dcd AT STEP 18690
WRITING COORDINATES TO DCD FILE NVT.dcd AT STEP 18700
WRITING COORDINATES TO DCD FILE NVT.dcd AT STEP 18710
WRITING COORDINATES TO DCD FILE NVT.dcd AT STEP 18720
WRITING COORDINATES TO DCD FILE NVT.dcd AT STEP 18730
WRITING COORDINATES TO DCD FILE NVT.dcd AT STEP 18740
WRITING COORDINATES TO DCD FILE NVT.dcd AT STEP 18750
WRITING COORDINATES TO DCD FILE NVT.dcd AT STEP 18760
WRITING COORDINATES TO DCD FILE NVT.dcd AT STEP 18770
WRITING COORDINATES TO DCD FILE NVT.dcd AT STEP 18780
WRITING COORDINATES TO DCD FILE NVT.dcd AT STEP 18790
WRITING COORDINATES TO DCD FILE NVT.dcd AT STEP 18800
WRITING COORDINATES TO DCD FILE NVT.dcd AT STEP 18810
WRITING COORDINATES TO DCD FILE NVT.dcd AT STEP 18820
WRITING COORDINATES TO DCD FILE NVT.dcd AT STEP 18830
WRITING COORDINATES TO DCD FILE NVT.dcd AT STEP 18840
WRITING COORDINATES TO DCD FILE NVT.dcd AT STEP 18850
WRITING COORDINATES TO DCD FILE NVT.dcd AT STEP 18860
WRITING COORDINATES TO DCD FILE NVT.dcd AT STEP 18870
WRITING COORDINATES TO DCD FILE NVT.dcd AT STEP 18880
WRITING COORDINATES TO DCD FILE NVT.dcd AT STEP 18890
WRITING COORDINATES TO DCD FILE NVT.dcd AT STEP 18900
WRITING COORDINATES TO DCD FILE NVT.dcd AT STEP 18910
WRITING COORDINATES TO DCD FILE NVT.dcd AT STEP 18920
WRITING COORDINATES TO DCD FILE NVT.dcd AT STEP 18930
WRITING COORDINATES TO DCD FILE NVT.dcd AT STEP 18940
WRITING COORDINATES TO DCD FILE NVT.dcd AT STEP 18950
WRITING COORDINATES TO DCD FILE NVT.dcd AT STEP 18960
WRITING COORDINATES TO DCD FILE NVT.dcd AT STEP 18970
WRITING COORDINATES TO DCD FILE NVT.dcd AT STEP 18980
WRITING COORDINATES TO DCD FILE NVT.dcd AT STEP 18990
PRESSURE: 19000 123.503 -31.1831 -43.8759 -31.1831 48.268 312.147 -43.8759 312.147 174.156
GPRESSURE: 19000 220.378 -45.9208 55.4711 94.5185 -9.11759 100.318 -70.739 182.869 175
PRESSAVG: 19000 -0.196512 42.4001 1.71277 42.4001 -108.81 -1.38404 1.71277 -1.38404 96.8762
GPRESSAVG: 19000 0.0354665 42.3957 1.82374 43.0773 -108.773 -1.66881 2.00022 -1.1693 96.5689
ENERGY:   19000      1604.9298      9263.0007      5768.2386        75.4074         -60900.0359     -1281.0406         0.0000         0.0000     18680.7661         -26788.7340       301.5039    -45469.5001    -26639.2139       302.5547            115.3089       128.7536    266765.5277        -4.0433        -4.0563

WRITING COORDINATES TO DCD FILE NVT.dcd AT STEP 19000
WRITING COORDINATES TO DCD FILE NVT.dcd AT STEP 19010
WRITING COORDINATES TO DCD FILE NVT.dcd AT STEP 19020
WRITING COORDINATES TO DCD FILE NVT.dcd AT STEP 19030
WRITING COORDINATES TO DCD FILE NVT.dcd AT STEP 19040
WRITING COORDINATES TO DCD FILE NVT.dcd AT STEP 19050
WRITING COORDINATES TO DCD FILE NVT.dcd AT STEP 19060
WRITING COORDINATES TO DCD FILE NVT.dcd AT STEP 19070
WRITING COORDINATES TO DCD FILE NVT.dcd AT STEP 19080
WRITING COORDINATES TO DCD FILE NVT.dcd AT STEP 19090
WRITING COORDINATES TO DCD FILE NVT.dcd AT STEP 19100
WRITING COORDINATES TO DCD FILE NVT.dcd AT STEP 19110
WRITING COORDINATES TO DCD FILE NVT.dcd AT STEP 19120
WRITING COORDINATES TO DCD FILE NVT.dcd AT STEP 19130
WRITING COORDINATES TO DCD FILE NVT.dcd AT STEP 19140
WRITING COORDINATES TO DCD FILE NVT.dcd AT STEP 19150
WRITING COORDINATES TO DCD FILE NVT.dcd AT STEP 19160
WRITING COORDINATES TO DCD FILE NVT.dcd AT STEP 19170
WRITING COORDINATES TO DCD FILE NVT.dcd AT STEP 19180
WRITING COORDINATES TO DCD FILE NVT.dcd AT STEP 19190
WRITING COORDINATES TO DCD FILE NVT.dcd AT STEP 19200
WRITING COORDINATES TO DCD FILE NVT.dcd AT STEP 19210
WRITING COORDINATES TO DCD FILE NVT.dcd AT STEP 19220
WRITING COORDINATES TO DCD FILE NVT.dcd AT STEP 19230
WRITING COORDINATES TO DCD FILE NVT.dcd AT STEP 19240
WRITING COORDINATES TO DCD FILE NVT.dcd AT STEP 19250
WRITING COORDINATES TO DCD FILE NVT.dcd AT STEP 19260
WRITING COORDINATES TO DCD FILE NVT.dcd AT STEP 19270
WRITING COORDINATES TO DCD FILE NVT.dcd AT STEP 19280
WRITING COORDINATES TO DCD FILE NVT.dcd AT STEP 19290
WRITING COORDINATES TO DCD FILE NVT.dcd AT STEP 19300
WRITING COORDINATES TO DCD FILE NVT.dcd AT STEP 19310
WRITING COORDINATES TO DCD FILE NVT.dcd AT STEP 19320
WRITING COORDINATES TO DCD FILE NVT.dcd AT STEP 19330
WRITING COORDINATES TO DCD FILE NVT.dcd AT STEP 19340
WRITING COORDINATES TO DCD FILE NVT.dcd AT STEP 19350
WRITING COORDINATES TO DCD FILE NVT.dcd AT STEP 19360
WRITING COORDINATES TO DCD FILE NVT.dcd AT STEP 19370
WRITING COORDINATES TO DCD FILE NVT.dcd AT STEP 19380
WRITING COORDINATES TO DCD FILE NVT.dcd AT STEP 19390
WRITING COORDINATES TO DCD FILE NVT.dcd AT STEP 19400
WRITING COORDINATES TO DCD FILE NVT.dcd AT STEP 19410
WRITING COORDINATES TO DCD FILE NVT.dcd AT STEP 19420
WRITING COORDINATES TO DCD FILE NVT.dcd AT STEP 19430
WRITING COORDINATES TO DCD FILE NVT.dcd AT STEP 19440
WRITING COORDINATES TO DCD FILE NVT.dcd AT STEP 19450
WRITING COORDINATES TO DCD FILE NVT.dcd AT STEP 19460
WRITING COORDINATES TO DCD FILE NVT.dcd AT STEP 19470
WRITING COORDINATES TO DCD FILE NVT.dcd AT STEP 19480
WRITING COORDINATES TO DCD FILE NVT.dcd AT STEP 19490
WRITING COORDINATES TO DCD FILE NVT.dcd AT STEP 19500
WRITING COORDINATES TO DCD FILE NVT.dcd AT STEP 19510
WRITING COORDINATES TO DCD FILE NVT.dcd AT STEP 19520
WRITING COORDINATES TO DCD FILE NVT.dcd AT STEP 19530
WRITING COORDINATES TO DCD FILE NVT.dcd AT STEP 19540
WRITING COORDINATES TO DCD FILE NVT.dcd AT STEP 19550
WRITING COORDINATES TO DCD FILE NVT.dcd AT STEP 19560
WRITING COORDINATES TO DCD FILE NVT.dcd AT STEP 19570
WRITING COORDINATES TO DCD FILE NVT.dcd AT STEP 19580
WRITING COORDINATES TO DCD FILE NVT.dcd AT STEP 19590
WRITING COORDINATES TO DCD FILE NVT.dcd AT STEP 19600
WRITING COORDINATES TO DCD FILE NVT.dcd AT STEP 19610
WRITING COORDINATES TO DCD FILE NVT.dcd AT STEP 19620
WRITING COORDINATES TO DCD FILE NVT.dcd AT STEP 19630
WRITING COORDINATES TO DCD FILE NVT.dcd AT STEP 19640
WRITING COORDINATES TO DCD FILE NVT.dcd AT STEP 19650
WRITING COORDINATES TO DCD FILE NVT.dcd AT STEP 19660
WRITING COORDINATES TO DCD FILE NVT.dcd AT STEP 19670
WRITING COORDINATES TO DCD FILE NVT.dcd AT STEP 19680
WRITING COORDINATES TO DCD FILE NVT.dcd AT STEP 19690
WRITING COORDINATES TO DCD FILE NVT.dcd AT STEP 19700
WRITING COORDINATES TO DCD FILE NVT.dcd AT STEP 19710
WRITING COORDINATES TO DCD FILE NVT.dcd AT STEP 19720
WRITING COORDINATES TO DCD FILE NVT.dcd AT STEP 19730
WRITING COORDINATES TO DCD FILE NVT.dcd AT STEP 19740
WRITING COORDINATES TO DCD FILE NVT.dcd AT STEP 19750
WRITING COORDINATES TO DCD FILE NVT.dcd AT STEP 19760
WRITING COORDINATES TO DCD FILE NVT.dcd AT STEP 19770
WRITING COORDINATES TO DCD FILE NVT.dcd AT STEP 19780
WRITING COORDINATES TO DCD FILE NVT.dcd AT STEP 19790
WRITING COORDINATES TO DCD FILE NVT.dcd AT STEP 19800
WRITING COORDINATES TO DCD FILE NVT.dcd AT STEP 19810
WRITING COORDINATES TO DCD FILE NVT.dcd AT STEP 19820
WRITING COORDINATES TO DCD FILE NVT.dcd AT STEP 19830
WRITING COORDINATES TO DCD FILE NVT.dcd AT STEP 19840
WRITING COORDINATES TO DCD FILE NVT.dcd AT STEP 19850
WRITING COORDINATES TO DCD FILE NVT.dcd AT STEP 19860
WRITING COORDINATES TO DCD FILE NVT.dcd AT STEP 19870
WRITING COORDINATES TO DCD FILE NVT.dcd AT STEP 19880
WRITING COORDINATES TO DCD FILE NVT.dcd AT STEP 19890
WRITING COORDINATES TO DCD FILE NVT.dcd AT STEP 19900
WRITING COORDINATES TO DCD FILE NVT.dcd AT STEP 19910
WRITING COORDINATES TO DCD FILE NVT.dcd AT STEP 19920
WRITING COORDINATES TO DCD FILE NVT.dcd AT STEP 19930
WRITING COORDINATES TO DCD FILE NVT.dcd AT STEP 19940
WRITING COORDINATES TO DCD FILE NVT.dcd AT STEP 19950
WRITING COORDINATES TO DCD FILE NVT.dcd AT STEP 19960
WRITING COORDINATES TO DCD FILE NVT.dcd AT STEP 19970
WRITING COORDINATES TO DCD FILE NVT.dcd AT STEP 19980
WRITING COORDINATES TO DCD FILE NVT.dcd AT STEP 19990
PRESSURE: 20000 -720.144 335.555 -753.333 335.555 136.682 -313.23 -753.333 -313.23 -117.63
GPRESSURE: 20000 -572.97 381.262 -708.874 379.206 -39.5437 -226.788 -764.591 -353.169 -19.5728
PRESSAVG: 20000 -73.8217 54.4754 0.398788 54.4754 -81.3143 -25.8804 0.398788 -25.8804 -8.07934
GPRESSAVG: 20000 -74.1755 55.5235 -0.191472 53.9385 -81.6378 -25.674 0.605291 -26.4561 -7.33655
TIMING: 20000  CPU: 3316.22, 0.166021/step  Wall: 3316.29, 0.166024/step, 1.38354 hours remaining, 841.435759 MB of memory in use.
PERFORMANCE: 20000  averaging 1.04225 ns/day, 0.165795 sec/step with standard deviation 0.000323682
ETITLE:      TS           BOND          ANGLE          DIHED          IMPRP               ELECT            VDW       BOUNDARY           MISC        KINETIC               TOTAL           TEMP      POTENTIAL         TOTAL3        TEMPAVG            PRESSURE      GPRESSURE         VOLUME       PRESSAVG      GPRESSAVG

ENERGY:   20000      1553.1187      9096.6904      5710.8642        79.9118         -60886.0102     -1251.6488         0.0000         0.0000     18898.4387         -26798.6351       305.0171    -45697.0739    -26639.5688       300.5916           -233.6973      -210.6953    266765.5277       -54.4051       -54.3833

WRITING EXTENDED SYSTEM TO RESTART FILE AT STEP 20000
WRITING COORDINATES TO DCD FILE NVT.dcd AT STEP 20000
WRITING COORDINATES TO RESTART FILE AT STEP 20000
FINISHED WRITING RESTART COORDINATES
WRITING VELOCITIES TO RESTART FILE AT STEP 20000
FINISHED WRITING RESTART VELOCITIES
The last velocity output (seq=20000) takes 0.000 seconds, 841.436 MB of memory in use
WRITING COORDINATES TO DCD FILE NVT.dcd AT STEP 20010
WRITING COORDINATES TO DCD FILE NVT.dcd AT STEP 20020
WRITING COORDINATES TO DCD FILE NVT.dcd AT STEP 20030
WRITING COORDINATES TO DCD FILE NVT.dcd AT STEP 20040
WRITING COORDINATES TO DCD FILE NVT.dcd AT STEP 20050
WRITING COORDINATES TO DCD FILE NVT.dcd AT STEP 20060
WRITING COORDINATES TO DCD FILE NVT.dcd AT STEP 20070
WRITING COORDINATES TO DCD FILE NVT.dcd AT STEP 20080
WRITING COORDINATES TO DCD FILE NVT.dcd AT STEP 20090
WRITING COORDINATES TO DCD FILE NVT.dcd AT STEP 20100
WRITING COORDINATES TO DCD FILE NVT.dcd AT STEP 20110
WRITING COORDINATES TO DCD FILE NVT.dcd AT STEP 20120
WRITING COORDINATES TO DCD FILE NVT.dcd AT STEP 20130
WRITING COORDINATES TO DCD FILE NVT.dcd AT STEP 20140
LDB: ============= START OF LOAD BALANCING ============== 3365.81
LDB: ============== END OF LOAD BALANCING =============== 3365.81
LDB: =============== DONE WITH MIGRATION ================ 3365.81
WRITING COORDINATES TO DCD FILE NVT.dcd AT STEP 20150
WRITING COORDINATES TO DCD FILE NVT.dcd AT STEP 20160
WRITING COORDINATES TO DCD FILE NVT.dcd AT STEP 20170
WRITING COORDINATES TO DCD FILE NVT.dcd AT STEP 20180
WRITING COORDINATES TO DCD FILE NVT.dcd AT STEP 20190
LDB: ============= START OF LOAD BALANCING ============== 3374.12
LDB: ============== END OF LOAD BALANCING =============== 3374.12
LDB: =============== DONE WITH MIGRATION ================ 3374.12
WRITING COORDINATES TO DCD FILE NVT.dcd AT STEP 20200
WRITING COORDINATES TO DCD FILE NVT.dcd AT STEP 20210
WRITING COORDINATES TO DCD FILE NVT.dcd AT STEP 20220
WRITING COORDINATES TO DCD FILE NVT.dcd AT STEP 20230
WRITING COORDINATES TO DCD FILE NVT.dcd AT STEP 20240
WRITING COORDINATES TO DCD FILE NVT.dcd AT STEP 20250
WRITING COORDINATES TO DCD FILE NVT.dcd AT STEP 20260
WRITING COORDINATES TO DCD FILE NVT.dcd AT STEP 20270
WRITING COORDINATES TO DCD FILE NVT.dcd AT STEP 20280
WRITING COORDINATES TO DCD FILE NVT.dcd AT STEP 20290
WRITING COORDINATES TO DCD FILE NVT.dcd AT STEP 20300
WRITING COORDINATES TO DCD FILE NVT.dcd AT STEP 20310
WRITING COORDINATES TO DCD FILE NVT.dcd AT STEP 20320
WRITING COORDINATES TO DCD FILE NVT.dcd AT STEP 20330
WRITING COORDINATES TO DCD FILE NVT.dcd AT STEP 20340
WRITING COORDINATES TO DCD FILE NVT.dcd AT STEP 20350
WRITING COORDINATES TO DCD FILE NVT.dcd AT STEP 20360
WRITING COORDINATES TO DCD FILE NVT.dcd AT STEP 20370
WRITING COORDINATES TO DCD FILE NVT.dcd AT STEP 20380
WRITING COORDINATES TO DCD FILE NVT.dcd AT STEP 20390
WRITING COORDINATES TO DCD FILE NVT.dcd AT STEP 20400
WRITING COORDINATES TO DCD FILE NVT.dcd AT STEP 20410
WRITING COORDINATES TO DCD FILE NVT.dcd AT STEP 20420
WRITING COORDINATES TO DCD FILE NVT.dcd AT STEP 20430
WRITING COORDINATES TO DCD FILE NVT.dcd AT STEP 20440
WRITING COORDINATES TO DCD FILE NVT.dcd AT STEP 20450
WRITING COORDINATES TO DCD FILE NVT.dcd AT STEP 20460
WRITING COORDINATES TO DCD FILE NVT.dcd AT STEP 20470
WRITING COORDINATES TO DCD FILE NVT.dcd AT STEP 20480
WRITING COORDINATES TO DCD FILE NVT.dcd AT STEP 20490
WRITING COORDINATES TO DCD FILE NVT.dcd AT STEP 20500
WRITING COORDINATES TO DCD FILE NVT.dcd AT STEP 20510
WRITING COORDINATES TO DCD FILE NVT.dcd AT STEP 20520
WRITING COORDINATES TO DCD FILE NVT.dcd AT STEP 20530
WRITING COORDINATES TO DCD FILE NVT.dcd AT STEP 20540
WRITING COORDINATES TO DCD FILE NVT.dcd AT STEP 20550
WRITING COORDINATES TO DCD FILE NVT.dcd AT STEP 20560
WRITING COORDINATES TO DCD FILE NVT.dcd AT STEP 20570
WRITING COORDINATES TO DCD FILE NVT.dcd AT STEP 20580
WRITING COORDINATES TO DCD FILE NVT.dcd AT STEP 20590
WRITING COORDINATES TO DCD FILE NVT.dcd AT STEP 20600
WRITING COORDINATES TO DCD FILE NVT.dcd AT STEP 20610
WRITING COORDINATES TO DCD FILE NVT.dcd AT STEP 20620
WRITING COORDINATES TO DCD FILE NVT.dcd AT STEP 20630
WRITING COORDINATES TO DCD FILE NVT.dcd AT STEP 20640
WRITING COORDINATES TO DCD FILE NVT.dcd AT STEP 20650
WRITING COORDINATES TO DCD FILE NVT.dcd AT STEP 20660
WRITING COORDINATES TO DCD FILE NVT.dcd AT STEP 20670
WRITING COORDINATES TO DCD FILE NVT.dcd AT STEP 20680
WRITING COORDINATES TO DCD FILE NVT.dcd AT STEP 20690
WRITING COORDINATES TO DCD FILE NVT.dcd AT STEP 20700
WRITING COORDINATES TO DCD FILE NVT.dcd AT STEP 20710
WRITING COORDINATES TO DCD FILE NVT.dcd AT STEP 20720
WRITING COORDINATES TO DCD FILE NVT.dcd AT STEP 20730
WRITING COORDINATES TO DCD FILE NVT.dcd AT STEP 20740
WRITING COORDINATES TO DCD FILE NVT.dcd AT STEP 20750
WRITING COORDINATES TO DCD FILE NVT.dcd AT STEP 20760
WRITING COORDINATES TO DCD FILE NVT.dcd AT STEP 20770
WRITING COORDINATES TO DCD FILE NVT.dcd AT STEP 20780
WRITING COORDINATES TO DCD FILE NVT.dcd AT STEP 20790
WRITING COORDINATES TO DCD FILE NVT.dcd AT STEP 20800
WRITING COORDINATES TO DCD FILE NVT.dcd AT STEP 20810
WRITING COORDINATES TO DCD FILE NVT.dcd AT STEP 20820
WRITING COORDINATES TO DCD FILE NVT.dcd AT STEP 20830
WRITING COORDINATES TO DCD FILE NVT.dcd AT STEP 20840
WRITING COORDINATES TO DCD FILE NVT.dcd AT STEP 20850
WRITING COORDINATES TO DCD FILE NVT.dcd AT STEP 20860
WRITING COORDINATES TO DCD FILE NVT.dcd AT STEP 20870
WRITING COORDINATES TO DCD FILE NVT.dcd AT STEP 20880
WRITING COORDINATES TO DCD FILE NVT.dcd AT STEP 20890
WRITING COORDINATES TO DCD FILE NVT.dcd AT STEP 20900
WRITING COORDINATES TO DCD FILE NVT.dcd AT STEP 20910
WRITING COORDINATES TO DCD FILE NVT.dcd AT STEP 20920
WRITING COORDINATES TO DCD FILE NVT.dcd AT STEP 20930
WRITING COORDINATES TO DCD FILE NVT.dcd AT STEP 20940
WRITING COORDINATES TO DCD FILE NVT.dcd AT STEP 20950
WRITING COORDINATES TO DCD FILE NVT.dcd AT STEP 20960
WRITING COORDINATES TO DCD FILE NVT.dcd AT STEP 20970
WRITING COORDINATES TO DCD FILE NVT.dcd AT STEP 20980
WRITING COORDINATES TO DCD FILE NVT.dcd AT STEP 20990
PRESSURE: 21000 401.664 80.675 97.2723 80.675 -507.127 -137.704 97.2723 -137.704 -520.947
GPRESSURE: 21000 408.965 164.135 31.3274 -67.9488 -477.408 -131.573 58.2289 60.5367 -489.171
PRESSAVG: 21000 -64.2869 29.2507 -45.7401 29.2507 -96.7683 23.3758 -45.7401 23.3758 29.1999
GPRESSAVG: 21000 -64.3217 28.6804 -45.644 29.6646 -96.265 23.0487 -45.3421 24.3089 28.9269
ENERGY:   21000      1600.2782      9193.5046      5716.8997        62.5351         -60611.9009     -1347.8571         0.0000         0.0000     18593.7168         -26792.8234       300.0989    -45386.5402    -26643.7954       301.8677           -208.8033      -185.8713    266765.5277       -43.9518       -43.8866

WRITING COORDINATES TO DCD FILE NVT.dcd AT STEP 21000
WRITING COORDINATES TO DCD FILE NVT.dcd AT STEP 21010
WRITING COORDINATES TO DCD FILE NVT.dcd AT STEP 21020
WRITING COORDINATES TO DCD FILE NVT.dcd AT STEP 21030
WRITING COORDINATES TO DCD FILE NVT.dcd AT STEP 21040
WRITING COORDINATES TO DCD FILE NVT.dcd AT STEP 21050
WRITING COORDINATES TO DCD FILE NVT.dcd AT STEP 21060
WRITING COORDINATES TO DCD FILE NVT.dcd AT STEP 21070
WRITING COORDINATES TO DCD FILE NVT.dcd AT STEP 21080
WRITING COORDINATES TO DCD FILE NVT.dcd AT STEP 21090
WRITING COORDINATES TO DCD FILE NVT.dcd AT STEP 21100
WRITING COORDINATES TO DCD FILE NVT.dcd AT STEP 21110
WRITING COORDINATES TO DCD FILE NVT.dcd AT STEP 21120
WRITING COORDINATES TO DCD FILE NVT.dcd AT STEP 21130
WRITING COORDINATES TO DCD FILE NVT.dcd AT STEP 21140
WRITING COORDINATES TO DCD FILE NVT.dcd AT STEP 21150
WRITING COORDINATES TO DCD FILE NVT.dcd AT STEP 21160
WRITING COORDINATES TO DCD FILE NVT.dcd AT STEP 21170
WRITING COORDINATES TO DCD FILE NVT.dcd AT STEP 21180
WRITING COORDINATES TO DCD FILE NVT.dcd AT STEP 21190
WRITING COORDINATES TO DCD FILE NVT.dcd AT STEP 21200
WRITING COORDINATES TO DCD FILE NVT.dcd AT STEP 21210
WRITING COORDINATES TO DCD FILE NVT.dcd AT STEP 21220
WRITING COORDINATES TO DCD FILE NVT.dcd AT STEP 21230
WRITING COORDINATES TO DCD FILE NVT.dcd AT STEP 21240
WRITING COORDINATES TO DCD FILE NVT.dcd AT STEP 21250
WRITING COORDINATES TO DCD FILE NVT.dcd AT STEP 21260
WRITING COORDINATES TO DCD FILE NVT.dcd AT STEP 21270
WRITING COORDINATES TO DCD FILE NVT.dcd AT STEP 21280
WRITING COORDINATES TO DCD FILE NVT.dcd AT STEP 21290
WRITING COORDINATES TO DCD FILE NVT.dcd AT STEP 21300
WRITING COORDINATES TO DCD FILE NVT.dcd AT STEP 21310
WRITING COORDINATES TO DCD FILE NVT.dcd AT STEP 21320
WRITING COORDINATES TO DCD FILE NVT.dcd AT STEP 21330
WRITING COORDINATES TO DCD FILE NVT.dcd AT STEP 21340
WRITING COORDINATES TO DCD FILE NVT.dcd AT STEP 21350
WRITING COORDINATES TO DCD FILE NVT.dcd AT STEP 21360
WRITING COORDINATES TO DCD FILE NVT.dcd AT STEP 21370
WRITING COORDINATES TO DCD FILE NVT.dcd AT STEP 21380
WRITING COORDINATES TO DCD FILE NVT.dcd AT STEP 21390
WRITING COORDINATES TO DCD FILE NVT.dcd AT STEP 21400
WRITING COORDINATES TO DCD FILE NVT.dcd AT STEP 21410
WRITING COORDINATES TO DCD FILE NVT.dcd AT STEP 21420
WRITING COORDINATES TO DCD FILE NVT.dcd AT STEP 21430
WRITING COORDINATES TO DCD FILE NVT.dcd AT STEP 21440
WRITING COORDINATES TO DCD FILE NVT.dcd AT STEP 21450
WRITING COORDINATES TO DCD FILE NVT.dcd AT STEP 21460
WRITING COORDINATES TO DCD FILE NVT.dcd AT STEP 21470
WRITING COORDINATES TO DCD FILE NVT.dcd AT STEP 21480
WRITING COORDINATES TO DCD FILE NVT.dcd AT STEP 21490
WRITING COORDINATES TO DCD FILE NVT.dcd AT STEP 21500
WRITING COORDINATES TO DCD FILE NVT.dcd AT STEP 21510
WRITING COORDINATES TO DCD FILE NVT.dcd AT STEP 21520
WRITING COORDINATES TO DCD FILE NVT.dcd AT STEP 21530
WRITING COORDINATES TO DCD FILE NVT.dcd AT STEP 21540
WRITING COORDINATES TO DCD FILE NVT.dcd AT STEP 21550
WRITING COORDINATES TO DCD FILE NVT.dcd AT STEP 21560
WRITING COORDINATES TO DCD FILE NVT.dcd AT STEP 21570
WRITING COORDINATES TO DCD FILE NVT.dcd AT STEP 21580
WRITING COORDINATES TO DCD FILE NVT.dcd AT STEP 21590
WRITING COORDINATES TO DCD FILE NVT.dcd AT STEP 21600
WRITING COORDINATES TO DCD FILE NVT.dcd AT STEP 21610
WRITING COORDINATES TO DCD FILE NVT.dcd AT STEP 21620
WRITING COORDINATES TO DCD FILE NVT.dcd AT STEP 21630
WRITING COORDINATES TO DCD FILE NVT.dcd AT STEP 21640
WRITING COORDINATES TO DCD FILE NVT.dcd AT STEP 21650
WRITING COORDINATES TO DCD FILE NVT.dcd AT STEP 21660
WRITING COORDINATES TO DCD FILE NVT.dcd AT STEP 21670
WRITING COORDINATES TO DCD FILE NVT.dcd AT STEP 21680
WRITING COORDINATES TO DCD FILE NVT.dcd AT STEP 21690
WRITING COORDINATES TO DCD FILE NVT.dcd AT STEP 21700
WRITING COORDINATES TO DCD FILE NVT.dcd AT STEP 21710
WRITING COORDINATES TO DCD FILE NVT.dcd AT STEP 21720
WRITING COORDINATES TO DCD FILE NVT.dcd AT STEP 21730
WRITING COORDINATES TO DCD FILE NVT.dcd AT STEP 21740
WRITING COORDINATES TO DCD FILE NVT.dcd AT STEP 21750
WRITING COORDINATES TO DCD FILE NVT.dcd AT STEP 21760
WRITING COORDINATES TO DCD FILE NVT.dcd AT STEP 21770
WRITING COORDINATES TO DCD FILE NVT.dcd AT STEP 21780
WRITING COORDINATES TO DCD FILE NVT.dcd AT STEP 21790
WRITING COORDINATES TO DCD FILE NVT.dcd AT STEP 21800
WRITING COORDINATES TO DCD FILE NVT.dcd AT STEP 21810
WRITING COORDINATES TO DCD FILE NVT.dcd AT STEP 21820
WRITING COORDINATES TO DCD FILE NVT.dcd AT STEP 21830
WRITING COORDINATES TO DCD FILE NVT.dcd AT STEP 21840
WRITING COORDINATES TO DCD FILE NVT.dcd AT STEP 21850
WRITING COORDINATES TO DCD FILE NVT.dcd AT STEP 21860
WRITING COORDINATES TO DCD FILE NVT.dcd AT STEP 21870
WRITING COORDINATES TO DCD FILE NVT.dcd AT STEP 21880
WRITING COORDINATES TO DCD FILE NVT.dcd AT STEP 21890
WRITING COORDINATES TO DCD FILE NVT.dcd AT STEP 21900
WRITING COORDINATES TO DCD FILE NVT.dcd AT STEP 21910
WRITING COORDINATES TO DCD FILE NVT.dcd AT STEP 21920
WRITING COORDINATES TO DCD FILE NVT.dcd AT STEP 21930
WRITING COORDINATES TO DCD FILE NVT.dcd AT STEP 21940
WRITING COORDINATES TO DCD FILE NVT.dcd AT STEP 21950
WRITING COORDINATES TO DCD FILE NVT.dcd AT STEP 21960
WRITING COORDINATES TO DCD FILE NVT.dcd AT STEP 21970
WRITING COORDINATES TO DCD FILE NVT.dcd AT STEP 21980
WRITING COORDINATES TO DCD FILE NVT.dcd AT STEP 21990
PRESSURE: 22000 -273.69 -44.8245 310.792 -44.8245 -107.521 -290.425 310.792 -290.425 -480.462
GPRESSURE: 22000 -362.985 88.7588 124.895 -104.92 -80.9393 -163.947 91.7205 -226.872 -369.971
PRESSAVG: 22000 10.9017 -2.30405 -15.2033 -2.30405 -55.3922 -2.72713 -15.2033 -2.72713 -4.26978
GPRESSAVG: 22000 10.9185 -2.19301 -15.1443 -2.46756 -55.0817 -1.92098 -16.3417 -3.07222 -4.28862
ENERGY:   22000      1588.2860      9129.7711      5731.0763        80.7040         -60826.7577     -1259.7863         0.0000         0.0000     18855.8869         -26700.8198       304.3303    -45556.7066    -26547.8720       301.6145           -287.2244      -271.2985    266765.5277       -16.2534       -16.1506

WRITING COORDINATES TO DCD FILE NVT.dcd AT STEP 22000
WRITING COORDINATES TO DCD FILE NVT.dcd AT STEP 22010
WRITING COORDINATES TO DCD FILE NVT.dcd AT STEP 22020
WRITING COORDINATES TO DCD FILE NVT.dcd AT STEP 22030
WRITING COORDINATES TO DCD FILE NVT.dcd AT STEP 22040
WRITING COORDINATES TO DCD FILE NVT.dcd AT STEP 22050
WRITING COORDINATES TO DCD FILE NVT.dcd AT STEP 22060
WRITING COORDINATES TO DCD FILE NVT.dcd AT STEP 22070
WRITING COORDINATES TO DCD FILE NVT.dcd AT STEP 22080
WRITING COORDINATES TO DCD FILE NVT.dcd AT STEP 22090
WRITING COORDINATES TO DCD FILE NVT.dcd AT STEP 22100
WRITING COORDINATES TO DCD FILE NVT.dcd AT STEP 22110
WRITING COORDINATES TO DCD FILE NVT.dcd AT STEP 22120
WRITING COORDINATES TO DCD FILE NVT.dcd AT STEP 22130
WRITING COORDINATES TO DCD FILE NVT.dcd AT STEP 22140
LDB: ============= START OF LOAD BALANCING ============== 3698.1
LDB: ============== END OF LOAD BALANCING =============== 3698.1
LDB: =============== DONE WITH MIGRATION ================ 3698.1
WRITING COORDINATES TO DCD FILE NVT.dcd AT STEP 22150
WRITING COORDINATES TO DCD FILE NVT.dcd AT STEP 22160
WRITING COORDINATES TO DCD FILE NVT.dcd AT STEP 22170
WRITING COORDINATES TO DCD FILE NVT.dcd AT STEP 22180
WRITING COORDINATES TO DCD FILE NVT.dcd AT STEP 22190
LDB: ============= START OF LOAD BALANCING ============== 3706.42
LDB: ============== END OF LOAD BALANCING =============== 3706.42
LDB: =============== DONE WITH MIGRATION ================ 3706.42
WRITING COORDINATES TO DCD FILE NVT.dcd AT STEP 22200
WRITING COORDINATES TO DCD FILE NVT.dcd AT STEP 22210
WRITING COORDINATES TO DCD FILE NVT.dcd AT STEP 22220
WRITING COORDINATES TO DCD FILE NVT.dcd AT STEP 22230
WRITING COORDINATES TO DCD FILE NVT.dcd AT STEP 22240
WRITING COORDINATES TO DCD FILE NVT.dcd AT STEP 22250
WRITING COORDINATES TO DCD FILE NVT.dcd AT STEP 22260
WRITING COORDINATES TO DCD FILE NVT.dcd AT STEP 22270
WRITING COORDINATES TO DCD FILE NVT.dcd AT STEP 22280
WRITING COORDINATES TO DCD FILE NVT.dcd AT STEP 22290
WRITING COORDINATES TO DCD FILE NVT.dcd AT STEP 22300
WRITING COORDINATES TO DCD FILE NVT.dcd AT STEP 22310
WRITING COORDINATES TO DCD FILE NVT.dcd AT STEP 22320
WRITING COORDINATES TO DCD FILE NVT.dcd AT STEP 22330
WRITING COORDINATES TO DCD FILE NVT.dcd AT STEP 22340
WRITING COORDINATES TO DCD FILE NVT.dcd AT STEP 22350
WRITING COORDINATES TO DCD FILE NVT.dcd AT STEP 22360
WRITING COORDINATES TO DCD FILE NVT.dcd AT STEP 22370
WRITING COORDINATES TO DCD FILE NVT.dcd AT STEP 22380
WRITING COORDINATES TO DCD FILE NVT.dcd AT STEP 22390
WRITING COORDINATES TO DCD FILE NVT.dcd AT STEP 22400
WRITING COORDINATES TO DCD FILE NVT.dcd AT STEP 22410
WRITING COORDINATES TO DCD FILE NVT.dcd AT STEP 22420
WRITING COORDINATES TO DCD FILE NVT.dcd AT STEP 22430
WRITING COORDINATES TO DCD FILE NVT.dcd AT STEP 22440
WRITING COORDINATES TO DCD FILE NVT.dcd AT STEP 22450
WRITING COORDINATES TO DCD FILE NVT.dcd AT STEP 22460
WRITING COORDINATES TO DCD FILE NVT.dcd AT STEP 22470
WRITING COORDINATES TO DCD FILE NVT.dcd AT STEP 22480
WRITING COORDINATES TO DCD FILE NVT.dcd AT STEP 22490
WRITING COORDINATES TO DCD FILE NVT.dcd AT STEP 22500
WRITING COORDINATES TO DCD FILE NVT.dcd AT STEP 22510
WRITING COORDINATES TO DCD FILE NVT.dcd AT STEP 22520
WRITING COORDINATES TO DCD FILE NVT.dcd AT STEP 22530
WRITING COORDINATES TO DCD FILE NVT.dcd AT STEP 22540
WRITING COORDINATES TO DCD FILE NVT.dcd AT STEP 22550
WRITING COORDINATES TO DCD FILE NVT.dcd AT STEP 22560
WRITING COORDINATES TO DCD FILE NVT.dcd AT STEP 22570
WRITING COORDINATES TO DCD FILE NVT.dcd AT STEP 22580
WRITING COORDINATES TO DCD FILE NVT.dcd AT STEP 22590
WRITING COORDINATES TO DCD FILE NVT.dcd AT STEP 22600
WRITING COORDINATES TO DCD FILE NVT.dcd AT STEP 22610
WRITING COORDINATES TO DCD FILE NVT.dcd AT STEP 22620
WRITING COORDINATES TO DCD FILE NVT.dcd AT STEP 22630
WRITING COORDINATES TO DCD FILE NVT.dcd AT STEP 22640
WRITING COORDINATES TO DCD FILE NVT.dcd AT STEP 22650
WRITING COORDINATES TO DCD FILE NVT.dcd AT STEP 22660
WRITING COORDINATES TO DCD FILE NVT.dcd AT STEP 22670
WRITING COORDINATES TO DCD FILE NVT.dcd AT STEP 22680
WRITING COORDINATES TO DCD FILE NVT.dcd AT STEP 22690
WRITING COORDINATES TO DCD FILE NVT.dcd AT STEP 22700
WRITING COORDINATES TO DCD FILE NVT.dcd AT STEP 22710
WRITING COORDINATES TO DCD FILE NVT.dcd AT STEP 22720
WRITING COORDINATES TO DCD FILE NVT.dcd AT STEP 22730
WRITING COORDINATES TO DCD FILE NVT.dcd AT STEP 22740
WRITING COORDINATES TO DCD FILE NVT.dcd AT STEP 22750
WRITING COORDINATES TO DCD FILE NVT.dcd AT STEP 22760
WRITING COORDINATES TO DCD FILE NVT.dcd AT STEP 22770
WRITING COORDINATES TO DCD FILE NVT.dcd AT STEP 22780
WRITING COORDINATES TO DCD FILE NVT.dcd AT STEP 22790
WRITING COORDINATES TO DCD FILE NVT.dcd AT STEP 22800
WRITING COORDINATES TO DCD FILE NVT.dcd AT STEP 22810
WRITING COORDINATES TO DCD FILE NVT.dcd AT STEP 22820
WRITING COORDINATES TO DCD FILE NVT.dcd AT STEP 22830
WRITING COORDINATES TO DCD FILE NVT.dcd AT STEP 22840
WRITING COORDINATES TO DCD FILE NVT.dcd AT STEP 22850
WRITING COORDINATES TO DCD FILE NVT.dcd AT STEP 22860
WRITING COORDINATES TO DCD FILE NVT.dcd AT STEP 22870
WRITING COORDINATES TO DCD FILE NVT.dcd AT STEP 22880
WRITING COORDINATES TO DCD FILE NVT.dcd AT STEP 22890
WRITING COORDINATES TO DCD FILE NVT.dcd AT STEP 22900
WRITING COORDINATES TO DCD FILE NVT.dcd AT STEP 22910
WRITING COORDINATES TO DCD FILE NVT.dcd AT STEP 22920
WRITING COORDINATES TO DCD FILE NVT.dcd AT STEP 22930
WRITING COORDINATES TO DCD FILE NVT.dcd AT STEP 22940
WRITING COORDINATES TO DCD FILE NVT.dcd AT STEP 22950
WRITING COORDINATES TO DCD FILE NVT.dcd AT STEP 22960
WRITING COORDINATES TO DCD FILE NVT.dcd AT STEP 22970
WRITING COORDINATES TO DCD FILE NVT.dcd AT STEP 22980
WRITING COORDINATES TO DCD FILE NVT.dcd AT STEP 22990
PRESSURE: 23000 -120.057 -592.209 -60.7179 -592.209 -186.745 -165.938 -60.7179 -165.938 209.598
GPRESSURE: 23000 -22.92 -517.833 -170.062 -541.043 -208.586 -216.759 -32.6301 -240.767 190.706
PRESSAVG: 23000 2.31069 -2.11261 19.2488 -2.11261 -118.496 11.0142 19.2488 11.0142 -7.18811
GPRESSAVG: 23000 2.60261 -1.86293 18.7025 -2.08572 -118.442 10.7859 20.1172 11.3984 -7.35791
ENERGY:   23000      1527.3976      9274.5578      5748.0501        71.2391         -60743.7241     -1323.9023         0.0000         0.0000     18667.6808         -26778.7011       301.2927    -45446.3819    -26623.6950       301.6545            -32.4014       -13.5998    266765.5277       -41.1246       -41.0659

WRITING COORDINATES TO DCD FILE NVT.dcd AT STEP 23000
WRITING COORDINATES TO DCD FILE NVT.dcd AT STEP 23010
WRITING COORDINATES TO DCD FILE NVT.dcd AT STEP 23020
WRITING COORDINATES TO DCD FILE NVT.dcd AT STEP 23030
WRITING COORDINATES TO DCD FILE NVT.dcd AT STEP 23040
WRITING COORDINATES TO DCD FILE NVT.dcd AT STEP 23050
WRITING COORDINATES TO DCD FILE NVT.dcd AT STEP 23060
WRITING COORDINATES TO DCD FILE NVT.dcd AT STEP 23070
WRITING COORDINATES TO DCD FILE NVT.dcd AT STEP 23080
WRITING COORDINATES TO DCD FILE NVT.dcd AT STEP 23090
WRITING COORDINATES TO DCD FILE NVT.dcd AT STEP 23100
WRITING COORDINATES TO DCD FILE NVT.dcd AT STEP 23110
WRITING COORDINATES TO DCD FILE NVT.dcd AT STEP 23120
WRITING COORDINATES TO DCD FILE NVT.dcd AT STEP 23130
WRITING COORDINATES TO DCD FILE NVT.dcd AT STEP 23140
WRITING COORDINATES TO DCD FILE NVT.dcd AT STEP 23150
WRITING COORDINATES TO DCD FILE NVT.dcd AT STEP 23160
WRITING COORDINATES TO DCD FILE NVT.dcd AT STEP 23170
WRITING COORDINATES TO DCD FILE NVT.dcd AT STEP 23180
WRITING COORDINATES TO DCD FILE NVT.dcd AT STEP 23190
WRITING COORDINATES TO DCD FILE NVT.dcd AT STEP 23200
WRITING COORDINATES TO DCD FILE NVT.dcd AT STEP 23210
WRITING COORDINATES TO DCD FILE NVT.dcd AT STEP 23220
WRITING COORDINATES TO DCD FILE NVT.dcd AT STEP 23230
WRITING COORDINATES TO DCD FILE NVT.dcd AT STEP 23240
WRITING COORDINATES TO DCD FILE NVT.dcd AT STEP 23250
WRITING COORDINATES TO DCD FILE NVT.dcd AT STEP 23260
WRITING COORDINATES TO DCD FILE NVT.dcd AT STEP 23270
WRITING COORDINATES TO DCD FILE NVT.dcd AT STEP 23280
WRITING COORDINATES TO DCD FILE NVT.dcd AT STEP 23290
WRITING COORDINATES TO DCD FILE NVT.dcd AT STEP 23300
WRITING COORDINATES TO DCD FILE NVT.dcd AT STEP 23310
WRITING COORDINATES TO DCD FILE NVT.dcd AT STEP 23320
WRITING COORDINATES TO DCD FILE NVT.dcd AT STEP 23330
WRITING COORDINATES TO DCD FILE NVT.dcd AT STEP 23340
WRITING COORDINATES TO DCD FILE NVT.dcd AT STEP 23350
WRITING COORDINATES TO DCD FILE NVT.dcd AT STEP 23360
WRITING COORDINATES TO DCD FILE NVT.dcd AT STEP 23370
WRITING COORDINATES TO DCD FILE NVT.dcd AT STEP 23380
WRITING COORDINATES TO DCD FILE NVT.dcd AT STEP 23390
WRITING COORDINATES TO DCD FILE NVT.dcd AT STEP 23400
WRITING COORDINATES TO DCD FILE NVT.dcd AT STEP 23410
WRITING COORDINATES TO DCD FILE NVT.dcd AT STEP 23420
WRITING COORDINATES TO DCD FILE NVT.dcd AT STEP 23430
WRITING COORDINATES TO DCD FILE NVT.dcd AT STEP 23440
WRITING COORDINATES TO DCD FILE NVT.dcd AT STEP 23450
WRITING COORDINATES TO DCD FILE NVT.dcd AT STEP 23460
WRITING COORDINATES TO DCD FILE NVT.dcd AT STEP 23470
WRITING COORDINATES TO DCD FILE NVT.dcd AT STEP 23480
WRITING COORDINATES TO DCD FILE NVT.dcd AT STEP 23490
WRITING COORDINATES TO DCD FILE NVT.dcd AT STEP 23500
WRITING COORDINATES TO DCD FILE NVT.dcd AT STEP 23510
WRITING COORDINATES TO DCD FILE NVT.dcd AT STEP 23520
WRITING COORDINATES TO DCD FILE NVT.dcd AT STEP 23530
WRITING COORDINATES TO DCD FILE NVT.dcd AT STEP 23540
WRITING COORDINATES TO DCD FILE NVT.dcd AT STEP 23550
WRITING COORDINATES TO DCD FILE NVT.dcd AT STEP 23560
WRITING COORDINATES TO DCD FILE NVT.dcd AT STEP 23570
WRITING COORDINATES TO DCD FILE NVT.dcd AT STEP 23580
WRITING COORDINATES TO DCD FILE NVT.dcd AT STEP 23590
WRITING COORDINATES TO DCD FILE NVT.dcd AT STEP 23600
WRITING COORDINATES TO DCD FILE NVT.dcd AT STEP 23610
WRITING COORDINATES TO DCD FILE NVT.dcd AT STEP 23620
WRITING COORDINATES TO DCD FILE NVT.dcd AT STEP 23630
WRITING COORDINATES TO DCD FILE NVT.dcd AT STEP 23640
WRITING COORDINATES TO DCD FILE NVT.dcd AT STEP 23650
WRITING COORDINATES TO DCD FILE NVT.dcd AT STEP 23660
WRITING COORDINATES TO DCD FILE NVT.dcd AT STEP 23670
WRITING COORDINATES TO DCD FILE NVT.dcd AT STEP 23680
WRITING COORDINATES TO DCD FILE NVT.dcd AT STEP 23690
WRITING COORDINATES TO DCD FILE NVT.dcd AT STEP 23700
WRITING COORDINATES TO DCD FILE NVT.dcd AT STEP 23710
WRITING COORDINATES TO DCD FILE NVT.dcd AT STEP 23720
WRITING COORDINATES TO DCD FILE NVT.dcd AT STEP 23730
WRITING COORDINATES TO DCD FILE NVT.dcd AT STEP 23740
WRITING COORDINATES TO DCD FILE NVT.dcd AT STEP 23750
WRITING COORDINATES TO DCD FILE NVT.dcd AT STEP 23760
WRITING COORDINATES TO DCD FILE NVT.dcd AT STEP 23770
WRITING COORDINATES TO DCD FILE NVT.dcd AT STEP 23780
WRITING COORDINATES TO DCD FILE NVT.dcd AT STEP 23790
WRITING COORDINATES TO DCD FILE NVT.dcd AT STEP 23800
WRITING COORDINATES TO DCD FILE NVT.dcd AT STEP 23810
WRITING COORDINATES TO DCD FILE NVT.dcd AT STEP 23820
WRITING COORDINATES TO DCD FILE NVT.dcd AT STEP 23830
WRITING COORDINATES TO DCD FILE NVT.dcd AT STEP 23840
WRITING COORDINATES TO DCD FILE NVT.dcd AT STEP 23850
WRITING COORDINATES TO DCD FILE NVT.dcd AT STEP 23860
WRITING COORDINATES TO DCD FILE NVT.dcd AT STEP 23870
WRITING COORDINATES TO DCD FILE NVT.dcd AT STEP 23880
WRITING COORDINATES TO DCD FILE NVT.dcd AT STEP 23890
WRITING COORDINATES TO DCD FILE NVT.dcd AT STEP 23900
WRITING COORDINATES TO DCD FILE NVT.dcd AT STEP 23910
WRITING COORDINATES TO DCD FILE NVT.dcd AT STEP 23920
WRITING COORDINATES TO DCD FILE NVT.dcd AT STEP 23930
WRITING COORDINATES TO DCD FILE NVT.dcd AT STEP 23940
WRITING COORDINATES TO DCD FILE NVT.dcd AT STEP 23950
WRITING COORDINATES TO DCD FILE NVT.dcd AT STEP 23960
WRITING COORDINATES TO DCD FILE NVT.dcd AT STEP 23970
WRITING COORDINATES TO DCD FILE NVT.dcd AT STEP 23980
WRITING COORDINATES TO DCD FILE NVT.dcd AT STEP 23990
PRESSURE: 24000 -553.197 158.171 349.085 158.171 -174.274 132.77 349.085 132.77 -191.091
GPRESSURE: 24000 -536.096 137.553 303.669 105.879 -97.2417 95.7363 281.837 59.9241 -217.443
PRESSAVG: 24000 -43.2354 45.6275 73.3838 45.6275 -118.336 -85.5211 73.3838 -85.5211 9.34911
GPRESSAVG: 24000 -43.0684 45.3868 73.836 46.7758 -118.061 -85.107 73.1205 -85.7615 9.26577
ENERGY:   24000      1558.1844      9231.4495      5688.8586        70.2152         -60576.4693     -1388.1249         0.0000         0.0000     18686.6926         -26729.1939       301.5995    -45415.8865    -26583.8163       301.3481           -306.1873      -283.5936    266765.5277       -50.7406       -50.6211

WRITING COORDINATES TO DCD FILE NVT.dcd AT STEP 24000
WRITING COORDINATES TO DCD FILE NVT.dcd AT STEP 24010
WRITING COORDINATES TO DCD FILE NVT.dcd AT STEP 24020
WRITING COORDINATES TO DCD FILE NVT.dcd AT STEP 24030
WRITING COORDINATES TO DCD FILE NVT.dcd AT STEP 24040
WRITING COORDINATES TO DCD FILE NVT.dcd AT STEP 24050
WRITING COORDINATES TO DCD FILE NVT.dcd AT STEP 24060
WRITING COORDINATES TO DCD FILE NVT.dcd AT STEP 24070
WRITING COORDINATES TO DCD FILE NVT.dcd AT STEP 24080
WRITING COORDINATES TO DCD FILE NVT.dcd AT STEP 24090
WRITING COORDINATES TO DCD FILE NVT.dcd AT STEP 24100
WRITING COORDINATES TO DCD FILE NVT.dcd AT STEP 24110
WRITING COORDINATES TO DCD FILE NVT.dcd AT STEP 24120
WRITING COORDINATES TO DCD FILE NVT.dcd AT STEP 24130
WRITING COORDINATES TO DCD FILE NVT.dcd AT STEP 24140
LDB: ============= START OF LOAD BALANCING ============== 4030.59
LDB: ============== END OF LOAD BALANCING =============== 4030.59
LDB: =============== DONE WITH MIGRATION ================ 4030.59
WRITING COORDINATES TO DCD FILE NVT.dcd AT STEP 24150
WRITING COORDINATES TO DCD FILE NVT.dcd AT STEP 24160
WRITING COORDINATES TO DCD FILE NVT.dcd AT STEP 24170
WRITING COORDINATES TO DCD FILE NVT.dcd AT STEP 24180
WRITING COORDINATES TO DCD FILE NVT.dcd AT STEP 24190
LDB: ============= START OF LOAD BALANCING ============== 4038.91
LDB: ============== END OF LOAD BALANCING =============== 4038.91
LDB: =============== DONE WITH MIGRATION ================ 4038.91
WRITING COORDINATES TO DCD FILE NVT.dcd AT STEP 24200
WRITING COORDINATES TO DCD FILE NVT.dcd AT STEP 24210
WRITING COORDINATES TO DCD FILE NVT.dcd AT STEP 24220
WRITING COORDINATES TO DCD FILE NVT.dcd AT STEP 24230
WRITING COORDINATES TO DCD FILE NVT.dcd AT STEP 24240
WRITING COORDINATES TO DCD FILE NVT.dcd AT STEP 24250
WRITING COORDINATES TO DCD FILE NVT.dcd AT STEP 24260
WRITING COORDINATES TO DCD FILE NVT.dcd AT STEP 24270
WRITING COORDINATES TO DCD FILE NVT.dcd AT STEP 24280
WRITING COORDINATES TO DCD FILE NVT.dcd AT STEP 24290
WRITING COORDINATES TO DCD FILE NVT.dcd AT STEP 24300
WRITING COORDINATES TO DCD FILE NVT.dcd AT STEP 24310
WRITING COORDINATES TO DCD FILE NVT.dcd AT STEP 24320
WRITING COORDINATES TO DCD FILE NVT.dcd AT STEP 24330
WRITING COORDINATES TO DCD FILE NVT.dcd AT STEP 24340
WRITING COORDINATES TO DCD FILE NVT.dcd AT STEP 24350
WRITING COORDINATES TO DCD FILE NVT.dcd AT STEP 24360
WRITING COORDINATES TO DCD FILE NVT.dcd AT STEP 24370
WRITING COORDINATES TO DCD FILE NVT.dcd AT STEP 24380
WRITING COORDINATES TO DCD FILE NVT.dcd AT STEP 24390
WRITING COORDINATES TO DCD FILE NVT.dcd AT STEP 24400
WRITING COORDINATES TO DCD FILE NVT.dcd AT STEP 24410
WRITING COORDINATES TO DCD FILE NVT.dcd AT STEP 24420
WRITING COORDINATES TO DCD FILE NVT.dcd AT STEP 24430
WRITING COORDINATES TO DCD FILE NVT.dcd AT STEP 24440
WRITING COORDINATES TO DCD FILE NVT.dcd AT STEP 24450
WRITING COORDINATES TO DCD FILE NVT.dcd AT STEP 24460
WRITING COORDINATES TO DCD FILE NVT.dcd AT STEP 24470
WRITING COORDINATES TO DCD FILE NVT.dcd AT STEP 24480
WRITING COORDINATES TO DCD FILE NVT.dcd AT STEP 24490
WRITING COORDINATES TO DCD FILE NVT.dcd AT STEP 24500
WRITING COORDINATES TO DCD FILE NVT.dcd AT STEP 24510
WRITING COORDINATES TO DCD FILE NVT.dcd AT STEP 24520
WRITING COORDINATES TO DCD FILE NVT.dcd AT STEP 24530
WRITING COORDINATES TO DCD FILE NVT.dcd AT STEP 24540
WRITING COORDINATES TO DCD FILE NVT.dcd AT STEP 24550
WRITING COORDINATES TO DCD FILE NVT.dcd AT STEP 24560
WRITING COORDINATES TO DCD FILE NVT.dcd AT STEP 24570
WRITING COORDINATES TO DCD FILE NVT.dcd AT STEP 24580
WRITING COORDINATES TO DCD FILE NVT.dcd AT STEP 24590
WRITING COORDINATES TO DCD FILE NVT.dcd AT STEP 24600
WRITING COORDINATES TO DCD FILE NVT.dcd AT STEP 24610
WRITING COORDINATES TO DCD FILE NVT.dcd AT STEP 24620
WRITING COORDINATES TO DCD FILE NVT.dcd AT STEP 24630
WRITING COORDINATES TO DCD FILE NVT.dcd AT STEP 24640
WRITING COORDINATES TO DCD FILE NVT.dcd AT STEP 24650
WRITING COORDINATES TO DCD FILE NVT.dcd AT STEP 24660
WRITING COORDINATES TO DCD FILE NVT.dcd AT STEP 24670
WRITING COORDINATES TO DCD FILE NVT.dcd AT STEP 24680
WRITING COORDINATES TO DCD FILE NVT.dcd AT STEP 24690
WRITING COORDINATES TO DCD FILE NVT.dcd AT STEP 24700
WRITING COORDINATES TO DCD FILE NVT.dcd AT STEP 24710
WRITING COORDINATES TO DCD FILE NVT.dcd AT STEP 24720
WRITING COORDINATES TO DCD FILE NVT.dcd AT STEP 24730
WRITING COORDINATES TO DCD FILE NVT.dcd AT STEP 24740
WRITING COORDINATES TO DCD FILE NVT.dcd AT STEP 24750
WRITING COORDINATES TO DCD FILE NVT.dcd AT STEP 24760
WRITING COORDINATES TO DCD FILE NVT.dcd AT STEP 24770
WRITING COORDINATES TO DCD FILE NVT.dcd AT STEP 24780
WRITING COORDINATES TO DCD FILE NVT.dcd AT STEP 24790
WRITING COORDINATES TO DCD FILE NVT.dcd AT STEP 24800
WRITING COORDINATES TO DCD FILE NVT.dcd AT STEP 24810
WRITING COORDINATES TO DCD FILE NVT.dcd AT STEP 24820
WRITING COORDINATES TO DCD FILE NVT.dcd AT STEP 24830
WRITING COORDINATES TO DCD FILE NVT.dcd AT STEP 24840
WRITING COORDINATES TO DCD FILE NVT.dcd AT STEP 24850
WRITING COORDINATES TO DCD FILE NVT.dcd AT STEP 24860
WRITING COORDINATES TO DCD FILE NVT.dcd AT STEP 24870
WRITING COORDINATES TO DCD FILE NVT.dcd AT STEP 24880
WRITING COORDINATES TO DCD FILE NVT.dcd AT STEP 24890
WRITING COORDINATES TO DCD FILE NVT.dcd AT STEP 24900
WRITING COORDINATES TO DCD FILE NVT.dcd AT STEP 24910
WRITING COORDINATES TO DCD FILE NVT.dcd AT STEP 24920
WRITING COORDINATES TO DCD FILE NVT.dcd AT STEP 24930
WRITING COORDINATES TO DCD FILE NVT.dcd AT STEP 24940
WRITING COORDINATES TO DCD FILE NVT.dcd AT STEP 24950
WRITING COORDINATES TO DCD FILE NVT.dcd AT STEP 24960
WRITING COORDINATES TO DCD FILE NVT.dcd AT STEP 24970
WRITING COORDINATES TO DCD FILE NVT.dcd AT STEP 24980
WRITING COORDINATES TO DCD FILE NVT.dcd AT STEP 24990
PRESSURE: 25000 -325.306 -59.6332 285.487 -59.6332 -75.3009 100.673 285.487 100.673 17.681
GPRESSURE: 25000 -259.277 -96.3544 343.967 -10.0646 -14.9163 223.443 205.683 41.5598 -71.4466
PRESSAVG: 25000 -140.783 45.1793 75.8543 45.1793 -118.673 -26.3027 75.8543 -26.3027 61.4763
GPRESSAVG: 25000 -141.072 45.6356 75.7521 44.3555 -118.676 -26.5138 76.6935 -26.34 61.9351
ENERGY:   25000      1540.7897      9080.8522      5710.8273        84.5534         -60567.5121     -1515.8357         0.0000         0.0000     18674.9284         -26991.3967       301.4097    -45666.3251    -26838.6476       300.8400           -127.6418      -115.2133    266765.5277       -65.9932       -65.9378

WRITING EXTENDED SYSTEM TO RESTART FILE AT STEP 25000
WRITING COORDINATES TO DCD FILE NVT.dcd AT STEP 25000
WRITING COORDINATES TO RESTART FILE AT STEP 25000
FINISHED WRITING RESTART COORDINATES
WRITING VELOCITIES TO RESTART FILE AT STEP 25000
FINISHED WRITING RESTART VELOCITIES
The last velocity output (seq=25000) takes 0.000 seconds, 841.436 MB of memory in use
WRITING COORDINATES TO DCD FILE NVT.dcd AT STEP 25010
WRITING COORDINATES TO DCD FILE NVT.dcd AT STEP 25020
WRITING COORDINATES TO DCD FILE NVT.dcd AT STEP 25030
WRITING COORDINATES TO DCD FILE NVT.dcd AT STEP 25040
WRITING COORDINATES TO DCD FILE NVT.dcd AT STEP 25050
WRITING COORDINATES TO DCD FILE NVT.dcd AT STEP 25060
WRITING COORDINATES TO DCD FILE NVT.dcd AT STEP 25070
WRITING COORDINATES TO DCD FILE NVT.dcd AT STEP 25080
WRITING COORDINATES TO DCD FILE NVT.dcd AT STEP 25090
WRITING COORDINATES TO DCD FILE NVT.dcd AT STEP 25100
WRITING COORDINATES TO DCD FILE NVT.dcd AT STEP 25110
WRITING COORDINATES TO DCD FILE NVT.dcd AT STEP 25120
WRITING COORDINATES TO DCD FILE NVT.dcd AT STEP 25130
WRITING COORDINATES TO DCD FILE NVT.dcd AT STEP 25140
WRITING COORDINATES TO DCD FILE NVT.dcd AT STEP 25150
WRITING COORDINATES TO DCD FILE NVT.dcd AT STEP 25160
WRITING COORDINATES TO DCD FILE NVT.dcd AT STEP 25170
WRITING COORDINATES TO DCD FILE NVT.dcd AT STEP 25180
WRITING COORDINATES TO DCD FILE NVT.dcd AT STEP 25190
WRITING COORDINATES TO DCD FILE NVT.dcd AT STEP 25200
WRITING COORDINATES TO DCD FILE NVT.dcd AT STEP 25210
WRITING COORDINATES TO DCD FILE NVT.dcd AT STEP 25220
WRITING COORDINATES TO DCD FILE NVT.dcd AT STEP 25230
WRITING COORDINATES TO DCD FILE NVT.dcd AT STEP 25240
WRITING COORDINATES TO DCD FILE NVT.dcd AT STEP 25250
WRITING COORDINATES TO DCD FILE NVT.dcd AT STEP 25260
WRITING COORDINATES TO DCD FILE NVT.dcd AT STEP 25270
WRITING COORDINATES TO DCD FILE NVT.dcd AT STEP 25280
WRITING COORDINATES TO DCD FILE NVT.dcd AT STEP 25290
WRITING COORDINATES TO DCD FILE NVT.dcd AT STEP 25300
WRITING COORDINATES TO DCD FILE NVT.dcd AT STEP 25310
WRITING COORDINATES TO DCD FILE NVT.dcd AT STEP 25320
WRITING COORDINATES TO DCD FILE NVT.dcd AT STEP 25330
WRITING COORDINATES TO DCD FILE NVT.dcd AT STEP 25340
WRITING COORDINATES TO DCD FILE NVT.dcd AT STEP 25350
WRITING COORDINATES TO DCD FILE NVT.dcd AT STEP 25360
WRITING COORDINATES TO DCD FILE NVT.dcd AT STEP 25370
WRITING COORDINATES TO DCD FILE NVT.dcd AT STEP 25380
WRITING COORDINATES TO DCD FILE NVT.dcd AT STEP 25390
WRITING COORDINATES TO DCD FILE NVT.dcd AT STEP 25400
WRITING COORDINATES TO DCD FILE NVT.dcd AT STEP 25410
WRITING COORDINATES TO DCD FILE NVT.dcd AT STEP 25420
WRITING COORDINATES TO DCD FILE NVT.dcd AT STEP 25430
WRITING COORDINATES TO DCD FILE NVT.dcd AT STEP 25440
WRITING COORDINATES TO DCD FILE NVT.dcd AT STEP 25450
WRITING COORDINATES TO DCD FILE NVT.dcd AT STEP 25460
WRITING COORDINATES TO DCD FILE NVT.dcd AT STEP 25470
WRITING COORDINATES TO DCD FILE NVT.dcd AT STEP 25480
WRITING COORDINATES TO DCD FILE NVT.dcd AT STEP 25490
WRITING COORDINATES TO DCD FILE NVT.dcd AT STEP 25500
WRITING COORDINATES TO DCD FILE NVT.dcd AT STEP 25510
WRITING COORDINATES TO DCD FILE NVT.dcd AT STEP 25520
WRITING COORDINATES TO DCD FILE NVT.dcd AT STEP 25530
WRITING COORDINATES TO DCD FILE NVT.dcd AT STEP 25540
WRITING COORDINATES TO DCD FILE NVT.dcd AT STEP 25550
WRITING COORDINATES TO DCD FILE NVT.dcd AT STEP 25560
WRITING COORDINATES TO DCD FILE NVT.dcd AT STEP 25570
WRITING COORDINATES TO DCD FILE NVT.dcd AT STEP 25580
WRITING COORDINATES TO DCD FILE NVT.dcd AT STEP 25590
WRITING COORDINATES TO DCD FILE NVT.dcd AT STEP 25600
WRITING COORDINATES TO DCD FILE NVT.dcd AT STEP 25610
WRITING COORDINATES TO DCD FILE NVT.dcd AT STEP 25620
WRITING COORDINATES TO DCD FILE NVT.dcd AT STEP 25630
WRITING COORDINATES TO DCD FILE NVT.dcd AT STEP 25640
WRITING COORDINATES TO DCD FILE NVT.dcd AT STEP 25650
WRITING COORDINATES TO DCD FILE NVT.dcd AT STEP 25660
WRITING COORDINATES TO DCD FILE NVT.dcd AT STEP 25670
WRITING COORDINATES TO DCD FILE NVT.dcd AT STEP 25680
WRITING COORDINATES TO DCD FILE NVT.dcd AT STEP 25690
WRITING COORDINATES TO DCD FILE NVT.dcd AT STEP 25700
WRITING COORDINATES TO DCD FILE NVT.dcd AT STEP 25710
WRITING COORDINATES TO DCD FILE NVT.dcd AT STEP 25720
WRITING COORDINATES TO DCD FILE NVT.dcd AT STEP 25730
WRITING COORDINATES TO DCD FILE NVT.dcd AT STEP 25740
WRITING COORDINATES TO DCD FILE NVT.dcd AT STEP 25750
WRITING COORDINATES TO DCD FILE NVT.dcd AT STEP 25760
WRITING COORDINATES TO DCD FILE NVT.dcd AT STEP 25770
WRITING COORDINATES TO DCD FILE NVT.dcd AT STEP 25780
WRITING COORDINATES TO DCD FILE NVT.dcd AT STEP 25790
WRITING COORDINATES TO DCD FILE NVT.dcd AT STEP 25800
WRITING COORDINATES TO DCD FILE NVT.dcd AT STEP 25810
WRITING COORDINATES TO DCD FILE NVT.dcd AT STEP 25820
WRITING COORDINATES TO DCD FILE NVT.dcd AT STEP 25830
WRITING COORDINATES TO DCD FILE NVT.dcd AT STEP 25840
WRITING COORDINATES TO DCD FILE NVT.dcd AT STEP 25850
WRITING COORDINATES TO DCD FILE NVT.dcd AT STEP 25860
WRITING COORDINATES TO DCD FILE NVT.dcd AT STEP 25870
WRITING COORDINATES TO DCD FILE NVT.dcd AT STEP 25880
WRITING COORDINATES TO DCD FILE NVT.dcd AT STEP 25890
WRITING COORDINATES TO DCD FILE NVT.dcd AT STEP 25900
WRITING COORDINATES TO DCD FILE NVT.dcd AT STEP 25910
WRITING COORDINATES TO DCD FILE NVT.dcd AT STEP 25920
WRITING COORDINATES TO DCD FILE NVT.dcd AT STEP 25930
WRITING COORDINATES TO DCD FILE NVT.dcd AT STEP 25940
WRITING COORDINATES TO DCD FILE NVT.dcd AT STEP 25950
WRITING COORDINATES TO DCD FILE NVT.dcd AT STEP 25960
WRITING COORDINATES TO DCD FILE NVT.dcd AT STEP 25970
WRITING COORDINATES TO DCD FILE NVT.dcd AT STEP 25980
WRITING COORDINATES TO DCD FILE NVT.dcd AT STEP 25990
PRESSURE: 26000 83.9726 51.3141 243.314 51.3141 -309.287 253.588 243.314 253.588 -155.149
GPRESSURE: 26000 68.1969 66.1275 100.347 49.1869 -328.054 110.084 -46.1448 81.3018 -70.7297
PRESSAVG: 26000 -104.548 41.4793 20.7091 41.4793 -134.202 17.3777 20.7091 17.3777 80.3312
GPRESSAVG: 26000 -104.084 41.8663 21.0167 41.295 -134.733 17.5438 19.195 17.5069 80.3667
ENERGY:   26000      1574.0333      9040.7784      5660.0545        84.2736         -60732.2506     -1289.3288         0.0000         0.0000     18727.8219         -26934.6178       302.2633    -45662.4396    -26780.8076       300.6318           -126.8210      -110.1957    266765.5277       -52.8061       -52.8168

WRITING COORDINATES TO DCD FILE NVT.dcd AT STEP 26000
WRITING COORDINATES TO DCD FILE NVT.dcd AT STEP 26010
WRITING COORDINATES TO DCD FILE NVT.dcd AT STEP 26020
WRITING COORDINATES TO DCD FILE NVT.dcd AT STEP 26030
WRITING COORDINATES TO DCD FILE NVT.dcd AT STEP 26040
WRITING COORDINATES TO DCD FILE NVT.dcd AT STEP 26050
WRITING COORDINATES TO DCD FILE NVT.dcd AT STEP 26060
WRITING COORDINATES TO DCD FILE NVT.dcd AT STEP 26070
WRITING COORDINATES TO DCD FILE NVT.dcd AT STEP 26080
WRITING COORDINATES TO DCD FILE NVT.dcd AT STEP 26090
WRITING COORDINATES TO DCD FILE NVT.dcd AT STEP 26100
WRITING COORDINATES TO DCD FILE NVT.dcd AT STEP 26110
WRITING COORDINATES TO DCD FILE NVT.dcd AT STEP 26120
WRITING COORDINATES TO DCD FILE NVT.dcd AT STEP 26130
WRITING COORDINATES TO DCD FILE NVT.dcd AT STEP 26140
LDB: ============= START OF LOAD BALANCING ============== 4363.01
LDB: ============== END OF LOAD BALANCING =============== 4363.01
LDB: =============== DONE WITH MIGRATION ================ 4363.01
WRITING COORDINATES TO DCD FILE NVT.dcd AT STEP 26150
WRITING COORDINATES TO DCD FILE NVT.dcd AT STEP 26160
WRITING COORDINATES TO DCD FILE NVT.dcd AT STEP 26170
WRITING COORDINATES TO DCD FILE NVT.dcd AT STEP 26180
WRITING COORDINATES TO DCD FILE NVT.dcd AT STEP 26190
LDB: ============= START OF LOAD BALANCING ============== 4371.32
LDB: ============== END OF LOAD BALANCING =============== 4371.32
LDB: =============== DONE WITH MIGRATION ================ 4371.32
WRITING COORDINATES TO DCD FILE NVT.dcd AT STEP 26200
WRITING COORDINATES TO DCD FILE NVT.dcd AT STEP 26210
WRITING COORDINATES TO DCD FILE NVT.dcd AT STEP 26220
WRITING COORDINATES TO DCD FILE NVT.dcd AT STEP 26230
WRITING COORDINATES TO DCD FILE NVT.dcd AT STEP 26240
WRITING COORDINATES TO DCD FILE NVT.dcd AT STEP 26250
WRITING COORDINATES TO DCD FILE NVT.dcd AT STEP 26260
WRITING COORDINATES TO DCD FILE NVT.dcd AT STEP 26270
WRITING COORDINATES TO DCD FILE NVT.dcd AT STEP 26280
WRITING COORDINATES TO DCD FILE NVT.dcd AT STEP 26290
WRITING COORDINATES TO DCD FILE NVT.dcd AT STEP 26300
WRITING COORDINATES TO DCD FILE NVT.dcd AT STEP 26310
WRITING COORDINATES TO DCD FILE NVT.dcd AT STEP 26320
WRITING COORDINATES TO DCD FILE NVT.dcd AT STEP 26330
WRITING COORDINATES TO DCD FILE NVT.dcd AT STEP 26340
WRITING COORDINATES TO DCD FILE NVT.dcd AT STEP 26350
WRITING COORDINATES TO DCD FILE NVT.dcd AT STEP 26360
WRITING COORDINATES TO DCD FILE NVT.dcd AT STEP 26370
WRITING COORDINATES TO DCD FILE NVT.dcd AT STEP 26380
WRITING COORDINATES TO DCD FILE NVT.dcd AT STEP 26390
WRITING COORDINATES TO DCD FILE NVT.dcd AT STEP 26400
WRITING COORDINATES TO DCD FILE NVT.dcd AT STEP 26410
WRITING COORDINATES TO DCD FILE NVT.dcd AT STEP 26420
WRITING COORDINATES TO DCD FILE NVT.dcd AT STEP 26430
WRITING COORDINATES TO DCD FILE NVT.dcd AT STEP 26440
WRITING COORDINATES TO DCD FILE NVT.dcd AT STEP 26450
WRITING COORDINATES TO DCD FILE NVT.dcd AT STEP 26460
WRITING COORDINATES TO DCD FILE NVT.dcd AT STEP 26470
WRITING COORDINATES TO DCD FILE NVT.dcd AT STEP 26480
WRITING COORDINATES TO DCD FILE NVT.dcd AT STEP 26490
WRITING COORDINATES TO DCD FILE NVT.dcd AT STEP 26500
WRITING COORDINATES TO DCD FILE NVT.dcd AT STEP 26510
WRITING COORDINATES TO DCD FILE NVT.dcd AT STEP 26520
WRITING COORDINATES TO DCD FILE NVT.dcd AT STEP 26530
WRITING COORDINATES TO DCD FILE NVT.dcd AT STEP 26540
WRITING COORDINATES TO DCD FILE NVT.dcd AT STEP 26550
WRITING COORDINATES TO DCD FILE NVT.dcd AT STEP 26560
WRITING COORDINATES TO DCD FILE NVT.dcd AT STEP 26570
WRITING COORDINATES TO DCD FILE NVT.dcd AT STEP 26580
WRITING COORDINATES TO DCD FILE NVT.dcd AT STEP 26590
WRITING COORDINATES TO DCD FILE NVT.dcd AT STEP 26600
WRITING COORDINATES TO DCD FILE NVT.dcd AT STEP 26610
WRITING COORDINATES TO DCD FILE NVT.dcd AT STEP 26620
WRITING COORDINATES TO DCD FILE NVT.dcd AT STEP 26630
WRITING COORDINATES TO DCD FILE NVT.dcd AT STEP 26640
WRITING COORDINATES TO DCD FILE NVT.dcd AT STEP 26650
WRITING COORDINATES TO DCD FILE NVT.dcd AT STEP 26660
WRITING COORDINATES TO DCD FILE NVT.dcd AT STEP 26670
WRITING COORDINATES TO DCD FILE NVT.dcd AT STEP 26680
WRITING COORDINATES TO DCD FILE NVT.dcd AT STEP 26690
WRITING COORDINATES TO DCD FILE NVT.dcd AT STEP 26700
WRITING COORDINATES TO DCD FILE NVT.dcd AT STEP 26710
WRITING COORDINATES TO DCD FILE NVT.dcd AT STEP 26720
WRITING COORDINATES TO DCD FILE NVT.dcd AT STEP 26730
WRITING COORDINATES TO DCD FILE NVT.dcd AT STEP 26740
WRITING COORDINATES TO DCD FILE NVT.dcd AT STEP 26750
WRITING COORDINATES TO DCD FILE NVT.dcd AT STEP 26760
WRITING COORDINATES TO DCD FILE NVT.dcd AT STEP 26770
WRITING COORDINATES TO DCD FILE NVT.dcd AT STEP 26780
WRITING COORDINATES TO DCD FILE NVT.dcd AT STEP 26790
WRITING COORDINATES TO DCD FILE NVT.dcd AT STEP 26800
WRITING COORDINATES TO DCD FILE NVT.dcd AT STEP 26810
WRITING COORDINATES TO DCD FILE NVT.dcd AT STEP 26820
WRITING COORDINATES TO DCD FILE NVT.dcd AT STEP 26830
WRITING COORDINATES TO DCD FILE NVT.dcd AT STEP 26840
WRITING COORDINATES TO DCD FILE NVT.dcd AT STEP 26850
WRITING COORDINATES TO DCD FILE NVT.dcd AT STEP 26860
WRITING COORDINATES TO DCD FILE NVT.dcd AT STEP 26870
WRITING COORDINATES TO DCD FILE NVT.dcd AT STEP 26880
WRITING COORDINATES TO DCD FILE NVT.dcd AT STEP 26890
WRITING COORDINATES TO DCD FILE NVT.dcd AT STEP 26900
WRITING COORDINATES TO DCD FILE NVT.dcd AT STEP 26910
WRITING COORDINATES TO DCD FILE NVT.dcd AT STEP 26920
WRITING COORDINATES TO DCD FILE NVT.dcd AT STEP 26930
WRITING COORDINATES TO DCD FILE NVT.dcd AT STEP 26940
WRITING COORDINATES TO DCD FILE NVT.dcd AT STEP 26950
WRITING COORDINATES TO DCD FILE NVT.dcd AT STEP 26960
WRITING COORDINATES TO DCD FILE NVT.dcd AT STEP 26970
WRITING COORDINATES TO DCD FILE NVT.dcd AT STEP 26980
WRITING COORDINATES TO DCD FILE NVT.dcd AT STEP 26990
PRESSURE: 27000 33.0887 -100.834 -390.532 -100.834 900.981 -26.995 -390.532 -26.995 -75.987
GPRESSURE: 27000 87.8984 -58.5049 -498.854 -90.7929 756.265 180.415 -504.035 -36.5871 75.8037
PRESSAVG: 27000 -105.665 7.35309 3.72179 7.35309 -25.5974 -67.669 3.72179 -67.669 58.1122
GPRESSAVG: 27000 -105.909 7.1717 3.80122 7.84675 -24.9547 -67.0691 3.49358 -68.0254 57.78
ENERGY:   27000      1561.7039      9215.7311      5684.2862        78.9650         -60813.6131     -1258.4431         0.0000         0.0000     18556.1778         -26975.1924       299.4930    -45531.3702    -26828.4131       300.2422            286.0277       306.6557    266765.5277       -24.3832       -24.3612

WRITING COORDINATES TO DCD FILE NVT.dcd AT STEP 27000
WRITING COORDINATES TO DCD FILE NVT.dcd AT STEP 27010
WRITING COORDINATES TO DCD FILE NVT.dcd AT STEP 27020
WRITING COORDINATES TO DCD FILE NVT.dcd AT STEP 27030
WRITING COORDINATES TO DCD FILE NVT.dcd AT STEP 27040
WRITING COORDINATES TO DCD FILE NVT.dcd AT STEP 27050
WRITING COORDINATES TO DCD FILE NVT.dcd AT STEP 27060
WRITING COORDINATES TO DCD FILE NVT.dcd AT STEP 27070
WRITING COORDINATES TO DCD FILE NVT.dcd AT STEP 27080
WRITING COORDINATES TO DCD FILE NVT.dcd AT STEP 27090
WRITING COORDINATES TO DCD FILE NVT.dcd AT STEP 27100
WRITING COORDINATES TO DCD FILE NVT.dcd AT STEP 27110
WRITING COORDINATES TO DCD FILE NVT.dcd AT STEP 27120
WRITING COORDINATES TO DCD FILE NVT.dcd AT STEP 27130
WRITING COORDINATES TO DCD FILE NVT.dcd AT STEP 27140
WRITING COORDINATES TO DCD FILE NVT.dcd AT STEP 27150
WRITING COORDINATES TO DCD FILE NVT.dcd AT STEP 27160
WRITING COORDINATES TO DCD FILE NVT.dcd AT STEP 27170
WRITING COORDINATES TO DCD FILE NVT.dcd AT STEP 27180
WRITING COORDINATES TO DCD FILE NVT.dcd AT STEP 27190
WRITING COORDINATES TO DCD FILE NVT.dcd AT STEP 27200
WRITING COORDINATES TO DCD FILE NVT.dcd AT STEP 27210
WRITING COORDINATES TO DCD FILE NVT.dcd AT STEP 27220
WRITING COORDINATES TO DCD FILE NVT.dcd AT STEP 27230
WRITING COORDINATES TO DCD FILE NVT.dcd AT STEP 27240
WRITING COORDINATES TO DCD FILE NVT.dcd AT STEP 27250
WRITING COORDINATES TO DCD FILE NVT.dcd AT STEP 27260
WRITING COORDINATES TO DCD FILE NVT.dcd AT STEP 27270
WRITING COORDINATES TO DCD FILE NVT.dcd AT STEP 27280
WRITING COORDINATES TO DCD FILE NVT.dcd AT STEP 27290
WRITING COORDINATES TO DCD FILE NVT.dcd AT STEP 27300
WRITING COORDINATES TO DCD FILE NVT.dcd AT STEP 27310
WRITING COORDINATES TO DCD FILE NVT.dcd AT STEP 27320
WRITING COORDINATES TO DCD FILE NVT.dcd AT STEP 27330
WRITING COORDINATES TO DCD FILE NVT.dcd AT STEP 27340
WRITING COORDINATES TO DCD FILE NVT.dcd AT STEP 27350
WRITING COORDINATES TO DCD FILE NVT.dcd AT STEP 27360
WRITING COORDINATES TO DCD FILE NVT.dcd AT STEP 27370
WRITING COORDINATES TO DCD FILE NVT.dcd AT STEP 27380
WRITING COORDINATES TO DCD FILE NVT.dcd AT STEP 27390
WRITING COORDINATES TO DCD FILE NVT.dcd AT STEP 27400
WRITING COORDINATES TO DCD FILE NVT.dcd AT STEP 27410
WRITING COORDINATES TO DCD FILE NVT.dcd AT STEP 27420
WRITING COORDINATES TO DCD FILE NVT.dcd AT STEP 27430
WRITING COORDINATES TO DCD FILE NVT.dcd AT STEP 27440
WRITING COORDINATES TO DCD FILE NVT.dcd AT STEP 27450
WRITING COORDINATES TO DCD FILE NVT.dcd AT STEP 27460
WRITING COORDINATES TO DCD FILE NVT.dcd AT STEP 27470
WRITING COORDINATES TO DCD FILE NVT.dcd AT STEP 27480
WRITING COORDINATES TO DCD FILE NVT.dcd AT STEP 27490
WRITING COORDINATES TO DCD FILE NVT.dcd AT STEP 27500
WRITING COORDINATES TO DCD FILE NVT.dcd AT STEP 27510
WRITING COORDINATES TO DCD FILE NVT.dcd AT STEP 27520
WRITING COORDINATES TO DCD FILE NVT.dcd AT STEP 27530
WRITING COORDINATES TO DCD FILE NVT.dcd AT STEP 27540
WRITING COORDINATES TO DCD FILE NVT.dcd AT STEP 27550
WRITING COORDINATES TO DCD FILE NVT.dcd AT STEP 27560
WRITING COORDINATES TO DCD FILE NVT.dcd AT STEP 27570
WRITING COORDINATES TO DCD FILE NVT.dcd AT STEP 27580
WRITING COORDINATES TO DCD FILE NVT.dcd AT STEP 27590
WRITING COORDINATES TO DCD FILE NVT.dcd AT STEP 27600
WRITING COORDINATES TO DCD FILE NVT.dcd AT STEP 27610
WRITING COORDINATES TO DCD FILE NVT.dcd AT STEP 27620
WRITING COORDINATES TO DCD FILE NVT.dcd AT STEP 27630
WRITING COORDINATES TO DCD FILE NVT.dcd AT STEP 27640
WRITING COORDINATES TO DCD FILE NVT.dcd AT STEP 27650
WRITING COORDINATES TO DCD FILE NVT.dcd AT STEP 27660
WRITING COORDINATES TO DCD FILE NVT.dcd AT STEP 27670
WRITING COORDINATES TO DCD FILE NVT.dcd AT STEP 27680
WRITING COORDINATES TO DCD FILE NVT.dcd AT STEP 27690
WRITING COORDINATES TO DCD FILE NVT.dcd AT STEP 27700
WRITING COORDINATES TO DCD FILE NVT.dcd AT STEP 27710
WRITING COORDINATES TO DCD FILE NVT.dcd AT STEP 27720
WRITING COORDINATES TO DCD FILE NVT.dcd AT STEP 27730
WRITING COORDINATES TO DCD FILE NVT.dcd AT STEP 27740
WRITING COORDINATES TO DCD FILE NVT.dcd AT STEP 27750
WRITING COORDINATES TO DCD FILE NVT.dcd AT STEP 27760
WRITING COORDINATES TO DCD FILE NVT.dcd AT STEP 27770
WRITING COORDINATES TO DCD FILE NVT.dcd AT STEP 27780
WRITING COORDINATES TO DCD FILE NVT.dcd AT STEP 27790
WRITING COORDINATES TO DCD FILE NVT.dcd AT STEP 27800
WRITING COORDINATES TO DCD FILE NVT.dcd AT STEP 27810
WRITING COORDINATES TO DCD FILE NVT.dcd AT STEP 27820
WRITING COORDINATES TO DCD FILE NVT.dcd AT STEP 27830
WRITING COORDINATES TO DCD FILE NVT.dcd AT STEP 27840
WRITING COORDINATES TO DCD FILE NVT.dcd AT STEP 27850
WRITING COORDINATES TO DCD FILE NVT.dcd AT STEP 27860
WRITING COORDINATES TO DCD FILE NVT.dcd AT STEP 27870
WRITING COORDINATES TO DCD FILE NVT.dcd AT STEP 27880
WRITING COORDINATES TO DCD FILE NVT.dcd AT STEP 27890
WRITING COORDINATES TO DCD FILE NVT.dcd AT STEP 27900
WRITING COORDINATES TO DCD FILE NVT.dcd AT STEP 27910
WRITING COORDINATES TO DCD FILE NVT.dcd AT STEP 27920
WRITING COORDINATES TO DCD FILE NVT.dcd AT STEP 27930
WRITING COORDINATES TO DCD FILE NVT.dcd AT STEP 27940
WRITING COORDINATES TO DCD FILE NVT.dcd AT STEP 27950
WRITING COORDINATES TO DCD FILE NVT.dcd AT STEP 27960
WRITING COORDINATES TO DCD FILE NVT.dcd AT STEP 27970
WRITING COORDINATES TO DCD FILE NVT.dcd AT STEP 27980
WRITING COORDINATES TO DCD FILE NVT.dcd AT STEP 27990
PRESSURE: 28000 275.61 90.8123 376.234 90.8123 278.697 -37.383 376.234 -37.383 382.004
GPRESSURE: 28000 320.418 -85.0943 456.702 -15.064 165.539 -173.033 362.673 21.0208 518.347
PRESSAVG: 28000 -140.413 -26.9379 -24.7253 -26.9379 -5.31124 -7.39717 -24.7253 -7.39717 18.9873
GPRESSAVG: 28000 -140.627 -26.7394 -25.0846 -26.6501 -5.35511 -7.93197 -24.3736 -6.80648 19.3149
ENERGY:   28000      1566.5862      9196.4308      5651.0212        68.3687         -60952.6962     -1102.2519         0.0000         0.0000     18555.2445         -27017.2968       299.4780    -45572.5412    -26873.7319       300.2682            312.1036       334.7682    266765.5277       -42.2457       -42.2222

WRITING COORDINATES TO DCD FILE NVT.dcd AT STEP 28000
WRITING COORDINATES TO DCD FILE NVT.dcd AT STEP 28010
WRITING COORDINATES TO DCD FILE NVT.dcd AT STEP 28020
WRITING COORDINATES TO DCD FILE NVT.dcd AT STEP 28030
WRITING COORDINATES TO DCD FILE NVT.dcd AT STEP 28040
WRITING COORDINATES TO DCD FILE NVT.dcd AT STEP 28050
WRITING COORDINATES TO DCD FILE NVT.dcd AT STEP 28060
WRITING COORDINATES TO DCD FILE NVT.dcd AT STEP 28070
WRITING COORDINATES TO DCD FILE NVT.dcd AT STEP 28080
WRITING COORDINATES TO DCD FILE NVT.dcd AT STEP 28090
WRITING COORDINATES TO DCD FILE NVT.dcd AT STEP 28100
WRITING COORDINATES TO DCD FILE NVT.dcd AT STEP 28110
WRITING COORDINATES TO DCD FILE NVT.dcd AT STEP 28120
WRITING COORDINATES TO DCD FILE NVT.dcd AT STEP 28130
WRITING COORDINATES TO DCD FILE NVT.dcd AT STEP 28140
LDB: ============= START OF LOAD BALANCING ============== 4695.42
LDB: ============== END OF LOAD BALANCING =============== 4695.42
LDB: =============== DONE WITH MIGRATION ================ 4695.42
WRITING COORDINATES TO DCD FILE NVT.dcd AT STEP 28150
WRITING COORDINATES TO DCD FILE NVT.dcd AT STEP 28160
WRITING COORDINATES TO DCD FILE NVT.dcd AT STEP 28170
WRITING COORDINATES TO DCD FILE NVT.dcd AT STEP 28180
WRITING COORDINATES TO DCD FILE NVT.dcd AT STEP 28190
LDB: ============= START OF LOAD BALANCING ============== 4703.73
LDB: ============== END OF LOAD BALANCING =============== 4703.73
LDB: =============== DONE WITH MIGRATION ================ 4703.73
WRITING COORDINATES TO DCD FILE NVT.dcd AT STEP 28200
WRITING COORDINATES TO DCD FILE NVT.dcd AT STEP 28210
WRITING COORDINATES TO DCD FILE NVT.dcd AT STEP 28220
WRITING COORDINATES TO DCD FILE NVT.dcd AT STEP 28230
WRITING COORDINATES TO DCD FILE NVT.dcd AT STEP 28240
WRITING COORDINATES TO DCD FILE NVT.dcd AT STEP 28250
WRITING COORDINATES TO DCD FILE NVT.dcd AT STEP 28260
WRITING COORDINATES TO DCD FILE NVT.dcd AT STEP 28270
WRITING COORDINATES TO DCD FILE NVT.dcd AT STEP 28280
WRITING COORDINATES TO DCD FILE NVT.dcd AT STEP 28290
WRITING COORDINATES TO DCD FILE NVT.dcd AT STEP 28300
WRITING COORDINATES TO DCD FILE NVT.dcd AT STEP 28310
WRITING COORDINATES TO DCD FILE NVT.dcd AT STEP 28320
WRITING COORDINATES TO DCD FILE NVT.dcd AT STEP 28330
WRITING COORDINATES TO DCD FILE NVT.dcd AT STEP 28340
WRITING COORDINATES TO DCD FILE NVT.dcd AT STEP 28350
WRITING COORDINATES TO DCD FILE NVT.dcd AT STEP 28360
WRITING COORDINATES TO DCD FILE NVT.dcd AT STEP 28370
WRITING COORDINATES TO DCD FILE NVT.dcd AT STEP 28380
WRITING COORDINATES TO DCD FILE NVT.dcd AT STEP 28390
WRITING COORDINATES TO DCD FILE NVT.dcd AT STEP 28400
WRITING COORDINATES TO DCD FILE NVT.dcd AT STEP 28410
WRITING COORDINATES TO DCD FILE NVT.dcd AT STEP 28420
WRITING COORDINATES TO DCD FILE NVT.dcd AT STEP 28430
WRITING COORDINATES TO DCD FILE NVT.dcd AT STEP 28440
WRITING COORDINATES TO DCD FILE NVT.dcd AT STEP 28450
WRITING COORDINATES TO DCD FILE NVT.dcd AT STEP 28460
WRITING COORDINATES TO DCD FILE NVT.dcd AT STEP 28470
WRITING COORDINATES TO DCD FILE NVT.dcd AT STEP 28480
WRITING COORDINATES TO DCD FILE NVT.dcd AT STEP 28490
WRITING COORDINATES TO DCD FILE NVT.dcd AT STEP 28500
WRITING COORDINATES TO DCD FILE NVT.dcd AT STEP 28510
WRITING COORDINATES TO DCD FILE NVT.dcd AT STEP 28520
WRITING COORDINATES TO DCD FILE NVT.dcd AT STEP 28530
WRITING COORDINATES TO DCD FILE NVT.dcd AT STEP 28540
WRITING COORDINATES TO DCD FILE NVT.dcd AT STEP 28550
WRITING COORDINATES TO DCD FILE NVT.dcd AT STEP 28560
WRITING COORDINATES TO DCD FILE NVT.dcd AT STEP 28570
WRITING COORDINATES TO DCD FILE NVT.dcd AT STEP 28580
WRITING COORDINATES TO DCD FILE NVT.dcd AT STEP 28590
WRITING COORDINATES TO DCD FILE NVT.dcd AT STEP 28600
WRITING COORDINATES TO DCD FILE NVT.dcd AT STEP 28610
WRITING COORDINATES TO DCD FILE NVT.dcd AT STEP 28620
WRITING COORDINATES TO DCD FILE NVT.dcd AT STEP 28630
WRITING COORDINATES TO DCD FILE NVT.dcd AT STEP 28640
WRITING COORDINATES TO DCD FILE NVT.dcd AT STEP 28650
WRITING COORDINATES TO DCD FILE NVT.dcd AT STEP 28660
WRITING COORDINATES TO DCD FILE NVT.dcd AT STEP 28670
WRITING COORDINATES TO DCD FILE NVT.dcd AT STEP 28680
WRITING COORDINATES TO DCD FILE NVT.dcd AT STEP 28690
WRITING COORDINATES TO DCD FILE NVT.dcd AT STEP 28700
WRITING COORDINATES TO DCD FILE NVT.dcd AT STEP 28710
WRITING COORDINATES TO DCD FILE NVT.dcd AT STEP 28720
WRITING COORDINATES TO DCD FILE NVT.dcd AT STEP 28730
WRITING COORDINATES TO DCD FILE NVT.dcd AT STEP 28740
WRITING COORDINATES TO DCD FILE NVT.dcd AT STEP 28750
WRITING COORDINATES TO DCD FILE NVT.dcd AT STEP 28760
WRITING COORDINATES TO DCD FILE NVT.dcd AT STEP 28770
WRITING COORDINATES TO DCD FILE NVT.dcd AT STEP 28780
WRITING COORDINATES TO DCD FILE NVT.dcd AT STEP 28790
WRITING COORDINATES TO DCD FILE NVT.dcd AT STEP 28800
WRITING COORDINATES TO DCD FILE NVT.dcd AT STEP 28810
WRITING COORDINATES TO DCD FILE NVT.dcd AT STEP 28820
WRITING COORDINATES TO DCD FILE NVT.dcd AT STEP 28830
WRITING COORDINATES TO DCD FILE NVT.dcd AT STEP 28840
WRITING COORDINATES TO DCD FILE NVT.dcd AT STEP 28850
WRITING COORDINATES TO DCD FILE NVT.dcd AT STEP 28860
WRITING COORDINATES TO DCD FILE NVT.dcd AT STEP 28870
WRITING COORDINATES TO DCD FILE NVT.dcd AT STEP 28880
WRITING COORDINATES TO DCD FILE NVT.dcd AT STEP 28890
WRITING COORDINATES TO DCD FILE NVT.dcd AT STEP 28900
WRITING COORDINATES TO DCD FILE NVT.dcd AT STEP 28910
WRITING COORDINATES TO DCD FILE NVT.dcd AT STEP 28920
WRITING COORDINATES TO DCD FILE NVT.dcd AT STEP 28930
WRITING COORDINATES TO DCD FILE NVT.dcd AT STEP 28940
WRITING COORDINATES TO DCD FILE NVT.dcd AT STEP 28950
WRITING COORDINATES TO DCD FILE NVT.dcd AT STEP 28960
WRITING COORDINATES TO DCD FILE NVT.dcd AT STEP 28970
WRITING COORDINATES TO DCD FILE NVT.dcd AT STEP 28980
WRITING COORDINATES TO DCD FILE NVT.dcd AT STEP 28990
PRESSURE: 29000 -30.7453 -147.687 -14.3318 -147.687 715.166 247.184 -14.3318 247.184 -323.789
GPRESSURE: 29000 107.639 -210.692 137.925 -113.469 741.349 209.761 14.9596 108.061 -433.869
PRESSAVG: 29000 -43.9625 -45.1798 38.1692 -45.1798 -83.0901 26.5493 38.1692 26.5493 -36.1087
GPRESSAVG: 29000 -43.816 -44.9928 38.9712 -45.3491 -83.2819 26.2393 37.9227 26.5593 -36.0331
ENERGY:   29000      1587.9989      9379.4663      5712.7061        84.0602         -60811.2577     -1257.6530         0.0000         0.0000     18557.9915         -26746.6876       299.5223    -45304.6791    -26601.6738       300.6007            120.2105       138.3729    266765.5277       -54.3871       -54.3770

WRITING COORDINATES TO DCD FILE NVT.dcd AT STEP 29000
WRITING COORDINATES TO DCD FILE NVT.dcd AT STEP 29010
WRITING COORDINATES TO DCD FILE NVT.dcd AT STEP 29020
WRITING COORDINATES TO DCD FILE NVT.dcd AT STEP 29030
WRITING COORDINATES TO DCD FILE NVT.dcd AT STEP 29040
WRITING COORDINATES TO DCD FILE NVT.dcd AT STEP 29050
WRITING COORDINATES TO DCD FILE NVT.dcd AT STEP 29060
WRITING COORDINATES TO DCD FILE NVT.dcd AT STEP 29070
WRITING COORDINATES TO DCD FILE NVT.dcd AT STEP 29080
WRITING COORDINATES TO DCD FILE NVT.dcd AT STEP 29090
WRITING COORDINATES TO DCD FILE NVT.dcd AT STEP 29100
WRITING COORDINATES TO DCD FILE NVT.dcd AT STEP 29110
WRITING COORDINATES TO DCD FILE NVT.dcd AT STEP 29120
WRITING COORDINATES TO DCD FILE NVT.dcd AT STEP 29130
WRITING COORDINATES TO DCD FILE NVT.dcd AT STEP 29140
WRITING COORDINATES TO DCD FILE NVT.dcd AT STEP 29150
WRITING COORDINATES TO DCD FILE NVT.dcd AT STEP 29160
WRITING COORDINATES TO DCD FILE NVT.dcd AT STEP 29170
WRITING COORDINATES TO DCD FILE NVT.dcd AT STEP 29180
WRITING COORDINATES TO DCD FILE NVT.dcd AT STEP 29190
WRITING COORDINATES TO DCD FILE NVT.dcd AT STEP 29200
WRITING COORDINATES TO DCD FILE NVT.dcd AT STEP 29210
WRITING COORDINATES TO DCD FILE NVT.dcd AT STEP 29220
WRITING COORDINATES TO DCD FILE NVT.dcd AT STEP 29230
WRITING COORDINATES TO DCD FILE NVT.dcd AT STEP 29240
WRITING COORDINATES TO DCD FILE NVT.dcd AT STEP 29250
WRITING COORDINATES TO DCD FILE NVT.dcd AT STEP 29260
WRITING COORDINATES TO DCD FILE NVT.dcd AT STEP 29270
WRITING COORDINATES TO DCD FILE NVT.dcd AT STEP 29280
WRITING COORDINATES TO DCD FILE NVT.dcd AT STEP 29290
WRITING COORDINATES TO DCD FILE NVT.dcd AT STEP 29300
WRITING COORDINATES TO DCD FILE NVT.dcd AT STEP 29310
WRITING COORDINATES TO DCD FILE NVT.dcd AT STEP 29320
WRITING COORDINATES TO DCD FILE NVT.dcd AT STEP 29330
WRITING COORDINATES TO DCD FILE NVT.dcd AT STEP 29340
WRITING COORDINATES TO DCD FILE NVT.dcd AT STEP 29350
WRITING COORDINATES TO DCD FILE NVT.dcd AT STEP 29360
WRITING COORDINATES TO DCD FILE NVT.dcd AT STEP 29370
WRITING COORDINATES TO DCD FILE NVT.dcd AT STEP 29380
WRITING COORDINATES TO DCD FILE NVT.dcd AT STEP 29390
WRITING COORDINATES TO DCD FILE NVT.dcd AT STEP 29400
WRITING COORDINATES TO DCD FILE NVT.dcd AT STEP 29410
WRITING COORDINATES TO DCD FILE NVT.dcd AT STEP 29420
WRITING COORDINATES TO DCD FILE NVT.dcd AT STEP 29430
WRITING COORDINATES TO DCD FILE NVT.dcd AT STEP 29440
WRITING COORDINATES TO DCD FILE NVT.dcd AT STEP 29450
WRITING COORDINATES TO DCD FILE NVT.dcd AT STEP 29460
WRITING COORDINATES TO DCD FILE NVT.dcd AT STEP 29470
WRITING COORDINATES TO DCD FILE NVT.dcd AT STEP 29480
WRITING COORDINATES TO DCD FILE NVT.dcd AT STEP 29490
WRITING COORDINATES TO DCD FILE NVT.dcd AT STEP 29500
WRITING COORDINATES TO DCD FILE NVT.dcd AT STEP 29510
WRITING COORDINATES TO DCD FILE NVT.dcd AT STEP 29520
WRITING COORDINATES TO DCD FILE NVT.dcd AT STEP 29530
WRITING COORDINATES TO DCD FILE NVT.dcd AT STEP 29540
WRITING COORDINATES TO DCD FILE NVT.dcd AT STEP 29550
WRITING COORDINATES TO DCD FILE NVT.dcd AT STEP 29560
WRITING COORDINATES TO DCD FILE NVT.dcd AT STEP 29570
WRITING COORDINATES TO DCD FILE NVT.dcd AT STEP 29580
WRITING COORDINATES TO DCD FILE NVT.dcd AT STEP 29590
WRITING COORDINATES TO DCD FILE NVT.dcd AT STEP 29600
WRITING COORDINATES TO DCD FILE NVT.dcd AT STEP 29610
WRITING COORDINATES TO DCD FILE NVT.dcd AT STEP 29620
WRITING COORDINATES TO DCD FILE NVT.dcd AT STEP 29630
WRITING COORDINATES TO DCD FILE NVT.dcd AT STEP 29640
WRITING COORDINATES TO DCD FILE NVT.dcd AT STEP 29650
WRITING COORDINATES TO DCD FILE NVT.dcd AT STEP 29660
WRITING COORDINATES TO DCD FILE NVT.dcd AT STEP 29670
WRITING COORDINATES TO DCD FILE NVT.dcd AT STEP 29680
WRITING COORDINATES TO DCD FILE NVT.dcd AT STEP 29690
WRITING COORDINATES TO DCD FILE NVT.dcd AT STEP 29700
WRITING COORDINATES TO DCD FILE NVT.dcd AT STEP 29710
WRITING COORDINATES TO DCD FILE NVT.dcd AT STEP 29720
WRITING COORDINATES TO DCD FILE NVT.dcd AT STEP 29730
WRITING COORDINATES TO DCD FILE NVT.dcd AT STEP 29740
WRITING COORDINATES TO DCD FILE NVT.dcd AT STEP 29750
WRITING COORDINATES TO DCD FILE NVT.dcd AT STEP 29760
WRITING COORDINATES TO DCD FILE NVT.dcd AT STEP 29770
WRITING COORDINATES TO DCD FILE NVT.dcd AT STEP 29780
WRITING COORDINATES TO DCD FILE NVT.dcd AT STEP 29790
WRITING COORDINATES TO DCD FILE NVT.dcd AT STEP 29800
WRITING COORDINATES TO DCD FILE NVT.dcd AT STEP 29810
WRITING COORDINATES TO DCD FILE NVT.dcd AT STEP 29820
WRITING COORDINATES TO DCD FILE NVT.dcd AT STEP 29830
WRITING COORDINATES TO DCD FILE NVT.dcd AT STEP 29840
WRITING COORDINATES TO DCD FILE NVT.dcd AT STEP 29850
WRITING COORDINATES TO DCD FILE NVT.dcd AT STEP 29860
WRITING COORDINATES TO DCD FILE NVT.dcd AT STEP 29870
WRITING COORDINATES TO DCD FILE NVT.dcd AT STEP 29880
WRITING COORDINATES TO DCD FILE NVT.dcd AT STEP 29890
WRITING COORDINATES TO DCD FILE NVT.dcd AT STEP 29900
WRITING COORDINATES TO DCD FILE NVT.dcd AT STEP 29910
WRITING COORDINATES TO DCD FILE NVT.dcd AT STEP 29920
WRITING COORDINATES TO DCD FILE NVT.dcd AT STEP 29930
WRITING COORDINATES TO DCD FILE NVT.dcd AT STEP 29940
WRITING COORDINATES TO DCD FILE NVT.dcd AT STEP 29950
WRITING COORDINATES TO DCD FILE NVT.dcd AT STEP 29960
WRITING COORDINATES TO DCD FILE NVT.dcd AT STEP 29970
WRITING COORDINATES TO DCD FILE NVT.dcd AT STEP 29980
WRITING COORDINATES TO DCD FILE NVT.dcd AT STEP 29990
PRESSURE: 30000 -491.885 -258.861 -47.0065 -258.861 195.662 -281.306 -47.0065 -281.306 381.063
GPRESSURE: 30000 -396.14 -298.819 -170.936 -387.559 161.58 -265.845 -40.9621 -187.518 387.998
PRESSAVG: 30000 -155.35 5.69118 -6.5829 5.69118 -40.7302 -28.2556 -6.5829 -28.2556 -48.8065
GPRESSAVG: 30000 -155.769 5.67865 -6.78968 5.30573 -40.4116 -27.2327 -5.83611 -27.5561 -48.9072
TIMING: 30000  CPU: 4978.31, 0.166209/step  Wall: 4978.41, 0.166213/step, 0.923405 hours remaining, 841.435759 MB of memory in use.
PERFORMANCE: 30000  averaging 1.04137 ns/day, 0.165935 sec/step with standard deviation 0.00033235
ETITLE:      TS           BOND          ANGLE          DIHED          IMPRP               ELECT            VDW       BOUNDARY           MISC        KINETIC               TOTAL           TEMP      POTENTIAL         TOTAL3        TEMPAVG            PRESSURE      GPRESSURE         VOLUME       PRESSAVG      GPRESSAVG

ENERGY:   30000      1570.3778      9300.7173      5709.2561        70.7467         -60690.7188     -1350.1406         0.0000         0.0000     18570.5008         -26819.2606       299.7242    -45389.7614    -26667.3631       300.9500             28.2800        51.1461    266765.5277       -81.6287       -81.6959

WRITING EXTENDED SYSTEM TO RESTART FILE AT STEP 30000
WRITING COORDINATES TO DCD FILE NVT.dcd AT STEP 30000
WRITING COORDINATES TO RESTART FILE AT STEP 30000
FINISHED WRITING RESTART COORDINATES
WRITING VELOCITIES TO RESTART FILE AT STEP 30000
FINISHED WRITING RESTART VELOCITIES
WRITING COORDINATES TO DCD FILE NVT.dcd AT STEP 30010
WRITING COORDINATES TO DCD FILE NVT.dcd AT STEP 30020
WRITING COORDINATES TO DCD FILE NVT.dcd AT STEP 30030
WRITING COORDINATES TO DCD FILE NVT.dcd AT STEP 30040
WRITING COORDINATES TO DCD FILE NVT.dcd AT STEP 30050
WRITING COORDINATES TO DCD FILE NVT.dcd AT STEP 30060
WRITING COORDINATES TO DCD FILE NVT.dcd AT STEP 30070
WRITING COORDINATES TO DCD FILE NVT.dcd AT STEP 30080
WRITING COORDINATES TO DCD FILE NVT.dcd AT STEP 30090
WRITING COORDINATES TO DCD FILE NVT.dcd AT STEP 30100
WRITING COORDINATES TO DCD FILE NVT.dcd AT STEP 30110
WRITING COORDINATES TO DCD FILE NVT.dcd AT STEP 30120
WRITING COORDINATES TO DCD FILE NVT.dcd AT STEP 30130
WRITING COORDINATES TO DCD FILE NVT.dcd AT STEP 30140
LDB: ============= START OF LOAD BALANCING ============== 5027.96
LDB: ============== END OF LOAD BALANCING =============== 5027.96
LDB: =============== DONE WITH MIGRATION ================ 5027.96
WRITING COORDINATES TO DCD FILE NVT.dcd AT STEP 30150
WRITING COORDINATES TO DCD FILE NVT.dcd AT STEP 30160
WRITING COORDINATES TO DCD FILE NVT.dcd AT STEP 30170
WRITING COORDINATES TO DCD FILE NVT.dcd AT STEP 30180
WRITING COORDINATES TO DCD FILE NVT.dcd AT STEP 30190
LDB: ============= START OF LOAD BALANCING ============== 5036.26
LDB: ============== END OF LOAD BALANCING =============== 5036.26
LDB: =============== DONE WITH MIGRATION ================ 5036.26
WRITING COORDINATES TO DCD FILE NVT.dcd AT STEP 30200
WRITING COORDINATES TO DCD FILE NVT.dcd AT STEP 30210
WRITING COORDINATES TO DCD FILE NVT.dcd AT STEP 30220
WRITING COORDINATES TO DCD FILE NVT.dcd AT STEP 30230
WRITING COORDINATES TO DCD FILE NVT.dcd AT STEP 30240
WRITING COORDINATES TO DCD FILE NVT.dcd AT STEP 30250
WRITING COORDINATES TO DCD FILE NVT.dcd AT STEP 30260
WRITING COORDINATES TO DCD FILE NVT.dcd AT STEP 30270
WRITING COORDINATES TO DCD FILE NVT.dcd AT STEP 30280
WRITING COORDINATES TO DCD FILE NVT.dcd AT STEP 30290
WRITING COORDINATES TO DCD FILE NVT.dcd AT STEP 30300
WRITING COORDINATES TO DCD FILE NVT.dcd AT STEP 30310
WRITING COORDINATES TO DCD FILE NVT.dcd AT STEP 30320
WRITING COORDINATES TO DCD FILE NVT.dcd AT STEP 30330
WRITING COORDINATES TO DCD FILE NVT.dcd AT STEP 30340
WRITING COORDINATES TO DCD FILE NVT.dcd AT STEP 30350
WRITING COORDINATES TO DCD FILE NVT.dcd AT STEP 30360
WRITING COORDINATES TO DCD FILE NVT.dcd AT STEP 30370
WRITING COORDINATES TO DCD FILE NVT.dcd AT STEP 30380
WRITING COORDINATES TO DCD FILE NVT.dcd AT STEP 30390
WRITING COORDINATES TO DCD FILE NVT.dcd AT STEP 30400
WRITING COORDINATES TO DCD FILE NVT.dcd AT STEP 30410
WRITING COORDINATES TO DCD FILE NVT.dcd AT STEP 30420
WRITING COORDINATES TO DCD FILE NVT.dcd AT STEP 30430
WRITING COORDINATES TO DCD FILE NVT.dcd AT STEP 30440
WRITING COORDINATES TO DCD FILE NVT.dcd AT STEP 30450
WRITING COORDINATES TO DCD FILE NVT.dcd AT STEP 30460
WRITING COORDINATES TO DCD FILE NVT.dcd AT STEP 30470
WRITING COORDINATES TO DCD FILE NVT.dcd AT STEP 30480
WRITING COORDINATES TO DCD FILE NVT.dcd AT STEP 30490
WRITING COORDINATES TO DCD FILE NVT.dcd AT STEP 30500
WRITING COORDINATES TO DCD FILE NVT.dcd AT STEP 30510
WRITING COORDINATES TO DCD FILE NVT.dcd AT STEP 30520
WRITING COORDINATES TO DCD FILE NVT.dcd AT STEP 30530
WRITING COORDINATES TO DCD FILE NVT.dcd AT STEP 30540
WRITING COORDINATES TO DCD FILE NVT.dcd AT STEP 30550
WRITING COORDINATES TO DCD FILE NVT.dcd AT STEP 30560
WRITING COORDINATES TO DCD FILE NVT.dcd AT STEP 30570
WRITING COORDINATES TO DCD FILE NVT.dcd AT STEP 30580
WRITING COORDINATES TO DCD FILE NVT.dcd AT STEP 30590
WRITING COORDINATES TO DCD FILE NVT.dcd AT STEP 30600
WRITING COORDINATES TO DCD FILE NVT.dcd AT STEP 30610
WRITING COORDINATES TO DCD FILE NVT.dcd AT STEP 30620
WRITING COORDINATES TO DCD FILE NVT.dcd AT STEP 30630
WRITING COORDINATES TO DCD FILE NVT.dcd AT STEP 30640
WRITING COORDINATES TO DCD FILE NVT.dcd AT STEP 30650
WRITING COORDINATES TO DCD FILE NVT.dcd AT STEP 30660
WRITING COORDINATES TO DCD FILE NVT.dcd AT STEP 30670
WRITING COORDINATES TO DCD FILE NVT.dcd AT STEP 30680
WRITING COORDINATES TO DCD FILE NVT.dcd AT STEP 30690
WRITING COORDINATES TO DCD FILE NVT.dcd AT STEP 30700
WRITING COORDINATES TO DCD FILE NVT.dcd AT STEP 30710
WRITING COORDINATES TO DCD FILE NVT.dcd AT STEP 30720
WRITING COORDINATES TO DCD FILE NVT.dcd AT STEP 30730
WRITING COORDINATES TO DCD FILE NVT.dcd AT STEP 30740
WRITING COORDINATES TO DCD FILE NVT.dcd AT STEP 30750
WRITING COORDINATES TO DCD FILE NVT.dcd AT STEP 30760
WRITING COORDINATES TO DCD FILE NVT.dcd AT STEP 30770
WRITING COORDINATES TO DCD FILE NVT.dcd AT STEP 30780
WRITING COORDINATES TO DCD FILE NVT.dcd AT STEP 30790
WRITING COORDINATES TO DCD FILE NVT.dcd AT STEP 30800
WRITING COORDINATES TO DCD FILE NVT.dcd AT STEP 30810
WRITING COORDINATES TO DCD FILE NVT.dcd AT STEP 30820
WRITING COORDINATES TO DCD FILE NVT.dcd AT STEP 30830
WRITING COORDINATES TO DCD FILE NVT.dcd AT STEP 30840
WRITING COORDINATES TO DCD FILE NVT.dcd AT STEP 30850
WRITING COORDINATES TO DCD FILE NVT.dcd AT STEP 30860
WRITING COORDINATES TO DCD FILE NVT.dcd AT STEP 30870
WRITING COORDINATES TO DCD FILE NVT.dcd AT STEP 30880
WRITING COORDINATES TO DCD FILE NVT.dcd AT STEP 30890
WRITING COORDINATES TO DCD FILE NVT.dcd AT STEP 30900
WRITING COORDINATES TO DCD FILE NVT.dcd AT STEP 30910
WRITING COORDINATES TO DCD FILE NVT.dcd AT STEP 30920
WRITING COORDINATES TO DCD FILE NVT.dcd AT STEP 30930
WRITING COORDINATES TO DCD FILE NVT.dcd AT STEP 30940
WRITING COORDINATES TO DCD FILE NVT.dcd AT STEP 30950
WRITING COORDINATES TO DCD FILE NVT.dcd AT STEP 30960
WRITING COORDINATES TO DCD FILE NVT.dcd AT STEP 30970
WRITING COORDINATES TO DCD FILE NVT.dcd AT STEP 30980
WRITING COORDINATES TO DCD FILE NVT.dcd AT STEP 30990
PRESSURE: 31000 17.8814 -230.424 -144.338 -230.424 183.556 47.0398 -144.338 47.0398 -569.025
GPRESSURE: 31000 137.642 -253.526 -230.461 1.1181 103.081 35.568 -88.4474 269.872 -555.77
PRESSAVG: 31000 -161.743 15.0993 -13.8822 15.0993 -102.028 23.6672 -13.8822 23.6672 -65.7423
GPRESSAVG: 31000 -161.184 15.002 -14.0479 14.9688 -102.354 23.0768 -14.1765 23.235 -65.5277
ENERGY:   31000      1562.3046      9184.5399      5683.1827        82.1813         -60775.3172     -1217.4564         0.0000         0.0000     18624.6038         -26855.9613       300.5974    -45480.5651    -26705.1346       300.6267           -122.5290      -105.0158    266765.5277      -109.8378      -109.6885

WRITING COORDINATES TO DCD FILE NVT.dcd AT STEP 31000
WRITING COORDINATES TO DCD FILE NVT.dcd AT STEP 31010
WRITING COORDINATES TO DCD FILE NVT.dcd AT STEP 31020
WRITING COORDINATES TO DCD FILE NVT.dcd AT STEP 31030
WRITING COORDINATES TO DCD FILE NVT.dcd AT STEP 31040
WRITING COORDINATES TO DCD FILE NVT.dcd AT STEP 31050
WRITING COORDINATES TO DCD FILE NVT.dcd AT STEP 31060
WRITING COORDINATES TO DCD FILE NVT.dcd AT STEP 31070
WRITING COORDINATES TO DCD FILE NVT.dcd AT STEP 31080
WRITING COORDINATES TO DCD FILE NVT.dcd AT STEP 31090
WRITING COORDINATES TO DCD FILE NVT.dcd AT STEP 31100
WRITING COORDINATES TO DCD FILE NVT.dcd AT STEP 31110
WRITING COORDINATES TO DCD FILE NVT.dcd AT STEP 31120
WRITING COORDINATES TO DCD FILE NVT.dcd AT STEP 31130
WRITING COORDINATES TO DCD FILE NVT.dcd AT STEP 31140
WRITING COORDINATES TO DCD FILE NVT.dcd AT STEP 31150
WRITING COORDINATES TO DCD FILE NVT.dcd AT STEP 31160
WRITING COORDINATES TO DCD FILE NVT.dcd AT STEP 31170
WRITING COORDINATES TO DCD FILE NVT.dcd AT STEP 31180
WRITING COORDINATES TO DCD FILE NVT.dcd AT STEP 31190
WRITING COORDINATES TO DCD FILE NVT.dcd AT STEP 31200
WRITING COORDINATES TO DCD FILE NVT.dcd AT STEP 31210
WRITING COORDINATES TO DCD FILE NVT.dcd AT STEP 31220
WRITING COORDINATES TO DCD FILE NVT.dcd AT STEP 31230
WRITING COORDINATES TO DCD FILE NVT.dcd AT STEP 31240
WRITING COORDINATES TO DCD FILE NVT.dcd AT STEP 31250
WRITING COORDINATES TO DCD FILE NVT.dcd AT STEP 31260
WRITING COORDINATES TO DCD FILE NVT.dcd AT STEP 31270
WRITING COORDINATES TO DCD FILE NVT.dcd AT STEP 31280
WRITING COORDINATES TO DCD FILE NVT.dcd AT STEP 31290
WRITING COORDINATES TO DCD FILE NVT.dcd AT STEP 31300
WRITING COORDINATES TO DCD FILE NVT.dcd AT STEP 31310
WRITING COORDINATES TO DCD FILE NVT.dcd AT STEP 31320
WRITING COORDINATES TO DCD FILE NVT.dcd AT STEP 31330
WRITING COORDINATES TO DCD FILE NVT.dcd AT STEP 31340
WRITING COORDINATES TO DCD FILE NVT.dcd AT STEP 31350
WRITING COORDINATES TO DCD FILE NVT.dcd AT STEP 31360
WRITING COORDINATES TO DCD FILE NVT.dcd AT STEP 31370
WRITING COORDINATES TO DCD FILE NVT.dcd AT STEP 31380
WRITING COORDINATES TO DCD FILE NVT.dcd AT STEP 31390
WRITING COORDINATES TO DCD FILE NVT.dcd AT STEP 31400
WRITING COORDINATES TO DCD FILE NVT.dcd AT STEP 31410
WRITING COORDINATES TO DCD FILE NVT.dcd AT STEP 31420
WRITING COORDINATES TO DCD FILE NVT.dcd AT STEP 31430
WRITING COORDINATES TO DCD FILE NVT.dcd AT STEP 31440
WRITING COORDINATES TO DCD FILE NVT.dcd AT STEP 31450
WRITING COORDINATES TO DCD FILE NVT.dcd AT STEP 31460
WRITING COORDINATES TO DCD FILE NVT.dcd AT STEP 31470
WRITING COORDINATES TO DCD FILE NVT.dcd AT STEP 31480
WRITING COORDINATES TO DCD FILE NVT.dcd AT STEP 31490
WRITING COORDINATES TO DCD FILE NVT.dcd AT STEP 31500
WRITING COORDINATES TO DCD FILE NVT.dcd AT STEP 31510
WRITING COORDINATES TO DCD FILE NVT.dcd AT STEP 31520
WRITING COORDINATES TO DCD FILE NVT.dcd AT STEP 31530
WRITING COORDINATES TO DCD FILE NVT.dcd AT STEP 31540
WRITING COORDINATES TO DCD FILE NVT.dcd AT STEP 31550
WRITING COORDINATES TO DCD FILE NVT.dcd AT STEP 31560
WRITING COORDINATES TO DCD FILE NVT.dcd AT STEP 31570
WRITING COORDINATES TO DCD FILE NVT.dcd AT STEP 31580
WRITING COORDINATES TO DCD FILE NVT.dcd AT STEP 31590
WRITING COORDINATES TO DCD FILE NVT.dcd AT STEP 31600
WRITING COORDINATES TO DCD FILE NVT.dcd AT STEP 31610
WRITING COORDINATES TO DCD FILE NVT.dcd AT STEP 31620
WRITING COORDINATES TO DCD FILE NVT.dcd AT STEP 31630
WRITING COORDINATES TO DCD FILE NVT.dcd AT STEP 31640
WRITING COORDINATES TO DCD FILE NVT.dcd AT STEP 31650
WRITING COORDINATES TO DCD FILE NVT.dcd AT STEP 31660
WRITING COORDINATES TO DCD FILE NVT.dcd AT STEP 31670
WRITING COORDINATES TO DCD FILE NVT.dcd AT STEP 31680
WRITING COORDINATES TO DCD FILE NVT.dcd AT STEP 31690
WRITING COORDINATES TO DCD FILE NVT.dcd AT STEP 31700
WRITING COORDINATES TO DCD FILE NVT.dcd AT STEP 31710
WRITING COORDINATES TO DCD FILE NVT.dcd AT STEP 31720
WRITING COORDINATES TO DCD FILE NVT.dcd AT STEP 31730
WRITING COORDINATES TO DCD FILE NVT.dcd AT STEP 31740
WRITING COORDINATES TO DCD FILE NVT.dcd AT STEP 31750
WRITING COORDINATES TO DCD FILE NVT.dcd AT STEP 31760
WRITING COORDINATES TO DCD FILE NVT.dcd AT STEP 31770
WRITING COORDINATES TO DCD FILE NVT.dcd AT STEP 31780
WRITING COORDINATES TO DCD FILE NVT.dcd AT STEP 31790
WRITING COORDINATES TO DCD FILE NVT.dcd AT STEP 31800
WRITING COORDINATES TO DCD FILE NVT.dcd AT STEP 31810
WRITING COORDINATES TO DCD FILE NVT.dcd AT STEP 31820
WRITING COORDINATES TO DCD FILE NVT.dcd AT STEP 31830
WRITING COORDINATES TO DCD FILE NVT.dcd AT STEP 31840
WRITING COORDINATES TO DCD FILE NVT.dcd AT STEP 31850
WRITING COORDINATES TO DCD FILE NVT.dcd AT STEP 31860
WRITING COORDINATES TO DCD FILE NVT.dcd AT STEP 31870
WRITING COORDINATES TO DCD FILE NVT.dcd AT STEP 31880
WRITING COORDINATES TO DCD FILE NVT.dcd AT STEP 31890
WRITING COORDINATES TO DCD FILE NVT.dcd AT STEP 31900
WRITING COORDINATES TO DCD FILE NVT.dcd AT STEP 31910
WRITING COORDINATES TO DCD FILE NVT.dcd AT STEP 31920
WRITING COORDINATES TO DCD FILE NVT.dcd AT STEP 31930
WRITING COORDINATES TO DCD FILE NVT.dcd AT STEP 31940
WRITING COORDINATES TO DCD FILE NVT.dcd AT STEP 31950
WRITING COORDINATES TO DCD FILE NVT.dcd AT STEP 31960
WRITING COORDINATES TO DCD FILE NVT.dcd AT STEP 31970
WRITING COORDINATES TO DCD FILE NVT.dcd AT STEP 31980
WRITING COORDINATES TO DCD FILE NVT.dcd AT STEP 31990
PRESSURE: 32000 233.192 -431.047 75.4509 -431.047 403.515 -106.99 75.4509 -106.99 -592.555
GPRESSURE: 32000 281.541 -395.534 73.9545 -242.538 312.412 -81.9611 217.867 -149.375 -538.487
PRESSAVG: 32000 -76.1689 53.178 57.5893 53.178 -64.3247 -46.4893 57.5893 -46.4893 -23.1222
GPRESSAVG: 32000 -75.8405 53.8204 57.6226 52.8979 -64.261 -47.0946 57.5074 -46.1957 -23.4135
ENERGY:   32000      1570.0362      9230.0396      5698.3367        77.9776         -60943.9416     -1142.1115         0.0000         0.0000     18468.5718         -27041.0912       298.0791    -45509.6630    -26901.0149       300.0256             14.7172        18.4886    266765.5277       -54.5386       -54.5050

WRITING COORDINATES TO DCD FILE NVT.dcd AT STEP 32000
WRITING COORDINATES TO DCD FILE NVT.dcd AT STEP 32010
WRITING COORDINATES TO DCD FILE NVT.dcd AT STEP 32020
WRITING COORDINATES TO DCD FILE NVT.dcd AT STEP 32030
WRITING COORDINATES TO DCD FILE NVT.dcd AT STEP 32040
WRITING COORDINATES TO DCD FILE NVT.dcd AT STEP 32050
WRITING COORDINATES TO DCD FILE NVT.dcd AT STEP 32060
WRITING COORDINATES TO DCD FILE NVT.dcd AT STEP 32070
WRITING COORDINATES TO DCD FILE NVT.dcd AT STEP 32080
WRITING COORDINATES TO DCD FILE NVT.dcd AT STEP 32090
WRITING COORDINATES TO DCD FILE NVT.dcd AT STEP 32100
WRITING COORDINATES TO DCD FILE NVT.dcd AT STEP 32110
WRITING COORDINATES TO DCD FILE NVT.dcd AT STEP 32120
WRITING COORDINATES TO DCD FILE NVT.dcd AT STEP 32130
WRITING COORDINATES TO DCD FILE NVT.dcd AT STEP 32140
LDB: ============= START OF LOAD BALANCING ============== 5360.4
LDB: ============== END OF LOAD BALANCING =============== 5360.4
LDB: =============== DONE WITH MIGRATION ================ 5360.4
WRITING COORDINATES TO DCD FILE NVT.dcd AT STEP 32150
WRITING COORDINATES TO DCD FILE NVT.dcd AT STEP 32160
WRITING COORDINATES TO DCD FILE NVT.dcd AT STEP 32170
WRITING COORDINATES TO DCD FILE NVT.dcd AT STEP 32180
WRITING COORDINATES TO DCD FILE NVT.dcd AT STEP 32190
LDB: ============= START OF LOAD BALANCING ============== 5368.73
LDB: ============== END OF LOAD BALANCING =============== 5368.73
LDB: =============== DONE WITH MIGRATION ================ 5368.73
WRITING COORDINATES TO DCD FILE NVT.dcd AT STEP 32200
WRITING COORDINATES TO DCD FILE NVT.dcd AT STEP 32210
WRITING COORDINATES TO DCD FILE NVT.dcd AT STEP 32220
WRITING COORDINATES TO DCD FILE NVT.dcd AT STEP 32230
WRITING COORDINATES TO DCD FILE NVT.dcd AT STEP 32240
WRITING COORDINATES TO DCD FILE NVT.dcd AT STEP 32250
WRITING COORDINATES TO DCD FILE NVT.dcd AT STEP 32260
WRITING COORDINATES TO DCD FILE NVT.dcd AT STEP 32270
WRITING COORDINATES TO DCD FILE NVT.dcd AT STEP 32280
WRITING COORDINATES TO DCD FILE NVT.dcd AT STEP 32290
WRITING COORDINATES TO DCD FILE NVT.dcd AT STEP 32300
WRITING COORDINATES TO DCD FILE NVT.dcd AT STEP 32310
WRITING COORDINATES TO DCD FILE NVT.dcd AT STEP 32320
WRITING COORDINATES TO DCD FILE NVT.dcd AT STEP 32330
WRITING COORDINATES TO DCD FILE NVT.dcd AT STEP 32340
WRITING COORDINATES TO DCD FILE NVT.dcd AT STEP 32350
WRITING COORDINATES TO DCD FILE NVT.dcd AT STEP 32360
WRITING COORDINATES TO DCD FILE NVT.dcd AT STEP 32370
WRITING COORDINATES TO DCD FILE NVT.dcd AT STEP 32380
WRITING COORDINATES TO DCD FILE NVT.dcd AT STEP 32390
WRITING COORDINATES TO DCD FILE NVT.dcd AT STEP 32400
WRITING COORDINATES TO DCD FILE NVT.dcd AT STEP 32410
WRITING COORDINATES TO DCD FILE NVT.dcd AT STEP 32420
WRITING COORDINATES TO DCD FILE NVT.dcd AT STEP 32430
WRITING COORDINATES TO DCD FILE NVT.dcd AT STEP 32440
WRITING COORDINATES TO DCD FILE NVT.dcd AT STEP 32450
WRITING COORDINATES TO DCD FILE NVT.dcd AT STEP 32460
WRITING COORDINATES TO DCD FILE NVT.dcd AT STEP 32470
WRITING COORDINATES TO DCD FILE NVT.dcd AT STEP 32480
WRITING COORDINATES TO DCD FILE NVT.dcd AT STEP 32490
WRITING COORDINATES TO DCD FILE NVT.dcd AT STEP 32500
WRITING COORDINATES TO DCD FILE NVT.dcd AT STEP 32510
WRITING COORDINATES TO DCD FILE NVT.dcd AT STEP 32520
WRITING COORDINATES TO DCD FILE NVT.dcd AT STEP 32530
WRITING COORDINATES TO DCD FILE NVT.dcd AT STEP 32540
WRITING COORDINATES TO DCD FILE NVT.dcd AT STEP 32550
WRITING COORDINATES TO DCD FILE NVT.dcd AT STEP 32560
WRITING COORDINATES TO DCD FILE NVT.dcd AT STEP 32570
WRITING COORDINATES TO DCD FILE NVT.dcd AT STEP 32580
WRITING COORDINATES TO DCD FILE NVT.dcd AT STEP 32590
WRITING COORDINATES TO DCD FILE NVT.dcd AT STEP 32600
WRITING COORDINATES TO DCD FILE NVT.dcd AT STEP 32610
WRITING COORDINATES TO DCD FILE NVT.dcd AT STEP 32620
WRITING COORDINATES TO DCD FILE NVT.dcd AT STEP 32630
WRITING COORDINATES TO DCD FILE NVT.dcd AT STEP 32640
WRITING COORDINATES TO DCD FILE NVT.dcd AT STEP 32650
WRITING COORDINATES TO DCD FILE NVT.dcd AT STEP 32660
WRITING COORDINATES TO DCD FILE NVT.dcd AT STEP 32670
WRITING COORDINATES TO DCD FILE NVT.dcd AT STEP 32680
WRITING COORDINATES TO DCD FILE NVT.dcd AT STEP 32690
WRITING COORDINATES TO DCD FILE NVT.dcd AT STEP 32700
WRITING COORDINATES TO DCD FILE NVT.dcd AT STEP 32710
WRITING COORDINATES TO DCD FILE NVT.dcd AT STEP 32720
WRITING COORDINATES TO DCD FILE NVT.dcd AT STEP 32730
WRITING COORDINATES TO DCD FILE NVT.dcd AT STEP 32740
WRITING COORDINATES TO DCD FILE NVT.dcd AT STEP 32750
WRITING COORDINATES TO DCD FILE NVT.dcd AT STEP 32760
WRITING COORDINATES TO DCD FILE NVT.dcd AT STEP 32770
WRITING COORDINATES TO DCD FILE NVT.dcd AT STEP 32780
WRITING COORDINATES TO DCD FILE NVT.dcd AT STEP 32790
WRITING COORDINATES TO DCD FILE NVT.dcd AT STEP 32800
WRITING COORDINATES TO DCD FILE NVT.dcd AT STEP 32810
WRITING COORDINATES TO DCD FILE NVT.dcd AT STEP 32820
WRITING COORDINATES TO DCD FILE NVT.dcd AT STEP 32830
WRITING COORDINATES TO DCD FILE NVT.dcd AT STEP 32840
WRITING COORDINATES TO DCD FILE NVT.dcd AT STEP 32850
WRITING COORDINATES TO DCD FILE NVT.dcd AT STEP 32860
WRITING COORDINATES TO DCD FILE NVT.dcd AT STEP 32870
WRITING COORDINATES TO DCD FILE NVT.dcd AT STEP 32880
WRITING COORDINATES TO DCD FILE NVT.dcd AT STEP 32890
WRITING COORDINATES TO DCD FILE NVT.dcd AT STEP 32900
WRITING COORDINATES TO DCD FILE NVT.dcd AT STEP 32910
WRITING COORDINATES TO DCD FILE NVT.dcd AT STEP 32920
WRITING COORDINATES TO DCD FILE NVT.dcd AT STEP 32930
WRITING COORDINATES TO DCD FILE NVT.dcd AT STEP 32940
WRITING COORDINATES TO DCD FILE NVT.dcd AT STEP 32950
WRITING COORDINATES TO DCD FILE NVT.dcd AT STEP 32960
WRITING COORDINATES TO DCD FILE NVT.dcd AT STEP 32970
WRITING COORDINATES TO DCD FILE NVT.dcd AT STEP 32980
WRITING COORDINATES TO DCD FILE NVT.dcd AT STEP 32990
PRESSURE: 33000 -281.052 145.674 51.0734 145.674 299.818 -85.8335 51.0734 -85.8335 -149.328
GPRESSURE: 33000 -232.314 138.532 78.0563 205.308 225.637 0.88908 -87.2794 14.67 -61.6173
PRESSAVG: 33000 -4.06641 62.9406 28.5277 62.9406 15.7842 -25.6746 28.5277 -25.6746 -33.2536
GPRESSAVG: 33000 -4.08283 62.819 27.9269 63.2376 16.1414 -24.906 28.4763 -25.7738 -33.4482
ENERGY:   33000      1546.7335      9239.4997      5712.3384        77.2711         -60634.7503     -1286.1742         0.0000         0.0000     18626.5415         -26718.5404       300.6287    -45345.0819    -26565.5647       300.2012            -43.5207       -22.7647    266765.5277        -7.1786        -7.1299

WRITING COORDINATES TO DCD FILE NVT.dcd AT STEP 33000
WRITING COORDINATES TO DCD FILE NVT.dcd AT STEP 33010
WRITING COORDINATES TO DCD FILE NVT.dcd AT STEP 33020
WRITING COORDINATES TO DCD FILE NVT.dcd AT STEP 33030
WRITING COORDINATES TO DCD FILE NVT.dcd AT STEP 33040
WRITING COORDINATES TO DCD FILE NVT.dcd AT STEP 33050
WRITING COORDINATES TO DCD FILE NVT.dcd AT STEP 33060
WRITING COORDINATES TO DCD FILE NVT.dcd AT STEP 33070
WRITING COORDINATES TO DCD FILE NVT.dcd AT STEP 33080
WRITING COORDINATES TO DCD FILE NVT.dcd AT STEP 33090
WRITING COORDINATES TO DCD FILE NVT.dcd AT STEP 33100
WRITING COORDINATES TO DCD FILE NVT.dcd AT STEP 33110
WRITING COORDINATES TO DCD FILE NVT.dcd AT STEP 33120
WRITING COORDINATES TO DCD FILE NVT.dcd AT STEP 33130
WRITING COORDINATES TO DCD FILE NVT.dcd AT STEP 33140
WRITING COORDINATES TO DCD FILE NVT.dcd AT STEP 33150
WRITING COORDINATES TO DCD FILE NVT.dcd AT STEP 33160
WRITING COORDINATES TO DCD FILE NVT.dcd AT STEP 33170
WRITING COORDINATES TO DCD FILE NVT.dcd AT STEP 33180
WRITING COORDINATES TO DCD FILE NVT.dcd AT STEP 33190
WRITING COORDINATES TO DCD FILE NVT.dcd AT STEP 33200
WRITING COORDINATES TO DCD FILE NVT.dcd AT STEP 33210
WRITING COORDINATES TO DCD FILE NVT.dcd AT STEP 33220
WRITING COORDINATES TO DCD FILE NVT.dcd AT STEP 33230
WRITING COORDINATES TO DCD FILE NVT.dcd AT STEP 33240
WRITING COORDINATES TO DCD FILE NVT.dcd AT STEP 33250
WRITING COORDINATES TO DCD FILE NVT.dcd AT STEP 33260
WRITING COORDINATES TO DCD FILE NVT.dcd AT STEP 33270
WRITING COORDINATES TO DCD FILE NVT.dcd AT STEP 33280
WRITING COORDINATES TO DCD FILE NVT.dcd AT STEP 33290
WRITING COORDINATES TO DCD FILE NVT.dcd AT STEP 33300
WRITING COORDINATES TO DCD FILE NVT.dcd AT STEP 33310
WRITING COORDINATES TO DCD FILE NVT.dcd AT STEP 33320
WRITING COORDINATES TO DCD FILE NVT.dcd AT STEP 33330
WRITING COORDINATES TO DCD FILE NVT.dcd AT STEP 33340
WRITING COORDINATES TO DCD FILE NVT.dcd AT STEP 33350
WRITING COORDINATES TO DCD FILE NVT.dcd AT STEP 33360
WRITING COORDINATES TO DCD FILE NVT.dcd AT STEP 33370
WRITING COORDINATES TO DCD FILE NVT.dcd AT STEP 33380
WRITING COORDINATES TO DCD FILE NVT.dcd AT STEP 33390
WRITING COORDINATES TO DCD FILE NVT.dcd AT STEP 33400
WRITING COORDINATES TO DCD FILE NVT.dcd AT STEP 33410
WRITING COORDINATES TO DCD FILE NVT.dcd AT STEP 33420
WRITING COORDINATES TO DCD FILE NVT.dcd AT STEP 33430
WRITING COORDINATES TO DCD FILE NVT.dcd AT STEP 33440
WRITING COORDINATES TO DCD FILE NVT.dcd AT STEP 33450
WRITING COORDINATES TO DCD FILE NVT.dcd AT STEP 33460
WRITING COORDINATES TO DCD FILE NVT.dcd AT STEP 33470
WRITING COORDINATES TO DCD FILE NVT.dcd AT STEP 33480
WRITING COORDINATES TO DCD FILE NVT.dcd AT STEP 33490
WRITING COORDINATES TO DCD FILE NVT.dcd AT STEP 33500
WRITING COORDINATES TO DCD FILE NVT.dcd AT STEP 33510
WRITING COORDINATES TO DCD FILE NVT.dcd AT STEP 33520
WRITING COORDINATES TO DCD FILE NVT.dcd AT STEP 33530
WRITING COORDINATES TO DCD FILE NVT.dcd AT STEP 33540
WRITING COORDINATES TO DCD FILE NVT.dcd AT STEP 33550
WRITING COORDINATES TO DCD FILE NVT.dcd AT STEP 33560
WRITING COORDINATES TO DCD FILE NVT.dcd AT STEP 33570
WRITING COORDINATES TO DCD FILE NVT.dcd AT STEP 33580
WRITING COORDINATES TO DCD FILE NVT.dcd AT STEP 33590
WRITING COORDINATES TO DCD FILE NVT.dcd AT STEP 33600
WRITING COORDINATES TO DCD FILE NVT.dcd AT STEP 33610
WRITING COORDINATES TO DCD FILE NVT.dcd AT STEP 33620
WRITING COORDINATES TO DCD FILE NVT.dcd AT STEP 33630
WRITING COORDINATES TO DCD FILE NVT.dcd AT STEP 33640
WRITING COORDINATES TO DCD FILE NVT.dcd AT STEP 33650
WRITING COORDINATES TO DCD FILE NVT.dcd AT STEP 33660
WRITING COORDINATES TO DCD FILE NVT.dcd AT STEP 33670
WRITING COORDINATES TO DCD FILE NVT.dcd AT STEP 33680
WRITING COORDINATES TO DCD FILE NVT.dcd AT STEP 33690
WRITING COORDINATES TO DCD FILE NVT.dcd AT STEP 33700
WRITING COORDINATES TO DCD FILE NVT.dcd AT STEP 33710
WRITING COORDINATES TO DCD FILE NVT.dcd AT STEP 33720
WRITING COORDINATES TO DCD FILE NVT.dcd AT STEP 33730
WRITING COORDINATES TO DCD FILE NVT.dcd AT STEP 33740
WRITING COORDINATES TO DCD FILE NVT.dcd AT STEP 33750
WRITING COORDINATES TO DCD FILE NVT.dcd AT STEP 33760
WRITING COORDINATES TO DCD FILE NVT.dcd AT STEP 33770
WRITING COORDINATES TO DCD FILE NVT.dcd AT STEP 33780
WRITING COORDINATES TO DCD FILE NVT.dcd AT STEP 33790
WRITING COORDINATES TO DCD FILE NVT.dcd AT STEP 33800
WRITING COORDINATES TO DCD FILE NVT.dcd AT STEP 33810
WRITING COORDINATES TO DCD FILE NVT.dcd AT STEP 33820
WRITING COORDINATES TO DCD FILE NVT.dcd AT STEP 33830
WRITING COORDINATES TO DCD FILE NVT.dcd AT STEP 33840
WRITING COORDINATES TO DCD FILE NVT.dcd AT STEP 33850
WRITING COORDINATES TO DCD FILE NVT.dcd AT STEP 33860
WRITING COORDINATES TO DCD FILE NVT.dcd AT STEP 33870
WRITING COORDINATES TO DCD FILE NVT.dcd AT STEP 33880
WRITING COORDINATES TO DCD FILE NVT.dcd AT STEP 33890
WRITING COORDINATES TO DCD FILE NVT.dcd AT STEP 33900
WRITING COORDINATES TO DCD FILE NVT.dcd AT STEP 33910
WRITING COORDINATES TO DCD FILE NVT.dcd AT STEP 33920
WRITING COORDINATES TO DCD FILE NVT.dcd AT STEP 33930
WRITING COORDINATES TO DCD FILE NVT.dcd AT STEP 33940
WRITING COORDINATES TO DCD FILE NVT.dcd AT STEP 33950
WRITING COORDINATES TO DCD FILE NVT.dcd AT STEP 33960
WRITING COORDINATES TO DCD FILE NVT.dcd AT STEP 33970
WRITING COORDINATES TO DCD FILE NVT.dcd AT STEP 33980
WRITING COORDINATES TO DCD FILE NVT.dcd AT STEP 33990
PRESSURE: 34000 252.219 -372.562 -278.456 -372.562 383.237 -230.146 -278.456 -230.146 372.007
GPRESSURE: 34000 272.024 -378.015 -312.036 -264.374 324.506 -268.139 -135.015 -217.641 471.06
PRESSAVG: 34000 -44.6394 -30.6908 -42.9919 -30.6908 24.5205 -81.019 -42.9919 -81.019 -16.7269
GPRESSAVG: 34000 -45.057 -31.1543 -43.3788 -30.6655 24.6175 -81.3717 -42.5461 -81.9209 -16.6058
ENERGY:   34000      1574.4846      9306.1497      5683.8139        68.2378         -60664.5834     -1290.8800         0.0000         0.0000     18527.9443         -26794.8333       299.0374    -45322.7775    -26647.1090       301.1842            335.8208       355.8634    266765.5277       -12.2819       -12.3484

WRITING COORDINATES TO DCD FILE NVT.dcd AT STEP 34000
WRITING COORDINATES TO DCD FILE NVT.dcd AT STEP 34010
WRITING COORDINATES TO DCD FILE NVT.dcd AT STEP 34020
WRITING COORDINATES TO DCD FILE NVT.dcd AT STEP 34030
WRITING COORDINATES TO DCD FILE NVT.dcd AT STEP 34040
WRITING COORDINATES TO DCD FILE NVT.dcd AT STEP 34050
WRITING COORDINATES TO DCD FILE NVT.dcd AT STEP 34060
WRITING COORDINATES TO DCD FILE NVT.dcd AT STEP 34070
WRITING COORDINATES TO DCD FILE NVT.dcd AT STEP 34080
WRITING COORDINATES TO DCD FILE NVT.dcd AT STEP 34090
WRITING COORDINATES TO DCD FILE NVT.dcd AT STEP 34100
WRITING COORDINATES TO DCD FILE NVT.dcd AT STEP 34110
WRITING COORDINATES TO DCD FILE NVT.dcd AT STEP 34120
WRITING COORDINATES TO DCD FILE NVT.dcd AT STEP 34130
WRITING COORDINATES TO DCD FILE NVT.dcd AT STEP 34140
LDB: ============= START OF LOAD BALANCING ============== 5692.75
LDB: ============== END OF LOAD BALANCING =============== 5692.75
LDB: =============== DONE WITH MIGRATION ================ 5692.75
WRITING COORDINATES TO DCD FILE NVT.dcd AT STEP 34150
WRITING COORDINATES TO DCD FILE NVT.dcd AT STEP 34160
WRITING COORDINATES TO DCD FILE NVT.dcd AT STEP 34170
WRITING COORDINATES TO DCD FILE NVT.dcd AT STEP 34180
WRITING COORDINATES TO DCD FILE NVT.dcd AT STEP 34190
LDB: ============= START OF LOAD BALANCING ============== 5701.08
LDB: ============== END OF LOAD BALANCING =============== 5701.08
LDB: =============== DONE WITH MIGRATION ================ 5701.08
WRITING COORDINATES TO DCD FILE NVT.dcd AT STEP 34200
WRITING COORDINATES TO DCD FILE NVT.dcd AT STEP 34210
WRITING COORDINATES TO DCD FILE NVT.dcd AT STEP 34220
WRITING COORDINATES TO DCD FILE NVT.dcd AT STEP 34230
WRITING COORDINATES TO DCD FILE NVT.dcd AT STEP 34240
WRITING COORDINATES TO DCD FILE NVT.dcd AT STEP 34250
WRITING COORDINATES TO DCD FILE NVT.dcd AT STEP 34260
WRITING COORDINATES TO DCD FILE NVT.dcd AT STEP 34270
WRITING COORDINATES TO DCD FILE NVT.dcd AT STEP 34280
WRITING COORDINATES TO DCD FILE NVT.dcd AT STEP 34290
WRITING COORDINATES TO DCD FILE NVT.dcd AT STEP 34300
WRITING COORDINATES TO DCD FILE NVT.dcd AT STEP 34310
WRITING COORDINATES TO DCD FILE NVT.dcd AT STEP 34320
WRITING COORDINATES TO DCD FILE NVT.dcd AT STEP 34330
WRITING COORDINATES TO DCD FILE NVT.dcd AT STEP 34340
WRITING COORDINATES TO DCD FILE NVT.dcd AT STEP 34350
WRITING COORDINATES TO DCD FILE NVT.dcd AT STEP 34360
WRITING COORDINATES TO DCD FILE NVT.dcd AT STEP 34370
WRITING COORDINATES TO DCD FILE NVT.dcd AT STEP 34380
WRITING COORDINATES TO DCD FILE NVT.dcd AT STEP 34390
WRITING COORDINATES TO DCD FILE NVT.dcd AT STEP 34400
WRITING COORDINATES TO DCD FILE NVT.dcd AT STEP 34410
WRITING COORDINATES TO DCD FILE NVT.dcd AT STEP 34420
WRITING COORDINATES TO DCD FILE NVT.dcd AT STEP 34430
WRITING COORDINATES TO DCD FILE NVT.dcd AT STEP 34440
WRITING COORDINATES TO DCD FILE NVT.dcd AT STEP 34450
WRITING COORDINATES TO DCD FILE NVT.dcd AT STEP 34460
WRITING COORDINATES TO DCD FILE NVT.dcd AT STEP 34470
WRITING COORDINATES TO DCD FILE NVT.dcd AT STEP 34480
WRITING COORDINATES TO DCD FILE NVT.dcd AT STEP 34490
WRITING COORDINATES TO DCD FILE NVT.dcd AT STEP 34500
WRITING COORDINATES TO DCD FILE NVT.dcd AT STEP 34510
WRITING COORDINATES TO DCD FILE NVT.dcd AT STEP 34520
WRITING COORDINATES TO DCD FILE NVT.dcd AT STEP 34530
WRITING COORDINATES TO DCD FILE NVT.dcd AT STEP 34540
WRITING COORDINATES TO DCD FILE NVT.dcd AT STEP 34550
WRITING COORDINATES TO DCD FILE NVT.dcd AT STEP 34560
WRITING COORDINATES TO DCD FILE NVT.dcd AT STEP 34570
WRITING COORDINATES TO DCD FILE NVT.dcd AT STEP 34580
WRITING COORDINATES TO DCD FILE NVT.dcd AT STEP 34590
WRITING COORDINATES TO DCD FILE NVT.dcd AT STEP 34600
WRITING COORDINATES TO DCD FILE NVT.dcd AT STEP 34610
WRITING COORDINATES TO DCD FILE NVT.dcd AT STEP 34620
WRITING COORDINATES TO DCD FILE NVT.dcd AT STEP 34630
WRITING COORDINATES TO DCD FILE NVT.dcd AT STEP 34640
WRITING COORDINATES TO DCD FILE NVT.dcd AT STEP 34650
WRITING COORDINATES TO DCD FILE NVT.dcd AT STEP 34660
WRITING COORDINATES TO DCD FILE NVT.dcd AT STEP 34670
WRITING COORDINATES TO DCD FILE NVT.dcd AT STEP 34680
WRITING COORDINATES TO DCD FILE NVT.dcd AT STEP 34690
WRITING COORDINATES TO DCD FILE NVT.dcd AT STEP 34700
WRITING COORDINATES TO DCD FILE NVT.dcd AT STEP 34710
WRITING COORDINATES TO DCD FILE NVT.dcd AT STEP 34720
WRITING COORDINATES TO DCD FILE NVT.dcd AT STEP 34730
WRITING COORDINATES TO DCD FILE NVT.dcd AT STEP 34740
WRITING COORDINATES TO DCD FILE NVT.dcd AT STEP 34750
WRITING COORDINATES TO DCD FILE NVT.dcd AT STEP 34760
WRITING COORDINATES TO DCD FILE NVT.dcd AT STEP 34770
WRITING COORDINATES TO DCD FILE NVT.dcd AT STEP 34780
WRITING COORDINATES TO DCD FILE NVT.dcd AT STEP 34790
WRITING COORDINATES TO DCD FILE NVT.dcd AT STEP 34800
WRITING COORDINATES TO DCD FILE NVT.dcd AT STEP 34810
WRITING COORDINATES TO DCD FILE NVT.dcd AT STEP 34820
WRITING COORDINATES TO DCD FILE NVT.dcd AT STEP 34830
WRITING COORDINATES TO DCD FILE NVT.dcd AT STEP 34840
WRITING COORDINATES TO DCD FILE NVT.dcd AT STEP 34850
WRITING COORDINATES TO DCD FILE NVT.dcd AT STEP 34860
WRITING COORDINATES TO DCD FILE NVT.dcd AT STEP 34870
WRITING COORDINATES TO DCD FILE NVT.dcd AT STEP 34880
WRITING COORDINATES TO DCD FILE NVT.dcd AT STEP 34890
WRITING COORDINATES TO DCD FILE NVT.dcd AT STEP 34900
WRITING COORDINATES TO DCD FILE NVT.dcd AT STEP 34910
WRITING COORDINATES TO DCD FILE NVT.dcd AT STEP 34920
WRITING COORDINATES TO DCD FILE NVT.dcd AT STEP 34930
WRITING COORDINATES TO DCD FILE NVT.dcd AT STEP 34940
WRITING COORDINATES TO DCD FILE NVT.dcd AT STEP 34950
WRITING COORDINATES TO DCD FILE NVT.dcd AT STEP 34960
WRITING COORDINATES TO DCD FILE NVT.dcd AT STEP 34970
WRITING COORDINATES TO DCD FILE NVT.dcd AT STEP 34980
WRITING COORDINATES TO DCD FILE NVT.dcd AT STEP 34990
PRESSURE: 35000 -569.629 -414.307 332.747 -414.307 522.659 -191.833 332.747 -191.833 -1177.31
GPRESSURE: 35000 -597.982 1.25393 255.203 -331.175 410.197 -41.2402 41.1279 -120.267 -986.755
PRESSAVG: 35000 -142.709 -34.6213 12.5922 -34.6213 -17.0328 -54.7528 12.5922 -54.7528 -98.2967
GPRESSAVG: 35000 -142.318 -33.3839 13.3235 -34.9531 -17.2143 -54.6735 11.8049 -53.8492 -98.4187
ENERGY:   35000      1605.9627      9149.8550      5716.4760        78.9669         -60617.2021     -1471.9922         0.0000         0.0000     18639.9062         -26898.0275       300.8444    -45537.9337    -26755.8808       300.9270           -408.0943      -391.5136    266765.5277       -86.0128       -85.9836

WRITING EXTENDED SYSTEM TO RESTART FILE AT STEP 35000
WRITING COORDINATES TO DCD FILE NVT.dcd AT STEP 35000
WRITING COORDINATES TO RESTART FILE AT STEP 35000
FINISHED WRITING RESTART COORDINATES
WRITING VELOCITIES TO RESTART FILE AT STEP 35000
FINISHED WRITING RESTART VELOCITIES
WRITING COORDINATES TO DCD FILE NVT.dcd AT STEP 35010
WRITING COORDINATES TO DCD FILE NVT.dcd AT STEP 35020
WRITING COORDINATES TO DCD FILE NVT.dcd AT STEP 35030
WRITING COORDINATES TO DCD FILE NVT.dcd AT STEP 35040
WRITING COORDINATES TO DCD FILE NVT.dcd AT STEP 35050
WRITING COORDINATES TO DCD FILE NVT.dcd AT STEP 35060
WRITING COORDINATES TO DCD FILE NVT.dcd AT STEP 35070
WRITING COORDINATES TO DCD FILE NVT.dcd AT STEP 35080
WRITING COORDINATES TO DCD FILE NVT.dcd AT STEP 35090
WRITING COORDINATES TO DCD FILE NVT.dcd AT STEP 35100
WRITING COORDINATES TO DCD FILE NVT.dcd AT STEP 35110
WRITING COORDINATES TO DCD FILE NVT.dcd AT STEP 35120
WRITING COORDINATES TO DCD FILE NVT.dcd AT STEP 35130
WRITING COORDINATES TO DCD FILE NVT.dcd AT STEP 35140
WRITING COORDINATES TO DCD FILE NVT.dcd AT STEP 35150
WRITING COORDINATES TO DCD FILE NVT.dcd AT STEP 35160
WRITING COORDINATES TO DCD FILE NVT.dcd AT STEP 35170
WRITING COORDINATES TO DCD FILE NVT.dcd AT STEP 35180
WRITING COORDINATES TO DCD FILE NVT.dcd AT STEP 35190
WRITING COORDINATES TO DCD FILE NVT.dcd AT STEP 35200
WRITING COORDINATES TO DCD FILE NVT.dcd AT STEP 35210
WRITING COORDINATES TO DCD FILE NVT.dcd AT STEP 35220
WRITING COORDINATES TO DCD FILE NVT.dcd AT STEP 35230
WRITING COORDINATES TO DCD FILE NVT.dcd AT STEP 35240
WRITING COORDINATES TO DCD FILE NVT.dcd AT STEP 35250
WRITING COORDINATES TO DCD FILE NVT.dcd AT STEP 35260
WRITING COORDINATES TO DCD FILE NVT.dcd AT STEP 35270
WRITING COORDINATES TO DCD FILE NVT.dcd AT STEP 35280
WRITING COORDINATES TO DCD FILE NVT.dcd AT STEP 35290
WRITING COORDINATES TO DCD FILE NVT.dcd AT STEP 35300
WRITING COORDINATES TO DCD FILE NVT.dcd AT STEP 35310
WRITING COORDINATES TO DCD FILE NVT.dcd AT STEP 35320
WRITING COORDINATES TO DCD FILE NVT.dcd AT STEP 35330
WRITING COORDINATES TO DCD FILE NVT.dcd AT STEP 35340
WRITING COORDINATES TO DCD FILE NVT.dcd AT STEP 35350
WRITING COORDINATES TO DCD FILE NVT.dcd AT STEP 35360
WRITING COORDINATES TO DCD FILE NVT.dcd AT STEP 35370
WRITING COORDINATES TO DCD FILE NVT.dcd AT STEP 35380
WRITING COORDINATES TO DCD FILE NVT.dcd AT STEP 35390
WRITING COORDINATES TO DCD FILE NVT.dcd AT STEP 35400
WRITING COORDINATES TO DCD FILE NVT.dcd AT STEP 35410
WRITING COORDINATES TO DCD FILE NVT.dcd AT STEP 35420
WRITING COORDINATES TO DCD FILE NVT.dcd AT STEP 35430
WRITING COORDINATES TO DCD FILE NVT.dcd AT STEP 35440
WRITING COORDINATES TO DCD FILE NVT.dcd AT STEP 35450
WRITING COORDINATES TO DCD FILE NVT.dcd AT STEP 35460
WRITING COORDINATES TO DCD FILE NVT.dcd AT STEP 35470
WRITING COORDINATES TO DCD FILE NVT.dcd AT STEP 35480
WRITING COORDINATES TO DCD FILE NVT.dcd AT STEP 35490
WRITING COORDINATES TO DCD FILE NVT.dcd AT STEP 35500
WRITING COORDINATES TO DCD FILE NVT.dcd AT STEP 35510
WRITING COORDINATES TO DCD FILE NVT.dcd AT STEP 35520
WRITING COORDINATES TO DCD FILE NVT.dcd AT STEP 35530
WRITING COORDINATES TO DCD FILE NVT.dcd AT STEP 35540
WRITING COORDINATES TO DCD FILE NVT.dcd AT STEP 35550
WRITING COORDINATES TO DCD FILE NVT.dcd AT STEP 35560
WRITING COORDINATES TO DCD FILE NVT.dcd AT STEP 35570
WRITING COORDINATES TO DCD FILE NVT.dcd AT STEP 35580
WRITING COORDINATES TO DCD FILE NVT.dcd AT STEP 35590
WRITING COORDINATES TO DCD FILE NVT.dcd AT STEP 35600
WRITING COORDINATES TO DCD FILE NVT.dcd AT STEP 35610
WRITING COORDINATES TO DCD FILE NVT.dcd AT STEP 35620
WRITING COORDINATES TO DCD FILE NVT.dcd AT STEP 35630
WRITING COORDINATES TO DCD FILE NVT.dcd AT STEP 35640
WRITING COORDINATES TO DCD FILE NVT.dcd AT STEP 35650
WRITING COORDINATES TO DCD FILE NVT.dcd AT STEP 35660
WRITING COORDINATES TO DCD FILE NVT.dcd AT STEP 35670
WRITING COORDINATES TO DCD FILE NVT.dcd AT STEP 35680
WRITING COORDINATES TO DCD FILE NVT.dcd AT STEP 35690
WRITING COORDINATES TO DCD FILE NVT.dcd AT STEP 35700
WRITING COORDINATES TO DCD FILE NVT.dcd AT STEP 35710
WRITING COORDINATES TO DCD FILE NVT.dcd AT STEP 35720
WRITING COORDINATES TO DCD FILE NVT.dcd AT STEP 35730
WRITING COORDINATES TO DCD FILE NVT.dcd AT STEP 35740
WRITING COORDINATES TO DCD FILE NVT.dcd AT STEP 35750
WRITING COORDINATES TO DCD FILE NVT.dcd AT STEP 35760
WRITING COORDINATES TO DCD FILE NVT.dcd AT STEP 35770
WRITING COORDINATES TO DCD FILE NVT.dcd AT STEP 35780
WRITING COORDINATES TO DCD FILE NVT.dcd AT STEP 35790
WRITING COORDINATES TO DCD FILE NVT.dcd AT STEP 35800
WRITING COORDINATES TO DCD FILE NVT.dcd AT STEP 35810
WRITING COORDINATES TO DCD FILE NVT.dcd AT STEP 35820
WRITING COORDINATES TO DCD FILE NVT.dcd AT STEP 35830
WRITING COORDINATES TO DCD FILE NVT.dcd AT STEP 35840
WRITING COORDINATES TO DCD FILE NVT.dcd AT STEP 35850
WRITING COORDINATES TO DCD FILE NVT.dcd AT STEP 35860
WRITING COORDINATES TO DCD FILE NVT.dcd AT STEP 35870
WRITING COORDINATES TO DCD FILE NVT.dcd AT STEP 35880
WRITING COORDINATES TO DCD FILE NVT.dcd AT STEP 35890
WRITING COORDINATES TO DCD FILE NVT.dcd AT STEP 35900
WRITING COORDINATES TO DCD FILE NVT.dcd AT STEP 35910
WRITING COORDINATES TO DCD FILE NVT.dcd AT STEP 35920
WRITING COORDINATES TO DCD FILE NVT.dcd AT STEP 35930
WRITING COORDINATES TO DCD FILE NVT.dcd AT STEP 35940
WRITING COORDINATES TO DCD FILE NVT.dcd AT STEP 35950
WRITING COORDINATES TO DCD FILE NVT.dcd AT STEP 35960
WRITING COORDINATES TO DCD FILE NVT.dcd AT STEP 35970
WRITING COORDINATES TO DCD FILE NVT.dcd AT STEP 35980
WRITING COORDINATES TO DCD FILE NVT.dcd AT STEP 35990
PRESSURE: 36000 -96.5954 -148.151 -370.696 -148.151 -202.987 -164.276 -370.696 -164.276 418.102
GPRESSURE: 36000 -71.31 -351.883 -398.825 -255.535 -227.887 -198.343 -324.845 -149.626 483.128
PRESSAVG: 36000 -109.1 -39.3166 16.9499 -39.3166 84.4881 16.2596 16.9499 16.2596 -17.6193
GPRESSAVG: 36000 -109.448 -39.8463 17.2503 -39.0803 84.516 16.6863 17.8072 15.4859 -17.8328
ENERGY:   36000      1567.2696      9187.7179      5748.9408        77.2734         -60354.3587     -1515.7356         0.0000         0.0000     18546.0213         -26742.8712       299.3291    -45288.8925    -26597.4374       299.9460             39.5065        61.3102    266765.5277       -14.0771       -14.2550

WRITING COORDINATES TO DCD FILE NVT.dcd AT STEP 36000
WRITING COORDINATES TO DCD FILE NVT.dcd AT STEP 36010
WRITING COORDINATES TO DCD FILE NVT.dcd AT STEP 36020
WRITING COORDINATES TO DCD FILE NVT.dcd AT STEP 36030
WRITING COORDINATES TO DCD FILE NVT.dcd AT STEP 36040
WRITING COORDINATES TO DCD FILE NVT.dcd AT STEP 36050
WRITING COORDINATES TO DCD FILE NVT.dcd AT STEP 36060
WRITING COORDINATES TO DCD FILE NVT.dcd AT STEP 36070
WRITING COORDINATES TO DCD FILE NVT.dcd AT STEP 36080
WRITING COORDINATES TO DCD FILE NVT.dcd AT STEP 36090
WRITING COORDINATES TO DCD FILE NVT.dcd AT STEP 36100
WRITING COORDINATES TO DCD FILE NVT.dcd AT STEP 36110
WRITING COORDINATES TO DCD FILE NVT.dcd AT STEP 36120
WRITING COORDINATES TO DCD FILE NVT.dcd AT STEP 36130
WRITING COORDINATES TO DCD FILE NVT.dcd AT STEP 36140
LDB: ============= START OF LOAD BALANCING ============== 6025.25
LDB: ============== END OF LOAD BALANCING =============== 6025.25
LDB: =============== DONE WITH MIGRATION ================ 6025.25
WRITING COORDINATES TO DCD FILE NVT.dcd AT STEP 36150
WRITING COORDINATES TO DCD FILE NVT.dcd AT STEP 36160
WRITING COORDINATES TO DCD FILE NVT.dcd AT STEP 36170
WRITING COORDINATES TO DCD FILE NVT.dcd AT STEP 36180
WRITING COORDINATES TO DCD FILE NVT.dcd AT STEP 36190
LDB: ============= START OF LOAD BALANCING ============== 6033.57
LDB: ============== END OF LOAD BALANCING =============== 6033.57
LDB: =============== DONE WITH MIGRATION ================ 6033.57
WRITING COORDINATES TO DCD FILE NVT.dcd AT STEP 36200
WRITING COORDINATES TO DCD FILE NVT.dcd AT STEP 36210
WRITING COORDINATES TO DCD FILE NVT.dcd AT STEP 36220
WRITING COORDINATES TO DCD FILE NVT.dcd AT STEP 36230
WRITING COORDINATES TO DCD FILE NVT.dcd AT STEP 36240
WRITING COORDINATES TO DCD FILE NVT.dcd AT STEP 36250
WRITING COORDINATES TO DCD FILE NVT.dcd AT STEP 36260
WRITING COORDINATES TO DCD FILE NVT.dcd AT STEP 36270
WRITING COORDINATES TO DCD FILE NVT.dcd AT STEP 36280
WRITING COORDINATES TO DCD FILE NVT.dcd AT STEP 36290
WRITING COORDINATES TO DCD FILE NVT.dcd AT STEP 36300
WRITING COORDINATES TO DCD FILE NVT.dcd AT STEP 36310
WRITING COORDINATES TO DCD FILE NVT.dcd AT STEP 36320
WRITING COORDINATES TO DCD FILE NVT.dcd AT STEP 36330
WRITING COORDINATES TO DCD FILE NVT.dcd AT STEP 36340
WRITING COORDINATES TO DCD FILE NVT.dcd AT STEP 36350
WRITING COORDINATES TO DCD FILE NVT.dcd AT STEP 36360
WRITING COORDINATES TO DCD FILE NVT.dcd AT STEP 36370
WRITING COORDINATES TO DCD FILE NVT.dcd AT STEP 36380
WRITING COORDINATES TO DCD FILE NVT.dcd AT STEP 36390
WRITING COORDINATES TO DCD FILE NVT.dcd AT STEP 36400
WRITING COORDINATES TO DCD FILE NVT.dcd AT STEP 36410
WRITING COORDINATES TO DCD FILE NVT.dcd AT STEP 36420
WRITING COORDINATES TO DCD FILE NVT.dcd AT STEP 36430
WRITING COORDINATES TO DCD FILE NVT.dcd AT STEP 36440
WRITING COORDINATES TO DCD FILE NVT.dcd AT STEP 36450
WRITING COORDINATES TO DCD FILE NVT.dcd AT STEP 36460
WRITING COORDINATES TO DCD FILE NVT.dcd AT STEP 36470
WRITING COORDINATES TO DCD FILE NVT.dcd AT STEP 36480
WRITING COORDINATES TO DCD FILE NVT.dcd AT STEP 36490
WRITING COORDINATES TO DCD FILE NVT.dcd AT STEP 36500
WRITING COORDINATES TO DCD FILE NVT.dcd AT STEP 36510
WRITING COORDINATES TO DCD FILE NVT.dcd AT STEP 36520
WRITING COORDINATES TO DCD FILE NVT.dcd AT STEP 36530
WRITING COORDINATES TO DCD FILE NVT.dcd AT STEP 36540
WRITING COORDINATES TO DCD FILE NVT.dcd AT STEP 36550
WRITING COORDINATES TO DCD FILE NVT.dcd AT STEP 36560
WRITING COORDINATES TO DCD FILE NVT.dcd AT STEP 36570
WRITING COORDINATES TO DCD FILE NVT.dcd AT STEP 36580
WRITING COORDINATES TO DCD FILE NVT.dcd AT STEP 36590
WRITING COORDINATES TO DCD FILE NVT.dcd AT STEP 36600
WRITING COORDINATES TO DCD FILE NVT.dcd AT STEP 36610
WRITING COORDINATES TO DCD FILE NVT.dcd AT STEP 36620
WRITING COORDINATES TO DCD FILE NVT.dcd AT STEP 36630
WRITING COORDINATES TO DCD FILE NVT.dcd AT STEP 36640
WRITING COORDINATES TO DCD FILE NVT.dcd AT STEP 36650
WRITING COORDINATES TO DCD FILE NVT.dcd AT STEP 36660
WRITING COORDINATES TO DCD FILE NVT.dcd AT STEP 36670
WRITING COORDINATES TO DCD FILE NVT.dcd AT STEP 36680
WRITING COORDINATES TO DCD FILE NVT.dcd AT STEP 36690
WRITING COORDINATES TO DCD FILE NVT.dcd AT STEP 36700
WRITING COORDINATES TO DCD FILE NVT.dcd AT STEP 36710
WRITING COORDINATES TO DCD FILE NVT.dcd AT STEP 36720
WRITING COORDINATES TO DCD FILE NVT.dcd AT STEP 36730
WRITING COORDINATES TO DCD FILE NVT.dcd AT STEP 36740
WRITING COORDINATES TO DCD FILE NVT.dcd AT STEP 36750
WRITING COORDINATES TO DCD FILE NVT.dcd AT STEP 36760
WRITING COORDINATES TO DCD FILE NVT.dcd AT STEP 36770
WRITING COORDINATES TO DCD FILE NVT.dcd AT STEP 36780
WRITING COORDINATES TO DCD FILE NVT.dcd AT STEP 36790
WRITING COORDINATES TO DCD FILE NVT.dcd AT STEP 36800
WRITING COORDINATES TO DCD FILE NVT.dcd AT STEP 36810
WRITING COORDINATES TO DCD FILE NVT.dcd AT STEP 36820
WRITING COORDINATES TO DCD FILE NVT.dcd AT STEP 36830
WRITING COORDINATES TO DCD FILE NVT.dcd AT STEP 36840
WRITING COORDINATES TO DCD FILE NVT.dcd AT STEP 36850
WRITING COORDINATES TO DCD FILE NVT.dcd AT STEP 36860
WRITING COORDINATES TO DCD FILE NVT.dcd AT STEP 36870
WRITING COORDINATES TO DCD FILE NVT.dcd AT STEP 36880
WRITING COORDINATES TO DCD FILE NVT.dcd AT STEP 36890
WRITING COORDINATES TO DCD FILE NVT.dcd AT STEP 36900
WRITING COORDINATES TO DCD FILE NVT.dcd AT STEP 36910
WRITING COORDINATES TO DCD FILE NVT.dcd AT STEP 36920
WRITING COORDINATES TO DCD FILE NVT.dcd AT STEP 36930
WRITING COORDINATES TO DCD FILE NVT.dcd AT STEP 36940
WRITING COORDINATES TO DCD FILE NVT.dcd AT STEP 36950
WRITING COORDINATES TO DCD FILE NVT.dcd AT STEP 36960
WRITING COORDINATES TO DCD FILE NVT.dcd AT STEP 36970
WRITING COORDINATES TO DCD FILE NVT.dcd AT STEP 36980
WRITING COORDINATES TO DCD FILE NVT.dcd AT STEP 36990
PRESSURE: 37000 -325.95 16.6701 211.293 16.6701 75.1984 -119.493 211.293 -119.493 138.238
GPRESSURE: 37000 -232.036 110.251 99.6957 148.467 -31.3065 -37.8023 261.161 -32.8907 232.066
PRESSAVG: 37000 34.9374 -10.8187 12.012 -10.8187 77.5462 24.0343 12.012 24.0343 -18.8908
GPRESSAVG: 37000 34.4641 -11.0333 11.3177 -10.8064 77.5575 23.5649 11.6066 24.4585 -18.4128
ENERGY:   37000      1557.9177      9291.3855      5710.4531        77.5078         -60669.9363     -1341.6279         0.0000         0.0000     18554.7866         -26819.5134       299.4706    -45374.3000    -26671.3964       301.4001            -37.5043       -10.4256    266765.5277        31.1976        31.2030

WRITING COORDINATES TO DCD FILE NVT.dcd AT STEP 37000
WRITING COORDINATES TO DCD FILE NVT.dcd AT STEP 37010
WRITING COORDINATES TO DCD FILE NVT.dcd AT STEP 37020
WRITING COORDINATES TO DCD FILE NVT.dcd AT STEP 37030
WRITING COORDINATES TO DCD FILE NVT.dcd AT STEP 37040
WRITING COORDINATES TO DCD FILE NVT.dcd AT STEP 37050
WRITING COORDINATES TO DCD FILE NVT.dcd AT STEP 37060
WRITING COORDINATES TO DCD FILE NVT.dcd AT STEP 37070
WRITING COORDINATES TO DCD FILE NVT.dcd AT STEP 37080
WRITING COORDINATES TO DCD FILE NVT.dcd AT STEP 37090
WRITING COORDINATES TO DCD FILE NVT.dcd AT STEP 37100
WRITING COORDINATES TO DCD FILE NVT.dcd AT STEP 37110
WRITING COORDINATES TO DCD FILE NVT.dcd AT STEP 37120
WRITING COORDINATES TO DCD FILE NVT.dcd AT STEP 37130
WRITING COORDINATES TO DCD FILE NVT.dcd AT STEP 37140
WRITING COORDINATES TO DCD FILE NVT.dcd AT STEP 37150
WRITING COORDINATES TO DCD FILE NVT.dcd AT STEP 37160
WRITING COORDINATES TO DCD FILE NVT.dcd AT STEP 37170
WRITING COORDINATES TO DCD FILE NVT.dcd AT STEP 37180
WRITING COORDINATES TO DCD FILE NVT.dcd AT STEP 37190
WRITING COORDINATES TO DCD FILE NVT.dcd AT STEP 37200
WRITING COORDINATES TO DCD FILE NVT.dcd AT STEP 37210
WRITING COORDINATES TO DCD FILE NVT.dcd AT STEP 37220
WRITING COORDINATES TO DCD FILE NVT.dcd AT STEP 37230
WRITING COORDINATES TO DCD FILE NVT.dcd AT STEP 37240
WRITING COORDINATES TO DCD FILE NVT.dcd AT STEP 37250
WRITING COORDINATES TO DCD FILE NVT.dcd AT STEP 37260
WRITING COORDINATES TO DCD FILE NVT.dcd AT STEP 37270
WRITING COORDINATES TO DCD FILE NVT.dcd AT STEP 37280
WRITING COORDINATES TO DCD FILE NVT.dcd AT STEP 37290
WRITING COORDINATES TO DCD FILE NVT.dcd AT STEP 37300
WRITING COORDINATES TO DCD FILE NVT.dcd AT STEP 37310
WRITING COORDINATES TO DCD FILE NVT.dcd AT STEP 37320
WRITING COORDINATES TO DCD FILE NVT.dcd AT STEP 37330
WRITING COORDINATES TO DCD FILE NVT.dcd AT STEP 37340
WRITING COORDINATES TO DCD FILE NVT.dcd AT STEP 37350
WRITING COORDINATES TO DCD FILE NVT.dcd AT STEP 37360
WRITING COORDINATES TO DCD FILE NVT.dcd AT STEP 37370
WRITING COORDINATES TO DCD FILE NVT.dcd AT STEP 37380
WRITING COORDINATES TO DCD FILE NVT.dcd AT STEP 37390
WRITING COORDINATES TO DCD FILE NVT.dcd AT STEP 37400
WRITING COORDINATES TO DCD FILE NVT.dcd AT STEP 37410
WRITING COORDINATES TO DCD FILE NVT.dcd AT STEP 37420
WRITING COORDINATES TO DCD FILE NVT.dcd AT STEP 37430
WRITING COORDINATES TO DCD FILE NVT.dcd AT STEP 37440
WRITING COORDINATES TO DCD FILE NVT.dcd AT STEP 37450
WRITING COORDINATES TO DCD FILE NVT.dcd AT STEP 37460
WRITING COORDINATES TO DCD FILE NVT.dcd AT STEP 37470
WRITING COORDINATES TO DCD FILE NVT.dcd AT STEP 37480
WRITING COORDINATES TO DCD FILE NVT.dcd AT STEP 37490
WRITING COORDINATES TO DCD FILE NVT.dcd AT STEP 37500
WRITING COORDINATES TO DCD FILE NVT.dcd AT STEP 37510
WRITING COORDINATES TO DCD FILE NVT.dcd AT STEP 37520
WRITING COORDINATES TO DCD FILE NVT.dcd AT STEP 37530
WRITING COORDINATES TO DCD FILE NVT.dcd AT STEP 37540
WRITING COORDINATES TO DCD FILE NVT.dcd AT STEP 37550
WRITING COORDINATES TO DCD FILE NVT.dcd AT STEP 37560
WRITING COORDINATES TO DCD FILE NVT.dcd AT STEP 37570
WRITING COORDINATES TO DCD FILE NVT.dcd AT STEP 37580
WRITING COORDINATES TO DCD FILE NVT.dcd AT STEP 37590
WRITING COORDINATES TO DCD FILE NVT.dcd AT STEP 37600
WRITING COORDINATES TO DCD FILE NVT.dcd AT STEP 37610
WRITING COORDINATES TO DCD FILE NVT.dcd AT STEP 37620
WRITING COORDINATES TO DCD FILE NVT.dcd AT STEP 37630
WRITING COORDINATES TO DCD FILE NVT.dcd AT STEP 37640
WRITING COORDINATES TO DCD FILE NVT.dcd AT STEP 37650
WRITING COORDINATES TO DCD FILE NVT.dcd AT STEP 37660
WRITING COORDINATES TO DCD FILE NVT.dcd AT STEP 37670
WRITING COORDINATES TO DCD FILE NVT.dcd AT STEP 37680
WRITING COORDINATES TO DCD FILE NVT.dcd AT STEP 37690
WRITING COORDINATES TO DCD FILE NVT.dcd AT STEP 37700
WRITING COORDINATES TO DCD FILE NVT.dcd AT STEP 37710
WRITING COORDINATES TO DCD FILE NVT.dcd AT STEP 37720
WRITING COORDINATES TO DCD FILE NVT.dcd AT STEP 37730
WRITING COORDINATES TO DCD FILE NVT.dcd AT STEP 37740
WRITING COORDINATES TO DCD FILE NVT.dcd AT STEP 37750
WRITING COORDINATES TO DCD FILE NVT.dcd AT STEP 37760
WRITING COORDINATES TO DCD FILE NVT.dcd AT STEP 37770
WRITING COORDINATES TO DCD FILE NVT.dcd AT STEP 37780
WRITING COORDINATES TO DCD FILE NVT.dcd AT STEP 37790
WRITING COORDINATES TO DCD FILE NVT.dcd AT STEP 37800
WRITING COORDINATES TO DCD FILE NVT.dcd AT STEP 37810
WRITING COORDINATES TO DCD FILE NVT.dcd AT STEP 37820
WRITING COORDINATES TO DCD FILE NVT.dcd AT STEP 37830
WRITING COORDINATES TO DCD FILE NVT.dcd AT STEP 37840
WRITING COORDINATES TO DCD FILE NVT.dcd AT STEP 37850
WRITING COORDINATES TO DCD FILE NVT.dcd AT STEP 37860
WRITING COORDINATES TO DCD FILE NVT.dcd AT STEP 37870
WRITING COORDINATES TO DCD FILE NVT.dcd AT STEP 37880
WRITING COORDINATES TO DCD FILE NVT.dcd AT STEP 37890
WRITING COORDINATES TO DCD FILE NVT.dcd AT STEP 37900
WRITING COORDINATES TO DCD FILE NVT.dcd AT STEP 37910
WRITING COORDINATES TO DCD FILE NVT.dcd AT STEP 37920
WRITING COORDINATES TO DCD FILE NVT.dcd AT STEP 37930
WRITING COORDINATES TO DCD FILE NVT.dcd AT STEP 37940
WRITING COORDINATES TO DCD FILE NVT.dcd AT STEP 37950
WRITING COORDINATES TO DCD FILE NVT.dcd AT STEP 37960
WRITING COORDINATES TO DCD FILE NVT.dcd AT STEP 37970
WRITING COORDINATES TO DCD FILE NVT.dcd AT STEP 37980
WRITING COORDINATES TO DCD FILE NVT.dcd AT STEP 37990
PRESSURE: 38000 -530.135 -102.88 -183.637 -102.88 -369.676 -136.719 -183.637 -136.719 -664.542
GPRESSURE: 38000 -680.091 -159.889 104.644 -91.762 -162.134 -161.081 -252.96 -135.074 -678.787
PRESSAVG: 38000 -87.7375 0.511623 43.5218 0.511623 -30.9623 73.477 43.5218 73.477 4.79538
GPRESSAVG: 38000 -87.5876 0.295015 43.6715 1.17631 -30.978 73.5817 42.9755 73.3282 4.52948
ENERGY:   38000      1598.5081      9243.2760      5681.9807        65.9084         -60641.2648     -1351.1902         0.0000         0.0000     18646.5530         -26756.2287       300.9517    -45402.7817    -26607.6616       301.2130           -521.4511      -507.0037    266765.5277       -37.9681       -38.0120

WRITING COORDINATES TO DCD FILE NVT.dcd AT STEP 38000
WRITING COORDINATES TO DCD FILE NVT.dcd AT STEP 38010
WRITING COORDINATES TO DCD FILE NVT.dcd AT STEP 38020
WRITING COORDINATES TO DCD FILE NVT.dcd AT STEP 38030
WRITING COORDINATES TO DCD FILE NVT.dcd AT STEP 38040
WRITING COORDINATES TO DCD FILE NVT.dcd AT STEP 38050
WRITING COORDINATES TO DCD FILE NVT.dcd AT STEP 38060
WRITING COORDINATES TO DCD FILE NVT.dcd AT STEP 38070
WRITING COORDINATES TO DCD FILE NVT.dcd AT STEP 38080
WRITING COORDINATES TO DCD FILE NVT.dcd AT STEP 38090
WRITING COORDINATES TO DCD FILE NVT.dcd AT STEP 38100
WRITING COORDINATES TO DCD FILE NVT.dcd AT STEP 38110
WRITING COORDINATES TO DCD FILE NVT.dcd AT STEP 38120
WRITING COORDINATES TO DCD FILE NVT.dcd AT STEP 38130
WRITING COORDINATES TO DCD FILE NVT.dcd AT STEP 38140
LDB: ============= START OF LOAD BALANCING ============== 6357.84
LDB: ============== END OF LOAD BALANCING =============== 6357.84
LDB: =============== DONE WITH MIGRATION ================ 6357.84
WRITING COORDINATES TO DCD FILE NVT.dcd AT STEP 38150
WRITING COORDINATES TO DCD FILE NVT.dcd AT STEP 38160
WRITING COORDINATES TO DCD FILE NVT.dcd AT STEP 38170
WRITING COORDINATES TO DCD FILE NVT.dcd AT STEP 38180
WRITING COORDINATES TO DCD FILE NVT.dcd AT STEP 38190
LDB: ============= START OF LOAD BALANCING ============== 6366.17
LDB: ============== END OF LOAD BALANCING =============== 6366.17
LDB: =============== DONE WITH MIGRATION ================ 6366.17
WRITING COORDINATES TO DCD FILE NVT.dcd AT STEP 38200
WRITING COORDINATES TO DCD FILE NVT.dcd AT STEP 38210
WRITING COORDINATES TO DCD FILE NVT.dcd AT STEP 38220
WRITING COORDINATES TO DCD FILE NVT.dcd AT STEP 38230
WRITING COORDINATES TO DCD FILE NVT.dcd AT STEP 38240
WRITING COORDINATES TO DCD FILE NVT.dcd AT STEP 38250
WRITING COORDINATES TO DCD FILE NVT.dcd AT STEP 38260
WRITING COORDINATES TO DCD FILE NVT.dcd AT STEP 38270
WRITING COORDINATES TO DCD FILE NVT.dcd AT STEP 38280
WRITING COORDINATES TO DCD FILE NVT.dcd AT STEP 38290
WRITING COORDINATES TO DCD FILE NVT.dcd AT STEP 38300
WRITING COORDINATES TO DCD FILE NVT.dcd AT STEP 38310
WRITING COORDINATES TO DCD FILE NVT.dcd AT STEP 38320
WRITING COORDINATES TO DCD FILE NVT.dcd AT STEP 38330
WRITING COORDINATES TO DCD FILE NVT.dcd AT STEP 38340
WRITING COORDINATES TO DCD FILE NVT.dcd AT STEP 38350
WRITING COORDINATES TO DCD FILE NVT.dcd AT STEP 38360
WRITING COORDINATES TO DCD FILE NVT.dcd AT STEP 38370
WRITING COORDINATES TO DCD FILE NVT.dcd AT STEP 38380
WRITING COORDINATES TO DCD FILE NVT.dcd AT STEP 38390
WRITING COORDINATES TO DCD FILE NVT.dcd AT STEP 38400
WRITING COORDINATES TO DCD FILE NVT.dcd AT STEP 38410
WRITING COORDINATES TO DCD FILE NVT.dcd AT STEP 38420
WRITING COORDINATES TO DCD FILE NVT.dcd AT STEP 38430
WRITING COORDINATES TO DCD FILE NVT.dcd AT STEP 38440
WRITING COORDINATES TO DCD FILE NVT.dcd AT STEP 38450
WRITING COORDINATES TO DCD FILE NVT.dcd AT STEP 38460
WRITING COORDINATES TO DCD FILE NVT.dcd AT STEP 38470
WRITING COORDINATES TO DCD FILE NVT.dcd AT STEP 38480
WRITING COORDINATES TO DCD FILE NVT.dcd AT STEP 38490
WRITING COORDINATES TO DCD FILE NVT.dcd AT STEP 38500
WRITING COORDINATES TO DCD FILE NVT.dcd AT STEP 38510
WRITING COORDINATES TO DCD FILE NVT.dcd AT STEP 38520
WRITING COORDINATES TO DCD FILE NVT.dcd AT STEP 38530
WRITING COORDINATES TO DCD FILE NVT.dcd AT STEP 38540
WRITING COORDINATES TO DCD FILE NVT.dcd AT STEP 38550
WRITING COORDINATES TO DCD FILE NVT.dcd AT STEP 38560
WRITING COORDINATES TO DCD FILE NVT.dcd AT STEP 38570
WRITING COORDINATES TO DCD FILE NVT.dcd AT STEP 38580
WRITING COORDINATES TO DCD FILE NVT.dcd AT STEP 38590
WRITING COORDINATES TO DCD FILE NVT.dcd AT STEP 38600
WRITING COORDINATES TO DCD FILE NVT.dcd AT STEP 38610
WRITING COORDINATES TO DCD FILE NVT.dcd AT STEP 38620
WRITING COORDINATES TO DCD FILE NVT.dcd AT STEP 38630
WRITING COORDINATES TO DCD FILE NVT.dcd AT STEP 38640
WRITING COORDINATES TO DCD FILE NVT.dcd AT STEP 38650
WRITING COORDINATES TO DCD FILE NVT.dcd AT STEP 38660
WRITING COORDINATES TO DCD FILE NVT.dcd AT STEP 38670
WRITING COORDINATES TO DCD FILE NVT.dcd AT STEP 38680
WRITING COORDINATES TO DCD FILE NVT.dcd AT STEP 38690
WRITING COORDINATES TO DCD FILE NVT.dcd AT STEP 38700
WRITING COORDINATES TO DCD FILE NVT.dcd AT STEP 38710
WRITING COORDINATES TO DCD FILE NVT.dcd AT STEP 38720
WRITING COORDINATES TO DCD FILE NVT.dcd AT STEP 38730
WRITING COORDINATES TO DCD FILE NVT.dcd AT STEP 38740
WRITING COORDINATES TO DCD FILE NVT.dcd AT STEP 38750
WRITING COORDINATES TO DCD FILE NVT.dcd AT STEP 38760
WRITING COORDINATES TO DCD FILE NVT.dcd AT STEP 38770
WRITING COORDINATES TO DCD FILE NVT.dcd AT STEP 38780
WRITING COORDINATES TO DCD FILE NVT.dcd AT STEP 38790
WRITING COORDINATES TO DCD FILE NVT.dcd AT STEP 38800
WRITING COORDINATES TO DCD FILE NVT.dcd AT STEP 38810
WRITING COORDINATES TO DCD FILE NVT.dcd AT STEP 38820
WRITING COORDINATES TO DCD FILE NVT.dcd AT STEP 38830
WRITING COORDINATES TO DCD FILE NVT.dcd AT STEP 38840
WRITING COORDINATES TO DCD FILE NVT.dcd AT STEP 38850
WRITING COORDINATES TO DCD FILE NVT.dcd AT STEP 38860
WRITING COORDINATES TO DCD FILE NVT.dcd AT STEP 38870
WRITING COORDINATES TO DCD FILE NVT.dcd AT STEP 38880
WRITING COORDINATES TO DCD FILE NVT.dcd AT STEP 38890
WRITING COORDINATES TO DCD FILE NVT.dcd AT STEP 38900
WRITING COORDINATES TO DCD FILE NVT.dcd AT STEP 38910
WRITING COORDINATES TO DCD FILE NVT.dcd AT STEP 38920
WRITING COORDINATES TO DCD FILE NVT.dcd AT STEP 38930
WRITING COORDINATES TO DCD FILE NVT.dcd AT STEP 38940
WRITING COORDINATES TO DCD FILE NVT.dcd AT STEP 38950
WRITING COORDINATES TO DCD FILE NVT.dcd AT STEP 38960
WRITING COORDINATES TO DCD FILE NVT.dcd AT STEP 38970
WRITING COORDINATES TO DCD FILE NVT.dcd AT STEP 38980
WRITING COORDINATES TO DCD FILE NVT.dcd AT STEP 38990
PRESSURE: 39000 502.128 84.6607 245.511 84.6607 -747.716 305.179 245.511 305.179 22.0475
GPRESSURE: 39000 425.593 -11.3149 325.889 158.702 -512.042 111.581 59.5757 298.669 -63.7064
PRESSAVG: 39000 -69.3572 -7.25002 10.5542 -7.25002 43.029 -15.7111 10.5542 -15.7111 -25.0821
GPRESSAVG: 39000 -69.551 -7.89504 10.571 -7.98907 43.3224 -15.6737 10.9745 -15.6604 -25.2439
ENERGY:   39000      1604.1116      9177.4310      5738.5927        67.2530         -60671.6775     -1234.7706         0.0000         0.0000     18590.1786         -26728.8811       300.0418    -45319.0597    -26582.1811       301.4942            -74.5136       -50.0518    266765.5277       -17.1368       -17.1575

WRITING COORDINATES TO DCD FILE NVT.dcd AT STEP 39000
WRITING COORDINATES TO DCD FILE NVT.dcd AT STEP 39010
WRITING COORDINATES TO DCD FILE NVT.dcd AT STEP 39020
WRITING COORDINATES TO DCD FILE NVT.dcd AT STEP 39030
WRITING COORDINATES TO DCD FILE NVT.dcd AT STEP 39040
WRITING COORDINATES TO DCD FILE NVT.dcd AT STEP 39050
WRITING COORDINATES TO DCD FILE NVT.dcd AT STEP 39060
WRITING COORDINATES TO DCD FILE NVT.dcd AT STEP 39070
WRITING COORDINATES TO DCD FILE NVT.dcd AT STEP 39080
WRITING COORDINATES TO DCD FILE NVT.dcd AT STEP 39090
WRITING COORDINATES TO DCD FILE NVT.dcd AT STEP 39100
WRITING COORDINATES TO DCD FILE NVT.dcd AT STEP 39110
WRITING COORDINATES TO DCD FILE NVT.dcd AT STEP 39120
WRITING COORDINATES TO DCD FILE NVT.dcd AT STEP 39130
WRITING COORDINATES TO DCD FILE NVT.dcd AT STEP 39140
WRITING COORDINATES TO DCD FILE NVT.dcd AT STEP 39150
WRITING COORDINATES TO DCD FILE NVT.dcd AT STEP 39160
WRITING COORDINATES TO DCD FILE NVT.dcd AT STEP 39170
WRITING COORDINATES TO DCD FILE NVT.dcd AT STEP 39180
WRITING COORDINATES TO DCD FILE NVT.dcd AT STEP 39190
WRITING COORDINATES TO DCD FILE NVT.dcd AT STEP 39200
WRITING COORDINATES TO DCD FILE NVT.dcd AT STEP 39210
WRITING COORDINATES TO DCD FILE NVT.dcd AT STEP 39220
WRITING COORDINATES TO DCD FILE NVT.dcd AT STEP 39230
WRITING COORDINATES TO DCD FILE NVT.dcd AT STEP 39240
WRITING COORDINATES TO DCD FILE NVT.dcd AT STEP 39250
WRITING COORDINATES TO DCD FILE NVT.dcd AT STEP 39260
WRITING COORDINATES TO DCD FILE NVT.dcd AT STEP 39270
WRITING COORDINATES TO DCD FILE NVT.dcd AT STEP 39280
WRITING COORDINATES TO DCD FILE NVT.dcd AT STEP 39290
WRITING COORDINATES TO DCD FILE NVT.dcd AT STEP 39300
WRITING COORDINATES TO DCD FILE NVT.dcd AT STEP 39310
WRITING COORDINATES TO DCD FILE NVT.dcd AT STEP 39320
WRITING COORDINATES TO DCD FILE NVT.dcd AT STEP 39330
WRITING COORDINATES TO DCD FILE NVT.dcd AT STEP 39340
WRITING COORDINATES TO DCD FILE NVT.dcd AT STEP 39350
WRITING COORDINATES TO DCD FILE NVT.dcd AT STEP 39360
WRITING COORDINATES TO DCD FILE NVT.dcd AT STEP 39370
WRITING COORDINATES TO DCD FILE NVT.dcd AT STEP 39380
WRITING COORDINATES TO DCD FILE NVT.dcd AT STEP 39390
WRITING COORDINATES TO DCD FILE NVT.dcd AT STEP 39400
WRITING COORDINATES TO DCD FILE NVT.dcd AT STEP 39410
WRITING COORDINATES TO DCD FILE NVT.dcd AT STEP 39420
WRITING COORDINATES TO DCD FILE NVT.dcd AT STEP 39430
WRITING COORDINATES TO DCD FILE NVT.dcd AT STEP 39440
WRITING COORDINATES TO DCD FILE NVT.dcd AT STEP 39450
WRITING COORDINATES TO DCD FILE NVT.dcd AT STEP 39460
WRITING COORDINATES TO DCD FILE NVT.dcd AT STEP 39470
WRITING COORDINATES TO DCD FILE NVT.dcd AT STEP 39480
WRITING COORDINATES TO DCD FILE NVT.dcd AT STEP 39490
WRITING COORDINATES TO DCD FILE NVT.dcd AT STEP 39500
WRITING COORDINATES TO DCD FILE NVT.dcd AT STEP 39510
WRITING COORDINATES TO DCD FILE NVT.dcd AT STEP 39520
WRITING COORDINATES TO DCD FILE NVT.dcd AT STEP 39530
WRITING COORDINATES TO DCD FILE NVT.dcd AT STEP 39540
WRITING COORDINATES TO DCD FILE NVT.dcd AT STEP 39550
WRITING COORDINATES TO DCD FILE NVT.dcd AT STEP 39560
WRITING COORDINATES TO DCD FILE NVT.dcd AT STEP 39570
WRITING COORDINATES TO DCD FILE NVT.dcd AT STEP 39580
WRITING COORDINATES TO DCD FILE NVT.dcd AT STEP 39590
WRITING COORDINATES TO DCD FILE NVT.dcd AT STEP 39600
WRITING COORDINATES TO DCD FILE NVT.dcd AT STEP 39610
WRITING COORDINATES TO DCD FILE NVT.dcd AT STEP 39620
WRITING COORDINATES TO DCD FILE NVT.dcd AT STEP 39630
WRITING COORDINATES TO DCD FILE NVT.dcd AT STEP 39640
WRITING COORDINATES TO DCD FILE NVT.dcd AT STEP 39650
WRITING COORDINATES TO DCD FILE NVT.dcd AT STEP 39660
WRITING COORDINATES TO DCD FILE NVT.dcd AT STEP 39670
WRITING COORDINATES TO DCD FILE NVT.dcd AT STEP 39680
WRITING COORDINATES TO DCD FILE NVT.dcd AT STEP 39690
WRITING COORDINATES TO DCD FILE NVT.dcd AT STEP 39700
WRITING COORDINATES TO DCD FILE NVT.dcd AT STEP 39710
WRITING COORDINATES TO DCD FILE NVT.dcd AT STEP 39720
WRITING COORDINATES TO DCD FILE NVT.dcd AT STEP 39730
WRITING COORDINATES TO DCD FILE NVT.dcd AT STEP 39740
WRITING COORDINATES TO DCD FILE NVT.dcd AT STEP 39750
WRITING COORDINATES TO DCD FILE NVT.dcd AT STEP 39760
WRITING COORDINATES TO DCD FILE NVT.dcd AT STEP 39770
WRITING COORDINATES TO DCD FILE NVT.dcd AT STEP 39780
WRITING COORDINATES TO DCD FILE NVT.dcd AT STEP 39790
WRITING COORDINATES TO DCD FILE NVT.dcd AT STEP 39800
WRITING COORDINATES TO DCD FILE NVT.dcd AT STEP 39810
WRITING COORDINATES TO DCD FILE NVT.dcd AT STEP 39820
WRITING COORDINATES TO DCD FILE NVT.dcd AT STEP 39830
WRITING COORDINATES TO DCD FILE NVT.dcd AT STEP 39840
WRITING COORDINATES TO DCD FILE NVT.dcd AT STEP 39850
WRITING COORDINATES TO DCD FILE NVT.dcd AT STEP 39860
WRITING COORDINATES TO DCD FILE NVT.dcd AT STEP 39870
WRITING COORDINATES TO DCD FILE NVT.dcd AT STEP 39880
WRITING COORDINATES TO DCD FILE NVT.dcd AT STEP 39890
WRITING COORDINATES TO DCD FILE NVT.dcd AT STEP 39900
WRITING COORDINATES TO DCD FILE NVT.dcd AT STEP 39910
WRITING COORDINATES TO DCD FILE NVT.dcd AT STEP 39920
WRITING COORDINATES TO DCD FILE NVT.dcd AT STEP 39930
WRITING COORDINATES TO DCD FILE NVT.dcd AT STEP 39940
WRITING COORDINATES TO DCD FILE NVT.dcd AT STEP 39950
WRITING COORDINATES TO DCD FILE NVT.dcd AT STEP 39960
WRITING COORDINATES TO DCD FILE NVT.dcd AT STEP 39970
WRITING COORDINATES TO DCD FILE NVT.dcd AT STEP 39980
WRITING COORDINATES TO DCD FILE NVT.dcd AT STEP 39990
PRESSURE: 40000 4.7642 274.556 -343.401 274.556 -394.888 43.2139 -343.401 43.2139 233.669
GPRESSURE: 40000 116.693 295.306 -173.315 261.046 -377.049 -62.2984 -408.512 -169.147 135.989
PRESSAVG: 40000 60.7082 69.9873 42.4847 69.9873 -1.9111 -32.731 42.4847 -32.731 18.8744
GPRESSAVG: 40000 61.2835 70.558 42.7427 70.4126 -2.3716 -32.6669 43.4293 -32.8169 18.5443
TIMING: 40000  CPU: 6640.79, 0.166248/step  Wall: 6640.93, 0.166252/step, 0.461811 hours remaining, 841.435759 MB of memory in use.
PERFORMANCE: 40000  averaging 1.04088 ns/day, 0.166014 sec/step with standard deviation 0.000314361
ETITLE:      TS           BOND          ANGLE          DIHED          IMPRP               ELECT            VDW       BOUNDARY           MISC        KINETIC               TOTAL           TEMP      POTENTIAL         TOTAL3        TEMPAVG            PRESSURE      GPRESSURE         VOLUME       PRESSAVG      GPRESSAVG

ENERGY:   40000      1581.5331      9122.6494      5747.4629        63.9187         -60561.6095     -1374.4054         0.0000         0.0000     18795.5482         -26624.9026       303.3564    -45420.4508    -26480.5902       302.2593            -52.1515       -41.4560    266765.5277        25.8905        25.8188

WRITING EXTENDED SYSTEM TO RESTART FILE AT STEP 40000
WRITING COORDINATES TO DCD FILE NVT.dcd AT STEP 40000
WRITING COORDINATES TO RESTART FILE AT STEP 40000
FINISHED WRITING RESTART COORDINATES
WRITING VELOCITIES TO RESTART FILE AT STEP 40000
FINISHED WRITING RESTART VELOCITIES
WRITING COORDINATES TO DCD FILE NVT.dcd AT STEP 40010
WRITING COORDINATES TO DCD FILE NVT.dcd AT STEP 40020
WRITING COORDINATES TO DCD FILE NVT.dcd AT STEP 40030
WRITING COORDINATES TO DCD FILE NVT.dcd AT STEP 40040
WRITING COORDINATES TO DCD FILE NVT.dcd AT STEP 40050
WRITING COORDINATES TO DCD FILE NVT.dcd AT STEP 40060
WRITING COORDINATES TO DCD FILE NVT.dcd AT STEP 40070
WRITING COORDINATES TO DCD FILE NVT.dcd AT STEP 40080
WRITING COORDINATES TO DCD FILE NVT.dcd AT STEP 40090
WRITING COORDINATES TO DCD FILE NVT.dcd AT STEP 40100
WRITING COORDINATES TO DCD FILE NVT.dcd AT STEP 40110
WRITING COORDINATES TO DCD FILE NVT.dcd AT STEP 40120
WRITING COORDINATES TO DCD FILE NVT.dcd AT STEP 40130
WRITING COORDINATES TO DCD FILE NVT.dcd AT STEP 40140
LDB: ============= START OF LOAD BALANCING ============== 6690.49
LDB: ============== END OF LOAD BALANCING =============== 6690.49
LDB: =============== DONE WITH MIGRATION ================ 6690.49
WRITING COORDINATES TO DCD FILE NVT.dcd AT STEP 40150
WRITING COORDINATES TO DCD FILE NVT.dcd AT STEP 40160
WRITING COORDINATES TO DCD FILE NVT.dcd AT STEP 40170
WRITING COORDINATES TO DCD FILE NVT.dcd AT STEP 40180
WRITING COORDINATES TO DCD FILE NVT.dcd AT STEP 40190
LDB: ============= START OF LOAD BALANCING ============== 6698.81
LDB: ============== END OF LOAD BALANCING =============== 6698.81
LDB: =============== DONE WITH MIGRATION ================ 6698.81
WRITING COORDINATES TO DCD FILE NVT.dcd AT STEP 40200
WRITING COORDINATES TO DCD FILE NVT.dcd AT STEP 40210
WRITING COORDINATES TO DCD FILE NVT.dcd AT STEP 40220
WRITING COORDINATES TO DCD FILE NVT.dcd AT STEP 40230
WRITING COORDINATES TO DCD FILE NVT.dcd AT STEP 40240
WRITING COORDINATES TO DCD FILE NVT.dcd AT STEP 40250
WRITING COORDINATES TO DCD FILE NVT.dcd AT STEP 40260
WRITING COORDINATES TO DCD FILE NVT.dcd AT STEP 40270
WRITING COORDINATES TO DCD FILE NVT.dcd AT STEP 40280
WRITING COORDINATES TO DCD FILE NVT.dcd AT STEP 40290
WRITING COORDINATES TO DCD FILE NVT.dcd AT STEP 40300
WRITING COORDINATES TO DCD FILE NVT.dcd AT STEP 40310
WRITING COORDINATES TO DCD FILE NVT.dcd AT STEP 40320
WRITING COORDINATES TO DCD FILE NVT.dcd AT STEP 40330
WRITING COORDINATES TO DCD FILE NVT.dcd AT STEP 40340
WRITING COORDINATES TO DCD FILE NVT.dcd AT STEP 40350
WRITING COORDINATES TO DCD FILE NVT.dcd AT STEP 40360
WRITING COORDINATES TO DCD FILE NVT.dcd AT STEP 40370
WRITING COORDINATES TO DCD FILE NVT.dcd AT STEP 40380
WRITING COORDINATES TO DCD FILE NVT.dcd AT STEP 40390
WRITING COORDINATES TO DCD FILE NVT.dcd AT STEP 40400
WRITING COORDINATES TO DCD FILE NVT.dcd AT STEP 40410
WRITING COORDINATES TO DCD FILE NVT.dcd AT STEP 40420
WRITING COORDINATES TO DCD FILE NVT.dcd AT STEP 40430
WRITING COORDINATES TO DCD FILE NVT.dcd AT STEP 40440
WRITING COORDINATES TO DCD FILE NVT.dcd AT STEP 40450
WRITING COORDINATES TO DCD FILE NVT.dcd AT STEP 40460
WRITING COORDINATES TO DCD FILE NVT.dcd AT STEP 40470
WRITING COORDINATES TO DCD FILE NVT.dcd AT STEP 40480
WRITING COORDINATES TO DCD FILE NVT.dcd AT STEP 40490
WRITING COORDINATES TO DCD FILE NVT.dcd AT STEP 40500
WRITING COORDINATES TO DCD FILE NVT.dcd AT STEP 40510
WRITING COORDINATES TO DCD FILE NVT.dcd AT STEP 40520
WRITING COORDINATES TO DCD FILE NVT.dcd AT STEP 40530
WRITING COORDINATES TO DCD FILE NVT.dcd AT STEP 40540
WRITING COORDINATES TO DCD FILE NVT.dcd AT STEP 40550
WRITING COORDINATES TO DCD FILE NVT.dcd AT STEP 40560
WRITING COORDINATES TO DCD FILE NVT.dcd AT STEP 40570
WRITING COORDINATES TO DCD FILE NVT.dcd AT STEP 40580
WRITING COORDINATES TO DCD FILE NVT.dcd AT STEP 40590
WRITING COORDINATES TO DCD FILE NVT.dcd AT STEP 40600
WRITING COORDINATES TO DCD FILE NVT.dcd AT STEP 40610
WRITING COORDINATES TO DCD FILE NVT.dcd AT STEP 40620
WRITING COORDINATES TO DCD FILE NVT.dcd AT STEP 40630
WRITING COORDINATES TO DCD FILE NVT.dcd AT STEP 40640
WRITING COORDINATES TO DCD FILE NVT.dcd AT STEP 40650
WRITING COORDINATES TO DCD FILE NVT.dcd AT STEP 40660
WRITING COORDINATES TO DCD FILE NVT.dcd AT STEP 40670
WRITING COORDINATES TO DCD FILE NVT.dcd AT STEP 40680
WRITING COORDINATES TO DCD FILE NVT.dcd AT STEP 40690
WRITING COORDINATES TO DCD FILE NVT.dcd AT STEP 40700
WRITING COORDINATES TO DCD FILE NVT.dcd AT STEP 40710
WRITING COORDINATES TO DCD FILE NVT.dcd AT STEP 40720
WRITING COORDINATES TO DCD FILE NVT.dcd AT STEP 40730
WRITING COORDINATES TO DCD FILE NVT.dcd AT STEP 40740
WRITING COORDINATES TO DCD FILE NVT.dcd AT STEP 40750
WRITING COORDINATES TO DCD FILE NVT.dcd AT STEP 40760
WRITING COORDINATES TO DCD FILE NVT.dcd AT STEP 40770
WRITING COORDINATES TO DCD FILE NVT.dcd AT STEP 40780
WRITING COORDINATES TO DCD FILE NVT.dcd AT STEP 40790
WRITING COORDINATES TO DCD FILE NVT.dcd AT STEP 40800
WRITING COORDINATES TO DCD FILE NVT.dcd AT STEP 40810
WRITING COORDINATES TO DCD FILE NVT.dcd AT STEP 40820
WRITING COORDINATES TO DCD FILE NVT.dcd AT STEP 40830
WRITING COORDINATES TO DCD FILE NVT.dcd AT STEP 40840
WRITING COORDINATES TO DCD FILE NVT.dcd AT STEP 40850
WRITING COORDINATES TO DCD FILE NVT.dcd AT STEP 40860
WRITING COORDINATES TO DCD FILE NVT.dcd AT STEP 40870
WRITING COORDINATES TO DCD FILE NVT.dcd AT STEP 40880
WRITING COORDINATES TO DCD FILE NVT.dcd AT STEP 40890
WRITING COORDINATES TO DCD FILE NVT.dcd AT STEP 40900
WRITING COORDINATES TO DCD FILE NVT.dcd AT STEP 40910
WRITING COORDINATES TO DCD FILE NVT.dcd AT STEP 40920
WRITING COORDINATES TO DCD FILE NVT.dcd AT STEP 40930
WRITING COORDINATES TO DCD FILE NVT.dcd AT STEP 40940
WRITING COORDINATES TO DCD FILE NVT.dcd AT STEP 40950
WRITING COORDINATES TO DCD FILE NVT.dcd AT STEP 40960
WRITING COORDINATES TO DCD FILE NVT.dcd AT STEP 40970
WRITING COORDINATES TO DCD FILE NVT.dcd AT STEP 40980
WRITING COORDINATES TO DCD FILE NVT.dcd AT STEP 40990
PRESSURE: 41000 -93.0596 -1.31788 -106.579 -1.31788 -263.325 -191.575 -106.579 -191.575 55.0689
GPRESSURE: 41000 29.8854 -62.0315 -152.552 19.1092 -527.817 -132.893 -132.679 -80.2366 255.536
PRESSAVG: 41000 72.7633 54.0865 68.0876 54.0865 15.7379 -3.41936 68.0876 -3.41936 93.2704
GPRESSAVG: 41000 72.8412 53.8078 68.3026 54.1151 15.7434 -3.2477 68.0022 -2.55145 93.3257
ENERGY:   41000      1569.3969      9206.9619      5764.0098        67.1561         -60680.6435     -1353.8632         0.0000         0.0000     18898.3928         -26528.5892       305.0163    -45426.9820    -26370.8989       302.3414           -100.4386       -80.7985    266765.5277        60.5906        60.6368

WRITING COORDINATES TO DCD FILE NVT.dcd AT STEP 41000
WRITING COORDINATES TO DCD FILE NVT.dcd AT STEP 41010
WRITING COORDINATES TO DCD FILE NVT.dcd AT STEP 41020
WRITING COORDINATES TO DCD FILE NVT.dcd AT STEP 41030
WRITING COORDINATES TO DCD FILE NVT.dcd AT STEP 41040
WRITING COORDINATES TO DCD FILE NVT.dcd AT STEP 41050
WRITING COORDINATES TO DCD FILE NVT.dcd AT STEP 41060
WRITING COORDINATES TO DCD FILE NVT.dcd AT STEP 41070
WRITING COORDINATES TO DCD FILE NVT.dcd AT STEP 41080
WRITING COORDINATES TO DCD FILE NVT.dcd AT STEP 41090
WRITING COORDINATES TO DCD FILE NVT.dcd AT STEP 41100
WRITING COORDINATES TO DCD FILE NVT.dcd AT STEP 41110
WRITING COORDINATES TO DCD FILE NVT.dcd AT STEP 41120
WRITING COORDINATES TO DCD FILE NVT.dcd AT STEP 41130
WRITING COORDINATES TO DCD FILE NVT.dcd AT STEP 41140
WRITING COORDINATES TO DCD FILE NVT.dcd AT STEP 41150
WRITING COORDINATES TO DCD FILE NVT.dcd AT STEP 41160
WRITING COORDINATES TO DCD FILE NVT.dcd AT STEP 41170
WRITING COORDINATES TO DCD FILE NVT.dcd AT STEP 41180
WRITING COORDINATES TO DCD FILE NVT.dcd AT STEP 41190
WRITING COORDINATES TO DCD FILE NVT.dcd AT STEP 41200
WRITING COORDINATES TO DCD FILE NVT.dcd AT STEP 41210
WRITING COORDINATES TO DCD FILE NVT.dcd AT STEP 41220
WRITING COORDINATES TO DCD FILE NVT.dcd AT STEP 41230
WRITING COORDINATES TO DCD FILE NVT.dcd AT STEP 41240
WRITING COORDINATES TO DCD FILE NVT.dcd AT STEP 41250
WRITING COORDINATES TO DCD FILE NVT.dcd AT STEP 41260
WRITING COORDINATES TO DCD FILE NVT.dcd AT STEP 41270
WRITING COORDINATES TO DCD FILE NVT.dcd AT STEP 41280
WRITING COORDINATES TO DCD FILE NVT.dcd AT STEP 41290
WRITING COORDINATES TO DCD FILE NVT.dcd AT STEP 41300
WRITING COORDINATES TO DCD FILE NVT.dcd AT STEP 41310
WRITING COORDINATES TO DCD FILE NVT.dcd AT STEP 41320
WRITING COORDINATES TO DCD FILE NVT.dcd AT STEP 41330
WRITING COORDINATES TO DCD FILE NVT.dcd AT STEP 41340
WRITING COORDINATES TO DCD FILE NVT.dcd AT STEP 41350
WRITING COORDINATES TO DCD FILE NVT.dcd AT STEP 41360
WRITING COORDINATES TO DCD FILE NVT.dcd AT STEP 41370
WRITING COORDINATES TO DCD FILE NVT.dcd AT STEP 41380
WRITING COORDINATES TO DCD FILE NVT.dcd AT STEP 41390
WRITING COORDINATES TO DCD FILE NVT.dcd AT STEP 41400
WRITING COORDINATES TO DCD FILE NVT.dcd AT STEP 41410
WRITING COORDINATES TO DCD FILE NVT.dcd AT STEP 41420
WRITING COORDINATES TO DCD FILE NVT.dcd AT STEP 41430
WRITING COORDINATES TO DCD FILE NVT.dcd AT STEP 41440
WRITING COORDINATES TO DCD FILE NVT.dcd AT STEP 41450
WRITING COORDINATES TO DCD FILE NVT.dcd AT STEP 41460
WRITING COORDINATES TO DCD FILE NVT.dcd AT STEP 41470
WRITING COORDINATES TO DCD FILE NVT.dcd AT STEP 41480
WRITING COORDINATES TO DCD FILE NVT.dcd AT STEP 41490
WRITING COORDINATES TO DCD FILE NVT.dcd AT STEP 41500
WRITING COORDINATES TO DCD FILE NVT.dcd AT STEP 41510
WRITING COORDINATES TO DCD FILE NVT.dcd AT STEP 41520
WRITING COORDINATES TO DCD FILE NVT.dcd AT STEP 41530
WRITING COORDINATES TO DCD FILE NVT.dcd AT STEP 41540
WRITING COORDINATES TO DCD FILE NVT.dcd AT STEP 41550
WRITING COORDINATES TO DCD FILE NVT.dcd AT STEP 41560
WRITING COORDINATES TO DCD FILE NVT.dcd AT STEP 41570
WRITING COORDINATES TO DCD FILE NVT.dcd AT STEP 41580
WRITING COORDINATES TO DCD FILE NVT.dcd AT STEP 41590
WRITING COORDINATES TO DCD FILE NVT.dcd AT STEP 41600
WRITING COORDINATES TO DCD FILE NVT.dcd AT STEP 41610
WRITING COORDINATES TO DCD FILE NVT.dcd AT STEP 41620
WRITING COORDINATES TO DCD FILE NVT.dcd AT STEP 41630
WRITING COORDINATES TO DCD FILE NVT.dcd AT STEP 41640
WRITING COORDINATES TO DCD FILE NVT.dcd AT STEP 41650
WRITING COORDINATES TO DCD FILE NVT.dcd AT STEP 41660
WRITING COORDINATES TO DCD FILE NVT.dcd AT STEP 41670
WRITING COORDINATES TO DCD FILE NVT.dcd AT STEP 41680
WRITING COORDINATES TO DCD FILE NVT.dcd AT STEP 41690
WRITING COORDINATES TO DCD FILE NVT.dcd AT STEP 41700
WRITING COORDINATES TO DCD FILE NVT.dcd AT STEP 41710
WRITING COORDINATES TO DCD FILE NVT.dcd AT STEP 41720
WRITING COORDINATES TO DCD FILE NVT.dcd AT STEP 41730
WRITING COORDINATES TO DCD FILE NVT.dcd AT STEP 41740
WRITING COORDINATES TO DCD FILE NVT.dcd AT STEP 41750
WRITING COORDINATES TO DCD FILE NVT.dcd AT STEP 41760
WRITING COORDINATES TO DCD FILE NVT.dcd AT STEP 41770
WRITING COORDINATES TO DCD FILE NVT.dcd AT STEP 41780
WRITING COORDINATES TO DCD FILE NVT.dcd AT STEP 41790
WRITING COORDINATES TO DCD FILE NVT.dcd AT STEP 41800
WRITING COORDINATES TO DCD FILE NVT.dcd AT STEP 41810
WRITING COORDINATES TO DCD FILE NVT.dcd AT STEP 41820
WRITING COORDINATES TO DCD FILE NVT.dcd AT STEP 41830
WRITING COORDINATES TO DCD FILE NVT.dcd AT STEP 41840
WRITING COORDINATES TO DCD FILE NVT.dcd AT STEP 41850
WRITING COORDINATES TO DCD FILE NVT.dcd AT STEP 41860
WRITING COORDINATES TO DCD FILE NVT.dcd AT STEP 41870
WRITING COORDINATES TO DCD FILE NVT.dcd AT STEP 41880
WRITING COORDINATES TO DCD FILE NVT.dcd AT STEP 41890
WRITING COORDINATES TO DCD FILE NVT.dcd AT STEP 41900
WRITING COORDINATES TO DCD FILE NVT.dcd AT STEP 41910
WRITING COORDINATES TO DCD FILE NVT.dcd AT STEP 41920
WRITING COORDINATES TO DCD FILE NVT.dcd AT STEP 41930
WRITING COORDINATES TO DCD FILE NVT.dcd AT STEP 41940
WRITING COORDINATES TO DCD FILE NVT.dcd AT STEP 41950
WRITING COORDINATES TO DCD FILE NVT.dcd AT STEP 41960
WRITING COORDINATES TO DCD FILE NVT.dcd AT STEP 41970
WRITING COORDINATES TO DCD FILE NVT.dcd AT STEP 41980
WRITING COORDINATES TO DCD FILE NVT.dcd AT STEP 41990
PRESSURE: 42000 -563.423 105.88 -191.099 105.88 -131.344 -192.202 -191.099 -192.202 -250.356
GPRESSURE: 42000 -557.415 140.396 -90.8898 92.2276 -119.91 -385.252 -125.461 -91.8239 -180.674
PRESSAVG: 42000 27.5237 17.5976 11.0401 17.5976 86.4677 -17.3066 11.0401 -17.3066 36.2687
GPRESSAVG: 42000 27.0546 17.8024 10.7469 17.7187 86.5947 -17.1871 11.1634 -17.8337 36.1722
ENERGY:   42000      1576.9307      9382.8839      5660.5007        73.3878         -60712.6415     -1287.6855         0.0000         0.0000     18587.6493         -26718.9746       300.0010    -45306.6238    -26572.9545       302.2168           -315.0411      -285.9996    266765.5277        50.0867        49.9405

WRITING COORDINATES TO DCD FILE NVT.dcd AT STEP 42000
WRITING COORDINATES TO DCD FILE NVT.dcd AT STEP 42010
WRITING COORDINATES TO DCD FILE NVT.dcd AT STEP 42020
WRITING COORDINATES TO DCD FILE NVT.dcd AT STEP 42030
WRITING COORDINATES TO DCD FILE NVT.dcd AT STEP 42040
WRITING COORDINATES TO DCD FILE NVT.dcd AT STEP 42050
WRITING COORDINATES TO DCD FILE NVT.dcd AT STEP 42060
WRITING COORDINATES TO DCD FILE NVT.dcd AT STEP 42070
WRITING COORDINATES TO DCD FILE NVT.dcd AT STEP 42080
WRITING COORDINATES TO DCD FILE NVT.dcd AT STEP 42090
WRITING COORDINATES TO DCD FILE NVT.dcd AT STEP 42100
WRITING COORDINATES TO DCD FILE NVT.dcd AT STEP 42110
WRITING COORDINATES TO DCD FILE NVT.dcd AT STEP 42120
WRITING COORDINATES TO DCD FILE NVT.dcd AT STEP 42130
WRITING COORDINATES TO DCD FILE NVT.dcd AT STEP 42140
LDB: ============= START OF LOAD BALANCING ============== 7023.29
LDB: ============== END OF LOAD BALANCING =============== 7023.29
LDB: =============== DONE WITH MIGRATION ================ 7023.29
WRITING COORDINATES TO DCD FILE NVT.dcd AT STEP 42150
WRITING COORDINATES TO DCD FILE NVT.dcd AT STEP 42160
WRITING COORDINATES TO DCD FILE NVT.dcd AT STEP 42170
WRITING COORDINATES TO DCD FILE NVT.dcd AT STEP 42180
WRITING COORDINATES TO DCD FILE NVT.dcd AT STEP 42190
LDB: ============= START OF LOAD BALANCING ============== 7031.6
LDB: ============== END OF LOAD BALANCING =============== 7031.6
LDB: =============== DONE WITH MIGRATION ================ 7031.6
WRITING COORDINATES TO DCD FILE NVT.dcd AT STEP 42200
WRITING COORDINATES TO DCD FILE NVT.dcd AT STEP 42210
WRITING COORDINATES TO DCD FILE NVT.dcd AT STEP 42220
WRITING COORDINATES TO DCD FILE NVT.dcd AT STEP 42230
WRITING COORDINATES TO DCD FILE NVT.dcd AT STEP 42240
WRITING COORDINATES TO DCD FILE NVT.dcd AT STEP 42250
WRITING COORDINATES TO DCD FILE NVT.dcd AT STEP 42260
WRITING COORDINATES TO DCD FILE NVT.dcd AT STEP 42270
WRITING COORDINATES TO DCD FILE NVT.dcd AT STEP 42280
WRITING COORDINATES TO DCD FILE NVT.dcd AT STEP 42290
WRITING COORDINATES TO DCD FILE NVT.dcd AT STEP 42300
WRITING COORDINATES TO DCD FILE NVT.dcd AT STEP 42310
WRITING COORDINATES TO DCD FILE NVT.dcd AT STEP 42320
WRITING COORDINATES TO DCD FILE NVT.dcd AT STEP 42330
WRITING COORDINATES TO DCD FILE NVT.dcd AT STEP 42340
WRITING COORDINATES TO DCD FILE NVT.dcd AT STEP 42350
WRITING COORDINATES TO DCD FILE NVT.dcd AT STEP 42360
WRITING COORDINATES TO DCD FILE NVT.dcd AT STEP 42370
WRITING COORDINATES TO DCD FILE NVT.dcd AT STEP 42380
WRITING COORDINATES TO DCD FILE NVT.dcd AT STEP 42390
WRITING COORDINATES TO DCD FILE NVT.dcd AT STEP 42400
WRITING COORDINATES TO DCD FILE NVT.dcd AT STEP 42410
WRITING COORDINATES TO DCD FILE NVT.dcd AT STEP 42420
WRITING COORDINATES TO DCD FILE NVT.dcd AT STEP 42430
WRITING COORDINATES TO DCD FILE NVT.dcd AT STEP 42440
WRITING COORDINATES TO DCD FILE NVT.dcd AT STEP 42450
WRITING COORDINATES TO DCD FILE NVT.dcd AT STEP 42460
WRITING COORDINATES TO DCD FILE NVT.dcd AT STEP 42470
WRITING COORDINATES TO DCD FILE NVT.dcd AT STEP 42480
WRITING COORDINATES TO DCD FILE NVT.dcd AT STEP 42490
WRITING COORDINATES TO DCD FILE NVT.dcd AT STEP 42500
WRITING COORDINATES TO DCD FILE NVT.dcd AT STEP 42510
WRITING COORDINATES TO DCD FILE NVT.dcd AT STEP 42520
WRITING COORDINATES TO DCD FILE NVT.dcd AT STEP 42530
WRITING COORDINATES TO DCD FILE NVT.dcd AT STEP 42540
WRITING COORDINATES TO DCD FILE NVT.dcd AT STEP 42550
WRITING COORDINATES TO DCD FILE NVT.dcd AT STEP 42560
WRITING COORDINATES TO DCD FILE NVT.dcd AT STEP 42570
WRITING COORDINATES TO DCD FILE NVT.dcd AT STEP 42580
WRITING COORDINATES TO DCD FILE NVT.dcd AT STEP 42590
WRITING COORDINATES TO DCD FILE NVT.dcd AT STEP 42600
WRITING COORDINATES TO DCD FILE NVT.dcd AT STEP 42610
WRITING COORDINATES TO DCD FILE NVT.dcd AT STEP 42620
WRITING COORDINATES TO DCD FILE NVT.dcd AT STEP 42630
WRITING COORDINATES TO DCD FILE NVT.dcd AT STEP 42640
WRITING COORDINATES TO DCD FILE NVT.dcd AT STEP 42650
WRITING COORDINATES TO DCD FILE NVT.dcd AT STEP 42660
WRITING COORDINATES TO DCD FILE NVT.dcd AT STEP 42670
WRITING COORDINATES TO DCD FILE NVT.dcd AT STEP 42680
WRITING COORDINATES TO DCD FILE NVT.dcd AT STEP 42690
WRITING COORDINATES TO DCD FILE NVT.dcd AT STEP 42700
WRITING COORDINATES TO DCD FILE NVT.dcd AT STEP 42710
WRITING COORDINATES TO DCD FILE NVT.dcd AT STEP 42720
WRITING COORDINATES TO DCD FILE NVT.dcd AT STEP 42730
WRITING COORDINATES TO DCD FILE NVT.dcd AT STEP 42740
WRITING COORDINATES TO DCD FILE NVT.dcd AT STEP 42750
WRITING COORDINATES TO DCD FILE NVT.dcd AT STEP 42760
WRITING COORDINATES TO DCD FILE NVT.dcd AT STEP 42770
WRITING COORDINATES TO DCD FILE NVT.dcd AT STEP 42780
WRITING COORDINATES TO DCD FILE NVT.dcd AT STEP 42790
WRITING COORDINATES TO DCD FILE NVT.dcd AT STEP 42800
WRITING COORDINATES TO DCD FILE NVT.dcd AT STEP 42810
WRITING COORDINATES TO DCD FILE NVT.dcd AT STEP 42820
WRITING COORDINATES TO DCD FILE NVT.dcd AT STEP 42830
WRITING COORDINATES TO DCD FILE NVT.dcd AT STEP 42840
WRITING COORDINATES TO DCD FILE NVT.dcd AT STEP 42850
WRITING COORDINATES TO DCD FILE NVT.dcd AT STEP 42860
WRITING COORDINATES TO DCD FILE NVT.dcd AT STEP 42870
WRITING COORDINATES TO DCD FILE NVT.dcd AT STEP 42880
WRITING COORDINATES TO DCD FILE NVT.dcd AT STEP 42890
WRITING COORDINATES TO DCD FILE NVT.dcd AT STEP 42900
WRITING COORDINATES TO DCD FILE NVT.dcd AT STEP 42910
WRITING COORDINATES TO DCD FILE NVT.dcd AT STEP 42920
WRITING COORDINATES TO DCD FILE NVT.dcd AT STEP 42930
WRITING COORDINATES TO DCD FILE NVT.dcd AT STEP 42940
WRITING COORDINATES TO DCD FILE NVT.dcd AT STEP 42950
WRITING COORDINATES TO DCD FILE NVT.dcd AT STEP 42960
WRITING COORDINATES TO DCD FILE NVT.dcd AT STEP 42970
WRITING COORDINATES TO DCD FILE NVT.dcd AT STEP 42980
WRITING COORDINATES TO DCD FILE NVT.dcd AT STEP 42990
PRESSURE: 43000 -654.86 63.3401 -66.5179 63.3401 -163.657 -120.237 -66.5179 -120.237 -529.629
GPRESSURE: 43000 -484.689 -41.752 -187.925 17.1747 -188.92 -155.677 176.149 -233.188 -629.423
PRESSAVG: 43000 -21.3064 47.2837 34.3659 47.2837 -92.5584 -8.56692 34.3659 -8.56692 -39.4761
GPRESSAVG: 43000 -21.0752 47.1847 34.7775 47.7216 -92.7525 -8.47615 34.2331 -9.30337 -39.7429
ENERGY:   43000      1588.6555      9187.8094      5759.4105        73.4437         -60480.8812     -1547.8462         0.0000         0.0000     18727.5357         -26691.8725       302.2587    -45419.4082    -26538.6618       301.4489           -449.3820      -434.3440    266765.5277       -51.1136       -51.1902

WRITING COORDINATES TO DCD FILE NVT.dcd AT STEP 43000
WRITING COORDINATES TO DCD FILE NVT.dcd AT STEP 43010
WRITING COORDINATES TO DCD FILE NVT.dcd AT STEP 43020
WRITING COORDINATES TO DCD FILE NVT.dcd AT STEP 43030
WRITING COORDINATES TO DCD FILE NVT.dcd AT STEP 43040
WRITING COORDINATES TO DCD FILE NVT.dcd AT STEP 43050
WRITING COORDINATES TO DCD FILE NVT.dcd AT STEP 43060
WRITING COORDINATES TO DCD FILE NVT.dcd AT STEP 43070
WRITING COORDINATES TO DCD FILE NVT.dcd AT STEP 43080
WRITING COORDINATES TO DCD FILE NVT.dcd AT STEP 43090
WRITING COORDINATES TO DCD FILE NVT.dcd AT STEP 43100
WRITING COORDINATES TO DCD FILE NVT.dcd AT STEP 43110
WRITING COORDINATES TO DCD FILE NVT.dcd AT STEP 43120
WRITING COORDINATES TO DCD FILE NVT.dcd AT STEP 43130
WRITING COORDINATES TO DCD FILE NVT.dcd AT STEP 43140
WRITING COORDINATES TO DCD FILE NVT.dcd AT STEP 43150
WRITING COORDINATES TO DCD FILE NVT.dcd AT STEP 43160
WRITING COORDINATES TO DCD FILE NVT.dcd AT STEP 43170
WRITING COORDINATES TO DCD FILE NVT.dcd AT STEP 43180
WRITING COORDINATES TO DCD FILE NVT.dcd AT STEP 43190
WRITING COORDINATES TO DCD FILE NVT.dcd AT STEP 43200
WRITING COORDINATES TO DCD FILE NVT.dcd AT STEP 43210
WRITING COORDINATES TO DCD FILE NVT.dcd AT STEP 43220
WRITING COORDINATES TO DCD FILE NVT.dcd AT STEP 43230
WRITING COORDINATES TO DCD FILE NVT.dcd AT STEP 43240
WRITING COORDINATES TO DCD FILE NVT.dcd AT STEP 43250
WRITING COORDINATES TO DCD FILE NVT.dcd AT STEP 43260
WRITING COORDINATES TO DCD FILE NVT.dcd AT STEP 43270
WRITING COORDINATES TO DCD FILE NVT.dcd AT STEP 43280
WRITING COORDINATES TO DCD FILE NVT.dcd AT STEP 43290
WRITING COORDINATES TO DCD FILE NVT.dcd AT STEP 43300
WRITING COORDINATES TO DCD FILE NVT.dcd AT STEP 43310
WRITING COORDINATES TO DCD FILE NVT.dcd AT STEP 43320
WRITING COORDINATES TO DCD FILE NVT.dcd AT STEP 43330
WRITING COORDINATES TO DCD FILE NVT.dcd AT STEP 43340
WRITING COORDINATES TO DCD FILE NVT.dcd AT STEP 43350
WRITING COORDINATES TO DCD FILE NVT.dcd AT STEP 43360
WRITING COORDINATES TO DCD FILE NVT.dcd AT STEP 43370
WRITING COORDINATES TO DCD FILE NVT.dcd AT STEP 43380
WRITING COORDINATES TO DCD FILE NVT.dcd AT STEP 43390
WRITING COORDINATES TO DCD FILE NVT.dcd AT STEP 43400
WRITING COORDINATES TO DCD FILE NVT.dcd AT STEP 43410
WRITING COORDINATES TO DCD FILE NVT.dcd AT STEP 43420
WRITING COORDINATES TO DCD FILE NVT.dcd AT STEP 43430
WRITING COORDINATES TO DCD FILE NVT.dcd AT STEP 43440
WRITING COORDINATES TO DCD FILE NVT.dcd AT STEP 43450
WRITING COORDINATES TO DCD FILE NVT.dcd AT STEP 43460
WRITING COORDINATES TO DCD FILE NVT.dcd AT STEP 43470
WRITING COORDINATES TO DCD FILE NVT.dcd AT STEP 43480
WRITING COORDINATES TO DCD FILE NVT.dcd AT STEP 43490
WRITING COORDINATES TO DCD FILE NVT.dcd AT STEP 43500
WRITING COORDINATES TO DCD FILE NVT.dcd AT STEP 43510
WRITING COORDINATES TO DCD FILE NVT.dcd AT STEP 43520
WRITING COORDINATES TO DCD FILE NVT.dcd AT STEP 43530
WRITING COORDINATES TO DCD FILE NVT.dcd AT STEP 43540
WRITING COORDINATES TO DCD FILE NVT.dcd AT STEP 43550
WRITING COORDINATES TO DCD FILE NVT.dcd AT STEP 43560
WRITING COORDINATES TO DCD FILE NVT.dcd AT STEP 43570
WRITING COORDINATES TO DCD FILE NVT.dcd AT STEP 43580
WRITING COORDINATES TO DCD FILE NVT.dcd AT STEP 43590
WRITING COORDINATES TO DCD FILE NVT.dcd AT STEP 43600
WRITING COORDINATES TO DCD FILE NVT.dcd AT STEP 43610
WRITING COORDINATES TO DCD FILE NVT.dcd AT STEP 43620
WRITING COORDINATES TO DCD FILE NVT.dcd AT STEP 43630
WRITING COORDINATES TO DCD FILE NVT.dcd AT STEP 43640
WRITING COORDINATES TO DCD FILE NVT.dcd AT STEP 43650
WRITING COORDINATES TO DCD FILE NVT.dcd AT STEP 43660
WRITING COORDINATES TO DCD FILE NVT.dcd AT STEP 43670
WRITING COORDINATES TO DCD FILE NVT.dcd AT STEP 43680
WRITING COORDINATES TO DCD FILE NVT.dcd AT STEP 43690
WRITING COORDINATES TO DCD FILE NVT.dcd AT STEP 43700
WRITING COORDINATES TO DCD FILE NVT.dcd AT STEP 43710
WRITING COORDINATES TO DCD FILE NVT.dcd AT STEP 43720
WRITING COORDINATES TO DCD FILE NVT.dcd AT STEP 43730
WRITING COORDINATES TO DCD FILE NVT.dcd AT STEP 43740
WRITING COORDINATES TO DCD FILE NVT.dcd AT STEP 43750
WRITING COORDINATES TO DCD FILE NVT.dcd AT STEP 43760
WRITING COORDINATES TO DCD FILE NVT.dcd AT STEP 43770
WRITING COORDINATES TO DCD FILE NVT.dcd AT STEP 43780
WRITING COORDINATES TO DCD FILE NVT.dcd AT STEP 43790
WRITING COORDINATES TO DCD FILE NVT.dcd AT STEP 43800
WRITING COORDINATES TO DCD FILE NVT.dcd AT STEP 43810
WRITING COORDINATES TO DCD FILE NVT.dcd AT STEP 43820
WRITING COORDINATES TO DCD FILE NVT.dcd AT STEP 43830
WRITING COORDINATES TO DCD FILE NVT.dcd AT STEP 43840
WRITING COORDINATES TO DCD FILE NVT.dcd AT STEP 43850
WRITING COORDINATES TO DCD FILE NVT.dcd AT STEP 43860
WRITING COORDINATES TO DCD FILE NVT.dcd AT STEP 43870
WRITING COORDINATES TO DCD FILE NVT.dcd AT STEP 43880
WRITING COORDINATES TO DCD FILE NVT.dcd AT STEP 43890
WRITING COORDINATES TO DCD FILE NVT.dcd AT STEP 43900
WRITING COORDINATES TO DCD FILE NVT.dcd AT STEP 43910
WRITING COORDINATES TO DCD FILE NVT.dcd AT STEP 43920
WRITING COORDINATES TO DCD FILE NVT.dcd AT STEP 43930
WRITING COORDINATES TO DCD FILE NVT.dcd AT STEP 43940
WRITING COORDINATES TO DCD FILE NVT.dcd AT STEP 43950
WRITING COORDINATES TO DCD FILE NVT.dcd AT STEP 43960
WRITING COORDINATES TO DCD FILE NVT.dcd AT STEP 43970
WRITING COORDINATES TO DCD FILE NVT.dcd AT STEP 43980
WRITING COORDINATES TO DCD FILE NVT.dcd AT STEP 43990
PRESSURE: 44000 -348.319 358.901 284.916 358.901 -75.2136 -61.5041 284.916 -61.5041 -629.494
GPRESSURE: 44000 -331.209 141.597 219.188 183.909 -135.686 30.3852 295.523 -161.285 -549.754
PRESSAVG: 44000 14.6294 26.7014 -19.0884 26.7014 6.84761 -16.3673 -19.0884 -16.3673 -57.6151
GPRESSAVG: 44000 13.7674 26.6539 -19.0127 26.4271 7.38716 -16.3581 -19.8721 -16.0162 -57.2004
ENERGY:   44000      1569.5136      9316.0012      5723.5764        72.6271         -60739.1922     -1364.1237         0.0000         0.0000     18673.9766         -26747.6211       301.3943    -45421.5977    -26598.4667       302.6281           -351.0091      -338.8832    266765.5277       -12.0460       -12.0153

WRITING COORDINATES TO DCD FILE NVT.dcd AT STEP 44000
WRITING COORDINATES TO DCD FILE NVT.dcd AT STEP 44010
WRITING COORDINATES TO DCD FILE NVT.dcd AT STEP 44020
WRITING COORDINATES TO DCD FILE NVT.dcd AT STEP 44030
WRITING COORDINATES TO DCD FILE NVT.dcd AT STEP 44040
WRITING COORDINATES TO DCD FILE NVT.dcd AT STEP 44050
WRITING COORDINATES TO DCD FILE NVT.dcd AT STEP 44060
WRITING COORDINATES TO DCD FILE NVT.dcd AT STEP 44070
WRITING COORDINATES TO DCD FILE NVT.dcd AT STEP 44080
WRITING COORDINATES TO DCD FILE NVT.dcd AT STEP 44090
WRITING COORDINATES TO DCD FILE NVT.dcd AT STEP 44100
WRITING COORDINATES TO DCD FILE NVT.dcd AT STEP 44110
WRITING COORDINATES TO DCD FILE NVT.dcd AT STEP 44120
WRITING COORDINATES TO DCD FILE NVT.dcd AT STEP 44130
WRITING COORDINATES TO DCD FILE NVT.dcd AT STEP 44140
LDB: ============= START OF LOAD BALANCING ============== 7355.02
LDB: ============== END OF LOAD BALANCING =============== 7355.02
LDB: =============== DONE WITH MIGRATION ================ 7355.02
WRITING COORDINATES TO DCD FILE NVT.dcd AT STEP 44150
WRITING COORDINATES TO DCD FILE NVT.dcd AT STEP 44160
WRITING COORDINATES TO DCD FILE NVT.dcd AT STEP 44170
WRITING COORDINATES TO DCD FILE NVT.dcd AT STEP 44180
WRITING COORDINATES TO DCD FILE NVT.dcd AT STEP 44190
LDB: ============= START OF LOAD BALANCING ============== 7363.31
LDB: ============== END OF LOAD BALANCING =============== 7363.31
LDB: =============== DONE WITH MIGRATION ================ 7363.31
WRITING COORDINATES TO DCD FILE NVT.dcd AT STEP 44200
WRITING COORDINATES TO DCD FILE NVT.dcd AT STEP 44210
WRITING COORDINATES TO DCD FILE NVT.dcd AT STEP 44220
WRITING COORDINATES TO DCD FILE NVT.dcd AT STEP 44230
WRITING COORDINATES TO DCD FILE NVT.dcd AT STEP 44240
WRITING COORDINATES TO DCD FILE NVT.dcd AT STEP 44250
WRITING COORDINATES TO DCD FILE NVT.dcd AT STEP 44260
WRITING COORDINATES TO DCD FILE NVT.dcd AT STEP 44270
WRITING COORDINATES TO DCD FILE NVT.dcd AT STEP 44280
WRITING COORDINATES TO DCD FILE NVT.dcd AT STEP 44290
WRITING COORDINATES TO DCD FILE NVT.dcd AT STEP 44300
WRITING COORDINATES TO DCD FILE NVT.dcd AT STEP 44310
WRITING COORDINATES TO DCD FILE NVT.dcd AT STEP 44320
WRITING COORDINATES TO DCD FILE NVT.dcd AT STEP 44330
WRITING COORDINATES TO DCD FILE NVT.dcd AT STEP 44340
WRITING COORDINATES TO DCD FILE NVT.dcd AT STEP 44350
WRITING COORDINATES TO DCD FILE NVT.dcd AT STEP 44360
WRITING COORDINATES TO DCD FILE NVT.dcd AT STEP 44370
WRITING COORDINATES TO DCD FILE NVT.dcd AT STEP 44380
WRITING COORDINATES TO DCD FILE NVT.dcd AT STEP 44390
WRITING COORDINATES TO DCD FILE NVT.dcd AT STEP 44400
WRITING COORDINATES TO DCD FILE NVT.dcd AT STEP 44410
WRITING COORDINATES TO DCD FILE NVT.dcd AT STEP 44420
WRITING COORDINATES TO DCD FILE NVT.dcd AT STEP 44430
WRITING COORDINATES TO DCD FILE NVT.dcd AT STEP 44440
WRITING COORDINATES TO DCD FILE NVT.dcd AT STEP 44450
WRITING COORDINATES TO DCD FILE NVT.dcd AT STEP 44460
WRITING COORDINATES TO DCD FILE NVT.dcd AT STEP 44470
WRITING COORDINATES TO DCD FILE NVT.dcd AT STEP 44480
WRITING COORDINATES TO DCD FILE NVT.dcd AT STEP 44490
WRITING COORDINATES TO DCD FILE NVT.dcd AT STEP 44500
WRITING COORDINATES TO DCD FILE NVT.dcd AT STEP 44510
WRITING COORDINATES TO DCD FILE NVT.dcd AT STEP 44520
WRITING COORDINATES TO DCD FILE NVT.dcd AT STEP 44530
WRITING COORDINATES TO DCD FILE NVT.dcd AT STEP 44540
WRITING COORDINATES TO DCD FILE NVT.dcd AT STEP 44550
WRITING COORDINATES TO DCD FILE NVT.dcd AT STEP 44560
WRITING COORDINATES TO DCD FILE NVT.dcd AT STEP 44570
WRITING COORDINATES TO DCD FILE NVT.dcd AT STEP 44580
WRITING COORDINATES TO DCD FILE NVT.dcd AT STEP 44590
WRITING COORDINATES TO DCD FILE NVT.dcd AT STEP 44600
WRITING COORDINATES TO DCD FILE NVT.dcd AT STEP 44610
WRITING COORDINATES TO DCD FILE NVT.dcd AT STEP 44620
WRITING COORDINATES TO DCD FILE NVT.dcd AT STEP 44630
WRITING COORDINATES TO DCD FILE NVT.dcd AT STEP 44640
WRITING COORDINATES TO DCD FILE NVT.dcd AT STEP 44650
WRITING COORDINATES TO DCD FILE NVT.dcd AT STEP 44660
WRITING COORDINATES TO DCD FILE NVT.dcd AT STEP 44670
WRITING COORDINATES TO DCD FILE NVT.dcd AT STEP 44680
WRITING COORDINATES TO DCD FILE NVT.dcd AT STEP 44690
WRITING COORDINATES TO DCD FILE NVT.dcd AT STEP 44700
WRITING COORDINATES TO DCD FILE NVT.dcd AT STEP 44710
WRITING COORDINATES TO DCD FILE NVT.dcd AT STEP 44720
WRITING COORDINATES TO DCD FILE NVT.dcd AT STEP 44730
WRITING COORDINATES TO DCD FILE NVT.dcd AT STEP 44740
WRITING COORDINATES TO DCD FILE NVT.dcd AT STEP 44750
WRITING COORDINATES TO DCD FILE NVT.dcd AT STEP 44760
WRITING COORDINATES TO DCD FILE NVT.dcd AT STEP 44770
WRITING COORDINATES TO DCD FILE NVT.dcd AT STEP 44780
WRITING COORDINATES TO DCD FILE NVT.dcd AT STEP 44790
WRITING COORDINATES TO DCD FILE NVT.dcd AT STEP 44800
WRITING COORDINATES TO DCD FILE NVT.dcd AT STEP 44810
WRITING COORDINATES TO DCD FILE NVT.dcd AT STEP 44820
WRITING COORDINATES TO DCD FILE NVT.dcd AT STEP 44830
WRITING COORDINATES TO DCD FILE NVT.dcd AT STEP 44840
WRITING COORDINATES TO DCD FILE NVT.dcd AT STEP 44850
WRITING COORDINATES TO DCD FILE NVT.dcd AT STEP 44860
WRITING COORDINATES TO DCD FILE NVT.dcd AT STEP 44870
WRITING COORDINATES TO DCD FILE NVT.dcd AT STEP 44880
WRITING COORDINATES TO DCD FILE NVT.dcd AT STEP 44890
WRITING COORDINATES TO DCD FILE NVT.dcd AT STEP 44900
WRITING COORDINATES TO DCD FILE NVT.dcd AT STEP 44910
WRITING COORDINATES TO DCD FILE NVT.dcd AT STEP 44920
WRITING COORDINATES TO DCD FILE NVT.dcd AT STEP 44930
WRITING COORDINATES TO DCD FILE NVT.dcd AT STEP 44940
WRITING COORDINATES TO DCD FILE NVT.dcd AT STEP 44950
WRITING COORDINATES TO DCD FILE NVT.dcd AT STEP 44960
WRITING COORDINATES TO DCD FILE NVT.dcd AT STEP 44970
WRITING COORDINATES TO DCD FILE NVT.dcd AT STEP 44980
WRITING COORDINATES TO DCD FILE NVT.dcd AT STEP 44990
PRESSURE: 45000 705.989 85.6086 290.854 85.6086 -277.97 252.532 290.854 252.532 80.018
GPRESSURE: 45000 440.36 -17.6914 294.195 -7.3959 -73.4766 223.404 158.755 230.126 174.966
PRESSAVG: 45000 -36.5154 3.99293 8.339 3.99293 -72.3478 -37.0135 8.339 -37.0135 -74.2318
GPRESSAVG: 45000 -36.2464 4.70969 7.57527 3.72019 -72.1646 -36.978 9.09703 -36.686 -74.3947
ENERGY:   45000      1570.2544      9112.0151      5666.6984        73.7985         -60606.8231     -1363.4517         0.0000         0.0000     18742.6139         -26804.8945       302.5021    -45547.5084    -26654.9068       301.6002            169.3455       180.6164    266765.5277       -61.0317       -60.9352

WRITING EXTENDED SYSTEM TO RESTART FILE AT STEP 45000
WRITING COORDINATES TO DCD FILE NVT.dcd AT STEP 45000
WRITING COORDINATES TO RESTART FILE AT STEP 45000
FINISHED WRITING RESTART COORDINATES
WRITING VELOCITIES TO RESTART FILE AT STEP 45000
FINISHED WRITING RESTART VELOCITIES
WRITING COORDINATES TO DCD FILE NVT.dcd AT STEP 45010
WRITING COORDINATES TO DCD FILE NVT.dcd AT STEP 45020
WRITING COORDINATES TO DCD FILE NVT.dcd AT STEP 45030
WRITING COORDINATES TO DCD FILE NVT.dcd AT STEP 45040
WRITING COORDINATES TO DCD FILE NVT.dcd AT STEP 45050
WRITING COORDINATES TO DCD FILE NVT.dcd AT STEP 45060
WRITING COORDINATES TO DCD FILE NVT.dcd AT STEP 45070
WRITING COORDINATES TO DCD FILE NVT.dcd AT STEP 45080
WRITING COORDINATES TO DCD FILE NVT.dcd AT STEP 45090
WRITING COORDINATES TO DCD FILE NVT.dcd AT STEP 45100
WRITING COORDINATES TO DCD FILE NVT.dcd AT STEP 45110
WRITING COORDINATES TO DCD FILE NVT.dcd AT STEP 45120
WRITING COORDINATES TO DCD FILE NVT.dcd AT STEP 45130
WRITING COORDINATES TO DCD FILE NVT.dcd AT STEP 45140
WRITING COORDINATES TO DCD FILE NVT.dcd AT STEP 45150
WRITING COORDINATES TO DCD FILE NVT.dcd AT STEP 45160
WRITING COORDINATES TO DCD FILE NVT.dcd AT STEP 45170
WRITING COORDINATES TO DCD FILE NVT.dcd AT STEP 45180
WRITING COORDINATES TO DCD FILE NVT.dcd AT STEP 45190
WRITING COORDINATES TO DCD FILE NVT.dcd AT STEP 45200
WRITING COORDINATES TO DCD FILE NVT.dcd AT STEP 45210
WRITING COORDINATES TO DCD FILE NVT.dcd AT STEP 45220
WRITING COORDINATES TO DCD FILE NVT.dcd AT STEP 45230
WRITING COORDINATES TO DCD FILE NVT.dcd AT STEP 45240
WRITING COORDINATES TO DCD FILE NVT.dcd AT STEP 45250
WRITING COORDINATES TO DCD FILE NVT.dcd AT STEP 45260
WRITING COORDINATES TO DCD FILE NVT.dcd AT STEP 45270
WRITING COORDINATES TO DCD FILE NVT.dcd AT STEP 45280
WRITING COORDINATES TO DCD FILE NVT.dcd AT STEP 45290
WRITING COORDINATES TO DCD FILE NVT.dcd AT STEP 45300
WRITING COORDINATES TO DCD FILE NVT.dcd AT STEP 45310
WRITING COORDINATES TO DCD FILE NVT.dcd AT STEP 45320
WRITING COORDINATES TO DCD FILE NVT.dcd AT STEP 45330
WRITING COORDINATES TO DCD FILE NVT.dcd AT STEP 45340
WRITING COORDINATES TO DCD FILE NVT.dcd AT STEP 45350
WRITING COORDINATES TO DCD FILE NVT.dcd AT STEP 45360
WRITING COORDINATES TO DCD FILE NVT.dcd AT STEP 45370
WRITING COORDINATES TO DCD FILE NVT.dcd AT STEP 45380
WRITING COORDINATES TO DCD FILE NVT.dcd AT STEP 45390
WRITING COORDINATES TO DCD FILE NVT.dcd AT STEP 45400
WRITING COORDINATES TO DCD FILE NVT.dcd AT STEP 45410
WRITING COORDINATES TO DCD FILE NVT.dcd AT STEP 45420
WRITING COORDINATES TO DCD FILE NVT.dcd AT STEP 45430
WRITING COORDINATES TO DCD FILE NVT.dcd AT STEP 45440
WRITING COORDINATES TO DCD FILE NVT.dcd AT STEP 45450
WRITING COORDINATES TO DCD FILE NVT.dcd AT STEP 45460
WRITING COORDINATES TO DCD FILE NVT.dcd AT STEP 45470
WRITING COORDINATES TO DCD FILE NVT.dcd AT STEP 45480
WRITING COORDINATES TO DCD FILE NVT.dcd AT STEP 45490
WRITING COORDINATES TO DCD FILE NVT.dcd AT STEP 45500
WRITING COORDINATES TO DCD FILE NVT.dcd AT STEP 45510
WRITING COORDINATES TO DCD FILE NVT.dcd AT STEP 45520
WRITING COORDINATES TO DCD FILE NVT.dcd AT STEP 45530
WRITING COORDINATES TO DCD FILE NVT.dcd AT STEP 45540
WRITING COORDINATES TO DCD FILE NVT.dcd AT STEP 45550
WRITING COORDINATES TO DCD FILE NVT.dcd AT STEP 45560
WRITING COORDINATES TO DCD FILE NVT.dcd AT STEP 45570
WRITING COORDINATES TO DCD FILE NVT.dcd AT STEP 45580
WRITING COORDINATES TO DCD FILE NVT.dcd AT STEP 45590
WRITING COORDINATES TO DCD FILE NVT.dcd AT STEP 45600
WRITING COORDINATES TO DCD FILE NVT.dcd AT STEP 45610
WRITING COORDINATES TO DCD FILE NVT.dcd AT STEP 45620
WRITING COORDINATES TO DCD FILE NVT.dcd AT STEP 45630
WRITING COORDINATES TO DCD FILE NVT.dcd AT STEP 45640
WRITING COORDINATES TO DCD FILE NVT.dcd AT STEP 45650
WRITING COORDINATES TO DCD FILE NVT.dcd AT STEP 45660
WRITING COORDINATES TO DCD FILE NVT.dcd AT STEP 45670
WRITING COORDINATES TO DCD FILE NVT.dcd AT STEP 45680
WRITING COORDINATES TO DCD FILE NVT.dcd AT STEP 45690
WRITING COORDINATES TO DCD FILE NVT.dcd AT STEP 45700
WRITING COORDINATES TO DCD FILE NVT.dcd AT STEP 45710
WRITING COORDINATES TO DCD FILE NVT.dcd AT STEP 45720
WRITING COORDINATES TO DCD FILE NVT.dcd AT STEP 45730
WRITING COORDINATES TO DCD FILE NVT.dcd AT STEP 45740
WRITING COORDINATES TO DCD FILE NVT.dcd AT STEP 45750
WRITING COORDINATES TO DCD FILE NVT.dcd AT STEP 45760
WRITING COORDINATES TO DCD FILE NVT.dcd AT STEP 45770
WRITING COORDINATES TO DCD FILE NVT.dcd AT STEP 45780
WRITING COORDINATES TO DCD FILE NVT.dcd AT STEP 45790
WRITING COORDINATES TO DCD FILE NVT.dcd AT STEP 45800
WRITING COORDINATES TO DCD FILE NVT.dcd AT STEP 45810
WRITING COORDINATES TO DCD FILE NVT.dcd AT STEP 45820
WRITING COORDINATES TO DCD FILE NVT.dcd AT STEP 45830
WRITING COORDINATES TO DCD FILE NVT.dcd AT STEP 45840
WRITING COORDINATES TO DCD FILE NVT.dcd AT STEP 45850
WRITING COORDINATES TO DCD FILE NVT.dcd AT STEP 45860
WRITING COORDINATES TO DCD FILE NVT.dcd AT STEP 45870
WRITING COORDINATES TO DCD FILE NVT.dcd AT STEP 45880
WRITING COORDINATES TO DCD FILE NVT.dcd AT STEP 45890
WRITING COORDINATES TO DCD FILE NVT.dcd AT STEP 45900
WRITING COORDINATES TO DCD FILE NVT.dcd AT STEP 45910
WRITING COORDINATES TO DCD FILE NVT.dcd AT STEP 45920
WRITING COORDINATES TO DCD FILE NVT.dcd AT STEP 45930
WRITING COORDINATES TO DCD FILE NVT.dcd AT STEP 45940
WRITING COORDINATES TO DCD FILE NVT.dcd AT STEP 45950
WRITING COORDINATES TO DCD FILE NVT.dcd AT STEP 45960
WRITING COORDINATES TO DCD FILE NVT.dcd AT STEP 45970
WRITING COORDINATES TO DCD FILE NVT.dcd AT STEP 45980
WRITING COORDINATES TO DCD FILE NVT.dcd AT STEP 45990
PRESSURE: 46000 474.927 -57.1027 -376.045 -57.1027 244.428 -214.649 -376.045 -214.649 285.413
GPRESSURE: 46000 489.937 -116.903 -419.346 101.837 312.257 -286.775 -593.273 -402.548 244.413
PRESSAVG: 46000 37.991 29.4056 8.93215 29.4056 -23.5609 -30.7536 8.93215 -30.7536 -57.709
GPRESSAVG: 46000 37.8121 29.5831 9.72652 29.8081 -23.8763 -30.305 8.86128 -30.5714 -57.176
ENERGY:   46000      1631.5244      9168.0418      5664.0091        72.1329         -60614.4550     -1317.5543         0.0000         0.0000     18630.6993         -26765.6018       300.6958    -45396.3011    -26614.7474       301.0727            334.9229       348.8688    266765.5277       -14.4263       -14.4134

WRITING COORDINATES TO DCD FILE NVT.dcd AT STEP 46000
WRITING COORDINATES TO DCD FILE NVT.dcd AT STEP 46010
WRITING COORDINATES TO DCD FILE NVT.dcd AT STEP 46020
WRITING COORDINATES TO DCD FILE NVT.dcd AT STEP 46030
WRITING COORDINATES TO DCD FILE NVT.dcd AT STEP 46040
WRITING COORDINATES TO DCD FILE NVT.dcd AT STEP 46050
WRITING COORDINATES TO DCD FILE NVT.dcd AT STEP 46060
WRITING COORDINATES TO DCD FILE NVT.dcd AT STEP 46070
WRITING COORDINATES TO DCD FILE NVT.dcd AT STEP 46080
WRITING COORDINATES TO DCD FILE NVT.dcd AT STEP 46090
WRITING COORDINATES TO DCD FILE NVT.dcd AT STEP 46100
WRITING COORDINATES TO DCD FILE NVT.dcd AT STEP 46110
WRITING COORDINATES TO DCD FILE NVT.dcd AT STEP 46120
WRITING COORDINATES TO DCD FILE NVT.dcd AT STEP 46130
WRITING COORDINATES TO DCD FILE NVT.dcd AT STEP 46140
LDB: ============= START OF LOAD BALANCING ============== 7686.87
LDB: ============== END OF LOAD BALANCING =============== 7686.87
LDB: =============== DONE WITH MIGRATION ================ 7686.87
WRITING COORDINATES TO DCD FILE NVT.dcd AT STEP 46150
WRITING COORDINATES TO DCD FILE NVT.dcd AT STEP 46160
WRITING COORDINATES TO DCD FILE NVT.dcd AT STEP 46170
WRITING COORDINATES TO DCD FILE NVT.dcd AT STEP 46180
WRITING COORDINATES TO DCD FILE NVT.dcd AT STEP 46190
LDB: ============= START OF LOAD BALANCING ============== 7695.17
LDB: ============== END OF LOAD BALANCING =============== 7695.17
LDB: =============== DONE WITH MIGRATION ================ 7695.17
WRITING COORDINATES TO DCD FILE NVT.dcd AT STEP 46200
WRITING COORDINATES TO DCD FILE NVT.dcd AT STEP 46210
WRITING COORDINATES TO DCD FILE NVT.dcd AT STEP 46220
WRITING COORDINATES TO DCD FILE NVT.dcd AT STEP 46230
WRITING COORDINATES TO DCD FILE NVT.dcd AT STEP 46240
WRITING COORDINATES TO DCD FILE NVT.dcd AT STEP 46250
WRITING COORDINATES TO DCD FILE NVT.dcd AT STEP 46260
WRITING COORDINATES TO DCD FILE NVT.dcd AT STEP 46270
WRITING COORDINATES TO DCD FILE NVT.dcd AT STEP 46280
WRITING COORDINATES TO DCD FILE NVT.dcd AT STEP 46290
WRITING COORDINATES TO DCD FILE NVT.dcd AT STEP 46300
WRITING COORDINATES TO DCD FILE NVT.dcd AT STEP 46310
WRITING COORDINATES TO DCD FILE NVT.dcd AT STEP 46320
WRITING COORDINATES TO DCD FILE NVT.dcd AT STEP 46330
WRITING COORDINATES TO DCD FILE NVT.dcd AT STEP 46340
WRITING COORDINATES TO DCD FILE NVT.dcd AT STEP 46350
WRITING COORDINATES TO DCD FILE NVT.dcd AT STEP 46360
WRITING COORDINATES TO DCD FILE NVT.dcd AT STEP 46370
WRITING COORDINATES TO DCD FILE NVT.dcd AT STEP 46380
WRITING COORDINATES TO DCD FILE NVT.dcd AT STEP 46390
WRITING COORDINATES TO DCD FILE NVT.dcd AT STEP 46400
WRITING COORDINATES TO DCD FILE NVT.dcd AT STEP 46410
WRITING COORDINATES TO DCD FILE NVT.dcd AT STEP 46420
WRITING COORDINATES TO DCD FILE NVT.dcd AT STEP 46430
WRITING COORDINATES TO DCD FILE NVT.dcd AT STEP 46440
WRITING COORDINATES TO DCD FILE NVT.dcd AT STEP 46450
WRITING COORDINATES TO DCD FILE NVT.dcd AT STEP 46460
WRITING COORDINATES TO DCD FILE NVT.dcd AT STEP 46470
WRITING COORDINATES TO DCD FILE NVT.dcd AT STEP 46480
WRITING COORDINATES TO DCD FILE NVT.dcd AT STEP 46490
WRITING COORDINATES TO DCD FILE NVT.dcd AT STEP 46500
WRITING COORDINATES TO DCD FILE NVT.dcd AT STEP 46510
WRITING COORDINATES TO DCD FILE NVT.dcd AT STEP 46520
WRITING COORDINATES TO DCD FILE NVT.dcd AT STEP 46530
WRITING COORDINATES TO DCD FILE NVT.dcd AT STEP 46540
WRITING COORDINATES TO DCD FILE NVT.dcd AT STEP 46550
WRITING COORDINATES TO DCD FILE NVT.dcd AT STEP 46560
WRITING COORDINATES TO DCD FILE NVT.dcd AT STEP 46570
WRITING COORDINATES TO DCD FILE NVT.dcd AT STEP 46580
WRITING COORDINATES TO DCD FILE NVT.dcd AT STEP 46590
WRITING COORDINATES TO DCD FILE NVT.dcd AT STEP 46600
WRITING COORDINATES TO DCD FILE NVT.dcd AT STEP 46610
WRITING COORDINATES TO DCD FILE NVT.dcd AT STEP 46620
WRITING COORDINATES TO DCD FILE NVT.dcd AT STEP 46630
WRITING COORDINATES TO DCD FILE NVT.dcd AT STEP 46640
WRITING COORDINATES TO DCD FILE NVT.dcd AT STEP 46650
WRITING COORDINATES TO DCD FILE NVT.dcd AT STEP 46660
WRITING COORDINATES TO DCD FILE NVT.dcd AT STEP 46670
WRITING COORDINATES TO DCD FILE NVT.dcd AT STEP 46680
WRITING COORDINATES TO DCD FILE NVT.dcd AT STEP 46690
WRITING COORDINATES TO DCD FILE NVT.dcd AT STEP 46700
WRITING COORDINATES TO DCD FILE NVT.dcd AT STEP 46710
WRITING COORDINATES TO DCD FILE NVT.dcd AT STEP 46720
WRITING COORDINATES TO DCD FILE NVT.dcd AT STEP 46730
WRITING COORDINATES TO DCD FILE NVT.dcd AT STEP 46740
WRITING COORDINATES TO DCD FILE NVT.dcd AT STEP 46750
WRITING COORDINATES TO DCD FILE NVT.dcd AT STEP 46760
WRITING COORDINATES TO DCD FILE NVT.dcd AT STEP 46770
WRITING COORDINATES TO DCD FILE NVT.dcd AT STEP 46780
WRITING COORDINATES TO DCD FILE NVT.dcd AT STEP 46790
WRITING COORDINATES TO DCD FILE NVT.dcd AT STEP 46800
WRITING COORDINATES TO DCD FILE NVT.dcd AT STEP 46810
WRITING COORDINATES TO DCD FILE NVT.dcd AT STEP 46820
WRITING COORDINATES TO DCD FILE NVT.dcd AT STEP 46830
WRITING COORDINATES TO DCD FILE NVT.dcd AT STEP 46840
WRITING COORDINATES TO DCD FILE NVT.dcd AT STEP 46850
WRITING COORDINATES TO DCD FILE NVT.dcd AT STEP 46860
WRITING COORDINATES TO DCD FILE NVT.dcd AT STEP 46870
WRITING COORDINATES TO DCD FILE NVT.dcd AT STEP 46880
WRITING COORDINATES TO DCD FILE NVT.dcd AT STEP 46890
WRITING COORDINATES TO DCD FILE NVT.dcd AT STEP 46900
WRITING COORDINATES TO DCD FILE NVT.dcd AT STEP 46910
WRITING COORDINATES TO DCD FILE NVT.dcd AT STEP 46920
WRITING COORDINATES TO DCD FILE NVT.dcd AT STEP 46930
WRITING COORDINATES TO DCD FILE NVT.dcd AT STEP 46940
WRITING COORDINATES TO DCD FILE NVT.dcd AT STEP 46950
WRITING COORDINATES TO DCD FILE NVT.dcd AT STEP 46960
WRITING COORDINATES TO DCD FILE NVT.dcd AT STEP 46970
WRITING COORDINATES TO DCD FILE NVT.dcd AT STEP 46980
WRITING COORDINATES TO DCD FILE NVT.dcd AT STEP 46990
PRESSURE: 47000 401.051 -75.4766 38.8643 -75.4766 -191.68 105.547 38.8643 105.547 520.257
GPRESSURE: 47000 422.883 -29.356 289.482 -108.274 29.5319 128.405 -208.814 44.4942 332.327
PRESSAVG: 47000 -9.27683 43.4408 -2.76858 43.4408 -86.0531 -32.6598 -2.76858 -32.6598 -20.9792
GPRESSAVG: 47000 -9.39997 42.9311 -2.65074 43.0332 -85.4017 -33.2042 -2.84592 -32.3216 -21.7755
ENERGY:   47000      1620.0417      9133.3968      5723.9607        66.6673         -60579.3150     -1450.2372         0.0000         0.0000     18502.6631         -26982.8226       298.6293    -45485.4857    -26834.1644       299.7435            243.2094       261.5805    266765.5277       -38.7697       -38.8591

WRITING COORDINATES TO DCD FILE NVT.dcd AT STEP 47000
WRITING COORDINATES TO DCD FILE NVT.dcd AT STEP 47010
WRITING COORDINATES TO DCD FILE NVT.dcd AT STEP 47020
WRITING COORDINATES TO DCD FILE NVT.dcd AT STEP 47030
WRITING COORDINATES TO DCD FILE NVT.dcd AT STEP 47040
WRITING COORDINATES TO DCD FILE NVT.dcd AT STEP 47050
WRITING COORDINATES TO DCD FILE NVT.dcd AT STEP 47060
WRITING COORDINATES TO DCD FILE NVT.dcd AT STEP 47070
WRITING COORDINATES TO DCD FILE NVT.dcd AT STEP 47080
WRITING COORDINATES TO DCD FILE NVT.dcd AT STEP 47090
WRITING COORDINATES TO DCD FILE NVT.dcd AT STEP 47100
WRITING COORDINATES TO DCD FILE NVT.dcd AT STEP 47110
WRITING COORDINATES TO DCD FILE NVT.dcd AT STEP 47120
WRITING COORDINATES TO DCD FILE NVT.dcd AT STEP 47130
WRITING COORDINATES TO DCD FILE NVT.dcd AT STEP 47140
WRITING COORDINATES TO DCD FILE NVT.dcd AT STEP 47150
WRITING COORDINATES TO DCD FILE NVT.dcd AT STEP 47160
WRITING COORDINATES TO DCD FILE NVT.dcd AT STEP 47170
WRITING COORDINATES TO DCD FILE NVT.dcd AT STEP 47180
WRITING COORDINATES TO DCD FILE NVT.dcd AT STEP 47190
WRITING COORDINATES TO DCD FILE NVT.dcd AT STEP 47200
WRITING COORDINATES TO DCD FILE NVT.dcd AT STEP 47210
WRITING COORDINATES TO DCD FILE NVT.dcd AT STEP 47220
WRITING COORDINATES TO DCD FILE NVT.dcd AT STEP 47230
WRITING COORDINATES TO DCD FILE NVT.dcd AT STEP 47240
WRITING COORDINATES TO DCD FILE NVT.dcd AT STEP 47250
WRITING COORDINATES TO DCD FILE NVT.dcd AT STEP 47260
WRITING COORDINATES TO DCD FILE NVT.dcd AT STEP 47270
WRITING COORDINATES TO DCD FILE NVT.dcd AT STEP 47280
WRITING COORDINATES TO DCD FILE NVT.dcd AT STEP 47290
WRITING COORDINATES TO DCD FILE NVT.dcd AT STEP 47300
WRITING COORDINATES TO DCD FILE NVT.dcd AT STEP 47310
WRITING COORDINATES TO DCD FILE NVT.dcd AT STEP 47320
WRITING COORDINATES TO DCD FILE NVT.dcd AT STEP 47330
WRITING COORDINATES TO DCD FILE NVT.dcd AT STEP 47340
WRITING COORDINATES TO DCD FILE NVT.dcd AT STEP 47350
WRITING COORDINATES TO DCD FILE NVT.dcd AT STEP 47360
WRITING COORDINATES TO DCD FILE NVT.dcd AT STEP 47370
WRITING COORDINATES TO DCD FILE NVT.dcd AT STEP 47380
WRITING COORDINATES TO DCD FILE NVT.dcd AT STEP 47390
WRITING COORDINATES TO DCD FILE NVT.dcd AT STEP 47400
WRITING COORDINATES TO DCD FILE NVT.dcd AT STEP 47410
WRITING COORDINATES TO DCD FILE NVT.dcd AT STEP 47420
WRITING COORDINATES TO DCD FILE NVT.dcd AT STEP 47430
WRITING COORDINATES TO DCD FILE NVT.dcd AT STEP 47440
WRITING COORDINATES TO DCD FILE NVT.dcd AT STEP 47450
WRITING COORDINATES TO DCD FILE NVT.dcd AT STEP 47460
WRITING COORDINATES TO DCD FILE NVT.dcd AT STEP 47470
WRITING COORDINATES TO DCD FILE NVT.dcd AT STEP 47480
WRITING COORDINATES TO DCD FILE NVT.dcd AT STEP 47490
WRITING COORDINATES TO DCD FILE NVT.dcd AT STEP 47500
WRITING COORDINATES TO DCD FILE NVT.dcd AT STEP 47510
WRITING COORDINATES TO DCD FILE NVT.dcd AT STEP 47520
WRITING COORDINATES TO DCD FILE NVT.dcd AT STEP 47530
WRITING COORDINATES TO DCD FILE NVT.dcd AT STEP 47540
WRITING COORDINATES TO DCD FILE NVT.dcd AT STEP 47550
WRITING COORDINATES TO DCD FILE NVT.dcd AT STEP 47560
WRITING COORDINATES TO DCD FILE NVT.dcd AT STEP 47570
WRITING COORDINATES TO DCD FILE NVT.dcd AT STEP 47580
WRITING COORDINATES TO DCD FILE NVT.dcd AT STEP 47590
WRITING COORDINATES TO DCD FILE NVT.dcd AT STEP 47600
WRITING COORDINATES TO DCD FILE NVT.dcd AT STEP 47610
WRITING COORDINATES TO DCD FILE NVT.dcd AT STEP 47620
WRITING COORDINATES TO DCD FILE NVT.dcd AT STEP 47630
WRITING COORDINATES TO DCD FILE NVT.dcd AT STEP 47640
WRITING COORDINATES TO DCD FILE NVT.dcd AT STEP 47650
WRITING COORDINATES TO DCD FILE NVT.dcd AT STEP 47660
WRITING COORDINATES TO DCD FILE NVT.dcd AT STEP 47670
WRITING COORDINATES TO DCD FILE NVT.dcd AT STEP 47680
WRITING COORDINATES TO DCD FILE NVT.dcd AT STEP 47690
WRITING COORDINATES TO DCD FILE NVT.dcd AT STEP 47700
WRITING COORDINATES TO DCD FILE NVT.dcd AT STEP 47710
WRITING COORDINATES TO DCD FILE NVT.dcd AT STEP 47720
WRITING COORDINATES TO DCD FILE NVT.dcd AT STEP 47730
WRITING COORDINATES TO DCD FILE NVT.dcd AT STEP 47740
WRITING COORDINATES TO DCD FILE NVT.dcd AT STEP 47750
WRITING COORDINATES TO DCD FILE NVT.dcd AT STEP 47760
WRITING COORDINATES TO DCD FILE NVT.dcd AT STEP 47770
WRITING COORDINATES TO DCD FILE NVT.dcd AT STEP 47780
WRITING COORDINATES TO DCD FILE NVT.dcd AT STEP 47790
WRITING COORDINATES TO DCD FILE NVT.dcd AT STEP 47800
WRITING COORDINATES TO DCD FILE NVT.dcd AT STEP 47810
WRITING COORDINATES TO DCD FILE NVT.dcd AT STEP 47820
WRITING COORDINATES TO DCD FILE NVT.dcd AT STEP 47830
WRITING COORDINATES TO DCD FILE NVT.dcd AT STEP 47840
WRITING COORDINATES TO DCD FILE NVT.dcd AT STEP 47850
WRITING COORDINATES TO DCD FILE NVT.dcd AT STEP 47860
WRITING COORDINATES TO DCD FILE NVT.dcd AT STEP 47870
WRITING COORDINATES TO DCD FILE NVT.dcd AT STEP 47880
WRITING COORDINATES TO DCD FILE NVT.dcd AT STEP 47890
WRITING COORDINATES TO DCD FILE NVT.dcd AT STEP 47900
WRITING COORDINATES TO DCD FILE NVT.dcd AT STEP 47910
WRITING COORDINATES TO DCD FILE NVT.dcd AT STEP 47920
WRITING COORDINATES TO DCD FILE NVT.dcd AT STEP 47930
WRITING COORDINATES TO DCD FILE NVT.dcd AT STEP 47940
WRITING COORDINATES TO DCD FILE NVT.dcd AT STEP 47950
WRITING COORDINATES TO DCD FILE NVT.dcd AT STEP 47960
WRITING COORDINATES TO DCD FILE NVT.dcd AT STEP 47970
WRITING COORDINATES TO DCD FILE NVT.dcd AT STEP 47980
WRITING COORDINATES TO DCD FILE NVT.dcd AT STEP 47990
PRESSURE: 48000 -252.968 -315.382 264.15 -315.382 -276.903 -95.2981 264.15 -95.2981 660.322
GPRESSURE: 48000 -167.634 -114.685 91.24 -197.195 -151.487 -132.898 203.251 -6.37749 480.851
PRESSAVG: 48000 51.938 -16.1036 -12.9604 -16.1036 2.26936 -14.6213 -12.9604 -14.6213 -31.8377
GPRESSAVG: 48000 51.8052 -16.1033 -14.0322 -15.9469 1.89003 -14.6515 -12.4537 -14.4078 -31.4073
ENERGY:   48000      1595.6813      9231.0568      5687.9737        87.1860         -60721.8669     -1316.9453         0.0000         0.0000     18785.6953         -26651.2191       303.1974    -45436.9143    -26500.6419       301.2122             43.4839        53.9100    266765.5277         7.4566         7.4293

WRITING COORDINATES TO DCD FILE NVT.dcd AT STEP 48000
WRITING COORDINATES TO DCD FILE NVT.dcd AT STEP 48010
WRITING COORDINATES TO DCD FILE NVT.dcd AT STEP 48020
WRITING COORDINATES TO DCD FILE NVT.dcd AT STEP 48030
WRITING COORDINATES TO DCD FILE NVT.dcd AT STEP 48040
WRITING COORDINATES TO DCD FILE NVT.dcd AT STEP 48050
WRITING COORDINATES TO DCD FILE NVT.dcd AT STEP 48060
WRITING COORDINATES TO DCD FILE NVT.dcd AT STEP 48070
WRITING COORDINATES TO DCD FILE NVT.dcd AT STEP 48080
WRITING COORDINATES TO DCD FILE NVT.dcd AT STEP 48090
WRITING COORDINATES TO DCD FILE NVT.dcd AT STEP 48100
WRITING COORDINATES TO DCD FILE NVT.dcd AT STEP 48110
WRITING COORDINATES TO DCD FILE NVT.dcd AT STEP 48120
WRITING COORDINATES TO DCD FILE NVT.dcd AT STEP 48130
WRITING COORDINATES TO DCD FILE NVT.dcd AT STEP 48140
LDB: ============= START OF LOAD BALANCING ============== 8018.75
LDB: ============== END OF LOAD BALANCING =============== 8018.75
LDB: =============== DONE WITH MIGRATION ================ 8018.75
WRITING COORDINATES TO DCD FILE NVT.dcd AT STEP 48150
WRITING COORDINATES TO DCD FILE NVT.dcd AT STEP 48160
WRITING COORDINATES TO DCD FILE NVT.dcd AT STEP 48170
WRITING COORDINATES TO DCD FILE NVT.dcd AT STEP 48180
WRITING COORDINATES TO DCD FILE NVT.dcd AT STEP 48190
LDB: ============= START OF LOAD BALANCING ============== 8027.06
LDB: ============== END OF LOAD BALANCING =============== 8027.06
LDB: =============== DONE WITH MIGRATION ================ 8027.06
WRITING COORDINATES TO DCD FILE NVT.dcd AT STEP 48200
WRITING COORDINATES TO DCD FILE NVT.dcd AT STEP 48210
WRITING COORDINATES TO DCD FILE NVT.dcd AT STEP 48220
WRITING COORDINATES TO DCD FILE NVT.dcd AT STEP 48230
WRITING COORDINATES TO DCD FILE NVT.dcd AT STEP 48240
WRITING COORDINATES TO DCD FILE NVT.dcd AT STEP 48250
WRITING COORDINATES TO DCD FILE NVT.dcd AT STEP 48260
WRITING COORDINATES TO DCD FILE NVT.dcd AT STEP 48270
WRITING COORDINATES TO DCD FILE NVT.dcd AT STEP 48280
WRITING COORDINATES TO DCD FILE NVT.dcd AT STEP 48290
WRITING COORDINATES TO DCD FILE NVT.dcd AT STEP 48300
WRITING COORDINATES TO DCD FILE NVT.dcd AT STEP 48310
WRITING COORDINATES TO DCD FILE NVT.dcd AT STEP 48320
WRITING COORDINATES TO DCD FILE NVT.dcd AT STEP 48330
WRITING COORDINATES TO DCD FILE NVT.dcd AT STEP 48340
WRITING COORDINATES TO DCD FILE NVT.dcd AT STEP 48350
WRITING COORDINATES TO DCD FILE NVT.dcd AT STEP 48360
WRITING COORDINATES TO DCD FILE NVT.dcd AT STEP 48370
WRITING COORDINATES TO DCD FILE NVT.dcd AT STEP 48380
WRITING COORDINATES TO DCD FILE NVT.dcd AT STEP 48390
WRITING COORDINATES TO DCD FILE NVT.dcd AT STEP 48400
WRITING COORDINATES TO DCD FILE NVT.dcd AT STEP 48410
WRITING COORDINATES TO DCD FILE NVT.dcd AT STEP 48420
WRITING COORDINATES TO DCD FILE NVT.dcd AT STEP 48430
WRITING COORDINATES TO DCD FILE NVT.dcd AT STEP 48440
WRITING COORDINATES TO DCD FILE NVT.dcd AT STEP 48450
WRITING COORDINATES TO DCD FILE NVT.dcd AT STEP 48460
WRITING COORDINATES TO DCD FILE NVT.dcd AT STEP 48470
WRITING COORDINATES TO DCD FILE NVT.dcd AT STEP 48480
WRITING COORDINATES TO DCD FILE NVT.dcd AT STEP 48490
WRITING COORDINATES TO DCD FILE NVT.dcd AT STEP 48500
WRITING COORDINATES TO DCD FILE NVT.dcd AT STEP 48510
WRITING COORDINATES TO DCD FILE NVT.dcd AT STEP 48520
WRITING COORDINATES TO DCD FILE NVT.dcd AT STEP 48530
WRITING COORDINATES TO DCD FILE NVT.dcd AT STEP 48540
WRITING COORDINATES TO DCD FILE NVT.dcd AT STEP 48550
WRITING COORDINATES TO DCD FILE NVT.dcd AT STEP 48560
WRITING COORDINATES TO DCD FILE NVT.dcd AT STEP 48570
WRITING COORDINATES TO DCD FILE NVT.dcd AT STEP 48580
WRITING COORDINATES TO DCD FILE NVT.dcd AT STEP 48590
WRITING COORDINATES TO DCD FILE NVT.dcd AT STEP 48600
WRITING COORDINATES TO DCD FILE NVT.dcd AT STEP 48610
WRITING COORDINATES TO DCD FILE NVT.dcd AT STEP 48620
WRITING COORDINATES TO DCD FILE NVT.dcd AT STEP 48630
WRITING COORDINATES TO DCD FILE NVT.dcd AT STEP 48640
WRITING COORDINATES TO DCD FILE NVT.dcd AT STEP 48650
WRITING COORDINATES TO DCD FILE NVT.dcd AT STEP 48660
WRITING COORDINATES TO DCD FILE NVT.dcd AT STEP 48670
WRITING COORDINATES TO DCD FILE NVT.dcd AT STEP 48680
WRITING COORDINATES TO DCD FILE NVT.dcd AT STEP 48690
WRITING COORDINATES TO DCD FILE NVT.dcd AT STEP 48700
WRITING COORDINATES TO DCD FILE NVT.dcd AT STEP 48710
WRITING COORDINATES TO DCD FILE NVT.dcd AT STEP 48720
WRITING COORDINATES TO DCD FILE NVT.dcd AT STEP 48730
WRITING COORDINATES TO DCD FILE NVT.dcd AT STEP 48740
WRITING COORDINATES TO DCD FILE NVT.dcd AT STEP 48750
WRITING COORDINATES TO DCD FILE NVT.dcd AT STEP 48760
WRITING COORDINATES TO DCD FILE NVT.dcd AT STEP 48770
WRITING COORDINATES TO DCD FILE NVT.dcd AT STEP 48780
WRITING COORDINATES TO DCD FILE NVT.dcd AT STEP 48790
WRITING COORDINATES TO DCD FILE NVT.dcd AT STEP 48800
WRITING COORDINATES TO DCD FILE NVT.dcd AT STEP 48810
WRITING COORDINATES TO DCD FILE NVT.dcd AT STEP 48820
WRITING COORDINATES TO DCD FILE NVT.dcd AT STEP 48830
WRITING COORDINATES TO DCD FILE NVT.dcd AT STEP 48840
WRITING COORDINATES TO DCD FILE NVT.dcd AT STEP 48850
WRITING COORDINATES TO DCD FILE NVT.dcd AT STEP 48860
WRITING COORDINATES TO DCD FILE NVT.dcd AT STEP 48870
WRITING COORDINATES TO DCD FILE NVT.dcd AT STEP 48880
WRITING COORDINATES TO DCD FILE NVT.dcd AT STEP 48890
WRITING COORDINATES TO DCD FILE NVT.dcd AT STEP 48900
WRITING COORDINATES TO DCD FILE NVT.dcd AT STEP 48910
WRITING COORDINATES TO DCD FILE NVT.dcd AT STEP 48920
WRITING COORDINATES TO DCD FILE NVT.dcd AT STEP 48930
WRITING COORDINATES TO DCD FILE NVT.dcd AT STEP 48940
WRITING COORDINATES TO DCD FILE NVT.dcd AT STEP 48950
WRITING COORDINATES TO DCD FILE NVT.dcd AT STEP 48960
WRITING COORDINATES TO DCD FILE NVT.dcd AT STEP 48970
WRITING COORDINATES TO DCD FILE NVT.dcd AT STEP 48980
WRITING COORDINATES TO DCD FILE NVT.dcd AT STEP 48990
PRESSURE: 49000 261.922 147.154 183.046 147.154 -67.2416 71.6614 183.046 71.6614 -11.4992
GPRESSURE: 49000 316.523 197.238 315.26 41.5435 30.8228 107.074 -9.55708 -9.09885 -96.2149
PRESSAVG: 49000 -23.5587 -52.5161 13.7706 -52.5161 -76.7185 -36.7556 13.7706 -36.7556 -120.799
GPRESSAVG: 49000 -23.4796 -52.9744 14.6153 -52.7512 -76.5202 -37.357 13.0096 -35.9676 -120.852
ENERGY:   49000      1544.9783      9133.5634      5655.5786        68.9208         -60591.9802     -1441.5899         0.0000         0.0000     18625.3281         -27005.2010       300.6091    -45630.5291    -26854.6614       301.6352             61.0603        83.7102    266765.5277       -73.6920       -73.6174

WRITING COORDINATES TO DCD FILE NVT.dcd AT STEP 49000
WRITING COORDINATES TO DCD FILE NVT.dcd AT STEP 49010
WRITING COORDINATES TO DCD FILE NVT.dcd AT STEP 49020
WRITING COORDINATES TO DCD FILE NVT.dcd AT STEP 49030
WRITING COORDINATES TO DCD FILE NVT.dcd AT STEP 49040
WRITING COORDINATES TO DCD FILE NVT.dcd AT STEP 49050
WRITING COORDINATES TO DCD FILE NVT.dcd AT STEP 49060
WRITING COORDINATES TO DCD FILE NVT.dcd AT STEP 49070
WRITING COORDINATES TO DCD FILE NVT.dcd AT STEP 49080
WRITING COORDINATES TO DCD FILE NVT.dcd AT STEP 49090
WRITING COORDINATES TO DCD FILE NVT.dcd AT STEP 49100
WRITING COORDINATES TO DCD FILE NVT.dcd AT STEP 49110
WRITING COORDINATES TO DCD FILE NVT.dcd AT STEP 49120
WRITING COORDINATES TO DCD FILE NVT.dcd AT STEP 49130
WRITING COORDINATES TO DCD FILE NVT.dcd AT STEP 49140
WRITING COORDINATES TO DCD FILE NVT.dcd AT STEP 49150
WRITING COORDINATES TO DCD FILE NVT.dcd AT STEP 49160
WRITING COORDINATES TO DCD FILE NVT.dcd AT STEP 49170
WRITING COORDINATES TO DCD FILE NVT.dcd AT STEP 49180
WRITING COORDINATES TO DCD FILE NVT.dcd AT STEP 49190
WRITING COORDINATES TO DCD FILE NVT.dcd AT STEP 49200
WRITING COORDINATES TO DCD FILE NVT.dcd AT STEP 49210
WRITING COORDINATES TO DCD FILE NVT.dcd AT STEP 49220
WRITING COORDINATES TO DCD FILE NVT.dcd AT STEP 49230
WRITING COORDINATES TO DCD FILE NVT.dcd AT STEP 49240
WRITING COORDINATES TO DCD FILE NVT.dcd AT STEP 49250
WRITING COORDINATES TO DCD FILE NVT.dcd AT STEP 49260
WRITING COORDINATES TO DCD FILE NVT.dcd AT STEP 49270
WRITING COORDINATES TO DCD FILE NVT.dcd AT STEP 49280
WRITING COORDINATES TO DCD FILE NVT.dcd AT STEP 49290
WRITING COORDINATES TO DCD FILE NVT.dcd AT STEP 49300
WRITING COORDINATES TO DCD FILE NVT.dcd AT STEP 49310
WRITING COORDINATES TO DCD FILE NVT.dcd AT STEP 49320
WRITING COORDINATES TO DCD FILE NVT.dcd AT STEP 49330
WRITING COORDINATES TO DCD FILE NVT.dcd AT STEP 49340
WRITING COORDINATES TO DCD FILE NVT.dcd AT STEP 49350
WRITING COORDINATES TO DCD FILE NVT.dcd AT STEP 49360
WRITING COORDINATES TO DCD FILE NVT.dcd AT STEP 49370
WRITING COORDINATES TO DCD FILE NVT.dcd AT STEP 49380
WRITING COORDINATES TO DCD FILE NVT.dcd AT STEP 49390
WRITING COORDINATES TO DCD FILE NVT.dcd AT STEP 49400
WRITING COORDINATES TO DCD FILE NVT.dcd AT STEP 49410
WRITING COORDINATES TO DCD FILE NVT.dcd AT STEP 49420
WRITING COORDINATES TO DCD FILE NVT.dcd AT STEP 49430
WRITING COORDINATES TO DCD FILE NVT.dcd AT STEP 49440
WRITING COORDINATES TO DCD FILE NVT.dcd AT STEP 49450
WRITING COORDINATES TO DCD FILE NVT.dcd AT STEP 49460
WRITING COORDINATES TO DCD FILE NVT.dcd AT STEP 49470
WRITING COORDINATES TO DCD FILE NVT.dcd AT STEP 49480
WRITING COORDINATES TO DCD FILE NVT.dcd AT STEP 49490
WRITING COORDINATES TO DCD FILE NVT.dcd AT STEP 49500
WRITING COORDINATES TO DCD FILE NVT.dcd AT STEP 49510
WRITING COORDINATES TO DCD FILE NVT.dcd AT STEP 49520
WRITING COORDINATES TO DCD FILE NVT.dcd AT STEP 49530
WRITING COORDINATES TO DCD FILE NVT.dcd AT STEP 49540
WRITING COORDINATES TO DCD FILE NVT.dcd AT STEP 49550
WRITING COORDINATES TO DCD FILE NVT.dcd AT STEP 49560
WRITING COORDINATES TO DCD FILE NVT.dcd AT STEP 49570
WRITING COORDINATES TO DCD FILE NVT.dcd AT STEP 49580
WRITING COORDINATES TO DCD FILE NVT.dcd AT STEP 49590
WRITING COORDINATES TO DCD FILE NVT.dcd AT STEP 49600
WRITING COORDINATES TO DCD FILE NVT.dcd AT STEP 49610
WRITING COORDINATES TO DCD FILE NVT.dcd AT STEP 49620
WRITING COORDINATES TO DCD FILE NVT.dcd AT STEP 49630
WRITING COORDINATES TO DCD FILE NVT.dcd AT STEP 49640
WRITING COORDINATES TO DCD FILE NVT.dcd AT STEP 49650
WRITING COORDINATES TO DCD FILE NVT.dcd AT STEP 49660
WRITING COORDINATES TO DCD FILE NVT.dcd AT STEP 49670
WRITING COORDINATES TO DCD FILE NVT.dcd AT STEP 49680
WRITING COORDINATES TO DCD FILE NVT.dcd AT STEP 49690
WRITING COORDINATES TO DCD FILE NVT.dcd AT STEP 49700
WRITING COORDINATES TO DCD FILE NVT.dcd AT STEP 49710
WRITING COORDINATES TO DCD FILE NVT.dcd AT STEP 49720
WRITING COORDINATES TO DCD FILE NVT.dcd AT STEP 49730
WRITING COORDINATES TO DCD FILE NVT.dcd AT STEP 49740
WRITING COORDINATES TO DCD FILE NVT.dcd AT STEP 49750
WRITING COORDINATES TO DCD FILE NVT.dcd AT STEP 49760
WRITING COORDINATES TO DCD FILE NVT.dcd AT STEP 49770
WRITING COORDINATES TO DCD FILE NVT.dcd AT STEP 49780
WRITING COORDINATES TO DCD FILE NVT.dcd AT STEP 49790
WRITING COORDINATES TO DCD FILE NVT.dcd AT STEP 49800
WRITING COORDINATES TO DCD FILE NVT.dcd AT STEP 49810
WRITING COORDINATES TO DCD FILE NVT.dcd AT STEP 49820
WRITING COORDINATES TO DCD FILE NVT.dcd AT STEP 49830
WRITING COORDINATES TO DCD FILE NVT.dcd AT STEP 49840
WRITING COORDINATES TO DCD FILE NVT.dcd AT STEP 49850
WRITING COORDINATES TO DCD FILE NVT.dcd AT STEP 49860
WRITING COORDINATES TO DCD FILE NVT.dcd AT STEP 49870
WRITING COORDINATES TO DCD FILE NVT.dcd AT STEP 49880
WRITING COORDINATES TO DCD FILE NVT.dcd AT STEP 49890
WRITING COORDINATES TO DCD FILE NVT.dcd AT STEP 49900
WRITING COORDINATES TO DCD FILE NVT.dcd AT STEP 49910
WRITING COORDINATES TO DCD FILE NVT.dcd AT STEP 49920
WRITING COORDINATES TO DCD FILE NVT.dcd AT STEP 49930
WRITING COORDINATES TO DCD FILE NVT.dcd AT STEP 49940
WRITING COORDINATES TO DCD FILE NVT.dcd AT STEP 49950
WRITING COORDINATES TO DCD FILE NVT.dcd AT STEP 49960
WRITING COORDINATES TO DCD FILE NVT.dcd AT STEP 49970
WRITING COORDINATES TO DCD FILE NVT.dcd AT STEP 49980
WRITING COORDINATES TO DCD FILE NVT.dcd AT STEP 49990
PRESSURE: 50000 -472.971 224.092 -247.546 224.092 -656.595 -86.7688 -247.546 -86.7688 -323.015
GPRESSURE: 50000 -455.7 57.3209 -385.341 138.814 -614.84 18.5287 -341.417 -107.358 -342.355
PRESSAVG: 50000 -31.8787 33.0179 -4.60165 33.0179 -129.822 -1.19217 -4.60165 -1.19217 -165.118
GPRESSAVG: 50000 -31.577 33.2764 -5.17046 32.879 -129.911 -1.00354 -4.579 -2.22137 -165.257
TIMING: 50000  CPU: 8301.06, 0.166028/step  Wall: 8301.26, 0.166032/step, 0 hours remaining, 841.435759 MB of memory in use.
PERFORMANCE: 50000  averaging 1.04085 ns/day, 0.166018 sec/step with standard deviation 0.00027237
ETITLE:      TS           BOND          ANGLE          DIHED          IMPRP               ELECT            VDW       BOUNDARY           MISC        KINETIC               TOTAL           TEMP      POTENTIAL         TOTAL3        TEMPAVG            PRESSURE      GPRESSURE         VOLUME       PRESSAVG      GPRESSAVG

ENERGY:   50000      1572.6635      9318.0722      5733.9492        74.6419         -60563.0007     -1572.6803         0.0000         0.0000     18408.4399         -27027.9143       297.1086    -45436.3543    -26880.3715       299.9724           -484.1935      -470.9650    266765.5277      -108.9395      -108.9148

WRITING EXTENDED SYSTEM TO RESTART FILE AT STEP 50000
WRITING COORDINATES TO DCD FILE NVT.dcd AT STEP 50000
WRITING COORDINATES TO RESTART FILE AT STEP 50000
FINISHED WRITING RESTART COORDINATES
WRITING VELOCITIES TO RESTART FILE AT STEP 50000
FINISHED WRITING RESTART VELOCITIES
WRITING EXTENDED SYSTEM TO OUTPUT FILE AT STEP 50000
CLOSING EXTENDED SYSTEM TRAJECTORY FILE
WRITING COORDINATES TO OUTPUT FILE AT STEP 50000
CLOSING COORDINATE DCD FILE NVT.dcd
WRITING VELOCITIES TO OUTPUT FILE AT STEP 50000
====================================================

WallClock: 8326.192383  CPUTime: 8325.994141  Memory: 841.435759 MB
[Partition 0][Node 0] End of program
