Charm++> No provisioning arguments specified. Running with a single PE.
         Use +auto-provision to fully subscribe resources or +p1 to silence this message.
Charm++: standalone mode (not using charmrun)
Charm++> Running in Multicore mode: 1 threads (PEs)
Charm++> Using recursive bisection (scheme 3) for topology aware partitions
Converse/Charm++ Commit ID: 
CharmLB> Load balancer assumes all CPUs are same.
Charm++> Running on 1 hosts (1 sockets x 20 cores x 2 PUs = 40-way SMP)
Charm++> cpu topology info is gathered in 0.000 seconds.
CharmLB> Load balancing instrumentation for communication is off.
Info: NAMD Git-2025-12-04 for Linux-x86_64-multicore
Info: 
Info: Please visit http://www.ks.uiuc.edu/Research/namd/
Info: for updates, documentation, and support information.
Info: 
Info: Please cite Phillips et al., J. Chem. Phys. 153:044130 (2020) doi:10.1063/5.0014475
Info: in all publications reporting results obtained with NAMD.
Info: 
Info: Based on Charm++/Converse 80000 for multicore-linux-x86_64-gcc
Info: Built Thu Dec 4 09:25:02 CST 2025 by dhardy on athine.ks.uiuc.edu
Info: Source code at Git commit ID b856a9378ca44bcf5aa708d4b681af4ceb86d8ca
Info: 1 NAMD  Git-2025-12-04  Linux-x86_64-multicore  1    vivi01  cmm11
Info: Running on 1 processors, 1 nodes, 1 physical nodes.
Info: CPU topology information available.
Info: Charm++/Converse parallel runtime startup completed at 0.00553946 s
CkLoopLib is used in SMP with simple dynamic scheduling (converse-level notification)
Info: 25.0547 MB of memory in use based on /proc/self/stat
Info: Configuration file is simNVT.conf
Info: Working in the current directory /scratch/168096.1.cerqt03.q
TCL: Suspending until startup complete.
Warning: Option "1-4scaling" has been deprecated. Instead use "oneFourScaling".
Info: EXTENDED SYSTEM FILE   NPT.restart.xsc
Warning: The Langevin gamma parameters differ over the particles,
Warning: requiring extra work per step to constrain rigid bonds.
Info: SIMULATION PARAMETERS:
Info: TIMESTEP               2
Info: NUMBER OF STEPS        50000
Info: STEPS PER CYCLE        10
Info: PERIODIC CELL BASIS 1  67.406 0 0
Info: PERIODIC CELL BASIS 2  0 57.2957 0
Info: PERIODIC CELL BASIS 3  0 0 68.813
Info: PERIODIC CELL CENTER   0 0 0
Info: WRAPPING WATERS AROUND PERIODIC BOUNDARIES ON OUTPUT.
Info: WRAPPING ALL CLUSTERS AROUND PERIODIC BOUNDARIES ON OUTPUT.
Info: LOAD BALANCER  Centralized
Info: LOAD BALANCING STRATEGY  New Load Balancers -- DEFAULT
Info: LDB PERIOD             2000 steps
Info: FIRST LDB TIMESTEP     50
Info: LAST LDB TIMESTEP     -1
Info: LDB BACKGROUND SCALING 1
Info: HOM BACKGROUND SCALING 1
Info: PME BACKGROUND SCALING 1
Info: MIN ATOMS PER PATCH    40
Info: EMPTY PATCH LOAD       40 ATOMS
Info: VELOCITY FILE          NPT.restart.vel
Info: CENTER OF MASS MOVING INITIALLY? NO
Info: DIELECTRIC             1
Info: EXCLUDE                SCALED ONE-FOUR
Info: 1-4 ELECTROSTATICS SCALED BY 1
Info: MODIFIED 1-4 VDW PARAMETERS WILL BE USED
Info: DCD FILENAME           NVT.dcd
Info: DCD FREQUENCY          10
Info: DCD FIRST STEP         10
Info: DCD FILE WILL CONTAIN UNIT CELL DATA
Info: XST FILENAME           NVT.xst
Info: XST FREQUENCY          5000
Info: NO VELOCITY DCD OUTPUT
Info: NO FORCE DCD OUTPUT
Info: OUTPUT FILENAME        NVT
Info: BINARY OUTPUT FILES WILL BE USED
Info: RESTART FILENAME       NVT.restart
Info: RESTART FREQUENCY      5000
Info: BINARY RESTART FILES WILL BE USED
Info: NAMD will save positions and velocities to NVT.crash.csv when  atoms are moving too fast.
Info: SWITCHING ACTIVE
Info: SWITCHING ON           10
Info: SWITCHING OFF          12
Info: PAIRLIST DISTANCE      13.5
Info: PAIRLIST SHRINK RATE   0.01
Info: PAIRLIST GROW RATE     0.01
Info: PAIRLIST TRIGGER       0.3
Info: PAIRLISTS PER CYCLE    2
Info: PAIRLISTS ENABLED
Info: MARGIN                 0
Info: HYDROGEN GROUP CUTOFF  2.5
Info: PATCH DIMENSION        16
Info: ENERGY OUTPUT STEPS    1000
Info: ENERGY EVALUATION STEPS    1000
Info: OUTPUT ENERGY PRECISION 4
Info: CROSSTERM ENERGY INCLUDED IN DIHEDRAL
Info: TIMING OUTPUT STEPS    10000
Info: PRESSURE OUTPUT STEPS  1000
Info: LANGEVIN DYNAMICS ACTIVE
Info: LANGEVIN TEMPERATURE   304.5
Info: LANGEVIN USING BBK INTEGRATOR
Info: LANGEVIN DAMPING COEFFICIENT IS 1 INVERSE PS
Info: LANGEVIN DYNAMICS NOT APPLIED TO HYDROGENS
Info: PARTICLE MESH EWALD (PME) ACTIVE
Info: PME TOLERANCE               1e-06
Info: PME EWALD COEFFICIENT       0.257952
Info: PME INTERPOLATION ORDER     4
Info: PME GRID DIMENSIONS         72 60 72
Info: PME MAXIMUM GRID SPACING    1.5
Info: Attempting to read FFTW data from FFTW_NAMD_Git-2025-12-04_Linux-x86_64-multicore.txt
Info: Optimizing 6 FFT steps.  1... 2... 3... 4... 5... 6...   Done.
Info: Writing FFTW data to FFTW_NAMD_Git-2025-12-04_Linux-x86_64-multicore.txt
Info: FULL ELECTROSTATIC EVALUATION FREQUENCY      2
Info: USING VERLET I (r-RESPA) MTS SCHEME.
Info: C1 SPLITTING OF LONG RANGE ELECTROSTATICS
Info: PLACING ATOMS IN PATCHES BY HYDROGEN GROUPS
Info: RIGID BONDS TO HYDROGEN : ALL
Info:         ERROR TOLERANCE : 1e-08
Info:          MAX ITERATIONS : 100
Info: RIGID WATER USING SETTLE ALGORITHM
Info: RANDOM NUMBER SEED     1781531257
Info: USE HYDROGEN BONDS?    NO
Info: COORDINATE PDB         coordenades_inicials.pdb
Info: STRUCTURE FILE         estructura_membranaDMPC.psf
Info: PARAMETER file: CHARMM format! 
Info: PARAMETERS             parametres.prm
Info: USING ARITHMETIC MEAN TO COMBINE L-J SIGMA PARAMETERS
Info: BINARY COORDINATES     NPT.restart.coor
Info: SUMMARY OF PARAMETERS:
Info: 52 BONDS
Info: 132 ANGLES
Info: 176 DIHEDRAL
Info: 4 IMPROPER
Info: 0 CROSSTERM
Info: 37 VDW
Info: 0 VDW_PAIRS
Info: 0 NBTHOLE_PAIRS
Info: TIME FOR READING PSF FILE: 0.15
Info: Reading pdb file coordenades_inicials.pdb
Info: TIME FOR READING PDB FILE: 0.0238128
Info: 
Info: ****************************
Info: STRUCTURE SUMMARY:
Info: 28235 ATOMS
Info: 23730 BONDS
Info: 33305 ANGLES
Info: 40064 DIHEDRALS
Info: 256 IMPROPERS
Info: 0 CROSSTERMS
Info: 0 EXCLUSIONS
Info: 22347 RIGID BONDS
Info: 62358 DEGREES OF FREEDOM
Info: 10265 HYDROGEN GROUPS
Info: 4 ATOMS IN LARGEST HYDROGEN GROUP
Info: 10265 MIGRATION GROUPS
Info: 4 ATOMS IN LARGEST MIGRATION GROUP
Info: TOTAL MASS = 165628 amu
Info: TOTAL CHARGE = 6.67572e-06 e
Info: MASS DENSITY = 1.03491 g/cm^3
Info: ATOM DENSITY = 0.106242 atoms/A^3
Info: *****************************
Info: Reading from binary file NPT.restart.coor
Info: 
Info: Entering startup at 24.9414 s, 841.308 MB of memory in use
Info: Startup phase 0 took 4.9512e-05 s, 841.308 MB of memory in use
Info: ADDED 97099 IMPLICIT EXCLUSIONS
Info: Startup phase 1 took 0.0139527 s, 841.308 MB of memory in use
Info: NONBONDED TABLE R-SQUARED SPACING: 0.0625
Info: NONBONDED TABLE SIZE: 769 POINTS
Info: INCONSISTENCY IN FAST TABLE ENERGY VS FORCE: 0.000325096 AT 11.9556
Info: INCONSISTENCY IN SCOR TABLE ENERGY VS FORCE: 0.000324844 AT 11.9556
Info: INCONSISTENCY IN VDWA TABLE ENERGY VS FORCE: 0.0040507 AT 0.251946
Info: INCONSISTENCY IN VDWB TABLE ENERGY VS FORCE: 0.00150189 AT 0.251946
Info: Startup phase 2 took 0.00018683 s, 841.308 MB of memory in use
Info: Startup phase 3 took 1.3233e-05 s, 841.308 MB of memory in use
Info: Startup phase 4 took 3.7237e-05 s, 841.308 MB of memory in use
Info: Startup phase 5 took 1.0426e-05 s, 841.308 MB of memory in use
Info: PATCH GRID IS 4 (PERIODIC) BY 3 (PERIODIC) BY 4 (PERIODIC)
Info: PATCH GRID IS 1-AWAY BY 1-AWAY BY 1-AWAY
Info: Reading from binary file NPT.restart.vel
Info: REMOVING COM VELOCITY -0.0315163 0.020486 -0.0334773
Info: LARGEST PATCH (3) HAS 634 ATOMS
Info: TORUS A SIZE 1 USING 0
Info: TORUS B SIZE 1 USING 0
Info: TORUS C SIZE 1 USING 0
Info: TORUS MINIMAL MESH SIZE IS 1 BY 1 BY 1
Info: Placed 100% of base nodes on same physical node as patch
Info: Startup phase 6 took 0.00353498 s, 841.308 MB of memory in use
Info: PME using 1 and 1 processors for FFT and reciprocal sum.
Info: PME GRID LOCATIONS: 0
Info: PME TRANS LOCATIONS: 0
Info: PME USING 1 GRID NODES AND 1 TRANS NODES
Info: Optimizing 4 FFT steps.  1... 2... 3... 4...   Done.
Info: Startup phase 7 took 0.000358798 s, 841.308 MB of memory in use
Info: Startup phase 8 took 1.6853e-05 s, 841.308 MB of memory in use
Info: Startup phase 9 took 1.7781e-05 s, 841.308 MB of memory in use
Info: Startup phase 10 took 8.929e-06 s, 841.308 MB of memory in use
Info: Startup phase 11 took 9.674e-06 s, 841.308 MB of memory in use
LDB: Central LB being created...
Info: Startup phase 12 took 2.8435e-05 s, 841.308 MB of memory in use
Info: Startup phase 13 took 9.354e-06 s, 841.308 MB of memory in use
Info: Startup phase 14 took 8.224e-06 s, 841.308 MB of memory in use
Info: Startup phase 15 took 8.218e-06 s, 841.308 MB of memory in use
Info: CREATING 965 COMPUTE OBJECTS
Info: Startup phase 16 took 0.00143113 s, 841.308 MB of memory in use
Info: Startup phase 17 took 2.3471e-05 s, 841.308 MB of memory in use
Info: Startup phase 18 took 9.9414e-05 s, 841.308 MB of memory in use
Info: Finished startup at 24.9612 s, 841.308 MB of memory in use

PRESSURE: 0 -273.387 -77.8854 -33.9944 -77.8854 -66.1381 155.998 -33.9944 155.998 -88.2449
GPRESSURE: 0 -246.121 -112.411 -139.51 -95.8753 -74.744 203.365 13.6475 52.8649 -53.0382
ETITLE:      TS           BOND          ANGLE          DIHED          IMPRP               ELECT            VDW       BOUNDARY           MISC        KINETIC               TOTAL           TEMP      POTENTIAL         TOTAL3        TEMPAVG            PRESSURE      GPRESSURE         VOLUME       PRESSAVG      GPRESSAVG

ENERGY:       0      1554.7875      9223.8139      5731.9925        68.3596         -60598.6490     -1314.6557         0.0000         0.0000     18971.1686         -26363.1825       306.1909    -45334.3511    -26213.8275       306.1909           -142.5901      -124.6342    265760.9684      -142.5901      -124.6342

OPENING EXTENDED SYSTEM TRAJECTORY FILE
LDB: ============= START OF LOAD BALANCING ============== 26.7021
LDB: ============== END OF LOAD BALANCING =============== 26.7022
LDB: =============== DONE WITH MIGRATION ================ 26.7022
OPENING COORDINATE DCD FILE
WRITING COORDINATES TO DCD FILE NVT.dcd AT STEP 10
The last position output (seq=10) takes 0.001 seconds, 841.308 MB of memory in use
WRITING COORDINATES TO DCD FILE NVT.dcd AT STEP 20
The last position output (seq=20) takes 0.001 seconds, 841.308 MB of memory in use
WRITING COORDINATES TO DCD FILE NVT.dcd AT STEP 30
The last position output (seq=30) takes 0.000 seconds, 841.308 MB of memory in use
WRITING COORDINATES TO DCD FILE NVT.dcd AT STEP 40
The last position output (seq=40) takes 0.000 seconds, 841.308 MB of memory in use
LDB: ============= START OF LOAD BALANCING ============== 33.3432
LDB: ============== END OF LOAD BALANCING =============== 33.3432
LDB: =============== DONE WITH MIGRATION ================ 33.3433
Info: Initial time: 1 CPUs 0.165992 s/step 0.9606 days/ns 841.308 MB memory
WRITING COORDINATES TO DCD FILE NVT.dcd AT STEP 50
The last position output (seq=50) takes 0.000 seconds, 841.308 MB of memory in use
LDB: ============= START OF LOAD BALANCING ============== 34.9963
LDB: ============== END OF LOAD BALANCING =============== 34.9963
LDB: =============== DONE WITH MIGRATION ================ 34.9964
WRITING COORDINATES TO DCD FILE NVT.dcd AT STEP 60
The last position output (seq=60) takes 0.000 seconds, 841.308 MB of memory in use
WRITING COORDINATES TO DCD FILE NVT.dcd AT STEP 70
The last position output (seq=70) takes 0.000 seconds, 841.308 MB of memory in use
WRITING COORDINATES TO DCD FILE NVT.dcd AT STEP 80
The last position output (seq=80) takes 0.000 seconds, 841.308 MB of memory in use
WRITING COORDINATES TO DCD FILE NVT.dcd AT STEP 90
The last position output (seq=90) takes 0.001 seconds, 841.308 MB of memory in use
LDB: ============= START OF LOAD BALANCING ============== 41.6026
LDB: ============== END OF LOAD BALANCING =============== 41.6026
LDB: =============== DONE WITH MIGRATION ================ 41.6027
Info: Initial time: 1 CPUs 0.16515 s/step 0.955731 days/ns 841.308 MB memory
WRITING COORDINATES TO DCD FILE NVT.dcd AT STEP 100
The last position output (seq=100) takes 0.000 seconds, 841.308 MB of memory in use
WRITING COORDINATES TO DCD FILE NVT.dcd AT STEP 110
WRITING COORDINATES TO DCD FILE NVT.dcd AT STEP 120
WRITING COORDINATES TO DCD FILE NVT.dcd AT STEP 130
WRITING COORDINATES TO DCD FILE NVT.dcd AT STEP 140
LDB: ============= START OF LOAD BALANCING ============== 49.8358
LDB: ============== END OF LOAD BALANCING =============== 49.8359
LDB: =============== DONE WITH MIGRATION ================ 49.8359
Info: Initial time: 1 CPUs 0.164638 s/step 0.952764 days/ns 841.308 MB memory
WRITING COORDINATES TO DCD FILE NVT.dcd AT STEP 150
WRITING COORDINATES TO DCD FILE NVT.dcd AT STEP 160
WRITING COORDINATES TO DCD FILE NVT.dcd AT STEP 170
WRITING COORDINATES TO DCD FILE NVT.dcd AT STEP 180
WRITING COORDINATES TO DCD FILE NVT.dcd AT STEP 190
LDB: ============= START OF LOAD BALANCING ============== 58.0489
LDB: ============== END OF LOAD BALANCING =============== 58.0489
LDB: =============== DONE WITH MIGRATION ================ 58.049
Info: Benchmark time: 1 CPUs 0.16424 s/step 0.950463 days/ns 841.308 MB memory
WRITING COORDINATES TO DCD FILE NVT.dcd AT STEP 200
WRITING COORDINATES TO DCD FILE NVT.dcd AT STEP 210
WRITING COORDINATES TO DCD FILE NVT.dcd AT STEP 220
WRITING COORDINATES TO DCD FILE NVT.dcd AT STEP 230
WRITING COORDINATES TO DCD FILE NVT.dcd AT STEP 240
Info: Benchmark time: 1 CPUs 0.163885 s/step 0.948407 days/ns 841.308 MB memory
WRITING COORDINATES TO DCD FILE NVT.dcd AT STEP 250
WRITING COORDINATES TO DCD FILE NVT.dcd AT STEP 260
WRITING COORDINATES TO DCD FILE NVT.dcd AT STEP 270
WRITING COORDINATES TO DCD FILE NVT.dcd AT STEP 280
WRITING COORDINATES TO DCD FILE NVT.dcd AT STEP 290
Info: Benchmark time: 1 CPUs 0.163841 s/step 0.948153 days/ns 841.308 MB memory
WRITING COORDINATES TO DCD FILE NVT.dcd AT STEP 300
WRITING COORDINATES TO DCD FILE NVT.dcd AT STEP 310
WRITING COORDINATES TO DCD FILE NVT.dcd AT STEP 320
WRITING COORDINATES TO DCD FILE NVT.dcd AT STEP 330
WRITING COORDINATES TO DCD FILE NVT.dcd AT STEP 340
Info: Benchmark time: 1 CPUs 0.163862 s/step 0.948275 days/ns 841.308 MB memory
WRITING COORDINATES TO DCD FILE NVT.dcd AT STEP 350
WRITING COORDINATES TO DCD FILE NVT.dcd AT STEP 360
WRITING COORDINATES TO DCD FILE NVT.dcd AT STEP 370
WRITING COORDINATES TO DCD FILE NVT.dcd AT STEP 380
WRITING COORDINATES TO DCD FILE NVT.dcd AT STEP 390
Info: Benchmark time: 1 CPUs 0.163958 s/step 0.948832 days/ns 841.308 MB memory
WRITING COORDINATES TO DCD FILE NVT.dcd AT STEP 400
WRITING COORDINATES TO DCD FILE NVT.dcd AT STEP 410
WRITING COORDINATES TO DCD FILE NVT.dcd AT STEP 420
WRITING COORDINATES TO DCD FILE NVT.dcd AT STEP 430
WRITING COORDINATES TO DCD FILE NVT.dcd AT STEP 440
Info: Benchmark time: 1 CPUs 0.164071 s/step 0.949483 days/ns 841.308 MB memory
WRITING COORDINATES TO DCD FILE NVT.dcd AT STEP 450
WRITING COORDINATES TO DCD FILE NVT.dcd AT STEP 460
WRITING COORDINATES TO DCD FILE NVT.dcd AT STEP 470
WRITING COORDINATES TO DCD FILE NVT.dcd AT STEP 480
WRITING COORDINATES TO DCD FILE NVT.dcd AT STEP 490
WRITING COORDINATES TO DCD FILE NVT.dcd AT STEP 500
WRITING COORDINATES TO DCD FILE NVT.dcd AT STEP 510
WRITING COORDINATES TO DCD FILE NVT.dcd AT STEP 520
WRITING COORDINATES TO DCD FILE NVT.dcd AT STEP 530
WRITING COORDINATES TO DCD FILE NVT.dcd AT STEP 540
WRITING COORDINATES TO DCD FILE NVT.dcd AT STEP 550
WRITING COORDINATES TO DCD FILE NVT.dcd AT STEP 560
WRITING COORDINATES TO DCD FILE NVT.dcd AT STEP 570
WRITING COORDINATES TO DCD FILE NVT.dcd AT STEP 580
WRITING COORDINATES TO DCD FILE NVT.dcd AT STEP 590
WRITING COORDINATES TO DCD FILE NVT.dcd AT STEP 600
WRITING COORDINATES TO DCD FILE NVT.dcd AT STEP 610
WRITING COORDINATES TO DCD FILE NVT.dcd AT STEP 620
WRITING COORDINATES TO DCD FILE NVT.dcd AT STEP 630
WRITING COORDINATES TO DCD FILE NVT.dcd AT STEP 640
WRITING COORDINATES TO DCD FILE NVT.dcd AT STEP 650
WRITING COORDINATES TO DCD FILE NVT.dcd AT STEP 660
WRITING COORDINATES TO DCD FILE NVT.dcd AT STEP 670
WRITING COORDINATES TO DCD FILE NVT.dcd AT STEP 680
WRITING COORDINATES TO DCD FILE NVT.dcd AT STEP 690
WRITING COORDINATES TO DCD FILE NVT.dcd AT STEP 700
WRITING COORDINATES TO DCD FILE NVT.dcd AT STEP 710
WRITING COORDINATES TO DCD FILE NVT.dcd AT STEP 720
WRITING COORDINATES TO DCD FILE NVT.dcd AT STEP 730
WRITING COORDINATES TO DCD FILE NVT.dcd AT STEP 740
WRITING COORDINATES TO DCD FILE NVT.dcd AT STEP 750
WRITING COORDINATES TO DCD FILE NVT.dcd AT STEP 760
WRITING COORDINATES TO DCD FILE NVT.dcd AT STEP 770
WRITING COORDINATES TO DCD FILE NVT.dcd AT STEP 780
WRITING COORDINATES TO DCD FILE NVT.dcd AT STEP 790
WRITING COORDINATES TO DCD FILE NVT.dcd AT STEP 800
WRITING COORDINATES TO DCD FILE NVT.dcd AT STEP 810
WRITING COORDINATES TO DCD FILE NVT.dcd AT STEP 820
WRITING COORDINATES TO DCD FILE NVT.dcd AT STEP 830
WRITING COORDINATES TO DCD FILE NVT.dcd AT STEP 840
WRITING COORDINATES TO DCD FILE NVT.dcd AT STEP 850
WRITING COORDINATES TO DCD FILE NVT.dcd AT STEP 860
WRITING COORDINATES TO DCD FILE NVT.dcd AT STEP 870
WRITING COORDINATES TO DCD FILE NVT.dcd AT STEP 880
WRITING COORDINATES TO DCD FILE NVT.dcd AT STEP 890
WRITING COORDINATES TO DCD FILE NVT.dcd AT STEP 900
WRITING COORDINATES TO DCD FILE NVT.dcd AT STEP 910
WRITING COORDINATES TO DCD FILE NVT.dcd AT STEP 920
WRITING COORDINATES TO DCD FILE NVT.dcd AT STEP 930
WRITING COORDINATES TO DCD FILE NVT.dcd AT STEP 940
WRITING COORDINATES TO DCD FILE NVT.dcd AT STEP 950
WRITING COORDINATES TO DCD FILE NVT.dcd AT STEP 960
WRITING COORDINATES TO DCD FILE NVT.dcd AT STEP 970
WRITING COORDINATES TO DCD FILE NVT.dcd AT STEP 980
WRITING COORDINATES TO DCD FILE NVT.dcd AT STEP 990
PRESSURE: 1000 513.445 -288.077 413.251 -288.077 991.322 690.797 413.251 690.797 296.949
GPRESSURE: 1000 531.098 -136.735 555.986 -202.614 1095.74 594.783 573.481 699.074 202.99
PRESSAVG: 1000 136.793 30.2658 51.9703 30.2658 191.482 -14.0703 51.9703 -14.0703 166.089
GPRESSAVG: 1000 137.528 29.8391 51.7329 30.2681 191.672 -13.5432 52.3982 -13.6701 165.27
ENERGY:    1000      1561.5462      9209.0260      5727.0906        65.6260         -60472.4779     -1345.6168         0.0000         0.0000     18805.8439         -26448.9619       303.5226    -45254.8059    -26301.3844       302.8125            600.5720       609.9433    265760.9684       164.7879       164.8231

WRITING COORDINATES TO DCD FILE NVT.dcd AT STEP 1000
WRITING COORDINATES TO DCD FILE NVT.dcd AT STEP 1010
WRITING COORDINATES TO DCD FILE NVT.dcd AT STEP 1020
WRITING COORDINATES TO DCD FILE NVT.dcd AT STEP 1030
WRITING COORDINATES TO DCD FILE NVT.dcd AT STEP 1040
WRITING COORDINATES TO DCD FILE NVT.dcd AT STEP 1050
WRITING COORDINATES TO DCD FILE NVT.dcd AT STEP 1060
WRITING COORDINATES TO DCD FILE NVT.dcd AT STEP 1070
WRITING COORDINATES TO DCD FILE NVT.dcd AT STEP 1080
WRITING COORDINATES TO DCD FILE NVT.dcd AT STEP 1090
WRITING COORDINATES TO DCD FILE NVT.dcd AT STEP 1100
WRITING COORDINATES TO DCD FILE NVT.dcd AT STEP 1110
WRITING COORDINATES TO DCD FILE NVT.dcd AT STEP 1120
WRITING COORDINATES TO DCD FILE NVT.dcd AT STEP 1130
WRITING COORDINATES TO DCD FILE NVT.dcd AT STEP 1140
WRITING COORDINATES TO DCD FILE NVT.dcd AT STEP 1150
WRITING COORDINATES TO DCD FILE NVT.dcd AT STEP 1160
WRITING COORDINATES TO DCD FILE NVT.dcd AT STEP 1170
WRITING COORDINATES TO DCD FILE NVT.dcd AT STEP 1180
WRITING COORDINATES TO DCD FILE NVT.dcd AT STEP 1190
WRITING COORDINATES TO DCD FILE NVT.dcd AT STEP 1200
WRITING COORDINATES TO DCD FILE NVT.dcd AT STEP 1210
WRITING COORDINATES TO DCD FILE NVT.dcd AT STEP 1220
WRITING COORDINATES TO DCD FILE NVT.dcd AT STEP 1230
WRITING COORDINATES TO DCD FILE NVT.dcd AT STEP 1240
WRITING COORDINATES TO DCD FILE NVT.dcd AT STEP 1250
WRITING COORDINATES TO DCD FILE NVT.dcd AT STEP 1260
WRITING COORDINATES TO DCD FILE NVT.dcd AT STEP 1270
WRITING COORDINATES TO DCD FILE NVT.dcd AT STEP 1280
WRITING COORDINATES TO DCD FILE NVT.dcd AT STEP 1290
WRITING COORDINATES TO DCD FILE NVT.dcd AT STEP 1300
WRITING COORDINATES TO DCD FILE NVT.dcd AT STEP 1310
WRITING COORDINATES TO DCD FILE NVT.dcd AT STEP 1320
WRITING COORDINATES TO DCD FILE NVT.dcd AT STEP 1330
WRITING COORDINATES TO DCD FILE NVT.dcd AT STEP 1340
WRITING COORDINATES TO DCD FILE NVT.dcd AT STEP 1350
WRITING COORDINATES TO DCD FILE NVT.dcd AT STEP 1360
WRITING COORDINATES TO DCD FILE NVT.dcd AT STEP 1370
WRITING COORDINATES TO DCD FILE NVT.dcd AT STEP 1380
WRITING COORDINATES TO DCD FILE NVT.dcd AT STEP 1390
WRITING COORDINATES TO DCD FILE NVT.dcd AT STEP 1400
WRITING COORDINATES TO DCD FILE NVT.dcd AT STEP 1410
WRITING COORDINATES TO DCD FILE NVT.dcd AT STEP 1420
WRITING COORDINATES TO DCD FILE NVT.dcd AT STEP 1430
WRITING COORDINATES TO DCD FILE NVT.dcd AT STEP 1440
WRITING COORDINATES TO DCD FILE NVT.dcd AT STEP 1450
WRITING COORDINATES TO DCD FILE NVT.dcd AT STEP 1460
WRITING COORDINATES TO DCD FILE NVT.dcd AT STEP 1470
WRITING COORDINATES TO DCD FILE NVT.dcd AT STEP 1480
WRITING COORDINATES TO DCD FILE NVT.dcd AT STEP 1490
WRITING COORDINATES TO DCD FILE NVT.dcd AT STEP 1500
WRITING COORDINATES TO DCD FILE NVT.dcd AT STEP 1510
WRITING COORDINATES TO DCD FILE NVT.dcd AT STEP 1520
WRITING COORDINATES TO DCD FILE NVT.dcd AT STEP 1530
WRITING COORDINATES TO DCD FILE NVT.dcd AT STEP 1540
WRITING COORDINATES TO DCD FILE NVT.dcd AT STEP 1550
WRITING COORDINATES TO DCD FILE NVT.dcd AT STEP 1560
WRITING COORDINATES TO DCD FILE NVT.dcd AT STEP 1570
WRITING COORDINATES TO DCD FILE NVT.dcd AT STEP 1580
WRITING COORDINATES TO DCD FILE NVT.dcd AT STEP 1590
WRITING COORDINATES TO DCD FILE NVT.dcd AT STEP 1600
WRITING COORDINATES TO DCD FILE NVT.dcd AT STEP 1610
WRITING COORDINATES TO DCD FILE NVT.dcd AT STEP 1620
WRITING COORDINATES TO DCD FILE NVT.dcd AT STEP 1630
WRITING COORDINATES TO DCD FILE NVT.dcd AT STEP 1640
WRITING COORDINATES TO DCD FILE NVT.dcd AT STEP 1650
WRITING COORDINATES TO DCD FILE NVT.dcd AT STEP 1660
WRITING COORDINATES TO DCD FILE NVT.dcd AT STEP 1670
WRITING COORDINATES TO DCD FILE NVT.dcd AT STEP 1680
WRITING COORDINATES TO DCD FILE NVT.dcd AT STEP 1690
WRITING COORDINATES TO DCD FILE NVT.dcd AT STEP 1700
WRITING COORDINATES TO DCD FILE NVT.dcd AT STEP 1710
WRITING COORDINATES TO DCD FILE NVT.dcd AT STEP 1720
WRITING COORDINATES TO DCD FILE NVT.dcd AT STEP 1730
WRITING COORDINATES TO DCD FILE NVT.dcd AT STEP 1740
WRITING COORDINATES TO DCD FILE NVT.dcd AT STEP 1750
WRITING COORDINATES TO DCD FILE NVT.dcd AT STEP 1760
WRITING COORDINATES TO DCD FILE NVT.dcd AT STEP 1770
WRITING COORDINATES TO DCD FILE NVT.dcd AT STEP 1780
WRITING COORDINATES TO DCD FILE NVT.dcd AT STEP 1790
WRITING COORDINATES TO DCD FILE NVT.dcd AT STEP 1800
WRITING COORDINATES TO DCD FILE NVT.dcd AT STEP 1810
WRITING COORDINATES TO DCD FILE NVT.dcd AT STEP 1820
WRITING COORDINATES TO DCD FILE NVT.dcd AT STEP 1830
WRITING COORDINATES TO DCD FILE NVT.dcd AT STEP 1840
WRITING COORDINATES TO DCD FILE NVT.dcd AT STEP 1850
WRITING COORDINATES TO DCD FILE NVT.dcd AT STEP 1860
WRITING COORDINATES TO DCD FILE NVT.dcd AT STEP 1870
WRITING COORDINATES TO DCD FILE NVT.dcd AT STEP 1880
WRITING COORDINATES TO DCD FILE NVT.dcd AT STEP 1890
WRITING COORDINATES TO DCD FILE NVT.dcd AT STEP 1900
WRITING COORDINATES TO DCD FILE NVT.dcd AT STEP 1910
WRITING COORDINATES TO DCD FILE NVT.dcd AT STEP 1920
WRITING COORDINATES TO DCD FILE NVT.dcd AT STEP 1930
WRITING COORDINATES TO DCD FILE NVT.dcd AT STEP 1940
WRITING COORDINATES TO DCD FILE NVT.dcd AT STEP 1950
WRITING COORDINATES TO DCD FILE NVT.dcd AT STEP 1960
WRITING COORDINATES TO DCD FILE NVT.dcd AT STEP 1970
WRITING COORDINATES TO DCD FILE NVT.dcd AT STEP 1980
WRITING COORDINATES TO DCD FILE NVT.dcd AT STEP 1990
PRESSURE: 2000 40.4501 -21.9379 509.869 -21.9379 375.7 -481.138 509.869 -481.138 12.7805
GPRESSURE: 2000 380.18 31.6454 496.543 -131.272 262.525 -436.071 339.083 -489.589 -169.063
PRESSAVG: 2000 195.399 -9.94152 21.5226 -9.94152 254.405 11.2973 21.5226 11.2973 67.5185
GPRESSAVG: 2000 194.722 -9.86691 21.3195 -10.3099 255.002 11.5411 21.0312 11.5112 67.7947
ENERGY:    2000      1558.5189      9166.1406      5700.6520        79.1542         -60718.3445     -1235.6908         0.0000         0.0000     18749.5768         -26699.9928       302.6145    -45449.5696    -26549.0695       302.4055            142.9769       157.8809    265760.9684       172.4407       172.5061

WRITING COORDINATES TO DCD FILE NVT.dcd AT STEP 2000
WRITING COORDINATES TO DCD FILE NVT.dcd AT STEP 2010
WRITING COORDINATES TO DCD FILE NVT.dcd AT STEP 2020
WRITING COORDINATES TO DCD FILE NVT.dcd AT STEP 2030
WRITING COORDINATES TO DCD FILE NVT.dcd AT STEP 2040
WRITING COORDINATES TO DCD FILE NVT.dcd AT STEP 2050
WRITING COORDINATES TO DCD FILE NVT.dcd AT STEP 2060
WRITING COORDINATES TO DCD FILE NVT.dcd AT STEP 2070
WRITING COORDINATES TO DCD FILE NVT.dcd AT STEP 2080
WRITING COORDINATES TO DCD FILE NVT.dcd AT STEP 2090
WRITING COORDINATES TO DCD FILE NVT.dcd AT STEP 2100
WRITING COORDINATES TO DCD FILE NVT.dcd AT STEP 2110
WRITING COORDINATES TO DCD FILE NVT.dcd AT STEP 2120
WRITING COORDINATES TO DCD FILE NVT.dcd AT STEP 2130
WRITING COORDINATES TO DCD FILE NVT.dcd AT STEP 2140
LDB: ============= START OF LOAD BALANCING ============== 378.941
LDB: ============== END OF LOAD BALANCING =============== 378.941
LDB: =============== DONE WITH MIGRATION ================ 378.941
WRITING COORDINATES TO DCD FILE NVT.dcd AT STEP 2150
WRITING COORDINATES TO DCD FILE NVT.dcd AT STEP 2160
WRITING COORDINATES TO DCD FILE NVT.dcd AT STEP 2170
WRITING COORDINATES TO DCD FILE NVT.dcd AT STEP 2180
WRITING COORDINATES TO DCD FILE NVT.dcd AT STEP 2190
LDB: ============= START OF LOAD BALANCING ============== 387.178
LDB: ============== END OF LOAD BALANCING =============== 387.178
LDB: =============== DONE WITH MIGRATION ================ 387.178
WRITING COORDINATES TO DCD FILE NVT.dcd AT STEP 2200
WRITING COORDINATES TO DCD FILE NVT.dcd AT STEP 2210
WRITING COORDINATES TO DCD FILE NVT.dcd AT STEP 2220
WRITING COORDINATES TO DCD FILE NVT.dcd AT STEP 2230
WRITING COORDINATES TO DCD FILE NVT.dcd AT STEP 2240
WRITING COORDINATES TO DCD FILE NVT.dcd AT STEP 2250
WRITING COORDINATES TO DCD FILE NVT.dcd AT STEP 2260
WRITING COORDINATES TO DCD FILE NVT.dcd AT STEP 2270
WRITING COORDINATES TO DCD FILE NVT.dcd AT STEP 2280
WRITING COORDINATES TO DCD FILE NVT.dcd AT STEP 2290
WRITING COORDINATES TO DCD FILE NVT.dcd AT STEP 2300
WRITING COORDINATES TO DCD FILE NVT.dcd AT STEP 2310
WRITING COORDINATES TO DCD FILE NVT.dcd AT STEP 2320
WRITING COORDINATES TO DCD FILE NVT.dcd AT STEP 2330
WRITING COORDINATES TO DCD FILE NVT.dcd AT STEP 2340
WRITING COORDINATES TO DCD FILE NVT.dcd AT STEP 2350
WRITING COORDINATES TO DCD FILE NVT.dcd AT STEP 2360
WRITING COORDINATES TO DCD FILE NVT.dcd AT STEP 2370
WRITING COORDINATES TO DCD FILE NVT.dcd AT STEP 2380
WRITING COORDINATES TO DCD FILE NVT.dcd AT STEP 2390
WRITING COORDINATES TO DCD FILE NVT.dcd AT STEP 2400
WRITING COORDINATES TO DCD FILE NVT.dcd AT STEP 2410
WRITING COORDINATES TO DCD FILE NVT.dcd AT STEP 2420
WRITING COORDINATES TO DCD FILE NVT.dcd AT STEP 2430
WRITING COORDINATES TO DCD FILE NVT.dcd AT STEP 2440
WRITING COORDINATES TO DCD FILE NVT.dcd AT STEP 2450
WRITING COORDINATES TO DCD FILE NVT.dcd AT STEP 2460
WRITING COORDINATES TO DCD FILE NVT.dcd AT STEP 2470
WRITING COORDINATES TO DCD FILE NVT.dcd AT STEP 2480
WRITING COORDINATES TO DCD FILE NVT.dcd AT STEP 2490
WRITING COORDINATES TO DCD FILE NVT.dcd AT STEP 2500
WRITING COORDINATES TO DCD FILE NVT.dcd AT STEP 2510
WRITING COORDINATES TO DCD FILE NVT.dcd AT STEP 2520
WRITING COORDINATES TO DCD FILE NVT.dcd AT STEP 2530
WRITING COORDINATES TO DCD FILE NVT.dcd AT STEP 2540
WRITING COORDINATES TO DCD FILE NVT.dcd AT STEP 2550
WRITING COORDINATES TO DCD FILE NVT.dcd AT STEP 2560
WRITING COORDINATES TO DCD FILE NVT.dcd AT STEP 2570
WRITING COORDINATES TO DCD FILE NVT.dcd AT STEP 2580
WRITING COORDINATES TO DCD FILE NVT.dcd AT STEP 2590
WRITING COORDINATES TO DCD FILE NVT.dcd AT STEP 2600
WRITING COORDINATES TO DCD FILE NVT.dcd AT STEP 2610
WRITING COORDINATES TO DCD FILE NVT.dcd AT STEP 2620
WRITING COORDINATES TO DCD FILE NVT.dcd AT STEP 2630
WRITING COORDINATES TO DCD FILE NVT.dcd AT STEP 2640
WRITING COORDINATES TO DCD FILE NVT.dcd AT STEP 2650
WRITING COORDINATES TO DCD FILE NVT.dcd AT STEP 2660
WRITING COORDINATES TO DCD FILE NVT.dcd AT STEP 2670
WRITING COORDINATES TO DCD FILE NVT.dcd AT STEP 2680
WRITING COORDINATES TO DCD FILE NVT.dcd AT STEP 2690
WRITING COORDINATES TO DCD FILE NVT.dcd AT STEP 2700
WRITING COORDINATES TO DCD FILE NVT.dcd AT STEP 2710
WRITING COORDINATES TO DCD FILE NVT.dcd AT STEP 2720
WRITING COORDINATES TO DCD FILE NVT.dcd AT STEP 2730
WRITING COORDINATES TO DCD FILE NVT.dcd AT STEP 2740
WRITING COORDINATES TO DCD FILE NVT.dcd AT STEP 2750
WRITING COORDINATES TO DCD FILE NVT.dcd AT STEP 2760
WRITING COORDINATES TO DCD FILE NVT.dcd AT STEP 2770
WRITING COORDINATES TO DCD FILE NVT.dcd AT STEP 2780
WRITING COORDINATES TO DCD FILE NVT.dcd AT STEP 2790
WRITING COORDINATES TO DCD FILE NVT.dcd AT STEP 2800
WRITING COORDINATES TO DCD FILE NVT.dcd AT STEP 2810
WRITING COORDINATES TO DCD FILE NVT.dcd AT STEP 2820
WRITING COORDINATES TO DCD FILE NVT.dcd AT STEP 2830
WRITING COORDINATES TO DCD FILE NVT.dcd AT STEP 2840
WRITING COORDINATES TO DCD FILE NVT.dcd AT STEP 2850
WRITING COORDINATES TO DCD FILE NVT.dcd AT STEP 2860
WRITING COORDINATES TO DCD FILE NVT.dcd AT STEP 2870
WRITING COORDINATES TO DCD FILE NVT.dcd AT STEP 2880
WRITING COORDINATES TO DCD FILE NVT.dcd AT STEP 2890
WRITING COORDINATES TO DCD FILE NVT.dcd AT STEP 2900
WRITING COORDINATES TO DCD FILE NVT.dcd AT STEP 2910
WRITING COORDINATES TO DCD FILE NVT.dcd AT STEP 2920
WRITING COORDINATES TO DCD FILE NVT.dcd AT STEP 2930
WRITING COORDINATES TO DCD FILE NVT.dcd AT STEP 2940
WRITING COORDINATES TO DCD FILE NVT.dcd AT STEP 2950
WRITING COORDINATES TO DCD FILE NVT.dcd AT STEP 2960
WRITING COORDINATES TO DCD FILE NVT.dcd AT STEP 2970
WRITING COORDINATES TO DCD FILE NVT.dcd AT STEP 2980
WRITING COORDINATES TO DCD FILE NVT.dcd AT STEP 2990
PRESSURE: 3000 50.4981 -353.063 -103.444 -353.063 -116.162 -265.099 -103.444 -265.099 -135.107
GPRESSURE: 3000 -46.2327 -213.576 24.2692 -433.609 78.7064 -201.719 -57.8882 -154.889 -149.952
PRESSAVG: 3000 146.14 -42.1411 7.07971 -42.1411 216.363 -8.2738 7.07971 -8.2738 37.322
GPRESSAVG: 3000 146.114 -41.3599 7.20789 -42.5793 216.254 -8.86186 6.99009 -8.21539 37.1573
ENERGY:    3000      1572.7534      9244.0493      5767.7456        64.6091         -60632.1294     -1378.1052         0.0000         0.0000     18682.9031         -26678.1743       301.5384    -45361.0774    -26532.0952       301.6953            -66.9235       -39.1593    265760.9684       133.2750       133.1748

WRITING COORDINATES TO DCD FILE NVT.dcd AT STEP 3000
WRITING COORDINATES TO DCD FILE NVT.dcd AT STEP 3010
WRITING COORDINATES TO DCD FILE NVT.dcd AT STEP 3020
WRITING COORDINATES TO DCD FILE NVT.dcd AT STEP 3030
WRITING COORDINATES TO DCD FILE NVT.dcd AT STEP 3040
WRITING COORDINATES TO DCD FILE NVT.dcd AT STEP 3050
WRITING COORDINATES TO DCD FILE NVT.dcd AT STEP 3060
WRITING COORDINATES TO DCD FILE NVT.dcd AT STEP 3070
WRITING COORDINATES TO DCD FILE NVT.dcd AT STEP 3080
WRITING COORDINATES TO DCD FILE NVT.dcd AT STEP 3090
WRITING COORDINATES TO DCD FILE NVT.dcd AT STEP 3100
WRITING COORDINATES TO DCD FILE NVT.dcd AT STEP 3110
WRITING COORDINATES TO DCD FILE NVT.dcd AT STEP 3120
WRITING COORDINATES TO DCD FILE NVT.dcd AT STEP 3130
WRITING COORDINATES TO DCD FILE NVT.dcd AT STEP 3140
WRITING COORDINATES TO DCD FILE NVT.dcd AT STEP 3150
WRITING COORDINATES TO DCD FILE NVT.dcd AT STEP 3160
WRITING COORDINATES TO DCD FILE NVT.dcd AT STEP 3170
WRITING COORDINATES TO DCD FILE NVT.dcd AT STEP 3180
WRITING COORDINATES TO DCD FILE NVT.dcd AT STEP 3190
WRITING COORDINATES TO DCD FILE NVT.dcd AT STEP 3200
WRITING COORDINATES TO DCD FILE NVT.dcd AT STEP 3210
WRITING COORDINATES TO DCD FILE NVT.dcd AT STEP 3220
WRITING COORDINATES TO DCD FILE NVT.dcd AT STEP 3230
WRITING COORDINATES TO DCD FILE NVT.dcd AT STEP 3240
WRITING COORDINATES TO DCD FILE NVT.dcd AT STEP 3250
WRITING COORDINATES TO DCD FILE NVT.dcd AT STEP 3260
WRITING COORDINATES TO DCD FILE NVT.dcd AT STEP 3270
WRITING COORDINATES TO DCD FILE NVT.dcd AT STEP 3280
WRITING COORDINATES TO DCD FILE NVT.dcd AT STEP 3290
WRITING COORDINATES TO DCD FILE NVT.dcd AT STEP 3300
WRITING COORDINATES TO DCD FILE NVT.dcd AT STEP 3310
WRITING COORDINATES TO DCD FILE NVT.dcd AT STEP 3320
WRITING COORDINATES TO DCD FILE NVT.dcd AT STEP 3330
WRITING COORDINATES TO DCD FILE NVT.dcd AT STEP 3340
WRITING COORDINATES TO DCD FILE NVT.dcd AT STEP 3350
WRITING COORDINATES TO DCD FILE NVT.dcd AT STEP 3360
WRITING COORDINATES TO DCD FILE NVT.dcd AT STEP 3370
WRITING COORDINATES TO DCD FILE NVT.dcd AT STEP 3380
WRITING COORDINATES TO DCD FILE NVT.dcd AT STEP 3390
WRITING COORDINATES TO DCD FILE NVT.dcd AT STEP 3400
WRITING COORDINATES TO DCD FILE NVT.dcd AT STEP 3410
WRITING COORDINATES TO DCD FILE NVT.dcd AT STEP 3420
WRITING COORDINATES TO DCD FILE NVT.dcd AT STEP 3430
WRITING COORDINATES TO DCD FILE NVT.dcd AT STEP 3440
WRITING COORDINATES TO DCD FILE NVT.dcd AT STEP 3450
WRITING COORDINATES TO DCD FILE NVT.dcd AT STEP 3460
WRITING COORDINATES TO DCD FILE NVT.dcd AT STEP 3470
WRITING COORDINATES TO DCD FILE NVT.dcd AT STEP 3480
WRITING COORDINATES TO DCD FILE NVT.dcd AT STEP 3490
WRITING COORDINATES TO DCD FILE NVT.dcd AT STEP 3500
WRITING COORDINATES TO DCD FILE NVT.dcd AT STEP 3510
WRITING COORDINATES TO DCD FILE NVT.dcd AT STEP 3520
WRITING COORDINATES TO DCD FILE NVT.dcd AT STEP 3530
WRITING COORDINATES TO DCD FILE NVT.dcd AT STEP 3540
WRITING COORDINATES TO DCD FILE NVT.dcd AT STEP 3550
WRITING COORDINATES TO DCD FILE NVT.dcd AT STEP 3560
WRITING COORDINATES TO DCD FILE NVT.dcd AT STEP 3570
WRITING COORDINATES TO DCD FILE NVT.dcd AT STEP 3580
WRITING COORDINATES TO DCD FILE NVT.dcd AT STEP 3590
WRITING COORDINATES TO DCD FILE NVT.dcd AT STEP 3600
WRITING COORDINATES TO DCD FILE NVT.dcd AT STEP 3610
WRITING COORDINATES TO DCD FILE NVT.dcd AT STEP 3620
WRITING COORDINATES TO DCD FILE NVT.dcd AT STEP 3630
WRITING COORDINATES TO DCD FILE NVT.dcd AT STEP 3640
WRITING COORDINATES TO DCD FILE NVT.dcd AT STEP 3650
WRITING COORDINATES TO DCD FILE NVT.dcd AT STEP 3660
WRITING COORDINATES TO DCD FILE NVT.dcd AT STEP 3670
WRITING COORDINATES TO DCD FILE NVT.dcd AT STEP 3680
WRITING COORDINATES TO DCD FILE NVT.dcd AT STEP 3690
WRITING COORDINATES TO DCD FILE NVT.dcd AT STEP 3700
WRITING COORDINATES TO DCD FILE NVT.dcd AT STEP 3710
WRITING COORDINATES TO DCD FILE NVT.dcd AT STEP 3720
WRITING COORDINATES TO DCD FILE NVT.dcd AT STEP 3730
WRITING COORDINATES TO DCD FILE NVT.dcd AT STEP 3740
WRITING COORDINATES TO DCD FILE NVT.dcd AT STEP 3750
WRITING COORDINATES TO DCD FILE NVT.dcd AT STEP 3760
WRITING COORDINATES TO DCD FILE NVT.dcd AT STEP 3770
WRITING COORDINATES TO DCD FILE NVT.dcd AT STEP 3780
WRITING COORDINATES TO DCD FILE NVT.dcd AT STEP 3790
WRITING COORDINATES TO DCD FILE NVT.dcd AT STEP 3800
WRITING COORDINATES TO DCD FILE NVT.dcd AT STEP 3810
WRITING COORDINATES TO DCD FILE NVT.dcd AT STEP 3820
WRITING COORDINATES TO DCD FILE NVT.dcd AT STEP 3830
WRITING COORDINATES TO DCD FILE NVT.dcd AT STEP 3840
WRITING COORDINATES TO DCD FILE NVT.dcd AT STEP 3850
WRITING COORDINATES TO DCD FILE NVT.dcd AT STEP 3860
WRITING COORDINATES TO DCD FILE NVT.dcd AT STEP 3870
WRITING COORDINATES TO DCD FILE NVT.dcd AT STEP 3880
WRITING COORDINATES TO DCD FILE NVT.dcd AT STEP 3890
WRITING COORDINATES TO DCD FILE NVT.dcd AT STEP 3900
WRITING COORDINATES TO DCD FILE NVT.dcd AT STEP 3910
WRITING COORDINATES TO DCD FILE NVT.dcd AT STEP 3920
WRITING COORDINATES TO DCD FILE NVT.dcd AT STEP 3930
WRITING COORDINATES TO DCD FILE NVT.dcd AT STEP 3940
WRITING COORDINATES TO DCD FILE NVT.dcd AT STEP 3950
WRITING COORDINATES TO DCD FILE NVT.dcd AT STEP 3960
WRITING COORDINATES TO DCD FILE NVT.dcd AT STEP 3970
WRITING COORDINATES TO DCD FILE NVT.dcd AT STEP 3980
WRITING COORDINATES TO DCD FILE NVT.dcd AT STEP 3990
PRESSURE: 4000 -519.683 350.108 136.51 350.108 439.377 -66.4617 136.51 -66.4617 16.9577
GPRESSURE: 4000 -322.942 204.604 168.921 41.5033 302.372 -170.63 251.47 -45.4037 28.4203
PRESSAVG: 4000 226.086 23.7656 51.4619 23.7656 97.6342 -34.255 51.4619 -34.255 23.7899
GPRESSAVG: 4000 226.139 23.0851 52.2022 24.0955 97.6356 -34.3049 51.9876 -35.0476 23.7562
ENERGY:    4000      1601.4856      9193.5738      5691.4660        79.6423         -60586.7747     -1359.8263         0.0000         0.0000     18818.0790         -26562.3543       303.7201    -45380.4333    -26410.1056       301.7065            -21.1160         2.6167    265760.9684       115.8367       115.8435

WRITING COORDINATES TO DCD FILE NVT.dcd AT STEP 4000
WRITING COORDINATES TO DCD FILE NVT.dcd AT STEP 4010
WRITING COORDINATES TO DCD FILE NVT.dcd AT STEP 4020
WRITING COORDINATES TO DCD FILE NVT.dcd AT STEP 4030
WRITING COORDINATES TO DCD FILE NVT.dcd AT STEP 4040
WRITING COORDINATES TO DCD FILE NVT.dcd AT STEP 4050
WRITING COORDINATES TO DCD FILE NVT.dcd AT STEP 4060
WRITING COORDINATES TO DCD FILE NVT.dcd AT STEP 4070
WRITING COORDINATES TO DCD FILE NVT.dcd AT STEP 4080
WRITING COORDINATES TO DCD FILE NVT.dcd AT STEP 4090
WRITING COORDINATES TO DCD FILE NVT.dcd AT STEP 4100
WRITING COORDINATES TO DCD FILE NVT.dcd AT STEP 4110
WRITING COORDINATES TO DCD FILE NVT.dcd AT STEP 4120
WRITING COORDINATES TO DCD FILE NVT.dcd AT STEP 4130
WRITING COORDINATES TO DCD FILE NVT.dcd AT STEP 4140
LDB: ============= START OF LOAD BALANCING ============== 708.919
LDB: ============== END OF LOAD BALANCING =============== 708.919
LDB: =============== DONE WITH MIGRATION ================ 708.919
WRITING COORDINATES TO DCD FILE NVT.dcd AT STEP 4150
WRITING COORDINATES TO DCD FILE NVT.dcd AT STEP 4160
WRITING COORDINATES TO DCD FILE NVT.dcd AT STEP 4170
WRITING COORDINATES TO DCD FILE NVT.dcd AT STEP 4180
WRITING COORDINATES TO DCD FILE NVT.dcd AT STEP 4190
LDB: ============= START OF LOAD BALANCING ============== 717.193
LDB: ============== END OF LOAD BALANCING =============== 717.193
LDB: =============== DONE WITH MIGRATION ================ 717.193
WRITING COORDINATES TO DCD FILE NVT.dcd AT STEP 4200
WRITING COORDINATES TO DCD FILE NVT.dcd AT STEP 4210
WRITING COORDINATES TO DCD FILE NVT.dcd AT STEP 4220
WRITING COORDINATES TO DCD FILE NVT.dcd AT STEP 4230
WRITING COORDINATES TO DCD FILE NVT.dcd AT STEP 4240
WRITING COORDINATES TO DCD FILE NVT.dcd AT STEP 4250
WRITING COORDINATES TO DCD FILE NVT.dcd AT STEP 4260
WRITING COORDINATES TO DCD FILE NVT.dcd AT STEP 4270
WRITING COORDINATES TO DCD FILE NVT.dcd AT STEP 4280
WRITING COORDINATES TO DCD FILE NVT.dcd AT STEP 4290
WRITING COORDINATES TO DCD FILE NVT.dcd AT STEP 4300
WRITING COORDINATES TO DCD FILE NVT.dcd AT STEP 4310
WRITING COORDINATES TO DCD FILE NVT.dcd AT STEP 4320
WRITING COORDINATES TO DCD FILE NVT.dcd AT STEP 4330
WRITING COORDINATES TO DCD FILE NVT.dcd AT STEP 4340
WRITING COORDINATES TO DCD FILE NVT.dcd AT STEP 4350
WRITING COORDINATES TO DCD FILE NVT.dcd AT STEP 4360
WRITING COORDINATES TO DCD FILE NVT.dcd AT STEP 4370
WRITING COORDINATES TO DCD FILE NVT.dcd AT STEP 4380
WRITING COORDINATES TO DCD FILE NVT.dcd AT STEP 4390
WRITING COORDINATES TO DCD FILE NVT.dcd AT STEP 4400
WRITING COORDINATES TO DCD FILE NVT.dcd AT STEP 4410
WRITING COORDINATES TO DCD FILE NVT.dcd AT STEP 4420
WRITING COORDINATES TO DCD FILE NVT.dcd AT STEP 4430
WRITING COORDINATES TO DCD FILE NVT.dcd AT STEP 4440
WRITING COORDINATES TO DCD FILE NVT.dcd AT STEP 4450
WRITING COORDINATES TO DCD FILE NVT.dcd AT STEP 4460
WRITING COORDINATES TO DCD FILE NVT.dcd AT STEP 4470
WRITING COORDINATES TO DCD FILE NVT.dcd AT STEP 4480
WRITING COORDINATES TO DCD FILE NVT.dcd AT STEP 4490
WRITING COORDINATES TO DCD FILE NVT.dcd AT STEP 4500
WRITING COORDINATES TO DCD FILE NVT.dcd AT STEP 4510
WRITING COORDINATES TO DCD FILE NVT.dcd AT STEP 4520
WRITING COORDINATES TO DCD FILE NVT.dcd AT STEP 4530
WRITING COORDINATES TO DCD FILE NVT.dcd AT STEP 4540
WRITING COORDINATES TO DCD FILE NVT.dcd AT STEP 4550
WRITING COORDINATES TO DCD FILE NVT.dcd AT STEP 4560
WRITING COORDINATES TO DCD FILE NVT.dcd AT STEP 4570
WRITING COORDINATES TO DCD FILE NVT.dcd AT STEP 4580
WRITING COORDINATES TO DCD FILE NVT.dcd AT STEP 4590
WRITING COORDINATES TO DCD FILE NVT.dcd AT STEP 4600
WRITING COORDINATES TO DCD FILE NVT.dcd AT STEP 4610
WRITING COORDINATES TO DCD FILE NVT.dcd AT STEP 4620
WRITING COORDINATES TO DCD FILE NVT.dcd AT STEP 4630
WRITING COORDINATES TO DCD FILE NVT.dcd AT STEP 4640
WRITING COORDINATES TO DCD FILE NVT.dcd AT STEP 4650
WRITING COORDINATES TO DCD FILE NVT.dcd AT STEP 4660
WRITING COORDINATES TO DCD FILE NVT.dcd AT STEP 4670
WRITING COORDINATES TO DCD FILE NVT.dcd AT STEP 4680
WRITING COORDINATES TO DCD FILE NVT.dcd AT STEP 4690
WRITING COORDINATES TO DCD FILE NVT.dcd AT STEP 4700
WRITING COORDINATES TO DCD FILE NVT.dcd AT STEP 4710
WRITING COORDINATES TO DCD FILE NVT.dcd AT STEP 4720
WRITING COORDINATES TO DCD FILE NVT.dcd AT STEP 4730
WRITING COORDINATES TO DCD FILE NVT.dcd AT STEP 4740
WRITING COORDINATES TO DCD FILE NVT.dcd AT STEP 4750
WRITING COORDINATES TO DCD FILE NVT.dcd AT STEP 4760
WRITING COORDINATES TO DCD FILE NVT.dcd AT STEP 4770
WRITING COORDINATES TO DCD FILE NVT.dcd AT STEP 4780
WRITING COORDINATES TO DCD FILE NVT.dcd AT STEP 4790
WRITING COORDINATES TO DCD FILE NVT.dcd AT STEP 4800
WRITING COORDINATES TO DCD FILE NVT.dcd AT STEP 4810
WRITING COORDINATES TO DCD FILE NVT.dcd AT STEP 4820
WRITING COORDINATES TO DCD FILE NVT.dcd AT STEP 4830
WRITING COORDINATES TO DCD FILE NVT.dcd AT STEP 4840
WRITING COORDINATES TO DCD FILE NVT.dcd AT STEP 4850
WRITING COORDINATES TO DCD FILE NVT.dcd AT STEP 4860
WRITING COORDINATES TO DCD FILE NVT.dcd AT STEP 4870
WRITING COORDINATES TO DCD FILE NVT.dcd AT STEP 4880
WRITING COORDINATES TO DCD FILE NVT.dcd AT STEP 4890
WRITING COORDINATES TO DCD FILE NVT.dcd AT STEP 4900
WRITING COORDINATES TO DCD FILE NVT.dcd AT STEP 4910
WRITING COORDINATES TO DCD FILE NVT.dcd AT STEP 4920
WRITING COORDINATES TO DCD FILE NVT.dcd AT STEP 4930
WRITING COORDINATES TO DCD FILE NVT.dcd AT STEP 4940
WRITING COORDINATES TO DCD FILE NVT.dcd AT STEP 4950
WRITING COORDINATES TO DCD FILE NVT.dcd AT STEP 4960
WRITING COORDINATES TO DCD FILE NVT.dcd AT STEP 4970
WRITING COORDINATES TO DCD FILE NVT.dcd AT STEP 4980
WRITING COORDINATES TO DCD FILE NVT.dcd AT STEP 4990
PRESSURE: 5000 703.408 116 190.736 116 594.918 364.677 190.736 364.677 -187.394
GPRESSURE: 5000 704.861 158.864 153.31 -154.868 465.69 412.365 155.596 309.721 -42.2972
PRESSAVG: 5000 265.811 15.8648 88.8751 15.8648 183.512 20.8974 88.8751 20.8974 126.373
GPRESSAVG: 5000 265.331 15.39 87.9804 17.3739 183.017 21.5223 88.6878 21.4035 127.187
ENERGY:    5000      1621.4855      9282.3787      5724.0003        65.6117         -60746.7108     -1220.4904         0.0000         0.0000     18679.1418         -26594.5832       301.4777    -45273.7250    -26446.7028       302.6296            370.3106       376.0843    265760.9684       191.8988       191.8452

WRITING EXTENDED SYSTEM TO RESTART FILE AT STEP 5000
WRITING COORDINATES TO DCD FILE NVT.dcd AT STEP 5000
WRITING COORDINATES TO RESTART FILE AT STEP 5000
FINISHED WRITING RESTART COORDINATES
WRITING VELOCITIES TO RESTART FILE AT STEP 5000
FINISHED WRITING RESTART VELOCITIES
The last velocity output (seq=5000) takes 0.000 seconds, 841.308 MB of memory in use
WRITING COORDINATES TO DCD FILE NVT.dcd AT STEP 5010
WRITING COORDINATES TO DCD FILE NVT.dcd AT STEP 5020
WRITING COORDINATES TO DCD FILE NVT.dcd AT STEP 5030
WRITING COORDINATES TO DCD FILE NVT.dcd AT STEP 5040
WRITING COORDINATES TO DCD FILE NVT.dcd AT STEP 5050
WRITING COORDINATES TO DCD FILE NVT.dcd AT STEP 5060
WRITING COORDINATES TO DCD FILE NVT.dcd AT STEP 5070
WRITING COORDINATES TO DCD FILE NVT.dcd AT STEP 5080
WRITING COORDINATES TO DCD FILE NVT.dcd AT STEP 5090
WRITING COORDINATES TO DCD FILE NVT.dcd AT STEP 5100
WRITING COORDINATES TO DCD FILE NVT.dcd AT STEP 5110
WRITING COORDINATES TO DCD FILE NVT.dcd AT STEP 5120
WRITING COORDINATES TO DCD FILE NVT.dcd AT STEP 5130
WRITING COORDINATES TO DCD FILE NVT.dcd AT STEP 5140
WRITING COORDINATES TO DCD FILE NVT.dcd AT STEP 5150
WRITING COORDINATES TO DCD FILE NVT.dcd AT STEP 5160
WRITING COORDINATES TO DCD FILE NVT.dcd AT STEP 5170
WRITING COORDINATES TO DCD FILE NVT.dcd AT STEP 5180
WRITING COORDINATES TO DCD FILE NVT.dcd AT STEP 5190
WRITING COORDINATES TO DCD FILE NVT.dcd AT STEP 5200
WRITING COORDINATES TO DCD FILE NVT.dcd AT STEP 5210
WRITING COORDINATES TO DCD FILE NVT.dcd AT STEP 5220
WRITING COORDINATES TO DCD FILE NVT.dcd AT STEP 5230
WRITING COORDINATES TO DCD FILE NVT.dcd AT STEP 5240
WRITING COORDINATES TO DCD FILE NVT.dcd AT STEP 5250
WRITING COORDINATES TO DCD FILE NVT.dcd AT STEP 5260
WRITING COORDINATES TO DCD FILE NVT.dcd AT STEP 5270
WRITING COORDINATES TO DCD FILE NVT.dcd AT STEP 5280
WRITING COORDINATES TO DCD FILE NVT.dcd AT STEP 5290
WRITING COORDINATES TO DCD FILE NVT.dcd AT STEP 5300
WRITING COORDINATES TO DCD FILE NVT.dcd AT STEP 5310
WRITING COORDINATES TO DCD FILE NVT.dcd AT STEP 5320
WRITING COORDINATES TO DCD FILE NVT.dcd AT STEP 5330
WRITING COORDINATES TO DCD FILE NVT.dcd AT STEP 5340
WRITING COORDINATES TO DCD FILE NVT.dcd AT STEP 5350
WRITING COORDINATES TO DCD FILE NVT.dcd AT STEP 5360
WRITING COORDINATES TO DCD FILE NVT.dcd AT STEP 5370
WRITING COORDINATES TO DCD FILE NVT.dcd AT STEP 5380
WRITING COORDINATES TO DCD FILE NVT.dcd AT STEP 5390
WRITING COORDINATES TO DCD FILE NVT.dcd AT STEP 5400
WRITING COORDINATES TO DCD FILE NVT.dcd AT STEP 5410
WRITING COORDINATES TO DCD FILE NVT.dcd AT STEP 5420
WRITING COORDINATES TO DCD FILE NVT.dcd AT STEP 5430
WRITING COORDINATES TO DCD FILE NVT.dcd AT STEP 5440
WRITING COORDINATES TO DCD FILE NVT.dcd AT STEP 5450
WRITING COORDINATES TO DCD FILE NVT.dcd AT STEP 5460
WRITING COORDINATES TO DCD FILE NVT.dcd AT STEP 5470
WRITING COORDINATES TO DCD FILE NVT.dcd AT STEP 5480
WRITING COORDINATES TO DCD FILE NVT.dcd AT STEP 5490
WRITING COORDINATES TO DCD FILE NVT.dcd AT STEP 5500
WRITING COORDINATES TO DCD FILE NVT.dcd AT STEP 5510
WRITING COORDINATES TO DCD FILE NVT.dcd AT STEP 5520
WRITING COORDINATES TO DCD FILE NVT.dcd AT STEP 5530
WRITING COORDINATES TO DCD FILE NVT.dcd AT STEP 5540
WRITING COORDINATES TO DCD FILE NVT.dcd AT STEP 5550
WRITING COORDINATES TO DCD FILE NVT.dcd AT STEP 5560
WRITING COORDINATES TO DCD FILE NVT.dcd AT STEP 5570
WRITING COORDINATES TO DCD FILE NVT.dcd AT STEP 5580
WRITING COORDINATES TO DCD FILE NVT.dcd AT STEP 5590
WRITING COORDINATES TO DCD FILE NVT.dcd AT STEP 5600
WRITING COORDINATES TO DCD FILE NVT.dcd AT STEP 5610
WRITING COORDINATES TO DCD FILE NVT.dcd AT STEP 5620
WRITING COORDINATES TO DCD FILE NVT.dcd AT STEP 5630
WRITING COORDINATES TO DCD FILE NVT.dcd AT STEP 5640
WRITING COORDINATES TO DCD FILE NVT.dcd AT STEP 5650
WRITING COORDINATES TO DCD FILE NVT.dcd AT STEP 5660
WRITING COORDINATES TO DCD FILE NVT.dcd AT STEP 5670
WRITING COORDINATES TO DCD FILE NVT.dcd AT STEP 5680
WRITING COORDINATES TO DCD FILE NVT.dcd AT STEP 5690
WRITING COORDINATES TO DCD FILE NVT.dcd AT STEP 5700
WRITING COORDINATES TO DCD FILE NVT.dcd AT STEP 5710
WRITING COORDINATES TO DCD FILE NVT.dcd AT STEP 5720
WRITING COORDINATES TO DCD FILE NVT.dcd AT STEP 5730
WRITING COORDINATES TO DCD FILE NVT.dcd AT STEP 5740
WRITING COORDINATES TO DCD FILE NVT.dcd AT STEP 5750
WRITING COORDINATES TO DCD FILE NVT.dcd AT STEP 5760
WRITING COORDINATES TO DCD FILE NVT.dcd AT STEP 5770
WRITING COORDINATES TO DCD FILE NVT.dcd AT STEP 5780
WRITING COORDINATES TO DCD FILE NVT.dcd AT STEP 5790
WRITING COORDINATES TO DCD FILE NVT.dcd AT STEP 5800
WRITING COORDINATES TO DCD FILE NVT.dcd AT STEP 5810
WRITING COORDINATES TO DCD FILE NVT.dcd AT STEP 5820
WRITING COORDINATES TO DCD FILE NVT.dcd AT STEP 5830
WRITING COORDINATES TO DCD FILE NVT.dcd AT STEP 5840
WRITING COORDINATES TO DCD FILE NVT.dcd AT STEP 5850
WRITING COORDINATES TO DCD FILE NVT.dcd AT STEP 5860
WRITING COORDINATES TO DCD FILE NVT.dcd AT STEP 5870
WRITING COORDINATES TO DCD FILE NVT.dcd AT STEP 5880
WRITING COORDINATES TO DCD FILE NVT.dcd AT STEP 5890
WRITING COORDINATES TO DCD FILE NVT.dcd AT STEP 5900
WRITING COORDINATES TO DCD FILE NVT.dcd AT STEP 5910
WRITING COORDINATES TO DCD FILE NVT.dcd AT STEP 5920
WRITING COORDINATES TO DCD FILE NVT.dcd AT STEP 5930
WRITING COORDINATES TO DCD FILE NVT.dcd AT STEP 5940
WRITING COORDINATES TO DCD FILE NVT.dcd AT STEP 5950
WRITING COORDINATES TO DCD FILE NVT.dcd AT STEP 5960
WRITING COORDINATES TO DCD FILE NVT.dcd AT STEP 5970
WRITING COORDINATES TO DCD FILE NVT.dcd AT STEP 5980
WRITING COORDINATES TO DCD FILE NVT.dcd AT STEP 5990
PRESSURE: 6000 -12.5004 -613.577 70.1647 -613.577 536.179 -154.897 70.1647 -154.897 -542.944
GPRESSURE: 6000 147.197 -582.111 98.6829 -434.554 451.999 -194.453 106.838 -62.0764 -545.821
PRESSAVG: 6000 171.289 31.2832 18.5169 31.2832 68.3071 4.82789 18.5169 4.82789 94.574
GPRESSAVG: 6000 171.331 32.1195 19.101 29.5677 68.6442 5.11423 18.3658 4.72309 94.1518
ENERGY:    6000      1597.1947      9269.8828      5776.1542        66.4502         -60613.9764     -1383.3503         0.0000         0.0000     18672.0904         -26615.5544       301.3638    -45287.6448    -26470.8868       302.2215             -6.4219        17.7918    265760.9684       111.3901       111.3757

WRITING COORDINATES TO DCD FILE NVT.dcd AT STEP 6000
WRITING COORDINATES TO DCD FILE NVT.dcd AT STEP 6010
WRITING COORDINATES TO DCD FILE NVT.dcd AT STEP 6020
WRITING COORDINATES TO DCD FILE NVT.dcd AT STEP 6030
WRITING COORDINATES TO DCD FILE NVT.dcd AT STEP 6040
WRITING COORDINATES TO DCD FILE NVT.dcd AT STEP 6050
WRITING COORDINATES TO DCD FILE NVT.dcd AT STEP 6060
WRITING COORDINATES TO DCD FILE NVT.dcd AT STEP 6070
WRITING COORDINATES TO DCD FILE NVT.dcd AT STEP 6080
WRITING COORDINATES TO DCD FILE NVT.dcd AT STEP 6090
WRITING COORDINATES TO DCD FILE NVT.dcd AT STEP 6100
WRITING COORDINATES TO DCD FILE NVT.dcd AT STEP 6110
WRITING COORDINATES TO DCD FILE NVT.dcd AT STEP 6120
WRITING COORDINATES TO DCD FILE NVT.dcd AT STEP 6130
WRITING COORDINATES TO DCD FILE NVT.dcd AT STEP 6140
LDB: ============= START OF LOAD BALANCING ============== 1039.25
LDB: ============== END OF LOAD BALANCING =============== 1039.25
LDB: =============== DONE WITH MIGRATION ================ 1039.25
WRITING COORDINATES TO DCD FILE NVT.dcd AT STEP 6150
WRITING COORDINATES TO DCD FILE NVT.dcd AT STEP 6160
WRITING COORDINATES TO DCD FILE NVT.dcd AT STEP 6170
WRITING COORDINATES TO DCD FILE NVT.dcd AT STEP 6180
WRITING COORDINATES TO DCD FILE NVT.dcd AT STEP 6190
LDB: ============= START OF LOAD BALANCING ============== 1047.52
LDB: ============== END OF LOAD BALANCING =============== 1047.52
LDB: =============== DONE WITH MIGRATION ================ 1047.52
WRITING COORDINATES TO DCD FILE NVT.dcd AT STEP 6200
WRITING COORDINATES TO DCD FILE NVT.dcd AT STEP 6210
WRITING COORDINATES TO DCD FILE NVT.dcd AT STEP 6220
WRITING COORDINATES TO DCD FILE NVT.dcd AT STEP 6230
WRITING COORDINATES TO DCD FILE NVT.dcd AT STEP 6240
WRITING COORDINATES TO DCD FILE NVT.dcd AT STEP 6250
WRITING COORDINATES TO DCD FILE NVT.dcd AT STEP 6260
WRITING COORDINATES TO DCD FILE NVT.dcd AT STEP 6270
WRITING COORDINATES TO DCD FILE NVT.dcd AT STEP 6280
WRITING COORDINATES TO DCD FILE NVT.dcd AT STEP 6290
WRITING COORDINATES TO DCD FILE NVT.dcd AT STEP 6300
WRITING COORDINATES TO DCD FILE NVT.dcd AT STEP 6310
WRITING COORDINATES TO DCD FILE NVT.dcd AT STEP 6320
WRITING COORDINATES TO DCD FILE NVT.dcd AT STEP 6330
WRITING COORDINATES TO DCD FILE NVT.dcd AT STEP 6340
WRITING COORDINATES TO DCD FILE NVT.dcd AT STEP 6350
WRITING COORDINATES TO DCD FILE NVT.dcd AT STEP 6360
WRITING COORDINATES TO DCD FILE NVT.dcd AT STEP 6370
WRITING COORDINATES TO DCD FILE NVT.dcd AT STEP 6380
WRITING COORDINATES TO DCD FILE NVT.dcd AT STEP 6390
WRITING COORDINATES TO DCD FILE NVT.dcd AT STEP 6400
WRITING COORDINATES TO DCD FILE NVT.dcd AT STEP 6410
WRITING COORDINATES TO DCD FILE NVT.dcd AT STEP 6420
WRITING COORDINATES TO DCD FILE NVT.dcd AT STEP 6430
WRITING COORDINATES TO DCD FILE NVT.dcd AT STEP 6440
WRITING COORDINATES TO DCD FILE NVT.dcd AT STEP 6450
WRITING COORDINATES TO DCD FILE NVT.dcd AT STEP 6460
WRITING COORDINATES TO DCD FILE NVT.dcd AT STEP 6470
WRITING COORDINATES TO DCD FILE NVT.dcd AT STEP 6480
WRITING COORDINATES TO DCD FILE NVT.dcd AT STEP 6490
WRITING COORDINATES TO DCD FILE NVT.dcd AT STEP 6500
WRITING COORDINATES TO DCD FILE NVT.dcd AT STEP 6510
WRITING COORDINATES TO DCD FILE NVT.dcd AT STEP 6520
WRITING COORDINATES TO DCD FILE NVT.dcd AT STEP 6530
WRITING COORDINATES TO DCD FILE NVT.dcd AT STEP 6540
WRITING COORDINATES TO DCD FILE NVT.dcd AT STEP 6550
WRITING COORDINATES TO DCD FILE NVT.dcd AT STEP 6560
WRITING COORDINATES TO DCD FILE NVT.dcd AT STEP 6570
WRITING COORDINATES TO DCD FILE NVT.dcd AT STEP 6580
WRITING COORDINATES TO DCD FILE NVT.dcd AT STEP 6590
WRITING COORDINATES TO DCD FILE NVT.dcd AT STEP 6600
WRITING COORDINATES TO DCD FILE NVT.dcd AT STEP 6610
WRITING COORDINATES TO DCD FILE NVT.dcd AT STEP 6620
WRITING COORDINATES TO DCD FILE NVT.dcd AT STEP 6630
WRITING COORDINATES TO DCD FILE NVT.dcd AT STEP 6640
WRITING COORDINATES TO DCD FILE NVT.dcd AT STEP 6650
WRITING COORDINATES TO DCD FILE NVT.dcd AT STEP 6660
WRITING COORDINATES TO DCD FILE NVT.dcd AT STEP 6670
WRITING COORDINATES TO DCD FILE NVT.dcd AT STEP 6680
WRITING COORDINATES TO DCD FILE NVT.dcd AT STEP 6690
WRITING COORDINATES TO DCD FILE NVT.dcd AT STEP 6700
WRITING COORDINATES TO DCD FILE NVT.dcd AT STEP 6710
WRITING COORDINATES TO DCD FILE NVT.dcd AT STEP 6720
WRITING COORDINATES TO DCD FILE NVT.dcd AT STEP 6730
WRITING COORDINATES TO DCD FILE NVT.dcd AT STEP 6740
WRITING COORDINATES TO DCD FILE NVT.dcd AT STEP 6750
WRITING COORDINATES TO DCD FILE NVT.dcd AT STEP 6760
WRITING COORDINATES TO DCD FILE NVT.dcd AT STEP 6770
WRITING COORDINATES TO DCD FILE NVT.dcd AT STEP 6780
WRITING COORDINATES TO DCD FILE NVT.dcd AT STEP 6790
WRITING COORDINATES TO DCD FILE NVT.dcd AT STEP 6800
WRITING COORDINATES TO DCD FILE NVT.dcd AT STEP 6810
WRITING COORDINATES TO DCD FILE NVT.dcd AT STEP 6820
WRITING COORDINATES TO DCD FILE NVT.dcd AT STEP 6830
WRITING COORDINATES TO DCD FILE NVT.dcd AT STEP 6840
WRITING COORDINATES TO DCD FILE NVT.dcd AT STEP 6850
WRITING COORDINATES TO DCD FILE NVT.dcd AT STEP 6860
WRITING COORDINATES TO DCD FILE NVT.dcd AT STEP 6870
WRITING COORDINATES TO DCD FILE NVT.dcd AT STEP 6880
WRITING COORDINATES TO DCD FILE NVT.dcd AT STEP 6890
WRITING COORDINATES TO DCD FILE NVT.dcd AT STEP 6900
WRITING COORDINATES TO DCD FILE NVT.dcd AT STEP 6910
WRITING COORDINATES TO DCD FILE NVT.dcd AT STEP 6920
WRITING COORDINATES TO DCD FILE NVT.dcd AT STEP 6930
WRITING COORDINATES TO DCD FILE NVT.dcd AT STEP 6940
WRITING COORDINATES TO DCD FILE NVT.dcd AT STEP 6950
WRITING COORDINATES TO DCD FILE NVT.dcd AT STEP 6960
WRITING COORDINATES TO DCD FILE NVT.dcd AT STEP 6970
WRITING COORDINATES TO DCD FILE NVT.dcd AT STEP 6980
WRITING COORDINATES TO DCD FILE NVT.dcd AT STEP 6990
PRESSURE: 7000 938.468 -48.6349 499.194 -48.6349 711.24 312.191 499.194 312.191 -244.066
GPRESSURE: 7000 774.384 -46.7615 615.994 -76.0371 772.45 213.324 378.787 363.617 -47.8642
PRESSAVG: 7000 215.477 0.860652 -4.95834 0.860652 106.84 12.9974 -4.95834 12.9974 8.04503
GPRESSAVG: 7000 215.986 0.285509 -4.92886 2.04046 106.199 12.837 -5.3105 13.417 7.94818
ENERGY:    7000      1579.8998      9181.5257      5743.3262        73.6499         -60497.7878     -1233.9169         0.0000         0.0000     18693.6798         -26459.6234       301.7123    -45153.3032    -26312.7514       303.8267            468.5475       499.6567    265760.9684       110.1207       110.0445

WRITING COORDINATES TO DCD FILE NVT.dcd AT STEP 7000
WRITING COORDINATES TO DCD FILE NVT.dcd AT STEP 7010
WRITING COORDINATES TO DCD FILE NVT.dcd AT STEP 7020
WRITING COORDINATES TO DCD FILE NVT.dcd AT STEP 7030
WRITING COORDINATES TO DCD FILE NVT.dcd AT STEP 7040
WRITING COORDINATES TO DCD FILE NVT.dcd AT STEP 7050
WRITING COORDINATES TO DCD FILE NVT.dcd AT STEP 7060
WRITING COORDINATES TO DCD FILE NVT.dcd AT STEP 7070
WRITING COORDINATES TO DCD FILE NVT.dcd AT STEP 7080
WRITING COORDINATES TO DCD FILE NVT.dcd AT STEP 7090
WRITING COORDINATES TO DCD FILE NVT.dcd AT STEP 7100
WRITING COORDINATES TO DCD FILE NVT.dcd AT STEP 7110
WRITING COORDINATES TO DCD FILE NVT.dcd AT STEP 7120
WRITING COORDINATES TO DCD FILE NVT.dcd AT STEP 7130
WRITING COORDINATES TO DCD FILE NVT.dcd AT STEP 7140
WRITING COORDINATES TO DCD FILE NVT.dcd AT STEP 7150
WRITING COORDINATES TO DCD FILE NVT.dcd AT STEP 7160
WRITING COORDINATES TO DCD FILE NVT.dcd AT STEP 7170
WRITING COORDINATES TO DCD FILE NVT.dcd AT STEP 7180
WRITING COORDINATES TO DCD FILE NVT.dcd AT STEP 7190
WRITING COORDINATES TO DCD FILE NVT.dcd AT STEP 7200
WRITING COORDINATES TO DCD FILE NVT.dcd AT STEP 7210
WRITING COORDINATES TO DCD FILE NVT.dcd AT STEP 7220
WRITING COORDINATES TO DCD FILE NVT.dcd AT STEP 7230
WRITING COORDINATES TO DCD FILE NVT.dcd AT STEP 7240
WRITING COORDINATES TO DCD FILE NVT.dcd AT STEP 7250
WRITING COORDINATES TO DCD FILE NVT.dcd AT STEP 7260
WRITING COORDINATES TO DCD FILE NVT.dcd AT STEP 7270
WRITING COORDINATES TO DCD FILE NVT.dcd AT STEP 7280
WRITING COORDINATES TO DCD FILE NVT.dcd AT STEP 7290
WRITING COORDINATES TO DCD FILE NVT.dcd AT STEP 7300
WRITING COORDINATES TO DCD FILE NVT.dcd AT STEP 7310
WRITING COORDINATES TO DCD FILE NVT.dcd AT STEP 7320
WRITING COORDINATES TO DCD FILE NVT.dcd AT STEP 7330
WRITING COORDINATES TO DCD FILE NVT.dcd AT STEP 7340
WRITING COORDINATES TO DCD FILE NVT.dcd AT STEP 7350
WRITING COORDINATES TO DCD FILE NVT.dcd AT STEP 7360
WRITING COORDINATES TO DCD FILE NVT.dcd AT STEP 7370
WRITING COORDINATES TO DCD FILE NVT.dcd AT STEP 7380
WRITING COORDINATES TO DCD FILE NVT.dcd AT STEP 7390
WRITING COORDINATES TO DCD FILE NVT.dcd AT STEP 7400
WRITING COORDINATES TO DCD FILE NVT.dcd AT STEP 7410
WRITING COORDINATES TO DCD FILE NVT.dcd AT STEP 7420
WRITING COORDINATES TO DCD FILE NVT.dcd AT STEP 7430
WRITING COORDINATES TO DCD FILE NVT.dcd AT STEP 7440
WRITING COORDINATES TO DCD FILE NVT.dcd AT STEP 7450
WRITING COORDINATES TO DCD FILE NVT.dcd AT STEP 7460
WRITING COORDINATES TO DCD FILE NVT.dcd AT STEP 7470
WRITING COORDINATES TO DCD FILE NVT.dcd AT STEP 7480
WRITING COORDINATES TO DCD FILE NVT.dcd AT STEP 7490
WRITING COORDINATES TO DCD FILE NVT.dcd AT STEP 7500
WRITING COORDINATES TO DCD FILE NVT.dcd AT STEP 7510
WRITING COORDINATES TO DCD FILE NVT.dcd AT STEP 7520
WRITING COORDINATES TO DCD FILE NVT.dcd AT STEP 7530
WRITING COORDINATES TO DCD FILE NVT.dcd AT STEP 7540
WRITING COORDINATES TO DCD FILE NVT.dcd AT STEP 7550
WRITING COORDINATES TO DCD FILE NVT.dcd AT STEP 7560
WRITING COORDINATES TO DCD FILE NVT.dcd AT STEP 7570
WRITING COORDINATES TO DCD FILE NVT.dcd AT STEP 7580
WRITING COORDINATES TO DCD FILE NVT.dcd AT STEP 7590
WRITING COORDINATES TO DCD FILE NVT.dcd AT STEP 7600
WRITING COORDINATES TO DCD FILE NVT.dcd AT STEP 7610
WRITING COORDINATES TO DCD FILE NVT.dcd AT STEP 7620
WRITING COORDINATES TO DCD FILE NVT.dcd AT STEP 7630
WRITING COORDINATES TO DCD FILE NVT.dcd AT STEP 7640
WRITING COORDINATES TO DCD FILE NVT.dcd AT STEP 7650
WRITING COORDINATES TO DCD FILE NVT.dcd AT STEP 7660
WRITING COORDINATES TO DCD FILE NVT.dcd AT STEP 7670
WRITING COORDINATES TO DCD FILE NVT.dcd AT STEP 7680
WRITING COORDINATES TO DCD FILE NVT.dcd AT STEP 7690
WRITING COORDINATES TO DCD FILE NVT.dcd AT STEP 7700
WRITING COORDINATES TO DCD FILE NVT.dcd AT STEP 7710
WRITING COORDINATES TO DCD FILE NVT.dcd AT STEP 7720
WRITING COORDINATES TO DCD FILE NVT.dcd AT STEP 7730
WRITING COORDINATES TO DCD FILE NVT.dcd AT STEP 7740
WRITING COORDINATES TO DCD FILE NVT.dcd AT STEP 7750
WRITING COORDINATES TO DCD FILE NVT.dcd AT STEP 7760
WRITING COORDINATES TO DCD FILE NVT.dcd AT STEP 7770
WRITING COORDINATES TO DCD FILE NVT.dcd AT STEP 7780
WRITING COORDINATES TO DCD FILE NVT.dcd AT STEP 7790
WRITING COORDINATES TO DCD FILE NVT.dcd AT STEP 7800
WRITING COORDINATES TO DCD FILE NVT.dcd AT STEP 7810
WRITING COORDINATES TO DCD FILE NVT.dcd AT STEP 7820
WRITING COORDINATES TO DCD FILE NVT.dcd AT STEP 7830
WRITING COORDINATES TO DCD FILE NVT.dcd AT STEP 7840
WRITING COORDINATES TO DCD FILE NVT.dcd AT STEP 7850
WRITING COORDINATES TO DCD FILE NVT.dcd AT STEP 7860
WRITING COORDINATES TO DCD FILE NVT.dcd AT STEP 7870
WRITING COORDINATES TO DCD FILE NVT.dcd AT STEP 7880
WRITING COORDINATES TO DCD FILE NVT.dcd AT STEP 7890
WRITING COORDINATES TO DCD FILE NVT.dcd AT STEP 7900
WRITING COORDINATES TO DCD FILE NVT.dcd AT STEP 7910
WRITING COORDINATES TO DCD FILE NVT.dcd AT STEP 7920
WRITING COORDINATES TO DCD FILE NVT.dcd AT STEP 7930
WRITING COORDINATES TO DCD FILE NVT.dcd AT STEP 7940
WRITING COORDINATES TO DCD FILE NVT.dcd AT STEP 7950
WRITING COORDINATES TO DCD FILE NVT.dcd AT STEP 7960
WRITING COORDINATES TO DCD FILE NVT.dcd AT STEP 7970
WRITING COORDINATES TO DCD FILE NVT.dcd AT STEP 7980
WRITING COORDINATES TO DCD FILE NVT.dcd AT STEP 7990
PRESSURE: 8000 192.297 -208.087 -159.594 -208.087 51.7254 -208.978 -159.594 -208.978 330.015
GPRESSURE: 8000 176.882 -254.606 -126.59 -82.4092 165.344 -202.12 -94.1429 -134.05 286.53
PRESSAVG: 8000 227.792 7.25606 36.2488 7.25606 165.069 -19.0772 36.2488 -19.0772 42.4747
GPRESSAVG: 8000 227.372 7.17059 35.745 7.44341 165.158 -19.577 36.3744 -19.5547 42.5008
ENERGY:    8000      1567.1243      9272.8768      5706.2940        78.1078         -60536.9124     -1265.2120         0.0000         0.0000     18812.2192         -26365.5024       303.6255    -45177.7216    -26218.9735       303.2184            191.3458       209.5854    265760.9684       145.1119       145.0100

WRITING COORDINATES TO DCD FILE NVT.dcd AT STEP 8000
WRITING COORDINATES TO DCD FILE NVT.dcd AT STEP 8010
WRITING COORDINATES TO DCD FILE NVT.dcd AT STEP 8020
WRITING COORDINATES TO DCD FILE NVT.dcd AT STEP 8030
WRITING COORDINATES TO DCD FILE NVT.dcd AT STEP 8040
WRITING COORDINATES TO DCD FILE NVT.dcd AT STEP 8050
WRITING COORDINATES TO DCD FILE NVT.dcd AT STEP 8060
WRITING COORDINATES TO DCD FILE NVT.dcd AT STEP 8070
WRITING COORDINATES TO DCD FILE NVT.dcd AT STEP 8080
WRITING COORDINATES TO DCD FILE NVT.dcd AT STEP 8090
WRITING COORDINATES TO DCD FILE NVT.dcd AT STEP 8100
WRITING COORDINATES TO DCD FILE NVT.dcd AT STEP 8110
WRITING COORDINATES TO DCD FILE NVT.dcd AT STEP 8120
WRITING COORDINATES TO DCD FILE NVT.dcd AT STEP 8130
WRITING COORDINATES TO DCD FILE NVT.dcd AT STEP 8140
LDB: ============= START OF LOAD BALANCING ============== 1370.03
LDB: ============== END OF LOAD BALANCING =============== 1370.03
LDB: =============== DONE WITH MIGRATION ================ 1370.03
WRITING COORDINATES TO DCD FILE NVT.dcd AT STEP 8150
WRITING COORDINATES TO DCD FILE NVT.dcd AT STEP 8160
WRITING COORDINATES TO DCD FILE NVT.dcd AT STEP 8170
WRITING COORDINATES TO DCD FILE NVT.dcd AT STEP 8180
WRITING COORDINATES TO DCD FILE NVT.dcd AT STEP 8190
LDB: ============= START OF LOAD BALANCING ============== 1378.33
LDB: ============== END OF LOAD BALANCING =============== 1378.33
LDB: =============== DONE WITH MIGRATION ================ 1378.33
WRITING COORDINATES TO DCD FILE NVT.dcd AT STEP 8200
WRITING COORDINATES TO DCD FILE NVT.dcd AT STEP 8210
WRITING COORDINATES TO DCD FILE NVT.dcd AT STEP 8220
WRITING COORDINATES TO DCD FILE NVT.dcd AT STEP 8230
WRITING COORDINATES TO DCD FILE NVT.dcd AT STEP 8240
WRITING COORDINATES TO DCD FILE NVT.dcd AT STEP 8250
WRITING COORDINATES TO DCD FILE NVT.dcd AT STEP 8260
WRITING COORDINATES TO DCD FILE NVT.dcd AT STEP 8270
WRITING COORDINATES TO DCD FILE NVT.dcd AT STEP 8280
WRITING COORDINATES TO DCD FILE NVT.dcd AT STEP 8290
WRITING COORDINATES TO DCD FILE NVT.dcd AT STEP 8300
WRITING COORDINATES TO DCD FILE NVT.dcd AT STEP 8310
WRITING COORDINATES TO DCD FILE NVT.dcd AT STEP 8320
WRITING COORDINATES TO DCD FILE NVT.dcd AT STEP 8330
WRITING COORDINATES TO DCD FILE NVT.dcd AT STEP 8340
WRITING COORDINATES TO DCD FILE NVT.dcd AT STEP 8350
WRITING COORDINATES TO DCD FILE NVT.dcd AT STEP 8360
WRITING COORDINATES TO DCD FILE NVT.dcd AT STEP 8370
WRITING COORDINATES TO DCD FILE NVT.dcd AT STEP 8380
WRITING COORDINATES TO DCD FILE NVT.dcd AT STEP 8390
WRITING COORDINATES TO DCD FILE NVT.dcd AT STEP 8400
WRITING COORDINATES TO DCD FILE NVT.dcd AT STEP 8410
WRITING COORDINATES TO DCD FILE NVT.dcd AT STEP 8420
WRITING COORDINATES TO DCD FILE NVT.dcd AT STEP 8430
WRITING COORDINATES TO DCD FILE NVT.dcd AT STEP 8440
WRITING COORDINATES TO DCD FILE NVT.dcd AT STEP 8450
WRITING COORDINATES TO DCD FILE NVT.dcd AT STEP 8460
WRITING COORDINATES TO DCD FILE NVT.dcd AT STEP 8470
WRITING COORDINATES TO DCD FILE NVT.dcd AT STEP 8480
WRITING COORDINATES TO DCD FILE NVT.dcd AT STEP 8490
WRITING COORDINATES TO DCD FILE NVT.dcd AT STEP 8500
WRITING COORDINATES TO DCD FILE NVT.dcd AT STEP 8510
WRITING COORDINATES TO DCD FILE NVT.dcd AT STEP 8520
WRITING COORDINATES TO DCD FILE NVT.dcd AT STEP 8530
WRITING COORDINATES TO DCD FILE NVT.dcd AT STEP 8540
WRITING COORDINATES TO DCD FILE NVT.dcd AT STEP 8550
WRITING COORDINATES TO DCD FILE NVT.dcd AT STEP 8560
WRITING COORDINATES TO DCD FILE NVT.dcd AT STEP 8570
WRITING COORDINATES TO DCD FILE NVT.dcd AT STEP 8580
WRITING COORDINATES TO DCD FILE NVT.dcd AT STEP 8590
WRITING COORDINATES TO DCD FILE NVT.dcd AT STEP 8600
WRITING COORDINATES TO DCD FILE NVT.dcd AT STEP 8610
WRITING COORDINATES TO DCD FILE NVT.dcd AT STEP 8620
WRITING COORDINATES TO DCD FILE NVT.dcd AT STEP 8630
WRITING COORDINATES TO DCD FILE NVT.dcd AT STEP 8640
WRITING COORDINATES TO DCD FILE NVT.dcd AT STEP 8650
WRITING COORDINATES TO DCD FILE NVT.dcd AT STEP 8660
WRITING COORDINATES TO DCD FILE NVT.dcd AT STEP 8670
WRITING COORDINATES TO DCD FILE NVT.dcd AT STEP 8680
WRITING COORDINATES TO DCD FILE NVT.dcd AT STEP 8690
WRITING COORDINATES TO DCD FILE NVT.dcd AT STEP 8700
WRITING COORDINATES TO DCD FILE NVT.dcd AT STEP 8710
WRITING COORDINATES TO DCD FILE NVT.dcd AT STEP 8720
WRITING COORDINATES TO DCD FILE NVT.dcd AT STEP 8730
WRITING COORDINATES TO DCD FILE NVT.dcd AT STEP 8740
WRITING COORDINATES TO DCD FILE NVT.dcd AT STEP 8750
WRITING COORDINATES TO DCD FILE NVT.dcd AT STEP 8760
WRITING COORDINATES TO DCD FILE NVT.dcd AT STEP 8770
WRITING COORDINATES TO DCD FILE NVT.dcd AT STEP 8780
WRITING COORDINATES TO DCD FILE NVT.dcd AT STEP 8790
WRITING COORDINATES TO DCD FILE NVT.dcd AT STEP 8800
WRITING COORDINATES TO DCD FILE NVT.dcd AT STEP 8810
WRITING COORDINATES TO DCD FILE NVT.dcd AT STEP 8820
WRITING COORDINATES TO DCD FILE NVT.dcd AT STEP 8830
WRITING COORDINATES TO DCD FILE NVT.dcd AT STEP 8840
WRITING COORDINATES TO DCD FILE NVT.dcd AT STEP 8850
WRITING COORDINATES TO DCD FILE NVT.dcd AT STEP 8860
WRITING COORDINATES TO DCD FILE NVT.dcd AT STEP 8870
WRITING COORDINATES TO DCD FILE NVT.dcd AT STEP 8880
WRITING COORDINATES TO DCD FILE NVT.dcd AT STEP 8890
WRITING COORDINATES TO DCD FILE NVT.dcd AT STEP 8900
WRITING COORDINATES TO DCD FILE NVT.dcd AT STEP 8910
WRITING COORDINATES TO DCD FILE NVT.dcd AT STEP 8920
WRITING COORDINATES TO DCD FILE NVT.dcd AT STEP 8930
WRITING COORDINATES TO DCD FILE NVT.dcd AT STEP 8940
WRITING COORDINATES TO DCD FILE NVT.dcd AT STEP 8950
WRITING COORDINATES TO DCD FILE NVT.dcd AT STEP 8960
WRITING COORDINATES TO DCD FILE NVT.dcd AT STEP 8970
WRITING COORDINATES TO DCD FILE NVT.dcd AT STEP 8980
WRITING COORDINATES TO DCD FILE NVT.dcd AT STEP 8990
PRESSURE: 9000 363.594 139.601 164.383 139.601 543.876 -20.6893 164.383 -20.6893 544.419
GPRESSURE: 9000 387.6 233.732 136.535 113.274 566.047 76.8436 189.418 -150.58 557.435
PRESSAVG: 9000 123.099 6.78267 4.25355 6.78267 92.482 -47.7942 4.25355 -47.7942 94.2818
GPRESSAVG: 9000 122.841 7.80291 4.34709 6.29281 92.8333 -47.2205 4.94849 -48.274 94.044
ENERGY:    9000      1592.4325      9173.4726      5731.8889        75.3242         -60551.0068     -1272.7664         0.0000         0.0000     18729.2122         -26521.4427       302.2858    -45250.6550    -26370.5489       303.1100            483.9630       503.6942    265760.9684       103.2875       103.2395

WRITING COORDINATES TO DCD FILE NVT.dcd AT STEP 9000
WRITING COORDINATES TO DCD FILE NVT.dcd AT STEP 9010
WRITING COORDINATES TO DCD FILE NVT.dcd AT STEP 9020
WRITING COORDINATES TO DCD FILE NVT.dcd AT STEP 9030
WRITING COORDINATES TO DCD FILE NVT.dcd AT STEP 9040
WRITING COORDINATES TO DCD FILE NVT.dcd AT STEP 9050
WRITING COORDINATES TO DCD FILE NVT.dcd AT STEP 9060
WRITING COORDINATES TO DCD FILE NVT.dcd AT STEP 9070
WRITING COORDINATES TO DCD FILE NVT.dcd AT STEP 9080
WRITING COORDINATES TO DCD FILE NVT.dcd AT STEP 9090
WRITING COORDINATES TO DCD FILE NVT.dcd AT STEP 9100
WRITING COORDINATES TO DCD FILE NVT.dcd AT STEP 9110
WRITING COORDINATES TO DCD FILE NVT.dcd AT STEP 9120
WRITING COORDINATES TO DCD FILE NVT.dcd AT STEP 9130
WRITING COORDINATES TO DCD FILE NVT.dcd AT STEP 9140
WRITING COORDINATES TO DCD FILE NVT.dcd AT STEP 9150
WRITING COORDINATES TO DCD FILE NVT.dcd AT STEP 9160
WRITING COORDINATES TO DCD FILE NVT.dcd AT STEP 9170
WRITING COORDINATES TO DCD FILE NVT.dcd AT STEP 9180
WRITING COORDINATES TO DCD FILE NVT.dcd AT STEP 9190
WRITING COORDINATES TO DCD FILE NVT.dcd AT STEP 9200
WRITING COORDINATES TO DCD FILE NVT.dcd AT STEP 9210
WRITING COORDINATES TO DCD FILE NVT.dcd AT STEP 9220
WRITING COORDINATES TO DCD FILE NVT.dcd AT STEP 9230
WRITING COORDINATES TO DCD FILE NVT.dcd AT STEP 9240
WRITING COORDINATES TO DCD FILE NVT.dcd AT STEP 9250
WRITING COORDINATES TO DCD FILE NVT.dcd AT STEP 9260
WRITING COORDINATES TO DCD FILE NVT.dcd AT STEP 9270
WRITING COORDINATES TO DCD FILE NVT.dcd AT STEP 9280
WRITING COORDINATES TO DCD FILE NVT.dcd AT STEP 9290
WRITING COORDINATES TO DCD FILE NVT.dcd AT STEP 9300
WRITING COORDINATES TO DCD FILE NVT.dcd AT STEP 9310
WRITING COORDINATES TO DCD FILE NVT.dcd AT STEP 9320
WRITING COORDINATES TO DCD FILE NVT.dcd AT STEP 9330
WRITING COORDINATES TO DCD FILE NVT.dcd AT STEP 9340
WRITING COORDINATES TO DCD FILE NVT.dcd AT STEP 9350
WRITING COORDINATES TO DCD FILE NVT.dcd AT STEP 9360
WRITING COORDINATES TO DCD FILE NVT.dcd AT STEP 9370
WRITING COORDINATES TO DCD FILE NVT.dcd AT STEP 9380
WRITING COORDINATES TO DCD FILE NVT.dcd AT STEP 9390
WRITING COORDINATES TO DCD FILE NVT.dcd AT STEP 9400
WRITING COORDINATES TO DCD FILE NVT.dcd AT STEP 9410
WRITING COORDINATES TO DCD FILE NVT.dcd AT STEP 9420
WRITING COORDINATES TO DCD FILE NVT.dcd AT STEP 9430
WRITING COORDINATES TO DCD FILE NVT.dcd AT STEP 9440
WRITING COORDINATES TO DCD FILE NVT.dcd AT STEP 9450
WRITING COORDINATES TO DCD FILE NVT.dcd AT STEP 9460
WRITING COORDINATES TO DCD FILE NVT.dcd AT STEP 9470
WRITING COORDINATES TO DCD FILE NVT.dcd AT STEP 9480
WRITING COORDINATES TO DCD FILE NVT.dcd AT STEP 9490
WRITING COORDINATES TO DCD FILE NVT.dcd AT STEP 9500
WRITING COORDINATES TO DCD FILE NVT.dcd AT STEP 9510
WRITING COORDINATES TO DCD FILE NVT.dcd AT STEP 9520
WRITING COORDINATES TO DCD FILE NVT.dcd AT STEP 9530
WRITING COORDINATES TO DCD FILE NVT.dcd AT STEP 9540
WRITING COORDINATES TO DCD FILE NVT.dcd AT STEP 9550
WRITING COORDINATES TO DCD FILE NVT.dcd AT STEP 9560
WRITING COORDINATES TO DCD FILE NVT.dcd AT STEP 9570
WRITING COORDINATES TO DCD FILE NVT.dcd AT STEP 9580
WRITING COORDINATES TO DCD FILE NVT.dcd AT STEP 9590
WRITING COORDINATES TO DCD FILE NVT.dcd AT STEP 9600
WRITING COORDINATES TO DCD FILE NVT.dcd AT STEP 9610
WRITING COORDINATES TO DCD FILE NVT.dcd AT STEP 9620
WRITING COORDINATES TO DCD FILE NVT.dcd AT STEP 9630
WRITING COORDINATES TO DCD FILE NVT.dcd AT STEP 9640
WRITING COORDINATES TO DCD FILE NVT.dcd AT STEP 9650
WRITING COORDINATES TO DCD FILE NVT.dcd AT STEP 9660
WRITING COORDINATES TO DCD FILE NVT.dcd AT STEP 9670
WRITING COORDINATES TO DCD FILE NVT.dcd AT STEP 9680
WRITING COORDINATES TO DCD FILE NVT.dcd AT STEP 9690
WRITING COORDINATES TO DCD FILE NVT.dcd AT STEP 9700
WRITING COORDINATES TO DCD FILE NVT.dcd AT STEP 9710
WRITING COORDINATES TO DCD FILE NVT.dcd AT STEP 9720
WRITING COORDINATES TO DCD FILE NVT.dcd AT STEP 9730
WRITING COORDINATES TO DCD FILE NVT.dcd AT STEP 9740
WRITING COORDINATES TO DCD FILE NVT.dcd AT STEP 9750
WRITING COORDINATES TO DCD FILE NVT.dcd AT STEP 9760
WRITING COORDINATES TO DCD FILE NVT.dcd AT STEP 9770
WRITING COORDINATES TO DCD FILE NVT.dcd AT STEP 9780
WRITING COORDINATES TO DCD FILE NVT.dcd AT STEP 9790
WRITING COORDINATES TO DCD FILE NVT.dcd AT STEP 9800
WRITING COORDINATES TO DCD FILE NVT.dcd AT STEP 9810
WRITING COORDINATES TO DCD FILE NVT.dcd AT STEP 9820
WRITING COORDINATES TO DCD FILE NVT.dcd AT STEP 9830
WRITING COORDINATES TO DCD FILE NVT.dcd AT STEP 9840
WRITING COORDINATES TO DCD FILE NVT.dcd AT STEP 9850
WRITING COORDINATES TO DCD FILE NVT.dcd AT STEP 9860
WRITING COORDINATES TO DCD FILE NVT.dcd AT STEP 9870
WRITING COORDINATES TO DCD FILE NVT.dcd AT STEP 9880
WRITING COORDINATES TO DCD FILE NVT.dcd AT STEP 9890
WRITING COORDINATES TO DCD FILE NVT.dcd AT STEP 9900
WRITING COORDINATES TO DCD FILE NVT.dcd AT STEP 9910
WRITING COORDINATES TO DCD FILE NVT.dcd AT STEP 9920
WRITING COORDINATES TO DCD FILE NVT.dcd AT STEP 9930
WRITING COORDINATES TO DCD FILE NVT.dcd AT STEP 9940
WRITING COORDINATES TO DCD FILE NVT.dcd AT STEP 9950
WRITING COORDINATES TO DCD FILE NVT.dcd AT STEP 9960
WRITING COORDINATES TO DCD FILE NVT.dcd AT STEP 9970
WRITING COORDINATES TO DCD FILE NVT.dcd AT STEP 9980
WRITING COORDINATES TO DCD FILE NVT.dcd AT STEP 9990
PRESSURE: 10000 -392.887 104.205 -37.4242 104.205 246.761 431.244 -37.4242 431.244 222.563
GPRESSURE: 10000 -348.387 101.31 -76.5085 300.944 303.548 400.585 43.5399 229.126 248.682
PRESSAVG: 10000 115.565 35.4282 33.4021 35.4282 149.995 -81.1609 33.4021 -81.1609 84.7794
GPRESSAVG: 10000 116.317 33.8516 33.6921 36.0979 149.428 -81.189 32.9572 -80.344 84.4782
TIMING: 10000  CPU: 1652.94, 0.165257/step  Wall: 1652.99, 0.165262/step, 1.83624 hours remaining, 841.308426 MB of memory in use.
PERFORMANCE: 10000  averaging 1.04561 ns/day, 0.165262 sec/step with standard deviation 0
ETITLE:      TS           BOND          ANGLE          DIHED          IMPRP               ELECT            VDW       BOUNDARY           MISC        KINETIC               TOTAL           TEMP      POTENTIAL         TOTAL3        TEMPAVG            PRESSURE      GPRESSURE         VOLUME       PRESSAVG      GPRESSAVG

ENERGY:   10000      1581.0441      9248.0035      5727.3771        73.7907         -60416.8961     -1411.8204         0.0000         0.0000     18777.7812         -26420.7200       303.0697    -45198.5012    -26268.8531       302.7256             25.4789        67.9475    265760.9684       116.7801       116.7410

WRITING EXTENDED SYSTEM TO RESTART FILE AT STEP 10000
WRITING COORDINATES TO DCD FILE NVT.dcd AT STEP 10000
WRITING COORDINATES TO RESTART FILE AT STEP 10000
FINISHED WRITING RESTART COORDINATES
WRITING VELOCITIES TO RESTART FILE AT STEP 10000
FINISHED WRITING RESTART VELOCITIES
The last velocity output (seq=10000) takes 0.000 seconds, 841.308 MB of memory in use
WRITING COORDINATES TO DCD FILE NVT.dcd AT STEP 10010
WRITING COORDINATES TO DCD FILE NVT.dcd AT STEP 10020
WRITING COORDINATES TO DCD FILE NVT.dcd AT STEP 10030
WRITING COORDINATES TO DCD FILE NVT.dcd AT STEP 10040
WRITING COORDINATES TO DCD FILE NVT.dcd AT STEP 10050
WRITING COORDINATES TO DCD FILE NVT.dcd AT STEP 10060
WRITING COORDINATES TO DCD FILE NVT.dcd AT STEP 10070
WRITING COORDINATES TO DCD FILE NVT.dcd AT STEP 10080
WRITING COORDINATES TO DCD FILE NVT.dcd AT STEP 10090
WRITING COORDINATES TO DCD FILE NVT.dcd AT STEP 10100
WRITING COORDINATES TO DCD FILE NVT.dcd AT STEP 10110
WRITING COORDINATES TO DCD FILE NVT.dcd AT STEP 10120
WRITING COORDINATES TO DCD FILE NVT.dcd AT STEP 10130
WRITING COORDINATES TO DCD FILE NVT.dcd AT STEP 10140
LDB: ============= START OF LOAD BALANCING ============== 1702.61
LDB: ============== END OF LOAD BALANCING =============== 1702.61
LDB: =============== DONE WITH MIGRATION ================ 1702.61
WRITING COORDINATES TO DCD FILE NVT.dcd AT STEP 10150
WRITING COORDINATES TO DCD FILE NVT.dcd AT STEP 10160
WRITING COORDINATES TO DCD FILE NVT.dcd AT STEP 10170
WRITING COORDINATES TO DCD FILE NVT.dcd AT STEP 10180
WRITING COORDINATES TO DCD FILE NVT.dcd AT STEP 10190
LDB: ============= START OF LOAD BALANCING ============== 1710.92
LDB: ============== END OF LOAD BALANCING =============== 1710.92
LDB: =============== DONE WITH MIGRATION ================ 1710.92
WRITING COORDINATES TO DCD FILE NVT.dcd AT STEP 10200
WRITING COORDINATES TO DCD FILE NVT.dcd AT STEP 10210
WRITING COORDINATES TO DCD FILE NVT.dcd AT STEP 10220
WRITING COORDINATES TO DCD FILE NVT.dcd AT STEP 10230
WRITING COORDINATES TO DCD FILE NVT.dcd AT STEP 10240
WRITING COORDINATES TO DCD FILE NVT.dcd AT STEP 10250
WRITING COORDINATES TO DCD FILE NVT.dcd AT STEP 10260
WRITING COORDINATES TO DCD FILE NVT.dcd AT STEP 10270
WRITING COORDINATES TO DCD FILE NVT.dcd AT STEP 10280
WRITING COORDINATES TO DCD FILE NVT.dcd AT STEP 10290
WRITING COORDINATES TO DCD FILE NVT.dcd AT STEP 10300
WRITING COORDINATES TO DCD FILE NVT.dcd AT STEP 10310
WRITING COORDINATES TO DCD FILE NVT.dcd AT STEP 10320
WRITING COORDINATES TO DCD FILE NVT.dcd AT STEP 10330
WRITING COORDINATES TO DCD FILE NVT.dcd AT STEP 10340
WRITING COORDINATES TO DCD FILE NVT.dcd AT STEP 10350
WRITING COORDINATES TO DCD FILE NVT.dcd AT STEP 10360
WRITING COORDINATES TO DCD FILE NVT.dcd AT STEP 10370
WRITING COORDINATES TO DCD FILE NVT.dcd AT STEP 10380
WRITING COORDINATES TO DCD FILE NVT.dcd AT STEP 10390
WRITING COORDINATES TO DCD FILE NVT.dcd AT STEP 10400
WRITING COORDINATES TO DCD FILE NVT.dcd AT STEP 10410
WRITING COORDINATES TO DCD FILE NVT.dcd AT STEP 10420
WRITING COORDINATES TO DCD FILE NVT.dcd AT STEP 10430
WRITING COORDINATES TO DCD FILE NVT.dcd AT STEP 10440
WRITING COORDINATES TO DCD FILE NVT.dcd AT STEP 10450
WRITING COORDINATES TO DCD FILE NVT.dcd AT STEP 10460
WRITING COORDINATES TO DCD FILE NVT.dcd AT STEP 10470
WRITING COORDINATES TO DCD FILE NVT.dcd AT STEP 10480
WRITING COORDINATES TO DCD FILE NVT.dcd AT STEP 10490
WRITING COORDINATES TO DCD FILE NVT.dcd AT STEP 10500
WRITING COORDINATES TO DCD FILE NVT.dcd AT STEP 10510
WRITING COORDINATES TO DCD FILE NVT.dcd AT STEP 10520
WRITING COORDINATES TO DCD FILE NVT.dcd AT STEP 10530
WRITING COORDINATES TO DCD FILE NVT.dcd AT STEP 10540
WRITING COORDINATES TO DCD FILE NVT.dcd AT STEP 10550
WRITING COORDINATES TO DCD FILE NVT.dcd AT STEP 10560
WRITING COORDINATES TO DCD FILE NVT.dcd AT STEP 10570
WRITING COORDINATES TO DCD FILE NVT.dcd AT STEP 10580
WRITING COORDINATES TO DCD FILE NVT.dcd AT STEP 10590
WRITING COORDINATES TO DCD FILE NVT.dcd AT STEP 10600
WRITING COORDINATES TO DCD FILE NVT.dcd AT STEP 10610
WRITING COORDINATES TO DCD FILE NVT.dcd AT STEP 10620
WRITING COORDINATES TO DCD FILE NVT.dcd AT STEP 10630
WRITING COORDINATES TO DCD FILE NVT.dcd AT STEP 10640
WRITING COORDINATES TO DCD FILE NVT.dcd AT STEP 10650
WRITING COORDINATES TO DCD FILE NVT.dcd AT STEP 10660
WRITING COORDINATES TO DCD FILE NVT.dcd AT STEP 10670
WRITING COORDINATES TO DCD FILE NVT.dcd AT STEP 10680
WRITING COORDINATES TO DCD FILE NVT.dcd AT STEP 10690
WRITING COORDINATES TO DCD FILE NVT.dcd AT STEP 10700
WRITING COORDINATES TO DCD FILE NVT.dcd AT STEP 10710
WRITING COORDINATES TO DCD FILE NVT.dcd AT STEP 10720
WRITING COORDINATES TO DCD FILE NVT.dcd AT STEP 10730
WRITING COORDINATES TO DCD FILE NVT.dcd AT STEP 10740
WRITING COORDINATES TO DCD FILE NVT.dcd AT STEP 10750
WRITING COORDINATES TO DCD FILE NVT.dcd AT STEP 10760
WRITING COORDINATES TO DCD FILE NVT.dcd AT STEP 10770
WRITING COORDINATES TO DCD FILE NVT.dcd AT STEP 10780
WRITING COORDINATES TO DCD FILE NVT.dcd AT STEP 10790
WRITING COORDINATES TO DCD FILE NVT.dcd AT STEP 10800
WRITING COORDINATES TO DCD FILE NVT.dcd AT STEP 10810
WRITING COORDINATES TO DCD FILE NVT.dcd AT STEP 10820
WRITING COORDINATES TO DCD FILE NVT.dcd AT STEP 10830
WRITING COORDINATES TO DCD FILE NVT.dcd AT STEP 10840
WRITING COORDINATES TO DCD FILE NVT.dcd AT STEP 10850
WRITING COORDINATES TO DCD FILE NVT.dcd AT STEP 10860
WRITING COORDINATES TO DCD FILE NVT.dcd AT STEP 10870
WRITING COORDINATES TO DCD FILE NVT.dcd AT STEP 10880
WRITING COORDINATES TO DCD FILE NVT.dcd AT STEP 10890
WRITING COORDINATES TO DCD FILE NVT.dcd AT STEP 10900
WRITING COORDINATES TO DCD FILE NVT.dcd AT STEP 10910
WRITING COORDINATES TO DCD FILE NVT.dcd AT STEP 10920
WRITING COORDINATES TO DCD FILE NVT.dcd AT STEP 10930
WRITING COORDINATES TO DCD FILE NVT.dcd AT STEP 10940
WRITING COORDINATES TO DCD FILE NVT.dcd AT STEP 10950
WRITING COORDINATES TO DCD FILE NVT.dcd AT STEP 10960
WRITING COORDINATES TO DCD FILE NVT.dcd AT STEP 10970
WRITING COORDINATES TO DCD FILE NVT.dcd AT STEP 10980
WRITING COORDINATES TO DCD FILE NVT.dcd AT STEP 10990
PRESSURE: 11000 -54.1527 -276.505 -330.646 -276.505 695.684 39.3931 -330.646 39.3931 738.622
GPRESSURE: 11000 73.2178 -140.837 -315.286 -205.279 833.622 31.5291 -230.259 11.8361 544.014
PRESSAVG: 11000 89.2634 -3.81716 64.7801 -3.81716 99.6056 -65.5385 64.7801 -65.5385 97.7728
GPRESSAVG: 11000 88.782 -3.84314 65.3338 -3.61338 99.7386 -66.0739 64.3788 -65.2347 98.0159
ENERGY:   11000      1618.5859      9184.6671      5728.3595        83.9925         -60615.2466     -1199.4642         0.0000         0.0000     18719.5588         -26479.5470       302.1300    -45199.1057    -26335.2373       303.2346            460.0514       483.6179    265760.9684        95.5473        95.5122

WRITING COORDINATES TO DCD FILE NVT.dcd AT STEP 11000
WRITING COORDINATES TO DCD FILE NVT.dcd AT STEP 11010
WRITING COORDINATES TO DCD FILE NVT.dcd AT STEP 11020
WRITING COORDINATES TO DCD FILE NVT.dcd AT STEP 11030
WRITING COORDINATES TO DCD FILE NVT.dcd AT STEP 11040
WRITING COORDINATES TO DCD FILE NVT.dcd AT STEP 11050
WRITING COORDINATES TO DCD FILE NVT.dcd AT STEP 11060
WRITING COORDINATES TO DCD FILE NVT.dcd AT STEP 11070
WRITING COORDINATES TO DCD FILE NVT.dcd AT STEP 11080
WRITING COORDINATES TO DCD FILE NVT.dcd AT STEP 11090
WRITING COORDINATES TO DCD FILE NVT.dcd AT STEP 11100
WRITING COORDINATES TO DCD FILE NVT.dcd AT STEP 11110
WRITING COORDINATES TO DCD FILE NVT.dcd AT STEP 11120
WRITING COORDINATES TO DCD FILE NVT.dcd AT STEP 11130
WRITING COORDINATES TO DCD FILE NVT.dcd AT STEP 11140
WRITING COORDINATES TO DCD FILE NVT.dcd AT STEP 11150
WRITING COORDINATES TO DCD FILE NVT.dcd AT STEP 11160
WRITING COORDINATES TO DCD FILE NVT.dcd AT STEP 11170
WRITING COORDINATES TO DCD FILE NVT.dcd AT STEP 11180
WRITING COORDINATES TO DCD FILE NVT.dcd AT STEP 11190
WRITING COORDINATES TO DCD FILE NVT.dcd AT STEP 11200
WRITING COORDINATES TO DCD FILE NVT.dcd AT STEP 11210
WRITING COORDINATES TO DCD FILE NVT.dcd AT STEP 11220
WRITING COORDINATES TO DCD FILE NVT.dcd AT STEP 11230
WRITING COORDINATES TO DCD FILE NVT.dcd AT STEP 11240
WRITING COORDINATES TO DCD FILE NVT.dcd AT STEP 11250
WRITING COORDINATES TO DCD FILE NVT.dcd AT STEP 11260
WRITING COORDINATES TO DCD FILE NVT.dcd AT STEP 11270
WRITING COORDINATES TO DCD FILE NVT.dcd AT STEP 11280
WRITING COORDINATES TO DCD FILE NVT.dcd AT STEP 11290
WRITING COORDINATES TO DCD FILE NVT.dcd AT STEP 11300
WRITING COORDINATES TO DCD FILE NVT.dcd AT STEP 11310
WRITING COORDINATES TO DCD FILE NVT.dcd AT STEP 11320
WRITING COORDINATES TO DCD FILE NVT.dcd AT STEP 11330
WRITING COORDINATES TO DCD FILE NVT.dcd AT STEP 11340
WRITING COORDINATES TO DCD FILE NVT.dcd AT STEP 11350
WRITING COORDINATES TO DCD FILE NVT.dcd AT STEP 11360
WRITING COORDINATES TO DCD FILE NVT.dcd AT STEP 11370
WRITING COORDINATES TO DCD FILE NVT.dcd AT STEP 11380
WRITING COORDINATES TO DCD FILE NVT.dcd AT STEP 11390
WRITING COORDINATES TO DCD FILE NVT.dcd AT STEP 11400
WRITING COORDINATES TO DCD FILE NVT.dcd AT STEP 11410
WRITING COORDINATES TO DCD FILE NVT.dcd AT STEP 11420
WRITING COORDINATES TO DCD FILE NVT.dcd AT STEP 11430
WRITING COORDINATES TO DCD FILE NVT.dcd AT STEP 11440
WRITING COORDINATES TO DCD FILE NVT.dcd AT STEP 11450
WRITING COORDINATES TO DCD FILE NVT.dcd AT STEP 11460
WRITING COORDINATES TO DCD FILE NVT.dcd AT STEP 11470
WRITING COORDINATES TO DCD FILE NVT.dcd AT STEP 11480
WRITING COORDINATES TO DCD FILE NVT.dcd AT STEP 11490
WRITING COORDINATES TO DCD FILE NVT.dcd AT STEP 11500
WRITING COORDINATES TO DCD FILE NVT.dcd AT STEP 11510
WRITING COORDINATES TO DCD FILE NVT.dcd AT STEP 11520
WRITING COORDINATES TO DCD FILE NVT.dcd AT STEP 11530
WRITING COORDINATES TO DCD FILE NVT.dcd AT STEP 11540
WRITING COORDINATES TO DCD FILE NVT.dcd AT STEP 11550
WRITING COORDINATES TO DCD FILE NVT.dcd AT STEP 11560
WRITING COORDINATES TO DCD FILE NVT.dcd AT STEP 11570
WRITING COORDINATES TO DCD FILE NVT.dcd AT STEP 11580
WRITING COORDINATES TO DCD FILE NVT.dcd AT STEP 11590
WRITING COORDINATES TO DCD FILE NVT.dcd AT STEP 11600
WRITING COORDINATES TO DCD FILE NVT.dcd AT STEP 11610
WRITING COORDINATES TO DCD FILE NVT.dcd AT STEP 11620
WRITING COORDINATES TO DCD FILE NVT.dcd AT STEP 11630
WRITING COORDINATES TO DCD FILE NVT.dcd AT STEP 11640
WRITING COORDINATES TO DCD FILE NVT.dcd AT STEP 11650
WRITING COORDINATES TO DCD FILE NVT.dcd AT STEP 11660
WRITING COORDINATES TO DCD FILE NVT.dcd AT STEP 11670
WRITING COORDINATES TO DCD FILE NVT.dcd AT STEP 11680
WRITING COORDINATES TO DCD FILE NVT.dcd AT STEP 11690
WRITING COORDINATES TO DCD FILE NVT.dcd AT STEP 11700
WRITING COORDINATES TO DCD FILE NVT.dcd AT STEP 11710
WRITING COORDINATES TO DCD FILE NVT.dcd AT STEP 11720
WRITING COORDINATES TO DCD FILE NVT.dcd AT STEP 11730
WRITING COORDINATES TO DCD FILE NVT.dcd AT STEP 11740
WRITING COORDINATES TO DCD FILE NVT.dcd AT STEP 11750
WRITING COORDINATES TO DCD FILE NVT.dcd AT STEP 11760
WRITING COORDINATES TO DCD FILE NVT.dcd AT STEP 11770
WRITING COORDINATES TO DCD FILE NVT.dcd AT STEP 11780
WRITING COORDINATES TO DCD FILE NVT.dcd AT STEP 11790
WRITING COORDINATES TO DCD FILE NVT.dcd AT STEP 11800
WRITING COORDINATES TO DCD FILE NVT.dcd AT STEP 11810
WRITING COORDINATES TO DCD FILE NVT.dcd AT STEP 11820
WRITING COORDINATES TO DCD FILE NVT.dcd AT STEP 11830
WRITING COORDINATES TO DCD FILE NVT.dcd AT STEP 11840
WRITING COORDINATES TO DCD FILE NVT.dcd AT STEP 11850
WRITING COORDINATES TO DCD FILE NVT.dcd AT STEP 11860
WRITING COORDINATES TO DCD FILE NVT.dcd AT STEP 11870
WRITING COORDINATES TO DCD FILE NVT.dcd AT STEP 11880
WRITING COORDINATES TO DCD FILE NVT.dcd AT STEP 11890
WRITING COORDINATES TO DCD FILE NVT.dcd AT STEP 11900
WRITING COORDINATES TO DCD FILE NVT.dcd AT STEP 11910
WRITING COORDINATES TO DCD FILE NVT.dcd AT STEP 11920
WRITING COORDINATES TO DCD FILE NVT.dcd AT STEP 11930
WRITING COORDINATES TO DCD FILE NVT.dcd AT STEP 11940
WRITING COORDINATES TO DCD FILE NVT.dcd AT STEP 11950
WRITING COORDINATES TO DCD FILE NVT.dcd AT STEP 11960
WRITING COORDINATES TO DCD FILE NVT.dcd AT STEP 11970
WRITING COORDINATES TO DCD FILE NVT.dcd AT STEP 11980
WRITING COORDINATES TO DCD FILE NVT.dcd AT STEP 11990
PRESSURE: 12000 416.148 -380.144 -593.623 -380.144 201.571 22.3886 -593.623 22.3886 771.777
GPRESSURE: 12000 564.116 -370.561 -432.074 -405.73 189.951 115.228 -295.349 -57.3202 707.224
PRESSAVG: 12000 142.563 2.33196 -27.3539 2.33196 108.753 -60.689 -27.3539 -60.689 -23.5691
GPRESSAVG: 12000 142.593 2.85082 -27.8747 1.62975 108.821 -60.2759 -26.7397 -60.9185 -24.0831
ENERGY:   12000      1561.5604      9368.0007      5672.7476        76.3203         -60589.6255     -1203.8799         0.0000         0.0000     18844.2364         -26270.6401       304.1422    -45114.8765    -26124.3999       304.5589            463.1651       487.0969    265760.9684        75.9157        75.7767

WRITING COORDINATES TO DCD FILE NVT.dcd AT STEP 12000
WRITING COORDINATES TO DCD FILE NVT.dcd AT STEP 12010
WRITING COORDINATES TO DCD FILE NVT.dcd AT STEP 12020
WRITING COORDINATES TO DCD FILE NVT.dcd AT STEP 12030
WRITING COORDINATES TO DCD FILE NVT.dcd AT STEP 12040
WRITING COORDINATES TO DCD FILE NVT.dcd AT STEP 12050
WRITING COORDINATES TO DCD FILE NVT.dcd AT STEP 12060
WRITING COORDINATES TO DCD FILE NVT.dcd AT STEP 12070
WRITING COORDINATES TO DCD FILE NVT.dcd AT STEP 12080
WRITING COORDINATES TO DCD FILE NVT.dcd AT STEP 12090
WRITING COORDINATES TO DCD FILE NVT.dcd AT STEP 12100
WRITING COORDINATES TO DCD FILE NVT.dcd AT STEP 12110
WRITING COORDINATES TO DCD FILE NVT.dcd AT STEP 12120
WRITING COORDINATES TO DCD FILE NVT.dcd AT STEP 12130
WRITING COORDINATES TO DCD FILE NVT.dcd AT STEP 12140
LDB: ============= START OF LOAD BALANCING ============== 2035.32
LDB: ============== END OF LOAD BALANCING =============== 2035.32
LDB: =============== DONE WITH MIGRATION ================ 2035.32
WRITING COORDINATES TO DCD FILE NVT.dcd AT STEP 12150
WRITING COORDINATES TO DCD FILE NVT.dcd AT STEP 12160
WRITING COORDINATES TO DCD FILE NVT.dcd AT STEP 12170
WRITING COORDINATES TO DCD FILE NVT.dcd AT STEP 12180
WRITING COORDINATES TO DCD FILE NVT.dcd AT STEP 12190
LDB: ============= START OF LOAD BALANCING ============== 2043.64
LDB: ============== END OF LOAD BALANCING =============== 2043.64
LDB: =============== DONE WITH MIGRATION ================ 2043.64
WRITING COORDINATES TO DCD FILE NVT.dcd AT STEP 12200
WRITING COORDINATES TO DCD FILE NVT.dcd AT STEP 12210
WRITING COORDINATES TO DCD FILE NVT.dcd AT STEP 12220
WRITING COORDINATES TO DCD FILE NVT.dcd AT STEP 12230
WRITING COORDINATES TO DCD FILE NVT.dcd AT STEP 12240
WRITING COORDINATES TO DCD FILE NVT.dcd AT STEP 12250
WRITING COORDINATES TO DCD FILE NVT.dcd AT STEP 12260
WRITING COORDINATES TO DCD FILE NVT.dcd AT STEP 12270
WRITING COORDINATES TO DCD FILE NVT.dcd AT STEP 12280
WRITING COORDINATES TO DCD FILE NVT.dcd AT STEP 12290
WRITING COORDINATES TO DCD FILE NVT.dcd AT STEP 12300
WRITING COORDINATES TO DCD FILE NVT.dcd AT STEP 12310
WRITING COORDINATES TO DCD FILE NVT.dcd AT STEP 12320
WRITING COORDINATES TO DCD FILE NVT.dcd AT STEP 12330
WRITING COORDINATES TO DCD FILE NVT.dcd AT STEP 12340
WRITING COORDINATES TO DCD FILE NVT.dcd AT STEP 12350
WRITING COORDINATES TO DCD FILE NVT.dcd AT STEP 12360
WRITING COORDINATES TO DCD FILE NVT.dcd AT STEP 12370
WRITING COORDINATES TO DCD FILE NVT.dcd AT STEP 12380
WRITING COORDINATES TO DCD FILE NVT.dcd AT STEP 12390
WRITING COORDINATES TO DCD FILE NVT.dcd AT STEP 12400
WRITING COORDINATES TO DCD FILE NVT.dcd AT STEP 12410
WRITING COORDINATES TO DCD FILE NVT.dcd AT STEP 12420
WRITING COORDINATES TO DCD FILE NVT.dcd AT STEP 12430
WRITING COORDINATES TO DCD FILE NVT.dcd AT STEP 12440
WRITING COORDINATES TO DCD FILE NVT.dcd AT STEP 12450
WRITING COORDINATES TO DCD FILE NVT.dcd AT STEP 12460
WRITING COORDINATES TO DCD FILE NVT.dcd AT STEP 12470
WRITING COORDINATES TO DCD FILE NVT.dcd AT STEP 12480
WRITING COORDINATES TO DCD FILE NVT.dcd AT STEP 12490
WRITING COORDINATES TO DCD FILE NVT.dcd AT STEP 12500
WRITING COORDINATES TO DCD FILE NVT.dcd AT STEP 12510
WRITING COORDINATES TO DCD FILE NVT.dcd AT STEP 12520
WRITING COORDINATES TO DCD FILE NVT.dcd AT STEP 12530
WRITING COORDINATES TO DCD FILE NVT.dcd AT STEP 12540
WRITING COORDINATES TO DCD FILE NVT.dcd AT STEP 12550
WRITING COORDINATES TO DCD FILE NVT.dcd AT STEP 12560
WRITING COORDINATES TO DCD FILE NVT.dcd AT STEP 12570
WRITING COORDINATES TO DCD FILE NVT.dcd AT STEP 12580
WRITING COORDINATES TO DCD FILE NVT.dcd AT STEP 12590
WRITING COORDINATES TO DCD FILE NVT.dcd AT STEP 12600
WRITING COORDINATES TO DCD FILE NVT.dcd AT STEP 12610
WRITING COORDINATES TO DCD FILE NVT.dcd AT STEP 12620
WRITING COORDINATES TO DCD FILE NVT.dcd AT STEP 12630
WRITING COORDINATES TO DCD FILE NVT.dcd AT STEP 12640
WRITING COORDINATES TO DCD FILE NVT.dcd AT STEP 12650
WRITING COORDINATES TO DCD FILE NVT.dcd AT STEP 12660
WRITING COORDINATES TO DCD FILE NVT.dcd AT STEP 12670
WRITING COORDINATES TO DCD FILE NVT.dcd AT STEP 12680
WRITING COORDINATES TO DCD FILE NVT.dcd AT STEP 12690
WRITING COORDINATES TO DCD FILE NVT.dcd AT STEP 12700
WRITING COORDINATES TO DCD FILE NVT.dcd AT STEP 12710
WRITING COORDINATES TO DCD FILE NVT.dcd AT STEP 12720
WRITING COORDINATES TO DCD FILE NVT.dcd AT STEP 12730
WRITING COORDINATES TO DCD FILE NVT.dcd AT STEP 12740
WRITING COORDINATES TO DCD FILE NVT.dcd AT STEP 12750
WRITING COORDINATES TO DCD FILE NVT.dcd AT STEP 12760
WRITING COORDINATES TO DCD FILE NVT.dcd AT STEP 12770
WRITING COORDINATES TO DCD FILE NVT.dcd AT STEP 12780
WRITING COORDINATES TO DCD FILE NVT.dcd AT STEP 12790
WRITING COORDINATES TO DCD FILE NVT.dcd AT STEP 12800
WRITING COORDINATES TO DCD FILE NVT.dcd AT STEP 12810
WRITING COORDINATES TO DCD FILE NVT.dcd AT STEP 12820
WRITING COORDINATES TO DCD FILE NVT.dcd AT STEP 12830
WRITING COORDINATES TO DCD FILE NVT.dcd AT STEP 12840
WRITING COORDINATES TO DCD FILE NVT.dcd AT STEP 12850
WRITING COORDINATES TO DCD FILE NVT.dcd AT STEP 12860
WRITING COORDINATES TO DCD FILE NVT.dcd AT STEP 12870
WRITING COORDINATES TO DCD FILE NVT.dcd AT STEP 12880
WRITING COORDINATES TO DCD FILE NVT.dcd AT STEP 12890
WRITING COORDINATES TO DCD FILE NVT.dcd AT STEP 12900
WRITING COORDINATES TO DCD FILE NVT.dcd AT STEP 12910
WRITING COORDINATES TO DCD FILE NVT.dcd AT STEP 12920
WRITING COORDINATES TO DCD FILE NVT.dcd AT STEP 12930
WRITING COORDINATES TO DCD FILE NVT.dcd AT STEP 12940
WRITING COORDINATES TO DCD FILE NVT.dcd AT STEP 12950
WRITING COORDINATES TO DCD FILE NVT.dcd AT STEP 12960
WRITING COORDINATES TO DCD FILE NVT.dcd AT STEP 12970
WRITING COORDINATES TO DCD FILE NVT.dcd AT STEP 12980
WRITING COORDINATES TO DCD FILE NVT.dcd AT STEP 12990
PRESSURE: 13000 167.295 204.191 239.942 204.191 42.133 -48.8606 239.942 -48.8606 -159.166
GPRESSURE: 13000 -4.06962 282.611 201.15 269.743 127.146 -26.9078 99.098 -116.839 -41.4773
PRESSAVG: 13000 149.223 73.3016 -37.9311 73.3016 -8.35445 -42.4495 -37.9311 -42.4495 118.085
GPRESSAVG: 13000 149.366 73.5258 -37.3187 73.9562 -8.45387 -42.544 -37.9172 -43.1462 117.752
ENERGY:   13000      1573.4058      9395.0230      5753.8135        78.4968         -60616.0965     -1158.8525         0.0000         0.0000     18806.0336         -26168.1763       303.5257    -44974.2099    -26016.6926       305.1891             16.7538        27.1998    265760.9684        86.3178        86.2214

WRITING COORDINATES TO DCD FILE NVT.dcd AT STEP 13000
WRITING COORDINATES TO DCD FILE NVT.dcd AT STEP 13010
WRITING COORDINATES TO DCD FILE NVT.dcd AT STEP 13020
WRITING COORDINATES TO DCD FILE NVT.dcd AT STEP 13030
WRITING COORDINATES TO DCD FILE NVT.dcd AT STEP 13040
WRITING COORDINATES TO DCD FILE NVT.dcd AT STEP 13050
WRITING COORDINATES TO DCD FILE NVT.dcd AT STEP 13060
WRITING COORDINATES TO DCD FILE NVT.dcd AT STEP 13070
WRITING COORDINATES TO DCD FILE NVT.dcd AT STEP 13080
WRITING COORDINATES TO DCD FILE NVT.dcd AT STEP 13090
WRITING COORDINATES TO DCD FILE NVT.dcd AT STEP 13100
WRITING COORDINATES TO DCD FILE NVT.dcd AT STEP 13110
WRITING COORDINATES TO DCD FILE NVT.dcd AT STEP 13120
WRITING COORDINATES TO DCD FILE NVT.dcd AT STEP 13130
WRITING COORDINATES TO DCD FILE NVT.dcd AT STEP 13140
WRITING COORDINATES TO DCD FILE NVT.dcd AT STEP 13150
WRITING COORDINATES TO DCD FILE NVT.dcd AT STEP 13160
WRITING COORDINATES TO DCD FILE NVT.dcd AT STEP 13170
WRITING COORDINATES TO DCD FILE NVT.dcd AT STEP 13180
WRITING COORDINATES TO DCD FILE NVT.dcd AT STEP 13190
WRITING COORDINATES TO DCD FILE NVT.dcd AT STEP 13200
WRITING COORDINATES TO DCD FILE NVT.dcd AT STEP 13210
WRITING COORDINATES TO DCD FILE NVT.dcd AT STEP 13220
WRITING COORDINATES TO DCD FILE NVT.dcd AT STEP 13230
WRITING COORDINATES TO DCD FILE NVT.dcd AT STEP 13240
WRITING COORDINATES TO DCD FILE NVT.dcd AT STEP 13250
WRITING COORDINATES TO DCD FILE NVT.dcd AT STEP 13260
WRITING COORDINATES TO DCD FILE NVT.dcd AT STEP 13270
WRITING COORDINATES TO DCD FILE NVT.dcd AT STEP 13280
WRITING COORDINATES TO DCD FILE NVT.dcd AT STEP 13290
WRITING COORDINATES TO DCD FILE NVT.dcd AT STEP 13300
WRITING COORDINATES TO DCD FILE NVT.dcd AT STEP 13310
WRITING COORDINATES TO DCD FILE NVT.dcd AT STEP 13320
WRITING COORDINATES TO DCD FILE NVT.dcd AT STEP 13330
WRITING COORDINATES TO DCD FILE NVT.dcd AT STEP 13340
WRITING COORDINATES TO DCD FILE NVT.dcd AT STEP 13350
WRITING COORDINATES TO DCD FILE NVT.dcd AT STEP 13360
WRITING COORDINATES TO DCD FILE NVT.dcd AT STEP 13370
WRITING COORDINATES TO DCD FILE NVT.dcd AT STEP 13380
WRITING COORDINATES TO DCD FILE NVT.dcd AT STEP 13390
WRITING COORDINATES TO DCD FILE NVT.dcd AT STEP 13400
WRITING COORDINATES TO DCD FILE NVT.dcd AT STEP 13410
WRITING COORDINATES TO DCD FILE NVT.dcd AT STEP 13420
WRITING COORDINATES TO DCD FILE NVT.dcd AT STEP 13430
WRITING COORDINATES TO DCD FILE NVT.dcd AT STEP 13440
WRITING COORDINATES TO DCD FILE NVT.dcd AT STEP 13450
WRITING COORDINATES TO DCD FILE NVT.dcd AT STEP 13460
WRITING COORDINATES TO DCD FILE NVT.dcd AT STEP 13470
WRITING COORDINATES TO DCD FILE NVT.dcd AT STEP 13480
WRITING COORDINATES TO DCD FILE NVT.dcd AT STEP 13490
WRITING COORDINATES TO DCD FILE NVT.dcd AT STEP 13500
WRITING COORDINATES TO DCD FILE NVT.dcd AT STEP 13510
WRITING COORDINATES TO DCD FILE NVT.dcd AT STEP 13520
WRITING COORDINATES TO DCD FILE NVT.dcd AT STEP 13530
WRITING COORDINATES TO DCD FILE NVT.dcd AT STEP 13540
WRITING COORDINATES TO DCD FILE NVT.dcd AT STEP 13550
WRITING COORDINATES TO DCD FILE NVT.dcd AT STEP 13560
WRITING COORDINATES TO DCD FILE NVT.dcd AT STEP 13570
WRITING COORDINATES TO DCD FILE NVT.dcd AT STEP 13580
WRITING COORDINATES TO DCD FILE NVT.dcd AT STEP 13590
WRITING COORDINATES TO DCD FILE NVT.dcd AT STEP 13600
WRITING COORDINATES TO DCD FILE NVT.dcd AT STEP 13610
WRITING COORDINATES TO DCD FILE NVT.dcd AT STEP 13620
WRITING COORDINATES TO DCD FILE NVT.dcd AT STEP 13630
WRITING COORDINATES TO DCD FILE NVT.dcd AT STEP 13640
WRITING COORDINATES TO DCD FILE NVT.dcd AT STEP 13650
WRITING COORDINATES TO DCD FILE NVT.dcd AT STEP 13660
WRITING COORDINATES TO DCD FILE NVT.dcd AT STEP 13670
WRITING COORDINATES TO DCD FILE NVT.dcd AT STEP 13680
WRITING COORDINATES TO DCD FILE NVT.dcd AT STEP 13690
WRITING COORDINATES TO DCD FILE NVT.dcd AT STEP 13700
WRITING COORDINATES TO DCD FILE NVT.dcd AT STEP 13710
WRITING COORDINATES TO DCD FILE NVT.dcd AT STEP 13720
WRITING COORDINATES TO DCD FILE NVT.dcd AT STEP 13730
WRITING COORDINATES TO DCD FILE NVT.dcd AT STEP 13740
WRITING COORDINATES TO DCD FILE NVT.dcd AT STEP 13750
WRITING COORDINATES TO DCD FILE NVT.dcd AT STEP 13760
WRITING COORDINATES TO DCD FILE NVT.dcd AT STEP 13770
WRITING COORDINATES TO DCD FILE NVT.dcd AT STEP 13780
WRITING COORDINATES TO DCD FILE NVT.dcd AT STEP 13790
WRITING COORDINATES TO DCD FILE NVT.dcd AT STEP 13800
WRITING COORDINATES TO DCD FILE NVT.dcd AT STEP 13810
WRITING COORDINATES TO DCD FILE NVT.dcd AT STEP 13820
WRITING COORDINATES TO DCD FILE NVT.dcd AT STEP 13830
WRITING COORDINATES TO DCD FILE NVT.dcd AT STEP 13840
WRITING COORDINATES TO DCD FILE NVT.dcd AT STEP 13850
WRITING COORDINATES TO DCD FILE NVT.dcd AT STEP 13860
WRITING COORDINATES TO DCD FILE NVT.dcd AT STEP 13870
WRITING COORDINATES TO DCD FILE NVT.dcd AT STEP 13880
WRITING COORDINATES TO DCD FILE NVT.dcd AT STEP 13890
WRITING COORDINATES TO DCD FILE NVT.dcd AT STEP 13900
WRITING COORDINATES TO DCD FILE NVT.dcd AT STEP 13910
WRITING COORDINATES TO DCD FILE NVT.dcd AT STEP 13920
WRITING COORDINATES TO DCD FILE NVT.dcd AT STEP 13930
WRITING COORDINATES TO DCD FILE NVT.dcd AT STEP 13940
WRITING COORDINATES TO DCD FILE NVT.dcd AT STEP 13950
WRITING COORDINATES TO DCD FILE NVT.dcd AT STEP 13960
WRITING COORDINATES TO DCD FILE NVT.dcd AT STEP 13970
WRITING COORDINATES TO DCD FILE NVT.dcd AT STEP 13980
WRITING COORDINATES TO DCD FILE NVT.dcd AT STEP 13990
PRESSURE: 14000 82.8649 133.295 -150.163 133.295 735.127 184.801 -150.163 184.801 712.544
GPRESSURE: 14000 -27.6972 304.398 -337.471 131.177 744.519 357.088 -31.8539 55.959 858.905
PRESSAVG: 14000 126.571 93.0717 24.0049 93.0717 120.514 -52.0009 24.0049 -52.0009 45.3236
GPRESSAVG: 14000 126.281 93.4759 23.5062 92.9043 120.632 -52.5536 23.4386 -51.7771 45.5022
ENERGY:   14000      1608.6775      9258.0433      5795.6390        68.4785         -60771.5604     -1208.7481         0.0000         0.0000     18729.3373         -26520.1329       302.2878    -45249.4702    -26372.3030       303.5770            510.1788       525.2425    265760.9684        97.4696        97.4716

WRITING COORDINATES TO DCD FILE NVT.dcd AT STEP 14000
WRITING COORDINATES TO DCD FILE NVT.dcd AT STEP 14010
WRITING COORDINATES TO DCD FILE NVT.dcd AT STEP 14020
WRITING COORDINATES TO DCD FILE NVT.dcd AT STEP 14030
WRITING COORDINATES TO DCD FILE NVT.dcd AT STEP 14040
WRITING COORDINATES TO DCD FILE NVT.dcd AT STEP 14050
WRITING COORDINATES TO DCD FILE NVT.dcd AT STEP 14060
WRITING COORDINATES TO DCD FILE NVT.dcd AT STEP 14070
WRITING COORDINATES TO DCD FILE NVT.dcd AT STEP 14080
WRITING COORDINATES TO DCD FILE NVT.dcd AT STEP 14090
WRITING COORDINATES TO DCD FILE NVT.dcd AT STEP 14100
WRITING COORDINATES TO DCD FILE NVT.dcd AT STEP 14110
WRITING COORDINATES TO DCD FILE NVT.dcd AT STEP 14120
WRITING COORDINATES TO DCD FILE NVT.dcd AT STEP 14130
WRITING COORDINATES TO DCD FILE NVT.dcd AT STEP 14140
LDB: ============= START OF LOAD BALANCING ============== 2367.94
LDB: ============== END OF LOAD BALANCING =============== 2367.94
LDB: =============== DONE WITH MIGRATION ================ 2367.94
WRITING COORDINATES TO DCD FILE NVT.dcd AT STEP 14150
WRITING COORDINATES TO DCD FILE NVT.dcd AT STEP 14160
WRITING COORDINATES TO DCD FILE NVT.dcd AT STEP 14170
WRITING COORDINATES TO DCD FILE NVT.dcd AT STEP 14180
WRITING COORDINATES TO DCD FILE NVT.dcd AT STEP 14190
LDB: ============= START OF LOAD BALANCING ============== 2376.28
LDB: ============== END OF LOAD BALANCING =============== 2376.28
LDB: =============== DONE WITH MIGRATION ================ 2376.28
WRITING COORDINATES TO DCD FILE NVT.dcd AT STEP 14200
WRITING COORDINATES TO DCD FILE NVT.dcd AT STEP 14210
WRITING COORDINATES TO DCD FILE NVT.dcd AT STEP 14220
WRITING COORDINATES TO DCD FILE NVT.dcd AT STEP 14230
WRITING COORDINATES TO DCD FILE NVT.dcd AT STEP 14240
WRITING COORDINATES TO DCD FILE NVT.dcd AT STEP 14250
WRITING COORDINATES TO DCD FILE NVT.dcd AT STEP 14260
WRITING COORDINATES TO DCD FILE NVT.dcd AT STEP 14270
WRITING COORDINATES TO DCD FILE NVT.dcd AT STEP 14280
WRITING COORDINATES TO DCD FILE NVT.dcd AT STEP 14290
WRITING COORDINATES TO DCD FILE NVT.dcd AT STEP 14300
WRITING COORDINATES TO DCD FILE NVT.dcd AT STEP 14310
WRITING COORDINATES TO DCD FILE NVT.dcd AT STEP 14320
WRITING COORDINATES TO DCD FILE NVT.dcd AT STEP 14330
WRITING COORDINATES TO DCD FILE NVT.dcd AT STEP 14340
WRITING COORDINATES TO DCD FILE NVT.dcd AT STEP 14350
WRITING COORDINATES TO DCD FILE NVT.dcd AT STEP 14360
WRITING COORDINATES TO DCD FILE NVT.dcd AT STEP 14370
WRITING COORDINATES TO DCD FILE NVT.dcd AT STEP 14380
WRITING COORDINATES TO DCD FILE NVT.dcd AT STEP 14390
WRITING COORDINATES TO DCD FILE NVT.dcd AT STEP 14400
WRITING COORDINATES TO DCD FILE NVT.dcd AT STEP 14410
WRITING COORDINATES TO DCD FILE NVT.dcd AT STEP 14420
WRITING COORDINATES TO DCD FILE NVT.dcd AT STEP 14430
WRITING COORDINATES TO DCD FILE NVT.dcd AT STEP 14440
WRITING COORDINATES TO DCD FILE NVT.dcd AT STEP 14450
WRITING COORDINATES TO DCD FILE NVT.dcd AT STEP 14460
WRITING COORDINATES TO DCD FILE NVT.dcd AT STEP 14470
WRITING COORDINATES TO DCD FILE NVT.dcd AT STEP 14480
WRITING COORDINATES TO DCD FILE NVT.dcd AT STEP 14490
WRITING COORDINATES TO DCD FILE NVT.dcd AT STEP 14500
WRITING COORDINATES TO DCD FILE NVT.dcd AT STEP 14510
WRITING COORDINATES TO DCD FILE NVT.dcd AT STEP 14520
WRITING COORDINATES TO DCD FILE NVT.dcd AT STEP 14530
WRITING COORDINATES TO DCD FILE NVT.dcd AT STEP 14540
WRITING COORDINATES TO DCD FILE NVT.dcd AT STEP 14550
WRITING COORDINATES TO DCD FILE NVT.dcd AT STEP 14560
WRITING COORDINATES TO DCD FILE NVT.dcd AT STEP 14570
WRITING COORDINATES TO DCD FILE NVT.dcd AT STEP 14580
WRITING COORDINATES TO DCD FILE NVT.dcd AT STEP 14590
WRITING COORDINATES TO DCD FILE NVT.dcd AT STEP 14600
WRITING COORDINATES TO DCD FILE NVT.dcd AT STEP 14610
WRITING COORDINATES TO DCD FILE NVT.dcd AT STEP 14620
WRITING COORDINATES TO DCD FILE NVT.dcd AT STEP 14630
WRITING COORDINATES TO DCD FILE NVT.dcd AT STEP 14640
WRITING COORDINATES TO DCD FILE NVT.dcd AT STEP 14650
WRITING COORDINATES TO DCD FILE NVT.dcd AT STEP 14660
WRITING COORDINATES TO DCD FILE NVT.dcd AT STEP 14670
WRITING COORDINATES TO DCD FILE NVT.dcd AT STEP 14680
WRITING COORDINATES TO DCD FILE NVT.dcd AT STEP 14690
WRITING COORDINATES TO DCD FILE NVT.dcd AT STEP 14700
WRITING COORDINATES TO DCD FILE NVT.dcd AT STEP 14710
WRITING COORDINATES TO DCD FILE NVT.dcd AT STEP 14720
WRITING COORDINATES TO DCD FILE NVT.dcd AT STEP 14730
WRITING COORDINATES TO DCD FILE NVT.dcd AT STEP 14740
WRITING COORDINATES TO DCD FILE NVT.dcd AT STEP 14750
WRITING COORDINATES TO DCD FILE NVT.dcd AT STEP 14760
WRITING COORDINATES TO DCD FILE NVT.dcd AT STEP 14770
WRITING COORDINATES TO DCD FILE NVT.dcd AT STEP 14780
WRITING COORDINATES TO DCD FILE NVT.dcd AT STEP 14790
WRITING COORDINATES TO DCD FILE NVT.dcd AT STEP 14800
WRITING COORDINATES TO DCD FILE NVT.dcd AT STEP 14810
WRITING COORDINATES TO DCD FILE NVT.dcd AT STEP 14820
WRITING COORDINATES TO DCD FILE NVT.dcd AT STEP 14830
WRITING COORDINATES TO DCD FILE NVT.dcd AT STEP 14840
WRITING COORDINATES TO DCD FILE NVT.dcd AT STEP 14850
WRITING COORDINATES TO DCD FILE NVT.dcd AT STEP 14860
WRITING COORDINATES TO DCD FILE NVT.dcd AT STEP 14870
WRITING COORDINATES TO DCD FILE NVT.dcd AT STEP 14880
WRITING COORDINATES TO DCD FILE NVT.dcd AT STEP 14890
WRITING COORDINATES TO DCD FILE NVT.dcd AT STEP 14900
WRITING COORDINATES TO DCD FILE NVT.dcd AT STEP 14910
WRITING COORDINATES TO DCD FILE NVT.dcd AT STEP 14920
WRITING COORDINATES TO DCD FILE NVT.dcd AT STEP 14930
WRITING COORDINATES TO DCD FILE NVT.dcd AT STEP 14940
WRITING COORDINATES TO DCD FILE NVT.dcd AT STEP 14950
WRITING COORDINATES TO DCD FILE NVT.dcd AT STEP 14960
WRITING COORDINATES TO DCD FILE NVT.dcd AT STEP 14970
WRITING COORDINATES TO DCD FILE NVT.dcd AT STEP 14980
WRITING COORDINATES TO DCD FILE NVT.dcd AT STEP 14990
PRESSURE: 15000 -467.877 47.1973 -67.6849 47.1973 -141.154 358.541 -67.6849 358.541 -255.964
GPRESSURE: 15000 -401.255 182.651 -25.927 233.142 -47.3971 351.992 -283.392 239.952 -370.088
PRESSAVG: 15000 178.469 84.4912 -42.279 84.4912 198.428 -78.7726 -42.279 -78.7726 186.168
GPRESSAVG: 15000 178.699 84.7936 -42.055 84.4205 198.978 -78.4389 -42.4097 -78.6479 185.983
ENERGY:   15000      1610.9868      9239.4199      5771.2290        63.7555         -60678.0983     -1413.2316         0.0000         0.0000     18955.5683         -26450.3705       305.9391    -45405.9388    -26297.9372       303.5208           -288.3316      -272.9133    265760.9684       187.6883       187.8866

WRITING EXTENDED SYSTEM TO RESTART FILE AT STEP 15000
WRITING COORDINATES TO DCD FILE NVT.dcd AT STEP 15000
WRITING COORDINATES TO RESTART FILE AT STEP 15000
FINISHED WRITING RESTART COORDINATES
WRITING VELOCITIES TO RESTART FILE AT STEP 15000
FINISHED WRITING RESTART VELOCITIES
The last velocity output (seq=15000) takes 0.000 seconds, 841.308 MB of memory in use
WRITING COORDINATES TO DCD FILE NVT.dcd AT STEP 15010
WRITING COORDINATES TO DCD FILE NVT.dcd AT STEP 15020
WRITING COORDINATES TO DCD FILE NVT.dcd AT STEP 15030
WRITING COORDINATES TO DCD FILE NVT.dcd AT STEP 15040
WRITING COORDINATES TO DCD FILE NVT.dcd AT STEP 15050
WRITING COORDINATES TO DCD FILE NVT.dcd AT STEP 15060
WRITING COORDINATES TO DCD FILE NVT.dcd AT STEP 15070
WRITING COORDINATES TO DCD FILE NVT.dcd AT STEP 15080
WRITING COORDINATES TO DCD FILE NVT.dcd AT STEP 15090
WRITING COORDINATES TO DCD FILE NVT.dcd AT STEP 15100
WRITING COORDINATES TO DCD FILE NVT.dcd AT STEP 15110
WRITING COORDINATES TO DCD FILE NVT.dcd AT STEP 15120
WRITING COORDINATES TO DCD FILE NVT.dcd AT STEP 15130
WRITING COORDINATES TO DCD FILE NVT.dcd AT STEP 15140
WRITING COORDINATES TO DCD FILE NVT.dcd AT STEP 15150
WRITING COORDINATES TO DCD FILE NVT.dcd AT STEP 15160
WRITING COORDINATES TO DCD FILE NVT.dcd AT STEP 15170
WRITING COORDINATES TO DCD FILE NVT.dcd AT STEP 15180
WRITING COORDINATES TO DCD FILE NVT.dcd AT STEP 15190
WRITING COORDINATES TO DCD FILE NVT.dcd AT STEP 15200
WRITING COORDINATES TO DCD FILE NVT.dcd AT STEP 15210
WRITING COORDINATES TO DCD FILE NVT.dcd AT STEP 15220
WRITING COORDINATES TO DCD FILE NVT.dcd AT STEP 15230
WRITING COORDINATES TO DCD FILE NVT.dcd AT STEP 15240
WRITING COORDINATES TO DCD FILE NVT.dcd AT STEP 15250
WRITING COORDINATES TO DCD FILE NVT.dcd AT STEP 15260
WRITING COORDINATES TO DCD FILE NVT.dcd AT STEP 15270
WRITING COORDINATES TO DCD FILE NVT.dcd AT STEP 15280
WRITING COORDINATES TO DCD FILE NVT.dcd AT STEP 15290
WRITING COORDINATES TO DCD FILE NVT.dcd AT STEP 15300
WRITING COORDINATES TO DCD FILE NVT.dcd AT STEP 15310
WRITING COORDINATES TO DCD FILE NVT.dcd AT STEP 15320
WRITING COORDINATES TO DCD FILE NVT.dcd AT STEP 15330
WRITING COORDINATES TO DCD FILE NVT.dcd AT STEP 15340
WRITING COORDINATES TO DCD FILE NVT.dcd AT STEP 15350
WRITING COORDINATES TO DCD FILE NVT.dcd AT STEP 15360
WRITING COORDINATES TO DCD FILE NVT.dcd AT STEP 15370
WRITING COORDINATES TO DCD FILE NVT.dcd AT STEP 15380
WRITING COORDINATES TO DCD FILE NVT.dcd AT STEP 15390
WRITING COORDINATES TO DCD FILE NVT.dcd AT STEP 15400
WRITING COORDINATES TO DCD FILE NVT.dcd AT STEP 15410
WRITING COORDINATES TO DCD FILE NVT.dcd AT STEP 15420
WRITING COORDINATES TO DCD FILE NVT.dcd AT STEP 15430
WRITING COORDINATES TO DCD FILE NVT.dcd AT STEP 15440
WRITING COORDINATES TO DCD FILE NVT.dcd AT STEP 15450
WRITING COORDINATES TO DCD FILE NVT.dcd AT STEP 15460
WRITING COORDINATES TO DCD FILE NVT.dcd AT STEP 15470
WRITING COORDINATES TO DCD FILE NVT.dcd AT STEP 15480
WRITING COORDINATES TO DCD FILE NVT.dcd AT STEP 15490
WRITING COORDINATES TO DCD FILE NVT.dcd AT STEP 15500
WRITING COORDINATES TO DCD FILE NVT.dcd AT STEP 15510
WRITING COORDINATES TO DCD FILE NVT.dcd AT STEP 15520
WRITING COORDINATES TO DCD FILE NVT.dcd AT STEP 15530
WRITING COORDINATES TO DCD FILE NVT.dcd AT STEP 15540
WRITING COORDINATES TO DCD FILE NVT.dcd AT STEP 15550
WRITING COORDINATES TO DCD FILE NVT.dcd AT STEP 15560
WRITING COORDINATES TO DCD FILE NVT.dcd AT STEP 15570
WRITING COORDINATES TO DCD FILE NVT.dcd AT STEP 15580
WRITING COORDINATES TO DCD FILE NVT.dcd AT STEP 15590
WRITING COORDINATES TO DCD FILE NVT.dcd AT STEP 15600
WRITING COORDINATES TO DCD FILE NVT.dcd AT STEP 15610
WRITING COORDINATES TO DCD FILE NVT.dcd AT STEP 15620
WRITING COORDINATES TO DCD FILE NVT.dcd AT STEP 15630
WRITING COORDINATES TO DCD FILE NVT.dcd AT STEP 15640
WRITING COORDINATES TO DCD FILE NVT.dcd AT STEP 15650
WRITING COORDINATES TO DCD FILE NVT.dcd AT STEP 15660
WRITING COORDINATES TO DCD FILE NVT.dcd AT STEP 15670
WRITING COORDINATES TO DCD FILE NVT.dcd AT STEP 15680
WRITING COORDINATES TO DCD FILE NVT.dcd AT STEP 15690
WRITING COORDINATES TO DCD FILE NVT.dcd AT STEP 15700
WRITING COORDINATES TO DCD FILE NVT.dcd AT STEP 15710
WRITING COORDINATES TO DCD FILE NVT.dcd AT STEP 15720
WRITING COORDINATES TO DCD FILE NVT.dcd AT STEP 15730
WRITING COORDINATES TO DCD FILE NVT.dcd AT STEP 15740
WRITING COORDINATES TO DCD FILE NVT.dcd AT STEP 15750
WRITING COORDINATES TO DCD FILE NVT.dcd AT STEP 15760
WRITING COORDINATES TO DCD FILE NVT.dcd AT STEP 15770
WRITING COORDINATES TO DCD FILE NVT.dcd AT STEP 15780
WRITING COORDINATES TO DCD FILE NVT.dcd AT STEP 15790
WRITING COORDINATES TO DCD FILE NVT.dcd AT STEP 15800
WRITING COORDINATES TO DCD FILE NVT.dcd AT STEP 15810
WRITING COORDINATES TO DCD FILE NVT.dcd AT STEP 15820
WRITING COORDINATES TO DCD FILE NVT.dcd AT STEP 15830
WRITING COORDINATES TO DCD FILE NVT.dcd AT STEP 15840
WRITING COORDINATES TO DCD FILE NVT.dcd AT STEP 15850
WRITING COORDINATES TO DCD FILE NVT.dcd AT STEP 15860
WRITING COORDINATES TO DCD FILE NVT.dcd AT STEP 15870
WRITING COORDINATES TO DCD FILE NVT.dcd AT STEP 15880
WRITING COORDINATES TO DCD FILE NVT.dcd AT STEP 15890
WRITING COORDINATES TO DCD FILE NVT.dcd AT STEP 15900
WRITING COORDINATES TO DCD FILE NVT.dcd AT STEP 15910
WRITING COORDINATES TO DCD FILE NVT.dcd AT STEP 15920
WRITING COORDINATES TO DCD FILE NVT.dcd AT STEP 15930
WRITING COORDINATES TO DCD FILE NVT.dcd AT STEP 15940
WRITING COORDINATES TO DCD FILE NVT.dcd AT STEP 15950
WRITING COORDINATES TO DCD FILE NVT.dcd AT STEP 15960
WRITING COORDINATES TO DCD FILE NVT.dcd AT STEP 15970
WRITING COORDINATES TO DCD FILE NVT.dcd AT STEP 15980
WRITING COORDINATES TO DCD FILE NVT.dcd AT STEP 15990
PRESSURE: 16000 54.0943 177.039 98.4021 177.039 128.747 136.168 98.4021 136.168 -114.444
GPRESSURE: 16000 73.535 235.771 111.447 315.196 142.595 171.965 54.8476 135.327 -114.84
PRESSAVG: 16000 97.8133 79.5447 -32.6115 79.5447 143.011 -8.35612 -32.6115 -8.35612 93.7193
GPRESSAVG: 16000 98.4493 79.3971 -32.2123 79.817 142.929 -8.33916 -32.9393 -8.76276 93.7261
ENERGY:   16000      1556.0524      9254.4514      5716.9506        73.8320         -60489.7771     -1369.8222         0.0000         0.0000     18692.2205         -26566.0923       301.6887    -45258.3128    -26410.2058       303.0920             22.7991        33.7634    265760.9684       111.5146       111.7013

WRITING COORDINATES TO DCD FILE NVT.dcd AT STEP 16000
WRITING COORDINATES TO DCD FILE NVT.dcd AT STEP 16010
WRITING COORDINATES TO DCD FILE NVT.dcd AT STEP 16020
WRITING COORDINATES TO DCD FILE NVT.dcd AT STEP 16030
WRITING COORDINATES TO DCD FILE NVT.dcd AT STEP 16040
WRITING COORDINATES TO DCD FILE NVT.dcd AT STEP 16050
WRITING COORDINATES TO DCD FILE NVT.dcd AT STEP 16060
WRITING COORDINATES TO DCD FILE NVT.dcd AT STEP 16070
WRITING COORDINATES TO DCD FILE NVT.dcd AT STEP 16080
WRITING COORDINATES TO DCD FILE NVT.dcd AT STEP 16090
WRITING COORDINATES TO DCD FILE NVT.dcd AT STEP 16100
WRITING COORDINATES TO DCD FILE NVT.dcd AT STEP 16110
WRITING COORDINATES TO DCD FILE NVT.dcd AT STEP 16120
WRITING COORDINATES TO DCD FILE NVT.dcd AT STEP 16130
WRITING COORDINATES TO DCD FILE NVT.dcd AT STEP 16140
LDB: ============= START OF LOAD BALANCING ============== 2700.91
LDB: ============== END OF LOAD BALANCING =============== 2700.91
LDB: =============== DONE WITH MIGRATION ================ 2700.91
WRITING COORDINATES TO DCD FILE NVT.dcd AT STEP 16150
WRITING COORDINATES TO DCD FILE NVT.dcd AT STEP 16160
WRITING COORDINATES TO DCD FILE NVT.dcd AT STEP 16170
WRITING COORDINATES TO DCD FILE NVT.dcd AT STEP 16180
WRITING COORDINATES TO DCD FILE NVT.dcd AT STEP 16190
LDB: ============= START OF LOAD BALANCING ============== 2709.23
LDB: ============== END OF LOAD BALANCING =============== 2709.23
LDB: =============== DONE WITH MIGRATION ================ 2709.23
WRITING COORDINATES TO DCD FILE NVT.dcd AT STEP 16200
WRITING COORDINATES TO DCD FILE NVT.dcd AT STEP 16210
WRITING COORDINATES TO DCD FILE NVT.dcd AT STEP 16220
WRITING COORDINATES TO DCD FILE NVT.dcd AT STEP 16230
WRITING COORDINATES TO DCD FILE NVT.dcd AT STEP 16240
WRITING COORDINATES TO DCD FILE NVT.dcd AT STEP 16250
WRITING COORDINATES TO DCD FILE NVT.dcd AT STEP 16260
WRITING COORDINATES TO DCD FILE NVT.dcd AT STEP 16270
WRITING COORDINATES TO DCD FILE NVT.dcd AT STEP 16280
WRITING COORDINATES TO DCD FILE NVT.dcd AT STEP 16290
WRITING COORDINATES TO DCD FILE NVT.dcd AT STEP 16300
WRITING COORDINATES TO DCD FILE NVT.dcd AT STEP 16310
WRITING COORDINATES TO DCD FILE NVT.dcd AT STEP 16320
WRITING COORDINATES TO DCD FILE NVT.dcd AT STEP 16330
WRITING COORDINATES TO DCD FILE NVT.dcd AT STEP 16340
WRITING COORDINATES TO DCD FILE NVT.dcd AT STEP 16350
WRITING COORDINATES TO DCD FILE NVT.dcd AT STEP 16360
WRITING COORDINATES TO DCD FILE NVT.dcd AT STEP 16370
WRITING COORDINATES TO DCD FILE NVT.dcd AT STEP 16380
WRITING COORDINATES TO DCD FILE NVT.dcd AT STEP 16390
WRITING COORDINATES TO DCD FILE NVT.dcd AT STEP 16400
WRITING COORDINATES TO DCD FILE NVT.dcd AT STEP 16410
WRITING COORDINATES TO DCD FILE NVT.dcd AT STEP 16420
WRITING COORDINATES TO DCD FILE NVT.dcd AT STEP 16430
WRITING COORDINATES TO DCD FILE NVT.dcd AT STEP 16440
WRITING COORDINATES TO DCD FILE NVT.dcd AT STEP 16450
WRITING COORDINATES TO DCD FILE NVT.dcd AT STEP 16460
WRITING COORDINATES TO DCD FILE NVT.dcd AT STEP 16470
WRITING COORDINATES TO DCD FILE NVT.dcd AT STEP 16480
WRITING COORDINATES TO DCD FILE NVT.dcd AT STEP 16490
WRITING COORDINATES TO DCD FILE NVT.dcd AT STEP 16500
WRITING COORDINATES TO DCD FILE NVT.dcd AT STEP 16510
WRITING COORDINATES TO DCD FILE NVT.dcd AT STEP 16520
WRITING COORDINATES TO DCD FILE NVT.dcd AT STEP 16530
WRITING COORDINATES TO DCD FILE NVT.dcd AT STEP 16540
WRITING COORDINATES TO DCD FILE NVT.dcd AT STEP 16550
WRITING COORDINATES TO DCD FILE NVT.dcd AT STEP 16560
WRITING COORDINATES TO DCD FILE NVT.dcd AT STEP 16570
WRITING COORDINATES TO DCD FILE NVT.dcd AT STEP 16580
WRITING COORDINATES TO DCD FILE NVT.dcd AT STEP 16590
WRITING COORDINATES TO DCD FILE NVT.dcd AT STEP 16600
WRITING COORDINATES TO DCD FILE NVT.dcd AT STEP 16610
WRITING COORDINATES TO DCD FILE NVT.dcd AT STEP 16620
WRITING COORDINATES TO DCD FILE NVT.dcd AT STEP 16630
WRITING COORDINATES TO DCD FILE NVT.dcd AT STEP 16640
WRITING COORDINATES TO DCD FILE NVT.dcd AT STEP 16650
WRITING COORDINATES TO DCD FILE NVT.dcd AT STEP 16660
WRITING COORDINATES TO DCD FILE NVT.dcd AT STEP 16670
WRITING COORDINATES TO DCD FILE NVT.dcd AT STEP 16680
WRITING COORDINATES TO DCD FILE NVT.dcd AT STEP 16690
WRITING COORDINATES TO DCD FILE NVT.dcd AT STEP 16700
WRITING COORDINATES TO DCD FILE NVT.dcd AT STEP 16710
WRITING COORDINATES TO DCD FILE NVT.dcd AT STEP 16720
WRITING COORDINATES TO DCD FILE NVT.dcd AT STEP 16730
WRITING COORDINATES TO DCD FILE NVT.dcd AT STEP 16740
WRITING COORDINATES TO DCD FILE NVT.dcd AT STEP 16750
WRITING COORDINATES TO DCD FILE NVT.dcd AT STEP 16760
WRITING COORDINATES TO DCD FILE NVT.dcd AT STEP 16770
WRITING COORDINATES TO DCD FILE NVT.dcd AT STEP 16780
WRITING COORDINATES TO DCD FILE NVT.dcd AT STEP 16790
WRITING COORDINATES TO DCD FILE NVT.dcd AT STEP 16800
WRITING COORDINATES TO DCD FILE NVT.dcd AT STEP 16810
WRITING COORDINATES TO DCD FILE NVT.dcd AT STEP 16820
WRITING COORDINATES TO DCD FILE NVT.dcd AT STEP 16830
WRITING COORDINATES TO DCD FILE NVT.dcd AT STEP 16840
WRITING COORDINATES TO DCD FILE NVT.dcd AT STEP 16850
WRITING COORDINATES TO DCD FILE NVT.dcd AT STEP 16860
WRITING COORDINATES TO DCD FILE NVT.dcd AT STEP 16870
WRITING COORDINATES TO DCD FILE NVT.dcd AT STEP 16880
WRITING COORDINATES TO DCD FILE NVT.dcd AT STEP 16890
WRITING COORDINATES TO DCD FILE NVT.dcd AT STEP 16900
WRITING COORDINATES TO DCD FILE NVT.dcd AT STEP 16910
WRITING COORDINATES TO DCD FILE NVT.dcd AT STEP 16920
WRITING COORDINATES TO DCD FILE NVT.dcd AT STEP 16930
WRITING COORDINATES TO DCD FILE NVT.dcd AT STEP 16940
WRITING COORDINATES TO DCD FILE NVT.dcd AT STEP 16950
WRITING COORDINATES TO DCD FILE NVT.dcd AT STEP 16960
WRITING COORDINATES TO DCD FILE NVT.dcd AT STEP 16970
WRITING COORDINATES TO DCD FILE NVT.dcd AT STEP 16980
WRITING COORDINATES TO DCD FILE NVT.dcd AT STEP 16990
PRESSURE: 17000 187.31 -116.493 227.203 -116.493 135.703 111.538 227.203 111.538 244.53
GPRESSURE: 17000 294.67 -108.639 93.7371 -215.172 21.5488 219.726 412.819 68.5566 272.486
PRESSAVG: 17000 64.004 69.4758 -85.9122 69.4758 171.808 -27.3597 -85.9122 -27.3597 -11.8935
GPRESSAVG: 17000 63.9781 68.8721 -86.3334 69.402 171.982 -27.0136 -85.1679 -27.6989 -12.1003
ENERGY:   17000      1588.7487      9243.1718      5723.5819        68.5916         -60778.5874     -1233.8543         0.0000         0.0000     18619.5021         -26768.8455       300.5151    -45388.3476    -26620.5653       302.3107            189.1808       196.2349    265760.9684        74.6396        74.6200

WRITING COORDINATES TO DCD FILE NVT.dcd AT STEP 17000
WRITING COORDINATES TO DCD FILE NVT.dcd AT STEP 17010
WRITING COORDINATES TO DCD FILE NVT.dcd AT STEP 17020
WRITING COORDINATES TO DCD FILE NVT.dcd AT STEP 17030
WRITING COORDINATES TO DCD FILE NVT.dcd AT STEP 17040
WRITING COORDINATES TO DCD FILE NVT.dcd AT STEP 17050
WRITING COORDINATES TO DCD FILE NVT.dcd AT STEP 17060
WRITING COORDINATES TO DCD FILE NVT.dcd AT STEP 17070
WRITING COORDINATES TO DCD FILE NVT.dcd AT STEP 17080
WRITING COORDINATES TO DCD FILE NVT.dcd AT STEP 17090
WRITING COORDINATES TO DCD FILE NVT.dcd AT STEP 17100
WRITING COORDINATES TO DCD FILE NVT.dcd AT STEP 17110
WRITING COORDINATES TO DCD FILE NVT.dcd AT STEP 17120
WRITING COORDINATES TO DCD FILE NVT.dcd AT STEP 17130
WRITING COORDINATES TO DCD FILE NVT.dcd AT STEP 17140
WRITING COORDINATES TO DCD FILE NVT.dcd AT STEP 17150
WRITING COORDINATES TO DCD FILE NVT.dcd AT STEP 17160
WRITING COORDINATES TO DCD FILE NVT.dcd AT STEP 17170
WRITING COORDINATES TO DCD FILE NVT.dcd AT STEP 17180
WRITING COORDINATES TO DCD FILE NVT.dcd AT STEP 17190
WRITING COORDINATES TO DCD FILE NVT.dcd AT STEP 17200
WRITING COORDINATES TO DCD FILE NVT.dcd AT STEP 17210
WRITING COORDINATES TO DCD FILE NVT.dcd AT STEP 17220
WRITING COORDINATES TO DCD FILE NVT.dcd AT STEP 17230
WRITING COORDINATES TO DCD FILE NVT.dcd AT STEP 17240
WRITING COORDINATES TO DCD FILE NVT.dcd AT STEP 17250
WRITING COORDINATES TO DCD FILE NVT.dcd AT STEP 17260
WRITING COORDINATES TO DCD FILE NVT.dcd AT STEP 17270
WRITING COORDINATES TO DCD FILE NVT.dcd AT STEP 17280
WRITING COORDINATES TO DCD FILE NVT.dcd AT STEP 17290
WRITING COORDINATES TO DCD FILE NVT.dcd AT STEP 17300
WRITING COORDINATES TO DCD FILE NVT.dcd AT STEP 17310
WRITING COORDINATES TO DCD FILE NVT.dcd AT STEP 17320
WRITING COORDINATES TO DCD FILE NVT.dcd AT STEP 17330
WRITING COORDINATES TO DCD FILE NVT.dcd AT STEP 17340
WRITING COORDINATES TO DCD FILE NVT.dcd AT STEP 17350
WRITING COORDINATES TO DCD FILE NVT.dcd AT STEP 17360
WRITING COORDINATES TO DCD FILE NVT.dcd AT STEP 17370
WRITING COORDINATES TO DCD FILE NVT.dcd AT STEP 17380
WRITING COORDINATES TO DCD FILE NVT.dcd AT STEP 17390
WRITING COORDINATES TO DCD FILE NVT.dcd AT STEP 17400
WRITING COORDINATES TO DCD FILE NVT.dcd AT STEP 17410
WRITING COORDINATES TO DCD FILE NVT.dcd AT STEP 17420
WRITING COORDINATES TO DCD FILE NVT.dcd AT STEP 17430
WRITING COORDINATES TO DCD FILE NVT.dcd AT STEP 17440
WRITING COORDINATES TO DCD FILE NVT.dcd AT STEP 17450
WRITING COORDINATES TO DCD FILE NVT.dcd AT STEP 17460
WRITING COORDINATES TO DCD FILE NVT.dcd AT STEP 17470
WRITING COORDINATES TO DCD FILE NVT.dcd AT STEP 17480
WRITING COORDINATES TO DCD FILE NVT.dcd AT STEP 17490
WRITING COORDINATES TO DCD FILE NVT.dcd AT STEP 17500
WRITING COORDINATES TO DCD FILE NVT.dcd AT STEP 17510
WRITING COORDINATES TO DCD FILE NVT.dcd AT STEP 17520
WRITING COORDINATES TO DCD FILE NVT.dcd AT STEP 17530
WRITING COORDINATES TO DCD FILE NVT.dcd AT STEP 17540
WRITING COORDINATES TO DCD FILE NVT.dcd AT STEP 17550
WRITING COORDINATES TO DCD FILE NVT.dcd AT STEP 17560
WRITING COORDINATES TO DCD FILE NVT.dcd AT STEP 17570
WRITING COORDINATES TO DCD FILE NVT.dcd AT STEP 17580
WRITING COORDINATES TO DCD FILE NVT.dcd AT STEP 17590
WRITING COORDINATES TO DCD FILE NVT.dcd AT STEP 17600
WRITING COORDINATES TO DCD FILE NVT.dcd AT STEP 17610
WRITING COORDINATES TO DCD FILE NVT.dcd AT STEP 17620
WRITING COORDINATES TO DCD FILE NVT.dcd AT STEP 17630
WRITING COORDINATES TO DCD FILE NVT.dcd AT STEP 17640
WRITING COORDINATES TO DCD FILE NVT.dcd AT STEP 17650
WRITING COORDINATES TO DCD FILE NVT.dcd AT STEP 17660
WRITING COORDINATES TO DCD FILE NVT.dcd AT STEP 17670
WRITING COORDINATES TO DCD FILE NVT.dcd AT STEP 17680
WRITING COORDINATES TO DCD FILE NVT.dcd AT STEP 17690
WRITING COORDINATES TO DCD FILE NVT.dcd AT STEP 17700
WRITING COORDINATES TO DCD FILE NVT.dcd AT STEP 17710
WRITING COORDINATES TO DCD FILE NVT.dcd AT STEP 17720
WRITING COORDINATES TO DCD FILE NVT.dcd AT STEP 17730
WRITING COORDINATES TO DCD FILE NVT.dcd AT STEP 17740
WRITING COORDINATES TO DCD FILE NVT.dcd AT STEP 17750
WRITING COORDINATES TO DCD FILE NVT.dcd AT STEP 17760
WRITING COORDINATES TO DCD FILE NVT.dcd AT STEP 17770
WRITING COORDINATES TO DCD FILE NVT.dcd AT STEP 17780
WRITING COORDINATES TO DCD FILE NVT.dcd AT STEP 17790
WRITING COORDINATES TO DCD FILE NVT.dcd AT STEP 17800
WRITING COORDINATES TO DCD FILE NVT.dcd AT STEP 17810
WRITING COORDINATES TO DCD FILE NVT.dcd AT STEP 17820
WRITING COORDINATES TO DCD FILE NVT.dcd AT STEP 17830
WRITING COORDINATES TO DCD FILE NVT.dcd AT STEP 17840
WRITING COORDINATES TO DCD FILE NVT.dcd AT STEP 17850
WRITING COORDINATES TO DCD FILE NVT.dcd AT STEP 17860
WRITING COORDINATES TO DCD FILE NVT.dcd AT STEP 17870
WRITING COORDINATES TO DCD FILE NVT.dcd AT STEP 17880
WRITING COORDINATES TO DCD FILE NVT.dcd AT STEP 17890
WRITING COORDINATES TO DCD FILE NVT.dcd AT STEP 17900
WRITING COORDINATES TO DCD FILE NVT.dcd AT STEP 17910
WRITING COORDINATES TO DCD FILE NVT.dcd AT STEP 17920
WRITING COORDINATES TO DCD FILE NVT.dcd AT STEP 17930
WRITING COORDINATES TO DCD FILE NVT.dcd AT STEP 17940
WRITING COORDINATES TO DCD FILE NVT.dcd AT STEP 17950
WRITING COORDINATES TO DCD FILE NVT.dcd AT STEP 17960
WRITING COORDINATES TO DCD FILE NVT.dcd AT STEP 17970
WRITING COORDINATES TO DCD FILE NVT.dcd AT STEP 17980
WRITING COORDINATES TO DCD FILE NVT.dcd AT STEP 17990
PRESSURE: 18000 128.395 -67.248 52.3688 -67.248 141.19 -333.417 52.3688 -333.417 268.917
GPRESSURE: 18000 41.863 -187.479 -83.2861 8.66077 255.511 -245.82 -87.2471 -362.23 317.906
PRESSAVG: 18000 68.2351 99.4859 -41.2285 99.4859 100.385 0.959835 -41.2285 0.959835 30.7867
GPRESSAVG: 18000 67.4698 99.1458 -41.0375 99.489 100.723 0.00853152 -42.559 2.18784 31.3768
ENERGY:   18000      1597.1546      9236.6842      5728.6707        75.4361         -60872.5865     -1160.9795         0.0000         0.0000     18890.5365         -26505.0840       304.8895    -45395.6205    -26353.8488       301.7566            179.5009       205.0931    265760.9684        66.4690        66.5231

WRITING COORDINATES TO DCD FILE NVT.dcd AT STEP 18000
WRITING COORDINATES TO DCD FILE NVT.dcd AT STEP 18010
WRITING COORDINATES TO DCD FILE NVT.dcd AT STEP 18020
WRITING COORDINATES TO DCD FILE NVT.dcd AT STEP 18030
WRITING COORDINATES TO DCD FILE NVT.dcd AT STEP 18040
WRITING COORDINATES TO DCD FILE NVT.dcd AT STEP 18050
WRITING COORDINATES TO DCD FILE NVT.dcd AT STEP 18060
WRITING COORDINATES TO DCD FILE NVT.dcd AT STEP 18070
WRITING COORDINATES TO DCD FILE NVT.dcd AT STEP 18080
WRITING COORDINATES TO DCD FILE NVT.dcd AT STEP 18090
WRITING COORDINATES TO DCD FILE NVT.dcd AT STEP 18100
WRITING COORDINATES TO DCD FILE NVT.dcd AT STEP 18110
WRITING COORDINATES TO DCD FILE NVT.dcd AT STEP 18120
WRITING COORDINATES TO DCD FILE NVT.dcd AT STEP 18130
WRITING COORDINATES TO DCD FILE NVT.dcd AT STEP 18140
LDB: ============= START OF LOAD BALANCING ============== 3033.91
LDB: ============== END OF LOAD BALANCING =============== 3033.91
LDB: =============== DONE WITH MIGRATION ================ 3033.91
WRITING COORDINATES TO DCD FILE NVT.dcd AT STEP 18150
WRITING COORDINATES TO DCD FILE NVT.dcd AT STEP 18160
WRITING COORDINATES TO DCD FILE NVT.dcd AT STEP 18170
WRITING COORDINATES TO DCD FILE NVT.dcd AT STEP 18180
WRITING COORDINATES TO DCD FILE NVT.dcd AT STEP 18190
LDB: ============= START OF LOAD BALANCING ============== 3042.25
LDB: ============== END OF LOAD BALANCING =============== 3042.25
LDB: =============== DONE WITH MIGRATION ================ 3042.25
WRITING COORDINATES TO DCD FILE NVT.dcd AT STEP 18200
WRITING COORDINATES TO DCD FILE NVT.dcd AT STEP 18210
WRITING COORDINATES TO DCD FILE NVT.dcd AT STEP 18220
WRITING COORDINATES TO DCD FILE NVT.dcd AT STEP 18230
WRITING COORDINATES TO DCD FILE NVT.dcd AT STEP 18240
WRITING COORDINATES TO DCD FILE NVT.dcd AT STEP 18250
WRITING COORDINATES TO DCD FILE NVT.dcd AT STEP 18260
WRITING COORDINATES TO DCD FILE NVT.dcd AT STEP 18270
WRITING COORDINATES TO DCD FILE NVT.dcd AT STEP 18280
WRITING COORDINATES TO DCD FILE NVT.dcd AT STEP 18290
WRITING COORDINATES TO DCD FILE NVT.dcd AT STEP 18300
WRITING COORDINATES TO DCD FILE NVT.dcd AT STEP 18310
WRITING COORDINATES TO DCD FILE NVT.dcd AT STEP 18320
WRITING COORDINATES TO DCD FILE NVT.dcd AT STEP 18330
WRITING COORDINATES TO DCD FILE NVT.dcd AT STEP 18340
WRITING COORDINATES TO DCD FILE NVT.dcd AT STEP 18350
WRITING COORDINATES TO DCD FILE NVT.dcd AT STEP 18360
WRITING COORDINATES TO DCD FILE NVT.dcd AT STEP 18370
WRITING COORDINATES TO DCD FILE NVT.dcd AT STEP 18380
WRITING COORDINATES TO DCD FILE NVT.dcd AT STEP 18390
WRITING COORDINATES TO DCD FILE NVT.dcd AT STEP 18400
WRITING COORDINATES TO DCD FILE NVT.dcd AT STEP 18410
WRITING COORDINATES TO DCD FILE NVT.dcd AT STEP 18420
WRITING COORDINATES TO DCD FILE NVT.dcd AT STEP 18430
WRITING COORDINATES TO DCD FILE NVT.dcd AT STEP 18440
WRITING COORDINATES TO DCD FILE NVT.dcd AT STEP 18450
WRITING COORDINATES TO DCD FILE NVT.dcd AT STEP 18460
WRITING COORDINATES TO DCD FILE NVT.dcd AT STEP 18470
WRITING COORDINATES TO DCD FILE NVT.dcd AT STEP 18480
WRITING COORDINATES TO DCD FILE NVT.dcd AT STEP 18490
WRITING COORDINATES TO DCD FILE NVT.dcd AT STEP 18500
WRITING COORDINATES TO DCD FILE NVT.dcd AT STEP 18510
WRITING COORDINATES TO DCD FILE NVT.dcd AT STEP 18520
WRITING COORDINATES TO DCD FILE NVT.dcd AT STEP 18530
WRITING COORDINATES TO DCD FILE NVT.dcd AT STEP 18540
WRITING COORDINATES TO DCD FILE NVT.dcd AT STEP 18550
WRITING COORDINATES TO DCD FILE NVT.dcd AT STEP 18560
WRITING COORDINATES TO DCD FILE NVT.dcd AT STEP 18570
WRITING COORDINATES TO DCD FILE NVT.dcd AT STEP 18580
WRITING COORDINATES TO DCD FILE NVT.dcd AT STEP 18590
WRITING COORDINATES TO DCD FILE NVT.dcd AT STEP 18600
WRITING COORDINATES TO DCD FILE NVT.dcd AT STEP 18610
WRITING COORDINATES TO DCD FILE NVT.dcd AT STEP 18620
WRITING COORDINATES TO DCD FILE NVT.dcd AT STEP 18630
WRITING COORDINATES TO DCD FILE NVT.dcd AT STEP 18640
WRITING COORDINATES TO DCD FILE NVT.dcd AT STEP 18650
WRITING COORDINATES TO DCD FILE NVT.dcd AT STEP 18660
WRITING COORDINATES TO DCD FILE NVT.dcd AT STEP 18670
WRITING COORDINATES TO DCD FILE NVT.dcd AT STEP 18680
WRITING COORDINATES TO DCD FILE NVT.dcd AT STEP 18690
WRITING COORDINATES TO DCD FILE NVT.dcd AT STEP 18700
WRITING COORDINATES TO DCD FILE NVT.dcd AT STEP 18710
WRITING COORDINATES TO DCD FILE NVT.dcd AT STEP 18720
WRITING COORDINATES TO DCD FILE NVT.dcd AT STEP 18730
WRITING COORDINATES TO DCD FILE NVT.dcd AT STEP 18740
WRITING COORDINATES TO DCD FILE NVT.dcd AT STEP 18750
WRITING COORDINATES TO DCD FILE NVT.dcd AT STEP 18760
WRITING COORDINATES TO DCD FILE NVT.dcd AT STEP 18770
WRITING COORDINATES TO DCD FILE NVT.dcd AT STEP 18780
WRITING COORDINATES TO DCD FILE NVT.dcd AT STEP 18790
WRITING COORDINATES TO DCD FILE NVT.dcd AT STEP 18800
WRITING COORDINATES TO DCD FILE NVT.dcd AT STEP 18810
WRITING COORDINATES TO DCD FILE NVT.dcd AT STEP 18820
WRITING COORDINATES TO DCD FILE NVT.dcd AT STEP 18830
WRITING COORDINATES TO DCD FILE NVT.dcd AT STEP 18840
WRITING COORDINATES TO DCD FILE NVT.dcd AT STEP 18850
WRITING COORDINATES TO DCD FILE NVT.dcd AT STEP 18860
WRITING COORDINATES TO DCD FILE NVT.dcd AT STEP 18870
WRITING COORDINATES TO DCD FILE NVT.dcd AT STEP 18880
WRITING COORDINATES TO DCD FILE NVT.dcd AT STEP 18890
WRITING COORDINATES TO DCD FILE NVT.dcd AT STEP 18900
WRITING COORDINATES TO DCD FILE NVT.dcd AT STEP 18910
WRITING COORDINATES TO DCD FILE NVT.dcd AT STEP 18920
WRITING COORDINATES TO DCD FILE NVT.dcd AT STEP 18930
WRITING COORDINATES TO DCD FILE NVT.dcd AT STEP 18940
WRITING COORDINATES TO DCD FILE NVT.dcd AT STEP 18950
WRITING COORDINATES TO DCD FILE NVT.dcd AT STEP 18960
WRITING COORDINATES TO DCD FILE NVT.dcd AT STEP 18970
WRITING COORDINATES TO DCD FILE NVT.dcd AT STEP 18980
WRITING COORDINATES TO DCD FILE NVT.dcd AT STEP 18990
PRESSURE: 19000 773.406 267.921 -52.475 267.921 258.084 461.064 -52.475 461.064 835.065
GPRESSURE: 19000 696.674 271.604 28.0264 -60.7153 404.064 233.998 281.746 296.598 811.368
PRESSAVG: 19000 111.71 73.6968 18.7939 73.6968 92.3744 -13.5153 18.7939 -13.5153 88.1921
GPRESSAVG: 19000 111.749 74.2031 18.435 73.4836 92.5273 -13.7225 19.6238 -12.9453 87.9015
ENERGY:   19000      1587.8177      9335.2353      5741.3197        71.3022         -60843.8608     -1206.9233         0.0000         0.0000     18664.7839         -26650.3252       301.2459    -45315.1091    -26509.3579       303.0325            622.1852       637.3688    265760.9684        97.4254        97.3927

WRITING COORDINATES TO DCD FILE NVT.dcd AT STEP 19000
WRITING COORDINATES TO DCD FILE NVT.dcd AT STEP 19010
WRITING COORDINATES TO DCD FILE NVT.dcd AT STEP 19020
WRITING COORDINATES TO DCD FILE NVT.dcd AT STEP 19030
WRITING COORDINATES TO DCD FILE NVT.dcd AT STEP 19040
WRITING COORDINATES TO DCD FILE NVT.dcd AT STEP 19050
WRITING COORDINATES TO DCD FILE NVT.dcd AT STEP 19060
WRITING COORDINATES TO DCD FILE NVT.dcd AT STEP 19070
WRITING COORDINATES TO DCD FILE NVT.dcd AT STEP 19080
WRITING COORDINATES TO DCD FILE NVT.dcd AT STEP 19090
WRITING COORDINATES TO DCD FILE NVT.dcd AT STEP 19100
WRITING COORDINATES TO DCD FILE NVT.dcd AT STEP 19110
WRITING COORDINATES TO DCD FILE NVT.dcd AT STEP 19120
WRITING COORDINATES TO DCD FILE NVT.dcd AT STEP 19130
WRITING COORDINATES TO DCD FILE NVT.dcd AT STEP 19140
WRITING COORDINATES TO DCD FILE NVT.dcd AT STEP 19150
WRITING COORDINATES TO DCD FILE NVT.dcd AT STEP 19160
WRITING COORDINATES TO DCD FILE NVT.dcd AT STEP 19170
WRITING COORDINATES TO DCD FILE NVT.dcd AT STEP 19180
WRITING COORDINATES TO DCD FILE NVT.dcd AT STEP 19190
WRITING COORDINATES TO DCD FILE NVT.dcd AT STEP 19200
WRITING COORDINATES TO DCD FILE NVT.dcd AT STEP 19210
WRITING COORDINATES TO DCD FILE NVT.dcd AT STEP 19220
WRITING COORDINATES TO DCD FILE NVT.dcd AT STEP 19230
WRITING COORDINATES TO DCD FILE NVT.dcd AT STEP 19240
WRITING COORDINATES TO DCD FILE NVT.dcd AT STEP 19250
WRITING COORDINATES TO DCD FILE NVT.dcd AT STEP 19260
WRITING COORDINATES TO DCD FILE NVT.dcd AT STEP 19270
WRITING COORDINATES TO DCD FILE NVT.dcd AT STEP 19280
WRITING COORDINATES TO DCD FILE NVT.dcd AT STEP 19290
WRITING COORDINATES TO DCD FILE NVT.dcd AT STEP 19300
WRITING COORDINATES TO DCD FILE NVT.dcd AT STEP 19310
WRITING COORDINATES TO DCD FILE NVT.dcd AT STEP 19320
WRITING COORDINATES TO DCD FILE NVT.dcd AT STEP 19330
WRITING COORDINATES TO DCD FILE NVT.dcd AT STEP 19340
WRITING COORDINATES TO DCD FILE NVT.dcd AT STEP 19350
WRITING COORDINATES TO DCD FILE NVT.dcd AT STEP 19360
WRITING COORDINATES TO DCD FILE NVT.dcd AT STEP 19370
WRITING COORDINATES TO DCD FILE NVT.dcd AT STEP 19380
WRITING COORDINATES TO DCD FILE NVT.dcd AT STEP 19390
WRITING COORDINATES TO DCD FILE NVT.dcd AT STEP 19400
WRITING COORDINATES TO DCD FILE NVT.dcd AT STEP 19410
WRITING COORDINATES TO DCD FILE NVT.dcd AT STEP 19420
WRITING COORDINATES TO DCD FILE NVT.dcd AT STEP 19430
WRITING COORDINATES TO DCD FILE NVT.dcd AT STEP 19440
WRITING COORDINATES TO DCD FILE NVT.dcd AT STEP 19450
WRITING COORDINATES TO DCD FILE NVT.dcd AT STEP 19460
WRITING COORDINATES TO DCD FILE NVT.dcd AT STEP 19470
WRITING COORDINATES TO DCD FILE NVT.dcd AT STEP 19480
WRITING COORDINATES TO DCD FILE NVT.dcd AT STEP 19490
WRITING COORDINATES TO DCD FILE NVT.dcd AT STEP 19500
WRITING COORDINATES TO DCD FILE NVT.dcd AT STEP 19510
WRITING COORDINATES TO DCD FILE NVT.dcd AT STEP 19520
WRITING COORDINATES TO DCD FILE NVT.dcd AT STEP 19530
WRITING COORDINATES TO DCD FILE NVT.dcd AT STEP 19540
WRITING COORDINATES TO DCD FILE NVT.dcd AT STEP 19550
WRITING COORDINATES TO DCD FILE NVT.dcd AT STEP 19560
WRITING COORDINATES TO DCD FILE NVT.dcd AT STEP 19570
WRITING COORDINATES TO DCD FILE NVT.dcd AT STEP 19580
WRITING COORDINATES TO DCD FILE NVT.dcd AT STEP 19590
WRITING COORDINATES TO DCD FILE NVT.dcd AT STEP 19600
WRITING COORDINATES TO DCD FILE NVT.dcd AT STEP 19610
WRITING COORDINATES TO DCD FILE NVT.dcd AT STEP 19620
WRITING COORDINATES TO DCD FILE NVT.dcd AT STEP 19630
WRITING COORDINATES TO DCD FILE NVT.dcd AT STEP 19640
WRITING COORDINATES TO DCD FILE NVT.dcd AT STEP 19650
WRITING COORDINATES TO DCD FILE NVT.dcd AT STEP 19660
WRITING COORDINATES TO DCD FILE NVT.dcd AT STEP 19670
WRITING COORDINATES TO DCD FILE NVT.dcd AT STEP 19680
WRITING COORDINATES TO DCD FILE NVT.dcd AT STEP 19690
WRITING COORDINATES TO DCD FILE NVT.dcd AT STEP 19700
WRITING COORDINATES TO DCD FILE NVT.dcd AT STEP 19710
WRITING COORDINATES TO DCD FILE NVT.dcd AT STEP 19720
WRITING COORDINATES TO DCD FILE NVT.dcd AT STEP 19730
WRITING COORDINATES TO DCD FILE NVT.dcd AT STEP 19740
WRITING COORDINATES TO DCD FILE NVT.dcd AT STEP 19750
WRITING COORDINATES TO DCD FILE NVT.dcd AT STEP 19760
WRITING COORDINATES TO DCD FILE NVT.dcd AT STEP 19770
WRITING COORDINATES TO DCD FILE NVT.dcd AT STEP 19780
WRITING COORDINATES TO DCD FILE NVT.dcd AT STEP 19790
WRITING COORDINATES TO DCD FILE NVT.dcd AT STEP 19800
WRITING COORDINATES TO DCD FILE NVT.dcd AT STEP 19810
WRITING COORDINATES TO DCD FILE NVT.dcd AT STEP 19820
WRITING COORDINATES TO DCD FILE NVT.dcd AT STEP 19830
WRITING COORDINATES TO DCD FILE NVT.dcd AT STEP 19840
WRITING COORDINATES TO DCD FILE NVT.dcd AT STEP 19850
WRITING COORDINATES TO DCD FILE NVT.dcd AT STEP 19860
WRITING COORDINATES TO DCD FILE NVT.dcd AT STEP 19870
WRITING COORDINATES TO DCD FILE NVT.dcd AT STEP 19880
WRITING COORDINATES TO DCD FILE NVT.dcd AT STEP 19890
WRITING COORDINATES TO DCD FILE NVT.dcd AT STEP 19900
WRITING COORDINATES TO DCD FILE NVT.dcd AT STEP 19910
WRITING COORDINATES TO DCD FILE NVT.dcd AT STEP 19920
WRITING COORDINATES TO DCD FILE NVT.dcd AT STEP 19930
WRITING COORDINATES TO DCD FILE NVT.dcd AT STEP 19940
WRITING COORDINATES TO DCD FILE NVT.dcd AT STEP 19950
WRITING COORDINATES TO DCD FILE NVT.dcd AT STEP 19960
WRITING COORDINATES TO DCD FILE NVT.dcd AT STEP 19970
WRITING COORDINATES TO DCD FILE NVT.dcd AT STEP 19980
WRITING COORDINATES TO DCD FILE NVT.dcd AT STEP 19990
PRESSURE: 20000 73.8469 -102.319 124.386 -102.319 544 89.129 124.386 89.129 168.293
GPRESSURE: 20000 85.0465 -227.042 155.25 70.7413 433.378 147.861 -79.8249 43.3175 297.09
PRESSAVG: 20000 159.447 24.5615 -38.1327 24.5615 210.277 -19.4238 -38.1327 -19.4238 160.633
GPRESSAVG: 20000 158.933 24.5254 -38.5258 24.4484 210.462 -18.7556 -38.4908 -19.6698 161.207
TIMING: 20000  CPU: 3317.32, 0.166437/step  Wall: 3317.41, 0.166442/step, 1.38702 hours remaining, 841.308426 MB of memory in use.
PERFORMANCE: 20000  averaging 1.04189 ns/day, 0.165852 sec/step with standard deviation 0.000834691
ETITLE:      TS           BOND          ANGLE          DIHED          IMPRP               ELECT            VDW       BOUNDARY           MISC        KINETIC               TOTAL           TEMP      POTENTIAL         TOTAL3        TEMPAVG            PRESSURE      GPRESSURE         VOLUME       PRESSAVG      GPRESSAVG

ENERGY:   20000      1589.0118      9196.4346      5720.3267        75.2016         -60779.5983     -1148.5116         0.0000         0.0000     18703.5652         -26643.5701       301.8718    -45347.1353    -26498.0939       302.4562            262.0467       271.8384    265760.9684       176.7858       176.8674

WRITING EXTENDED SYSTEM TO RESTART FILE AT STEP 20000
WRITING COORDINATES TO DCD FILE NVT.dcd AT STEP 20000
WRITING COORDINATES TO RESTART FILE AT STEP 20000
FINISHED WRITING RESTART COORDINATES
WRITING VELOCITIES TO RESTART FILE AT STEP 20000
FINISHED WRITING RESTART VELOCITIES
The last velocity output (seq=20000) takes 0.000 seconds, 841.308 MB of memory in use
WRITING COORDINATES TO DCD FILE NVT.dcd AT STEP 20010
WRITING COORDINATES TO DCD FILE NVT.dcd AT STEP 20020
WRITING COORDINATES TO DCD FILE NVT.dcd AT STEP 20030
WRITING COORDINATES TO DCD FILE NVT.dcd AT STEP 20040
WRITING COORDINATES TO DCD FILE NVT.dcd AT STEP 20050
WRITING COORDINATES TO DCD FILE NVT.dcd AT STEP 20060
WRITING COORDINATES TO DCD FILE NVT.dcd AT STEP 20070
WRITING COORDINATES TO DCD FILE NVT.dcd AT STEP 20080
WRITING COORDINATES TO DCD FILE NVT.dcd AT STEP 20090
WRITING COORDINATES TO DCD FILE NVT.dcd AT STEP 20100
WRITING COORDINATES TO DCD FILE NVT.dcd AT STEP 20110
WRITING COORDINATES TO DCD FILE NVT.dcd AT STEP 20120
WRITING COORDINATES TO DCD FILE NVT.dcd AT STEP 20130
WRITING COORDINATES TO DCD FILE NVT.dcd AT STEP 20140
LDB: ============= START OF LOAD BALANCING ============== 3367.05
LDB: ============== END OF LOAD BALANCING =============== 3367.05
LDB: =============== DONE WITH MIGRATION ================ 3367.05
WRITING COORDINATES TO DCD FILE NVT.dcd AT STEP 20150
WRITING COORDINATES TO DCD FILE NVT.dcd AT STEP 20160
WRITING COORDINATES TO DCD FILE NVT.dcd AT STEP 20170
WRITING COORDINATES TO DCD FILE NVT.dcd AT STEP 20180
WRITING COORDINATES TO DCD FILE NVT.dcd AT STEP 20190
LDB: ============= START OF LOAD BALANCING ============== 3375.37
LDB: ============== END OF LOAD BALANCING =============== 3375.37
LDB: =============== DONE WITH MIGRATION ================ 3375.37
WRITING COORDINATES TO DCD FILE NVT.dcd AT STEP 20200
WRITING COORDINATES TO DCD FILE NVT.dcd AT STEP 20210
WRITING COORDINATES TO DCD FILE NVT.dcd AT STEP 20220
WRITING COORDINATES TO DCD FILE NVT.dcd AT STEP 20230
WRITING COORDINATES TO DCD FILE NVT.dcd AT STEP 20240
WRITING COORDINATES TO DCD FILE NVT.dcd AT STEP 20250
WRITING COORDINATES TO DCD FILE NVT.dcd AT STEP 20260
WRITING COORDINATES TO DCD FILE NVT.dcd AT STEP 20270
WRITING COORDINATES TO DCD FILE NVT.dcd AT STEP 20280
WRITING COORDINATES TO DCD FILE NVT.dcd AT STEP 20290
WRITING COORDINATES TO DCD FILE NVT.dcd AT STEP 20300
WRITING COORDINATES TO DCD FILE NVT.dcd AT STEP 20310
WRITING COORDINATES TO DCD FILE NVT.dcd AT STEP 20320
WRITING COORDINATES TO DCD FILE NVT.dcd AT STEP 20330
WRITING COORDINATES TO DCD FILE NVT.dcd AT STEP 20340
WRITING COORDINATES TO DCD FILE NVT.dcd AT STEP 20350
WRITING COORDINATES TO DCD FILE NVT.dcd AT STEP 20360
WRITING COORDINATES TO DCD FILE NVT.dcd AT STEP 20370
WRITING COORDINATES TO DCD FILE NVT.dcd AT STEP 20380
WRITING COORDINATES TO DCD FILE NVT.dcd AT STEP 20390
WRITING COORDINATES TO DCD FILE NVT.dcd AT STEP 20400
WRITING COORDINATES TO DCD FILE NVT.dcd AT STEP 20410
WRITING COORDINATES TO DCD FILE NVT.dcd AT STEP 20420
WRITING COORDINATES TO DCD FILE NVT.dcd AT STEP 20430
WRITING COORDINATES TO DCD FILE NVT.dcd AT STEP 20440
WRITING COORDINATES TO DCD FILE NVT.dcd AT STEP 20450
WRITING COORDINATES TO DCD FILE NVT.dcd AT STEP 20460
WRITING COORDINATES TO DCD FILE NVT.dcd AT STEP 20470
WRITING COORDINATES TO DCD FILE NVT.dcd AT STEP 20480
WRITING COORDINATES TO DCD FILE NVT.dcd AT STEP 20490
WRITING COORDINATES TO DCD FILE NVT.dcd AT STEP 20500
WRITING COORDINATES TO DCD FILE NVT.dcd AT STEP 20510
WRITING COORDINATES TO DCD FILE NVT.dcd AT STEP 20520
WRITING COORDINATES TO DCD FILE NVT.dcd AT STEP 20530
WRITING COORDINATES TO DCD FILE NVT.dcd AT STEP 20540
WRITING COORDINATES TO DCD FILE NVT.dcd AT STEP 20550
WRITING COORDINATES TO DCD FILE NVT.dcd AT STEP 20560
WRITING COORDINATES TO DCD FILE NVT.dcd AT STEP 20570
WRITING COORDINATES TO DCD FILE NVT.dcd AT STEP 20580
WRITING COORDINATES TO DCD FILE NVT.dcd AT STEP 20590
WRITING COORDINATES TO DCD FILE NVT.dcd AT STEP 20600
WRITING COORDINATES TO DCD FILE NVT.dcd AT STEP 20610
WRITING COORDINATES TO DCD FILE NVT.dcd AT STEP 20620
WRITING COORDINATES TO DCD FILE NVT.dcd AT STEP 20630
WRITING COORDINATES TO DCD FILE NVT.dcd AT STEP 20640
WRITING COORDINATES TO DCD FILE NVT.dcd AT STEP 20650
WRITING COORDINATES TO DCD FILE NVT.dcd AT STEP 20660
WRITING COORDINATES TO DCD FILE NVT.dcd AT STEP 20670
WRITING COORDINATES TO DCD FILE NVT.dcd AT STEP 20680
WRITING COORDINATES TO DCD FILE NVT.dcd AT STEP 20690
WRITING COORDINATES TO DCD FILE NVT.dcd AT STEP 20700
WRITING COORDINATES TO DCD FILE NVT.dcd AT STEP 20710
WRITING COORDINATES TO DCD FILE NVT.dcd AT STEP 20720
WRITING COORDINATES TO DCD FILE NVT.dcd AT STEP 20730
WRITING COORDINATES TO DCD FILE NVT.dcd AT STEP 20740
WRITING COORDINATES TO DCD FILE NVT.dcd AT STEP 20750
WRITING COORDINATES TO DCD FILE NVT.dcd AT STEP 20760
WRITING COORDINATES TO DCD FILE NVT.dcd AT STEP 20770
WRITING COORDINATES TO DCD FILE NVT.dcd AT STEP 20780
WRITING COORDINATES TO DCD FILE NVT.dcd AT STEP 20790
WRITING COORDINATES TO DCD FILE NVT.dcd AT STEP 20800
WRITING COORDINATES TO DCD FILE NVT.dcd AT STEP 20810
WRITING COORDINATES TO DCD FILE NVT.dcd AT STEP 20820
WRITING COORDINATES TO DCD FILE NVT.dcd AT STEP 20830
WRITING COORDINATES TO DCD FILE NVT.dcd AT STEP 20840
WRITING COORDINATES TO DCD FILE NVT.dcd AT STEP 20850
WRITING COORDINATES TO DCD FILE NVT.dcd AT STEP 20860
WRITING COORDINATES TO DCD FILE NVT.dcd AT STEP 20870
WRITING COORDINATES TO DCD FILE NVT.dcd AT STEP 20880
WRITING COORDINATES TO DCD FILE NVT.dcd AT STEP 20890
WRITING COORDINATES TO DCD FILE NVT.dcd AT STEP 20900
WRITING COORDINATES TO DCD FILE NVT.dcd AT STEP 20910
WRITING COORDINATES TO DCD FILE NVT.dcd AT STEP 20920
WRITING COORDINATES TO DCD FILE NVT.dcd AT STEP 20930
WRITING COORDINATES TO DCD FILE NVT.dcd AT STEP 20940
WRITING COORDINATES TO DCD FILE NVT.dcd AT STEP 20950
WRITING COORDINATES TO DCD FILE NVT.dcd AT STEP 20960
WRITING COORDINATES TO DCD FILE NVT.dcd AT STEP 20970
WRITING COORDINATES TO DCD FILE NVT.dcd AT STEP 20980
WRITING COORDINATES TO DCD FILE NVT.dcd AT STEP 20990
PRESSURE: 21000 676.46 -166.187 127.236 -166.187 -208.334 -290.25 127.236 -290.25 342.065
GPRESSURE: 21000 669.498 -11.5788 142.792 -120.065 -269.119 -242.009 16.1099 -33.197 466.812
PRESSAVG: 21000 31.9544 29.3302 1.32848 29.3302 180.638 42.0029 1.32848 42.0029 214.252
GPRESSAVG: 21000 32.4649 29.244 1.53708 30.3021 180.066 42.0183 1.10744 40.9267 214.388
ENERGY:   21000      1571.2997      9195.0894      5686.7879        59.7910         -60374.7186     -1356.6513         0.0000         0.0000     18775.0489         -26443.3531       303.0256    -45218.4020    -26291.9748       303.2346            270.0637       289.0639    265760.9684       142.2813       142.3063

WRITING COORDINATES TO DCD FILE NVT.dcd AT STEP 21000
WRITING COORDINATES TO DCD FILE NVT.dcd AT STEP 21010
WRITING COORDINATES TO DCD FILE NVT.dcd AT STEP 21020
WRITING COORDINATES TO DCD FILE NVT.dcd AT STEP 21030
WRITING COORDINATES TO DCD FILE NVT.dcd AT STEP 21040
WRITING COORDINATES TO DCD FILE NVT.dcd AT STEP 21050
WRITING COORDINATES TO DCD FILE NVT.dcd AT STEP 21060
WRITING COORDINATES TO DCD FILE NVT.dcd AT STEP 21070
WRITING COORDINATES TO DCD FILE NVT.dcd AT STEP 21080
WRITING COORDINATES TO DCD FILE NVT.dcd AT STEP 21090
WRITING COORDINATES TO DCD FILE NVT.dcd AT STEP 21100
WRITING COORDINATES TO DCD FILE NVT.dcd AT STEP 21110
WRITING COORDINATES TO DCD FILE NVT.dcd AT STEP 21120
WRITING COORDINATES TO DCD FILE NVT.dcd AT STEP 21130
WRITING COORDINATES TO DCD FILE NVT.dcd AT STEP 21140
WRITING COORDINATES TO DCD FILE NVT.dcd AT STEP 21150
WRITING COORDINATES TO DCD FILE NVT.dcd AT STEP 21160
WRITING COORDINATES TO DCD FILE NVT.dcd AT STEP 21170
WRITING COORDINATES TO DCD FILE NVT.dcd AT STEP 21180
WRITING COORDINATES TO DCD FILE NVT.dcd AT STEP 21190
WRITING COORDINATES TO DCD FILE NVT.dcd AT STEP 21200
WRITING COORDINATES TO DCD FILE NVT.dcd AT STEP 21210
WRITING COORDINATES TO DCD FILE NVT.dcd AT STEP 21220
WRITING COORDINATES TO DCD FILE NVT.dcd AT STEP 21230
WRITING COORDINATES TO DCD FILE NVT.dcd AT STEP 21240
WRITING COORDINATES TO DCD FILE NVT.dcd AT STEP 21250
WRITING COORDINATES TO DCD FILE NVT.dcd AT STEP 21260
WRITING COORDINATES TO DCD FILE NVT.dcd AT STEP 21270
WRITING COORDINATES TO DCD FILE NVT.dcd AT STEP 21280
WRITING COORDINATES TO DCD FILE NVT.dcd AT STEP 21290
WRITING COORDINATES TO DCD FILE NVT.dcd AT STEP 21300
WRITING COORDINATES TO DCD FILE NVT.dcd AT STEP 21310
WRITING COORDINATES TO DCD FILE NVT.dcd AT STEP 21320
WRITING COORDINATES TO DCD FILE NVT.dcd AT STEP 21330
WRITING COORDINATES TO DCD FILE NVT.dcd AT STEP 21340
WRITING COORDINATES TO DCD FILE NVT.dcd AT STEP 21350
WRITING COORDINATES TO DCD FILE NVT.dcd AT STEP 21360
WRITING COORDINATES TO DCD FILE NVT.dcd AT STEP 21370
WRITING COORDINATES TO DCD FILE NVT.dcd AT STEP 21380
WRITING COORDINATES TO DCD FILE NVT.dcd AT STEP 21390
WRITING COORDINATES TO DCD FILE NVT.dcd AT STEP 21400
WRITING COORDINATES TO DCD FILE NVT.dcd AT STEP 21410
WRITING COORDINATES TO DCD FILE NVT.dcd AT STEP 21420
WRITING COORDINATES TO DCD FILE NVT.dcd AT STEP 21430
WRITING COORDINATES TO DCD FILE NVT.dcd AT STEP 21440
WRITING COORDINATES TO DCD FILE NVT.dcd AT STEP 21450
WRITING COORDINATES TO DCD FILE NVT.dcd AT STEP 21460
WRITING COORDINATES TO DCD FILE NVT.dcd AT STEP 21470
WRITING COORDINATES TO DCD FILE NVT.dcd AT STEP 21480
WRITING COORDINATES TO DCD FILE NVT.dcd AT STEP 21490
WRITING COORDINATES TO DCD FILE NVT.dcd AT STEP 21500
WRITING COORDINATES TO DCD FILE NVT.dcd AT STEP 21510
WRITING COORDINATES TO DCD FILE NVT.dcd AT STEP 21520
WRITING COORDINATES TO DCD FILE NVT.dcd AT STEP 21530
WRITING COORDINATES TO DCD FILE NVT.dcd AT STEP 21540
WRITING COORDINATES TO DCD FILE NVT.dcd AT STEP 21550
WRITING COORDINATES TO DCD FILE NVT.dcd AT STEP 21560
WRITING COORDINATES TO DCD FILE NVT.dcd AT STEP 21570
WRITING COORDINATES TO DCD FILE NVT.dcd AT STEP 21580
WRITING COORDINATES TO DCD FILE NVT.dcd AT STEP 21590
WRITING COORDINATES TO DCD FILE NVT.dcd AT STEP 21600
WRITING COORDINATES TO DCD FILE NVT.dcd AT STEP 21610
WRITING COORDINATES TO DCD FILE NVT.dcd AT STEP 21620
WRITING COORDINATES TO DCD FILE NVT.dcd AT STEP 21630
WRITING COORDINATES TO DCD FILE NVT.dcd AT STEP 21640
WRITING COORDINATES TO DCD FILE NVT.dcd AT STEP 21650
WRITING COORDINATES TO DCD FILE NVT.dcd AT STEP 21660
WRITING COORDINATES TO DCD FILE NVT.dcd AT STEP 21670
WRITING COORDINATES TO DCD FILE NVT.dcd AT STEP 21680
WRITING COORDINATES TO DCD FILE NVT.dcd AT STEP 21690
WRITING COORDINATES TO DCD FILE NVT.dcd AT STEP 21700
WRITING COORDINATES TO DCD FILE NVT.dcd AT STEP 21710
WRITING COORDINATES TO DCD FILE NVT.dcd AT STEP 21720
WRITING COORDINATES TO DCD FILE NVT.dcd AT STEP 21730
WRITING COORDINATES TO DCD FILE NVT.dcd AT STEP 21740
WRITING COORDINATES TO DCD FILE NVT.dcd AT STEP 21750
WRITING COORDINATES TO DCD FILE NVT.dcd AT STEP 21760
WRITING COORDINATES TO DCD FILE NVT.dcd AT STEP 21770
WRITING COORDINATES TO DCD FILE NVT.dcd AT STEP 21780
WRITING COORDINATES TO DCD FILE NVT.dcd AT STEP 21790
WRITING COORDINATES TO DCD FILE NVT.dcd AT STEP 21800
WRITING COORDINATES TO DCD FILE NVT.dcd AT STEP 21810
WRITING COORDINATES TO DCD FILE NVT.dcd AT STEP 21820
WRITING COORDINATES TO DCD FILE NVT.dcd AT STEP 21830
WRITING COORDINATES TO DCD FILE NVT.dcd AT STEP 21840
WRITING COORDINATES TO DCD FILE NVT.dcd AT STEP 21850
WRITING COORDINATES TO DCD FILE NVT.dcd AT STEP 21860
WRITING COORDINATES TO DCD FILE NVT.dcd AT STEP 21870
WRITING COORDINATES TO DCD FILE NVT.dcd AT STEP 21880
WRITING COORDINATES TO DCD FILE NVT.dcd AT STEP 21890
WRITING COORDINATES TO DCD FILE NVT.dcd AT STEP 21900
WRITING COORDINATES TO DCD FILE NVT.dcd AT STEP 21910
WRITING COORDINATES TO DCD FILE NVT.dcd AT STEP 21920
WRITING COORDINATES TO DCD FILE NVT.dcd AT STEP 21930
WRITING COORDINATES TO DCD FILE NVT.dcd AT STEP 21940
WRITING COORDINATES TO DCD FILE NVT.dcd AT STEP 21950
WRITING COORDINATES TO DCD FILE NVT.dcd AT STEP 21960
WRITING COORDINATES TO DCD FILE NVT.dcd AT STEP 21970
WRITING COORDINATES TO DCD FILE NVT.dcd AT STEP 21980
WRITING COORDINATES TO DCD FILE NVT.dcd AT STEP 21990
PRESSURE: 22000 630.753 100.973 -431.528 100.973 570.343 -292.624 -431.528 -292.624 965.683
GPRESSURE: 22000 630.076 94.3995 -580.332 108.602 668.721 -368.638 -367.704 -208.115 902.299
PRESSAVG: 22000 208.732 65.117 3.22683 65.117 144.334 1.58802 3.22683 1.58802 101.545
GPRESSAVG: 22000 208.936 64.9915 3.16797 64.741 144.517 1.40741 3.26513 2.55604 101.113
ENERGY:   22000      1608.6974      9175.0726      5752.4036        75.1291         -60671.6563     -1205.7692         0.0000         0.0000     18843.2811         -26422.8417       304.1268    -45266.1228    -26266.0336       302.8943            722.2596       733.6987    265760.9684       151.5369       151.5221

WRITING COORDINATES TO DCD FILE NVT.dcd AT STEP 22000
WRITING COORDINATES TO DCD FILE NVT.dcd AT STEP 22010
WRITING COORDINATES TO DCD FILE NVT.dcd AT STEP 22020
WRITING COORDINATES TO DCD FILE NVT.dcd AT STEP 22030
WRITING COORDINATES TO DCD FILE NVT.dcd AT STEP 22040
WRITING COORDINATES TO DCD FILE NVT.dcd AT STEP 22050
WRITING COORDINATES TO DCD FILE NVT.dcd AT STEP 22060
WRITING COORDINATES TO DCD FILE NVT.dcd AT STEP 22070
WRITING COORDINATES TO DCD FILE NVT.dcd AT STEP 22080
WRITING COORDINATES TO DCD FILE NVT.dcd AT STEP 22090
WRITING COORDINATES TO DCD FILE NVT.dcd AT STEP 22100
WRITING COORDINATES TO DCD FILE NVT.dcd AT STEP 22110
WRITING COORDINATES TO DCD FILE NVT.dcd AT STEP 22120
WRITING COORDINATES TO DCD FILE NVT.dcd AT STEP 22130
WRITING COORDINATES TO DCD FILE NVT.dcd AT STEP 22140
LDB: ============= START OF LOAD BALANCING ============== 3700.18
LDB: ============== END OF LOAD BALANCING =============== 3700.18
LDB: =============== DONE WITH MIGRATION ================ 3700.18
WRITING COORDINATES TO DCD FILE NVT.dcd AT STEP 22150
WRITING COORDINATES TO DCD FILE NVT.dcd AT STEP 22160
WRITING COORDINATES TO DCD FILE NVT.dcd AT STEP 22170
WRITING COORDINATES TO DCD FILE NVT.dcd AT STEP 22180
WRITING COORDINATES TO DCD FILE NVT.dcd AT STEP 22190
LDB: ============= START OF LOAD BALANCING ============== 3708.51
LDB: ============== END OF LOAD BALANCING =============== 3708.51
LDB: =============== DONE WITH MIGRATION ================ 3708.51
WRITING COORDINATES TO DCD FILE NVT.dcd AT STEP 22200
WRITING COORDINATES TO DCD FILE NVT.dcd AT STEP 22210
WRITING COORDINATES TO DCD FILE NVT.dcd AT STEP 22220
WRITING COORDINATES TO DCD FILE NVT.dcd AT STEP 22230
WRITING COORDINATES TO DCD FILE NVT.dcd AT STEP 22240
WRITING COORDINATES TO DCD FILE NVT.dcd AT STEP 22250
WRITING COORDINATES TO DCD FILE NVT.dcd AT STEP 22260
WRITING COORDINATES TO DCD FILE NVT.dcd AT STEP 22270
WRITING COORDINATES TO DCD FILE NVT.dcd AT STEP 22280
WRITING COORDINATES TO DCD FILE NVT.dcd AT STEP 22290
WRITING COORDINATES TO DCD FILE NVT.dcd AT STEP 22300
WRITING COORDINATES TO DCD FILE NVT.dcd AT STEP 22310
WRITING COORDINATES TO DCD FILE NVT.dcd AT STEP 22320
WRITING COORDINATES TO DCD FILE NVT.dcd AT STEP 22330
WRITING COORDINATES TO DCD FILE NVT.dcd AT STEP 22340
WRITING COORDINATES TO DCD FILE NVT.dcd AT STEP 22350
WRITING COORDINATES TO DCD FILE NVT.dcd AT STEP 22360
WRITING COORDINATES TO DCD FILE NVT.dcd AT STEP 22370
WRITING COORDINATES TO DCD FILE NVT.dcd AT STEP 22380
WRITING COORDINATES TO DCD FILE NVT.dcd AT STEP 22390
WRITING COORDINATES TO DCD FILE NVT.dcd AT STEP 22400
WRITING COORDINATES TO DCD FILE NVT.dcd AT STEP 22410
WRITING COORDINATES TO DCD FILE NVT.dcd AT STEP 22420
WRITING COORDINATES TO DCD FILE NVT.dcd AT STEP 22430
WRITING COORDINATES TO DCD FILE NVT.dcd AT STEP 22440
WRITING COORDINATES TO DCD FILE NVT.dcd AT STEP 22450
WRITING COORDINATES TO DCD FILE NVT.dcd AT STEP 22460
WRITING COORDINATES TO DCD FILE NVT.dcd AT STEP 22470
WRITING COORDINATES TO DCD FILE NVT.dcd AT STEP 22480
WRITING COORDINATES TO DCD FILE NVT.dcd AT STEP 22490
WRITING COORDINATES TO DCD FILE NVT.dcd AT STEP 22500
WRITING COORDINATES TO DCD FILE NVT.dcd AT STEP 22510
WRITING COORDINATES TO DCD FILE NVT.dcd AT STEP 22520
WRITING COORDINATES TO DCD FILE NVT.dcd AT STEP 22530
WRITING COORDINATES TO DCD FILE NVT.dcd AT STEP 22540
WRITING COORDINATES TO DCD FILE NVT.dcd AT STEP 22550
WRITING COORDINATES TO DCD FILE NVT.dcd AT STEP 22560
WRITING COORDINATES TO DCD FILE NVT.dcd AT STEP 22570
WRITING COORDINATES TO DCD FILE NVT.dcd AT STEP 22580
WRITING COORDINATES TO DCD FILE NVT.dcd AT STEP 22590
WRITING COORDINATES TO DCD FILE NVT.dcd AT STEP 22600
WRITING COORDINATES TO DCD FILE NVT.dcd AT STEP 22610
WRITING COORDINATES TO DCD FILE NVT.dcd AT STEP 22620
WRITING COORDINATES TO DCD FILE NVT.dcd AT STEP 22630
WRITING COORDINATES TO DCD FILE NVT.dcd AT STEP 22640
WRITING COORDINATES TO DCD FILE NVT.dcd AT STEP 22650
WRITING COORDINATES TO DCD FILE NVT.dcd AT STEP 22660
WRITING COORDINATES TO DCD FILE NVT.dcd AT STEP 22670
WRITING COORDINATES TO DCD FILE NVT.dcd AT STEP 22680
WRITING COORDINATES TO DCD FILE NVT.dcd AT STEP 22690
WRITING COORDINATES TO DCD FILE NVT.dcd AT STEP 22700
WRITING COORDINATES TO DCD FILE NVT.dcd AT STEP 22710
WRITING COORDINATES TO DCD FILE NVT.dcd AT STEP 22720
WRITING COORDINATES TO DCD FILE NVT.dcd AT STEP 22730
WRITING COORDINATES TO DCD FILE NVT.dcd AT STEP 22740
WRITING COORDINATES TO DCD FILE NVT.dcd AT STEP 22750
WRITING COORDINATES TO DCD FILE NVT.dcd AT STEP 22760
WRITING COORDINATES TO DCD FILE NVT.dcd AT STEP 22770
WRITING COORDINATES TO DCD FILE NVT.dcd AT STEP 22780
WRITING COORDINATES TO DCD FILE NVT.dcd AT STEP 22790
WRITING COORDINATES TO DCD FILE NVT.dcd AT STEP 22800
WRITING COORDINATES TO DCD FILE NVT.dcd AT STEP 22810
WRITING COORDINATES TO DCD FILE NVT.dcd AT STEP 22820
WRITING COORDINATES TO DCD FILE NVT.dcd AT STEP 22830
WRITING COORDINATES TO DCD FILE NVT.dcd AT STEP 22840
WRITING COORDINATES TO DCD FILE NVT.dcd AT STEP 22850
WRITING COORDINATES TO DCD FILE NVT.dcd AT STEP 22860
WRITING COORDINATES TO DCD FILE NVT.dcd AT STEP 22870
WRITING COORDINATES TO DCD FILE NVT.dcd AT STEP 22880
WRITING COORDINATES TO DCD FILE NVT.dcd AT STEP 22890
WRITING COORDINATES TO DCD FILE NVT.dcd AT STEP 22900
WRITING COORDINATES TO DCD FILE NVT.dcd AT STEP 22910
WRITING COORDINATES TO DCD FILE NVT.dcd AT STEP 22920
WRITING COORDINATES TO DCD FILE NVT.dcd AT STEP 22930
WRITING COORDINATES TO DCD FILE NVT.dcd AT STEP 22940
WRITING COORDINATES TO DCD FILE NVT.dcd AT STEP 22950
WRITING COORDINATES TO DCD FILE NVT.dcd AT STEP 22960
WRITING COORDINATES TO DCD FILE NVT.dcd AT STEP 22970
WRITING COORDINATES TO DCD FILE NVT.dcd AT STEP 22980
WRITING COORDINATES TO DCD FILE NVT.dcd AT STEP 22990
PRESSURE: 23000 -520.478 -331.48 -20.4 -331.48 130.398 -113.962 -20.4 -113.962 -621.6
GPRESSURE: 23000 -557.926 -362.248 -237.784 -367.687 229.884 -189.992 -167.333 -280.066 -660.229
PRESSAVG: 23000 209.727 44.8841 -36.4348 44.8841 177.488 -33.7317 -36.4348 -33.7317 176.465
GPRESSAVG: 23000 209.398 44.3179 -36.3196 44.7516 177.511 -33.7088 -36.318 -33.9483 176.951
ENERGY:   23000      1596.8553      9191.1852      5715.7314        65.0011         -60400.1227     -1538.1230         0.0000         0.0000     18835.5917         -26533.8812       304.0027    -45369.4728    -26384.8157       303.5780           -337.2269      -329.4236    265760.9684       187.8933       187.9536

WRITING COORDINATES TO DCD FILE NVT.dcd AT STEP 23000
WRITING COORDINATES TO DCD FILE NVT.dcd AT STEP 23010
WRITING COORDINATES TO DCD FILE NVT.dcd AT STEP 23020
WRITING COORDINATES TO DCD FILE NVT.dcd AT STEP 23030
WRITING COORDINATES TO DCD FILE NVT.dcd AT STEP 23040
WRITING COORDINATES TO DCD FILE NVT.dcd AT STEP 23050
WRITING COORDINATES TO DCD FILE NVT.dcd AT STEP 23060
WRITING COORDINATES TO DCD FILE NVT.dcd AT STEP 23070
WRITING COORDINATES TO DCD FILE NVT.dcd AT STEP 23080
WRITING COORDINATES TO DCD FILE NVT.dcd AT STEP 23090
WRITING COORDINATES TO DCD FILE NVT.dcd AT STEP 23100
WRITING COORDINATES TO DCD FILE NVT.dcd AT STEP 23110
WRITING COORDINATES TO DCD FILE NVT.dcd AT STEP 23120
WRITING COORDINATES TO DCD FILE NVT.dcd AT STEP 23130
WRITING COORDINATES TO DCD FILE NVT.dcd AT STEP 23140
WRITING COORDINATES TO DCD FILE NVT.dcd AT STEP 23150
WRITING COORDINATES TO DCD FILE NVT.dcd AT STEP 23160
WRITING COORDINATES TO DCD FILE NVT.dcd AT STEP 23170
WRITING COORDINATES TO DCD FILE NVT.dcd AT STEP 23180
WRITING COORDINATES TO DCD FILE NVT.dcd AT STEP 23190
WRITING COORDINATES TO DCD FILE NVT.dcd AT STEP 23200
WRITING COORDINATES TO DCD FILE NVT.dcd AT STEP 23210
WRITING COORDINATES TO DCD FILE NVT.dcd AT STEP 23220
WRITING COORDINATES TO DCD FILE NVT.dcd AT STEP 23230
WRITING COORDINATES TO DCD FILE NVT.dcd AT STEP 23240
WRITING COORDINATES TO DCD FILE NVT.dcd AT STEP 23250
WRITING COORDINATES TO DCD FILE NVT.dcd AT STEP 23260
WRITING COORDINATES TO DCD FILE NVT.dcd AT STEP 23270
WRITING COORDINATES TO DCD FILE NVT.dcd AT STEP 23280
WRITING COORDINATES TO DCD FILE NVT.dcd AT STEP 23290
WRITING COORDINATES TO DCD FILE NVT.dcd AT STEP 23300
WRITING COORDINATES TO DCD FILE NVT.dcd AT STEP 23310
WRITING COORDINATES TO DCD FILE NVT.dcd AT STEP 23320
WRITING COORDINATES TO DCD FILE NVT.dcd AT STEP 23330
WRITING COORDINATES TO DCD FILE NVT.dcd AT STEP 23340
WRITING COORDINATES TO DCD FILE NVT.dcd AT STEP 23350
WRITING COORDINATES TO DCD FILE NVT.dcd AT STEP 23360
WRITING COORDINATES TO DCD FILE NVT.dcd AT STEP 23370
WRITING COORDINATES TO DCD FILE NVT.dcd AT STEP 23380
WRITING COORDINATES TO DCD FILE NVT.dcd AT STEP 23390
WRITING COORDINATES TO DCD FILE NVT.dcd AT STEP 23400
WRITING COORDINATES TO DCD FILE NVT.dcd AT STEP 23410
WRITING COORDINATES TO DCD FILE NVT.dcd AT STEP 23420
WRITING COORDINATES TO DCD FILE NVT.dcd AT STEP 23430
WRITING COORDINATES TO DCD FILE NVT.dcd AT STEP 23440
WRITING COORDINATES TO DCD FILE NVT.dcd AT STEP 23450
WRITING COORDINATES TO DCD FILE NVT.dcd AT STEP 23460
WRITING COORDINATES TO DCD FILE NVT.dcd AT STEP 23470
WRITING COORDINATES TO DCD FILE NVT.dcd AT STEP 23480
WRITING COORDINATES TO DCD FILE NVT.dcd AT STEP 23490
WRITING COORDINATES TO DCD FILE NVT.dcd AT STEP 23500
WRITING COORDINATES TO DCD FILE NVT.dcd AT STEP 23510
WRITING COORDINATES TO DCD FILE NVT.dcd AT STEP 23520
WRITING COORDINATES TO DCD FILE NVT.dcd AT STEP 23530
WRITING COORDINATES TO DCD FILE NVT.dcd AT STEP 23540
WRITING COORDINATES TO DCD FILE NVT.dcd AT STEP 23550
WRITING COORDINATES TO DCD FILE NVT.dcd AT STEP 23560
WRITING COORDINATES TO DCD FILE NVT.dcd AT STEP 23570
WRITING COORDINATES TO DCD FILE NVT.dcd AT STEP 23580
WRITING COORDINATES TO DCD FILE NVT.dcd AT STEP 23590
WRITING COORDINATES TO DCD FILE NVT.dcd AT STEP 23600
WRITING COORDINATES TO DCD FILE NVT.dcd AT STEP 23610
WRITING COORDINATES TO DCD FILE NVT.dcd AT STEP 23620
WRITING COORDINATES TO DCD FILE NVT.dcd AT STEP 23630
WRITING COORDINATES TO DCD FILE NVT.dcd AT STEP 23640
WRITING COORDINATES TO DCD FILE NVT.dcd AT STEP 23650
WRITING COORDINATES TO DCD FILE NVT.dcd AT STEP 23660
WRITING COORDINATES TO DCD FILE NVT.dcd AT STEP 23670
WRITING COORDINATES TO DCD FILE NVT.dcd AT STEP 23680
WRITING COORDINATES TO DCD FILE NVT.dcd AT STEP 23690
WRITING COORDINATES TO DCD FILE NVT.dcd AT STEP 23700
WRITING COORDINATES TO DCD FILE NVT.dcd AT STEP 23710
WRITING COORDINATES TO DCD FILE NVT.dcd AT STEP 23720
WRITING COORDINATES TO DCD FILE NVT.dcd AT STEP 23730
WRITING COORDINATES TO DCD FILE NVT.dcd AT STEP 23740
WRITING COORDINATES TO DCD FILE NVT.dcd AT STEP 23750
WRITING COORDINATES TO DCD FILE NVT.dcd AT STEP 23760
WRITING COORDINATES TO DCD FILE NVT.dcd AT STEP 23770
WRITING COORDINATES TO DCD FILE NVT.dcd AT STEP 23780
WRITING COORDINATES TO DCD FILE NVT.dcd AT STEP 23790
WRITING COORDINATES TO DCD FILE NVT.dcd AT STEP 23800
WRITING COORDINATES TO DCD FILE NVT.dcd AT STEP 23810
WRITING COORDINATES TO DCD FILE NVT.dcd AT STEP 23820
WRITING COORDINATES TO DCD FILE NVT.dcd AT STEP 23830
WRITING COORDINATES TO DCD FILE NVT.dcd AT STEP 23840
WRITING COORDINATES TO DCD FILE NVT.dcd AT STEP 23850
WRITING COORDINATES TO DCD FILE NVT.dcd AT STEP 23860
WRITING COORDINATES TO DCD FILE NVT.dcd AT STEP 23870
WRITING COORDINATES TO DCD FILE NVT.dcd AT STEP 23880
WRITING COORDINATES TO DCD FILE NVT.dcd AT STEP 23890
WRITING COORDINATES TO DCD FILE NVT.dcd AT STEP 23900
WRITING COORDINATES TO DCD FILE NVT.dcd AT STEP 23910
WRITING COORDINATES TO DCD FILE NVT.dcd AT STEP 23920
WRITING COORDINATES TO DCD FILE NVT.dcd AT STEP 23930
WRITING COORDINATES TO DCD FILE NVT.dcd AT STEP 23940
WRITING COORDINATES TO DCD FILE NVT.dcd AT STEP 23950
WRITING COORDINATES TO DCD FILE NVT.dcd AT STEP 23960
WRITING COORDINATES TO DCD FILE NVT.dcd AT STEP 23970
WRITING COORDINATES TO DCD FILE NVT.dcd AT STEP 23980
WRITING COORDINATES TO DCD FILE NVT.dcd AT STEP 23990
PRESSURE: 24000 -103.479 223.15 -473.651 223.15 175.605 -70.4706 -473.651 -70.4706 -602.45
GPRESSURE: 24000 176.319 55.712 -518.27 242.508 -71.737 -67.2374 -386.021 9.25292 -573.191
PRESSAVG: 24000 254.804 79.4379 -14.7341 79.4379 147.95 -6.632 -14.7341 -6.632 171.895
GPRESSAVG: 24000 254.584 80.0518 -14.6255 79.8528 148.148 -6.61262 -14.3751 -6.75886 171.884
ENERGY:   24000      1611.7827      9213.0148      5733.1580        83.2758         -60424.1011     -1463.9120         0.0000         0.0000     18762.2728         -26484.5088       302.8194    -45246.7817    -26327.5924       303.4803           -176.7745      -156.2029    265760.9684       191.5497       191.5387

WRITING COORDINATES TO DCD FILE NVT.dcd AT STEP 24000
WRITING COORDINATES TO DCD FILE NVT.dcd AT STEP 24010
WRITING COORDINATES TO DCD FILE NVT.dcd AT STEP 24020
WRITING COORDINATES TO DCD FILE NVT.dcd AT STEP 24030
WRITING COORDINATES TO DCD FILE NVT.dcd AT STEP 24040
WRITING COORDINATES TO DCD FILE NVT.dcd AT STEP 24050
WRITING COORDINATES TO DCD FILE NVT.dcd AT STEP 24060
WRITING COORDINATES TO DCD FILE NVT.dcd AT STEP 24070
WRITING COORDINATES TO DCD FILE NVT.dcd AT STEP 24080
WRITING COORDINATES TO DCD FILE NVT.dcd AT STEP 24090
WRITING COORDINATES TO DCD FILE NVT.dcd AT STEP 24100
WRITING COORDINATES TO DCD FILE NVT.dcd AT STEP 24110
WRITING COORDINATES TO DCD FILE NVT.dcd AT STEP 24120
WRITING COORDINATES TO DCD FILE NVT.dcd AT STEP 24130
WRITING COORDINATES TO DCD FILE NVT.dcd AT STEP 24140
LDB: ============= START OF LOAD BALANCING ============== 4033.45
LDB: ============== END OF LOAD BALANCING =============== 4033.45
LDB: =============== DONE WITH MIGRATION ================ 4033.45
WRITING COORDINATES TO DCD FILE NVT.dcd AT STEP 24150
WRITING COORDINATES TO DCD FILE NVT.dcd AT STEP 24160
WRITING COORDINATES TO DCD FILE NVT.dcd AT STEP 24170
WRITING COORDINATES TO DCD FILE NVT.dcd AT STEP 24180
WRITING COORDINATES TO DCD FILE NVT.dcd AT STEP 24190
LDB: ============= START OF LOAD BALANCING ============== 4041.79
LDB: ============== END OF LOAD BALANCING =============== 4041.79
LDB: =============== DONE WITH MIGRATION ================ 4041.79
WRITING COORDINATES TO DCD FILE NVT.dcd AT STEP 24200
WRITING COORDINATES TO DCD FILE NVT.dcd AT STEP 24210
WRITING COORDINATES TO DCD FILE NVT.dcd AT STEP 24220
WRITING COORDINATES TO DCD FILE NVT.dcd AT STEP 24230
WRITING COORDINATES TO DCD FILE NVT.dcd AT STEP 24240
WRITING COORDINATES TO DCD FILE NVT.dcd AT STEP 24250
WRITING COORDINATES TO DCD FILE NVT.dcd AT STEP 24260
WRITING COORDINATES TO DCD FILE NVT.dcd AT STEP 24270
WRITING COORDINATES TO DCD FILE NVT.dcd AT STEP 24280
WRITING COORDINATES TO DCD FILE NVT.dcd AT STEP 24290
WRITING COORDINATES TO DCD FILE NVT.dcd AT STEP 24300
WRITING COORDINATES TO DCD FILE NVT.dcd AT STEP 24310
WRITING COORDINATES TO DCD FILE NVT.dcd AT STEP 24320
WRITING COORDINATES TO DCD FILE NVT.dcd AT STEP 24330
WRITING COORDINATES TO DCD FILE NVT.dcd AT STEP 24340
WRITING COORDINATES TO DCD FILE NVT.dcd AT STEP 24350
WRITING COORDINATES TO DCD FILE NVT.dcd AT STEP 24360
WRITING COORDINATES TO DCD FILE NVT.dcd AT STEP 24370
WRITING COORDINATES TO DCD FILE NVT.dcd AT STEP 24380
WRITING COORDINATES TO DCD FILE NVT.dcd AT STEP 24390
WRITING COORDINATES TO DCD FILE NVT.dcd AT STEP 24400
WRITING COORDINATES TO DCD FILE NVT.dcd AT STEP 24410
WRITING COORDINATES TO DCD FILE NVT.dcd AT STEP 24420
WRITING COORDINATES TO DCD FILE NVT.dcd AT STEP 24430
WRITING COORDINATES TO DCD FILE NVT.dcd AT STEP 24440
WRITING COORDINATES TO DCD FILE NVT.dcd AT STEP 24450
WRITING COORDINATES TO DCD FILE NVT.dcd AT STEP 24460
WRITING COORDINATES TO DCD FILE NVT.dcd AT STEP 24470
WRITING COORDINATES TO DCD FILE NVT.dcd AT STEP 24480
WRITING COORDINATES TO DCD FILE NVT.dcd AT STEP 24490
WRITING COORDINATES TO DCD FILE NVT.dcd AT STEP 24500
WRITING COORDINATES TO DCD FILE NVT.dcd AT STEP 24510
WRITING COORDINATES TO DCD FILE NVT.dcd AT STEP 24520
WRITING COORDINATES TO DCD FILE NVT.dcd AT STEP 24530
WRITING COORDINATES TO DCD FILE NVT.dcd AT STEP 24540
WRITING COORDINATES TO DCD FILE NVT.dcd AT STEP 24550
WRITING COORDINATES TO DCD FILE NVT.dcd AT STEP 24560
WRITING COORDINATES TO DCD FILE NVT.dcd AT STEP 24570
WRITING COORDINATES TO DCD FILE NVT.dcd AT STEP 24580
WRITING COORDINATES TO DCD FILE NVT.dcd AT STEP 24590
WRITING COORDINATES TO DCD FILE NVT.dcd AT STEP 24600
WRITING COORDINATES TO DCD FILE NVT.dcd AT STEP 24610
WRITING COORDINATES TO DCD FILE NVT.dcd AT STEP 24620
WRITING COORDINATES TO DCD FILE NVT.dcd AT STEP 24630
WRITING COORDINATES TO DCD FILE NVT.dcd AT STEP 24640
WRITING COORDINATES TO DCD FILE NVT.dcd AT STEP 24650
WRITING COORDINATES TO DCD FILE NVT.dcd AT STEP 24660
WRITING COORDINATES TO DCD FILE NVT.dcd AT STEP 24670
WRITING COORDINATES TO DCD FILE NVT.dcd AT STEP 24680
WRITING COORDINATES TO DCD FILE NVT.dcd AT STEP 24690
WRITING COORDINATES TO DCD FILE NVT.dcd AT STEP 24700
WRITING COORDINATES TO DCD FILE NVT.dcd AT STEP 24710
WRITING COORDINATES TO DCD FILE NVT.dcd AT STEP 24720
WRITING COORDINATES TO DCD FILE NVT.dcd AT STEP 24730
WRITING COORDINATES TO DCD FILE NVT.dcd AT STEP 24740
WRITING COORDINATES TO DCD FILE NVT.dcd AT STEP 24750
WRITING COORDINATES TO DCD FILE NVT.dcd AT STEP 24760
WRITING COORDINATES TO DCD FILE NVT.dcd AT STEP 24770
WRITING COORDINATES TO DCD FILE NVT.dcd AT STEP 24780
WRITING COORDINATES TO DCD FILE NVT.dcd AT STEP 24790
WRITING COORDINATES TO DCD FILE NVT.dcd AT STEP 24800
WRITING COORDINATES TO DCD FILE NVT.dcd AT STEP 24810
WRITING COORDINATES TO DCD FILE NVT.dcd AT STEP 24820
WRITING COORDINATES TO DCD FILE NVT.dcd AT STEP 24830
WRITING COORDINATES TO DCD FILE NVT.dcd AT STEP 24840
WRITING COORDINATES TO DCD FILE NVT.dcd AT STEP 24850
WRITING COORDINATES TO DCD FILE NVT.dcd AT STEP 24860
WRITING COORDINATES TO DCD FILE NVT.dcd AT STEP 24870
WRITING COORDINATES TO DCD FILE NVT.dcd AT STEP 24880
WRITING COORDINATES TO DCD FILE NVT.dcd AT STEP 24890
WRITING COORDINATES TO DCD FILE NVT.dcd AT STEP 24900
WRITING COORDINATES TO DCD FILE NVT.dcd AT STEP 24910
WRITING COORDINATES TO DCD FILE NVT.dcd AT STEP 24920
WRITING COORDINATES TO DCD FILE NVT.dcd AT STEP 24930
WRITING COORDINATES TO DCD FILE NVT.dcd AT STEP 24940
WRITING COORDINATES TO DCD FILE NVT.dcd AT STEP 24950
WRITING COORDINATES TO DCD FILE NVT.dcd AT STEP 24960
WRITING COORDINATES TO DCD FILE NVT.dcd AT STEP 24970
WRITING COORDINATES TO DCD FILE NVT.dcd AT STEP 24980
WRITING COORDINATES TO DCD FILE NVT.dcd AT STEP 24990
PRESSURE: 25000 48.5148 -278.362 -158.184 -278.362 -360.14 -84.8443 -158.184 -84.8443 91.2123
GPRESSURE: 25000 39.5408 -116.859 -36.6431 -130.527 -236.047 -121.626 -116.155 -91.3844 55.0574
PRESSAVG: 25000 193.687 109.805 -63.5478 109.805 110.244 -13.5469 -63.5478 -13.5469 129.756
GPRESSAVG: 25000 193.835 109.78 -63.3249 110.365 109.993 -13.0853 -63.9616 -14.0639 129.981
ENERGY:   25000      1575.2665      9255.8492      5687.0897        93.0561         -60665.1335     -1383.6836         0.0000         0.0000     18961.5335         -26476.0220       306.0354    -45437.5556    -26320.1261       304.3510            -73.4710       -47.1497    265760.9684       144.5622       144.6029

WRITING EXTENDED SYSTEM TO RESTART FILE AT STEP 25000
WRITING COORDINATES TO DCD FILE NVT.dcd AT STEP 25000
WRITING COORDINATES TO RESTART FILE AT STEP 25000
FINISHED WRITING RESTART COORDINATES
WRITING VELOCITIES TO RESTART FILE AT STEP 25000
FINISHED WRITING RESTART VELOCITIES
The last velocity output (seq=25000) takes 0.000 seconds, 841.308 MB of memory in use
WRITING COORDINATES TO DCD FILE NVT.dcd AT STEP 25010
WRITING COORDINATES TO DCD FILE NVT.dcd AT STEP 25020
WRITING COORDINATES TO DCD FILE NVT.dcd AT STEP 25030
WRITING COORDINATES TO DCD FILE NVT.dcd AT STEP 25040
WRITING COORDINATES TO DCD FILE NVT.dcd AT STEP 25050
WRITING COORDINATES TO DCD FILE NVT.dcd AT STEP 25060
WRITING COORDINATES TO DCD FILE NVT.dcd AT STEP 25070
WRITING COORDINATES TO DCD FILE NVT.dcd AT STEP 25080
WRITING COORDINATES TO DCD FILE NVT.dcd AT STEP 25090
WRITING COORDINATES TO DCD FILE NVT.dcd AT STEP 25100
WRITING COORDINATES TO DCD FILE NVT.dcd AT STEP 25110
WRITING COORDINATES TO DCD FILE NVT.dcd AT STEP 25120
WRITING COORDINATES TO DCD FILE NVT.dcd AT STEP 25130
WRITING COORDINATES TO DCD FILE NVT.dcd AT STEP 25140
WRITING COORDINATES TO DCD FILE NVT.dcd AT STEP 25150
WRITING COORDINATES TO DCD FILE NVT.dcd AT STEP 25160
WRITING COORDINATES TO DCD FILE NVT.dcd AT STEP 25170
WRITING COORDINATES TO DCD FILE NVT.dcd AT STEP 25180
WRITING COORDINATES TO DCD FILE NVT.dcd AT STEP 25190
WRITING COORDINATES TO DCD FILE NVT.dcd AT STEP 25200
WRITING COORDINATES TO DCD FILE NVT.dcd AT STEP 25210
WRITING COORDINATES TO DCD FILE NVT.dcd AT STEP 25220
WRITING COORDINATES TO DCD FILE NVT.dcd AT STEP 25230
WRITING COORDINATES TO DCD FILE NVT.dcd AT STEP 25240
WRITING COORDINATES TO DCD FILE NVT.dcd AT STEP 25250
WRITING COORDINATES TO DCD FILE NVT.dcd AT STEP 25260
WRITING COORDINATES TO DCD FILE NVT.dcd AT STEP 25270
WRITING COORDINATES TO DCD FILE NVT.dcd AT STEP 25280
WRITING COORDINATES TO DCD FILE NVT.dcd AT STEP 25290
WRITING COORDINATES TO DCD FILE NVT.dcd AT STEP 25300
WRITING COORDINATES TO DCD FILE NVT.dcd AT STEP 25310
WRITING COORDINATES TO DCD FILE NVT.dcd AT STEP 25320
WRITING COORDINATES TO DCD FILE NVT.dcd AT STEP 25330
WRITING COORDINATES TO DCD FILE NVT.dcd AT STEP 25340
WRITING COORDINATES TO DCD FILE NVT.dcd AT STEP 25350
WRITING COORDINATES TO DCD FILE NVT.dcd AT STEP 25360
WRITING COORDINATES TO DCD FILE NVT.dcd AT STEP 25370
WRITING COORDINATES TO DCD FILE NVT.dcd AT STEP 25380
WRITING COORDINATES TO DCD FILE NVT.dcd AT STEP 25390
WRITING COORDINATES TO DCD FILE NVT.dcd AT STEP 25400
WRITING COORDINATES TO DCD FILE NVT.dcd AT STEP 25410
WRITING COORDINATES TO DCD FILE NVT.dcd AT STEP 25420
WRITING COORDINATES TO DCD FILE NVT.dcd AT STEP 25430
WRITING COORDINATES TO DCD FILE NVT.dcd AT STEP 25440
WRITING COORDINATES TO DCD FILE NVT.dcd AT STEP 25450
WRITING COORDINATES TO DCD FILE NVT.dcd AT STEP 25460
WRITING COORDINATES TO DCD FILE NVT.dcd AT STEP 25470
WRITING COORDINATES TO DCD FILE NVT.dcd AT STEP 25480
WRITING COORDINATES TO DCD FILE NVT.dcd AT STEP 25490
WRITING COORDINATES TO DCD FILE NVT.dcd AT STEP 25500
WRITING COORDINATES TO DCD FILE NVT.dcd AT STEP 25510
WRITING COORDINATES TO DCD FILE NVT.dcd AT STEP 25520
WRITING COORDINATES TO DCD FILE NVT.dcd AT STEP 25530
WRITING COORDINATES TO DCD FILE NVT.dcd AT STEP 25540
WRITING COORDINATES TO DCD FILE NVT.dcd AT STEP 25550
WRITING COORDINATES TO DCD FILE NVT.dcd AT STEP 25560
WRITING COORDINATES TO DCD FILE NVT.dcd AT STEP 25570
WRITING COORDINATES TO DCD FILE NVT.dcd AT STEP 25580
WRITING COORDINATES TO DCD FILE NVT.dcd AT STEP 25590
WRITING COORDINATES TO DCD FILE NVT.dcd AT STEP 25600
WRITING COORDINATES TO DCD FILE NVT.dcd AT STEP 25610
WRITING COORDINATES TO DCD FILE NVT.dcd AT STEP 25620
WRITING COORDINATES TO DCD FILE NVT.dcd AT STEP 25630
WRITING COORDINATES TO DCD FILE NVT.dcd AT STEP 25640
WRITING COORDINATES TO DCD FILE NVT.dcd AT STEP 25650
WRITING COORDINATES TO DCD FILE NVT.dcd AT STEP 25660
WRITING COORDINATES TO DCD FILE NVT.dcd AT STEP 25670
WRITING COORDINATES TO DCD FILE NVT.dcd AT STEP 25680
WRITING COORDINATES TO DCD FILE NVT.dcd AT STEP 25690
WRITING COORDINATES TO DCD FILE NVT.dcd AT STEP 25700
WRITING COORDINATES TO DCD FILE NVT.dcd AT STEP 25710
WRITING COORDINATES TO DCD FILE NVT.dcd AT STEP 25720
WRITING COORDINATES TO DCD FILE NVT.dcd AT STEP 25730
WRITING COORDINATES TO DCD FILE NVT.dcd AT STEP 25740
WRITING COORDINATES TO DCD FILE NVT.dcd AT STEP 25750
WRITING COORDINATES TO DCD FILE NVT.dcd AT STEP 25760
WRITING COORDINATES TO DCD FILE NVT.dcd AT STEP 25770
WRITING COORDINATES TO DCD FILE NVT.dcd AT STEP 25780
WRITING COORDINATES TO DCD FILE NVT.dcd AT STEP 25790
WRITING COORDINATES TO DCD FILE NVT.dcd AT STEP 25800
WRITING COORDINATES TO DCD FILE NVT.dcd AT STEP 25810
WRITING COORDINATES TO DCD FILE NVT.dcd AT STEP 25820
WRITING COORDINATES TO DCD FILE NVT.dcd AT STEP 25830
WRITING COORDINATES TO DCD FILE NVT.dcd AT STEP 25840
WRITING COORDINATES TO DCD FILE NVT.dcd AT STEP 25850
WRITING COORDINATES TO DCD FILE NVT.dcd AT STEP 25860
WRITING COORDINATES TO DCD FILE NVT.dcd AT STEP 25870
WRITING COORDINATES TO DCD FILE NVT.dcd AT STEP 25880
WRITING COORDINATES TO DCD FILE NVT.dcd AT STEP 25890
WRITING COORDINATES TO DCD FILE NVT.dcd AT STEP 25900
WRITING COORDINATES TO DCD FILE NVT.dcd AT STEP 25910
WRITING COORDINATES TO DCD FILE NVT.dcd AT STEP 25920
WRITING COORDINATES TO DCD FILE NVT.dcd AT STEP 25930
WRITING COORDINATES TO DCD FILE NVT.dcd AT STEP 25940
WRITING COORDINATES TO DCD FILE NVT.dcd AT STEP 25950
WRITING COORDINATES TO DCD FILE NVT.dcd AT STEP 25960
WRITING COORDINATES TO DCD FILE NVT.dcd AT STEP 25970
WRITING COORDINATES TO DCD FILE NVT.dcd AT STEP 25980
WRITING COORDINATES TO DCD FILE NVT.dcd AT STEP 25990
PRESSURE: 26000 683.581 -656.116 19.2694 -656.116 581.354 154.071 19.2694 154.071 -230.613
GPRESSURE: 26000 698.779 -709.119 24.8945 -353.692 525.385 17.6236 97.9008 147.777 -157.954
PRESSAVG: 26000 117.032 67.5134 -40.9428 67.5134 21.8418 -5.02835 -40.9428 -5.02835 156.176
GPRESSAVG: 26000 117.338 67.0737 -41.1023 66.3882 21.7983 -5.64474 -41.2374 -4.64563 156.019
ENERGY:   26000      1568.5695      9319.1818      5727.5529        75.9196         -60680.4706     -1239.7150         0.0000         0.0000     18647.3907         -26581.5710       300.9652    -45228.9618    -26431.8816       303.1044            344.7741       355.4035    265760.9684        98.3500        98.3851

WRITING COORDINATES TO DCD FILE NVT.dcd AT STEP 26000
WRITING COORDINATES TO DCD FILE NVT.dcd AT STEP 26010
WRITING COORDINATES TO DCD FILE NVT.dcd AT STEP 26020
WRITING COORDINATES TO DCD FILE NVT.dcd AT STEP 26030
WRITING COORDINATES TO DCD FILE NVT.dcd AT STEP 26040
WRITING COORDINATES TO DCD FILE NVT.dcd AT STEP 26050
WRITING COORDINATES TO DCD FILE NVT.dcd AT STEP 26060
WRITING COORDINATES TO DCD FILE NVT.dcd AT STEP 26070
WRITING COORDINATES TO DCD FILE NVT.dcd AT STEP 26080
WRITING COORDINATES TO DCD FILE NVT.dcd AT STEP 26090
WRITING COORDINATES TO DCD FILE NVT.dcd AT STEP 26100
WRITING COORDINATES TO DCD FILE NVT.dcd AT STEP 26110
WRITING COORDINATES TO DCD FILE NVT.dcd AT STEP 26120
WRITING COORDINATES TO DCD FILE NVT.dcd AT STEP 26130
WRITING COORDINATES TO DCD FILE NVT.dcd AT STEP 26140
LDB: ============= START OF LOAD BALANCING ============== 4366.74
LDB: ============== END OF LOAD BALANCING =============== 4366.74
LDB: =============== DONE WITH MIGRATION ================ 4366.74
WRITING COORDINATES TO DCD FILE NVT.dcd AT STEP 26150
WRITING COORDINATES TO DCD FILE NVT.dcd AT STEP 26160
WRITING COORDINATES TO DCD FILE NVT.dcd AT STEP 26170
WRITING COORDINATES TO DCD FILE NVT.dcd AT STEP 26180
WRITING COORDINATES TO DCD FILE NVT.dcd AT STEP 26190
LDB: ============= START OF LOAD BALANCING ============== 4375.08
LDB: ============== END OF LOAD BALANCING =============== 4375.08
LDB: =============== DONE WITH MIGRATION ================ 4375.08
WRITING COORDINATES TO DCD FILE NVT.dcd AT STEP 26200
WRITING COORDINATES TO DCD FILE NVT.dcd AT STEP 26210
WRITING COORDINATES TO DCD FILE NVT.dcd AT STEP 26220
WRITING COORDINATES TO DCD FILE NVT.dcd AT STEP 26230
WRITING COORDINATES TO DCD FILE NVT.dcd AT STEP 26240
WRITING COORDINATES TO DCD FILE NVT.dcd AT STEP 26250
WRITING COORDINATES TO DCD FILE NVT.dcd AT STEP 26260
WRITING COORDINATES TO DCD FILE NVT.dcd AT STEP 26270
WRITING COORDINATES TO DCD FILE NVT.dcd AT STEP 26280
WRITING COORDINATES TO DCD FILE NVT.dcd AT STEP 26290
WRITING COORDINATES TO DCD FILE NVT.dcd AT STEP 26300
WRITING COORDINATES TO DCD FILE NVT.dcd AT STEP 26310
WRITING COORDINATES TO DCD FILE NVT.dcd AT STEP 26320
WRITING COORDINATES TO DCD FILE NVT.dcd AT STEP 26330
WRITING COORDINATES TO DCD FILE NVT.dcd AT STEP 26340
WRITING COORDINATES TO DCD FILE NVT.dcd AT STEP 26350
WRITING COORDINATES TO DCD FILE NVT.dcd AT STEP 26360
WRITING COORDINATES TO DCD FILE NVT.dcd AT STEP 26370
WRITING COORDINATES TO DCD FILE NVT.dcd AT STEP 26380
WRITING COORDINATES TO DCD FILE NVT.dcd AT STEP 26390
WRITING COORDINATES TO DCD FILE NVT.dcd AT STEP 26400
WRITING COORDINATES TO DCD FILE NVT.dcd AT STEP 26410
WRITING COORDINATES TO DCD FILE NVT.dcd AT STEP 26420
WRITING COORDINATES TO DCD FILE NVT.dcd AT STEP 26430
WRITING COORDINATES TO DCD FILE NVT.dcd AT STEP 26440
WRITING COORDINATES TO DCD FILE NVT.dcd AT STEP 26450
WRITING COORDINATES TO DCD FILE NVT.dcd AT STEP 26460
WRITING COORDINATES TO DCD FILE NVT.dcd AT STEP 26470
WRITING COORDINATES TO DCD FILE NVT.dcd AT STEP 26480
WRITING COORDINATES TO DCD FILE NVT.dcd AT STEP 26490
WRITING COORDINATES TO DCD FILE NVT.dcd AT STEP 26500
WRITING COORDINATES TO DCD FILE NVT.dcd AT STEP 26510
WRITING COORDINATES TO DCD FILE NVT.dcd AT STEP 26520
WRITING COORDINATES TO DCD FILE NVT.dcd AT STEP 26530
WRITING COORDINATES TO DCD FILE NVT.dcd AT STEP 26540
WRITING COORDINATES TO DCD FILE NVT.dcd AT STEP 26550
WRITING COORDINATES TO DCD FILE NVT.dcd AT STEP 26560
WRITING COORDINATES TO DCD FILE NVT.dcd AT STEP 26570
WRITING COORDINATES TO DCD FILE NVT.dcd AT STEP 26580
WRITING COORDINATES TO DCD FILE NVT.dcd AT STEP 26590
WRITING COORDINATES TO DCD FILE NVT.dcd AT STEP 26600
WRITING COORDINATES TO DCD FILE NVT.dcd AT STEP 26610
WRITING COORDINATES TO DCD FILE NVT.dcd AT STEP 26620
WRITING COORDINATES TO DCD FILE NVT.dcd AT STEP 26630
WRITING COORDINATES TO DCD FILE NVT.dcd AT STEP 26640
WRITING COORDINATES TO DCD FILE NVT.dcd AT STEP 26650
WRITING COORDINATES TO DCD FILE NVT.dcd AT STEP 26660
WRITING COORDINATES TO DCD FILE NVT.dcd AT STEP 26670
WRITING COORDINATES TO DCD FILE NVT.dcd AT STEP 26680
WRITING COORDINATES TO DCD FILE NVT.dcd AT STEP 26690
WRITING COORDINATES TO DCD FILE NVT.dcd AT STEP 26700
WRITING COORDINATES TO DCD FILE NVT.dcd AT STEP 26710
WRITING COORDINATES TO DCD FILE NVT.dcd AT STEP 26720
WRITING COORDINATES TO DCD FILE NVT.dcd AT STEP 26730
WRITING COORDINATES TO DCD FILE NVT.dcd AT STEP 26740
WRITING COORDINATES TO DCD FILE NVT.dcd AT STEP 26750
WRITING COORDINATES TO DCD FILE NVT.dcd AT STEP 26760
WRITING COORDINATES TO DCD FILE NVT.dcd AT STEP 26770
WRITING COORDINATES TO DCD FILE NVT.dcd AT STEP 26780
WRITING COORDINATES TO DCD FILE NVT.dcd AT STEP 26790
WRITING COORDINATES TO DCD FILE NVT.dcd AT STEP 26800
WRITING COORDINATES TO DCD FILE NVT.dcd AT STEP 26810
WRITING COORDINATES TO DCD FILE NVT.dcd AT STEP 26820
WRITING COORDINATES TO DCD FILE NVT.dcd AT STEP 26830
WRITING COORDINATES TO DCD FILE NVT.dcd AT STEP 26840
WRITING COORDINATES TO DCD FILE NVT.dcd AT STEP 26850
WRITING COORDINATES TO DCD FILE NVT.dcd AT STEP 26860
WRITING COORDINATES TO DCD FILE NVT.dcd AT STEP 26870
WRITING COORDINATES TO DCD FILE NVT.dcd AT STEP 26880
WRITING COORDINATES TO DCD FILE NVT.dcd AT STEP 26890
WRITING COORDINATES TO DCD FILE NVT.dcd AT STEP 26900
WRITING COORDINATES TO DCD FILE NVT.dcd AT STEP 26910
WRITING COORDINATES TO DCD FILE NVT.dcd AT STEP 26920
WRITING COORDINATES TO DCD FILE NVT.dcd AT STEP 26930
WRITING COORDINATES TO DCD FILE NVT.dcd AT STEP 26940
WRITING COORDINATES TO DCD FILE NVT.dcd AT STEP 26950
WRITING COORDINATES TO DCD FILE NVT.dcd AT STEP 26960
WRITING COORDINATES TO DCD FILE NVT.dcd AT STEP 26970
WRITING COORDINATES TO DCD FILE NVT.dcd AT STEP 26980
WRITING COORDINATES TO DCD FILE NVT.dcd AT STEP 26990
PRESSURE: 27000 527.953 307.586 -171.567 307.586 -433.587 -252.185 -171.567 -252.185 -90.7976
GPRESSURE: 27000 553.063 424.25 87.8116 400.43 -281.182 -113.399 -142.893 -267.958 -158.275
PRESSAVG: 27000 165.832 37.328 -26.5828 37.328 98.7415 40.2104 -26.5828 40.2104 135.782
GPRESSAVG: 27000 165.581 37.6769 -25.7539 38.4839 98.4903 40.0084 -26.7362 40.0036 135.987
ENERGY:   27000      1577.6300      9190.6432      5694.0287        68.7292         -60612.1305     -1353.3010         0.0000         0.0000     18792.4398         -26641.9606       303.3063    -45434.4004    -26494.2570       304.3019              1.1896        37.8688    265760.9684       133.4518       133.3528

WRITING COORDINATES TO DCD FILE NVT.dcd AT STEP 27000
WRITING COORDINATES TO DCD FILE NVT.dcd AT STEP 27010
WRITING COORDINATES TO DCD FILE NVT.dcd AT STEP 27020
WRITING COORDINATES TO DCD FILE NVT.dcd AT STEP 27030
WRITING COORDINATES TO DCD FILE NVT.dcd AT STEP 27040
WRITING COORDINATES TO DCD FILE NVT.dcd AT STEP 27050
WRITING COORDINATES TO DCD FILE NVT.dcd AT STEP 27060
WRITING COORDINATES TO DCD FILE NVT.dcd AT STEP 27070
WRITING COORDINATES TO DCD FILE NVT.dcd AT STEP 27080
WRITING COORDINATES TO DCD FILE NVT.dcd AT STEP 27090
WRITING COORDINATES TO DCD FILE NVT.dcd AT STEP 27100
WRITING COORDINATES TO DCD FILE NVT.dcd AT STEP 27110
WRITING COORDINATES TO DCD FILE NVT.dcd AT STEP 27120
WRITING COORDINATES TO DCD FILE NVT.dcd AT STEP 27130
WRITING COORDINATES TO DCD FILE NVT.dcd AT STEP 27140
WRITING COORDINATES TO DCD FILE NVT.dcd AT STEP 27150
WRITING COORDINATES TO DCD FILE NVT.dcd AT STEP 27160
WRITING COORDINATES TO DCD FILE NVT.dcd AT STEP 27170
WRITING COORDINATES TO DCD FILE NVT.dcd AT STEP 27180
WRITING COORDINATES TO DCD FILE NVT.dcd AT STEP 27190
WRITING COORDINATES TO DCD FILE NVT.dcd AT STEP 27200
WRITING COORDINATES TO DCD FILE NVT.dcd AT STEP 27210
WRITING COORDINATES TO DCD FILE NVT.dcd AT STEP 27220
WRITING COORDINATES TO DCD FILE NVT.dcd AT STEP 27230
WRITING COORDINATES TO DCD FILE NVT.dcd AT STEP 27240
WRITING COORDINATES TO DCD FILE NVT.dcd AT STEP 27250
WRITING COORDINATES TO DCD FILE NVT.dcd AT STEP 27260
WRITING COORDINATES TO DCD FILE NVT.dcd AT STEP 27270
WRITING COORDINATES TO DCD FILE NVT.dcd AT STEP 27280
WRITING COORDINATES TO DCD FILE NVT.dcd AT STEP 27290
WRITING COORDINATES TO DCD FILE NVT.dcd AT STEP 27300
WRITING COORDINATES TO DCD FILE NVT.dcd AT STEP 27310
WRITING COORDINATES TO DCD FILE NVT.dcd AT STEP 27320
WRITING COORDINATES TO DCD FILE NVT.dcd AT STEP 27330
WRITING COORDINATES TO DCD FILE NVT.dcd AT STEP 27340
WRITING COORDINATES TO DCD FILE NVT.dcd AT STEP 27350
WRITING COORDINATES TO DCD FILE NVT.dcd AT STEP 27360
WRITING COORDINATES TO DCD FILE NVT.dcd AT STEP 27370
WRITING COORDINATES TO DCD FILE NVT.dcd AT STEP 27380
WRITING COORDINATES TO DCD FILE NVT.dcd AT STEP 27390
WRITING COORDINATES TO DCD FILE NVT.dcd AT STEP 27400
WRITING COORDINATES TO DCD FILE NVT.dcd AT STEP 27410
WRITING COORDINATES TO DCD FILE NVT.dcd AT STEP 27420
WRITING COORDINATES TO DCD FILE NVT.dcd AT STEP 27430
WRITING COORDINATES TO DCD FILE NVT.dcd AT STEP 27440
WRITING COORDINATES TO DCD FILE NVT.dcd AT STEP 27450
WRITING COORDINATES TO DCD FILE NVT.dcd AT STEP 27460
WRITING COORDINATES TO DCD FILE NVT.dcd AT STEP 27470
WRITING COORDINATES TO DCD FILE NVT.dcd AT STEP 27480
WRITING COORDINATES TO DCD FILE NVT.dcd AT STEP 27490
WRITING COORDINATES TO DCD FILE NVT.dcd AT STEP 27500
WRITING COORDINATES TO DCD FILE NVT.dcd AT STEP 27510
WRITING COORDINATES TO DCD FILE NVT.dcd AT STEP 27520
WRITING COORDINATES TO DCD FILE NVT.dcd AT STEP 27530
WRITING COORDINATES TO DCD FILE NVT.dcd AT STEP 27540
WRITING COORDINATES TO DCD FILE NVT.dcd AT STEP 27550
WRITING COORDINATES TO DCD FILE NVT.dcd AT STEP 27560
WRITING COORDINATES TO DCD FILE NVT.dcd AT STEP 27570
WRITING COORDINATES TO DCD FILE NVT.dcd AT STEP 27580
WRITING COORDINATES TO DCD FILE NVT.dcd AT STEP 27590
WRITING COORDINATES TO DCD FILE NVT.dcd AT STEP 27600
WRITING COORDINATES TO DCD FILE NVT.dcd AT STEP 27610
WRITING COORDINATES TO DCD FILE NVT.dcd AT STEP 27620
WRITING COORDINATES TO DCD FILE NVT.dcd AT STEP 27630
WRITING COORDINATES TO DCD FILE NVT.dcd AT STEP 27640
WRITING COORDINATES TO DCD FILE NVT.dcd AT STEP 27650
WRITING COORDINATES TO DCD FILE NVT.dcd AT STEP 27660
WRITING COORDINATES TO DCD FILE NVT.dcd AT STEP 27670
WRITING COORDINATES TO DCD FILE NVT.dcd AT STEP 27680
WRITING COORDINATES TO DCD FILE NVT.dcd AT STEP 27690
WRITING COORDINATES TO DCD FILE NVT.dcd AT STEP 27700
WRITING COORDINATES TO DCD FILE NVT.dcd AT STEP 27710
WRITING COORDINATES TO DCD FILE NVT.dcd AT STEP 27720
WRITING COORDINATES TO DCD FILE NVT.dcd AT STEP 27730
WRITING COORDINATES TO DCD FILE NVT.dcd AT STEP 27740
WRITING COORDINATES TO DCD FILE NVT.dcd AT STEP 27750
WRITING COORDINATES TO DCD FILE NVT.dcd AT STEP 27760
WRITING COORDINATES TO DCD FILE NVT.dcd AT STEP 27770
WRITING COORDINATES TO DCD FILE NVT.dcd AT STEP 27780
WRITING COORDINATES TO DCD FILE NVT.dcd AT STEP 27790
WRITING COORDINATES TO DCD FILE NVT.dcd AT STEP 27800
WRITING COORDINATES TO DCD FILE NVT.dcd AT STEP 27810
WRITING COORDINATES TO DCD FILE NVT.dcd AT STEP 27820
WRITING COORDINATES TO DCD FILE NVT.dcd AT STEP 27830
WRITING COORDINATES TO DCD FILE NVT.dcd AT STEP 27840
WRITING COORDINATES TO DCD FILE NVT.dcd AT STEP 27850
WRITING COORDINATES TO DCD FILE NVT.dcd AT STEP 27860
WRITING COORDINATES TO DCD FILE NVT.dcd AT STEP 27870
WRITING COORDINATES TO DCD FILE NVT.dcd AT STEP 27880
WRITING COORDINATES TO DCD FILE NVT.dcd AT STEP 27890
WRITING COORDINATES TO DCD FILE NVT.dcd AT STEP 27900
WRITING COORDINATES TO DCD FILE NVT.dcd AT STEP 27910
WRITING COORDINATES TO DCD FILE NVT.dcd AT STEP 27920
WRITING COORDINATES TO DCD FILE NVT.dcd AT STEP 27930
WRITING COORDINATES TO DCD FILE NVT.dcd AT STEP 27940
WRITING COORDINATES TO DCD FILE NVT.dcd AT STEP 27950
WRITING COORDINATES TO DCD FILE NVT.dcd AT STEP 27960
WRITING COORDINATES TO DCD FILE NVT.dcd AT STEP 27970
WRITING COORDINATES TO DCD FILE NVT.dcd AT STEP 27980
WRITING COORDINATES TO DCD FILE NVT.dcd AT STEP 27990
PRESSURE: 28000 -55.2995 -467.795 77.4848 -467.795 233.121 -179.761 77.4848 -179.761 919.816
GPRESSURE: 28000 -7.74692 -285.319 188.814 -521.443 253.084 -252.964 23.6627 -62.0728 900.382
PRESSAVG: 28000 219.617 -8.40517 2.12521 -8.40517 126.836 -4.90769 2.12521 -4.90769 180.873
GPRESSAVG: 28000 219.93 -8.83474 1.29293 -8.03318 127.11 -4.42548 2.18313 -4.87868 180.448
ENERGY:   28000      1603.0115      9183.0032      5760.2312        70.1748         -60631.4961     -1270.6393         0.0000         0.0000     18772.1139         -26513.6009       302.9782    -45285.7148    -26362.1305       303.6927            365.8791       381.9064    265760.9684       175.7755       175.8295

WRITING COORDINATES TO DCD FILE NVT.dcd AT STEP 28000
WRITING COORDINATES TO DCD FILE NVT.dcd AT STEP 28010
WRITING COORDINATES TO DCD FILE NVT.dcd AT STEP 28020
WRITING COORDINATES TO DCD FILE NVT.dcd AT STEP 28030
WRITING COORDINATES TO DCD FILE NVT.dcd AT STEP 28040
WRITING COORDINATES TO DCD FILE NVT.dcd AT STEP 28050
WRITING COORDINATES TO DCD FILE NVT.dcd AT STEP 28060
WRITING COORDINATES TO DCD FILE NVT.dcd AT STEP 28070
WRITING COORDINATES TO DCD FILE NVT.dcd AT STEP 28080
WRITING COORDINATES TO DCD FILE NVT.dcd AT STEP 28090
WRITING COORDINATES TO DCD FILE NVT.dcd AT STEP 28100
WRITING COORDINATES TO DCD FILE NVT.dcd AT STEP 28110
WRITING COORDINATES TO DCD FILE NVT.dcd AT STEP 28120
WRITING COORDINATES TO DCD FILE NVT.dcd AT STEP 28130
WRITING COORDINATES TO DCD FILE NVT.dcd AT STEP 28140
LDB: ============= START OF LOAD BALANCING ============== 4700.04
LDB: ============== END OF LOAD BALANCING =============== 4700.04
LDB: =============== DONE WITH MIGRATION ================ 4700.04
WRITING COORDINATES TO DCD FILE NVT.dcd AT STEP 28150
WRITING COORDINATES TO DCD FILE NVT.dcd AT STEP 28160
WRITING COORDINATES TO DCD FILE NVT.dcd AT STEP 28170
WRITING COORDINATES TO DCD FILE NVT.dcd AT STEP 28180
WRITING COORDINATES TO DCD FILE NVT.dcd AT STEP 28190
LDB: ============= START OF LOAD BALANCING ============== 4708.37
LDB: ============== END OF LOAD BALANCING =============== 4708.37
LDB: =============== DONE WITH MIGRATION ================ 4708.37
WRITING COORDINATES TO DCD FILE NVT.dcd AT STEP 28200
WRITING COORDINATES TO DCD FILE NVT.dcd AT STEP 28210
WRITING COORDINATES TO DCD FILE NVT.dcd AT STEP 28220
WRITING COORDINATES TO DCD FILE NVT.dcd AT STEP 28230
WRITING COORDINATES TO DCD FILE NVT.dcd AT STEP 28240
WRITING COORDINATES TO DCD FILE NVT.dcd AT STEP 28250
WRITING COORDINATES TO DCD FILE NVT.dcd AT STEP 28260
WRITING COORDINATES TO DCD FILE NVT.dcd AT STEP 28270
WRITING COORDINATES TO DCD FILE NVT.dcd AT STEP 28280
WRITING COORDINATES TO DCD FILE NVT.dcd AT STEP 28290
WRITING COORDINATES TO DCD FILE NVT.dcd AT STEP 28300
WRITING COORDINATES TO DCD FILE NVT.dcd AT STEP 28310
WRITING COORDINATES TO DCD FILE NVT.dcd AT STEP 28320
WRITING COORDINATES TO DCD FILE NVT.dcd AT STEP 28330
WRITING COORDINATES TO DCD FILE NVT.dcd AT STEP 28340
WRITING COORDINATES TO DCD FILE NVT.dcd AT STEP 28350
WRITING COORDINATES TO DCD FILE NVT.dcd AT STEP 28360
WRITING COORDINATES TO DCD FILE NVT.dcd AT STEP 28370
WRITING COORDINATES TO DCD FILE NVT.dcd AT STEP 28380
WRITING COORDINATES TO DCD FILE NVT.dcd AT STEP 28390
WRITING COORDINATES TO DCD FILE NVT.dcd AT STEP 28400
WRITING COORDINATES TO DCD FILE NVT.dcd AT STEP 28410
WRITING COORDINATES TO DCD FILE NVT.dcd AT STEP 28420
WRITING COORDINATES TO DCD FILE NVT.dcd AT STEP 28430
WRITING COORDINATES TO DCD FILE NVT.dcd AT STEP 28440
WRITING COORDINATES TO DCD FILE NVT.dcd AT STEP 28450
WRITING COORDINATES TO DCD FILE NVT.dcd AT STEP 28460
WRITING COORDINATES TO DCD FILE NVT.dcd AT STEP 28470
WRITING COORDINATES TO DCD FILE NVT.dcd AT STEP 28480
WRITING COORDINATES TO DCD FILE NVT.dcd AT STEP 28490
WRITING COORDINATES TO DCD FILE NVT.dcd AT STEP 28500
WRITING COORDINATES TO DCD FILE NVT.dcd AT STEP 28510
WRITING COORDINATES TO DCD FILE NVT.dcd AT STEP 28520
WRITING COORDINATES TO DCD FILE NVT.dcd AT STEP 28530
WRITING COORDINATES TO DCD FILE NVT.dcd AT STEP 28540
WRITING COORDINATES TO DCD FILE NVT.dcd AT STEP 28550
WRITING COORDINATES TO DCD FILE NVT.dcd AT STEP 28560
WRITING COORDINATES TO DCD FILE NVT.dcd AT STEP 28570
WRITING COORDINATES TO DCD FILE NVT.dcd AT STEP 28580
WRITING COORDINATES TO DCD FILE NVT.dcd AT STEP 28590
WRITING COORDINATES TO DCD FILE NVT.dcd AT STEP 28600
WRITING COORDINATES TO DCD FILE NVT.dcd AT STEP 28610
WRITING COORDINATES TO DCD FILE NVT.dcd AT STEP 28620
WRITING COORDINATES TO DCD FILE NVT.dcd AT STEP 28630
WRITING COORDINATES TO DCD FILE NVT.dcd AT STEP 28640
WRITING COORDINATES TO DCD FILE NVT.dcd AT STEP 28650
WRITING COORDINATES TO DCD FILE NVT.dcd AT STEP 28660
WRITING COORDINATES TO DCD FILE NVT.dcd AT STEP 28670
WRITING COORDINATES TO DCD FILE NVT.dcd AT STEP 28680
WRITING COORDINATES TO DCD FILE NVT.dcd AT STEP 28690
WRITING COORDINATES TO DCD FILE NVT.dcd AT STEP 28700
WRITING COORDINATES TO DCD FILE NVT.dcd AT STEP 28710
WRITING COORDINATES TO DCD FILE NVT.dcd AT STEP 28720
WRITING COORDINATES TO DCD FILE NVT.dcd AT STEP 28730
WRITING COORDINATES TO DCD FILE NVT.dcd AT STEP 28740
WRITING COORDINATES TO DCD FILE NVT.dcd AT STEP 28750
WRITING COORDINATES TO DCD FILE NVT.dcd AT STEP 28760
WRITING COORDINATES TO DCD FILE NVT.dcd AT STEP 28770
WRITING COORDINATES TO DCD FILE NVT.dcd AT STEP 28780
WRITING COORDINATES TO DCD FILE NVT.dcd AT STEP 28790
WRITING COORDINATES TO DCD FILE NVT.dcd AT STEP 28800
WRITING COORDINATES TO DCD FILE NVT.dcd AT STEP 28810
WRITING COORDINATES TO DCD FILE NVT.dcd AT STEP 28820
WRITING COORDINATES TO DCD FILE NVT.dcd AT STEP 28830
WRITING COORDINATES TO DCD FILE NVT.dcd AT STEP 28840
WRITING COORDINATES TO DCD FILE NVT.dcd AT STEP 28850
WRITING COORDINATES TO DCD FILE NVT.dcd AT STEP 28860
WRITING COORDINATES TO DCD FILE NVT.dcd AT STEP 28870
WRITING COORDINATES TO DCD FILE NVT.dcd AT STEP 28880
WRITING COORDINATES TO DCD FILE NVT.dcd AT STEP 28890
WRITING COORDINATES TO DCD FILE NVT.dcd AT STEP 28900
WRITING COORDINATES TO DCD FILE NVT.dcd AT STEP 28910
WRITING COORDINATES TO DCD FILE NVT.dcd AT STEP 28920
WRITING COORDINATES TO DCD FILE NVT.dcd AT STEP 28930
WRITING COORDINATES TO DCD FILE NVT.dcd AT STEP 28940
WRITING COORDINATES TO DCD FILE NVT.dcd AT STEP 28950
WRITING COORDINATES TO DCD FILE NVT.dcd AT STEP 28960
WRITING COORDINATES TO DCD FILE NVT.dcd AT STEP 28970
WRITING COORDINATES TO DCD FILE NVT.dcd AT STEP 28980
WRITING COORDINATES TO DCD FILE NVT.dcd AT STEP 28990
PRESSURE: 29000 370.94 116.291 234.578 116.291 227.31 280.864 234.578 280.864 669.109
GPRESSURE: 29000 508.047 -48.401 221.012 224.644 344.262 304.939 -144.447 478.161 470.833
PRESSAVG: 29000 121.153 40.2891 5.10157 40.2891 100.329 10.0545 5.10157 10.0545 75.6019
GPRESSAVG: 29000 120.847 40.9074 5.08472 39.4627 100.388 9.66883 5.58576 10.3868 76.0704
ENERGY:   29000      1609.6850      9186.3066      5708.9476        75.7164         -60767.5584     -1142.2702         0.0000         0.0000     18809.1053         -26520.0678       303.5752    -45329.1731    -26369.5630       302.8243            422.4529       441.0476    265760.9684        99.0279        99.1019

WRITING COORDINATES TO DCD FILE NVT.dcd AT STEP 29000
WRITING COORDINATES TO DCD FILE NVT.dcd AT STEP 29010
WRITING COORDINATES TO DCD FILE NVT.dcd AT STEP 29020
WRITING COORDINATES TO DCD FILE NVT.dcd AT STEP 29030
WRITING COORDINATES TO DCD FILE NVT.dcd AT STEP 29040
WRITING COORDINATES TO DCD FILE NVT.dcd AT STEP 29050
WRITING COORDINATES TO DCD FILE NVT.dcd AT STEP 29060
WRITING COORDINATES TO DCD FILE NVT.dcd AT STEP 29070
WRITING COORDINATES TO DCD FILE NVT.dcd AT STEP 29080
WRITING COORDINATES TO DCD FILE NVT.dcd AT STEP 29090
WRITING COORDINATES TO DCD FILE NVT.dcd AT STEP 29100
WRITING COORDINATES TO DCD FILE NVT.dcd AT STEP 29110
WRITING COORDINATES TO DCD FILE NVT.dcd AT STEP 29120
WRITING COORDINATES TO DCD FILE NVT.dcd AT STEP 29130
WRITING COORDINATES TO DCD FILE NVT.dcd AT STEP 29140
WRITING COORDINATES TO DCD FILE NVT.dcd AT STEP 29150
WRITING COORDINATES TO DCD FILE NVT.dcd AT STEP 29160
WRITING COORDINATES TO DCD FILE NVT.dcd AT STEP 29170
WRITING COORDINATES TO DCD FILE NVT.dcd AT STEP 29180
WRITING COORDINATES TO DCD FILE NVT.dcd AT STEP 29190
WRITING COORDINATES TO DCD FILE NVT.dcd AT STEP 29200
WRITING COORDINATES TO DCD FILE NVT.dcd AT STEP 29210
WRITING COORDINATES TO DCD FILE NVT.dcd AT STEP 29220
WRITING COORDINATES TO DCD FILE NVT.dcd AT STEP 29230
WRITING COORDINATES TO DCD FILE NVT.dcd AT STEP 29240
WRITING COORDINATES TO DCD FILE NVT.dcd AT STEP 29250
WRITING COORDINATES TO DCD FILE NVT.dcd AT STEP 29260
WRITING COORDINATES TO DCD FILE NVT.dcd AT STEP 29270
WRITING COORDINATES TO DCD FILE NVT.dcd AT STEP 29280
WRITING COORDINATES TO DCD FILE NVT.dcd AT STEP 29290
WRITING COORDINATES TO DCD FILE NVT.dcd AT STEP 29300
WRITING COORDINATES TO DCD FILE NVT.dcd AT STEP 29310
WRITING COORDINATES TO DCD FILE NVT.dcd AT STEP 29320
WRITING COORDINATES TO DCD FILE NVT.dcd AT STEP 29330
WRITING COORDINATES TO DCD FILE NVT.dcd AT STEP 29340
WRITING COORDINATES TO DCD FILE NVT.dcd AT STEP 29350
WRITING COORDINATES TO DCD FILE NVT.dcd AT STEP 29360
WRITING COORDINATES TO DCD FILE NVT.dcd AT STEP 29370
WRITING COORDINATES TO DCD FILE NVT.dcd AT STEP 29380
WRITING COORDINATES TO DCD FILE NVT.dcd AT STEP 29390
WRITING COORDINATES TO DCD FILE NVT.dcd AT STEP 29400
WRITING COORDINATES TO DCD FILE NVT.dcd AT STEP 29410
WRITING COORDINATES TO DCD FILE NVT.dcd AT STEP 29420
WRITING COORDINATES TO DCD FILE NVT.dcd AT STEP 29430
WRITING COORDINATES TO DCD FILE NVT.dcd AT STEP 29440
WRITING COORDINATES TO DCD FILE NVT.dcd AT STEP 29450
WRITING COORDINATES TO DCD FILE NVT.dcd AT STEP 29460
WRITING COORDINATES TO DCD FILE NVT.dcd AT STEP 29470
WRITING COORDINATES TO DCD FILE NVT.dcd AT STEP 29480
WRITING COORDINATES TO DCD FILE NVT.dcd AT STEP 29490
WRITING COORDINATES TO DCD FILE NVT.dcd AT STEP 29500
WRITING COORDINATES TO DCD FILE NVT.dcd AT STEP 29510
WRITING COORDINATES TO DCD FILE NVT.dcd AT STEP 29520
WRITING COORDINATES TO DCD FILE NVT.dcd AT STEP 29530
WRITING COORDINATES TO DCD FILE NVT.dcd AT STEP 29540
WRITING COORDINATES TO DCD FILE NVT.dcd AT STEP 29550
WRITING COORDINATES TO DCD FILE NVT.dcd AT STEP 29560
WRITING COORDINATES TO DCD FILE NVT.dcd AT STEP 29570
WRITING COORDINATES TO DCD FILE NVT.dcd AT STEP 29580
WRITING COORDINATES TO DCD FILE NVT.dcd AT STEP 29590
WRITING COORDINATES TO DCD FILE NVT.dcd AT STEP 29600
WRITING COORDINATES TO DCD FILE NVT.dcd AT STEP 29610
WRITING COORDINATES TO DCD FILE NVT.dcd AT STEP 29620
WRITING COORDINATES TO DCD FILE NVT.dcd AT STEP 29630
WRITING COORDINATES TO DCD FILE NVT.dcd AT STEP 29640
WRITING COORDINATES TO DCD FILE NVT.dcd AT STEP 29650
WRITING COORDINATES TO DCD FILE NVT.dcd AT STEP 29660
WRITING COORDINATES TO DCD FILE NVT.dcd AT STEP 29670
WRITING COORDINATES TO DCD FILE NVT.dcd AT STEP 29680
WRITING COORDINATES TO DCD FILE NVT.dcd AT STEP 29690
WRITING COORDINATES TO DCD FILE NVT.dcd AT STEP 29700
WRITING COORDINATES TO DCD FILE NVT.dcd AT STEP 29710
WRITING COORDINATES TO DCD FILE NVT.dcd AT STEP 29720
WRITING COORDINATES TO DCD FILE NVT.dcd AT STEP 29730
WRITING COORDINATES TO DCD FILE NVT.dcd AT STEP 29740
WRITING COORDINATES TO DCD FILE NVT.dcd AT STEP 29750
WRITING COORDINATES TO DCD FILE NVT.dcd AT STEP 29760
WRITING COORDINATES TO DCD FILE NVT.dcd AT STEP 29770
WRITING COORDINATES TO DCD FILE NVT.dcd AT STEP 29780
WRITING COORDINATES TO DCD FILE NVT.dcd AT STEP 29790
WRITING COORDINATES TO DCD FILE NVT.dcd AT STEP 29800
WRITING COORDINATES TO DCD FILE NVT.dcd AT STEP 29810
WRITING COORDINATES TO DCD FILE NVT.dcd AT STEP 29820
WRITING COORDINATES TO DCD FILE NVT.dcd AT STEP 29830
WRITING COORDINATES TO DCD FILE NVT.dcd AT STEP 29840
WRITING COORDINATES TO DCD FILE NVT.dcd AT STEP 29850
WRITING COORDINATES TO DCD FILE NVT.dcd AT STEP 29860
WRITING COORDINATES TO DCD FILE NVT.dcd AT STEP 29870
WRITING COORDINATES TO DCD FILE NVT.dcd AT STEP 29880
WRITING COORDINATES TO DCD FILE NVT.dcd AT STEP 29890
WRITING COORDINATES TO DCD FILE NVT.dcd AT STEP 29900
WRITING COORDINATES TO DCD FILE NVT.dcd AT STEP 29910
WRITING COORDINATES TO DCD FILE NVT.dcd AT STEP 29920
WRITING COORDINATES TO DCD FILE NVT.dcd AT STEP 29930
WRITING COORDINATES TO DCD FILE NVT.dcd AT STEP 29940
WRITING COORDINATES TO DCD FILE NVT.dcd AT STEP 29950
WRITING COORDINATES TO DCD FILE NVT.dcd AT STEP 29960
WRITING COORDINATES TO DCD FILE NVT.dcd AT STEP 29970
WRITING COORDINATES TO DCD FILE NVT.dcd AT STEP 29980
WRITING COORDINATES TO DCD FILE NVT.dcd AT STEP 29990
PRESSURE: 30000 216.164 -182.323 -36.818 -182.323 434.734 395.622 -36.818 395.622 686.207
GPRESSURE: 30000 262.98 -73.4723 -42.1837 -185.286 452.444 197.296 186.568 230.359 646.111
PRESSAVG: 30000 158.2 24.1487 40.282 24.1487 177.38 -16.9214 40.282 -16.9214 91.5076
GPRESSAVG: 30000 157.994 24.2636 40.9242 24.3022 177.428 -16.6716 39.3398 -17.339 90.9781
TIMING: 30000  CPU: 4983.53, 0.166621/step  Wall: 4983.7, 0.166629/step, 0.925714 hours remaining, 841.308426 MB of memory in use.
PERFORMANCE: 30000  averaging 1.04027 ns/day, 0.166111 sec/step with standard deviation 0.000741206
ETITLE:      TS           BOND          ANGLE          DIHED          IMPRP               ELECT            VDW       BOUNDARY           MISC        KINETIC               TOTAL           TEMP      POTENTIAL         TOTAL3        TEMPAVG            PRESSURE      GPRESSURE         VOLUME       PRESSAVG      GPRESSAVG

ENERGY:   30000      1552.4345      9317.5255      5759.6761        69.8148         -60645.8685     -1155.3954         0.0000         0.0000     18850.2689         -26251.5441       304.2396    -45101.8131    -26100.4789       304.0066            445.7018       453.8452    265760.9684       142.3624       142.1333

WRITING EXTENDED SYSTEM TO RESTART FILE AT STEP 30000
WRITING COORDINATES TO DCD FILE NVT.dcd AT STEP 30000
WRITING COORDINATES TO RESTART FILE AT STEP 30000
FINISHED WRITING RESTART COORDINATES
WRITING VELOCITIES TO RESTART FILE AT STEP 30000
FINISHED WRITING RESTART VELOCITIES
WRITING COORDINATES TO DCD FILE NVT.dcd AT STEP 30010
WRITING COORDINATES TO DCD FILE NVT.dcd AT STEP 30020
WRITING COORDINATES TO DCD FILE NVT.dcd AT STEP 30030
WRITING COORDINATES TO DCD FILE NVT.dcd AT STEP 30040
WRITING COORDINATES TO DCD FILE NVT.dcd AT STEP 30050
WRITING COORDINATES TO DCD FILE NVT.dcd AT STEP 30060
WRITING COORDINATES TO DCD FILE NVT.dcd AT STEP 30070
WRITING COORDINATES TO DCD FILE NVT.dcd AT STEP 30080
WRITING COORDINATES TO DCD FILE NVT.dcd AT STEP 30090
WRITING COORDINATES TO DCD FILE NVT.dcd AT STEP 30100
WRITING COORDINATES TO DCD FILE NVT.dcd AT STEP 30110
WRITING COORDINATES TO DCD FILE NVT.dcd AT STEP 30120
WRITING COORDINATES TO DCD FILE NVT.dcd AT STEP 30130
WRITING COORDINATES TO DCD FILE NVT.dcd AT STEP 30140
LDB: ============= START OF LOAD BALANCING ============== 5033.35
LDB: ============== END OF LOAD BALANCING =============== 5033.35
LDB: =============== DONE WITH MIGRATION ================ 5033.35
WRITING COORDINATES TO DCD FILE NVT.dcd AT STEP 30150
WRITING COORDINATES TO DCD FILE NVT.dcd AT STEP 30160
WRITING COORDINATES TO DCD FILE NVT.dcd AT STEP 30170
WRITING COORDINATES TO DCD FILE NVT.dcd AT STEP 30180
WRITING COORDINATES TO DCD FILE NVT.dcd AT STEP 30190
LDB: ============= START OF LOAD BALANCING ============== 5041.69
LDB: ============== END OF LOAD BALANCING =============== 5041.69
LDB: =============== DONE WITH MIGRATION ================ 5041.69
WRITING COORDINATES TO DCD FILE NVT.dcd AT STEP 30200
WRITING COORDINATES TO DCD FILE NVT.dcd AT STEP 30210
WRITING COORDINATES TO DCD FILE NVT.dcd AT STEP 30220
WRITING COORDINATES TO DCD FILE NVT.dcd AT STEP 30230
WRITING COORDINATES TO DCD FILE NVT.dcd AT STEP 30240
WRITING COORDINATES TO DCD FILE NVT.dcd AT STEP 30250
WRITING COORDINATES TO DCD FILE NVT.dcd AT STEP 30260
WRITING COORDINATES TO DCD FILE NVT.dcd AT STEP 30270
WRITING COORDINATES TO DCD FILE NVT.dcd AT STEP 30280
WRITING COORDINATES TO DCD FILE NVT.dcd AT STEP 30290
WRITING COORDINATES TO DCD FILE NVT.dcd AT STEP 30300
WRITING COORDINATES TO DCD FILE NVT.dcd AT STEP 30310
WRITING COORDINATES TO DCD FILE NVT.dcd AT STEP 30320
WRITING COORDINATES TO DCD FILE NVT.dcd AT STEP 30330
WRITING COORDINATES TO DCD FILE NVT.dcd AT STEP 30340
WRITING COORDINATES TO DCD FILE NVT.dcd AT STEP 30350
WRITING COORDINATES TO DCD FILE NVT.dcd AT STEP 30360
WRITING COORDINATES TO DCD FILE NVT.dcd AT STEP 30370
WRITING COORDINATES TO DCD FILE NVT.dcd AT STEP 30380
WRITING COORDINATES TO DCD FILE NVT.dcd AT STEP 30390
WRITING COORDINATES TO DCD FILE NVT.dcd AT STEP 30400
WRITING COORDINATES TO DCD FILE NVT.dcd AT STEP 30410
WRITING COORDINATES TO DCD FILE NVT.dcd AT STEP 30420
WRITING COORDINATES TO DCD FILE NVT.dcd AT STEP 30430
WRITING COORDINATES TO DCD FILE NVT.dcd AT STEP 30440
WRITING COORDINATES TO DCD FILE NVT.dcd AT STEP 30450
WRITING COORDINATES TO DCD FILE NVT.dcd AT STEP 30460
WRITING COORDINATES TO DCD FILE NVT.dcd AT STEP 30470
WRITING COORDINATES TO DCD FILE NVT.dcd AT STEP 30480
WRITING COORDINATES TO DCD FILE NVT.dcd AT STEP 30490
WRITING COORDINATES TO DCD FILE NVT.dcd AT STEP 30500
WRITING COORDINATES TO DCD FILE NVT.dcd AT STEP 30510
WRITING COORDINATES TO DCD FILE NVT.dcd AT STEP 30520
WRITING COORDINATES TO DCD FILE NVT.dcd AT STEP 30530
WRITING COORDINATES TO DCD FILE NVT.dcd AT STEP 30540
WRITING COORDINATES TO DCD FILE NVT.dcd AT STEP 30550
WRITING COORDINATES TO DCD FILE NVT.dcd AT STEP 30560
WRITING COORDINATES TO DCD FILE NVT.dcd AT STEP 30570
WRITING COORDINATES TO DCD FILE NVT.dcd AT STEP 30580
WRITING COORDINATES TO DCD FILE NVT.dcd AT STEP 30590
WRITING COORDINATES TO DCD FILE NVT.dcd AT STEP 30600
WRITING COORDINATES TO DCD FILE NVT.dcd AT STEP 30610
WRITING COORDINATES TO DCD FILE NVT.dcd AT STEP 30620
WRITING COORDINATES TO DCD FILE NVT.dcd AT STEP 30630
WRITING COORDINATES TO DCD FILE NVT.dcd AT STEP 30640
WRITING COORDINATES TO DCD FILE NVT.dcd AT STEP 30650
WRITING COORDINATES TO DCD FILE NVT.dcd AT STEP 30660
WRITING COORDINATES TO DCD FILE NVT.dcd AT STEP 30670
WRITING COORDINATES TO DCD FILE NVT.dcd AT STEP 30680
WRITING COORDINATES TO DCD FILE NVT.dcd AT STEP 30690
WRITING COORDINATES TO DCD FILE NVT.dcd AT STEP 30700
WRITING COORDINATES TO DCD FILE NVT.dcd AT STEP 30710
WRITING COORDINATES TO DCD FILE NVT.dcd AT STEP 30720
WRITING COORDINATES TO DCD FILE NVT.dcd AT STEP 30730
WRITING COORDINATES TO DCD FILE NVT.dcd AT STEP 30740
WRITING COORDINATES TO DCD FILE NVT.dcd AT STEP 30750
WRITING COORDINATES TO DCD FILE NVT.dcd AT STEP 30760
WRITING COORDINATES TO DCD FILE NVT.dcd AT STEP 30770
WRITING COORDINATES TO DCD FILE NVT.dcd AT STEP 30780
WRITING COORDINATES TO DCD FILE NVT.dcd AT STEP 30790
WRITING COORDINATES TO DCD FILE NVT.dcd AT STEP 30800
WRITING COORDINATES TO DCD FILE NVT.dcd AT STEP 30810
WRITING COORDINATES TO DCD FILE NVT.dcd AT STEP 30820
WRITING COORDINATES TO DCD FILE NVT.dcd AT STEP 30830
WRITING COORDINATES TO DCD FILE NVT.dcd AT STEP 30840
WRITING COORDINATES TO DCD FILE NVT.dcd AT STEP 30850
WRITING COORDINATES TO DCD FILE NVT.dcd AT STEP 30860
WRITING COORDINATES TO DCD FILE NVT.dcd AT STEP 30870
WRITING COORDINATES TO DCD FILE NVT.dcd AT STEP 30880
WRITING COORDINATES TO DCD FILE NVT.dcd AT STEP 30890
WRITING COORDINATES TO DCD FILE NVT.dcd AT STEP 30900
WRITING COORDINATES TO DCD FILE NVT.dcd AT STEP 30910
WRITING COORDINATES TO DCD FILE NVT.dcd AT STEP 30920
WRITING COORDINATES TO DCD FILE NVT.dcd AT STEP 30930
WRITING COORDINATES TO DCD FILE NVT.dcd AT STEP 30940
WRITING COORDINATES TO DCD FILE NVT.dcd AT STEP 30950
WRITING COORDINATES TO DCD FILE NVT.dcd AT STEP 30960
WRITING COORDINATES TO DCD FILE NVT.dcd AT STEP 30970
WRITING COORDINATES TO DCD FILE NVT.dcd AT STEP 30980
WRITING COORDINATES TO DCD FILE NVT.dcd AT STEP 30990
PRESSURE: 31000 190.29 328.719 -256.192 328.719 614.618 140.435 -256.192 140.435 1180.43
GPRESSURE: 31000 262.566 91.0445 -128.443 156.885 612.81 56.2329 -346.442 229.288 1188.79
PRESSAVG: 31000 194.502 22.3669 -12.2448 22.3669 168.436 -33.2181 -12.2448 -33.2181 161.824
GPRESSAVG: 31000 194.418 22.134 -12.3939 22.1107 168.243 -33.8175 -12.086 -33.6395 161.965
ENERGY:   31000      1569.1766      9185.6756      5701.6732        71.5203         -60569.5245     -1191.1805         0.0000         0.0000     18898.5671         -26334.0922       305.0191    -45232.6593    -26177.9022       306.3028            661.7809       688.0537    265760.9684       174.9207       174.8752

WRITING COORDINATES TO DCD FILE NVT.dcd AT STEP 31000
WRITING COORDINATES TO DCD FILE NVT.dcd AT STEP 31010
WRITING COORDINATES TO DCD FILE NVT.dcd AT STEP 31020
WRITING COORDINATES TO DCD FILE NVT.dcd AT STEP 31030
WRITING COORDINATES TO DCD FILE NVT.dcd AT STEP 31040
WRITING COORDINATES TO DCD FILE NVT.dcd AT STEP 31050
WRITING COORDINATES TO DCD FILE NVT.dcd AT STEP 31060
WRITING COORDINATES TO DCD FILE NVT.dcd AT STEP 31070
WRITING COORDINATES TO DCD FILE NVT.dcd AT STEP 31080
WRITING COORDINATES TO DCD FILE NVT.dcd AT STEP 31090
WRITING COORDINATES TO DCD FILE NVT.dcd AT STEP 31100
WRITING COORDINATES TO DCD FILE NVT.dcd AT STEP 31110
WRITING COORDINATES TO DCD FILE NVT.dcd AT STEP 31120
WRITING COORDINATES TO DCD FILE NVT.dcd AT STEP 31130
WRITING COORDINATES TO DCD FILE NVT.dcd AT STEP 31140
WRITING COORDINATES TO DCD FILE NVT.dcd AT STEP 31150
WRITING COORDINATES TO DCD FILE NVT.dcd AT STEP 31160
WRITING COORDINATES TO DCD FILE NVT.dcd AT STEP 31170
WRITING COORDINATES TO DCD FILE NVT.dcd AT STEP 31180
WRITING COORDINATES TO DCD FILE NVT.dcd AT STEP 31190
WRITING COORDINATES TO DCD FILE NVT.dcd AT STEP 31200
WRITING COORDINATES TO DCD FILE NVT.dcd AT STEP 31210
WRITING COORDINATES TO DCD FILE NVT.dcd AT STEP 31220
WRITING COORDINATES TO DCD FILE NVT.dcd AT STEP 31230
WRITING COORDINATES TO DCD FILE NVT.dcd AT STEP 31240
WRITING COORDINATES TO DCD FILE NVT.dcd AT STEP 31250
WRITING COORDINATES TO DCD FILE NVT.dcd AT STEP 31260
WRITING COORDINATES TO DCD FILE NVT.dcd AT STEP 31270
WRITING COORDINATES TO DCD FILE NVT.dcd AT STEP 31280
WRITING COORDINATES TO DCD FILE NVT.dcd AT STEP 31290
WRITING COORDINATES TO DCD FILE NVT.dcd AT STEP 31300
WRITING COORDINATES TO DCD FILE NVT.dcd AT STEP 31310
WRITING COORDINATES TO DCD FILE NVT.dcd AT STEP 31320
WRITING COORDINATES TO DCD FILE NVT.dcd AT STEP 31330
WRITING COORDINATES TO DCD FILE NVT.dcd AT STEP 31340
WRITING COORDINATES TO DCD FILE NVT.dcd AT STEP 31350
WRITING COORDINATES TO DCD FILE NVT.dcd AT STEP 31360
WRITING COORDINATES TO DCD FILE NVT.dcd AT STEP 31370
WRITING COORDINATES TO DCD FILE NVT.dcd AT STEP 31380
WRITING COORDINATES TO DCD FILE NVT.dcd AT STEP 31390
WRITING COORDINATES TO DCD FILE NVT.dcd AT STEP 31400
WRITING COORDINATES TO DCD FILE NVT.dcd AT STEP 31410
WRITING COORDINATES TO DCD FILE NVT.dcd AT STEP 31420
WRITING COORDINATES TO DCD FILE NVT.dcd AT STEP 31430
WRITING COORDINATES TO DCD FILE NVT.dcd AT STEP 31440
WRITING COORDINATES TO DCD FILE NVT.dcd AT STEP 31450
WRITING COORDINATES TO DCD FILE NVT.dcd AT STEP 31460
WRITING COORDINATES TO DCD FILE NVT.dcd AT STEP 31470
WRITING COORDINATES TO DCD FILE NVT.dcd AT STEP 31480
WRITING COORDINATES TO DCD FILE NVT.dcd AT STEP 31490
WRITING COORDINATES TO DCD FILE NVT.dcd AT STEP 31500
WRITING COORDINATES TO DCD FILE NVT.dcd AT STEP 31510
WRITING COORDINATES TO DCD FILE NVT.dcd AT STEP 31520
WRITING COORDINATES TO DCD FILE NVT.dcd AT STEP 31530
WRITING COORDINATES TO DCD FILE NVT.dcd AT STEP 31540
WRITING COORDINATES TO DCD FILE NVT.dcd AT STEP 31550
WRITING COORDINATES TO DCD FILE NVT.dcd AT STEP 31560
WRITING COORDINATES TO DCD FILE NVT.dcd AT STEP 31570
WRITING COORDINATES TO DCD FILE NVT.dcd AT STEP 31580
WRITING COORDINATES TO DCD FILE NVT.dcd AT STEP 31590
WRITING COORDINATES TO DCD FILE NVT.dcd AT STEP 31600
WRITING COORDINATES TO DCD FILE NVT.dcd AT STEP 31610
WRITING COORDINATES TO DCD FILE NVT.dcd AT STEP 31620
WRITING COORDINATES TO DCD FILE NVT.dcd AT STEP 31630
WRITING COORDINATES TO DCD FILE NVT.dcd AT STEP 31640
WRITING COORDINATES TO DCD FILE NVT.dcd AT STEP 31650
WRITING COORDINATES TO DCD FILE NVT.dcd AT STEP 31660
WRITING COORDINATES TO DCD FILE NVT.dcd AT STEP 31670
WRITING COORDINATES TO DCD FILE NVT.dcd AT STEP 31680
WRITING COORDINATES TO DCD FILE NVT.dcd AT STEP 31690
WRITING COORDINATES TO DCD FILE NVT.dcd AT STEP 31700
WRITING COORDINATES TO DCD FILE NVT.dcd AT STEP 31710
WRITING COORDINATES TO DCD FILE NVT.dcd AT STEP 31720
WRITING COORDINATES TO DCD FILE NVT.dcd AT STEP 31730
WRITING COORDINATES TO DCD FILE NVT.dcd AT STEP 31740
WRITING COORDINATES TO DCD FILE NVT.dcd AT STEP 31750
WRITING COORDINATES TO DCD FILE NVT.dcd AT STEP 31760
WRITING COORDINATES TO DCD FILE NVT.dcd AT STEP 31770
WRITING COORDINATES TO DCD FILE NVT.dcd AT STEP 31780
WRITING COORDINATES TO DCD FILE NVT.dcd AT STEP 31790
WRITING COORDINATES TO DCD FILE NVT.dcd AT STEP 31800
WRITING COORDINATES TO DCD FILE NVT.dcd AT STEP 31810
WRITING COORDINATES TO DCD FILE NVT.dcd AT STEP 31820
WRITING COORDINATES TO DCD FILE NVT.dcd AT STEP 31830
WRITING COORDINATES TO DCD FILE NVT.dcd AT STEP 31840
WRITING COORDINATES TO DCD FILE NVT.dcd AT STEP 31850
WRITING COORDINATES TO DCD FILE NVT.dcd AT STEP 31860
WRITING COORDINATES TO DCD FILE NVT.dcd AT STEP 31870
WRITING COORDINATES TO DCD FILE NVT.dcd AT STEP 31880
WRITING COORDINATES TO DCD FILE NVT.dcd AT STEP 31890
WRITING COORDINATES TO DCD FILE NVT.dcd AT STEP 31900
WRITING COORDINATES TO DCD FILE NVT.dcd AT STEP 31910
WRITING COORDINATES TO DCD FILE NVT.dcd AT STEP 31920
WRITING COORDINATES TO DCD FILE NVT.dcd AT STEP 31930
WRITING COORDINATES TO DCD FILE NVT.dcd AT STEP 31940
WRITING COORDINATES TO DCD FILE NVT.dcd AT STEP 31950
WRITING COORDINATES TO DCD FILE NVT.dcd AT STEP 31960
WRITING COORDINATES TO DCD FILE NVT.dcd AT STEP 31970
WRITING COORDINATES TO DCD FILE NVT.dcd AT STEP 31980
WRITING COORDINATES TO DCD FILE NVT.dcd AT STEP 31990
PRESSURE: 32000 -455.008 97.9707 -413.797 97.9707 -295.58 215.02 -413.797 215.02 -655.377
GPRESSURE: 32000 -467.201 95.8887 -364.638 -14.5193 -326.681 231.147 -515.649 268.28 -597.725
PRESSAVG: 32000 56.657 41.7923 32.6956 41.7923 103.75 -27.1607 32.6956 -27.1607 90.1708
GPRESSAVG: 32000 56.5609 41.9315 32.7957 41.9584 104.144 -26.4763 32.9264 -28.1141 90.1697
ENERGY:   32000      1630.7980      9406.5225      5716.4548        72.6241         -60570.3198     -1354.8483         0.0000         0.0000     18759.4592         -26339.3096       302.7740    -45098.7688    -26184.2107       304.1654           -468.6548      -463.8690    265760.9684        83.5259        83.6248

WRITING COORDINATES TO DCD FILE NVT.dcd AT STEP 32000
WRITING COORDINATES TO DCD FILE NVT.dcd AT STEP 32010
WRITING COORDINATES TO DCD FILE NVT.dcd AT STEP 32020
WRITING COORDINATES TO DCD FILE NVT.dcd AT STEP 32030
WRITING COORDINATES TO DCD FILE NVT.dcd AT STEP 32040
WRITING COORDINATES TO DCD FILE NVT.dcd AT STEP 32050
WRITING COORDINATES TO DCD FILE NVT.dcd AT STEP 32060
WRITING COORDINATES TO DCD FILE NVT.dcd AT STEP 32070
WRITING COORDINATES TO DCD FILE NVT.dcd AT STEP 32080
WRITING COORDINATES TO DCD FILE NVT.dcd AT STEP 32090
WRITING COORDINATES TO DCD FILE NVT.dcd AT STEP 32100
WRITING COORDINATES TO DCD FILE NVT.dcd AT STEP 32110
WRITING COORDINATES TO DCD FILE NVT.dcd AT STEP 32120
WRITING COORDINATES TO DCD FILE NVT.dcd AT STEP 32130
WRITING COORDINATES TO DCD FILE NVT.dcd AT STEP 32140
LDB: ============= START OF LOAD BALANCING ============== 5366.65
LDB: ============== END OF LOAD BALANCING =============== 5366.65
LDB: =============== DONE WITH MIGRATION ================ 5366.65
WRITING COORDINATES TO DCD FILE NVT.dcd AT STEP 32150
WRITING COORDINATES TO DCD FILE NVT.dcd AT STEP 32160
WRITING COORDINATES TO DCD FILE NVT.dcd AT STEP 32170
WRITING COORDINATES TO DCD FILE NVT.dcd AT STEP 32180
WRITING COORDINATES TO DCD FILE NVT.dcd AT STEP 32190
LDB: ============= START OF LOAD BALANCING ============== 5374.98
LDB: ============== END OF LOAD BALANCING =============== 5374.98
LDB: =============== DONE WITH MIGRATION ================ 5374.99
WRITING COORDINATES TO DCD FILE NVT.dcd AT STEP 32200
WRITING COORDINATES TO DCD FILE NVT.dcd AT STEP 32210
WRITING COORDINATES TO DCD FILE NVT.dcd AT STEP 32220
WRITING COORDINATES TO DCD FILE NVT.dcd AT STEP 32230
WRITING COORDINATES TO DCD FILE NVT.dcd AT STEP 32240
WRITING COORDINATES TO DCD FILE NVT.dcd AT STEP 32250
WRITING COORDINATES TO DCD FILE NVT.dcd AT STEP 32260
WRITING COORDINATES TO DCD FILE NVT.dcd AT STEP 32270
WRITING COORDINATES TO DCD FILE NVT.dcd AT STEP 32280
WRITING COORDINATES TO DCD FILE NVT.dcd AT STEP 32290
WRITING COORDINATES TO DCD FILE NVT.dcd AT STEP 32300
WRITING COORDINATES TO DCD FILE NVT.dcd AT STEP 32310
WRITING COORDINATES TO DCD FILE NVT.dcd AT STEP 32320
WRITING COORDINATES TO DCD FILE NVT.dcd AT STEP 32330
WRITING COORDINATES TO DCD FILE NVT.dcd AT STEP 32340
WRITING COORDINATES TO DCD FILE NVT.dcd AT STEP 32350
WRITING COORDINATES TO DCD FILE NVT.dcd AT STEP 32360
WRITING COORDINATES TO DCD FILE NVT.dcd AT STEP 32370
WRITING COORDINATES TO DCD FILE NVT.dcd AT STEP 32380
WRITING COORDINATES TO DCD FILE NVT.dcd AT STEP 32390
WRITING COORDINATES TO DCD FILE NVT.dcd AT STEP 32400
WRITING COORDINATES TO DCD FILE NVT.dcd AT STEP 32410
WRITING COORDINATES TO DCD FILE NVT.dcd AT STEP 32420
WRITING COORDINATES TO DCD FILE NVT.dcd AT STEP 32430
WRITING COORDINATES TO DCD FILE NVT.dcd AT STEP 32440
WRITING COORDINATES TO DCD FILE NVT.dcd AT STEP 32450
WRITING COORDINATES TO DCD FILE NVT.dcd AT STEP 32460
WRITING COORDINATES TO DCD FILE NVT.dcd AT STEP 32470
WRITING COORDINATES TO DCD FILE NVT.dcd AT STEP 32480
WRITING COORDINATES TO DCD FILE NVT.dcd AT STEP 32490
WRITING COORDINATES TO DCD FILE NVT.dcd AT STEP 32500
WRITING COORDINATES TO DCD FILE NVT.dcd AT STEP 32510
WRITING COORDINATES TO DCD FILE NVT.dcd AT STEP 32520
WRITING COORDINATES TO DCD FILE NVT.dcd AT STEP 32530
WRITING COORDINATES TO DCD FILE NVT.dcd AT STEP 32540
WRITING COORDINATES TO DCD FILE NVT.dcd AT STEP 32550
WRITING COORDINATES TO DCD FILE NVT.dcd AT STEP 32560
WRITING COORDINATES TO DCD FILE NVT.dcd AT STEP 32570
WRITING COORDINATES TO DCD FILE NVT.dcd AT STEP 32580
WRITING COORDINATES TO DCD FILE NVT.dcd AT STEP 32590
WRITING COORDINATES TO DCD FILE NVT.dcd AT STEP 32600
WRITING COORDINATES TO DCD FILE NVT.dcd AT STEP 32610
WRITING COORDINATES TO DCD FILE NVT.dcd AT STEP 32620
WRITING COORDINATES TO DCD FILE NVT.dcd AT STEP 32630
WRITING COORDINATES TO DCD FILE NVT.dcd AT STEP 32640
WRITING COORDINATES TO DCD FILE NVT.dcd AT STEP 32650
WRITING COORDINATES TO DCD FILE NVT.dcd AT STEP 32660
WRITING COORDINATES TO DCD FILE NVT.dcd AT STEP 32670
WRITING COORDINATES TO DCD FILE NVT.dcd AT STEP 32680
WRITING COORDINATES TO DCD FILE NVT.dcd AT STEP 32690
WRITING COORDINATES TO DCD FILE NVT.dcd AT STEP 32700
WRITING COORDINATES TO DCD FILE NVT.dcd AT STEP 32710
WRITING COORDINATES TO DCD FILE NVT.dcd AT STEP 32720
WRITING COORDINATES TO DCD FILE NVT.dcd AT STEP 32730
WRITING COORDINATES TO DCD FILE NVT.dcd AT STEP 32740
WRITING COORDINATES TO DCD FILE NVT.dcd AT STEP 32750
WRITING COORDINATES TO DCD FILE NVT.dcd AT STEP 32760
WRITING COORDINATES TO DCD FILE NVT.dcd AT STEP 32770
WRITING COORDINATES TO DCD FILE NVT.dcd AT STEP 32780
WRITING COORDINATES TO DCD FILE NVT.dcd AT STEP 32790
WRITING COORDINATES TO DCD FILE NVT.dcd AT STEP 32800
WRITING COORDINATES TO DCD FILE NVT.dcd AT STEP 32810
WRITING COORDINATES TO DCD FILE NVT.dcd AT STEP 32820
WRITING COORDINATES TO DCD FILE NVT.dcd AT STEP 32830
WRITING COORDINATES TO DCD FILE NVT.dcd AT STEP 32840
WRITING COORDINATES TO DCD FILE NVT.dcd AT STEP 32850
WRITING COORDINATES TO DCD FILE NVT.dcd AT STEP 32860
WRITING COORDINATES TO DCD FILE NVT.dcd AT STEP 32870
WRITING COORDINATES TO DCD FILE NVT.dcd AT STEP 32880
WRITING COORDINATES TO DCD FILE NVT.dcd AT STEP 32890
WRITING COORDINATES TO DCD FILE NVT.dcd AT STEP 32900
WRITING COORDINATES TO DCD FILE NVT.dcd AT STEP 32910
WRITING COORDINATES TO DCD FILE NVT.dcd AT STEP 32920
WRITING COORDINATES TO DCD FILE NVT.dcd AT STEP 32930
WRITING COORDINATES TO DCD FILE NVT.dcd AT STEP 32940
WRITING COORDINATES TO DCD FILE NVT.dcd AT STEP 32950
WRITING COORDINATES TO DCD FILE NVT.dcd AT STEP 32960
WRITING COORDINATES TO DCD FILE NVT.dcd AT STEP 32970
WRITING COORDINATES TO DCD FILE NVT.dcd AT STEP 32980
WRITING COORDINATES TO DCD FILE NVT.dcd AT STEP 32990
PRESSURE: 33000 454.109 -33.8773 51.3201 -33.8773 -403.879 448.74 51.3201 448.74 54.1404
GPRESSURE: 33000 198.119 -127.935 100.563 -285.71 -213.064 544.166 282.017 412.568 157.73
PRESSAVG: 33000 43.4732 52.3741 43.6382 52.3741 76.3189 3.15154 43.6382 3.15154 56.2445
GPRESSAVG: 33000 43.3164 51.7964 43.5152 52.3873 76.589 3.23029 44.1428 3.55111 56.5362
ENERGY:   33000      1578.9116      9236.3266      5735.2627        63.9183         -60564.6684     -1307.5956         0.0000         0.0000     18915.3339         -26342.5109       305.2897    -45257.8448    -26189.0071       304.7493             34.7903        47.5949    265760.9684        58.6789        58.8139

WRITING COORDINATES TO DCD FILE NVT.dcd AT STEP 33000
WRITING COORDINATES TO DCD FILE NVT.dcd AT STEP 33010
WRITING COORDINATES TO DCD FILE NVT.dcd AT STEP 33020
WRITING COORDINATES TO DCD FILE NVT.dcd AT STEP 33030
WRITING COORDINATES TO DCD FILE NVT.dcd AT STEP 33040
WRITING COORDINATES TO DCD FILE NVT.dcd AT STEP 33050
WRITING COORDINATES TO DCD FILE NVT.dcd AT STEP 33060
WRITING COORDINATES TO DCD FILE NVT.dcd AT STEP 33070
WRITING COORDINATES TO DCD FILE NVT.dcd AT STEP 33080
WRITING COORDINATES TO DCD FILE NVT.dcd AT STEP 33090
WRITING COORDINATES TO DCD FILE NVT.dcd AT STEP 33100
WRITING COORDINATES TO DCD FILE NVT.dcd AT STEP 33110
WRITING COORDINATES TO DCD FILE NVT.dcd AT STEP 33120
WRITING COORDINATES TO DCD FILE NVT.dcd AT STEP 33130
WRITING COORDINATES TO DCD FILE NVT.dcd AT STEP 33140
WRITING COORDINATES TO DCD FILE NVT.dcd AT STEP 33150
WRITING COORDINATES TO DCD FILE NVT.dcd AT STEP 33160
WRITING COORDINATES TO DCD FILE NVT.dcd AT STEP 33170
WRITING COORDINATES TO DCD FILE NVT.dcd AT STEP 33180
WRITING COORDINATES TO DCD FILE NVT.dcd AT STEP 33190
WRITING COORDINATES TO DCD FILE NVT.dcd AT STEP 33200
WRITING COORDINATES TO DCD FILE NVT.dcd AT STEP 33210
WRITING COORDINATES TO DCD FILE NVT.dcd AT STEP 33220
WRITING COORDINATES TO DCD FILE NVT.dcd AT STEP 33230
WRITING COORDINATES TO DCD FILE NVT.dcd AT STEP 33240
WRITING COORDINATES TO DCD FILE NVT.dcd AT STEP 33250
WRITING COORDINATES TO DCD FILE NVT.dcd AT STEP 33260
WRITING COORDINATES TO DCD FILE NVT.dcd AT STEP 33270
WRITING COORDINATES TO DCD FILE NVT.dcd AT STEP 33280
WRITING COORDINATES TO DCD FILE NVT.dcd AT STEP 33290
WRITING COORDINATES TO DCD FILE NVT.dcd AT STEP 33300
WRITING COORDINATES TO DCD FILE NVT.dcd AT STEP 33310
WRITING COORDINATES TO DCD FILE NVT.dcd AT STEP 33320
WRITING COORDINATES TO DCD FILE NVT.dcd AT STEP 33330
WRITING COORDINATES TO DCD FILE NVT.dcd AT STEP 33340
WRITING COORDINATES TO DCD FILE NVT.dcd AT STEP 33350
WRITING COORDINATES TO DCD FILE NVT.dcd AT STEP 33360
WRITING COORDINATES TO DCD FILE NVT.dcd AT STEP 33370
WRITING COORDINATES TO DCD FILE NVT.dcd AT STEP 33380
WRITING COORDINATES TO DCD FILE NVT.dcd AT STEP 33390
WRITING COORDINATES TO DCD FILE NVT.dcd AT STEP 33400
WRITING COORDINATES TO DCD FILE NVT.dcd AT STEP 33410
WRITING COORDINATES TO DCD FILE NVT.dcd AT STEP 33420
WRITING COORDINATES TO DCD FILE NVT.dcd AT STEP 33430
WRITING COORDINATES TO DCD FILE NVT.dcd AT STEP 33440
WRITING COORDINATES TO DCD FILE NVT.dcd AT STEP 33450
WRITING COORDINATES TO DCD FILE NVT.dcd AT STEP 33460
WRITING COORDINATES TO DCD FILE NVT.dcd AT STEP 33470
WRITING COORDINATES TO DCD FILE NVT.dcd AT STEP 33480
WRITING COORDINATES TO DCD FILE NVT.dcd AT STEP 33490
WRITING COORDINATES TO DCD FILE NVT.dcd AT STEP 33500
WRITING COORDINATES TO DCD FILE NVT.dcd AT STEP 33510
WRITING COORDINATES TO DCD FILE NVT.dcd AT STEP 33520
WRITING COORDINATES TO DCD FILE NVT.dcd AT STEP 33530
WRITING COORDINATES TO DCD FILE NVT.dcd AT STEP 33540
WRITING COORDINATES TO DCD FILE NVT.dcd AT STEP 33550
WRITING COORDINATES TO DCD FILE NVT.dcd AT STEP 33560
WRITING COORDINATES TO DCD FILE NVT.dcd AT STEP 33570
WRITING COORDINATES TO DCD FILE NVT.dcd AT STEP 33580
WRITING COORDINATES TO DCD FILE NVT.dcd AT STEP 33590
WRITING COORDINATES TO DCD FILE NVT.dcd AT STEP 33600
WRITING COORDINATES TO DCD FILE NVT.dcd AT STEP 33610
WRITING COORDINATES TO DCD FILE NVT.dcd AT STEP 33620
WRITING COORDINATES TO DCD FILE NVT.dcd AT STEP 33630
WRITING COORDINATES TO DCD FILE NVT.dcd AT STEP 33640
WRITING COORDINATES TO DCD FILE NVT.dcd AT STEP 33650
WRITING COORDINATES TO DCD FILE NVT.dcd AT STEP 33660
WRITING COORDINATES TO DCD FILE NVT.dcd AT STEP 33670
WRITING COORDINATES TO DCD FILE NVT.dcd AT STEP 33680
WRITING COORDINATES TO DCD FILE NVT.dcd AT STEP 33690
WRITING COORDINATES TO DCD FILE NVT.dcd AT STEP 33700
WRITING COORDINATES TO DCD FILE NVT.dcd AT STEP 33710
WRITING COORDINATES TO DCD FILE NVT.dcd AT STEP 33720
WRITING COORDINATES TO DCD FILE NVT.dcd AT STEP 33730
WRITING COORDINATES TO DCD FILE NVT.dcd AT STEP 33740
WRITING COORDINATES TO DCD FILE NVT.dcd AT STEP 33750
WRITING COORDINATES TO DCD FILE NVT.dcd AT STEP 33760
WRITING COORDINATES TO DCD FILE NVT.dcd AT STEP 33770
WRITING COORDINATES TO DCD FILE NVT.dcd AT STEP 33780
WRITING COORDINATES TO DCD FILE NVT.dcd AT STEP 33790
WRITING COORDINATES TO DCD FILE NVT.dcd AT STEP 33800
WRITING COORDINATES TO DCD FILE NVT.dcd AT STEP 33810
WRITING COORDINATES TO DCD FILE NVT.dcd AT STEP 33820
WRITING COORDINATES TO DCD FILE NVT.dcd AT STEP 33830
WRITING COORDINATES TO DCD FILE NVT.dcd AT STEP 33840
WRITING COORDINATES TO DCD FILE NVT.dcd AT STEP 33850
WRITING COORDINATES TO DCD FILE NVT.dcd AT STEP 33860
WRITING COORDINATES TO DCD FILE NVT.dcd AT STEP 33870
WRITING COORDINATES TO DCD FILE NVT.dcd AT STEP 33880
WRITING COORDINATES TO DCD FILE NVT.dcd AT STEP 33890
WRITING COORDINATES TO DCD FILE NVT.dcd AT STEP 33900
WRITING COORDINATES TO DCD FILE NVT.dcd AT STEP 33910
WRITING COORDINATES TO DCD FILE NVT.dcd AT STEP 33920
WRITING COORDINATES TO DCD FILE NVT.dcd AT STEP 33930
WRITING COORDINATES TO DCD FILE NVT.dcd AT STEP 33940
WRITING COORDINATES TO DCD FILE NVT.dcd AT STEP 33950
WRITING COORDINATES TO DCD FILE NVT.dcd AT STEP 33960
WRITING COORDINATES TO DCD FILE NVT.dcd AT STEP 33970
WRITING COORDINATES TO DCD FILE NVT.dcd AT STEP 33980
WRITING COORDINATES TO DCD FILE NVT.dcd AT STEP 33990
PRESSURE: 34000 17.4574 -217.974 -203.81 -217.974 -273.144 414.917 -203.81 414.917 558.926
GPRESSURE: 34000 -134.393 -177.798 -256.252 -243.599 -8.86823 443.523 -224.418 301.926 555.691
PRESSAVG: 34000 -13.4927 37.7802 20.9714 37.7802 131.153 -15.8227 20.9714 -15.8227 184.262
GPRESSAVG: 34000 -12.6841 38.9095 20.6048 37.8701 131.119 -15.6435 21.1487 -16.022 183.715
ENERGY:   34000      1643.7498      9261.3327      5709.0018        66.3415         -60766.3909     -1237.0320         0.0000         0.0000     18797.5593         -26525.4378       303.3889    -45322.9972    -26375.2516       303.9501            101.0799       137.4765    265760.9684       100.6407       100.7164

WRITING COORDINATES TO DCD FILE NVT.dcd AT STEP 34000
WRITING COORDINATES TO DCD FILE NVT.dcd AT STEP 34010
WRITING COORDINATES TO DCD FILE NVT.dcd AT STEP 34020
WRITING COORDINATES TO DCD FILE NVT.dcd AT STEP 34030
WRITING COORDINATES TO DCD FILE NVT.dcd AT STEP 34040
WRITING COORDINATES TO DCD FILE NVT.dcd AT STEP 34050
WRITING COORDINATES TO DCD FILE NVT.dcd AT STEP 34060
WRITING COORDINATES TO DCD FILE NVT.dcd AT STEP 34070
WRITING COORDINATES TO DCD FILE NVT.dcd AT STEP 34080
WRITING COORDINATES TO DCD FILE NVT.dcd AT STEP 34090
WRITING COORDINATES TO DCD FILE NVT.dcd AT STEP 34100
WRITING COORDINATES TO DCD FILE NVT.dcd AT STEP 34110
WRITING COORDINATES TO DCD FILE NVT.dcd AT STEP 34120
WRITING COORDINATES TO DCD FILE NVT.dcd AT STEP 34130
WRITING COORDINATES TO DCD FILE NVT.dcd AT STEP 34140
LDB: ============= START OF LOAD BALANCING ============== 5700.22
LDB: ============== END OF LOAD BALANCING =============== 5700.22
LDB: =============== DONE WITH MIGRATION ================ 5700.22
WRITING COORDINATES TO DCD FILE NVT.dcd AT STEP 34150
WRITING COORDINATES TO DCD FILE NVT.dcd AT STEP 34160
WRITING COORDINATES TO DCD FILE NVT.dcd AT STEP 34170
WRITING COORDINATES TO DCD FILE NVT.dcd AT STEP 34180
WRITING COORDINATES TO DCD FILE NVT.dcd AT STEP 34190
LDB: ============= START OF LOAD BALANCING ============== 5708.56
LDB: ============== END OF LOAD BALANCING =============== 5708.56
LDB: =============== DONE WITH MIGRATION ================ 5708.56
WRITING COORDINATES TO DCD FILE NVT.dcd AT STEP 34200
WRITING COORDINATES TO DCD FILE NVT.dcd AT STEP 34210
WRITING COORDINATES TO DCD FILE NVT.dcd AT STEP 34220
WRITING COORDINATES TO DCD FILE NVT.dcd AT STEP 34230
WRITING COORDINATES TO DCD FILE NVT.dcd AT STEP 34240
WRITING COORDINATES TO DCD FILE NVT.dcd AT STEP 34250
WRITING COORDINATES TO DCD FILE NVT.dcd AT STEP 34260
WRITING COORDINATES TO DCD FILE NVT.dcd AT STEP 34270
WRITING COORDINATES TO DCD FILE NVT.dcd AT STEP 34280
WRITING COORDINATES TO DCD FILE NVT.dcd AT STEP 34290
WRITING COORDINATES TO DCD FILE NVT.dcd AT STEP 34300
WRITING COORDINATES TO DCD FILE NVT.dcd AT STEP 34310
WRITING COORDINATES TO DCD FILE NVT.dcd AT STEP 34320
WRITING COORDINATES TO DCD FILE NVT.dcd AT STEP 34330
WRITING COORDINATES TO DCD FILE NVT.dcd AT STEP 34340
WRITING COORDINATES TO DCD FILE NVT.dcd AT STEP 34350
WRITING COORDINATES TO DCD FILE NVT.dcd AT STEP 34360
WRITING COORDINATES TO DCD FILE NVT.dcd AT STEP 34370
WRITING COORDINATES TO DCD FILE NVT.dcd AT STEP 34380
WRITING COORDINATES TO DCD FILE NVT.dcd AT STEP 34390
WRITING COORDINATES TO DCD FILE NVT.dcd AT STEP 34400
WRITING COORDINATES TO DCD FILE NVT.dcd AT STEP 34410
WRITING COORDINATES TO DCD FILE NVT.dcd AT STEP 34420
WRITING COORDINATES TO DCD FILE NVT.dcd AT STEP 34430
WRITING COORDINATES TO DCD FILE NVT.dcd AT STEP 34440
WRITING COORDINATES TO DCD FILE NVT.dcd AT STEP 34450
WRITING COORDINATES TO DCD FILE NVT.dcd AT STEP 34460
WRITING COORDINATES TO DCD FILE NVT.dcd AT STEP 34470
WRITING COORDINATES TO DCD FILE NVT.dcd AT STEP 34480
WRITING COORDINATES TO DCD FILE NVT.dcd AT STEP 34490
WRITING COORDINATES TO DCD FILE NVT.dcd AT STEP 34500
WRITING COORDINATES TO DCD FILE NVT.dcd AT STEP 34510
WRITING COORDINATES TO DCD FILE NVT.dcd AT STEP 34520
WRITING COORDINATES TO DCD FILE NVT.dcd AT STEP 34530
WRITING COORDINATES TO DCD FILE NVT.dcd AT STEP 34540
WRITING COORDINATES TO DCD FILE NVT.dcd AT STEP 34550
WRITING COORDINATES TO DCD FILE NVT.dcd AT STEP 34560
WRITING COORDINATES TO DCD FILE NVT.dcd AT STEP 34570
WRITING COORDINATES TO DCD FILE NVT.dcd AT STEP 34580
WRITING COORDINATES TO DCD FILE NVT.dcd AT STEP 34590
WRITING COORDINATES TO DCD FILE NVT.dcd AT STEP 34600
WRITING COORDINATES TO DCD FILE NVT.dcd AT STEP 34610
WRITING COORDINATES TO DCD FILE NVT.dcd AT STEP 34620
WRITING COORDINATES TO DCD FILE NVT.dcd AT STEP 34630
WRITING COORDINATES TO DCD FILE NVT.dcd AT STEP 34640
WRITING COORDINATES TO DCD FILE NVT.dcd AT STEP 34650
WRITING COORDINATES TO DCD FILE NVT.dcd AT STEP 34660
WRITING COORDINATES TO DCD FILE NVT.dcd AT STEP 34670
WRITING COORDINATES TO DCD FILE NVT.dcd AT STEP 34680
WRITING COORDINATES TO DCD FILE NVT.dcd AT STEP 34690
WRITING COORDINATES TO DCD FILE NVT.dcd AT STEP 34700
WRITING COORDINATES TO DCD FILE NVT.dcd AT STEP 34710
WRITING COORDINATES TO DCD FILE NVT.dcd AT STEP 34720
WRITING COORDINATES TO DCD FILE NVT.dcd AT STEP 34730
WRITING COORDINATES TO DCD FILE NVT.dcd AT STEP 34740
WRITING COORDINATES TO DCD FILE NVT.dcd AT STEP 34750
WRITING COORDINATES TO DCD FILE NVT.dcd AT STEP 34760
WRITING COORDINATES TO DCD FILE NVT.dcd AT STEP 34770
WRITING COORDINATES TO DCD FILE NVT.dcd AT STEP 34780
WRITING COORDINATES TO DCD FILE NVT.dcd AT STEP 34790
WRITING COORDINATES TO DCD FILE NVT.dcd AT STEP 34800
WRITING COORDINATES TO DCD FILE NVT.dcd AT STEP 34810
WRITING COORDINATES TO DCD FILE NVT.dcd AT STEP 34820
WRITING COORDINATES TO DCD FILE NVT.dcd AT STEP 34830
WRITING COORDINATES TO DCD FILE NVT.dcd AT STEP 34840
WRITING COORDINATES TO DCD FILE NVT.dcd AT STEP 34850
WRITING COORDINATES TO DCD FILE NVT.dcd AT STEP 34860
WRITING COORDINATES TO DCD FILE NVT.dcd AT STEP 34870
WRITING COORDINATES TO DCD FILE NVT.dcd AT STEP 34880
WRITING COORDINATES TO DCD FILE NVT.dcd AT STEP 34890
WRITING COORDINATES TO DCD FILE NVT.dcd AT STEP 34900
WRITING COORDINATES TO DCD FILE NVT.dcd AT STEP 34910
WRITING COORDINATES TO DCD FILE NVT.dcd AT STEP 34920
WRITING COORDINATES TO DCD FILE NVT.dcd AT STEP 34930
WRITING COORDINATES TO DCD FILE NVT.dcd AT STEP 34940
WRITING COORDINATES TO DCD FILE NVT.dcd AT STEP 34950
WRITING COORDINATES TO DCD FILE NVT.dcd AT STEP 34960
WRITING COORDINATES TO DCD FILE NVT.dcd AT STEP 34970
WRITING COORDINATES TO DCD FILE NVT.dcd AT STEP 34980
WRITING COORDINATES TO DCD FILE NVT.dcd AT STEP 34990
PRESSURE: 35000 224.236 -361.232 14.5357 -361.232 374.898 129.233 14.5357 129.233 1377.93
GPRESSURE: 35000 445.839 -163.804 -20.4602 -379.896 386.723 213.184 -61.1869 65.0444 1194.53
PRESSAVG: 35000 43.9289 -66.6341 -76.7536 -66.6341 45.5036 -2.85076 -76.7536 -2.85076 54.8216
GPRESSAVG: 35000 44.2741 -66.8901 -76.8299 -67.3073 45.2189 -3.39615 -77.6728 -2.65337 54.6026
ENERGY:   35000      1525.5707      9203.3403      5684.0185        73.1980         -60652.3017     -1162.9348         0.0000         0.0000     18652.6331         -26676.4760       301.0498    -45329.1091    -26524.3058       302.1922            659.0214       675.6967    265760.9684        48.0847        48.0319

WRITING EXTENDED SYSTEM TO RESTART FILE AT STEP 35000
WRITING COORDINATES TO DCD FILE NVT.dcd AT STEP 35000
WRITING COORDINATES TO RESTART FILE AT STEP 35000
FINISHED WRITING RESTART COORDINATES
WRITING VELOCITIES TO RESTART FILE AT STEP 35000
FINISHED WRITING RESTART VELOCITIES
WRITING COORDINATES TO DCD FILE NVT.dcd AT STEP 35010
WRITING COORDINATES TO DCD FILE NVT.dcd AT STEP 35020
WRITING COORDINATES TO DCD FILE NVT.dcd AT STEP 35030
WRITING COORDINATES TO DCD FILE NVT.dcd AT STEP 35040
WRITING COORDINATES TO DCD FILE NVT.dcd AT STEP 35050
WRITING COORDINATES TO DCD FILE NVT.dcd AT STEP 35060
WRITING COORDINATES TO DCD FILE NVT.dcd AT STEP 35070
WRITING COORDINATES TO DCD FILE NVT.dcd AT STEP 35080
WRITING COORDINATES TO DCD FILE NVT.dcd AT STEP 35090
WRITING COORDINATES TO DCD FILE NVT.dcd AT STEP 35100
WRITING COORDINATES TO DCD FILE NVT.dcd AT STEP 35110
WRITING COORDINATES TO DCD FILE NVT.dcd AT STEP 35120
WRITING COORDINATES TO DCD FILE NVT.dcd AT STEP 35130
WRITING COORDINATES TO DCD FILE NVT.dcd AT STEP 35140
WRITING COORDINATES TO DCD FILE NVT.dcd AT STEP 35150
WRITING COORDINATES TO DCD FILE NVT.dcd AT STEP 35160
WRITING COORDINATES TO DCD FILE NVT.dcd AT STEP 35170
WRITING COORDINATES TO DCD FILE NVT.dcd AT STEP 35180
WRITING COORDINATES TO DCD FILE NVT.dcd AT STEP 35190
WRITING COORDINATES TO DCD FILE NVT.dcd AT STEP 35200
WRITING COORDINATES TO DCD FILE NVT.dcd AT STEP 35210
WRITING COORDINATES TO DCD FILE NVT.dcd AT STEP 35220
WRITING COORDINATES TO DCD FILE NVT.dcd AT STEP 35230
WRITING COORDINATES TO DCD FILE NVT.dcd AT STEP 35240
WRITING COORDINATES TO DCD FILE NVT.dcd AT STEP 35250
WRITING COORDINATES TO DCD FILE NVT.dcd AT STEP 35260
WRITING COORDINATES TO DCD FILE NVT.dcd AT STEP 35270
WRITING COORDINATES TO DCD FILE NVT.dcd AT STEP 35280
WRITING COORDINATES TO DCD FILE NVT.dcd AT STEP 35290
WRITING COORDINATES TO DCD FILE NVT.dcd AT STEP 35300
WRITING COORDINATES TO DCD FILE NVT.dcd AT STEP 35310
WRITING COORDINATES TO DCD FILE NVT.dcd AT STEP 35320
WRITING COORDINATES TO DCD FILE NVT.dcd AT STEP 35330
WRITING COORDINATES TO DCD FILE NVT.dcd AT STEP 35340
WRITING COORDINATES TO DCD FILE NVT.dcd AT STEP 35350
WRITING COORDINATES TO DCD FILE NVT.dcd AT STEP 35360
WRITING COORDINATES TO DCD FILE NVT.dcd AT STEP 35370
WRITING COORDINATES TO DCD FILE NVT.dcd AT STEP 35380
WRITING COORDINATES TO DCD FILE NVT.dcd AT STEP 35390
WRITING COORDINATES TO DCD FILE NVT.dcd AT STEP 35400
WRITING COORDINATES TO DCD FILE NVT.dcd AT STEP 35410
WRITING COORDINATES TO DCD FILE NVT.dcd AT STEP 35420
WRITING COORDINATES TO DCD FILE NVT.dcd AT STEP 35430
WRITING COORDINATES TO DCD FILE NVT.dcd AT STEP 35440
WRITING COORDINATES TO DCD FILE NVT.dcd AT STEP 35450
WRITING COORDINATES TO DCD FILE NVT.dcd AT STEP 35460
WRITING COORDINATES TO DCD FILE NVT.dcd AT STEP 35470
WRITING COORDINATES TO DCD FILE NVT.dcd AT STEP 35480
WRITING COORDINATES TO DCD FILE NVT.dcd AT STEP 35490
WRITING COORDINATES TO DCD FILE NVT.dcd AT STEP 35500
WRITING COORDINATES TO DCD FILE NVT.dcd AT STEP 35510
WRITING COORDINATES TO DCD FILE NVT.dcd AT STEP 35520
WRITING COORDINATES TO DCD FILE NVT.dcd AT STEP 35530
WRITING COORDINATES TO DCD FILE NVT.dcd AT STEP 35540
WRITING COORDINATES TO DCD FILE NVT.dcd AT STEP 35550
WRITING COORDINATES TO DCD FILE NVT.dcd AT STEP 35560
WRITING COORDINATES TO DCD FILE NVT.dcd AT STEP 35570
WRITING COORDINATES TO DCD FILE NVT.dcd AT STEP 35580
WRITING COORDINATES TO DCD FILE NVT.dcd AT STEP 35590
WRITING COORDINATES TO DCD FILE NVT.dcd AT STEP 35600
WRITING COORDINATES TO DCD FILE NVT.dcd AT STEP 35610
WRITING COORDINATES TO DCD FILE NVT.dcd AT STEP 35620
WRITING COORDINATES TO DCD FILE NVT.dcd AT STEP 35630
WRITING COORDINATES TO DCD FILE NVT.dcd AT STEP 35640
WRITING COORDINATES TO DCD FILE NVT.dcd AT STEP 35650
WRITING COORDINATES TO DCD FILE NVT.dcd AT STEP 35660
WRITING COORDINATES TO DCD FILE NVT.dcd AT STEP 35670
WRITING COORDINATES TO DCD FILE NVT.dcd AT STEP 35680
WRITING COORDINATES TO DCD FILE NVT.dcd AT STEP 35690
WRITING COORDINATES TO DCD FILE NVT.dcd AT STEP 35700
WRITING COORDINATES TO DCD FILE NVT.dcd AT STEP 35710
WRITING COORDINATES TO DCD FILE NVT.dcd AT STEP 35720
WRITING COORDINATES TO DCD FILE NVT.dcd AT STEP 35730
WRITING COORDINATES TO DCD FILE NVT.dcd AT STEP 35740
WRITING COORDINATES TO DCD FILE NVT.dcd AT STEP 35750
WRITING COORDINATES TO DCD FILE NVT.dcd AT STEP 35760
WRITING COORDINATES TO DCD FILE NVT.dcd AT STEP 35770
WRITING COORDINATES TO DCD FILE NVT.dcd AT STEP 35780
WRITING COORDINATES TO DCD FILE NVT.dcd AT STEP 35790
WRITING COORDINATES TO DCD FILE NVT.dcd AT STEP 35800
WRITING COORDINATES TO DCD FILE NVT.dcd AT STEP 35810
WRITING COORDINATES TO DCD FILE NVT.dcd AT STEP 35820
WRITING COORDINATES TO DCD FILE NVT.dcd AT STEP 35830
WRITING COORDINATES TO DCD FILE NVT.dcd AT STEP 35840
WRITING COORDINATES TO DCD FILE NVT.dcd AT STEP 35850
WRITING COORDINATES TO DCD FILE NVT.dcd AT STEP 35860
WRITING COORDINATES TO DCD FILE NVT.dcd AT STEP 35870
WRITING COORDINATES TO DCD FILE NVT.dcd AT STEP 35880
WRITING COORDINATES TO DCD FILE NVT.dcd AT STEP 35890
WRITING COORDINATES TO DCD FILE NVT.dcd AT STEP 35900
WRITING COORDINATES TO DCD FILE NVT.dcd AT STEP 35910
WRITING COORDINATES TO DCD FILE NVT.dcd AT STEP 35920
WRITING COORDINATES TO DCD FILE NVT.dcd AT STEP 35930
WRITING COORDINATES TO DCD FILE NVT.dcd AT STEP 35940
WRITING COORDINATES TO DCD FILE NVT.dcd AT STEP 35950
WRITING COORDINATES TO DCD FILE NVT.dcd AT STEP 35960
WRITING COORDINATES TO DCD FILE NVT.dcd AT STEP 35970
WRITING COORDINATES TO DCD FILE NVT.dcd AT STEP 35980
WRITING COORDINATES TO DCD FILE NVT.dcd AT STEP 35990
PRESSURE: 36000 364.975 32.8889 -72.6335 32.8889 513.99 -286.609 -72.6335 -286.609 -15.6484
GPRESSURE: 36000 324.018 241.474 -27.6106 -104.362 624.396 -225.542 -143.051 -288.8 -11.5944
PRESSAVG: 36000 213.855 21.2884 -11.5744 21.2884 252.582 -9.83589 -11.5744 -9.83589 196.249
GPRESSAVG: 36000 213.943 20.8821 -11.6061 21.9951 252.339 -9.21721 -11.2796 -9.95127 196.539
ENERGY:   36000      1599.7920      9144.1197      5690.5778        79.4811         -60528.2744     -1216.2645         0.0000         0.0000     18786.9749         -26443.5933       303.2181    -45230.5682    -26287.0208       302.3748            287.7723       312.2734    265760.9684       220.8953       220.9403

WRITING COORDINATES TO DCD FILE NVT.dcd AT STEP 36000
WRITING COORDINATES TO DCD FILE NVT.dcd AT STEP 36010
WRITING COORDINATES TO DCD FILE NVT.dcd AT STEP 36020
WRITING COORDINATES TO DCD FILE NVT.dcd AT STEP 36030
WRITING COORDINATES TO DCD FILE NVT.dcd AT STEP 36040
WRITING COORDINATES TO DCD FILE NVT.dcd AT STEP 36050
WRITING COORDINATES TO DCD FILE NVT.dcd AT STEP 36060
WRITING COORDINATES TO DCD FILE NVT.dcd AT STEP 36070
WRITING COORDINATES TO DCD FILE NVT.dcd AT STEP 36080
WRITING COORDINATES TO DCD FILE NVT.dcd AT STEP 36090
WRITING COORDINATES TO DCD FILE NVT.dcd AT STEP 36100
WRITING COORDINATES TO DCD FILE NVT.dcd AT STEP 36110
WRITING COORDINATES TO DCD FILE NVT.dcd AT STEP 36120
WRITING COORDINATES TO DCD FILE NVT.dcd AT STEP 36130
WRITING COORDINATES TO DCD FILE NVT.dcd AT STEP 36140
LDB: ============= START OF LOAD BALANCING ============== 6033.69
LDB: ============== END OF LOAD BALANCING =============== 6033.69
LDB: =============== DONE WITH MIGRATION ================ 6033.69
WRITING COORDINATES TO DCD FILE NVT.dcd AT STEP 36150
WRITING COORDINATES TO DCD FILE NVT.dcd AT STEP 36160
WRITING COORDINATES TO DCD FILE NVT.dcd AT STEP 36170
WRITING COORDINATES TO DCD FILE NVT.dcd AT STEP 36180
WRITING COORDINATES TO DCD FILE NVT.dcd AT STEP 36190
LDB: ============= START OF LOAD BALANCING ============== 6042.02
LDB: ============== END OF LOAD BALANCING =============== 6042.02
LDB: =============== DONE WITH MIGRATION ================ 6042.02
WRITING COORDINATES TO DCD FILE NVT.dcd AT STEP 36200
WRITING COORDINATES TO DCD FILE NVT.dcd AT STEP 36210
WRITING COORDINATES TO DCD FILE NVT.dcd AT STEP 36220
WRITING COORDINATES TO DCD FILE NVT.dcd AT STEP 36230
WRITING COORDINATES TO DCD FILE NVT.dcd AT STEP 36240
WRITING COORDINATES TO DCD FILE NVT.dcd AT STEP 36250
WRITING COORDINATES TO DCD FILE NVT.dcd AT STEP 36260
WRITING COORDINATES TO DCD FILE NVT.dcd AT STEP 36270
WRITING COORDINATES TO DCD FILE NVT.dcd AT STEP 36280
WRITING COORDINATES TO DCD FILE NVT.dcd AT STEP 36290
WRITING COORDINATES TO DCD FILE NVT.dcd AT STEP 36300
WRITING COORDINATES TO DCD FILE NVT.dcd AT STEP 36310
WRITING COORDINATES TO DCD FILE NVT.dcd AT STEP 36320
WRITING COORDINATES TO DCD FILE NVT.dcd AT STEP 36330
WRITING COORDINATES TO DCD FILE NVT.dcd AT STEP 36340
WRITING COORDINATES TO DCD FILE NVT.dcd AT STEP 36350
WRITING COORDINATES TO DCD FILE NVT.dcd AT STEP 36360
WRITING COORDINATES TO DCD FILE NVT.dcd AT STEP 36370
WRITING COORDINATES TO DCD FILE NVT.dcd AT STEP 36380
WRITING COORDINATES TO DCD FILE NVT.dcd AT STEP 36390
WRITING COORDINATES TO DCD FILE NVT.dcd AT STEP 36400
WRITING COORDINATES TO DCD FILE NVT.dcd AT STEP 36410
WRITING COORDINATES TO DCD FILE NVT.dcd AT STEP 36420
WRITING COORDINATES TO DCD FILE NVT.dcd AT STEP 36430
WRITING COORDINATES TO DCD FILE NVT.dcd AT STEP 36440
WRITING COORDINATES TO DCD FILE NVT.dcd AT STEP 36450
WRITING COORDINATES TO DCD FILE NVT.dcd AT STEP 36460
WRITING COORDINATES TO DCD FILE NVT.dcd AT STEP 36470
WRITING COORDINATES TO DCD FILE NVT.dcd AT STEP 36480
WRITING COORDINATES TO DCD FILE NVT.dcd AT STEP 36490
WRITING COORDINATES TO DCD FILE NVT.dcd AT STEP 36500
WRITING COORDINATES TO DCD FILE NVT.dcd AT STEP 36510
WRITING COORDINATES TO DCD FILE NVT.dcd AT STEP 36520
WRITING COORDINATES TO DCD FILE NVT.dcd AT STEP 36530
WRITING COORDINATES TO DCD FILE NVT.dcd AT STEP 36540
WRITING COORDINATES TO DCD FILE NVT.dcd AT STEP 36550
WRITING COORDINATES TO DCD FILE NVT.dcd AT STEP 36560
WRITING COORDINATES TO DCD FILE NVT.dcd AT STEP 36570
WRITING COORDINATES TO DCD FILE NVT.dcd AT STEP 36580
WRITING COORDINATES TO DCD FILE NVT.dcd AT STEP 36590
WRITING COORDINATES TO DCD FILE NVT.dcd AT STEP 36600
WRITING COORDINATES TO DCD FILE NVT.dcd AT STEP 36610
WRITING COORDINATES TO DCD FILE NVT.dcd AT STEP 36620
WRITING COORDINATES TO DCD FILE NVT.dcd AT STEP 36630
WRITING COORDINATES TO DCD FILE NVT.dcd AT STEP 36640
WRITING COORDINATES TO DCD FILE NVT.dcd AT STEP 36650
WRITING COORDINATES TO DCD FILE NVT.dcd AT STEP 36660
WRITING COORDINATES TO DCD FILE NVT.dcd AT STEP 36670
WRITING COORDINATES TO DCD FILE NVT.dcd AT STEP 36680
WRITING COORDINATES TO DCD FILE NVT.dcd AT STEP 36690
WRITING COORDINATES TO DCD FILE NVT.dcd AT STEP 36700
WRITING COORDINATES TO DCD FILE NVT.dcd AT STEP 36710
WRITING COORDINATES TO DCD FILE NVT.dcd AT STEP 36720
WRITING COORDINATES TO DCD FILE NVT.dcd AT STEP 36730
WRITING COORDINATES TO DCD FILE NVT.dcd AT STEP 36740
WRITING COORDINATES TO DCD FILE NVT.dcd AT STEP 36750
WRITING COORDINATES TO DCD FILE NVT.dcd AT STEP 36760
WRITING COORDINATES TO DCD FILE NVT.dcd AT STEP 36770
WRITING COORDINATES TO DCD FILE NVT.dcd AT STEP 36780
WRITING COORDINATES TO DCD FILE NVT.dcd AT STEP 36790
WRITING COORDINATES TO DCD FILE NVT.dcd AT STEP 36800
WRITING COORDINATES TO DCD FILE NVT.dcd AT STEP 36810
WRITING COORDINATES TO DCD FILE NVT.dcd AT STEP 36820
WRITING COORDINATES TO DCD FILE NVT.dcd AT STEP 36830
WRITING COORDINATES TO DCD FILE NVT.dcd AT STEP 36840
WRITING COORDINATES TO DCD FILE NVT.dcd AT STEP 36850
WRITING COORDINATES TO DCD FILE NVT.dcd AT STEP 36860
WRITING COORDINATES TO DCD FILE NVT.dcd AT STEP 36870
WRITING COORDINATES TO DCD FILE NVT.dcd AT STEP 36880
WRITING COORDINATES TO DCD FILE NVT.dcd AT STEP 36890
WRITING COORDINATES TO DCD FILE NVT.dcd AT STEP 36900
WRITING COORDINATES TO DCD FILE NVT.dcd AT STEP 36910
WRITING COORDINATES TO DCD FILE NVT.dcd AT STEP 36920
WRITING COORDINATES TO DCD FILE NVT.dcd AT STEP 36930
WRITING COORDINATES TO DCD FILE NVT.dcd AT STEP 36940
WRITING COORDINATES TO DCD FILE NVT.dcd AT STEP 36950
WRITING COORDINATES TO DCD FILE NVT.dcd AT STEP 36960
WRITING COORDINATES TO DCD FILE NVT.dcd AT STEP 36970
WRITING COORDINATES TO DCD FILE NVT.dcd AT STEP 36980
WRITING COORDINATES TO DCD FILE NVT.dcd AT STEP 36990
PRESSURE: 37000 216.454 297.589 446.521 297.589 503.327 426.945 446.521 426.945 76.5144
GPRESSURE: 37000 299.333 136.352 303.493 359.63 365.092 438.513 467.283 340.234 209.653
PRESSAVG: 37000 237.774 45.9244 -28.962 45.9244 156.516 -2.98855 -28.962 -2.98855 139.428
GPRESSAVG: 37000 238.021 45.9224 -28.4683 45.7082 156.785 -2.99368 -29.2092 -2.39606 139.072
ENERGY:   37000      1580.3983      9294.2037      5706.1389        76.1657         -60760.6821     -1200.3994         0.0000         0.0000     18904.4132         -26399.7617       305.1135    -45304.1749    -26248.8014       303.9758            265.4318       291.3591    265760.9684       177.9060       177.9590

WRITING COORDINATES TO DCD FILE NVT.dcd AT STEP 37000
WRITING COORDINATES TO DCD FILE NVT.dcd AT STEP 37010
WRITING COORDINATES TO DCD FILE NVT.dcd AT STEP 37020
WRITING COORDINATES TO DCD FILE NVT.dcd AT STEP 37030
WRITING COORDINATES TO DCD FILE NVT.dcd AT STEP 37040
WRITING COORDINATES TO DCD FILE NVT.dcd AT STEP 37050
WRITING COORDINATES TO DCD FILE NVT.dcd AT STEP 37060
WRITING COORDINATES TO DCD FILE NVT.dcd AT STEP 37070
WRITING COORDINATES TO DCD FILE NVT.dcd AT STEP 37080
WRITING COORDINATES TO DCD FILE NVT.dcd AT STEP 37090
WRITING COORDINATES TO DCD FILE NVT.dcd AT STEP 37100
WRITING COORDINATES TO DCD FILE NVT.dcd AT STEP 37110
WRITING COORDINATES TO DCD FILE NVT.dcd AT STEP 37120
WRITING COORDINATES TO DCD FILE NVT.dcd AT STEP 37130
WRITING COORDINATES TO DCD FILE NVT.dcd AT STEP 37140
WRITING COORDINATES TO DCD FILE NVT.dcd AT STEP 37150
WRITING COORDINATES TO DCD FILE NVT.dcd AT STEP 37160
WRITING COORDINATES TO DCD FILE NVT.dcd AT STEP 37170
WRITING COORDINATES TO DCD FILE NVT.dcd AT STEP 37180
WRITING COORDINATES TO DCD FILE NVT.dcd AT STEP 37190
WRITING COORDINATES TO DCD FILE NVT.dcd AT STEP 37200
WRITING COORDINATES TO DCD FILE NVT.dcd AT STEP 37210
WRITING COORDINATES TO DCD FILE NVT.dcd AT STEP 37220
WRITING COORDINATES TO DCD FILE NVT.dcd AT STEP 37230
WRITING COORDINATES TO DCD FILE NVT.dcd AT STEP 37240
WRITING COORDINATES TO DCD FILE NVT.dcd AT STEP 37250
WRITING COORDINATES TO DCD FILE NVT.dcd AT STEP 37260
WRITING COORDINATES TO DCD FILE NVT.dcd AT STEP 37270
WRITING COORDINATES TO DCD FILE NVT.dcd AT STEP 37280
WRITING COORDINATES TO DCD FILE NVT.dcd AT STEP 37290
WRITING COORDINATES TO DCD FILE NVT.dcd AT STEP 37300
WRITING COORDINATES TO DCD FILE NVT.dcd AT STEP 37310
WRITING COORDINATES TO DCD FILE NVT.dcd AT STEP 37320
WRITING COORDINATES TO DCD FILE NVT.dcd AT STEP 37330
WRITING COORDINATES TO DCD FILE NVT.dcd AT STEP 37340
WRITING COORDINATES TO DCD FILE NVT.dcd AT STEP 37350
WRITING COORDINATES TO DCD FILE NVT.dcd AT STEP 37360
WRITING COORDINATES TO DCD FILE NVT.dcd AT STEP 37370
WRITING COORDINATES TO DCD FILE NVT.dcd AT STEP 37380
WRITING COORDINATES TO DCD FILE NVT.dcd AT STEP 37390
WRITING COORDINATES TO DCD FILE NVT.dcd AT STEP 37400
WRITING COORDINATES TO DCD FILE NVT.dcd AT STEP 37410
WRITING COORDINATES TO DCD FILE NVT.dcd AT STEP 37420
WRITING COORDINATES TO DCD FILE NVT.dcd AT STEP 37430
WRITING COORDINATES TO DCD FILE NVT.dcd AT STEP 37440
WRITING COORDINATES TO DCD FILE NVT.dcd AT STEP 37450
WRITING COORDINATES TO DCD FILE NVT.dcd AT STEP 37460
WRITING COORDINATES TO DCD FILE NVT.dcd AT STEP 37470
WRITING COORDINATES TO DCD FILE NVT.dcd AT STEP 37480
WRITING COORDINATES TO DCD FILE NVT.dcd AT STEP 37490
WRITING COORDINATES TO DCD FILE NVT.dcd AT STEP 37500
WRITING COORDINATES TO DCD FILE NVT.dcd AT STEP 37510
WRITING COORDINATES TO DCD FILE NVT.dcd AT STEP 37520
WRITING COORDINATES TO DCD FILE NVT.dcd AT STEP 37530
WRITING COORDINATES TO DCD FILE NVT.dcd AT STEP 37540
WRITING COORDINATES TO DCD FILE NVT.dcd AT STEP 37550
WRITING COORDINATES TO DCD FILE NVT.dcd AT STEP 37560
WRITING COORDINATES TO DCD FILE NVT.dcd AT STEP 37570
WRITING COORDINATES TO DCD FILE NVT.dcd AT STEP 37580
WRITING COORDINATES TO DCD FILE NVT.dcd AT STEP 37590
WRITING COORDINATES TO DCD FILE NVT.dcd AT STEP 37600
WRITING COORDINATES TO DCD FILE NVT.dcd AT STEP 37610
WRITING COORDINATES TO DCD FILE NVT.dcd AT STEP 37620
WRITING COORDINATES TO DCD FILE NVT.dcd AT STEP 37630
WRITING COORDINATES TO DCD FILE NVT.dcd AT STEP 37640
WRITING COORDINATES TO DCD FILE NVT.dcd AT STEP 37650
WRITING COORDINATES TO DCD FILE NVT.dcd AT STEP 37660
WRITING COORDINATES TO DCD FILE NVT.dcd AT STEP 37670
WRITING COORDINATES TO DCD FILE NVT.dcd AT STEP 37680
WRITING COORDINATES TO DCD FILE NVT.dcd AT STEP 37690
WRITING COORDINATES TO DCD FILE NVT.dcd AT STEP 37700
WRITING COORDINATES TO DCD FILE NVT.dcd AT STEP 37710
WRITING COORDINATES TO DCD FILE NVT.dcd AT STEP 37720
WRITING COORDINATES TO DCD FILE NVT.dcd AT STEP 37730
WRITING COORDINATES TO DCD FILE NVT.dcd AT STEP 37740
WRITING COORDINATES TO DCD FILE NVT.dcd AT STEP 37750
WRITING COORDINATES TO DCD FILE NVT.dcd AT STEP 37760
WRITING COORDINATES TO DCD FILE NVT.dcd AT STEP 37770
WRITING COORDINATES TO DCD FILE NVT.dcd AT STEP 37780
WRITING COORDINATES TO DCD FILE NVT.dcd AT STEP 37790
WRITING COORDINATES TO DCD FILE NVT.dcd AT STEP 37800
WRITING COORDINATES TO DCD FILE NVT.dcd AT STEP 37810
WRITING COORDINATES TO DCD FILE NVT.dcd AT STEP 37820
WRITING COORDINATES TO DCD FILE NVT.dcd AT STEP 37830
WRITING COORDINATES TO DCD FILE NVT.dcd AT STEP 37840
WRITING COORDINATES TO DCD FILE NVT.dcd AT STEP 37850
WRITING COORDINATES TO DCD FILE NVT.dcd AT STEP 37860
WRITING COORDINATES TO DCD FILE NVT.dcd AT STEP 37870
WRITING COORDINATES TO DCD FILE NVT.dcd AT STEP 37880
WRITING COORDINATES TO DCD FILE NVT.dcd AT STEP 37890
WRITING COORDINATES TO DCD FILE NVT.dcd AT STEP 37900
WRITING COORDINATES TO DCD FILE NVT.dcd AT STEP 37910
WRITING COORDINATES TO DCD FILE NVT.dcd AT STEP 37920
WRITING COORDINATES TO DCD FILE NVT.dcd AT STEP 37930
WRITING COORDINATES TO DCD FILE NVT.dcd AT STEP 37940
WRITING COORDINATES TO DCD FILE NVT.dcd AT STEP 37950
WRITING COORDINATES TO DCD FILE NVT.dcd AT STEP 37960
WRITING COORDINATES TO DCD FILE NVT.dcd AT STEP 37970
WRITING COORDINATES TO DCD FILE NVT.dcd AT STEP 37980
WRITING COORDINATES TO DCD FILE NVT.dcd AT STEP 37990
PRESSURE: 38000 140.578 32.6036 -321.437 32.6036 473.043 300.394 -321.437 300.394 724.34
GPRESSURE: 38000 -14.3082 200.376 -473.903 -114.842 603.994 274.502 -44.4675 245.564 762.583
PRESSAVG: 38000 228.781 34.8679 0.549455 34.8679 179.514 12.275 0.549455 12.275 114.223
GPRESSAVG: 38000 228.625 34.9985 0.522881 35.1925 179.546 12.161 0.928518 12.4533 114.36
ENERGY:   38000      1566.1786      9311.1553      5737.5080        72.3810         -60714.9235     -1199.5709         0.0000         0.0000     18754.7642         -26472.5073       302.6982    -45227.2715    -26321.1643       304.0867            445.9869       450.7563    265760.9684       174.1723       174.1768

WRITING COORDINATES TO DCD FILE NVT.dcd AT STEP 38000
WRITING COORDINATES TO DCD FILE NVT.dcd AT STEP 38010
WRITING COORDINATES TO DCD FILE NVT.dcd AT STEP 38020
WRITING COORDINATES TO DCD FILE NVT.dcd AT STEP 38030
WRITING COORDINATES TO DCD FILE NVT.dcd AT STEP 38040
WRITING COORDINATES TO DCD FILE NVT.dcd AT STEP 38050
WRITING COORDINATES TO DCD FILE NVT.dcd AT STEP 38060
WRITING COORDINATES TO DCD FILE NVT.dcd AT STEP 38070
WRITING COORDINATES TO DCD FILE NVT.dcd AT STEP 38080
WRITING COORDINATES TO DCD FILE NVT.dcd AT STEP 38090
WRITING COORDINATES TO DCD FILE NVT.dcd AT STEP 38100
WRITING COORDINATES TO DCD FILE NVT.dcd AT STEP 38110
WRITING COORDINATES TO DCD FILE NVT.dcd AT STEP 38120
WRITING COORDINATES TO DCD FILE NVT.dcd AT STEP 38130
WRITING COORDINATES TO DCD FILE NVT.dcd AT STEP 38140
LDB: ============= START OF LOAD BALANCING ============== 6367.16
LDB: ============== END OF LOAD BALANCING =============== 6367.16
LDB: =============== DONE WITH MIGRATION ================ 6367.16
WRITING COORDINATES TO DCD FILE NVT.dcd AT STEP 38150
WRITING COORDINATES TO DCD FILE NVT.dcd AT STEP 38160
WRITING COORDINATES TO DCD FILE NVT.dcd AT STEP 38170
WRITING COORDINATES TO DCD FILE NVT.dcd AT STEP 38180
WRITING COORDINATES TO DCD FILE NVT.dcd AT STEP 38190
LDB: ============= START OF LOAD BALANCING ============== 6375.5
LDB: ============== END OF LOAD BALANCING =============== 6375.5
LDB: =============== DONE WITH MIGRATION ================ 6375.5
WRITING COORDINATES TO DCD FILE NVT.dcd AT STEP 38200
WRITING COORDINATES TO DCD FILE NVT.dcd AT STEP 38210
WRITING COORDINATES TO DCD FILE NVT.dcd AT STEP 38220
WRITING COORDINATES TO DCD FILE NVT.dcd AT STEP 38230
WRITING COORDINATES TO DCD FILE NVT.dcd AT STEP 38240
WRITING COORDINATES TO DCD FILE NVT.dcd AT STEP 38250
WRITING COORDINATES TO DCD FILE NVT.dcd AT STEP 38260
WRITING COORDINATES TO DCD FILE NVT.dcd AT STEP 38270
WRITING COORDINATES TO DCD FILE NVT.dcd AT STEP 38280
WRITING COORDINATES TO DCD FILE NVT.dcd AT STEP 38290
WRITING COORDINATES TO DCD FILE NVT.dcd AT STEP 38300
WRITING COORDINATES TO DCD FILE NVT.dcd AT STEP 38310
WRITING COORDINATES TO DCD FILE NVT.dcd AT STEP 38320
WRITING COORDINATES TO DCD FILE NVT.dcd AT STEP 38330
WRITING COORDINATES TO DCD FILE NVT.dcd AT STEP 38340
WRITING COORDINATES TO DCD FILE NVT.dcd AT STEP 38350
WRITING COORDINATES TO DCD FILE NVT.dcd AT STEP 38360
WRITING COORDINATES TO DCD FILE NVT.dcd AT STEP 38370
WRITING COORDINATES TO DCD FILE NVT.dcd AT STEP 38380
WRITING COORDINATES TO DCD FILE NVT.dcd AT STEP 38390
WRITING COORDINATES TO DCD FILE NVT.dcd AT STEP 38400
WRITING COORDINATES TO DCD FILE NVT.dcd AT STEP 38410
WRITING COORDINATES TO DCD FILE NVT.dcd AT STEP 38420
WRITING COORDINATES TO DCD FILE NVT.dcd AT STEP 38430
WRITING COORDINATES TO DCD FILE NVT.dcd AT STEP 38440
WRITING COORDINATES TO DCD FILE NVT.dcd AT STEP 38450
WRITING COORDINATES TO DCD FILE NVT.dcd AT STEP 38460
WRITING COORDINATES TO DCD FILE NVT.dcd AT STEP 38470
WRITING COORDINATES TO DCD FILE NVT.dcd AT STEP 38480
WRITING COORDINATES TO DCD FILE NVT.dcd AT STEP 38490
WRITING COORDINATES TO DCD FILE NVT.dcd AT STEP 38500
WRITING COORDINATES TO DCD FILE NVT.dcd AT STEP 38510
WRITING COORDINATES TO DCD FILE NVT.dcd AT STEP 38520
WRITING COORDINATES TO DCD FILE NVT.dcd AT STEP 38530
WRITING COORDINATES TO DCD FILE NVT.dcd AT STEP 38540
WRITING COORDINATES TO DCD FILE NVT.dcd AT STEP 38550
WRITING COORDINATES TO DCD FILE NVT.dcd AT STEP 38560
WRITING COORDINATES TO DCD FILE NVT.dcd AT STEP 38570
WRITING COORDINATES TO DCD FILE NVT.dcd AT STEP 38580
WRITING COORDINATES TO DCD FILE NVT.dcd AT STEP 38590
WRITING COORDINATES TO DCD FILE NVT.dcd AT STEP 38600
WRITING COORDINATES TO DCD FILE NVT.dcd AT STEP 38610
WRITING COORDINATES TO DCD FILE NVT.dcd AT STEP 38620
WRITING COORDINATES TO DCD FILE NVT.dcd AT STEP 38630
WRITING COORDINATES TO DCD FILE NVT.dcd AT STEP 38640
WRITING COORDINATES TO DCD FILE NVT.dcd AT STEP 38650
WRITING COORDINATES TO DCD FILE NVT.dcd AT STEP 38660
WRITING COORDINATES TO DCD FILE NVT.dcd AT STEP 38670
WRITING COORDINATES TO DCD FILE NVT.dcd AT STEP 38680
WRITING COORDINATES TO DCD FILE NVT.dcd AT STEP 38690
WRITING COORDINATES TO DCD FILE NVT.dcd AT STEP 38700
WRITING COORDINATES TO DCD FILE NVT.dcd AT STEP 38710
WRITING COORDINATES TO DCD FILE NVT.dcd AT STEP 38720
WRITING COORDINATES TO DCD FILE NVT.dcd AT STEP 38730
WRITING COORDINATES TO DCD FILE NVT.dcd AT STEP 38740
WRITING COORDINATES TO DCD FILE NVT.dcd AT STEP 38750
WRITING COORDINATES TO DCD FILE NVT.dcd AT STEP 38760
WRITING COORDINATES TO DCD FILE NVT.dcd AT STEP 38770
WRITING COORDINATES TO DCD FILE NVT.dcd AT STEP 38780
WRITING COORDINATES TO DCD FILE NVT.dcd AT STEP 38790
WRITING COORDINATES TO DCD FILE NVT.dcd AT STEP 38800
WRITING COORDINATES TO DCD FILE NVT.dcd AT STEP 38810
WRITING COORDINATES TO DCD FILE NVT.dcd AT STEP 38820
WRITING COORDINATES TO DCD FILE NVT.dcd AT STEP 38830
WRITING COORDINATES TO DCD FILE NVT.dcd AT STEP 38840
WRITING COORDINATES TO DCD FILE NVT.dcd AT STEP 38850
WRITING COORDINATES TO DCD FILE NVT.dcd AT STEP 38860
WRITING COORDINATES TO DCD FILE NVT.dcd AT STEP 38870
WRITING COORDINATES TO DCD FILE NVT.dcd AT STEP 38880
WRITING COORDINATES TO DCD FILE NVT.dcd AT STEP 38890
WRITING COORDINATES TO DCD FILE NVT.dcd AT STEP 38900
WRITING COORDINATES TO DCD FILE NVT.dcd AT STEP 38910
WRITING COORDINATES TO DCD FILE NVT.dcd AT STEP 38920
WRITING COORDINATES TO DCD FILE NVT.dcd AT STEP 38930
WRITING COORDINATES TO DCD FILE NVT.dcd AT STEP 38940
WRITING COORDINATES TO DCD FILE NVT.dcd AT STEP 38950
WRITING COORDINATES TO DCD FILE NVT.dcd AT STEP 38960
WRITING COORDINATES TO DCD FILE NVT.dcd AT STEP 38970
WRITING COORDINATES TO DCD FILE NVT.dcd AT STEP 38980
WRITING COORDINATES TO DCD FILE NVT.dcd AT STEP 38990
PRESSURE: 39000 479.276 -189.288 -604.123 -189.288 -349.862 203.171 -604.123 203.171 -182.753
GPRESSURE: 39000 556.389 -226.611 -476.219 69.8709 -259.257 176.761 -404.6 166.094 -325.298
PRESSAVG: 39000 93.7861 57.2271 57.7247 57.2271 58.9603 2.0698 57.7247 2.0698 93.7626
GPRESSAVG: 39000 94.1681 57.1602 57.2691 57.6781 58.5728 2.12427 57.6771 1.53569 93.8895
ENERGY:   39000      1552.9161      9394.9021      5701.9753        68.8846         -60686.6909     -1423.8537         0.0000         0.0000     18636.0459         -26755.8207       300.7821    -45391.8666    -26608.8416       302.7120            -17.7796        -9.3883    265760.9684        82.1696        82.2101

WRITING COORDINATES TO DCD FILE NVT.dcd AT STEP 39000
WRITING COORDINATES TO DCD FILE NVT.dcd AT STEP 39010
WRITING COORDINATES TO DCD FILE NVT.dcd AT STEP 39020
WRITING COORDINATES TO DCD FILE NVT.dcd AT STEP 39030
WRITING COORDINATES TO DCD FILE NVT.dcd AT STEP 39040
WRITING COORDINATES TO DCD FILE NVT.dcd AT STEP 39050
WRITING COORDINATES TO DCD FILE NVT.dcd AT STEP 39060
WRITING COORDINATES TO DCD FILE NVT.dcd AT STEP 39070
WRITING COORDINATES TO DCD FILE NVT.dcd AT STEP 39080
WRITING COORDINATES TO DCD FILE NVT.dcd AT STEP 39090
WRITING COORDINATES TO DCD FILE NVT.dcd AT STEP 39100
WRITING COORDINATES TO DCD FILE NVT.dcd AT STEP 39110
WRITING COORDINATES TO DCD FILE NVT.dcd AT STEP 39120
WRITING COORDINATES TO DCD FILE NVT.dcd AT STEP 39130
WRITING COORDINATES TO DCD FILE NVT.dcd AT STEP 39140
WRITING COORDINATES TO DCD FILE NVT.dcd AT STEP 39150
WRITING COORDINATES TO DCD FILE NVT.dcd AT STEP 39160
WRITING COORDINATES TO DCD FILE NVT.dcd AT STEP 39170
WRITING COORDINATES TO DCD FILE NVT.dcd AT STEP 39180
WRITING COORDINATES TO DCD FILE NVT.dcd AT STEP 39190
WRITING COORDINATES TO DCD FILE NVT.dcd AT STEP 39200
WRITING COORDINATES TO DCD FILE NVT.dcd AT STEP 39210
WRITING COORDINATES TO DCD FILE NVT.dcd AT STEP 39220
WRITING COORDINATES TO DCD FILE NVT.dcd AT STEP 39230
WRITING COORDINATES TO DCD FILE NVT.dcd AT STEP 39240
WRITING COORDINATES TO DCD FILE NVT.dcd AT STEP 39250
WRITING COORDINATES TO DCD FILE NVT.dcd AT STEP 39260
WRITING COORDINATES TO DCD FILE NVT.dcd AT STEP 39270
WRITING COORDINATES TO DCD FILE NVT.dcd AT STEP 39280
WRITING COORDINATES TO DCD FILE NVT.dcd AT STEP 39290
WRITING COORDINATES TO DCD FILE NVT.dcd AT STEP 39300
WRITING COORDINATES TO DCD FILE NVT.dcd AT STEP 39310
WRITING COORDINATES TO DCD FILE NVT.dcd AT STEP 39320
WRITING COORDINATES TO DCD FILE NVT.dcd AT STEP 39330
WRITING COORDINATES TO DCD FILE NVT.dcd AT STEP 39340
WRITING COORDINATES TO DCD FILE NVT.dcd AT STEP 39350
WRITING COORDINATES TO DCD FILE NVT.dcd AT STEP 39360
WRITING COORDINATES TO DCD FILE NVT.dcd AT STEP 39370
WRITING COORDINATES TO DCD FILE NVT.dcd AT STEP 39380
WRITING COORDINATES TO DCD FILE NVT.dcd AT STEP 39390
WRITING COORDINATES TO DCD FILE NVT.dcd AT STEP 39400
WRITING COORDINATES TO DCD FILE NVT.dcd AT STEP 39410
WRITING COORDINATES TO DCD FILE NVT.dcd AT STEP 39420
WRITING COORDINATES TO DCD FILE NVT.dcd AT STEP 39430
WRITING COORDINATES TO DCD FILE NVT.dcd AT STEP 39440
WRITING COORDINATES TO DCD FILE NVT.dcd AT STEP 39450
WRITING COORDINATES TO DCD FILE NVT.dcd AT STEP 39460
WRITING COORDINATES TO DCD FILE NVT.dcd AT STEP 39470
WRITING COORDINATES TO DCD FILE NVT.dcd AT STEP 39480
WRITING COORDINATES TO DCD FILE NVT.dcd AT STEP 39490
WRITING COORDINATES TO DCD FILE NVT.dcd AT STEP 39500
WRITING COORDINATES TO DCD FILE NVT.dcd AT STEP 39510
WRITING COORDINATES TO DCD FILE NVT.dcd AT STEP 39520
WRITING COORDINATES TO DCD FILE NVT.dcd AT STEP 39530
WRITING COORDINATES TO DCD FILE NVT.dcd AT STEP 39540
WRITING COORDINATES TO DCD FILE NVT.dcd AT STEP 39550
WRITING COORDINATES TO DCD FILE NVT.dcd AT STEP 39560
WRITING COORDINATES TO DCD FILE NVT.dcd AT STEP 39570
WRITING COORDINATES TO DCD FILE NVT.dcd AT STEP 39580
WRITING COORDINATES TO DCD FILE NVT.dcd AT STEP 39590
WRITING COORDINATES TO DCD FILE NVT.dcd AT STEP 39600
WRITING COORDINATES TO DCD FILE NVT.dcd AT STEP 39610
WRITING COORDINATES TO DCD FILE NVT.dcd AT STEP 39620
WRITING COORDINATES TO DCD FILE NVT.dcd AT STEP 39630
WRITING COORDINATES TO DCD FILE NVT.dcd AT STEP 39640
WRITING COORDINATES TO DCD FILE NVT.dcd AT STEP 39650
WRITING COORDINATES TO DCD FILE NVT.dcd AT STEP 39660
WRITING COORDINATES TO DCD FILE NVT.dcd AT STEP 39670
WRITING COORDINATES TO DCD FILE NVT.dcd AT STEP 39680
WRITING COORDINATES TO DCD FILE NVT.dcd AT STEP 39690
WRITING COORDINATES TO DCD FILE NVT.dcd AT STEP 39700
WRITING COORDINATES TO DCD FILE NVT.dcd AT STEP 39710
WRITING COORDINATES TO DCD FILE NVT.dcd AT STEP 39720
WRITING COORDINATES TO DCD FILE NVT.dcd AT STEP 39730
WRITING COORDINATES TO DCD FILE NVT.dcd AT STEP 39740
WRITING COORDINATES TO DCD FILE NVT.dcd AT STEP 39750
WRITING COORDINATES TO DCD FILE NVT.dcd AT STEP 39760
WRITING COORDINATES TO DCD FILE NVT.dcd AT STEP 39770
WRITING COORDINATES TO DCD FILE NVT.dcd AT STEP 39780
WRITING COORDINATES TO DCD FILE NVT.dcd AT STEP 39790
WRITING COORDINATES TO DCD FILE NVT.dcd AT STEP 39800
WRITING COORDINATES TO DCD FILE NVT.dcd AT STEP 39810
WRITING COORDINATES TO DCD FILE NVT.dcd AT STEP 39820
WRITING COORDINATES TO DCD FILE NVT.dcd AT STEP 39830
WRITING COORDINATES TO DCD FILE NVT.dcd AT STEP 39840
WRITING COORDINATES TO DCD FILE NVT.dcd AT STEP 39850
WRITING COORDINATES TO DCD FILE NVT.dcd AT STEP 39860
WRITING COORDINATES TO DCD FILE NVT.dcd AT STEP 39870
WRITING COORDINATES TO DCD FILE NVT.dcd AT STEP 39880
WRITING COORDINATES TO DCD FILE NVT.dcd AT STEP 39890
WRITING COORDINATES TO DCD FILE NVT.dcd AT STEP 39900
WRITING COORDINATES TO DCD FILE NVT.dcd AT STEP 39910
WRITING COORDINATES TO DCD FILE NVT.dcd AT STEP 39920
WRITING COORDINATES TO DCD FILE NVT.dcd AT STEP 39930
WRITING COORDINATES TO DCD FILE NVT.dcd AT STEP 39940
WRITING COORDINATES TO DCD FILE NVT.dcd AT STEP 39950
WRITING COORDINATES TO DCD FILE NVT.dcd AT STEP 39960
WRITING COORDINATES TO DCD FILE NVT.dcd AT STEP 39970
WRITING COORDINATES TO DCD FILE NVT.dcd AT STEP 39980
WRITING COORDINATES TO DCD FILE NVT.dcd AT STEP 39990
PRESSURE: 40000 905.881 221.144 -458.442 221.144 463.148 -169.114 -458.442 -169.114 488.538
GPRESSURE: 40000 936.988 173.85 -513.979 210.28 315.372 -104.604 -363.52 -124.001 620.052
PRESSAVG: 40000 269.029 38.533 -24.2972 38.533 158.999 -36.167 -24.2972 -36.167 188.466
GPRESSAVG: 40000 268.767 38.4918 -23.6825 38.1174 158.912 -36.2704 -25.0147 -35.5209 188.679
TIMING: 40000  CPU: 6650.75, 0.166722/step  Wall: 6650.99, 0.166729/step, 0.463136 hours remaining, 841.308426 MB of memory in use.
PERFORMANCE: 40000  averaging 1.0393 ns/day, 0.166265 sec/step with standard deviation 0.000679573
ETITLE:      TS           BOND          ANGLE          DIHED          IMPRP               ELECT            VDW       BOUNDARY           MISC        KINETIC               TOTAL           TEMP      POTENTIAL         TOTAL3        TEMPAVG            PRESSURE      GPRESSURE         VOLUME       PRESSAVG      GPRESSAVG

ENERGY:   40000      1533.5899      9166.3368      5716.2969        83.9780         -60579.9275     -1239.0775         0.0000         0.0000     18652.6718         -26666.1316       301.0504    -45318.8034    -26516.0155       302.2399            619.1890       624.1373    265760.9684       205.4978       205.4526

WRITING EXTENDED SYSTEM TO RESTART FILE AT STEP 40000
WRITING COORDINATES TO DCD FILE NVT.dcd AT STEP 40000
WRITING COORDINATES TO RESTART FILE AT STEP 40000
FINISHED WRITING RESTART COORDINATES
WRITING VELOCITIES TO RESTART FILE AT STEP 40000
FINISHED WRITING RESTART VELOCITIES
WRITING COORDINATES TO DCD FILE NVT.dcd AT STEP 40010
WRITING COORDINATES TO DCD FILE NVT.dcd AT STEP 40020
WRITING COORDINATES TO DCD FILE NVT.dcd AT STEP 40030
WRITING COORDINATES TO DCD FILE NVT.dcd AT STEP 40040
WRITING COORDINATES TO DCD FILE NVT.dcd AT STEP 40050
WRITING COORDINATES TO DCD FILE NVT.dcd AT STEP 40060
WRITING COORDINATES TO DCD FILE NVT.dcd AT STEP 40070
WRITING COORDINATES TO DCD FILE NVT.dcd AT STEP 40080
WRITING COORDINATES TO DCD FILE NVT.dcd AT STEP 40090
WRITING COORDINATES TO DCD FILE NVT.dcd AT STEP 40100
WRITING COORDINATES TO DCD FILE NVT.dcd AT STEP 40110
WRITING COORDINATES TO DCD FILE NVT.dcd AT STEP 40120
WRITING COORDINATES TO DCD FILE NVT.dcd AT STEP 40130
WRITING COORDINATES TO DCD FILE NVT.dcd AT STEP 40140
LDB: ============= START OF LOAD BALANCING ============== 6700.69
LDB: ============== END OF LOAD BALANCING =============== 6700.69
LDB: =============== DONE WITH MIGRATION ================ 6700.69
WRITING COORDINATES TO DCD FILE NVT.dcd AT STEP 40150
WRITING COORDINATES TO DCD FILE NVT.dcd AT STEP 40160
WRITING COORDINATES TO DCD FILE NVT.dcd AT STEP 40170
WRITING COORDINATES TO DCD FILE NVT.dcd AT STEP 40180
WRITING COORDINATES TO DCD FILE NVT.dcd AT STEP 40190
LDB: ============= START OF LOAD BALANCING ============== 6709.03
LDB: ============== END OF LOAD BALANCING =============== 6709.03
LDB: =============== DONE WITH MIGRATION ================ 6709.03
WRITING COORDINATES TO DCD FILE NVT.dcd AT STEP 40200
WRITING COORDINATES TO DCD FILE NVT.dcd AT STEP 40210
WRITING COORDINATES TO DCD FILE NVT.dcd AT STEP 40220
WRITING COORDINATES TO DCD FILE NVT.dcd AT STEP 40230
WRITING COORDINATES TO DCD FILE NVT.dcd AT STEP 40240
WRITING COORDINATES TO DCD FILE NVT.dcd AT STEP 40250
WRITING COORDINATES TO DCD FILE NVT.dcd AT STEP 40260
WRITING COORDINATES TO DCD FILE NVT.dcd AT STEP 40270
WRITING COORDINATES TO DCD FILE NVT.dcd AT STEP 40280
WRITING COORDINATES TO DCD FILE NVT.dcd AT STEP 40290
WRITING COORDINATES TO DCD FILE NVT.dcd AT STEP 40300
WRITING COORDINATES TO DCD FILE NVT.dcd AT STEP 40310
WRITING COORDINATES TO DCD FILE NVT.dcd AT STEP 40320
WRITING COORDINATES TO DCD FILE NVT.dcd AT STEP 40330
WRITING COORDINATES TO DCD FILE NVT.dcd AT STEP 40340
WRITING COORDINATES TO DCD FILE NVT.dcd AT STEP 40350
WRITING COORDINATES TO DCD FILE NVT.dcd AT STEP 40360
WRITING COORDINATES TO DCD FILE NVT.dcd AT STEP 40370
WRITING COORDINATES TO DCD FILE NVT.dcd AT STEP 40380
WRITING COORDINATES TO DCD FILE NVT.dcd AT STEP 40390
WRITING COORDINATES TO DCD FILE NVT.dcd AT STEP 40400
WRITING COORDINATES TO DCD FILE NVT.dcd AT STEP 40410
WRITING COORDINATES TO DCD FILE NVT.dcd AT STEP 40420
WRITING COORDINATES TO DCD FILE NVT.dcd AT STEP 40430
WRITING COORDINATES TO DCD FILE NVT.dcd AT STEP 40440
WRITING COORDINATES TO DCD FILE NVT.dcd AT STEP 40450
WRITING COORDINATES TO DCD FILE NVT.dcd AT STEP 40460
WRITING COORDINATES TO DCD FILE NVT.dcd AT STEP 40470
WRITING COORDINATES TO DCD FILE NVT.dcd AT STEP 40480
WRITING COORDINATES TO DCD FILE NVT.dcd AT STEP 40490
WRITING COORDINATES TO DCD FILE NVT.dcd AT STEP 40500
WRITING COORDINATES TO DCD FILE NVT.dcd AT STEP 40510
WRITING COORDINATES TO DCD FILE NVT.dcd AT STEP 40520
WRITING COORDINATES TO DCD FILE NVT.dcd AT STEP 40530
WRITING COORDINATES TO DCD FILE NVT.dcd AT STEP 40540
WRITING COORDINATES TO DCD FILE NVT.dcd AT STEP 40550
WRITING COORDINATES TO DCD FILE NVT.dcd AT STEP 40560
WRITING COORDINATES TO DCD FILE NVT.dcd AT STEP 40570
WRITING COORDINATES TO DCD FILE NVT.dcd AT STEP 40580
WRITING COORDINATES TO DCD FILE NVT.dcd AT STEP 40590
WRITING COORDINATES TO DCD FILE NVT.dcd AT STEP 40600
WRITING COORDINATES TO DCD FILE NVT.dcd AT STEP 40610
WRITING COORDINATES TO DCD FILE NVT.dcd AT STEP 40620
WRITING COORDINATES TO DCD FILE NVT.dcd AT STEP 40630
WRITING COORDINATES TO DCD FILE NVT.dcd AT STEP 40640
WRITING COORDINATES TO DCD FILE NVT.dcd AT STEP 40650
WRITING COORDINATES TO DCD FILE NVT.dcd AT STEP 40660
WRITING COORDINATES TO DCD FILE NVT.dcd AT STEP 40670
WRITING COORDINATES TO DCD FILE NVT.dcd AT STEP 40680
WRITING COORDINATES TO DCD FILE NVT.dcd AT STEP 40690
WRITING COORDINATES TO DCD FILE NVT.dcd AT STEP 40700
WRITING COORDINATES TO DCD FILE NVT.dcd AT STEP 40710
WRITING COORDINATES TO DCD FILE NVT.dcd AT STEP 40720
WRITING COORDINATES TO DCD FILE NVT.dcd AT STEP 40730
WRITING COORDINATES TO DCD FILE NVT.dcd AT STEP 40740
WRITING COORDINATES TO DCD FILE NVT.dcd AT STEP 40750
WRITING COORDINATES TO DCD FILE NVT.dcd AT STEP 40760
WRITING COORDINATES TO DCD FILE NVT.dcd AT STEP 40770
WRITING COORDINATES TO DCD FILE NVT.dcd AT STEP 40780
WRITING COORDINATES TO DCD FILE NVT.dcd AT STEP 40790
WRITING COORDINATES TO DCD FILE NVT.dcd AT STEP 40800
WRITING COORDINATES TO DCD FILE NVT.dcd AT STEP 40810
WRITING COORDINATES TO DCD FILE NVT.dcd AT STEP 40820
WRITING COORDINATES TO DCD FILE NVT.dcd AT STEP 40830
WRITING COORDINATES TO DCD FILE NVT.dcd AT STEP 40840
WRITING COORDINATES TO DCD FILE NVT.dcd AT STEP 40850
WRITING COORDINATES TO DCD FILE NVT.dcd AT STEP 40860
WRITING COORDINATES TO DCD FILE NVT.dcd AT STEP 40870
WRITING COORDINATES TO DCD FILE NVT.dcd AT STEP 40880
WRITING COORDINATES TO DCD FILE NVT.dcd AT STEP 40890
WRITING COORDINATES TO DCD FILE NVT.dcd AT STEP 40900
WRITING COORDINATES TO DCD FILE NVT.dcd AT STEP 40910
WRITING COORDINATES TO DCD FILE NVT.dcd AT STEP 40920
WRITING COORDINATES TO DCD FILE NVT.dcd AT STEP 40930
WRITING COORDINATES TO DCD FILE NVT.dcd AT STEP 40940
WRITING COORDINATES TO DCD FILE NVT.dcd AT STEP 40950
WRITING COORDINATES TO DCD FILE NVT.dcd AT STEP 40960
WRITING COORDINATES TO DCD FILE NVT.dcd AT STEP 40970
WRITING COORDINATES TO DCD FILE NVT.dcd AT STEP 40980
WRITING COORDINATES TO DCD FILE NVT.dcd AT STEP 40990
PRESSURE: 41000 -308.728 18.1653 25.5169 18.1653 425.507 -34.508 25.5169 -34.508 -116.862
GPRESSURE: 41000 -387.995 -25.8765 134.259 114.026 452.217 80.7825 -83.9149 10.336 -22.6992
PRESSAVG: 41000 192.265 17.8948 -25.9894 17.8948 44.5525 -106.008 -25.9894 -106.008 120.411
GPRESSAVG: 41000 192.568 18.562 -26.2283 18.5817 44.3195 -106.664 -25.2601 -105.13 120.33
ENERGY:   41000      1634.5605      9146.9738      5757.7115        66.7562         -60701.4237     -1346.1604         0.0000         0.0000     18844.5840         -26596.9981       304.1479    -45441.5821    -26441.9222       302.5286             -0.0277        13.8410    265760.9684       119.0762       119.0724

WRITING COORDINATES TO DCD FILE NVT.dcd AT STEP 41000
WRITING COORDINATES TO DCD FILE NVT.dcd AT STEP 41010
WRITING COORDINATES TO DCD FILE NVT.dcd AT STEP 41020
WRITING COORDINATES TO DCD FILE NVT.dcd AT STEP 41030
WRITING COORDINATES TO DCD FILE NVT.dcd AT STEP 41040
WRITING COORDINATES TO DCD FILE NVT.dcd AT STEP 41050
WRITING COORDINATES TO DCD FILE NVT.dcd AT STEP 41060
WRITING COORDINATES TO DCD FILE NVT.dcd AT STEP 41070
WRITING COORDINATES TO DCD FILE NVT.dcd AT STEP 41080
WRITING COORDINATES TO DCD FILE NVT.dcd AT STEP 41090
WRITING COORDINATES TO DCD FILE NVT.dcd AT STEP 41100
WRITING COORDINATES TO DCD FILE NVT.dcd AT STEP 41110
WRITING COORDINATES TO DCD FILE NVT.dcd AT STEP 41120
WRITING COORDINATES TO DCD FILE NVT.dcd AT STEP 41130
WRITING COORDINATES TO DCD FILE NVT.dcd AT STEP 41140
WRITING COORDINATES TO DCD FILE NVT.dcd AT STEP 41150
WRITING COORDINATES TO DCD FILE NVT.dcd AT STEP 41160
WRITING COORDINATES TO DCD FILE NVT.dcd AT STEP 41170
WRITING COORDINATES TO DCD FILE NVT.dcd AT STEP 41180
WRITING COORDINATES TO DCD FILE NVT.dcd AT STEP 41190
WRITING COORDINATES TO DCD FILE NVT.dcd AT STEP 41200
WRITING COORDINATES TO DCD FILE NVT.dcd AT STEP 41210
WRITING COORDINATES TO DCD FILE NVT.dcd AT STEP 41220
WRITING COORDINATES TO DCD FILE NVT.dcd AT STEP 41230
WRITING COORDINATES TO DCD FILE NVT.dcd AT STEP 41240
WRITING COORDINATES TO DCD FILE NVT.dcd AT STEP 41250
WRITING COORDINATES TO DCD FILE NVT.dcd AT STEP 41260
WRITING COORDINATES TO DCD FILE NVT.dcd AT STEP 41270
WRITING COORDINATES TO DCD FILE NVT.dcd AT STEP 41280
WRITING COORDINATES TO DCD FILE NVT.dcd AT STEP 41290
WRITING COORDINATES TO DCD FILE NVT.dcd AT STEP 41300
WRITING COORDINATES TO DCD FILE NVT.dcd AT STEP 41310
WRITING COORDINATES TO DCD FILE NVT.dcd AT STEP 41320
WRITING COORDINATES TO DCD FILE NVT.dcd AT STEP 41330
WRITING COORDINATES TO DCD FILE NVT.dcd AT STEP 41340
WRITING COORDINATES TO DCD FILE NVT.dcd AT STEP 41350
WRITING COORDINATES TO DCD FILE NVT.dcd AT STEP 41360
WRITING COORDINATES TO DCD FILE NVT.dcd AT STEP 41370
WRITING COORDINATES TO DCD FILE NVT.dcd AT STEP 41380
WRITING COORDINATES TO DCD FILE NVT.dcd AT STEP 41390
WRITING COORDINATES TO DCD FILE NVT.dcd AT STEP 41400
WRITING COORDINATES TO DCD FILE NVT.dcd AT STEP 41410
WRITING COORDINATES TO DCD FILE NVT.dcd AT STEP 41420
WRITING COORDINATES TO DCD FILE NVT.dcd AT STEP 41430
WRITING COORDINATES TO DCD FILE NVT.dcd AT STEP 41440
WRITING COORDINATES TO DCD FILE NVT.dcd AT STEP 41450
WRITING COORDINATES TO DCD FILE NVT.dcd AT STEP 41460
WRITING COORDINATES TO DCD FILE NVT.dcd AT STEP 41470
WRITING COORDINATES TO DCD FILE NVT.dcd AT STEP 41480
WRITING COORDINATES TO DCD FILE NVT.dcd AT STEP 41490
WRITING COORDINATES TO DCD FILE NVT.dcd AT STEP 41500
WRITING COORDINATES TO DCD FILE NVT.dcd AT STEP 41510
WRITING COORDINATES TO DCD FILE NVT.dcd AT STEP 41520
WRITING COORDINATES TO DCD FILE NVT.dcd AT STEP 41530
WRITING COORDINATES TO DCD FILE NVT.dcd AT STEP 41540
WRITING COORDINATES TO DCD FILE NVT.dcd AT STEP 41550
WRITING COORDINATES TO DCD FILE NVT.dcd AT STEP 41560
WRITING COORDINATES TO DCD FILE NVT.dcd AT STEP 41570
WRITING COORDINATES TO DCD FILE NVT.dcd AT STEP 41580
WRITING COORDINATES TO DCD FILE NVT.dcd AT STEP 41590
WRITING COORDINATES TO DCD FILE NVT.dcd AT STEP 41600
WRITING COORDINATES TO DCD FILE NVT.dcd AT STEP 41610
WRITING COORDINATES TO DCD FILE NVT.dcd AT STEP 41620
WRITING COORDINATES TO DCD FILE NVT.dcd AT STEP 41630
WRITING COORDINATES TO DCD FILE NVT.dcd AT STEP 41640
WRITING COORDINATES TO DCD FILE NVT.dcd AT STEP 41650
WRITING COORDINATES TO DCD FILE NVT.dcd AT STEP 41660
WRITING COORDINATES TO DCD FILE NVT.dcd AT STEP 41670
WRITING COORDINATES TO DCD FILE NVT.dcd AT STEP 41680
WRITING COORDINATES TO DCD FILE NVT.dcd AT STEP 41690
WRITING COORDINATES TO DCD FILE NVT.dcd AT STEP 41700
WRITING COORDINATES TO DCD FILE NVT.dcd AT STEP 41710
WRITING COORDINATES TO DCD FILE NVT.dcd AT STEP 41720
WRITING COORDINATES TO DCD FILE NVT.dcd AT STEP 41730
WRITING COORDINATES TO DCD FILE NVT.dcd AT STEP 41740
WRITING COORDINATES TO DCD FILE NVT.dcd AT STEP 41750
WRITING COORDINATES TO DCD FILE NVT.dcd AT STEP 41760
WRITING COORDINATES TO DCD FILE NVT.dcd AT STEP 41770
WRITING COORDINATES TO DCD FILE NVT.dcd AT STEP 41780
WRITING COORDINATES TO DCD FILE NVT.dcd AT STEP 41790
WRITING COORDINATES TO DCD FILE NVT.dcd AT STEP 41800
WRITING COORDINATES TO DCD FILE NVT.dcd AT STEP 41810
WRITING COORDINATES TO DCD FILE NVT.dcd AT STEP 41820
WRITING COORDINATES TO DCD FILE NVT.dcd AT STEP 41830
WRITING COORDINATES TO DCD FILE NVT.dcd AT STEP 41840
WRITING COORDINATES TO DCD FILE NVT.dcd AT STEP 41850
WRITING COORDINATES TO DCD FILE NVT.dcd AT STEP 41860
WRITING COORDINATES TO DCD FILE NVT.dcd AT STEP 41870
WRITING COORDINATES TO DCD FILE NVT.dcd AT STEP 41880
WRITING COORDINATES TO DCD FILE NVT.dcd AT STEP 41890
WRITING COORDINATES TO DCD FILE NVT.dcd AT STEP 41900
WRITING COORDINATES TO DCD FILE NVT.dcd AT STEP 41910
WRITING COORDINATES TO DCD FILE NVT.dcd AT STEP 41920
WRITING COORDINATES TO DCD FILE NVT.dcd AT STEP 41930
WRITING COORDINATES TO DCD FILE NVT.dcd AT STEP 41940
WRITING COORDINATES TO DCD FILE NVT.dcd AT STEP 41950
WRITING COORDINATES TO DCD FILE NVT.dcd AT STEP 41960
WRITING COORDINATES TO DCD FILE NVT.dcd AT STEP 41970
WRITING COORDINATES TO DCD FILE NVT.dcd AT STEP 41980
WRITING COORDINATES TO DCD FILE NVT.dcd AT STEP 41990
PRESSURE: 42000 -168.22 240.98 -130.868 240.98 -27.0761 -187.651 -130.868 -187.651 -389.77
GPRESSURE: 42000 -106.044 104.316 81.6426 180.134 -10.4881 -68.0318 -333.29 -159.798 -391.107
PRESSAVG: 42000 112.451 6.79542 0.350437 6.79542 14.9224 -8.78384 0.350437 -8.78384 83.736
GPRESSAVG: 42000 112.626 6.74096 0.573862 6.06434 15.0583 -7.74557 0.790351 -9.68999 83.9257
ENERGY:   42000      1613.7442      9195.9591      5719.0582        77.3743         -60616.9377     -1262.9715         0.0000         0.0000     18906.4723         -26367.3011       305.1467    -45273.7734    -26214.7930       303.0093           -195.0220      -169.2130    265760.9684        70.3698        70.5367

WRITING COORDINATES TO DCD FILE NVT.dcd AT STEP 42000
WRITING COORDINATES TO DCD FILE NVT.dcd AT STEP 42010
WRITING COORDINATES TO DCD FILE NVT.dcd AT STEP 42020
WRITING COORDINATES TO DCD FILE NVT.dcd AT STEP 42030
WRITING COORDINATES TO DCD FILE NVT.dcd AT STEP 42040
WRITING COORDINATES TO DCD FILE NVT.dcd AT STEP 42050
WRITING COORDINATES TO DCD FILE NVT.dcd AT STEP 42060
WRITING COORDINATES TO DCD FILE NVT.dcd AT STEP 42070
WRITING COORDINATES TO DCD FILE NVT.dcd AT STEP 42080
WRITING COORDINATES TO DCD FILE NVT.dcd AT STEP 42090
WRITING COORDINATES TO DCD FILE NVT.dcd AT STEP 42100
WRITING COORDINATES TO DCD FILE NVT.dcd AT STEP 42110
WRITING COORDINATES TO DCD FILE NVT.dcd AT STEP 42120
WRITING COORDINATES TO DCD FILE NVT.dcd AT STEP 42130
WRITING COORDINATES TO DCD FILE NVT.dcd AT STEP 42140
LDB: ============= START OF LOAD BALANCING ============== 7034.02
LDB: ============== END OF LOAD BALANCING =============== 7034.02
LDB: =============== DONE WITH MIGRATION ================ 7034.02
WRITING COORDINATES TO DCD FILE NVT.dcd AT STEP 42150
WRITING COORDINATES TO DCD FILE NVT.dcd AT STEP 42160
WRITING COORDINATES TO DCD FILE NVT.dcd AT STEP 42170
WRITING COORDINATES TO DCD FILE NVT.dcd AT STEP 42180
WRITING COORDINATES TO DCD FILE NVT.dcd AT STEP 42190
LDB: ============= START OF LOAD BALANCING ============== 7042.36
LDB: ============== END OF LOAD BALANCING =============== 7042.36
LDB: =============== DONE WITH MIGRATION ================ 7042.36
WRITING COORDINATES TO DCD FILE NVT.dcd AT STEP 42200
WRITING COORDINATES TO DCD FILE NVT.dcd AT STEP 42210
WRITING COORDINATES TO DCD FILE NVT.dcd AT STEP 42220
WRITING COORDINATES TO DCD FILE NVT.dcd AT STEP 42230
WRITING COORDINATES TO DCD FILE NVT.dcd AT STEP 42240
WRITING COORDINATES TO DCD FILE NVT.dcd AT STEP 42250
WRITING COORDINATES TO DCD FILE NVT.dcd AT STEP 42260
WRITING COORDINATES TO DCD FILE NVT.dcd AT STEP 42270
WRITING COORDINATES TO DCD FILE NVT.dcd AT STEP 42280
WRITING COORDINATES TO DCD FILE NVT.dcd AT STEP 42290
WRITING COORDINATES TO DCD FILE NVT.dcd AT STEP 42300
WRITING COORDINATES TO DCD FILE NVT.dcd AT STEP 42310
WRITING COORDINATES TO DCD FILE NVT.dcd AT STEP 42320
WRITING COORDINATES TO DCD FILE NVT.dcd AT STEP 42330
WRITING COORDINATES TO DCD FILE NVT.dcd AT STEP 42340
WRITING COORDINATES TO DCD FILE NVT.dcd AT STEP 42350
WRITING COORDINATES TO DCD FILE NVT.dcd AT STEP 42360
WRITING COORDINATES TO DCD FILE NVT.dcd AT STEP 42370
WRITING COORDINATES TO DCD FILE NVT.dcd AT STEP 42380
WRITING COORDINATES TO DCD FILE NVT.dcd AT STEP 42390
WRITING COORDINATES TO DCD FILE NVT.dcd AT STEP 42400
WRITING COORDINATES TO DCD FILE NVT.dcd AT STEP 42410
WRITING COORDINATES TO DCD FILE NVT.dcd AT STEP 42420
WRITING COORDINATES TO DCD FILE NVT.dcd AT STEP 42430
WRITING COORDINATES TO DCD FILE NVT.dcd AT STEP 42440
WRITING COORDINATES TO DCD FILE NVT.dcd AT STEP 42450
WRITING COORDINATES TO DCD FILE NVT.dcd AT STEP 42460
WRITING COORDINATES TO DCD FILE NVT.dcd AT STEP 42470
WRITING COORDINATES TO DCD FILE NVT.dcd AT STEP 42480
WRITING COORDINATES TO DCD FILE NVT.dcd AT STEP 42490
WRITING COORDINATES TO DCD FILE NVT.dcd AT STEP 42500
WRITING COORDINATES TO DCD FILE NVT.dcd AT STEP 42510
WRITING COORDINATES TO DCD FILE NVT.dcd AT STEP 42520
WRITING COORDINATES TO DCD FILE NVT.dcd AT STEP 42530
WRITING COORDINATES TO DCD FILE NVT.dcd AT STEP 42540
WRITING COORDINATES TO DCD FILE NVT.dcd AT STEP 42550
WRITING COORDINATES TO DCD FILE NVT.dcd AT STEP 42560
WRITING COORDINATES TO DCD FILE NVT.dcd AT STEP 42570
WRITING COORDINATES TO DCD FILE NVT.dcd AT STEP 42580
WRITING COORDINATES TO DCD FILE NVT.dcd AT STEP 42590
WRITING COORDINATES TO DCD FILE NVT.dcd AT STEP 42600
WRITING COORDINATES TO DCD FILE NVT.dcd AT STEP 42610
WRITING COORDINATES TO DCD FILE NVT.dcd AT STEP 42620
WRITING COORDINATES TO DCD FILE NVT.dcd AT STEP 42630
WRITING COORDINATES TO DCD FILE NVT.dcd AT STEP 42640
WRITING COORDINATES TO DCD FILE NVT.dcd AT STEP 42650
WRITING COORDINATES TO DCD FILE NVT.dcd AT STEP 42660
WRITING COORDINATES TO DCD FILE NVT.dcd AT STEP 42670
WRITING COORDINATES TO DCD FILE NVT.dcd AT STEP 42680
WRITING COORDINATES TO DCD FILE NVT.dcd AT STEP 42690
WRITING COORDINATES TO DCD FILE NVT.dcd AT STEP 42700
WRITING COORDINATES TO DCD FILE NVT.dcd AT STEP 42710
WRITING COORDINATES TO DCD FILE NVT.dcd AT STEP 42720
WRITING COORDINATES TO DCD FILE NVT.dcd AT STEP 42730
WRITING COORDINATES TO DCD FILE NVT.dcd AT STEP 42740
WRITING COORDINATES TO DCD FILE NVT.dcd AT STEP 42750
WRITING COORDINATES TO DCD FILE NVT.dcd AT STEP 42760
WRITING COORDINATES TO DCD FILE NVT.dcd AT STEP 42770
WRITING COORDINATES TO DCD FILE NVT.dcd AT STEP 42780
WRITING COORDINATES TO DCD FILE NVT.dcd AT STEP 42790
WRITING COORDINATES TO DCD FILE NVT.dcd AT STEP 42800
WRITING COORDINATES TO DCD FILE NVT.dcd AT STEP 42810
WRITING COORDINATES TO DCD FILE NVT.dcd AT STEP 42820
WRITING COORDINATES TO DCD FILE NVT.dcd AT STEP 42830
WRITING COORDINATES TO DCD FILE NVT.dcd AT STEP 42840
WRITING COORDINATES TO DCD FILE NVT.dcd AT STEP 42850
WRITING COORDINATES TO DCD FILE NVT.dcd AT STEP 42860
WRITING COORDINATES TO DCD FILE NVT.dcd AT STEP 42870
WRITING COORDINATES TO DCD FILE NVT.dcd AT STEP 42880
WRITING COORDINATES TO DCD FILE NVT.dcd AT STEP 42890
WRITING COORDINATES TO DCD FILE NVT.dcd AT STEP 42900
WRITING COORDINATES TO DCD FILE NVT.dcd AT STEP 42910
WRITING COORDINATES TO DCD FILE NVT.dcd AT STEP 42920
WRITING COORDINATES TO DCD FILE NVT.dcd AT STEP 42930
WRITING COORDINATES TO DCD FILE NVT.dcd AT STEP 42940
WRITING COORDINATES TO DCD FILE NVT.dcd AT STEP 42950
WRITING COORDINATES TO DCD FILE NVT.dcd AT STEP 42960
WRITING COORDINATES TO DCD FILE NVT.dcd AT STEP 42970
WRITING COORDINATES TO DCD FILE NVT.dcd AT STEP 42980
WRITING COORDINATES TO DCD FILE NVT.dcd AT STEP 42990
PRESSURE: 43000 404.676 99.7716 52.4878 99.7716 -3.28973 -117.995 52.4878 -117.995 -841.666
GPRESSURE: 43000 273.365 189.58 171.835 -102.638 110.748 -195.295 302.493 -53.9473 -760.987
PRESSAVG: 43000 131.825 8.46749 -7.33643 8.46749 107.522 -2.54803 -7.33643 -2.54803 157.248
GPRESSAVG: 43000 131.977 8.65729 -8.08763 8.44815 107.461 -2.89149 -7.45325 -2.60142 157.399
ENERGY:   43000      1559.4361      9302.7348      5693.1139        73.2837         -60716.4650     -1284.0110         0.0000         0.0000     18798.1181         -26573.7894       303.3979    -45371.9075    -26424.4696       303.6757           -146.7599      -125.6246    265760.9684       132.1985       132.2793

WRITING COORDINATES TO DCD FILE NVT.dcd AT STEP 43000
WRITING COORDINATES TO DCD FILE NVT.dcd AT STEP 43010
WRITING COORDINATES TO DCD FILE NVT.dcd AT STEP 43020
WRITING COORDINATES TO DCD FILE NVT.dcd AT STEP 43030
WRITING COORDINATES TO DCD FILE NVT.dcd AT STEP 43040
WRITING COORDINATES TO DCD FILE NVT.dcd AT STEP 43050
WRITING COORDINATES TO DCD FILE NVT.dcd AT STEP 43060
WRITING COORDINATES TO DCD FILE NVT.dcd AT STEP 43070
WRITING COORDINATES TO DCD FILE NVT.dcd AT STEP 43080
WRITING COORDINATES TO DCD FILE NVT.dcd AT STEP 43090
WRITING COORDINATES TO DCD FILE NVT.dcd AT STEP 43100
WRITING COORDINATES TO DCD FILE NVT.dcd AT STEP 43110
WRITING COORDINATES TO DCD FILE NVT.dcd AT STEP 43120
WRITING COORDINATES TO DCD FILE NVT.dcd AT STEP 43130
WRITING COORDINATES TO DCD FILE NVT.dcd AT STEP 43140
WRITING COORDINATES TO DCD FILE NVT.dcd AT STEP 43150
WRITING COORDINATES TO DCD FILE NVT.dcd AT STEP 43160
WRITING COORDINATES TO DCD FILE NVT.dcd AT STEP 43170
WRITING COORDINATES TO DCD FILE NVT.dcd AT STEP 43180
WRITING COORDINATES TO DCD FILE NVT.dcd AT STEP 43190
WRITING COORDINATES TO DCD FILE NVT.dcd AT STEP 43200
WRITING COORDINATES TO DCD FILE NVT.dcd AT STEP 43210
WRITING COORDINATES TO DCD FILE NVT.dcd AT STEP 43220
WRITING COORDINATES TO DCD FILE NVT.dcd AT STEP 43230
WRITING COORDINATES TO DCD FILE NVT.dcd AT STEP 43240
WRITING COORDINATES TO DCD FILE NVT.dcd AT STEP 43250
WRITING COORDINATES TO DCD FILE NVT.dcd AT STEP 43260
WRITING COORDINATES TO DCD FILE NVT.dcd AT STEP 43270
WRITING COORDINATES TO DCD FILE NVT.dcd AT STEP 43280
WRITING COORDINATES TO DCD FILE NVT.dcd AT STEP 43290
WRITING COORDINATES TO DCD FILE NVT.dcd AT STEP 43300
WRITING COORDINATES TO DCD FILE NVT.dcd AT STEP 43310
WRITING COORDINATES TO DCD FILE NVT.dcd AT STEP 43320
WRITING COORDINATES TO DCD FILE NVT.dcd AT STEP 43330
WRITING COORDINATES TO DCD FILE NVT.dcd AT STEP 43340
WRITING COORDINATES TO DCD FILE NVT.dcd AT STEP 43350
WRITING COORDINATES TO DCD FILE NVT.dcd AT STEP 43360
WRITING COORDINATES TO DCD FILE NVT.dcd AT STEP 43370
WRITING COORDINATES TO DCD FILE NVT.dcd AT STEP 43380
WRITING COORDINATES TO DCD FILE NVT.dcd AT STEP 43390
WRITING COORDINATES TO DCD FILE NVT.dcd AT STEP 43400
WRITING COORDINATES TO DCD FILE NVT.dcd AT STEP 43410
WRITING COORDINATES TO DCD FILE NVT.dcd AT STEP 43420
WRITING COORDINATES TO DCD FILE NVT.dcd AT STEP 43430
WRITING COORDINATES TO DCD FILE NVT.dcd AT STEP 43440
WRITING COORDINATES TO DCD FILE NVT.dcd AT STEP 43450
WRITING COORDINATES TO DCD FILE NVT.dcd AT STEP 43460
WRITING COORDINATES TO DCD FILE NVT.dcd AT STEP 43470
WRITING COORDINATES TO DCD FILE NVT.dcd AT STEP 43480
WRITING COORDINATES TO DCD FILE NVT.dcd AT STEP 43490
WRITING COORDINATES TO DCD FILE NVT.dcd AT STEP 43500
WRITING COORDINATES TO DCD FILE NVT.dcd AT STEP 43510
WRITING COORDINATES TO DCD FILE NVT.dcd AT STEP 43520
WRITING COORDINATES TO DCD FILE NVT.dcd AT STEP 43530
WRITING COORDINATES TO DCD FILE NVT.dcd AT STEP 43540
WRITING COORDINATES TO DCD FILE NVT.dcd AT STEP 43550
WRITING COORDINATES TO DCD FILE NVT.dcd AT STEP 43560
WRITING COORDINATES TO DCD FILE NVT.dcd AT STEP 43570
WRITING COORDINATES TO DCD FILE NVT.dcd AT STEP 43580
WRITING COORDINATES TO DCD FILE NVT.dcd AT STEP 43590
WRITING COORDINATES TO DCD FILE NVT.dcd AT STEP 43600
WRITING COORDINATES TO DCD FILE NVT.dcd AT STEP 43610
WRITING COORDINATES TO DCD FILE NVT.dcd AT STEP 43620
WRITING COORDINATES TO DCD FILE NVT.dcd AT STEP 43630
WRITING COORDINATES TO DCD FILE NVT.dcd AT STEP 43640
WRITING COORDINATES TO DCD FILE NVT.dcd AT STEP 43650
WRITING COORDINATES TO DCD FILE NVT.dcd AT STEP 43660
WRITING COORDINATES TO DCD FILE NVT.dcd AT STEP 43670
WRITING COORDINATES TO DCD FILE NVT.dcd AT STEP 43680
WRITING COORDINATES TO DCD FILE NVT.dcd AT STEP 43690
WRITING COORDINATES TO DCD FILE NVT.dcd AT STEP 43700
WRITING COORDINATES TO DCD FILE NVT.dcd AT STEP 43710
WRITING COORDINATES TO DCD FILE NVT.dcd AT STEP 43720
WRITING COORDINATES TO DCD FILE NVT.dcd AT STEP 43730
WRITING COORDINATES TO DCD FILE NVT.dcd AT STEP 43740
WRITING COORDINATES TO DCD FILE NVT.dcd AT STEP 43750
WRITING COORDINATES TO DCD FILE NVT.dcd AT STEP 43760
WRITING COORDINATES TO DCD FILE NVT.dcd AT STEP 43770
WRITING COORDINATES TO DCD FILE NVT.dcd AT STEP 43780
WRITING COORDINATES TO DCD FILE NVT.dcd AT STEP 43790
WRITING COORDINATES TO DCD FILE NVT.dcd AT STEP 43800
WRITING COORDINATES TO DCD FILE NVT.dcd AT STEP 43810
WRITING COORDINATES TO DCD FILE NVT.dcd AT STEP 43820
WRITING COORDINATES TO DCD FILE NVT.dcd AT STEP 43830
WRITING COORDINATES TO DCD FILE NVT.dcd AT STEP 43840
WRITING COORDINATES TO DCD FILE NVT.dcd AT STEP 43850
WRITING COORDINATES TO DCD FILE NVT.dcd AT STEP 43860
WRITING COORDINATES TO DCD FILE NVT.dcd AT STEP 43870
WRITING COORDINATES TO DCD FILE NVT.dcd AT STEP 43880
WRITING COORDINATES TO DCD FILE NVT.dcd AT STEP 43890
WRITING COORDINATES TO DCD FILE NVT.dcd AT STEP 43900
WRITING COORDINATES TO DCD FILE NVT.dcd AT STEP 43910
WRITING COORDINATES TO DCD FILE NVT.dcd AT STEP 43920
WRITING COORDINATES TO DCD FILE NVT.dcd AT STEP 43930
WRITING COORDINATES TO DCD FILE NVT.dcd AT STEP 43940
WRITING COORDINATES TO DCD FILE NVT.dcd AT STEP 43950
WRITING COORDINATES TO DCD FILE NVT.dcd AT STEP 43960
WRITING COORDINATES TO DCD FILE NVT.dcd AT STEP 43970
WRITING COORDINATES TO DCD FILE NVT.dcd AT STEP 43980
WRITING COORDINATES TO DCD FILE NVT.dcd AT STEP 43990
PRESSURE: 44000 273.562 -245.58 -296.921 -245.58 104.134 -114.755 -296.921 -114.755 -65.5596
GPRESSURE: 44000 419.835 -75.9625 -168.188 -359.865 43.1873 -57.4516 -431.368 -3.6838 -79.0931
PRESSAVG: 44000 104.751 -5.02028 -36.1778 -5.02028 175.048 -29.393 -36.1778 -29.393 252.12
GPRESSAVG: 44000 105.011 -5.37751 -36.1472 -4.81892 175.246 -29.3214 -36.2213 -28.8992 251.889
ENERGY:   44000      1582.7283      9234.8300      5723.8300        74.7377         -60538.2233     -1337.4899         0.0000         0.0000     18786.8214         -26472.7657       303.2156    -45259.5871    -26320.9915       302.5304            104.0455       127.9764    265760.9684       177.3061       177.3819

WRITING COORDINATES TO DCD FILE NVT.dcd AT STEP 44000
WRITING COORDINATES TO DCD FILE NVT.dcd AT STEP 44010
WRITING COORDINATES TO DCD FILE NVT.dcd AT STEP 44020
WRITING COORDINATES TO DCD FILE NVT.dcd AT STEP 44030
WRITING COORDINATES TO DCD FILE NVT.dcd AT STEP 44040
WRITING COORDINATES TO DCD FILE NVT.dcd AT STEP 44050
WRITING COORDINATES TO DCD FILE NVT.dcd AT STEP 44060
WRITING COORDINATES TO DCD FILE NVT.dcd AT STEP 44070
WRITING COORDINATES TO DCD FILE NVT.dcd AT STEP 44080
WRITING COORDINATES TO DCD FILE NVT.dcd AT STEP 44090
WRITING COORDINATES TO DCD FILE NVT.dcd AT STEP 44100
WRITING COORDINATES TO DCD FILE NVT.dcd AT STEP 44110
WRITING COORDINATES TO DCD FILE NVT.dcd AT STEP 44120
WRITING COORDINATES TO DCD FILE NVT.dcd AT STEP 44130
WRITING COORDINATES TO DCD FILE NVT.dcd AT STEP 44140
LDB: ============= START OF LOAD BALANCING ============== 7367.39
LDB: ============== END OF LOAD BALANCING =============== 7367.39
LDB: =============== DONE WITH MIGRATION ================ 7367.39
WRITING COORDINATES TO DCD FILE NVT.dcd AT STEP 44150
WRITING COORDINATES TO DCD FILE NVT.dcd AT STEP 44160
WRITING COORDINATES TO DCD FILE NVT.dcd AT STEP 44170
WRITING COORDINATES TO DCD FILE NVT.dcd AT STEP 44180
WRITING COORDINATES TO DCD FILE NVT.dcd AT STEP 44190
LDB: ============= START OF LOAD BALANCING ============== 7375.74
LDB: ============== END OF LOAD BALANCING =============== 7375.74
LDB: =============== DONE WITH MIGRATION ================ 7375.74
WRITING COORDINATES TO DCD FILE NVT.dcd AT STEP 44200
WRITING COORDINATES TO DCD FILE NVT.dcd AT STEP 44210
WRITING COORDINATES TO DCD FILE NVT.dcd AT STEP 44220
WRITING COORDINATES TO DCD FILE NVT.dcd AT STEP 44230
WRITING COORDINATES TO DCD FILE NVT.dcd AT STEP 44240
WRITING COORDINATES TO DCD FILE NVT.dcd AT STEP 44250
WRITING COORDINATES TO DCD FILE NVT.dcd AT STEP 44260
WRITING COORDINATES TO DCD FILE NVT.dcd AT STEP 44270
WRITING COORDINATES TO DCD FILE NVT.dcd AT STEP 44280
WRITING COORDINATES TO DCD FILE NVT.dcd AT STEP 44290
WRITING COORDINATES TO DCD FILE NVT.dcd AT STEP 44300
WRITING COORDINATES TO DCD FILE NVT.dcd AT STEP 44310
WRITING COORDINATES TO DCD FILE NVT.dcd AT STEP 44320
WRITING COORDINATES TO DCD FILE NVT.dcd AT STEP 44330
WRITING COORDINATES TO DCD FILE NVT.dcd AT STEP 44340
WRITING COORDINATES TO DCD FILE NVT.dcd AT STEP 44350
WRITING COORDINATES TO DCD FILE NVT.dcd AT STEP 44360
WRITING COORDINATES TO DCD FILE NVT.dcd AT STEP 44370
WRITING COORDINATES TO DCD FILE NVT.dcd AT STEP 44380
WRITING COORDINATES TO DCD FILE NVT.dcd AT STEP 44390
WRITING COORDINATES TO DCD FILE NVT.dcd AT STEP 44400
WRITING COORDINATES TO DCD FILE NVT.dcd AT STEP 44410
WRITING COORDINATES TO DCD FILE NVT.dcd AT STEP 44420
WRITING COORDINATES TO DCD FILE NVT.dcd AT STEP 44430
WRITING COORDINATES TO DCD FILE NVT.dcd AT STEP 44440
WRITING COORDINATES TO DCD FILE NVT.dcd AT STEP 44450
WRITING COORDINATES TO DCD FILE NVT.dcd AT STEP 44460
WRITING COORDINATES TO DCD FILE NVT.dcd AT STEP 44470
WRITING COORDINATES TO DCD FILE NVT.dcd AT STEP 44480
WRITING COORDINATES TO DCD FILE NVT.dcd AT STEP 44490
WRITING COORDINATES TO DCD FILE NVT.dcd AT STEP 44500
WRITING COORDINATES TO DCD FILE NVT.dcd AT STEP 44510
WRITING COORDINATES TO DCD FILE NVT.dcd AT STEP 44520
WRITING COORDINATES TO DCD FILE NVT.dcd AT STEP 44530
WRITING COORDINATES TO DCD FILE NVT.dcd AT STEP 44540
WRITING COORDINATES TO DCD FILE NVT.dcd AT STEP 44550
WRITING COORDINATES TO DCD FILE NVT.dcd AT STEP 44560
WRITING COORDINATES TO DCD FILE NVT.dcd AT STEP 44570
WRITING COORDINATES TO DCD FILE NVT.dcd AT STEP 44580
WRITING COORDINATES TO DCD FILE NVT.dcd AT STEP 44590
WRITING COORDINATES TO DCD FILE NVT.dcd AT STEP 44600
WRITING COORDINATES TO DCD FILE NVT.dcd AT STEP 44610
WRITING COORDINATES TO DCD FILE NVT.dcd AT STEP 44620
WRITING COORDINATES TO DCD FILE NVT.dcd AT STEP 44630
WRITING COORDINATES TO DCD FILE NVT.dcd AT STEP 44640
WRITING COORDINATES TO DCD FILE NVT.dcd AT STEP 44650
WRITING COORDINATES TO DCD FILE NVT.dcd AT STEP 44660
WRITING COORDINATES TO DCD FILE NVT.dcd AT STEP 44670
WRITING COORDINATES TO DCD FILE NVT.dcd AT STEP 44680
WRITING COORDINATES TO DCD FILE NVT.dcd AT STEP 44690
WRITING COORDINATES TO DCD FILE NVT.dcd AT STEP 44700
WRITING COORDINATES TO DCD FILE NVT.dcd AT STEP 44710
WRITING COORDINATES TO DCD FILE NVT.dcd AT STEP 44720
WRITING COORDINATES TO DCD FILE NVT.dcd AT STEP 44730
WRITING COORDINATES TO DCD FILE NVT.dcd AT STEP 44740
WRITING COORDINATES TO DCD FILE NVT.dcd AT STEP 44750
WRITING COORDINATES TO DCD FILE NVT.dcd AT STEP 44760
WRITING COORDINATES TO DCD FILE NVT.dcd AT STEP 44770
WRITING COORDINATES TO DCD FILE NVT.dcd AT STEP 44780
WRITING COORDINATES TO DCD FILE NVT.dcd AT STEP 44790
WRITING COORDINATES TO DCD FILE NVT.dcd AT STEP 44800
WRITING COORDINATES TO DCD FILE NVT.dcd AT STEP 44810
WRITING COORDINATES TO DCD FILE NVT.dcd AT STEP 44820
WRITING COORDINATES TO DCD FILE NVT.dcd AT STEP 44830
WRITING COORDINATES TO DCD FILE NVT.dcd AT STEP 44840
WRITING COORDINATES TO DCD FILE NVT.dcd AT STEP 44850
WRITING COORDINATES TO DCD FILE NVT.dcd AT STEP 44860
WRITING COORDINATES TO DCD FILE NVT.dcd AT STEP 44870
WRITING COORDINATES TO DCD FILE NVT.dcd AT STEP 44880
WRITING COORDINATES TO DCD FILE NVT.dcd AT STEP 44890
WRITING COORDINATES TO DCD FILE NVT.dcd AT STEP 44900
WRITING COORDINATES TO DCD FILE NVT.dcd AT STEP 44910
WRITING COORDINATES TO DCD FILE NVT.dcd AT STEP 44920
WRITING COORDINATES TO DCD FILE NVT.dcd AT STEP 44930
WRITING COORDINATES TO DCD FILE NVT.dcd AT STEP 44940
WRITING COORDINATES TO DCD FILE NVT.dcd AT STEP 44950
WRITING COORDINATES TO DCD FILE NVT.dcd AT STEP 44960
WRITING COORDINATES TO DCD FILE NVT.dcd AT STEP 44970
WRITING COORDINATES TO DCD FILE NVT.dcd AT STEP 44980
WRITING COORDINATES TO DCD FILE NVT.dcd AT STEP 44990
PRESSURE: 45000 547.197 -497.583 147.372 -497.583 553.397 96.4725 147.372 96.4725 308.137
GPRESSURE: 45000 475.415 -420.961 139.995 -409.653 594.201 93.9806 182.611 208.593 412.727
PRESSAVG: 45000 101.281 29.0301 -32.5871 29.0301 68.2444 -9.55813 -32.5871 -9.55813 209.011
GPRESSAVG: 45000 101.091 29.7096 -31.8527 29.3246 68.5575 -9.8769 -32.3612 -9.78816 209.136
ENERGY:   45000      1576.8257      9358.4278      5729.9427        71.2743         -60687.0654     -1261.0580         0.0000         0.0000     18865.5361         -26346.1169       304.4860    -45211.6530    -26210.8134       303.7613            469.5770       494.1145    265760.9684       126.1789       126.2615

WRITING EXTENDED SYSTEM TO RESTART FILE AT STEP 45000
WRITING COORDINATES TO DCD FILE NVT.dcd AT STEP 45000
WRITING COORDINATES TO RESTART FILE AT STEP 45000
FINISHED WRITING RESTART COORDINATES
WRITING VELOCITIES TO RESTART FILE AT STEP 45000
FINISHED WRITING RESTART VELOCITIES
WRITING COORDINATES TO DCD FILE NVT.dcd AT STEP 45010
WRITING COORDINATES TO DCD FILE NVT.dcd AT STEP 45020
WRITING COORDINATES TO DCD FILE NVT.dcd AT STEP 45030
WRITING COORDINATES TO DCD FILE NVT.dcd AT STEP 45040
WRITING COORDINATES TO DCD FILE NVT.dcd AT STEP 45050
WRITING COORDINATES TO DCD FILE NVT.dcd AT STEP 45060
WRITING COORDINATES TO DCD FILE NVT.dcd AT STEP 45070
WRITING COORDINATES TO DCD FILE NVT.dcd AT STEP 45080
WRITING COORDINATES TO DCD FILE NVT.dcd AT STEP 45090
WRITING COORDINATES TO DCD FILE NVT.dcd AT STEP 45100
WRITING COORDINATES TO DCD FILE NVT.dcd AT STEP 45110
WRITING COORDINATES TO DCD FILE NVT.dcd AT STEP 45120
WRITING COORDINATES TO DCD FILE NVT.dcd AT STEP 45130
WRITING COORDINATES TO DCD FILE NVT.dcd AT STEP 45140
WRITING COORDINATES TO DCD FILE NVT.dcd AT STEP 45150
WRITING COORDINATES TO DCD FILE NVT.dcd AT STEP 45160
WRITING COORDINATES TO DCD FILE NVT.dcd AT STEP 45170
WRITING COORDINATES TO DCD FILE NVT.dcd AT STEP 45180
WRITING COORDINATES TO DCD FILE NVT.dcd AT STEP 45190
WRITING COORDINATES TO DCD FILE NVT.dcd AT STEP 45200
WRITING COORDINATES TO DCD FILE NVT.dcd AT STEP 45210
WRITING COORDINATES TO DCD FILE NVT.dcd AT STEP 45220
WRITING COORDINATES TO DCD FILE NVT.dcd AT STEP 45230
WRITING COORDINATES TO DCD FILE NVT.dcd AT STEP 45240
WRITING COORDINATES TO DCD FILE NVT.dcd AT STEP 45250
WRITING COORDINATES TO DCD FILE NVT.dcd AT STEP 45260
WRITING COORDINATES TO DCD FILE NVT.dcd AT STEP 45270
WRITING COORDINATES TO DCD FILE NVT.dcd AT STEP 45280
WRITING COORDINATES TO DCD FILE NVT.dcd AT STEP 45290
WRITING COORDINATES TO DCD FILE NVT.dcd AT STEP 45300
WRITING COORDINATES TO DCD FILE NVT.dcd AT STEP 45310
WRITING COORDINATES TO DCD FILE NVT.dcd AT STEP 45320
WRITING COORDINATES TO DCD FILE NVT.dcd AT STEP 45330
WRITING COORDINATES TO DCD FILE NVT.dcd AT STEP 45340
WRITING COORDINATES TO DCD FILE NVT.dcd AT STEP 45350
WRITING COORDINATES TO DCD FILE NVT.dcd AT STEP 45360
WRITING COORDINATES TO DCD FILE NVT.dcd AT STEP 45370
WRITING COORDINATES TO DCD FILE NVT.dcd AT STEP 45380
WRITING COORDINATES TO DCD FILE NVT.dcd AT STEP 45390
WRITING COORDINATES TO DCD FILE NVT.dcd AT STEP 45400
WRITING COORDINATES TO DCD FILE NVT.dcd AT STEP 45410
WRITING COORDINATES TO DCD FILE NVT.dcd AT STEP 45420
WRITING COORDINATES TO DCD FILE NVT.dcd AT STEP 45430
WRITING COORDINATES TO DCD FILE NVT.dcd AT STEP 45440
WRITING COORDINATES TO DCD FILE NVT.dcd AT STEP 45450
WRITING COORDINATES TO DCD FILE NVT.dcd AT STEP 45460
WRITING COORDINATES TO DCD FILE NVT.dcd AT STEP 45470
WRITING COORDINATES TO DCD FILE NVT.dcd AT STEP 45480
WRITING COORDINATES TO DCD FILE NVT.dcd AT STEP 45490
WRITING COORDINATES TO DCD FILE NVT.dcd AT STEP 45500
WRITING COORDINATES TO DCD FILE NVT.dcd AT STEP 45510
WRITING COORDINATES TO DCD FILE NVT.dcd AT STEP 45520
WRITING COORDINATES TO DCD FILE NVT.dcd AT STEP 45530
WRITING COORDINATES TO DCD FILE NVT.dcd AT STEP 45540
WRITING COORDINATES TO DCD FILE NVT.dcd AT STEP 45550
WRITING COORDINATES TO DCD FILE NVT.dcd AT STEP 45560
WRITING COORDINATES TO DCD FILE NVT.dcd AT STEP 45570
WRITING COORDINATES TO DCD FILE NVT.dcd AT STEP 45580
WRITING COORDINATES TO DCD FILE NVT.dcd AT STEP 45590
WRITING COORDINATES TO DCD FILE NVT.dcd AT STEP 45600
WRITING COORDINATES TO DCD FILE NVT.dcd AT STEP 45610
WRITING COORDINATES TO DCD FILE NVT.dcd AT STEP 45620
WRITING COORDINATES TO DCD FILE NVT.dcd AT STEP 45630
WRITING COORDINATES TO DCD FILE NVT.dcd AT STEP 45640
WRITING COORDINATES TO DCD FILE NVT.dcd AT STEP 45650
WRITING COORDINATES TO DCD FILE NVT.dcd AT STEP 45660
WRITING COORDINATES TO DCD FILE NVT.dcd AT STEP 45670
WRITING COORDINATES TO DCD FILE NVT.dcd AT STEP 45680
WRITING COORDINATES TO DCD FILE NVT.dcd AT STEP 45690
WRITING COORDINATES TO DCD FILE NVT.dcd AT STEP 45700
WRITING COORDINATES TO DCD FILE NVT.dcd AT STEP 45710
WRITING COORDINATES TO DCD FILE NVT.dcd AT STEP 45720
WRITING COORDINATES TO DCD FILE NVT.dcd AT STEP 45730
WRITING COORDINATES TO DCD FILE NVT.dcd AT STEP 45740
WRITING COORDINATES TO DCD FILE NVT.dcd AT STEP 45750
WRITING COORDINATES TO DCD FILE NVT.dcd AT STEP 45760
WRITING COORDINATES TO DCD FILE NVT.dcd AT STEP 45770
WRITING COORDINATES TO DCD FILE NVT.dcd AT STEP 45780
WRITING COORDINATES TO DCD FILE NVT.dcd AT STEP 45790
WRITING COORDINATES TO DCD FILE NVT.dcd AT STEP 45800
WRITING COORDINATES TO DCD FILE NVT.dcd AT STEP 45810
WRITING COORDINATES TO DCD FILE NVT.dcd AT STEP 45820
WRITING COORDINATES TO DCD FILE NVT.dcd AT STEP 45830
WRITING COORDINATES TO DCD FILE NVT.dcd AT STEP 45840
WRITING COORDINATES TO DCD FILE NVT.dcd AT STEP 45850
WRITING COORDINATES TO DCD FILE NVT.dcd AT STEP 45860
WRITING COORDINATES TO DCD FILE NVT.dcd AT STEP 45870
WRITING COORDINATES TO DCD FILE NVT.dcd AT STEP 45880
WRITING COORDINATES TO DCD FILE NVT.dcd AT STEP 45890
WRITING COORDINATES TO DCD FILE NVT.dcd AT STEP 45900
WRITING COORDINATES TO DCD FILE NVT.dcd AT STEP 45910
WRITING COORDINATES TO DCD FILE NVT.dcd AT STEP 45920
WRITING COORDINATES TO DCD FILE NVT.dcd AT STEP 45930
WRITING COORDINATES TO DCD FILE NVT.dcd AT STEP 45940
WRITING COORDINATES TO DCD FILE NVT.dcd AT STEP 45950
WRITING COORDINATES TO DCD FILE NVT.dcd AT STEP 45960
WRITING COORDINATES TO DCD FILE NVT.dcd AT STEP 45970
WRITING COORDINATES TO DCD FILE NVT.dcd AT STEP 45980
WRITING COORDINATES TO DCD FILE NVT.dcd AT STEP 45990
PRESSURE: 46000 -32.4821 60.1814 312.319 60.1814 -68.7364 343.068 312.319 343.068 465.886
GPRESSURE: 46000 157.274 88.9988 459.058 -2.09424 -107.517 175.068 69.5879 237.231 390.564
PRESSAVG: 46000 80.8253 8.90878 25.7618 8.90878 70.4713 -35.5885 25.7618 -35.5885 185.617
GPRESSAVG: 46000 81.2086 8.64307 26.2522 8.40327 70.124 -35.6693 25.7254 -36.5628 185.609
ENERGY:   46000      1600.2520      9329.5574      5775.3687        65.4299         -60650.1076     -1161.8180         0.0000         0.0000     18868.8576         -26172.4600       304.5396    -45041.3176    -26024.1393       304.2071            121.5557       146.7739    265760.9684       112.3045       112.3137

WRITING COORDINATES TO DCD FILE NVT.dcd AT STEP 46000
WRITING COORDINATES TO DCD FILE NVT.dcd AT STEP 46010
WRITING COORDINATES TO DCD FILE NVT.dcd AT STEP 46020
WRITING COORDINATES TO DCD FILE NVT.dcd AT STEP 46030
WRITING COORDINATES TO DCD FILE NVT.dcd AT STEP 46040
WRITING COORDINATES TO DCD FILE NVT.dcd AT STEP 46050
WRITING COORDINATES TO DCD FILE NVT.dcd AT STEP 46060
WRITING COORDINATES TO DCD FILE NVT.dcd AT STEP 46070
WRITING COORDINATES TO DCD FILE NVT.dcd AT STEP 46080
WRITING COORDINATES TO DCD FILE NVT.dcd AT STEP 46090
WRITING COORDINATES TO DCD FILE NVT.dcd AT STEP 46100
WRITING COORDINATES TO DCD FILE NVT.dcd AT STEP 46110
WRITING COORDINATES TO DCD FILE NVT.dcd AT STEP 46120
WRITING COORDINATES TO DCD FILE NVT.dcd AT STEP 46130
WRITING COORDINATES TO DCD FILE NVT.dcd AT STEP 46140
LDB: ============= START OF LOAD BALANCING ============== 7701.11
LDB: ============== END OF LOAD BALANCING =============== 7701.11
LDB: =============== DONE WITH MIGRATION ================ 7701.11
WRITING COORDINATES TO DCD FILE NVT.dcd AT STEP 46150
WRITING COORDINATES TO DCD FILE NVT.dcd AT STEP 46160
WRITING COORDINATES TO DCD FILE NVT.dcd AT STEP 46170
WRITING COORDINATES TO DCD FILE NVT.dcd AT STEP 46180
WRITING COORDINATES TO DCD FILE NVT.dcd AT STEP 46190
LDB: ============= START OF LOAD BALANCING ============== 7709.44
LDB: ============== END OF LOAD BALANCING =============== 7709.44
LDB: =============== DONE WITH MIGRATION ================ 7709.44
WRITING COORDINATES TO DCD FILE NVT.dcd AT STEP 46200
WRITING COORDINATES TO DCD FILE NVT.dcd AT STEP 46210
WRITING COORDINATES TO DCD FILE NVT.dcd AT STEP 46220
WRITING COORDINATES TO DCD FILE NVT.dcd AT STEP 46230
WRITING COORDINATES TO DCD FILE NVT.dcd AT STEP 46240
WRITING COORDINATES TO DCD FILE NVT.dcd AT STEP 46250
WRITING COORDINATES TO DCD FILE NVT.dcd AT STEP 46260
WRITING COORDINATES TO DCD FILE NVT.dcd AT STEP 46270
WRITING COORDINATES TO DCD FILE NVT.dcd AT STEP 46280
WRITING COORDINATES TO DCD FILE NVT.dcd AT STEP 46290
WRITING COORDINATES TO DCD FILE NVT.dcd AT STEP 46300
WRITING COORDINATES TO DCD FILE NVT.dcd AT STEP 46310
WRITING COORDINATES TO DCD FILE NVT.dcd AT STEP 46320
WRITING COORDINATES TO DCD FILE NVT.dcd AT STEP 46330
WRITING COORDINATES TO DCD FILE NVT.dcd AT STEP 46340
WRITING COORDINATES TO DCD FILE NVT.dcd AT STEP 46350
WRITING COORDINATES TO DCD FILE NVT.dcd AT STEP 46360
WRITING COORDINATES TO DCD FILE NVT.dcd AT STEP 46370
WRITING COORDINATES TO DCD FILE NVT.dcd AT STEP 46380
WRITING COORDINATES TO DCD FILE NVT.dcd AT STEP 46390
WRITING COORDINATES TO DCD FILE NVT.dcd AT STEP 46400
WRITING COORDINATES TO DCD FILE NVT.dcd AT STEP 46410
WRITING COORDINATES TO DCD FILE NVT.dcd AT STEP 46420
WRITING COORDINATES TO DCD FILE NVT.dcd AT STEP 46430
WRITING COORDINATES TO DCD FILE NVT.dcd AT STEP 46440
WRITING COORDINATES TO DCD FILE NVT.dcd AT STEP 46450
WRITING COORDINATES TO DCD FILE NVT.dcd AT STEP 46460
WRITING COORDINATES TO DCD FILE NVT.dcd AT STEP 46470
WRITING COORDINATES TO DCD FILE NVT.dcd AT STEP 46480
WRITING COORDINATES TO DCD FILE NVT.dcd AT STEP 46490
WRITING COORDINATES TO DCD FILE NVT.dcd AT STEP 46500
WRITING COORDINATES TO DCD FILE NVT.dcd AT STEP 46510
WRITING COORDINATES TO DCD FILE NVT.dcd AT STEP 46520
WRITING COORDINATES TO DCD FILE NVT.dcd AT STEP 46530
WRITING COORDINATES TO DCD FILE NVT.dcd AT STEP 46540
WRITING COORDINATES TO DCD FILE NVT.dcd AT STEP 46550
WRITING COORDINATES TO DCD FILE NVT.dcd AT STEP 46560
WRITING COORDINATES TO DCD FILE NVT.dcd AT STEP 46570
WRITING COORDINATES TO DCD FILE NVT.dcd AT STEP 46580
WRITING COORDINATES TO DCD FILE NVT.dcd AT STEP 46590
WRITING COORDINATES TO DCD FILE NVT.dcd AT STEP 46600
WRITING COORDINATES TO DCD FILE NVT.dcd AT STEP 46610
WRITING COORDINATES TO DCD FILE NVT.dcd AT STEP 46620
WRITING COORDINATES TO DCD FILE NVT.dcd AT STEP 46630
WRITING COORDINATES TO DCD FILE NVT.dcd AT STEP 46640
WRITING COORDINATES TO DCD FILE NVT.dcd AT STEP 46650
WRITING COORDINATES TO DCD FILE NVT.dcd AT STEP 46660
WRITING COORDINATES TO DCD FILE NVT.dcd AT STEP 46670
WRITING COORDINATES TO DCD FILE NVT.dcd AT STEP 46680
WRITING COORDINATES TO DCD FILE NVT.dcd AT STEP 46690
WRITING COORDINATES TO DCD FILE NVT.dcd AT STEP 46700
WRITING COORDINATES TO DCD FILE NVT.dcd AT STEP 46710
WRITING COORDINATES TO DCD FILE NVT.dcd AT STEP 46720
WRITING COORDINATES TO DCD FILE NVT.dcd AT STEP 46730
WRITING COORDINATES TO DCD FILE NVT.dcd AT STEP 46740
WRITING COORDINATES TO DCD FILE NVT.dcd AT STEP 46750
WRITING COORDINATES TO DCD FILE NVT.dcd AT STEP 46760
WRITING COORDINATES TO DCD FILE NVT.dcd AT STEP 46770
WRITING COORDINATES TO DCD FILE NVT.dcd AT STEP 46780
WRITING COORDINATES TO DCD FILE NVT.dcd AT STEP 46790
WRITING COORDINATES TO DCD FILE NVT.dcd AT STEP 46800
WRITING COORDINATES TO DCD FILE NVT.dcd AT STEP 46810
WRITING COORDINATES TO DCD FILE NVT.dcd AT STEP 46820
WRITING COORDINATES TO DCD FILE NVT.dcd AT STEP 46830
WRITING COORDINATES TO DCD FILE NVT.dcd AT STEP 46840
WRITING COORDINATES TO DCD FILE NVT.dcd AT STEP 46850
WRITING COORDINATES TO DCD FILE NVT.dcd AT STEP 46860
WRITING COORDINATES TO DCD FILE NVT.dcd AT STEP 46870
WRITING COORDINATES TO DCD FILE NVT.dcd AT STEP 46880
WRITING COORDINATES TO DCD FILE NVT.dcd AT STEP 46890
WRITING COORDINATES TO DCD FILE NVT.dcd AT STEP 46900
WRITING COORDINATES TO DCD FILE NVT.dcd AT STEP 46910
WRITING COORDINATES TO DCD FILE NVT.dcd AT STEP 46920
WRITING COORDINATES TO DCD FILE NVT.dcd AT STEP 46930
WRITING COORDINATES TO DCD FILE NVT.dcd AT STEP 46940
WRITING COORDINATES TO DCD FILE NVT.dcd AT STEP 46950
WRITING COORDINATES TO DCD FILE NVT.dcd AT STEP 46960
WRITING COORDINATES TO DCD FILE NVT.dcd AT STEP 46970
WRITING COORDINATES TO DCD FILE NVT.dcd AT STEP 46980
WRITING COORDINATES TO DCD FILE NVT.dcd AT STEP 46990
PRESSURE: 47000 83.5081 103.924 157.455 103.924 -248.786 56.3631 157.455 56.3631 470.6
GPRESSURE: 47000 27.0695 87.0395 153.467 79.5047 27.2293 210.742 100.716 -57.2444 314.34
PRESSAVG: 47000 77.3226 26.3037 -23.0256 26.3037 57.6209 1.25332 -23.0256 1.25332 177.805
GPRESSAVG: 47000 77.007 26.27 -23.8129 26.6566 58.0388 0.970751 -23.2495 1.72692 177.735
ENERGY:   47000      1575.4836      9140.1881      5728.0426        74.0550         -60461.2003     -1367.4358         0.0000         0.0000     19001.4250         -26309.4418       306.6792    -45310.8668    -26155.7497       305.1363            101.7740       122.8797    265760.9684       104.2496       104.2602

WRITING COORDINATES TO DCD FILE NVT.dcd AT STEP 47000
WRITING COORDINATES TO DCD FILE NVT.dcd AT STEP 47010
WRITING COORDINATES TO DCD FILE NVT.dcd AT STEP 47020
WRITING COORDINATES TO DCD FILE NVT.dcd AT STEP 47030
WRITING COORDINATES TO DCD FILE NVT.dcd AT STEP 47040
WRITING COORDINATES TO DCD FILE NVT.dcd AT STEP 47050
WRITING COORDINATES TO DCD FILE NVT.dcd AT STEP 47060
WRITING COORDINATES TO DCD FILE NVT.dcd AT STEP 47070
WRITING COORDINATES TO DCD FILE NVT.dcd AT STEP 47080
WRITING COORDINATES TO DCD FILE NVT.dcd AT STEP 47090
WRITING COORDINATES TO DCD FILE NVT.dcd AT STEP 47100
WRITING COORDINATES TO DCD FILE NVT.dcd AT STEP 47110
WRITING COORDINATES TO DCD FILE NVT.dcd AT STEP 47120
WRITING COORDINATES TO DCD FILE NVT.dcd AT STEP 47130
WRITING COORDINATES TO DCD FILE NVT.dcd AT STEP 47140
WRITING COORDINATES TO DCD FILE NVT.dcd AT STEP 47150
WRITING COORDINATES TO DCD FILE NVT.dcd AT STEP 47160
WRITING COORDINATES TO DCD FILE NVT.dcd AT STEP 47170
WRITING COORDINATES TO DCD FILE NVT.dcd AT STEP 47180
WRITING COORDINATES TO DCD FILE NVT.dcd AT STEP 47190
WRITING COORDINATES TO DCD FILE NVT.dcd AT STEP 47200
WRITING COORDINATES TO DCD FILE NVT.dcd AT STEP 47210
WRITING COORDINATES TO DCD FILE NVT.dcd AT STEP 47220
WRITING COORDINATES TO DCD FILE NVT.dcd AT STEP 47230
WRITING COORDINATES TO DCD FILE NVT.dcd AT STEP 47240
WRITING COORDINATES TO DCD FILE NVT.dcd AT STEP 47250
WRITING COORDINATES TO DCD FILE NVT.dcd AT STEP 47260
WRITING COORDINATES TO DCD FILE NVT.dcd AT STEP 47270
WRITING COORDINATES TO DCD FILE NVT.dcd AT STEP 47280
WRITING COORDINATES TO DCD FILE NVT.dcd AT STEP 47290
WRITING COORDINATES TO DCD FILE NVT.dcd AT STEP 47300
WRITING COORDINATES TO DCD FILE NVT.dcd AT STEP 47310
WRITING COORDINATES TO DCD FILE NVT.dcd AT STEP 47320
WRITING COORDINATES TO DCD FILE NVT.dcd AT STEP 47330
WRITING COORDINATES TO DCD FILE NVT.dcd AT STEP 47340
WRITING COORDINATES TO DCD FILE NVT.dcd AT STEP 47350
WRITING COORDINATES TO DCD FILE NVT.dcd AT STEP 47360
WRITING COORDINATES TO DCD FILE NVT.dcd AT STEP 47370
WRITING COORDINATES TO DCD FILE NVT.dcd AT STEP 47380
WRITING COORDINATES TO DCD FILE NVT.dcd AT STEP 47390
WRITING COORDINATES TO DCD FILE NVT.dcd AT STEP 47400
WRITING COORDINATES TO DCD FILE NVT.dcd AT STEP 47410
WRITING COORDINATES TO DCD FILE NVT.dcd AT STEP 47420
WRITING COORDINATES TO DCD FILE NVT.dcd AT STEP 47430
WRITING COORDINATES TO DCD FILE NVT.dcd AT STEP 47440
WRITING COORDINATES TO DCD FILE NVT.dcd AT STEP 47450
WRITING COORDINATES TO DCD FILE NVT.dcd AT STEP 47460
WRITING COORDINATES TO DCD FILE NVT.dcd AT STEP 47470
WRITING COORDINATES TO DCD FILE NVT.dcd AT STEP 47480
WRITING COORDINATES TO DCD FILE NVT.dcd AT STEP 47490
WRITING COORDINATES TO DCD FILE NVT.dcd AT STEP 47500
WRITING COORDINATES TO DCD FILE NVT.dcd AT STEP 47510
WRITING COORDINATES TO DCD FILE NVT.dcd AT STEP 47520
WRITING COORDINATES TO DCD FILE NVT.dcd AT STEP 47530
WRITING COORDINATES TO DCD FILE NVT.dcd AT STEP 47540
WRITING COORDINATES TO DCD FILE NVT.dcd AT STEP 47550
WRITING COORDINATES TO DCD FILE NVT.dcd AT STEP 47560
WRITING COORDINATES TO DCD FILE NVT.dcd AT STEP 47570
WRITING COORDINATES TO DCD FILE NVT.dcd AT STEP 47580
WRITING COORDINATES TO DCD FILE NVT.dcd AT STEP 47590
WRITING COORDINATES TO DCD FILE NVT.dcd AT STEP 47600
WRITING COORDINATES TO DCD FILE NVT.dcd AT STEP 47610
WRITING COORDINATES TO DCD FILE NVT.dcd AT STEP 47620
WRITING COORDINATES TO DCD FILE NVT.dcd AT STEP 47630
WRITING COORDINATES TO DCD FILE NVT.dcd AT STEP 47640
WRITING COORDINATES TO DCD FILE NVT.dcd AT STEP 47650
WRITING COORDINATES TO DCD FILE NVT.dcd AT STEP 47660
WRITING COORDINATES TO DCD FILE NVT.dcd AT STEP 47670
WRITING COORDINATES TO DCD FILE NVT.dcd AT STEP 47680
WRITING COORDINATES TO DCD FILE NVT.dcd AT STEP 47690
WRITING COORDINATES TO DCD FILE NVT.dcd AT STEP 47700
WRITING COORDINATES TO DCD FILE NVT.dcd AT STEP 47710
WRITING COORDINATES TO DCD FILE NVT.dcd AT STEP 47720
WRITING COORDINATES TO DCD FILE NVT.dcd AT STEP 47730
WRITING COORDINATES TO DCD FILE NVT.dcd AT STEP 47740
WRITING COORDINATES TO DCD FILE NVT.dcd AT STEP 47750
WRITING COORDINATES TO DCD FILE NVT.dcd AT STEP 47760
WRITING COORDINATES TO DCD FILE NVT.dcd AT STEP 47770
WRITING COORDINATES TO DCD FILE NVT.dcd AT STEP 47780
WRITING COORDINATES TO DCD FILE NVT.dcd AT STEP 47790
WRITING COORDINATES TO DCD FILE NVT.dcd AT STEP 47800
WRITING COORDINATES TO DCD FILE NVT.dcd AT STEP 47810
WRITING COORDINATES TO DCD FILE NVT.dcd AT STEP 47820
WRITING COORDINATES TO DCD FILE NVT.dcd AT STEP 47830
WRITING COORDINATES TO DCD FILE NVT.dcd AT STEP 47840
WRITING COORDINATES TO DCD FILE NVT.dcd AT STEP 47850
WRITING COORDINATES TO DCD FILE NVT.dcd AT STEP 47860
WRITING COORDINATES TO DCD FILE NVT.dcd AT STEP 47870
WRITING COORDINATES TO DCD FILE NVT.dcd AT STEP 47880
WRITING COORDINATES TO DCD FILE NVT.dcd AT STEP 47890
WRITING COORDINATES TO DCD FILE NVT.dcd AT STEP 47900
WRITING COORDINATES TO DCD FILE NVT.dcd AT STEP 47910
WRITING COORDINATES TO DCD FILE NVT.dcd AT STEP 47920
WRITING COORDINATES TO DCD FILE NVT.dcd AT STEP 47930
WRITING COORDINATES TO DCD FILE NVT.dcd AT STEP 47940
WRITING COORDINATES TO DCD FILE NVT.dcd AT STEP 47950
WRITING COORDINATES TO DCD FILE NVT.dcd AT STEP 47960
WRITING COORDINATES TO DCD FILE NVT.dcd AT STEP 47970
WRITING COORDINATES TO DCD FILE NVT.dcd AT STEP 47980
WRITING COORDINATES TO DCD FILE NVT.dcd AT STEP 47990
PRESSURE: 48000 465.845 189.729 159.535 189.729 -560.544 -25.3845 159.535 -25.3845 187.108
GPRESSURE: 48000 448.211 32.3979 230.934 195.517 -601.015 84.0425 337.286 -18.9442 302.17
PRESSAVG: 48000 164.158 -46.5834 -4.57506 -46.5834 195.161 -0.0889449 -4.57506 -0.0889449 91.0022
GPRESSAVG: 48000 164.381 -46.4967 -4.73265 -46.3098 194.655 0.0502073 -4.45158 -0.458393 91.8283
ENERGY:   48000      1625.9142      9276.5886      5721.1145        72.8731         -60685.5103     -1215.6955         0.0000         0.0000     18777.2277         -26427.4878       303.0607    -45204.7155    -26281.3157       304.1713             30.8029        49.7887    265760.9684       150.1071       150.2881

WRITING COORDINATES TO DCD FILE NVT.dcd AT STEP 48000
WRITING COORDINATES TO DCD FILE NVT.dcd AT STEP 48010
WRITING COORDINATES TO DCD FILE NVT.dcd AT STEP 48020
WRITING COORDINATES TO DCD FILE NVT.dcd AT STEP 48030
WRITING COORDINATES TO DCD FILE NVT.dcd AT STEP 48040
WRITING COORDINATES TO DCD FILE NVT.dcd AT STEP 48050
WRITING COORDINATES TO DCD FILE NVT.dcd AT STEP 48060
WRITING COORDINATES TO DCD FILE NVT.dcd AT STEP 48070
WRITING COORDINATES TO DCD FILE NVT.dcd AT STEP 48080
WRITING COORDINATES TO DCD FILE NVT.dcd AT STEP 48090
WRITING COORDINATES TO DCD FILE NVT.dcd AT STEP 48100
WRITING COORDINATES TO DCD FILE NVT.dcd AT STEP 48110
WRITING COORDINATES TO DCD FILE NVT.dcd AT STEP 48120
WRITING COORDINATES TO DCD FILE NVT.dcd AT STEP 48130
WRITING COORDINATES TO DCD FILE NVT.dcd AT STEP 48140
LDB: ============= START OF LOAD BALANCING ============== 8034.76
LDB: ============== END OF LOAD BALANCING =============== 8034.76
LDB: =============== DONE WITH MIGRATION ================ 8034.76
WRITING COORDINATES TO DCD FILE NVT.dcd AT STEP 48150
WRITING COORDINATES TO DCD FILE NVT.dcd AT STEP 48160
WRITING COORDINATES TO DCD FILE NVT.dcd AT STEP 48170
WRITING COORDINATES TO DCD FILE NVT.dcd AT STEP 48180
WRITING COORDINATES TO DCD FILE NVT.dcd AT STEP 48190
LDB: ============= START OF LOAD BALANCING ============== 8043.12
LDB: ============== END OF LOAD BALANCING =============== 8043.12
LDB: =============== DONE WITH MIGRATION ================ 8043.12
WRITING COORDINATES TO DCD FILE NVT.dcd AT STEP 48200
WRITING COORDINATES TO DCD FILE NVT.dcd AT STEP 48210
WRITING COORDINATES TO DCD FILE NVT.dcd AT STEP 48220
WRITING COORDINATES TO DCD FILE NVT.dcd AT STEP 48230
WRITING COORDINATES TO DCD FILE NVT.dcd AT STEP 48240
WRITING COORDINATES TO DCD FILE NVT.dcd AT STEP 48250
WRITING COORDINATES TO DCD FILE NVT.dcd AT STEP 48260
WRITING COORDINATES TO DCD FILE NVT.dcd AT STEP 48270
WRITING COORDINATES TO DCD FILE NVT.dcd AT STEP 48280
WRITING COORDINATES TO DCD FILE NVT.dcd AT STEP 48290
WRITING COORDINATES TO DCD FILE NVT.dcd AT STEP 48300
WRITING COORDINATES TO DCD FILE NVT.dcd AT STEP 48310
WRITING COORDINATES TO DCD FILE NVT.dcd AT STEP 48320
WRITING COORDINATES TO DCD FILE NVT.dcd AT STEP 48330
WRITING COORDINATES TO DCD FILE NVT.dcd AT STEP 48340
WRITING COORDINATES TO DCD FILE NVT.dcd AT STEP 48350
WRITING COORDINATES TO DCD FILE NVT.dcd AT STEP 48360
WRITING COORDINATES TO DCD FILE NVT.dcd AT STEP 48370
WRITING COORDINATES TO DCD FILE NVT.dcd AT STEP 48380
WRITING COORDINATES TO DCD FILE NVT.dcd AT STEP 48390
WRITING COORDINATES TO DCD FILE NVT.dcd AT STEP 48400
WRITING COORDINATES TO DCD FILE NVT.dcd AT STEP 48410
WRITING COORDINATES TO DCD FILE NVT.dcd AT STEP 48420
WRITING COORDINATES TO DCD FILE NVT.dcd AT STEP 48430
WRITING COORDINATES TO DCD FILE NVT.dcd AT STEP 48440
WRITING COORDINATES TO DCD FILE NVT.dcd AT STEP 48450
WRITING COORDINATES TO DCD FILE NVT.dcd AT STEP 48460
WRITING COORDINATES TO DCD FILE NVT.dcd AT STEP 48470
WRITING COORDINATES TO DCD FILE NVT.dcd AT STEP 48480
WRITING COORDINATES TO DCD FILE NVT.dcd AT STEP 48490
WRITING COORDINATES TO DCD FILE NVT.dcd AT STEP 48500
WRITING COORDINATES TO DCD FILE NVT.dcd AT STEP 48510
WRITING COORDINATES TO DCD FILE NVT.dcd AT STEP 48520
WRITING COORDINATES TO DCD FILE NVT.dcd AT STEP 48530
WRITING COORDINATES TO DCD FILE NVT.dcd AT STEP 48540
WRITING COORDINATES TO DCD FILE NVT.dcd AT STEP 48550
WRITING COORDINATES TO DCD FILE NVT.dcd AT STEP 48560
WRITING COORDINATES TO DCD FILE NVT.dcd AT STEP 48570
WRITING COORDINATES TO DCD FILE NVT.dcd AT STEP 48580
WRITING COORDINATES TO DCD FILE NVT.dcd AT STEP 48590
WRITING COORDINATES TO DCD FILE NVT.dcd AT STEP 48600
WRITING COORDINATES TO DCD FILE NVT.dcd AT STEP 48610
WRITING COORDINATES TO DCD FILE NVT.dcd AT STEP 48620
WRITING COORDINATES TO DCD FILE NVT.dcd AT STEP 48630
WRITING COORDINATES TO DCD FILE NVT.dcd AT STEP 48640
WRITING COORDINATES TO DCD FILE NVT.dcd AT STEP 48650
WRITING COORDINATES TO DCD FILE NVT.dcd AT STEP 48660
WRITING COORDINATES TO DCD FILE NVT.dcd AT STEP 48670
WRITING COORDINATES TO DCD FILE NVT.dcd AT STEP 48680
WRITING COORDINATES TO DCD FILE NVT.dcd AT STEP 48690
WRITING COORDINATES TO DCD FILE NVT.dcd AT STEP 48700
WRITING COORDINATES TO DCD FILE NVT.dcd AT STEP 48710
WRITING COORDINATES TO DCD FILE NVT.dcd AT STEP 48720
WRITING COORDINATES TO DCD FILE NVT.dcd AT STEP 48730
WRITING COORDINATES TO DCD FILE NVT.dcd AT STEP 48740
WRITING COORDINATES TO DCD FILE NVT.dcd AT STEP 48750
WRITING COORDINATES TO DCD FILE NVT.dcd AT STEP 48760
WRITING COORDINATES TO DCD FILE NVT.dcd AT STEP 48770
WRITING COORDINATES TO DCD FILE NVT.dcd AT STEP 48780
WRITING COORDINATES TO DCD FILE NVT.dcd AT STEP 48790
WRITING COORDINATES TO DCD FILE NVT.dcd AT STEP 48800
WRITING COORDINATES TO DCD FILE NVT.dcd AT STEP 48810
WRITING COORDINATES TO DCD FILE NVT.dcd AT STEP 48820
WRITING COORDINATES TO DCD FILE NVT.dcd AT STEP 48830
WRITING COORDINATES TO DCD FILE NVT.dcd AT STEP 48840
WRITING COORDINATES TO DCD FILE NVT.dcd AT STEP 48850
WRITING COORDINATES TO DCD FILE NVT.dcd AT STEP 48860
WRITING COORDINATES TO DCD FILE NVT.dcd AT STEP 48870
WRITING COORDINATES TO DCD FILE NVT.dcd AT STEP 48880
WRITING COORDINATES TO DCD FILE NVT.dcd AT STEP 48890
WRITING COORDINATES TO DCD FILE NVT.dcd AT STEP 48900
WRITING COORDINATES TO DCD FILE NVT.dcd AT STEP 48910
WRITING COORDINATES TO DCD FILE NVT.dcd AT STEP 48920
WRITING COORDINATES TO DCD FILE NVT.dcd AT STEP 48930
WRITING COORDINATES TO DCD FILE NVT.dcd AT STEP 48940
WRITING COORDINATES TO DCD FILE NVT.dcd AT STEP 48950
WRITING COORDINATES TO DCD FILE NVT.dcd AT STEP 48960
WRITING COORDINATES TO DCD FILE NVT.dcd AT STEP 48970
WRITING COORDINATES TO DCD FILE NVT.dcd AT STEP 48980
WRITING COORDINATES TO DCD FILE NVT.dcd AT STEP 48990
PRESSURE: 49000 224.597 -351.852 -476.67 -351.852 202.717 -643.791 -476.67 -643.791 547.485
GPRESSURE: 49000 318.541 -264.255 -487.538 -242.534 200.035 -494.632 -122.716 -688.292 537.707
PRESSAVG: 49000 120 -68.9461 -13.6768 -68.9461 149.479 3.05754 -13.6768 3.05754 179.207
GPRESSAVG: 49000 119.734 -68.6982 -13.7967 -69.1646 149.7 2.91577 -13.0803 3.02248 178.984
ENERGY:   49000      1560.2920      9142.8057      5776.2415        74.9936         -60549.9935     -1330.8337         0.0000         0.0000     18813.5693         -26512.9251       303.6473    -45326.4944    -26360.0448       303.5375            324.9331       352.0943    265760.9684       149.5621       149.4725

WRITING COORDINATES TO DCD FILE NVT.dcd AT STEP 49000
WRITING COORDINATES TO DCD FILE NVT.dcd AT STEP 49010
WRITING COORDINATES TO DCD FILE NVT.dcd AT STEP 49020
WRITING COORDINATES TO DCD FILE NVT.dcd AT STEP 49030
WRITING COORDINATES TO DCD FILE NVT.dcd AT STEP 49040
WRITING COORDINATES TO DCD FILE NVT.dcd AT STEP 49050
WRITING COORDINATES TO DCD FILE NVT.dcd AT STEP 49060
WRITING COORDINATES TO DCD FILE NVT.dcd AT STEP 49070
WRITING COORDINATES TO DCD FILE NVT.dcd AT STEP 49080
WRITING COORDINATES TO DCD FILE NVT.dcd AT STEP 49090
WRITING COORDINATES TO DCD FILE NVT.dcd AT STEP 49100
WRITING COORDINATES TO DCD FILE NVT.dcd AT STEP 49110
WRITING COORDINATES TO DCD FILE NVT.dcd AT STEP 49120
WRITING COORDINATES TO DCD FILE NVT.dcd AT STEP 49130
WRITING COORDINATES TO DCD FILE NVT.dcd AT STEP 49140
WRITING COORDINATES TO DCD FILE NVT.dcd AT STEP 49150
WRITING COORDINATES TO DCD FILE NVT.dcd AT STEP 49160
WRITING COORDINATES TO DCD FILE NVT.dcd AT STEP 49170
WRITING COORDINATES TO DCD FILE NVT.dcd AT STEP 49180
WRITING COORDINATES TO DCD FILE NVT.dcd AT STEP 49190
WRITING COORDINATES TO DCD FILE NVT.dcd AT STEP 49200
WRITING COORDINATES TO DCD FILE NVT.dcd AT STEP 49210
WRITING COORDINATES TO DCD FILE NVT.dcd AT STEP 49220
WRITING COORDINATES TO DCD FILE NVT.dcd AT STEP 49230
WRITING COORDINATES TO DCD FILE NVT.dcd AT STEP 49240
WRITING COORDINATES TO DCD FILE NVT.dcd AT STEP 49250
WRITING COORDINATES TO DCD FILE NVT.dcd AT STEP 49260
WRITING COORDINATES TO DCD FILE NVT.dcd AT STEP 49270
WRITING COORDINATES TO DCD FILE NVT.dcd AT STEP 49280
WRITING COORDINATES TO DCD FILE NVT.dcd AT STEP 49290
WRITING COORDINATES TO DCD FILE NVT.dcd AT STEP 49300
WRITING COORDINATES TO DCD FILE NVT.dcd AT STEP 49310
WRITING COORDINATES TO DCD FILE NVT.dcd AT STEP 49320
WRITING COORDINATES TO DCD FILE NVT.dcd AT STEP 49330
WRITING COORDINATES TO DCD FILE NVT.dcd AT STEP 49340
WRITING COORDINATES TO DCD FILE NVT.dcd AT STEP 49350
WRITING COORDINATES TO DCD FILE NVT.dcd AT STEP 49360
WRITING COORDINATES TO DCD FILE NVT.dcd AT STEP 49370
WRITING COORDINATES TO DCD FILE NVT.dcd AT STEP 49380
WRITING COORDINATES TO DCD FILE NVT.dcd AT STEP 49390
WRITING COORDINATES TO DCD FILE NVT.dcd AT STEP 49400
WRITING COORDINATES TO DCD FILE NVT.dcd AT STEP 49410
WRITING COORDINATES TO DCD FILE NVT.dcd AT STEP 49420
WRITING COORDINATES TO DCD FILE NVT.dcd AT STEP 49430
WRITING COORDINATES TO DCD FILE NVT.dcd AT STEP 49440
WRITING COORDINATES TO DCD FILE NVT.dcd AT STEP 49450
WRITING COORDINATES TO DCD FILE NVT.dcd AT STEP 49460
WRITING COORDINATES TO DCD FILE NVT.dcd AT STEP 49470
WRITING COORDINATES TO DCD FILE NVT.dcd AT STEP 49480
WRITING COORDINATES TO DCD FILE NVT.dcd AT STEP 49490
WRITING COORDINATES TO DCD FILE NVT.dcd AT STEP 49500
WRITING COORDINATES TO DCD FILE NVT.dcd AT STEP 49510
WRITING COORDINATES TO DCD FILE NVT.dcd AT STEP 49520
WRITING COORDINATES TO DCD FILE NVT.dcd AT STEP 49530
WRITING COORDINATES TO DCD FILE NVT.dcd AT STEP 49540
WRITING COORDINATES TO DCD FILE NVT.dcd AT STEP 49550
WRITING COORDINATES TO DCD FILE NVT.dcd AT STEP 49560
WRITING COORDINATES TO DCD FILE NVT.dcd AT STEP 49570
WRITING COORDINATES TO DCD FILE NVT.dcd AT STEP 49580
WRITING COORDINATES TO DCD FILE NVT.dcd AT STEP 49590
WRITING COORDINATES TO DCD FILE NVT.dcd AT STEP 49600
WRITING COORDINATES TO DCD FILE NVT.dcd AT STEP 49610
WRITING COORDINATES TO DCD FILE NVT.dcd AT STEP 49620
WRITING COORDINATES TO DCD FILE NVT.dcd AT STEP 49630
WRITING COORDINATES TO DCD FILE NVT.dcd AT STEP 49640
WRITING COORDINATES TO DCD FILE NVT.dcd AT STEP 49650
WRITING COORDINATES TO DCD FILE NVT.dcd AT STEP 49660
WRITING COORDINATES TO DCD FILE NVT.dcd AT STEP 49670
WRITING COORDINATES TO DCD FILE NVT.dcd AT STEP 49680
WRITING COORDINATES TO DCD FILE NVT.dcd AT STEP 49690
WRITING COORDINATES TO DCD FILE NVT.dcd AT STEP 49700
WRITING COORDINATES TO DCD FILE NVT.dcd AT STEP 49710
WRITING COORDINATES TO DCD FILE NVT.dcd AT STEP 49720
WRITING COORDINATES TO DCD FILE NVT.dcd AT STEP 49730
WRITING COORDINATES TO DCD FILE NVT.dcd AT STEP 49740
WRITING COORDINATES TO DCD FILE NVT.dcd AT STEP 49750
WRITING COORDINATES TO DCD FILE NVT.dcd AT STEP 49760
WRITING COORDINATES TO DCD FILE NVT.dcd AT STEP 49770
WRITING COORDINATES TO DCD FILE NVT.dcd AT STEP 49780
WRITING COORDINATES TO DCD FILE NVT.dcd AT STEP 49790
WRITING COORDINATES TO DCD FILE NVT.dcd AT STEP 49800
WRITING COORDINATES TO DCD FILE NVT.dcd AT STEP 49810
WRITING COORDINATES TO DCD FILE NVT.dcd AT STEP 49820
WRITING COORDINATES TO DCD FILE NVT.dcd AT STEP 49830
WRITING COORDINATES TO DCD FILE NVT.dcd AT STEP 49840
WRITING COORDINATES TO DCD FILE NVT.dcd AT STEP 49850
WRITING COORDINATES TO DCD FILE NVT.dcd AT STEP 49860
WRITING COORDINATES TO DCD FILE NVT.dcd AT STEP 49870
WRITING COORDINATES TO DCD FILE NVT.dcd AT STEP 49880
WRITING COORDINATES TO DCD FILE NVT.dcd AT STEP 49890
WRITING COORDINATES TO DCD FILE NVT.dcd AT STEP 49900
WRITING COORDINATES TO DCD FILE NVT.dcd AT STEP 49910
WRITING COORDINATES TO DCD FILE NVT.dcd AT STEP 49920
WRITING COORDINATES TO DCD FILE NVT.dcd AT STEP 49930
WRITING COORDINATES TO DCD FILE NVT.dcd AT STEP 49940
WRITING COORDINATES TO DCD FILE NVT.dcd AT STEP 49950
WRITING COORDINATES TO DCD FILE NVT.dcd AT STEP 49960
WRITING COORDINATES TO DCD FILE NVT.dcd AT STEP 49970
WRITING COORDINATES TO DCD FILE NVT.dcd AT STEP 49980
WRITING COORDINATES TO DCD FILE NVT.dcd AT STEP 49990
PRESSURE: 50000 624.338 -265.107 307.719 -265.107 38.3658 21.4497 307.719 21.4497 74.4816
GPRESSURE: 50000 575.17 -80.5641 257.343 -335.79 131.927 -51.369 106.915 -13.5565 59.2272
PRESSAVG: 50000 162.629 -22.4303 -18.8298 -22.4303 179.609 -20.8487 -18.8298 -20.8487 198.037
GPRESSAVG: 50000 162.959 -22.5663 -18.5134 -22.7769 179.581 -20.8631 -19.0485 -21.1977 198.101
TIMING: 50000  CPU: 8318.39, 0.166764/step  Wall: 8318.7, 0.166771/step, 0 hours remaining, 841.308426 MB of memory in use.
PERFORMANCE: 50000  averaging 1.03867 ns/day, 0.166367 sec/step with standard deviation 0.000630495
ETITLE:      TS           BOND          ANGLE          DIHED          IMPRP               ELECT            VDW       BOUNDARY           MISC        KINETIC               TOTAL           TEMP      POTENTIAL         TOTAL3        TEMPAVG            PRESSURE      GPRESSURE         VOLUME       PRESSAVG      GPRESSAVG

ENERGY:   50000      1584.5757      9298.1444      5773.9699        83.4036         -60666.2267     -1251.2984         0.0000         0.0000     18861.9256         -26315.5058       304.4277    -45177.4315    -26167.8520       303.7543            245.7285       255.4416    265760.9684       180.0917       180.2137

WRITING EXTENDED SYSTEM TO RESTART FILE AT STEP 50000
WRITING COORDINATES TO DCD FILE NVT.dcd AT STEP 50000
WRITING COORDINATES TO RESTART FILE AT STEP 50000
FINISHED WRITING RESTART COORDINATES
WRITING VELOCITIES TO RESTART FILE AT STEP 50000
FINISHED WRITING RESTART VELOCITIES
WRITING EXTENDED SYSTEM TO OUTPUT FILE AT STEP 50000
CLOSING EXTENDED SYSTEM TRAJECTORY FILE
WRITING COORDINATES TO OUTPUT FILE AT STEP 50000
CLOSING COORDINATE DCD FILE NVT.dcd
WRITING VELOCITIES TO OUTPUT FILE AT STEP 50000
====================================================

WallClock: 8343.672852  CPUTime: 8343.348633  Memory: 841.308426 MB
[Partition 0][Node 0] End of program
