Charm++> No provisioning arguments specified. Running with a single PE.
         Use +auto-provision to fully subscribe resources or +p1 to silence this message.
Charm++: standalone mode (not using charmrun)
Charm++> Running in Multicore mode: 1 threads (PEs)
Charm++> Using recursive bisection (scheme 3) for topology aware partitions
Converse/Charm++ Commit ID: 
CharmLB> Load balancer assumes all CPUs are same.
Charm++> Running on 1 hosts (1 sockets x 20 cores x 2 PUs = 40-way SMP)
Charm++> cpu topology info is gathered in 0.000 seconds.
CharmLB> Load balancing instrumentation for communication is off.
Info: NAMD Git-2025-12-04 for Linux-x86_64-multicore
Info: 
Info: Please visit http://www.ks.uiuc.edu/Research/namd/
Info: for updates, documentation, and support information.
Info: 
Info: Please cite Phillips et al., J. Chem. Phys. 153:044130 (2020) doi:10.1063/5.0014475
Info: in all publications reporting results obtained with NAMD.
Info: 
Info: Based on Charm++/Converse 80000 for multicore-linux-x86_64-gcc
Info: Built Thu Dec 4 09:25:02 CST 2025 by dhardy on athine.ks.uiuc.edu
Info: Source code at Git commit ID b856a9378ca44bcf5aa708d4b681af4ceb86d8ca
Info: 1 NAMD  Git-2025-12-04  Linux-x86_64-multicore  1    vivi01  cmm13
Info: Running on 1 processors, 1 nodes, 1 physical nodes.
Info: CPU topology information available.
Info: Charm++/Converse parallel runtime startup completed at 0.00630989 s
CkLoopLib is used in SMP with simple dynamic scheduling (converse-level notification)
Info: 25.0547 MB of memory in use based on /proc/self/stat
Info: Configuration file is simNPT.conf
Info: Working in the current directory /scratch/167634.1.cerqt03.q
TCL: Suspending until startup complete.
Warning: Option "1-4scaling" has been deprecated. Instead use "oneFourScaling".
Warning: The Langevin gamma parameters differ over the particles,
Warning: requiring extra work per step to constrain rigid bonds.
Info: SIMULATION PARAMETERS:
Info: TIMESTEP               2
Info: NUMBER OF STEPS        1000000
Info: STEPS PER CYCLE        10
Info: PERIODIC CELL BASIS 1  67.406 0 0
Info: PERIODIC CELL BASIS 2  0 57.2957 0
Info: PERIODIC CELL BASIS 3  0 0 69.1112
Info: PERIODIC CELL CENTER   0 0 0
Info: WRAPPING WATERS AROUND PERIODIC BOUNDARIES ON OUTPUT.
Info: WRAPPING ALL CLUSTERS AROUND PERIODIC BOUNDARIES ON OUTPUT.
Info: LOAD BALANCER  Centralized
Info: LOAD BALANCING STRATEGY  New Load Balancers -- DEFAULT
Info: LDB PERIOD             2000 steps
Info: FIRST LDB TIMESTEP     50
Info: LAST LDB TIMESTEP     -1
Info: LDB BACKGROUND SCALING 1
Info: HOM BACKGROUND SCALING 1
Info: PME BACKGROUND SCALING 1
Info: MIN ATOMS PER PATCH    40
Info: EMPTY PATCH LOAD       40 ATOMS
Info: INITIAL TEMPERATURE    297.5
Info: CENTER OF MASS MOVING INITIALLY? NO
Info: DIELECTRIC             1
Info: EXCLUDE                SCALED ONE-FOUR
Info: 1-4 ELECTROSTATICS SCALED BY 1
Info: MODIFIED 1-4 VDW PARAMETERS WILL BE USED
Info: DCD FILENAME           NPT.dcd
Info: DCD FREQUENCY          10000
Info: DCD FIRST STEP         10000
Info: DCD FILE WILL CONTAIN UNIT CELL DATA
Info: XST FILENAME           NPT.xst
Info: XST FREQUENCY          50000
Info: NO VELOCITY DCD OUTPUT
Info: NO FORCE DCD OUTPUT
Info: OUTPUT FILENAME        NPT
Info: BINARY OUTPUT FILES WILL BE USED
Info: RESTART FILENAME       NPT.restart
Info: RESTART FREQUENCY      50000
Info: BINARY RESTART FILES WILL BE USED
Info: NAMD will save positions and velocities to NPT.crash.csv when  atoms are moving too fast.
Info: SWITCHING ACTIVE
Info: SWITCHING ON           10
Info: SWITCHING OFF          12
Info: PAIRLIST DISTANCE      13.5
Info: PAIRLIST SHRINK RATE   0.01
Info: PAIRLIST GROW RATE     0.01
Info: PAIRLIST TRIGGER       0.3
Info: PAIRLISTS PER CYCLE    2
Info: PAIRLISTS ENABLED
Info: MARGIN                 0.96
Info: HYDROGEN GROUP CUTOFF  2.5
Info: PATCH DIMENSION        16.96
Info: ENERGY OUTPUT STEPS    10000
Info: ENERGY EVALUATION STEPS    10000
Info: OUTPUT ENERGY PRECISION 4
Info: CROSSTERM ENERGY INCLUDED IN DIHEDRAL
Info: TIMING OUTPUT STEPS    100000
Info: PRESSURE OUTPUT STEPS  10000
Info: LANGEVIN DYNAMICS ACTIVE
Info: LANGEVIN TEMPERATURE   297.5
Info: LANGEVIN USING BBK INTEGRATOR
Info: LANGEVIN DAMPING COEFFICIENT IS 1 INVERSE PS
Info: LANGEVIN DYNAMICS NOT APPLIED TO HYDROGENS
Info: LANGEVIN PISTON PRESSURE CONTROL ACTIVE
Info:        TARGET PRESSURE IS 1.01325 BAR
Info:     OSCILLATION PERIOD IS 200 FS
Info:             DECAY TIME IS 100 FS
Info:     PISTON TEMPERATURE IS 297.5 K
Info:       PRESSURE CONTROL IS GROUP-BASED
Info:    INITIAL STRAIN RATE IS 0 0 0
Info:       CELL FLUCTUATION IS ANISOTROPIC
Info:     CONSTANT AREA PRESSURE CONTROL ACTIVE
Info: PARTICLE MESH EWALD (PME) ACTIVE
Info: PME TOLERANCE               1e-06
Info: PME EWALD COEFFICIENT       0.257952
Info: PME INTERPOLATION ORDER     4
Info: PME GRID DIMENSIONS         72 60 72
Info: PME MAXIMUM GRID SPACING    1.5
Info: Attempting to read FFTW data from FFTW_NAMD_Git-2025-12-04_Linux-x86_64-multicore.txt
Info: Optimizing 6 FFT steps.  1... 2... 3... 4... 5... 6...   Done.
Info: Writing FFTW data to FFTW_NAMD_Git-2025-12-04_Linux-x86_64-multicore.txt
Info: FULL ELECTROSTATIC EVALUATION FREQUENCY      2
Info: USING VERLET I (r-RESPA) MTS SCHEME.
Info: C1 SPLITTING OF LONG RANGE ELECTROSTATICS
Info: PLACING ATOMS IN PATCHES BY HYDROGEN GROUPS
Info: RIGID BONDS TO HYDROGEN : ALL
Info:         ERROR TOLERANCE : 1e-08
Info:          MAX ITERATIONS : 100
Info: RIGID WATER USING SETTLE ALGORITHM
Info: RANDOM NUMBER SEED     1779896238
Info: USE HYDROGEN BONDS?    NO
Info: COORDINATE PDB         coordenades_inicials.pdb
Info: STRUCTURE FILE         estructura_membranaDMPC.psf
Info: PARAMETER file: CHARMM format! 
Info: PARAMETERS             parametres.prm
Info: USING ARITHMETIC MEAN TO COMBINE L-J SIGMA PARAMETERS
Info: SUMMARY OF PARAMETERS:
Info: 52 BONDS
Info: 132 ANGLES
Info: 176 DIHEDRAL
Info: 4 IMPROPER
Info: 0 CROSSTERM
Info: 37 VDW
Info: 0 VDW_PAIRS
Info: 0 NBTHOLE_PAIRS
Info: TIME FOR READING PSF FILE: 0.150076
Info: Reading pdb file coordenades_inicials.pdb
Info: TIME FOR READING PDB FILE: 0.0233578
Info: 
Info: ****************************
Info: STRUCTURE SUMMARY:
Info: 28235 ATOMS
Info: 23730 BONDS
Info: 33305 ANGLES
Info: 40064 DIHEDRALS
Info: 256 IMPROPERS
Info: 0 CROSSTERMS
Info: 0 EXCLUSIONS
Info: 22347 RIGID BONDS
Info: 62358 DEGREES OF FREEDOM
Info: 10265 HYDROGEN GROUPS
Info: 4 ATOMS IN LARGEST HYDROGEN GROUP
Info: 10265 MIGRATION GROUPS
Info: 4 ATOMS IN LARGEST MIGRATION GROUP
Info: TOTAL MASS = 165628 amu
Info: TOTAL CHARGE = 6.67572e-06 e
Info: MASS DENSITY = 1.03044 g/cm^3
Info: ATOM DENSITY = 0.105784 atoms/A^3
Info: *****************************
Info: 
Info: Entering startup at 25.2155 s, 685.381 MB of memory in use
Info: Startup phase 0 took 5.9827e-05 s, 685.381 MB of memory in use
Info: ADDED 97099 IMPLICIT EXCLUSIONS
Info: Startup phase 1 took 0.0141574 s, 685.381 MB of memory in use
Info: NONBONDED TABLE R-SQUARED SPACING: 0.0625
Info: NONBONDED TABLE SIZE: 769 POINTS
Info: INCONSISTENCY IN FAST TABLE ENERGY VS FORCE: 0.000325096 AT 11.9556
Info: INCONSISTENCY IN SCOR TABLE ENERGY VS FORCE: 0.000324844 AT 11.9556
Info: INCONSISTENCY IN VDWA TABLE ENERGY VS FORCE: 0.0040507 AT 0.251946
Info: INCONSISTENCY IN VDWB TABLE ENERGY VS FORCE: 0.00150189 AT 0.251946
Info: Startup phase 2 took 0.000199165 s, 685.381 MB of memory in use
Info: Startup phase 3 took 1.3414e-05 s, 685.381 MB of memory in use
Info: Startup phase 4 took 3.8016e-05 s, 685.381 MB of memory in use
Info: Startup phase 5 took 9.566e-06 s, 685.381 MB of memory in use
Info: PATCH GRID IS 3 (PERIODIC) BY 3 (PERIODIC) BY 4 (PERIODIC)
Info: PATCH GRID IS 1-AWAY BY 1-AWAY BY 1-AWAY
Info: REMOVING COM VELOCITY -0.0498269 -0.0508895 -0.0377159
Info: LARGEST PATCH (5) HAS 838 ATOMS
Info: TORUS A SIZE 1 USING 0
Info: TORUS B SIZE 1 USING 0
Info: TORUS C SIZE 1 USING 0
Info: TORUS MINIMAL MESH SIZE IS 1 BY 1 BY 1
Info: Placed 100% of base nodes on same physical node as patch
Info: Startup phase 6 took 0.00493782 s, 685.381 MB of memory in use
Info: PME using 1 and 1 processors for FFT and reciprocal sum.
Info: PME GRID LOCATIONS: 0
Info: PME TRANS LOCATIONS: 0
Info: PME USING 1 GRID NODES AND 1 TRANS NODES
Info: Optimizing 4 FFT steps.  1... 2... 3... 4...   Done.
Info: Startup phase 7 took 0.000360187 s, 685.381 MB of memory in use
Info: Startup phase 8 took 1.7541e-05 s, 685.381 MB of memory in use
Info: Startup phase 9 took 9.99e-06 s, 685.381 MB of memory in use
Info: Startup phase 10 took 8.426e-06 s, 685.381 MB of memory in use
Info: Startup phase 11 took 9.519e-06 s, 685.381 MB of memory in use
LDB: Central LB being created...
Info: Startup phase 12 took 2.8212e-05 s, 685.381 MB of memory in use
Info: Startup phase 13 took 9.528e-06 s, 685.381 MB of memory in use
Info: Startup phase 14 took 8.316e-06 s, 685.381 MB of memory in use
Info: Startup phase 15 took 8.27e-06 s, 685.381 MB of memory in use
Info: CREATING 725 COMPUTE OBJECTS
Info: Startup phase 16 took 0.00111732 s, 685.381 MB of memory in use
Info: Startup phase 17 took 2.4474e-05 s, 685.381 MB of memory in use
Info: Startup phase 18 took 7.8834e-05 s, 685.381 MB of memory in use
Info: Finished startup at 25.2366 s, 685.381 MB of memory in use

PRESSURE: 0 -344.738 -204.575 76.3988 -204.575 -248.235 117.862 76.3988 117.862 -117.269
GPRESSURE: 0 -253.563 -304.125 -18.5955 -219.789 -345.525 103.429 162.932 11.2121 -72.7102
ETITLE:      TS           BOND          ANGLE          DIHED          IMPRP               ELECT            VDW       BOUNDARY           MISC        KINETIC               TOTAL           TEMP      POTENTIAL         TOTAL3        TEMPAVG            PRESSURE      GPRESSURE         VOLUME       PRESSAVG      GPRESSAVG

ENERGY:       0      1594.0351      9365.7228      5731.5533        69.6310         -60472.2825     -1513.1044         0.0000         0.0000     18406.5265         -26817.9181       297.0777    -45224.4446    -26665.6481       297.0777           -236.7474      -223.9327    266912.4031      -236.7474      -223.9327

OPENING EXTENDED SYSTEM TRAJECTORY FILE
LDB: ============= START OF LOAD BALANCING ============== 26.9942
LDB: ============== END OF LOAD BALANCING =============== 26.9943
LDB: =============== DONE WITH MIGRATION ================ 26.9943
LDB: ============= START OF LOAD BALANCING ============== 33.6437
LDB: ============== END OF LOAD BALANCING =============== 33.6437
LDB: =============== DONE WITH MIGRATION ================ 33.6438
Info: Initial time: 1 CPUs 0.16632 s/step 0.9625 days/ns 685.381 MB memory
LDB: ============= START OF LOAD BALANCING ============== 35.3018
LDB: ============== END OF LOAD BALANCING =============== 35.3018
LDB: =============== DONE WITH MIGRATION ================ 35.3018
LDB: ============= START OF LOAD BALANCING ============== 41.915
LDB: ============== END OF LOAD BALANCING =============== 41.915
LDB: =============== DONE WITH MIGRATION ================ 41.9151
Info: Initial time: 1 CPUs 0.165401 s/step 0.957181 days/ns 685.381 MB memory
LDB: ============= START OF LOAD BALANCING ============== 50.1613
LDB: ============== END OF LOAD BALANCING =============== 50.1613
LDB: =============== DONE WITH MIGRATION ================ 50.1614
Info: Initial time: 1 CPUs 0.164854 s/step 0.954015 days/ns 685.381 MB memory
LDB: ============= START OF LOAD BALANCING ============== 58.4006
LDB: ============== END OF LOAD BALANCING =============== 58.4007
LDB: =============== DONE WITH MIGRATION ================ 58.4007
Info: Benchmark time: 1 CPUs 0.164784 s/step 0.953613 days/ns 685.381 MB memory
Info: Benchmark time: 1 CPUs 0.16464 s/step 0.952777 days/ns 685.381 MB memory
Info: Benchmark time: 1 CPUs 0.164526 s/step 0.952116 days/ns 685.381 MB memory
Info: Benchmark time: 1 CPUs 0.164659 s/step 0.95289 days/ns 685.381 MB memory
Info: Benchmark time: 1 CPUs 0.164628 s/step 0.952705 days/ns 685.381 MB memory
Info: Benchmark time: 1 CPUs 0.164388 s/step 0.951317 days/ns 685.381 MB memory
LDB: ============= START OF LOAD BALANCING ============== 380.417
LDB: ============== END OF LOAD BALANCING =============== 380.417
LDB: =============== DONE WITH MIGRATION ================ 380.417
LDB: ============= START OF LOAD BALANCING ============== 388.715
LDB: ============== END OF LOAD BALANCING =============== 388.715
LDB: =============== DONE WITH MIGRATION ================ 388.716
LDB: ============= START OF LOAD BALANCING ============== 712.424
LDB: ============== END OF LOAD BALANCING =============== 712.424
LDB: =============== DONE WITH MIGRATION ================ 712.424
LDB: ============= START OF LOAD BALANCING ============== 720.732
LDB: ============== END OF LOAD BALANCING =============== 720.732
LDB: =============== DONE WITH MIGRATION ================ 720.732
LDB: ============= START OF LOAD BALANCING ============== 1044.96
LDB: ============== END OF LOAD BALANCING =============== 1044.96
LDB: =============== DONE WITH MIGRATION ================ 1044.96
LDB: ============= START OF LOAD BALANCING ============== 1053.29
LDB: ============== END OF LOAD BALANCING =============== 1053.29
LDB: =============== DONE WITH MIGRATION ================ 1053.29
LDB: ============= START OF LOAD BALANCING ============== 1378.71
LDB: ============== END OF LOAD BALANCING =============== 1378.71
LDB: =============== DONE WITH MIGRATION ================ 1378.71
LDB: ============= START OF LOAD BALANCING ============== 1387.07
LDB: ============== END OF LOAD BALANCING =============== 1387.07
LDB: =============== DONE WITH MIGRATION ================ 1387.07
PRESSURE: 10000 180.61 -259.597 -263.84 -259.597 -267.291 122.205 -263.84 122.205 -368.806
GPRESSURE: 10000 244.294 -139.573 -131.909 -134.617 -155.073 231.99 -194.563 192.313 -510.616
PRESSAVG: 10000 -48.8562 6.84953 -13.7485 6.84953 -65.0593 6.69912 -13.7485 6.69912 -1.03873
GPRESSAVG: 10000 -48.8552 6.80382 -13.677 6.86784 -65.0581 6.68376 -13.7568 6.75099 -1.08589
ENERGY:   10000      1514.9831      9073.1800      5708.9929        78.1187         -61093.7035     -1422.5965         0.0000         0.0000     18240.9381         -27900.0872       294.4051    -46141.0254    -27748.1065       296.8324           -151.8287      -140.4647    265269.2487       -38.3181       -38.3330

OPENING COORDINATE DCD FILE
WRITING COORDINATES TO DCD FILE NPT.dcd AT STEP 10000
The last position output (seq=10000) takes 0.001 seconds, 685.381 MB of memory in use
LDB: ============= START OF LOAD BALANCING ============== 1712.88
LDB: ============== END OF LOAD BALANCING =============== 1712.88
LDB: =============== DONE WITH MIGRATION ================ 1712.88
LDB: ============= START OF LOAD BALANCING ============== 1721.22
LDB: ============== END OF LOAD BALANCING =============== 1721.22
LDB: =============== DONE WITH MIGRATION ================ 1721.22
LDB: ============= START OF LOAD BALANCING ============== 2046.64
LDB: ============== END OF LOAD BALANCING =============== 2046.64
LDB: =============== DONE WITH MIGRATION ================ 2046.64
LDB: ============= START OF LOAD BALANCING ============== 2054.99
LDB: ============== END OF LOAD BALANCING =============== 2054.99
LDB: =============== DONE WITH MIGRATION ================ 2054.99
LDB: ============= START OF LOAD BALANCING ============== 2380.09
LDB: ============== END OF LOAD BALANCING =============== 2380.09
LDB: =============== DONE WITH MIGRATION ================ 2380.09
LDB: ============= START OF LOAD BALANCING ============== 2388.43
LDB: ============== END OF LOAD BALANCING =============== 2388.43
LDB: =============== DONE WITH MIGRATION ================ 2388.43
LDB: ============= START OF LOAD BALANCING ============== 2713.48
LDB: ============== END OF LOAD BALANCING =============== 2713.48
LDB: =============== DONE WITH MIGRATION ================ 2713.48
LDB: ============= START OF LOAD BALANCING ============== 2721.82
LDB: ============== END OF LOAD BALANCING =============== 2721.82
LDB: =============== DONE WITH MIGRATION ================ 2721.82
LDB: ============= START OF LOAD BALANCING ============== 3047.27
LDB: ============== END OF LOAD BALANCING =============== 3047.27
LDB: =============== DONE WITH MIGRATION ================ 3047.27
LDB: ============= START OF LOAD BALANCING ============== 3055.6
LDB: ============== END OF LOAD BALANCING =============== 3055.6
LDB: =============== DONE WITH MIGRATION ================ 3055.6
PRESSURE: 20000 -484.495 360.658 145.777 360.658 -287.364 -136.238 145.777 -136.238 -1222.25
GPRESSURE: 20000 -528.021 344.593 -63.4976 154.396 -376.132 -169.623 59.9457 -98.8323 -1050.11
PRESSAVG: 20000 -15.8403 -26.9819 0.247495 -26.9819 -80.5528 -0.397501 0.247495 -0.397501 -0.0160108
GPRESSAVG: 20000 -15.8622 -26.8585 0.249371 -27.0321 -80.547 -0.539543 0.196022 -0.305974 -0.0320936
ENERGY:   20000      1552.2846      9175.5255      5632.4278        83.8765         -60959.8191     -1370.5535         0.0000         0.0000     18531.6616         -27354.5967       299.0974    -45886.2583    -27201.0977       297.1318           -664.7016      -651.4199    266211.5727       -32.1364       -32.1471

WRITING COORDINATES TO DCD FILE NPT.dcd AT STEP 20000
The last position output (seq=20000) takes 0.001 seconds, 685.381 MB of memory in use
LDB: ============= START OF LOAD BALANCING ============== 3380.91
LDB: ============== END OF LOAD BALANCING =============== 3380.91
LDB: =============== DONE WITH MIGRATION ================ 3380.91
LDB: ============= START OF LOAD BALANCING ============== 3389.26
LDB: ============== END OF LOAD BALANCING =============== 3389.26
LDB: =============== DONE WITH MIGRATION ================ 3389.26
LDB: ============= START OF LOAD BALANCING ============== 3715.14
LDB: ============== END OF LOAD BALANCING =============== 3715.14
LDB: =============== DONE WITH MIGRATION ================ 3715.14
LDB: ============= START OF LOAD BALANCING ============== 3723.52
LDB: ============== END OF LOAD BALANCING =============== 3723.52
LDB: =============== DONE WITH MIGRATION ================ 3723.52
LDB: ============= START OF LOAD BALANCING ============== 4049.79
LDB: ============== END OF LOAD BALANCING =============== 4049.79
LDB: =============== DONE WITH MIGRATION ================ 4049.79
LDB: ============= START OF LOAD BALANCING ============== 4058.16
LDB: ============== END OF LOAD BALANCING =============== 4058.16
LDB: =============== DONE WITH MIGRATION ================ 4058.16
LDB: ============= START OF LOAD BALANCING ============== 4384.65
LDB: ============== END OF LOAD BALANCING =============== 4384.65
LDB: =============== DONE WITH MIGRATION ================ 4384.65
LDB: ============= START OF LOAD BALANCING ============== 4393.02
LDB: ============== END OF LOAD BALANCING =============== 4393.02
LDB: =============== DONE WITH MIGRATION ================ 4393.02
LDB: ============= START OF LOAD BALANCING ============== 4719.33
LDB: ============== END OF LOAD BALANCING =============== 4719.33
LDB: =============== DONE WITH MIGRATION ================ 4719.33
LDB: ============= START OF LOAD BALANCING ============== 4727.68
LDB: ============== END OF LOAD BALANCING =============== 4727.68
LDB: =============== DONE WITH MIGRATION ================ 4727.68
PRESSURE: 30000 184.683 -134.548 -212.045 -134.548 273.258 111.998 -212.045 111.998 -94.581
GPRESSURE: 30000 262.546 -308.854 -264.445 -80.8009 358.756 59.7442 -110.346 70.0025 -206.45
PRESSAVG: 30000 0.443154 -4.31525 -17.7229 -4.31525 -42.1157 -2.39248 -17.7229 -2.39248 -3.12958
GPRESSAVG: 30000 0.453533 -4.42552 -17.6459 -4.24829 -42.21 -2.41624 -17.5744 -2.41989 -3.09713
ENERGY:   30000      1518.7418      9124.7764      5662.1716        72.1272         -61319.6637     -1209.5843         0.0000         0.0000     18410.9354         -27740.4956       297.1489    -46151.4310    -27598.1021       296.4267            121.1200       138.2840    264390.6500       -14.9340       -14.9512

WRITING COORDINATES TO DCD FILE NPT.dcd AT STEP 30000
The last position output (seq=30000) takes 0.000 seconds, 685.381 MB of memory in use
LDB: ============= START OF LOAD BALANCING ============== 5054.61
LDB: ============== END OF LOAD BALANCING =============== 5054.61
LDB: =============== DONE WITH MIGRATION ================ 5054.61
LDB: ============= START OF LOAD BALANCING ============== 5062.98
LDB: ============== END OF LOAD BALANCING =============== 5062.98
LDB: =============== DONE WITH MIGRATION ================ 5062.98
LDB: ============= START OF LOAD BALANCING ============== 5389.83
LDB: ============== END OF LOAD BALANCING =============== 5389.83
LDB: =============== DONE WITH MIGRATION ================ 5389.83
LDB: ============= START OF LOAD BALANCING ============== 5398.22
LDB: ============== END OF LOAD BALANCING =============== 5398.22
LDB: =============== DONE WITH MIGRATION ================ 5398.22
LDB: ============= START OF LOAD BALANCING ============== 5724.52
LDB: ============== END OF LOAD BALANCING =============== 5724.52
LDB: =============== DONE WITH MIGRATION ================ 5724.52
LDB: ============= START OF LOAD BALANCING ============== 5732.89
LDB: ============== END OF LOAD BALANCING =============== 5732.89
LDB: =============== DONE WITH MIGRATION ================ 5732.89
LDB: ============= START OF LOAD BALANCING ============== 6059.89
LDB: ============== END OF LOAD BALANCING =============== 6059.89
LDB: =============== DONE WITH MIGRATION ================ 6059.89
LDB: ============= START OF LOAD BALANCING ============== 6068.28
LDB: ============== END OF LOAD BALANCING =============== 6068.28
LDB: =============== DONE WITH MIGRATION ================ 6068.28
LDB: ============= START OF LOAD BALANCING ============== 6394.46
LDB: ============== END OF LOAD BALANCING =============== 6394.46
LDB: =============== DONE WITH MIGRATION ================ 6394.46
LDB: ============= START OF LOAD BALANCING ============== 6402.84
LDB: ============== END OF LOAD BALANCING =============== 6402.84
LDB: =============== DONE WITH MIGRATION ================ 6402.84
PRESSURE: 40000 -104.868 7.85294 -384.149 7.85294 -394.538 -378.51 -384.149 -378.51 576.632
GPRESSURE: 40000 -91.9885 293.413 -525.485 -77.4252 -281.007 -269.071 -291.92 -347.274 488.604
PRESSAVG: 40000 15.6009 -15.3251 -18.9825 -15.3251 42.7808 -3.92359 -18.9825 -3.92359 -3.98438
GPRESSAVG: 40000 15.6197 -15.2295 -19.0684 -15.3464 42.8085 -3.86588 -19.0206 -3.97743 -4.05031
ENERGY:   40000      1499.4356      9136.7504      5712.4590        84.4179         -60969.0739     -1350.3236         0.0000         0.0000     18357.2847         -27529.0498       296.2829    -45886.3345    -27379.2457       296.5602             25.7419        38.5361    265329.4472        18.1325        18.1260

WRITING COORDINATES TO DCD FILE NPT.dcd AT STEP 40000
The last position output (seq=40000) takes 0.000 seconds, 685.381 MB of memory in use
LDB: ============= START OF LOAD BALANCING ============== 6729.71
LDB: ============== END OF LOAD BALANCING =============== 6729.71
LDB: =============== DONE WITH MIGRATION ================ 6729.71
LDB: ============= START OF LOAD BALANCING ============== 6738.09
LDB: ============== END OF LOAD BALANCING =============== 6738.09
LDB: =============== DONE WITH MIGRATION ================ 6738.09
LDB: ============= START OF LOAD BALANCING ============== 7064.65
LDB: ============== END OF LOAD BALANCING =============== 7064.65
LDB: =============== DONE WITH MIGRATION ================ 7064.65
LDB: ============= START OF LOAD BALANCING ============== 7073.03
LDB: ============== END OF LOAD BALANCING =============== 7073.03
LDB: =============== DONE WITH MIGRATION ================ 7073.03
LDB: ============= START OF LOAD BALANCING ============== 7399.37
LDB: ============== END OF LOAD BALANCING =============== 7399.37
LDB: =============== DONE WITH MIGRATION ================ 7399.37
LDB: ============= START OF LOAD BALANCING ============== 7407.76
LDB: ============== END OF LOAD BALANCING =============== 7407.76
LDB: =============== DONE WITH MIGRATION ================ 7407.76
LDB: ============= START OF LOAD BALANCING ============== 7734.74
LDB: ============== END OF LOAD BALANCING =============== 7734.74
LDB: =============== DONE WITH MIGRATION ================ 7734.74
LDB: ============= START OF LOAD BALANCING ============== 7743.14
LDB: ============== END OF LOAD BALANCING =============== 7743.14
LDB: =============== DONE WITH MIGRATION ================ 7743.14
LDB: ============= START OF LOAD BALANCING ============== 8069.53
LDB: ============== END OF LOAD BALANCING =============== 8069.53
LDB: =============== DONE WITH MIGRATION ================ 8069.53
LDB: ============= START OF LOAD BALANCING ============== 8077.92
LDB: ============== END OF LOAD BALANCING =============== 8077.92
LDB: =============== DONE WITH MIGRATION ================ 8077.92
PRESSURE: 50000 266.509 346.763 245.849 346.763 -207.415 -40.2571 245.849 -40.2571 -609.654
GPRESSURE: 50000 271.586 159.212 264.118 88.4695 -164.992 47.4389 163.579 126.572 -604.462
PRESSAVG: 50000 11.4976 11.6245 -8.49121 11.6245 -27.0314 -2.43524 -8.49121 -2.43524 1.33296
GPRESSAVG: 50000 11.4288 11.5638 -8.52476 11.6518 -27.0212 -2.48218 -8.44596 -2.55442 1.38562
ENERGY:   50000      1574.4041      9240.0351      5686.2754        71.1919         -61353.5179     -1273.1474         0.0000         0.0000     18422.4965         -27632.2621       297.3354    -46054.7587    -27485.1461       295.9509           -183.5198      -165.9560    266061.9867        -4.7336        -4.7356

WRITING EXTENDED SYSTEM TO RESTART FILE AT STEP 50000
WRITING COORDINATES TO DCD FILE NPT.dcd AT STEP 50000
WRITING COORDINATES TO RESTART FILE AT STEP 50000
FINISHED WRITING RESTART COORDINATES
The last position output (seq=50000) takes 0.001 seconds, 685.381 MB of memory in use
WRITING VELOCITIES TO RESTART FILE AT STEP 50000
FINISHED WRITING RESTART VELOCITIES
The last velocity output (seq=50000) takes 0.000 seconds, 685.381 MB of memory in use
LDB: ============= START OF LOAD BALANCING ============== 8404.42
LDB: ============== END OF LOAD BALANCING =============== 8404.42
LDB: =============== DONE WITH MIGRATION ================ 8404.42
LDB: ============= START OF LOAD BALANCING ============== 8412.8
LDB: ============== END OF LOAD BALANCING =============== 8412.8
LDB: =============== DONE WITH MIGRATION ================ 8412.8
LDB: ============= START OF LOAD BALANCING ============== 8739.02
LDB: ============== END OF LOAD BALANCING =============== 8739.02
LDB: =============== DONE WITH MIGRATION ================ 8739.02
LDB: ============= START OF LOAD BALANCING ============== 8747.39
LDB: ============== END OF LOAD BALANCING =============== 8747.39
LDB: =============== DONE WITH MIGRATION ================ 8747.39
LDB: ============= START OF LOAD BALANCING ============== 9073.93
LDB: ============== END OF LOAD BALANCING =============== 9073.93
LDB: =============== DONE WITH MIGRATION ================ 9073.93
LDB: ============= START OF LOAD BALANCING ============== 9082.3
LDB: ============== END OF LOAD BALANCING =============== 9082.3
LDB: =============== DONE WITH MIGRATION ================ 9082.3
LDB: ============= START OF LOAD BALANCING ============== 9408.56
LDB: ============== END OF LOAD BALANCING =============== 9408.56
LDB: =============== DONE WITH MIGRATION ================ 9408.56
LDB: ============= START OF LOAD BALANCING ============== 9416.93
LDB: ============== END OF LOAD BALANCING =============== 9416.93
LDB: =============== DONE WITH MIGRATION ================ 9416.93
LDB: ============= START OF LOAD BALANCING ============== 9743.06
LDB: ============== END OF LOAD BALANCING =============== 9743.06
LDB: =============== DONE WITH MIGRATION ================ 9743.06
LDB: ============= START OF LOAD BALANCING ============== 9751.46
LDB: ============== END OF LOAD BALANCING =============== 9751.46
LDB: =============== DONE WITH MIGRATION ================ 9751.46
PRESSURE: 60000 -781.947 -243.779 516.996 -243.779 -204.892 -313.163 516.996 -313.163 -131.084
GPRESSURE: 60000 -578.223 -401.58 504.042 -379.937 -212.095 -418.343 276.974 -217.471 -261.581
PRESSAVG: 60000 -76.8213 -20.6386 -19.2714 -20.6386 -51.1176 7.44386 -19.2714 7.44386 1.97779
GPRESSAVG: 60000 -76.7643 -20.5818 -19.2584 -20.6143 -51.1014 7.48091 -19.2662 7.492 1.95347
ENERGY:   60000      1572.6467      9109.9571      5680.6640        73.2244         -61111.4303     -1381.1650         0.0000         0.0000     18359.8312         -27696.2718       296.3240    -46056.1031    -27543.6991       296.2278           -372.6407      -350.6330    265826.4026       -41.9870       -41.9707

WRITING COORDINATES TO DCD FILE NPT.dcd AT STEP 60000
The last position output (seq=60000) takes 0.001 seconds, 685.381 MB of memory in use
LDB: ============= START OF LOAD BALANCING ============== 10077.6
LDB: ============== END OF LOAD BALANCING =============== 10077.6
LDB: =============== DONE WITH MIGRATION ================ 10077.6
LDB: ============= START OF LOAD BALANCING ============== 10086
LDB: ============== END OF LOAD BALANCING =============== 10086
LDB: =============== DONE WITH MIGRATION ================ 10086
LDB: ============= START OF LOAD BALANCING ============== 10412.1
LDB: ============== END OF LOAD BALANCING =============== 10412.1
LDB: =============== DONE WITH MIGRATION ================ 10412.1
LDB: ============= START OF LOAD BALANCING ============== 10420.5
LDB: ============== END OF LOAD BALANCING =============== 10420.5
LDB: =============== DONE WITH MIGRATION ================ 10420.5
LDB: ============= START OF LOAD BALANCING ============== 10746.4
LDB: ============== END OF LOAD BALANCING =============== 10746.4
LDB: =============== DONE WITH MIGRATION ================ 10746.4
LDB: ============= START OF LOAD BALANCING ============== 10754.8
LDB: ============== END OF LOAD BALANCING =============== 10754.8
LDB: =============== DONE WITH MIGRATION ================ 10754.8
LDB: ============= START OF LOAD BALANCING ============== 11081
LDB: ============== END OF LOAD BALANCING =============== 11081
LDB: =============== DONE WITH MIGRATION ================ 11081
LDB: ============= START OF LOAD BALANCING ============== 11089.4
LDB: ============== END OF LOAD BALANCING =============== 11089.4
LDB: =============== DONE WITH MIGRATION ================ 11089.4
LDB: ============= START OF LOAD BALANCING ============== 11415.8
LDB: ============== END OF LOAD BALANCING =============== 11415.8
LDB: =============== DONE WITH MIGRATION ================ 11415.8
LDB: ============= START OF LOAD BALANCING ============== 11424.2
LDB: ============== END OF LOAD BALANCING =============== 11424.2
LDB: =============== DONE WITH MIGRATION ================ 11424.2
PRESSURE: 70000 -344.322 109.031 -46.4645 109.031 518.16 72.8252 -46.4645 72.8252 -13.3868
GPRESSURE: 70000 -362.658 216.47 29.117 241.099 519.537 -91.3899 15.1978 -27.7164 93.0227
PRESSAVG: 70000 -81.9337 -25.5561 7.02039 -25.5561 -37.2897 9.59818 7.02039 9.59818 0.853614
GPRESSAVG: 70000 -81.9722 -25.5102 7.00656 -25.5188 -37.2672 9.65535 7.07793 9.55224 0.933451
ENERGY:   70000      1521.9083      9094.0109      5738.3533        75.2821         -61167.7280     -1249.5432         0.0000         0.0000     18450.6207         -27537.0958       297.7894    -45987.7165    -27392.1785       296.2279             53.4839        83.3004    264830.5780       -39.4566       -39.4353

WRITING COORDINATES TO DCD FILE NPT.dcd AT STEP 70000
The last position output (seq=70000) takes 0.001 seconds, 685.381 MB of memory in use
LDB: ============= START OF LOAD BALANCING ============== 11750.9
LDB: ============== END OF LOAD BALANCING =============== 11750.9
LDB: =============== DONE WITH MIGRATION ================ 11750.9
LDB: ============= START OF LOAD BALANCING ============== 11759.3
LDB: ============== END OF LOAD BALANCING =============== 11759.3
LDB: =============== DONE WITH MIGRATION ================ 11759.3
LDB: ============= START OF LOAD BALANCING ============== 12086.2
LDB: ============== END OF LOAD BALANCING =============== 12086.2
LDB: =============== DONE WITH MIGRATION ================ 12086.2
LDB: ============= START OF LOAD BALANCING ============== 12094.6
LDB: ============== END OF LOAD BALANCING =============== 12094.6
LDB: =============== DONE WITH MIGRATION ================ 12094.6
LDB: ============= START OF LOAD BALANCING ============== 12421.2
LDB: ============== END OF LOAD BALANCING =============== 12421.2
LDB: =============== DONE WITH MIGRATION ================ 12421.2
LDB: ============= START OF LOAD BALANCING ============== 12429.6
LDB: ============== END OF LOAD BALANCING =============== 12429.6
LDB: =============== DONE WITH MIGRATION ================ 12429.6
LDB: ============= START OF LOAD BALANCING ============== 12756.7
LDB: ============== END OF LOAD BALANCING =============== 12756.7
LDB: =============== DONE WITH MIGRATION ================ 12756.7
LDB: ============= START OF LOAD BALANCING ============== 12765.1
LDB: ============== END OF LOAD BALANCING =============== 12765.1
LDB: =============== DONE WITH MIGRATION ================ 12765.1
LDB: ============= START OF LOAD BALANCING ============== 13092.1
LDB: ============== END OF LOAD BALANCING =============== 13092.1
LDB: =============== DONE WITH MIGRATION ================ 13092.1
LDB: ============= START OF LOAD BALANCING ============== 13100.5
LDB: ============== END OF LOAD BALANCING =============== 13100.5
LDB: =============== DONE WITH MIGRATION ================ 13100.5
PRESSURE: 80000 321.383 22.1745 510.281 22.1745 343.867 457.393 510.281 457.393 -301.371
GPRESSURE: 80000 217.881 -15.1598 241.504 -105.415 319.342 445.288 380.875 219.483 -135.12
PRESSAVG: 80000 107.586 13.2871 22.9717 13.2871 10.6996 -7.6727 22.9717 -7.6727 -1.9988
GPRESSAVG: 80000 107.575 13.2198 22.9749 13.2363 10.6469 -7.70832 22.8945 -7.74663 -1.97643
ENERGY:   80000      1587.2733      9155.1266      5706.6352        80.8714         -61292.3515     -1210.5092         0.0000         0.0000     18301.3215         -27671.6327       295.3797    -45972.9542    -27529.0974       295.9931            121.2929       134.0344    265921.0245        38.7622        38.7483

WRITING COORDINATES TO DCD FILE NPT.dcd AT STEP 80000
The last position output (seq=80000) takes 0.000 seconds, 685.381 MB of memory in use
LDB: ============= START OF LOAD BALANCING ============== 13427.2
LDB: ============== END OF LOAD BALANCING =============== 13427.2
LDB: =============== DONE WITH MIGRATION ================ 13427.2
LDB: ============= START OF LOAD BALANCING ============== 13435.6
LDB: ============== END OF LOAD BALANCING =============== 13435.6
LDB: =============== DONE WITH MIGRATION ================ 13435.6
LDB: ============= START OF LOAD BALANCING ============== 13762.4
LDB: ============== END OF LOAD BALANCING =============== 13762.4
LDB: =============== DONE WITH MIGRATION ================ 13762.4
LDB: ============= START OF LOAD BALANCING ============== 13770.8
LDB: ============== END OF LOAD BALANCING =============== 13770.8
LDB: =============== DONE WITH MIGRATION ================ 13770.8
LDB: ============= START OF LOAD BALANCING ============== 14097.7
LDB: ============== END OF LOAD BALANCING =============== 14097.7
LDB: =============== DONE WITH MIGRATION ================ 14097.7
LDB: ============= START OF LOAD BALANCING ============== 14106.1
LDB: ============== END OF LOAD BALANCING =============== 14106.1
LDB: =============== DONE WITH MIGRATION ================ 14106.1
LDB: ============= START OF LOAD BALANCING ============== 14432.4
LDB: ============== END OF LOAD BALANCING =============== 14432.4
LDB: =============== DONE WITH MIGRATION ================ 14432.4
LDB: ============= START OF LOAD BALANCING ============== 14440.8
LDB: ============== END OF LOAD BALANCING =============== 14440.8
LDB: =============== DONE WITH MIGRATION ================ 14440.8
LDB: ============= START OF LOAD BALANCING ============== 14767.5
LDB: ============== END OF LOAD BALANCING =============== 14767.5
LDB: =============== DONE WITH MIGRATION ================ 14767.5
LDB: ============= START OF LOAD BALANCING ============== 14775.8
LDB: ============== END OF LOAD BALANCING =============== 14775.8
LDB: =============== DONE WITH MIGRATION ================ 14775.8
PRESSURE: 90000 151.457 81.0596 -457.673 81.0596 156.04 -238.657 -457.673 -238.657 42.3779
GPRESSURE: 90000 89.484 164.089 -286.894 44.9533 166.181 -239.98 -502.559 -230.172 139.957
PRESSAVG: 90000 40.2902 13.2215 -4.17869 13.2215 -24.9807 25.8255 -4.17869 25.8255 5.75566
GPRESSAVG: 90000 40.2219 13.3111 -4.22014 13.1633 -24.9283 25.826 -4.13194 25.7235 5.77904
ENERGY:   90000      1583.7175      9118.2216      5678.8217        76.0300         -61066.5974     -1248.8408         0.0000         0.0000     18269.1298         -27589.5176       294.8601    -45858.6474    -27450.9283       296.8156            116.6248       131.8740    265178.4634         7.0217         7.0242

WRITING COORDINATES TO DCD FILE NPT.dcd AT STEP 90000
The last position output (seq=90000) takes 0.000 seconds, 685.381 MB of memory in use
LDB: ============= START OF LOAD BALANCING ============== 15102.7
LDB: ============== END OF LOAD BALANCING =============== 15102.7
LDB: =============== DONE WITH MIGRATION ================ 15102.7
LDB: ============= START OF LOAD BALANCING ============== 15111.1
LDB: ============== END OF LOAD BALANCING =============== 15111.1
LDB: =============== DONE WITH MIGRATION ================ 15111.1
LDB: ============= START OF LOAD BALANCING ============== 15438.3
LDB: ============== END OF LOAD BALANCING =============== 15438.3
LDB: =============== DONE WITH MIGRATION ================ 15438.3
LDB: ============= START OF LOAD BALANCING ============== 15446.6
LDB: ============== END OF LOAD BALANCING =============== 15446.6
LDB: =============== DONE WITH MIGRATION ================ 15446.6
LDB: ============= START OF LOAD BALANCING ============== 15773.5
LDB: ============== END OF LOAD BALANCING =============== 15773.5
LDB: =============== DONE WITH MIGRATION ================ 15773.5
LDB: ============= START OF LOAD BALANCING ============== 15781.9
LDB: ============== END OF LOAD BALANCING =============== 15781.9
LDB: =============== DONE WITH MIGRATION ================ 15781.9
LDB: ============= START OF LOAD BALANCING ============== 16108.2
LDB: ============== END OF LOAD BALANCING =============== 16108.2
LDB: =============== DONE WITH MIGRATION ================ 16108.2
LDB: ============= START OF LOAD BALANCING ============== 16116.6
LDB: ============== END OF LOAD BALANCING =============== 16116.6
LDB: =============== DONE WITH MIGRATION ================ 16116.6
LDB: ============= START OF LOAD BALANCING ============== 16443.1
LDB: ============== END OF LOAD BALANCING =============== 16443.1
LDB: =============== DONE WITH MIGRATION ================ 16443.1
LDB: ============= START OF LOAD BALANCING ============== 16451.5
LDB: ============== END OF LOAD BALANCING =============== 16451.5
LDB: =============== DONE WITH MIGRATION ================ 16451.5
PRESSURE: 100000 -183.124 -296.442 -200.291 -296.442 583.057 -56.5503 -200.291 -56.5503 -466.35
GPRESSURE: 100000 -7.7218 -99.7121 -155.199 -268.677 440.443 118.582 -305.504 49.6992 -468.273
PRESSAVG: 100000 57.4725 29.1158 17.2352 29.1158 25.2189 10.7113 17.2352 10.7113 -3.07742
GPRESSAVG: 100000 57.5342 29.0784 17.2973 29.2097 25.1581 10.6525 17.279 10.7922 -3.05664
TIMING: 100000  CPU: 16728.2, 0.167278/step  Wall: 16728.5, 0.167281/step, 41.8202 hours remaining, 685.380939 MB of memory in use.
PERFORMANCE: 100000  averaging 1.03299 ns/day, 0.167281 sec/step with standard deviation 0
ETITLE:      TS           BOND          ANGLE          DIHED          IMPRP               ELECT            VDW       BOUNDARY           MISC        KINETIC               TOTAL           TEMP      POTENTIAL         TOTAL3        TEMPAVG            PRESSURE      GPRESSURE         VOLUME       PRESSAVG      GPRESSAVG

ENERGY:  100000      1568.6739      9139.1431      5696.4893        66.5563         -60902.7894     -1452.6183         0.0000         0.0000     18499.7935         -27384.7514       298.5830    -45884.5450    -27239.5289       295.9602            -22.1390       -11.8507    266004.4090        26.5380        26.5452

WRITING EXTENDED SYSTEM TO RESTART FILE AT STEP 100000
WRITING COORDINATES TO DCD FILE NPT.dcd AT STEP 100000
WRITING COORDINATES TO RESTART FILE AT STEP 100000
FINISHED WRITING RESTART COORDINATES
The last position output (seq=100000) takes 0.001 seconds, 685.381 MB of memory in use
WRITING VELOCITIES TO RESTART FILE AT STEP 100000
FINISHED WRITING RESTART VELOCITIES
The last velocity output (seq=100000) takes 0.000 seconds, 685.381 MB of memory in use
LDB: ============= START OF LOAD BALANCING ============== 16778.5
LDB: ============== END OF LOAD BALANCING =============== 16778.5
LDB: =============== DONE WITH MIGRATION ================ 16778.5
LDB: ============= START OF LOAD BALANCING ============== 16786.9
LDB: ============== END OF LOAD BALANCING =============== 16786.9
LDB: =============== DONE WITH MIGRATION ================ 16786.9
LDB: ============= START OF LOAD BALANCING ============== 17113.3
LDB: ============== END OF LOAD BALANCING =============== 17113.3
LDB: =============== DONE WITH MIGRATION ================ 17113.3
LDB: ============= START OF LOAD BALANCING ============== 17121.7
LDB: ============== END OF LOAD BALANCING =============== 17121.7
LDB: =============== DONE WITH MIGRATION ================ 17121.7
LDB: ============= START OF LOAD BALANCING ============== 17448.3
LDB: ============== END OF LOAD BALANCING =============== 17448.3
LDB: =============== DONE WITH MIGRATION ================ 17448.3
LDB: ============= START OF LOAD BALANCING ============== 17456.6
LDB: ============== END OF LOAD BALANCING =============== 17456.6
LDB: =============== DONE WITH MIGRATION ================ 17456.6
LDB: ============= START OF LOAD BALANCING ============== 17783.1
LDB: ============== END OF LOAD BALANCING =============== 17783.1
LDB: =============== DONE WITH MIGRATION ================ 17783.1
LDB: ============= START OF LOAD BALANCING ============== 17791.5
LDB: ============== END OF LOAD BALANCING =============== 17791.5
LDB: =============== DONE WITH MIGRATION ================ 17791.5
LDB: ============= START OF LOAD BALANCING ============== 18117.7
LDB: ============== END OF LOAD BALANCING =============== 18117.7
LDB: =============== DONE WITH MIGRATION ================ 18117.7
LDB: ============= START OF LOAD BALANCING ============== 18126.1
LDB: ============== END OF LOAD BALANCING =============== 18126.1
LDB: =============== DONE WITH MIGRATION ================ 18126.1
PRESSURE: 110000 502.922 147.331 168.995 147.331 -95.1937 -125.462 168.995 -125.462 408.1
GPRESSURE: 110000 427.679 277.631 363.134 216.372 178.996 15.0716 -106.636 -7.82724 233.718
PRESSAVG: 110000 0.164072 18.9882 -9.24579 18.9882 26.6164 12.7367 -9.24579 12.7367 4.63983
GPRESSAVG: 110000 0.0733176 19.0445 -9.20358 18.904 26.7454 12.6564 -9.34847 12.7674 4.56197
ENERGY:  110000      1523.2496      9174.4272      5721.0765        80.8652         -61167.1711     -1067.5884         0.0000         0.0000     18187.5859         -27547.5553       293.5440    -45735.1412    -27408.3849       297.2827            271.9427       280.1309    265441.5054        10.4734        10.4602

WRITING COORDINATES TO DCD FILE NPT.dcd AT STEP 110000
LDB: ============= START OF LOAD BALANCING ============== 18452.7
LDB: ============== END OF LOAD BALANCING =============== 18452.7
LDB: =============== DONE WITH MIGRATION ================ 18452.7
LDB: ============= START OF LOAD BALANCING ============== 18461
LDB: ============== END OF LOAD BALANCING =============== 18461
LDB: =============== DONE WITH MIGRATION ================ 18461
LDB: ============= START OF LOAD BALANCING ============== 18787.9
LDB: ============== END OF LOAD BALANCING =============== 18787.9
LDB: =============== DONE WITH MIGRATION ================ 18787.9
LDB: ============= START OF LOAD BALANCING ============== 18796.3
LDB: ============== END OF LOAD BALANCING =============== 18796.3
LDB: =============== DONE WITH MIGRATION ================ 18796.3
LDB: ============= START OF LOAD BALANCING ============== 19123.2
LDB: ============== END OF LOAD BALANCING =============== 19123.2
LDB: =============== DONE WITH MIGRATION ================ 19123.2
LDB: ============= START OF LOAD BALANCING ============== 19131.5
LDB: ============== END OF LOAD BALANCING =============== 19131.5
LDB: =============== DONE WITH MIGRATION ================ 19131.5
LDB: ============= START OF LOAD BALANCING ============== 19458.8
LDB: ============== END OF LOAD BALANCING =============== 19458.8
LDB: =============== DONE WITH MIGRATION ================ 19458.8
LDB: ============= START OF LOAD BALANCING ============== 19467.2
LDB: ============== END OF LOAD BALANCING =============== 19467.2
LDB: =============== DONE WITH MIGRATION ================ 19467.2
LDB: ============= START OF LOAD BALANCING ============== 19794.5
LDB: ============== END OF LOAD BALANCING =============== 19794.5
LDB: =============== DONE WITH MIGRATION ================ 19794.5
LDB: ============= START OF LOAD BALANCING ============== 19802.9
LDB: ============== END OF LOAD BALANCING =============== 19802.9
LDB: =============== DONE WITH MIGRATION ================ 19802.9
PRESSURE: 120000 -160.068 82.5304 36.6192 82.5304 86.5264 114.711 36.6192 114.711 -1285.73
GPRESSURE: 120000 -214.744 -17.4974 -101.693 104.205 52.8652 328.732 22.313 161.399 -1120.08
PRESSAVG: 120000 59.256 35.8556 2.57482 35.8556 29.1024 -1.80664 2.57482 -1.80664 3.04939
GPRESSAVG: 120000 59.2126 35.7188 2.55349 35.8599 28.9567 -1.81501 2.66124 -1.63748 3.13688
ENERGY:  120000      1565.7941      9101.6097      5705.8690        80.5139         -61104.3004     -1380.6143         0.0000         0.0000     18491.2353         -27539.8927       298.4449    -46031.1280    -27395.0100       296.9167           -453.0909      -427.3193    265715.3507        30.4693        30.4354

WRITING COORDINATES TO DCD FILE NPT.dcd AT STEP 120000
LDB: ============= START OF LOAD BALANCING ============== 20130
LDB: ============== END OF LOAD BALANCING =============== 20130
LDB: =============== DONE WITH MIGRATION ================ 20130
LDB: ============= START OF LOAD BALANCING ============== 20138.4
LDB: ============== END OF LOAD BALANCING =============== 20138.4
LDB: =============== DONE WITH MIGRATION ================ 20138.4
LDB: ============= START OF LOAD BALANCING ============== 20465.8
LDB: ============== END OF LOAD BALANCING =============== 20465.8
LDB: =============== DONE WITH MIGRATION ================ 20465.8
LDB: ============= START OF LOAD BALANCING ============== 20474.2
LDB: ============== END OF LOAD BALANCING =============== 20474.2
LDB: =============== DONE WITH MIGRATION ================ 20474.2
LDB: ============= START OF LOAD BALANCING ============== 20801.6
LDB: ============== END OF LOAD BALANCING =============== 20801.6
LDB: =============== DONE WITH MIGRATION ================ 20801.6
LDB: ============= START OF LOAD BALANCING ============== 20810
LDB: ============== END OF LOAD BALANCING =============== 20810
LDB: =============== DONE WITH MIGRATION ================ 20810
LDB: ============= START OF LOAD BALANCING ============== 21137.3
LDB: ============== END OF LOAD BALANCING =============== 21137.3
LDB: =============== DONE WITH MIGRATION ================ 21137.3
LDB: ============= START OF LOAD BALANCING ============== 21145.7
LDB: ============== END OF LOAD BALANCING =============== 21145.7
LDB: =============== DONE WITH MIGRATION ================ 21145.7
LDB: ============= START OF LOAD BALANCING ============== 21472.9
LDB: ============== END OF LOAD BALANCING =============== 21472.9
LDB: =============== DONE WITH MIGRATION ================ 21472.9
LDB: ============= START OF LOAD BALANCING ============== 21481.3
LDB: ============== END OF LOAD BALANCING =============== 21481.3
LDB: =============== DONE WITH MIGRATION ================ 21481.3
PRESSURE: 130000 -784.531 -93.6616 -85.8856 -93.6616 -222.592 329.047 -85.8856 329.047 165.604
GPRESSURE: 130000 -673.009 -93.8084 80.0401 -195.506 -58.2799 260.994 -12.66 192.599 -41.089
PRESSAVG: 130000 2.00592 23.954 -17.1014 23.954 62.2827 8.80494 -17.1014 8.80494 4.2276
GPRESSAVG: 130000 2.01379 23.9259 -17.024 23.8681 62.2857 8.86495 -17.1726 8.79966 4.16446
ENERGY:  130000      1531.6697      9065.5582      5649.0003        79.9911         -61091.3766     -1464.4119         0.0000         0.0000     18305.8376         -27923.7316       295.4526    -46229.5691    -27774.2505       296.6405           -280.5063      -257.4594    264639.0021        22.8388        22.8213

WRITING COORDINATES TO DCD FILE NPT.dcd AT STEP 130000
LDB: ============= START OF LOAD BALANCING ============== 21808.6
LDB: ============== END OF LOAD BALANCING =============== 21808.6
LDB: =============== DONE WITH MIGRATION ================ 21808.6
LDB: ============= START OF LOAD BALANCING ============== 21817
LDB: ============== END OF LOAD BALANCING =============== 21817
LDB: =============== DONE WITH MIGRATION ================ 21817
LDB: ============= START OF LOAD BALANCING ============== 22144
LDB: ============== END OF LOAD BALANCING =============== 22144
LDB: =============== DONE WITH MIGRATION ================ 22144
LDB: ============= START OF LOAD BALANCING ============== 22152.4
LDB: ============== END OF LOAD BALANCING =============== 22152.4
LDB: =============== DONE WITH MIGRATION ================ 22152.4
LDB: ============= START OF LOAD BALANCING ============== 22480.3
LDB: ============== END OF LOAD BALANCING =============== 22480.3
LDB: =============== DONE WITH MIGRATION ================ 22480.3
LDB: ============= START OF LOAD BALANCING ============== 22488.6
LDB: ============== END OF LOAD BALANCING =============== 22488.6
LDB: =============== DONE WITH MIGRATION ================ 22488.6
LDB: ============= START OF LOAD BALANCING ============== 22815.7
LDB: ============== END OF LOAD BALANCING =============== 22815.7
LDB: =============== DONE WITH MIGRATION ================ 22815.7
LDB: ============= START OF LOAD BALANCING ============== 22824.1
LDB: ============== END OF LOAD BALANCING =============== 22824.1
LDB: =============== DONE WITH MIGRATION ================ 22824.1
LDB: ============= START OF LOAD BALANCING ============== 23151.5
LDB: ============== END OF LOAD BALANCING =============== 23151.5
LDB: =============== DONE WITH MIGRATION ================ 23151.5
LDB: ============= START OF LOAD BALANCING ============== 23159.9
LDB: ============== END OF LOAD BALANCING =============== 23159.9
LDB: =============== DONE WITH MIGRATION ================ 23159.9
PRESSURE: 140000 100.019 -429.209 -246.196 -429.209 35.6548 -97.2078 -246.196 -97.2078 175.264
GPRESSURE: 140000 112.497 -388.507 -410.061 -263.113 23.7322 -335.909 -252.674 -117.505 224.707
PRESSAVG: 140000 -34.568 9.39464 -13.1457 9.39464 -15.4071 -20.6259 -13.1457 -20.6259 1.04436
GPRESSAVG: 140000 -34.622 9.30353 -13.1452 9.44792 -15.3359 -20.6537 -12.9869 -20.6727 1.00861
ENERGY:  140000      1628.6995      8961.8613      5658.3873        67.1827         -60835.0751     -1300.1237         0.0000         0.0000     18266.7136         -27552.3544       294.8211    -45819.0680    -27403.6707       295.6152            103.6461       120.3122    265414.0096       -16.3103       -16.3164

WRITING COORDINATES TO DCD FILE NPT.dcd AT STEP 140000
LDB: ============= START OF LOAD BALANCING ============== 23486.4
LDB: ============== END OF LOAD BALANCING =============== 23486.4
LDB: =============== DONE WITH MIGRATION ================ 23486.4
LDB: ============= START OF LOAD BALANCING ============== 23494.7
LDB: ============== END OF LOAD BALANCING =============== 23494.7
LDB: =============== DONE WITH MIGRATION ================ 23494.7
LDB: ============= START OF LOAD BALANCING ============== 23821.5
LDB: ============== END OF LOAD BALANCING =============== 23821.5
LDB: =============== DONE WITH MIGRATION ================ 23821.5
LDB: ============= START OF LOAD BALANCING ============== 23829.9
LDB: ============== END OF LOAD BALANCING =============== 23829.9
LDB: =============== DONE WITH MIGRATION ================ 23829.9
LDB: ============= START OF LOAD BALANCING ============== 24156.6
LDB: ============== END OF LOAD BALANCING =============== 24156.6
LDB: =============== DONE WITH MIGRATION ================ 24156.6
LDB: ============= START OF LOAD BALANCING ============== 24165
LDB: ============== END OF LOAD BALANCING =============== 24165
LDB: =============== DONE WITH MIGRATION ================ 24165
LDB: ============= START OF LOAD BALANCING ============== 24492
LDB: ============== END OF LOAD BALANCING =============== 24492
LDB: =============== DONE WITH MIGRATION ================ 24492
LDB: ============= START OF LOAD BALANCING ============== 24500.4
LDB: ============== END OF LOAD BALANCING =============== 24500.4
LDB: =============== DONE WITH MIGRATION ================ 24500.4
LDB: ============= START OF LOAD BALANCING ============== 24826.9
LDB: ============== END OF LOAD BALANCING =============== 24826.9
LDB: =============== DONE WITH MIGRATION ================ 24826.9
LDB: ============= START OF LOAD BALANCING ============== 24835.2
LDB: ============== END OF LOAD BALANCING =============== 24835.2
LDB: =============== DONE WITH MIGRATION ================ 24835.2
PRESSURE: 150000 466.951 37.6258 17.2134 37.6258 -230.561 -133.851 17.2134 -133.851 -579.748
GPRESSURE: 150000 534.186 137.427 0.751009 64.3193 -312.087 -99.7398 102.633 -223.182 -470.255
PRESSAVG: 150000 -2.86142 9.47196 -19.5624 9.47196 -27.4279 -13.1205 -19.5624 -13.1205 1.60218
GPRESSAVG: 150000 -2.88684 9.50198 -19.3773 9.54553 -27.4202 -13.1944 -19.6533 -13.0733 1.56144
ENERGY:  150000      1587.5712      8999.2217      5689.1045        68.5717         -61072.9661     -1192.9881         0.0000         0.0000     18551.1833         -27370.3019       299.4124    -45921.4852    -27221.5404       297.2844           -114.4527       -82.7185    266887.1453        -9.5624        -9.5819

WRITING EXTENDED SYSTEM TO RESTART FILE AT STEP 150000
WRITING COORDINATES TO DCD FILE NPT.dcd AT STEP 150000
WRITING COORDINATES TO RESTART FILE AT STEP 150000
FINISHED WRITING RESTART COORDINATES
WRITING VELOCITIES TO RESTART FILE AT STEP 150000
FINISHED WRITING RESTART VELOCITIES
The last velocity output (seq=150000) takes 0.000 seconds, 685.381 MB of memory in use
LDB: ============= START OF LOAD BALANCING ============== 25161.2
LDB: ============== END OF LOAD BALANCING =============== 25161.2
LDB: =============== DONE WITH MIGRATION ================ 25161.2
LDB: ============= START OF LOAD BALANCING ============== 25169.5
LDB: ============== END OF LOAD BALANCING =============== 25169.5
LDB: =============== DONE WITH MIGRATION ================ 25169.5
LDB: ============= START OF LOAD BALANCING ============== 25495.6
LDB: ============== END OF LOAD BALANCING =============== 25495.6
LDB: =============== DONE WITH MIGRATION ================ 25495.6
LDB: ============= START OF LOAD BALANCING ============== 25504
LDB: ============== END OF LOAD BALANCING =============== 25504
LDB: =============== DONE WITH MIGRATION ================ 25504
LDB: ============= START OF LOAD BALANCING ============== 25830.4
LDB: ============== END OF LOAD BALANCING =============== 25830.4
LDB: =============== DONE WITH MIGRATION ================ 25830.4
LDB: ============= START OF LOAD BALANCING ============== 25838.8
LDB: ============== END OF LOAD BALANCING =============== 25838.8
LDB: =============== DONE WITH MIGRATION ================ 25838.8
LDB: ============= START OF LOAD BALANCING ============== 26164.8
LDB: ============== END OF LOAD BALANCING =============== 26164.8
LDB: =============== DONE WITH MIGRATION ================ 26164.8
LDB: ============= START OF LOAD BALANCING ============== 26173.2
LDB: ============== END OF LOAD BALANCING =============== 26173.2
LDB: =============== DONE WITH MIGRATION ================ 26173.2
LDB: ============= START OF LOAD BALANCING ============== 26499
LDB: ============== END OF LOAD BALANCING =============== 26499
LDB: =============== DONE WITH MIGRATION ================ 26499
LDB: ============= START OF LOAD BALANCING ============== 26507.4
LDB: ============== END OF LOAD BALANCING =============== 26507.4
LDB: =============== DONE WITH MIGRATION ================ 26507.4
PRESSURE: 160000 -228.356 64.4479 57.803 64.4479 -174.675 283.07 57.803 283.07 -18.3409
GPRESSURE: 160000 -341.605 156.05 55.662 -223.898 -131.228 176.632 121.449 158.031 87.1524
PRESSAVG: 160000 -44.9676 4.15929 3.49861 4.15929 -44.6011 -16.2819 3.49861 -16.2819 3.59911
GPRESSAVG: 160000 -45.0042 4.08911 3.46198 4.28142 -44.5729 -16.1151 3.51894 -16.2481 3.57994
ENERGY:  160000      1548.9109      9053.9550      5720.8326        68.9112         -60889.7059     -1433.9784         0.0000         0.0000     18305.6455         -27625.4290       295.4495    -45931.0746    -27474.1366       296.3881           -140.4571      -128.5599    265132.8326       -28.6565       -28.6657

WRITING COORDINATES TO DCD FILE NPT.dcd AT STEP 160000
LDB: ============= START OF LOAD BALANCING ============== 26833.9
LDB: ============== END OF LOAD BALANCING =============== 26833.9
LDB: =============== DONE WITH MIGRATION ================ 26833.9
LDB: ============= START OF LOAD BALANCING ============== 26842.3
LDB: ============== END OF LOAD BALANCING =============== 26842.3
LDB: =============== DONE WITH MIGRATION ================ 26842.3
LDB: ============= START OF LOAD BALANCING ============== 27169.1
LDB: ============== END OF LOAD BALANCING =============== 27169.1
LDB: =============== DONE WITH MIGRATION ================ 27169.1
LDB: ============= START OF LOAD BALANCING ============== 27177.5
LDB: ============== END OF LOAD BALANCING =============== 27177.5
LDB: =============== DONE WITH MIGRATION ================ 27177.5
LDB: ============= START OF LOAD BALANCING ============== 27503.8
LDB: ============== END OF LOAD BALANCING =============== 27503.8
LDB: =============== DONE WITH MIGRATION ================ 27503.8
LDB: ============= START OF LOAD BALANCING ============== 27512.2
LDB: ============== END OF LOAD BALANCING =============== 27512.2
LDB: =============== DONE WITH MIGRATION ================ 27512.2
LDB: ============= START OF LOAD BALANCING ============== 27839.4
LDB: ============== END OF LOAD BALANCING =============== 27839.4
LDB: =============== DONE WITH MIGRATION ================ 27839.4
LDB: ============= START OF LOAD BALANCING ============== 27847.8
LDB: ============== END OF LOAD BALANCING =============== 27847.8
LDB: =============== DONE WITH MIGRATION ================ 27847.8
LDB: ============= START OF LOAD BALANCING ============== 28174.3
LDB: ============== END OF LOAD BALANCING =============== 28174.3
LDB: =============== DONE WITH MIGRATION ================ 28174.3
LDB: ============= START OF LOAD BALANCING ============== 28182.7
LDB: ============== END OF LOAD BALANCING =============== 28182.7
LDB: =============== DONE WITH MIGRATION ================ 28182.7
PRESSURE: 170000 120.546 -235.758 -537.556 -235.758 -97.6245 -20.3232 -537.556 -20.3232 481.547
GPRESSURE: 170000 83.1207 -132.574 -354.405 -374.974 122.104 -14.4618 -503.738 247.659 327.66
PRESSAVG: 170000 43.7433 -0.979226 -3.86828 -0.979226 40.2867 -16.7588 -3.86828 -16.7588 1.80956
GPRESSAVG: 170000 43.8447 -0.957871 -3.84873 -0.997042 40.2854 -16.8492 -3.80115 -16.7343 1.88061
ENERGY:  170000      1545.4933      9188.5175      5692.9021        77.9811         -61272.0486     -1095.1065         0.0000         0.0000     18219.0470         -27643.2141       294.0518    -45862.2611    -27506.0913       296.7254            168.1561       177.6281    265272.4425        28.6132        28.6702

WRITING COORDINATES TO DCD FILE NPT.dcd AT STEP 170000
LDB: ============= START OF LOAD BALANCING ============== 28509.4
LDB: ============== END OF LOAD BALANCING =============== 28509.4
LDB: =============== DONE WITH MIGRATION ================ 28509.4
LDB: ============= START OF LOAD BALANCING ============== 28517.8
LDB: ============== END OF LOAD BALANCING =============== 28517.8
LDB: =============== DONE WITH MIGRATION ================ 28517.8
LDB: ============= START OF LOAD BALANCING ============== 28844.9
LDB: ============== END OF LOAD BALANCING =============== 28844.9
LDB: =============== DONE WITH MIGRATION ================ 28844.9
LDB: ============= START OF LOAD BALANCING ============== 28853.3
LDB: ============== END OF LOAD BALANCING =============== 28853.3
LDB: =============== DONE WITH MIGRATION ================ 28853.3
LDB: ============= START OF LOAD BALANCING ============== 29180.3
LDB: ============== END OF LOAD BALANCING =============== 29180.3
LDB: =============== DONE WITH MIGRATION ================ 29180.3
LDB: ============= START OF LOAD BALANCING ============== 29188.7
LDB: ============== END OF LOAD BALANCING =============== 29188.7
LDB: =============== DONE WITH MIGRATION ================ 29188.7
LDB: ============= START OF LOAD BALANCING ============== 29516
LDB: ============== END OF LOAD BALANCING =============== 29516
LDB: =============== DONE WITH MIGRATION ================ 29516
LDB: ============= START OF LOAD BALANCING ============== 29524.3
LDB: ============== END OF LOAD BALANCING =============== 29524.3
LDB: =============== DONE WITH MIGRATION ================ 29524.3
LDB: ============= START OF LOAD BALANCING ============== 29851.4
LDB: ============== END OF LOAD BALANCING =============== 29851.4
LDB: =============== DONE WITH MIGRATION ================ 29851.4
LDB: ============= START OF LOAD BALANCING ============== 29859.8
LDB: ============== END OF LOAD BALANCING =============== 29859.8
LDB: =============== DONE WITH MIGRATION ================ 29859.8
PRESSURE: 180000 -65.9527 -156.215 -296.099 -156.215 3.95515 114.064 -296.099 114.064 -332.454
GPRESSURE: 180000 42.8298 -61.798 -360.749 -173.979 -28.666 15.2658 -211.801 232.733 -361.368
PRESSAVG: 180000 46.4353 1.73833 5.05141 1.73833 14.8383 26.1045 5.05141 26.1045 2.76055
GPRESSAVG: 180000 46.4944 1.82391 5.06286 1.64624 14.8533 26.1298 4.98873 25.9968 2.7579
ENERGY:  180000      1543.9289      9207.8494      5671.8737        68.2158         -61026.8874     -1404.7668         0.0000         0.0000     18461.2294         -27478.5571       297.9606    -45939.7865    -27329.2463       296.6950           -131.4837      -115.7346    264836.6088        21.3447        21.3686

WRITING COORDINATES TO DCD FILE NPT.dcd AT STEP 180000
LDB: ============= START OF LOAD BALANCING ============== 30186.8
LDB: ============== END OF LOAD BALANCING =============== 30186.8
LDB: =============== DONE WITH MIGRATION ================ 30186.8
LDB: ============= START OF LOAD BALANCING ============== 30195.2
LDB: ============== END OF LOAD BALANCING =============== 30195.2
LDB: =============== DONE WITH MIGRATION ================ 30195.2
LDB: ============= START OF LOAD BALANCING ============== 30522
LDB: ============== END OF LOAD BALANCING =============== 30522
LDB: =============== DONE WITH MIGRATION ================ 30522
LDB: ============= START OF LOAD BALANCING ============== 30530.4
LDB: ============== END OF LOAD BALANCING =============== 30530.4
LDB: =============== DONE WITH MIGRATION ================ 30530.4
LDB: ============= START OF LOAD BALANCING ============== 30857.2
LDB: ============== END OF LOAD BALANCING =============== 30857.2
LDB: =============== DONE WITH MIGRATION ================ 30857.2
LDB: ============= START OF LOAD BALANCING ============== 30865.6
LDB: ============== END OF LOAD BALANCING =============== 30865.6
LDB: =============== DONE WITH MIGRATION ================ 30865.6
LDB: ============= START OF LOAD BALANCING ============== 31192
LDB: ============== END OF LOAD BALANCING =============== 31192
LDB: =============== DONE WITH MIGRATION ================ 31192
LDB: ============= START OF LOAD BALANCING ============== 31200.3
LDB: ============== END OF LOAD BALANCING =============== 31200.3
LDB: =============== DONE WITH MIGRATION ================ 31200.3
LDB: ============= START OF LOAD BALANCING ============== 31526.7
LDB: ============== END OF LOAD BALANCING =============== 31526.7
LDB: =============== DONE WITH MIGRATION ================ 31526.7
LDB: ============= START OF LOAD BALANCING ============== 31535.1
LDB: ============== END OF LOAD BALANCING =============== 31535.1
LDB: =============== DONE WITH MIGRATION ================ 31535.1
PRESSURE: 190000 -301.365 -48.4396 -281.171 -48.4396 3.99455 122.591 -281.171 122.591 -457.794
GPRESSURE: 190000 -175.861 89.1025 -169.452 168.268 -20.6993 131.797 -380.848 131.601 -473.624
PRESSAVG: 190000 -43.756 16.4386 17.3508 16.4386 -69.0608 -9.56413 17.3508 -9.56413 -0.293844
GPRESSAVG: 190000 -43.7116 16.4486 17.2158 16.4251 -69.0623 -9.55423 17.373 -9.49928 -0.27092
ENERGY:  190000      1553.0429      9057.8283      5642.9893        69.5821         -60613.7573     -1497.3662         0.0000         0.0000     18263.3406         -27524.3403       294.7667    -45787.6809    -27381.7717       296.6731           -251.7215      -223.3947    266685.9292       -37.7036       -37.6816

WRITING COORDINATES TO DCD FILE NPT.dcd AT STEP 190000
LDB: ============= START OF LOAD BALANCING ============== 31861.2
LDB: ============== END OF LOAD BALANCING =============== 31861.2
LDB: =============== DONE WITH MIGRATION ================ 31861.2
LDB: ============= START OF LOAD BALANCING ============== 31869.5
LDB: ============== END OF LOAD BALANCING =============== 31869.5
LDB: =============== DONE WITH MIGRATION ================ 31869.5
LDB: ============= START OF LOAD BALANCING ============== 32196.4
LDB: ============== END OF LOAD BALANCING =============== 32196.4
LDB: =============== DONE WITH MIGRATION ================ 32196.4
LDB: ============= START OF LOAD BALANCING ============== 32204.8
LDB: ============== END OF LOAD BALANCING =============== 32204.8
LDB: =============== DONE WITH MIGRATION ================ 32204.8
LDB: ============= START OF LOAD BALANCING ============== 32530.5
LDB: ============== END OF LOAD BALANCING =============== 32530.5
LDB: =============== DONE WITH MIGRATION ================ 32530.5
LDB: ============= START OF LOAD BALANCING ============== 32538.9
LDB: ============== END OF LOAD BALANCING =============== 32538.9
LDB: =============== DONE WITH MIGRATION ================ 32538.9
LDB: ============= START OF LOAD BALANCING ============== 32866
LDB: ============== END OF LOAD BALANCING =============== 32866
LDB: =============== DONE WITH MIGRATION ================ 32866
LDB: ============= START OF LOAD BALANCING ============== 32874.4
LDB: ============== END OF LOAD BALANCING =============== 32874.4
LDB: =============== DONE WITH MIGRATION ================ 32874.4
LDB: ============= START OF LOAD BALANCING ============== 33201.2
LDB: ============== END OF LOAD BALANCING =============== 33201.2
LDB: =============== DONE WITH MIGRATION ================ 33201.2
LDB: ============= START OF LOAD BALANCING ============== 33209.6
LDB: ============== END OF LOAD BALANCING =============== 33209.6
LDB: =============== DONE WITH MIGRATION ================ 33209.6
PRESSURE: 200000 354.689 73.1299 229.385 73.1299 -439.215 210.59 229.385 210.59 279.608
GPRESSURE: 200000 446.905 1.6549 65.5168 217.299 -383.772 41.4978 358.699 390.146 195.255
PRESSAVG: 200000 -33.9504 -4.37352 13.7152 -4.37352 -45.7695 29.1008 13.7152 29.1008 0.968762
GPRESSAVG: 200000 -33.9267 -4.27883 13.6764 -4.43665 -45.7558 28.9452 13.7228 29.1083 0.951387
TIMING: 200000  CPU: 33486.1, 0.167579/step  Wall: 33486.7, 0.167582/step, 37.2405 hours remaining, 685.380939 MB of memory in use.
PERFORMANCE: 200000  averaging 1.03206 ns/day, 0.167431 sec/step with standard deviation 0.000213143
ETITLE:      TS           BOND          ANGLE          DIHED          IMPRP               ELECT            VDW       BOUNDARY           MISC        KINETIC               TOTAL           TEMP      POTENTIAL         TOTAL3        TEMPAVG            PRESSURE      GPRESSURE         VOLUME       PRESSAVG      GPRESSAVG

ENERGY:  200000      1540.3571      9128.7969      5728.8228        73.7775         -61193.2874     -1212.0444         0.0000         0.0000     18284.3350         -27649.2426       295.1055    -45933.5776    -27502.7634       296.2081             65.0272        86.1296    264527.9848       -26.2504       -26.2437

WRITING EXTENDED SYSTEM TO RESTART FILE AT STEP 200000
WRITING COORDINATES TO DCD FILE NPT.dcd AT STEP 200000
WRITING COORDINATES TO RESTART FILE AT STEP 200000
FINISHED WRITING RESTART COORDINATES
WRITING VELOCITIES TO RESTART FILE AT STEP 200000
FINISHED WRITING RESTART VELOCITIES
The last velocity output (seq=200000) takes 0.000 seconds, 685.381 MB of memory in use
LDB: ============= START OF LOAD BALANCING ============== 33536.8
LDB: ============== END OF LOAD BALANCING =============== 33536.8
LDB: =============== DONE WITH MIGRATION ================ 33536.8
LDB: ============= START OF LOAD BALANCING ============== 33545.2
LDB: ============== END OF LOAD BALANCING =============== 33545.2
LDB: =============== DONE WITH MIGRATION ================ 33545.2
LDB: ============= START OF LOAD BALANCING ============== 33872.2
LDB: ============== END OF LOAD BALANCING =============== 33872.2
LDB: =============== DONE WITH MIGRATION ================ 33872.2
LDB: ============= START OF LOAD BALANCING ============== 33880.6
LDB: ============== END OF LOAD BALANCING =============== 33880.6
LDB: =============== DONE WITH MIGRATION ================ 33880.6
LDB: ============= START OF LOAD BALANCING ============== 34208.1
LDB: ============== END OF LOAD BALANCING =============== 34208.1
LDB: =============== DONE WITH MIGRATION ================ 34208.1
LDB: ============= START OF LOAD BALANCING ============== 34216.5
LDB: ============== END OF LOAD BALANCING =============== 34216.5
LDB: =============== DONE WITH MIGRATION ================ 34216.5
LDB: ============= START OF LOAD BALANCING ============== 34544.4
LDB: ============== END OF LOAD BALANCING =============== 34544.4
LDB: =============== DONE WITH MIGRATION ================ 34544.4
LDB: ============= START OF LOAD BALANCING ============== 34552.8
LDB: ============== END OF LOAD BALANCING =============== 34552.8
LDB: =============== DONE WITH MIGRATION ================ 34552.8
LDB: ============= START OF LOAD BALANCING ============== 34880.7
LDB: ============== END OF LOAD BALANCING =============== 34880.7
LDB: =============== DONE WITH MIGRATION ================ 34880.7
LDB: ============= START OF LOAD BALANCING ============== 34889.1
LDB: ============== END OF LOAD BALANCING =============== 34889.1
LDB: =============== DONE WITH MIGRATION ================ 34889.1
PRESSURE: 210000 -255.433 460.31 -24.5137 460.31 -79.8121 -211.572 -24.5137 -211.572 -31.0795
GPRESSURE: 210000 -112.907 279.856 -92.172 469.007 -29.3387 -104.46 -67.6046 -295.235 -201.056
PRESSAVG: 210000 59.2463 54.1397 -13.1836 54.1397 9.74726 -12.5956 -13.1836 -12.5956 5.69423
GPRESSAVG: 210000 59.2734 54.0781 -13.0974 54.1087 9.80355 -12.47 -13.295 -12.5599 5.63563
ENERGY:  210000      1535.9186      9001.9761      5683.7803        77.6826         -60967.0526     -1368.7180         0.0000         0.0000     18299.3973         -27737.0157       295.3487    -46036.4130    -27592.5116       296.3302           -122.1082      -114.4340    264998.5241        24.8959        24.9042

WRITING COORDINATES TO DCD FILE NPT.dcd AT STEP 210000
LDB: ============= START OF LOAD BALANCING ============== 35216.8
LDB: ============== END OF LOAD BALANCING =============== 35216.8
LDB: =============== DONE WITH MIGRATION ================ 35216.8
LDB: ============= START OF LOAD BALANCING ============== 35225.2
LDB: ============== END OF LOAD BALANCING =============== 35225.2
LDB: =============== DONE WITH MIGRATION ================ 35225.2
LDB: ============= START OF LOAD BALANCING ============== 35553
LDB: ============== END OF LOAD BALANCING =============== 35553
LDB: =============== DONE WITH MIGRATION ================ 35553
LDB: ============= START OF LOAD BALANCING ============== 35561.5
LDB: ============== END OF LOAD BALANCING =============== 35561.5
LDB: =============== DONE WITH MIGRATION ================ 35561.5
LDB: ============= START OF LOAD BALANCING ============== 35889.6
LDB: ============== END OF LOAD BALANCING =============== 35889.6
LDB: =============== DONE WITH MIGRATION ================ 35889.6
LDB: ============= START OF LOAD BALANCING ============== 35898
LDB: ============== END OF LOAD BALANCING =============== 35898
LDB: =============== DONE WITH MIGRATION ================ 35898
LDB: ============= START OF LOAD BALANCING ============== 36226.1
LDB: ============== END OF LOAD BALANCING =============== 36226.1
LDB: =============== DONE WITH MIGRATION ================ 36226.1
LDB: ============= START OF LOAD BALANCING ============== 36234.5
LDB: ============== END OF LOAD BALANCING =============== 36234.5
LDB: =============== DONE WITH MIGRATION ================ 36234.5
LDB: ============= START OF LOAD BALANCING ============== 36561.3
LDB: ============== END OF LOAD BALANCING =============== 36561.3
LDB: =============== DONE WITH MIGRATION ================ 36561.3
LDB: ============= START OF LOAD BALANCING ============== 36569.7
LDB: ============== END OF LOAD BALANCING =============== 36569.7
LDB: =============== DONE WITH MIGRATION ================ 36569.7
PRESSURE: 220000 -95.9102 -43.0484 66.9416 -43.0484 383.05 234.036 66.9416 234.036 202.034
GPRESSURE: 220000 31.133 45.5546 78.2208 -14.925 233.192 166.696 104.178 204.917 243.157
PRESSAVG: 220000 44.2035 -3.67805 -9.76615 -3.67805 18.7494 -6.66449 -9.76615 -6.66449 -3.48284
GPRESSAVG: 220000 44.1779 -3.66588 -9.75534 -3.69564 18.7932 -6.68385 -9.73087 -6.62346 -3.55018
ENERGY:  220000      1600.6079      9125.7336      5645.9747        63.2912         -61129.8134     -1308.0115         0.0000         0.0000     18364.0768         -27638.1406       296.3926    -46002.2174    -27491.9381       295.9124            163.0579       169.1605    264693.8507        19.8234        19.8070

WRITING COORDINATES TO DCD FILE NPT.dcd AT STEP 220000
LDB: ============= START OF LOAD BALANCING ============== 36896.9
LDB: ============== END OF LOAD BALANCING =============== 36896.9
LDB: =============== DONE WITH MIGRATION ================ 36896.9
LDB: ============= START OF LOAD BALANCING ============== 36905.3
LDB: ============== END OF LOAD BALANCING =============== 36905.3
LDB: =============== DONE WITH MIGRATION ================ 36905.3
LDB: ============= START OF LOAD BALANCING ============== 37233.1
LDB: ============== END OF LOAD BALANCING =============== 37233.1
LDB: =============== DONE WITH MIGRATION ================ 37233.1
LDB: ============= START OF LOAD BALANCING ============== 37241.5
LDB: ============== END OF LOAD BALANCING =============== 37241.5
LDB: =============== DONE WITH MIGRATION ================ 37241.5
LDB: ============= START OF LOAD BALANCING ============== 37568.9
LDB: ============== END OF LOAD BALANCING =============== 37568.9
LDB: =============== DONE WITH MIGRATION ================ 37568.9
LDB: ============= START OF LOAD BALANCING ============== 37577.3
LDB: ============== END OF LOAD BALANCING =============== 37577.3
LDB: =============== DONE WITH MIGRATION ================ 37577.3
LDB: ============= START OF LOAD BALANCING ============== 37904.4
LDB: ============== END OF LOAD BALANCING =============== 37904.4
LDB: =============== DONE WITH MIGRATION ================ 37904.4
LDB: ============= START OF LOAD BALANCING ============== 37912.7
LDB: ============== END OF LOAD BALANCING =============== 37912.7
LDB: =============== DONE WITH MIGRATION ================ 37912.7
LDB: ============= START OF LOAD BALANCING ============== 38239.8
LDB: ============== END OF LOAD BALANCING =============== 38239.8
LDB: =============== DONE WITH MIGRATION ================ 38239.8
LDB: ============= START OF LOAD BALANCING ============== 38248.2
LDB: ============== END OF LOAD BALANCING =============== 38248.2
LDB: =============== DONE WITH MIGRATION ================ 38248.2
PRESSURE: 230000 -375.398 -412.196 78.2894 -412.196 21.3074 271.7 78.2894 271.7 -333.287
GPRESSURE: 230000 -371.935 -356.681 -19.2149 -503.646 144.82 376.42 129.604 354.552 -418.575
PRESSAVG: 230000 21.6168 15.17 -17.9038 15.17 3.35695 -5.29206 -17.9038 -5.29206 4.37514
GPRESSAVG: 230000 21.6401 15.2202 -17.9039 15.1933 3.44994 -5.22049 -17.9983 -5.35723 4.38336
ENERGY:  230000      1611.2311      9143.6478      5714.5650        62.1873         -61357.2167     -1169.5099         0.0000         0.0000     18559.6256         -27435.4698       299.5487    -45995.0954    -27288.3514       296.3053           -229.1260      -215.2301    265356.7195         9.7830         9.8245

WRITING COORDINATES TO DCD FILE NPT.dcd AT STEP 230000
LDB: ============= START OF LOAD BALANCING ============== 38575.3
LDB: ============== END OF LOAD BALANCING =============== 38575.3
LDB: =============== DONE WITH MIGRATION ================ 38575.3
LDB: ============= START OF LOAD BALANCING ============== 38583.7
LDB: ============== END OF LOAD BALANCING =============== 38583.7
LDB: =============== DONE WITH MIGRATION ================ 38583.7
LDB: ============= START OF LOAD BALANCING ============== 38910.8
LDB: ============== END OF LOAD BALANCING =============== 38910.8
LDB: =============== DONE WITH MIGRATION ================ 38910.8
LDB: ============= START OF LOAD BALANCING ============== 38919.2
LDB: ============== END OF LOAD BALANCING =============== 38919.2
LDB: =============== DONE WITH MIGRATION ================ 38919.2
LDB: ============= START OF LOAD BALANCING ============== 39246.7
LDB: ============== END OF LOAD BALANCING =============== 39246.7
LDB: =============== DONE WITH MIGRATION ================ 39246.7
LDB: ============= START OF LOAD BALANCING ============== 39255.1
LDB: ============== END OF LOAD BALANCING =============== 39255.1
LDB: =============== DONE WITH MIGRATION ================ 39255.1
LDB: ============= START OF LOAD BALANCING ============== 39582.8
LDB: ============== END OF LOAD BALANCING =============== 39582.8
LDB: =============== DONE WITH MIGRATION ================ 39582.8
LDB: ============= START OF LOAD BALANCING ============== 39591.2
LDB: ============== END OF LOAD BALANCING =============== 39591.2
LDB: =============== DONE WITH MIGRATION ================ 39591.2
LDB: ============= START OF LOAD BALANCING ============== 39918.7
LDB: ============== END OF LOAD BALANCING =============== 39918.7
LDB: =============== DONE WITH MIGRATION ================ 39918.7
LDB: ============= START OF LOAD BALANCING ============== 39927.1
LDB: ============== END OF LOAD BALANCING =============== 39927.1
LDB: =============== DONE WITH MIGRATION ================ 39927.1
PRESSURE: 240000 -846.718 -285.81 -329.302 -285.81 123.425 384.12 -329.302 384.12 -201.99
GPRESSURE: 240000 -699.154 -467.055 -246.253 -29.407 50.2081 430.717 -302.761 239.143 -247.839
PRESSAVG: 240000 20.7444 6.81088 -8.10499 6.81088 -4.86682 -25.3088 -8.10499 -25.3088 1.18214
GPRESSAVG: 240000 20.8545 6.7864 -8.13532 6.80277 -4.90295 -25.3532 -8.14235 -25.3185 1.18122
ENERGY:  240000      1508.3971      9039.7457      5744.1914        73.7902         -61052.7893     -1336.3588         0.0000         0.0000     18368.8468         -27654.1770       296.4696    -46023.0238    -27498.9510       297.1242           -308.4280      -298.9285    264588.1203         5.6866         5.7109

WRITING COORDINATES TO DCD FILE NPT.dcd AT STEP 240000
LDB: ============= START OF LOAD BALANCING ============== 40255
LDB: ============== END OF LOAD BALANCING =============== 40255
LDB: =============== DONE WITH MIGRATION ================ 40255
LDB: ============= START OF LOAD BALANCING ============== 40263.4
LDB: ============== END OF LOAD BALANCING =============== 40263.4
LDB: =============== DONE WITH MIGRATION ================ 40263.4
LDB: ============= START OF LOAD BALANCING ============== 40591.1
LDB: ============== END OF LOAD BALANCING =============== 40591.1
LDB: =============== DONE WITH MIGRATION ================ 40591.1
LDB: ============= START OF LOAD BALANCING ============== 40599.6
LDB: ============== END OF LOAD BALANCING =============== 40599.6
LDB: =============== DONE WITH MIGRATION ================ 40599.6
LDB: ============= START OF LOAD BALANCING ============== 40927.2
LDB: ============== END OF LOAD BALANCING =============== 40927.2
LDB: =============== DONE WITH MIGRATION ================ 40927.2
LDB: ============= START OF LOAD BALANCING ============== 40935.6
LDB: ============== END OF LOAD BALANCING =============== 40935.6
LDB: =============== DONE WITH MIGRATION ================ 40935.6
LDB: ============= START OF LOAD BALANCING ============== 41263.2
LDB: ============== END OF LOAD BALANCING =============== 41263.2
LDB: =============== DONE WITH MIGRATION ================ 41263.2
LDB: ============= START OF LOAD BALANCING ============== 41271.6
LDB: ============== END OF LOAD BALANCING =============== 41271.6
LDB: =============== DONE WITH MIGRATION ================ 41271.6
LDB: ============= START OF LOAD BALANCING ============== 41599.4
LDB: ============== END OF LOAD BALANCING =============== 41599.4
LDB: =============== DONE WITH MIGRATION ================ 41599.4
LDB: ============= START OF LOAD BALANCING ============== 41607.8
LDB: ============== END OF LOAD BALANCING =============== 41607.8
LDB: =============== DONE WITH MIGRATION ================ 41607.8
PRESSURE: 250000 623.099 -60.3389 -96.19 -60.3389 -98.5842 199.551 -96.19 199.551 462.45
GPRESSURE: 250000 532.317 -64.7431 -27.7802 -155.724 121.29 188.84 -64.1648 175.007 401.391
PRESSAVG: 250000 13.7212 -6.38005 -15.7057 -6.38005 74.9687 18.3255 -15.7057 18.3255 3.79835
GPRESSAVG: 250000 13.7969 -6.37769 -15.6397 -6.37077 75.0479 18.2684 -15.747 18.4688 3.80245
ENERGY:  250000      1545.5567      9038.1679      5712.2380        79.7196         -61130.9644     -1277.2022         0.0000         0.0000     18500.3168         -27532.1675       298.5915    -46032.4843    -27380.7954       297.2267            328.9882       351.6660    263970.9344        30.8294        30.8824

WRITING EXTENDED SYSTEM TO RESTART FILE AT STEP 250000
WRITING COORDINATES TO DCD FILE NPT.dcd AT STEP 250000
WRITING COORDINATES TO RESTART FILE AT STEP 250000
FINISHED WRITING RESTART COORDINATES
WRITING VELOCITIES TO RESTART FILE AT STEP 250000
FINISHED WRITING RESTART VELOCITIES
The last velocity output (seq=250000) takes 0.000 seconds, 685.381 MB of memory in use
LDB: ============= START OF LOAD BALANCING ============== 41935.5
LDB: ============== END OF LOAD BALANCING =============== 41935.5
LDB: =============== DONE WITH MIGRATION ================ 41935.5
LDB: ============= START OF LOAD BALANCING ============== 41944
LDB: ============== END OF LOAD BALANCING =============== 41944
LDB: =============== DONE WITH MIGRATION ================ 41944
LDB: ============= START OF LOAD BALANCING ============== 42272
LDB: ============== END OF LOAD BALANCING =============== 42272
LDB: =============== DONE WITH MIGRATION ================ 42272
LDB: ============= START OF LOAD BALANCING ============== 42280.4
LDB: ============== END OF LOAD BALANCING =============== 42280.4
LDB: =============== DONE WITH MIGRATION ================ 42280.4
LDB: ============= START OF LOAD BALANCING ============== 42607.8
LDB: ============== END OF LOAD BALANCING =============== 42607.8
LDB: =============== DONE WITH MIGRATION ================ 42607.8
LDB: ============= START OF LOAD BALANCING ============== 42616.2
LDB: ============== END OF LOAD BALANCING =============== 42616.2
LDB: =============== DONE WITH MIGRATION ================ 42616.2
LDB: ============= START OF LOAD BALANCING ============== 42943.1
LDB: ============== END OF LOAD BALANCING =============== 42943.1
LDB: =============== DONE WITH MIGRATION ================ 42943.1
LDB: ============= START OF LOAD BALANCING ============== 42951.5
LDB: ============== END OF LOAD BALANCING =============== 42951.5
LDB: =============== DONE WITH MIGRATION ================ 42951.5
LDB: ============= START OF LOAD BALANCING ============== 43278.9
LDB: ============== END OF LOAD BALANCING =============== 43278.9
LDB: =============== DONE WITH MIGRATION ================ 43278.9
LDB: ============= START OF LOAD BALANCING ============== 43287.3
LDB: ============== END OF LOAD BALANCING =============== 43287.3
LDB: =============== DONE WITH MIGRATION ================ 43287.3
PRESSURE: 260000 380.936 123.75 -131.254 123.75 579.823 -162.014 -131.254 -162.014 -234.07
GPRESSURE: 260000 477.082 -23.1125 -142.962 181.096 573.667 -134.354 -186.904 -75.6221 -288.962
PRESSAVG: 260000 -10.007 -1.83756 -1.20489 -1.83756 17.6669 -6.23541 -1.20489 -6.23541 -1.7072
GPRESSAVG: 260000 -10.0798 -1.78989 -1.17141 -1.82289 17.667 -6.24374 -1.15906 -6.15961 -1.73797
ENERGY:  260000      1557.6767      9036.3687      5667.9146        77.9079         -61347.2721     -1215.9361         0.0000         0.0000     18512.4636         -27710.8767       298.7875    -46223.3403    -27561.2664       296.0533            242.2297       253.9288    264714.2714         1.9842         1.9497

WRITING COORDINATES TO DCD FILE NPT.dcd AT STEP 260000
LDB: ============= START OF LOAD BALANCING ============== 43614.5
LDB: ============== END OF LOAD BALANCING =============== 43614.5
LDB: =============== DONE WITH MIGRATION ================ 43614.5
LDB: ============= START OF LOAD BALANCING ============== 43622.9
LDB: ============== END OF LOAD BALANCING =============== 43622.9
LDB: =============== DONE WITH MIGRATION ================ 43622.9
LDB: ============= START OF LOAD BALANCING ============== 43950.5
LDB: ============== END OF LOAD BALANCING =============== 43950.5
LDB: =============== DONE WITH MIGRATION ================ 43950.5
LDB: ============= START OF LOAD BALANCING ============== 43959
LDB: ============== END OF LOAD BALANCING =============== 43959
LDB: =============== DONE WITH MIGRATION ================ 43959
LDB: ============= START OF LOAD BALANCING ============== 44286.3
LDB: ============== END OF LOAD BALANCING =============== 44286.3
LDB: =============== DONE WITH MIGRATION ================ 44286.3
LDB: ============= START OF LOAD BALANCING ============== 44294.7
LDB: ============== END OF LOAD BALANCING =============== 44294.7
LDB: =============== DONE WITH MIGRATION ================ 44294.7
LDB: ============= START OF LOAD BALANCING ============== 44622
LDB: ============== END OF LOAD BALANCING =============== 44622
LDB: =============== DONE WITH MIGRATION ================ 44622
LDB: ============= START OF LOAD BALANCING ============== 44630.4
LDB: ============== END OF LOAD BALANCING =============== 44630.4
LDB: =============== DONE WITH MIGRATION ================ 44630.4
LDB: ============= START OF LOAD BALANCING ============== 44957.8
LDB: ============== END OF LOAD BALANCING =============== 44957.8
LDB: =============== DONE WITH MIGRATION ================ 44957.8
LDB: ============= START OF LOAD BALANCING ============== 44966.3
LDB: ============== END OF LOAD BALANCING =============== 44966.3
LDB: =============== DONE WITH MIGRATION ================ 44966.3
PRESSURE: 270000 -270.983 -200.216 -290.208 -200.216 -249.927 -39.5358 -290.208 -39.5358 -158.664
GPRESSURE: 270000 -305.474 -58.2597 -264.154 -230.986 -130.247 63.986 -207.435 103.711 -208.704
PRESSAVG: 270000 20.6356 13.2676 -17.481 13.2676 29.3613 -1.19242 -17.481 -1.19242 1.00465
GPRESSAVG: 270000 20.5887 13.3336 -17.4846 13.1537 29.3471 -1.14054 -17.4524 -1.32247 1.07887
ENERGY:  270000      1585.4688      9026.2597      5700.9343        61.3334         -60810.9581     -1467.1756         0.0000         0.0000     18279.0824         -27625.0551       295.0208    -45904.1375    -27480.4506       295.8354           -226.5247      -214.8083    266199.5094        17.0005        17.0049

WRITING COORDINATES TO DCD FILE NPT.dcd AT STEP 270000
LDB: ============= START OF LOAD BALANCING ============== 45293.6
LDB: ============== END OF LOAD BALANCING =============== 45293.6
LDB: =============== DONE WITH MIGRATION ================ 45293.6
LDB: ============= START OF LOAD BALANCING ============== 45302
LDB: ============== END OF LOAD BALANCING =============== 45302
LDB: =============== DONE WITH MIGRATION ================ 45302
LDB: ============= START OF LOAD BALANCING ============== 45629.4
LDB: ============== END OF LOAD BALANCING =============== 45629.4
LDB: =============== DONE WITH MIGRATION ================ 45629.4
LDB: ============= START OF LOAD BALANCING ============== 45637.8
LDB: ============== END OF LOAD BALANCING =============== 45637.8
LDB: =============== DONE WITH MIGRATION ================ 45637.8
LDB: ============= START OF LOAD BALANCING ============== 45965.4
LDB: ============== END OF LOAD BALANCING =============== 45965.4
LDB: =============== DONE WITH MIGRATION ================ 45965.4
LDB: ============= START OF LOAD BALANCING ============== 45973.8
LDB: ============== END OF LOAD BALANCING =============== 45973.8
LDB: =============== DONE WITH MIGRATION ================ 45973.8
LDB: ============= START OF LOAD BALANCING ============== 46301.4
LDB: ============== END OF LOAD BALANCING =============== 46301.4
LDB: =============== DONE WITH MIGRATION ================ 46301.4
LDB: ============= START OF LOAD BALANCING ============== 46309.8
LDB: ============== END OF LOAD BALANCING =============== 46309.8
LDB: =============== DONE WITH MIGRATION ================ 46309.8
LDB: ============= START OF LOAD BALANCING ============== 46637.3
LDB: ============== END OF LOAD BALANCING =============== 46637.3
LDB: =============== DONE WITH MIGRATION ================ 46637.3
LDB: ============= START OF LOAD BALANCING ============== 46645.7
LDB: ============== END OF LOAD BALANCING =============== 46645.7
LDB: =============== DONE WITH MIGRATION ================ 46645.7
PRESSURE: 280000 831.279 -151.539 208.748 -151.539 480.428 -21.6251 208.748 -21.6251 208.357
GPRESSURE: 280000 810.021 -275.988 84.8421 -143.236 604.168 -3.12767 180.359 -200.197 193.433
PRESSAVG: 280000 11.577 14.9059 1.81423 14.9059 -18.652 -12.6082 1.81423 -12.6082 -5.06162
GPRESSAVG: 280000 11.6023 14.7996 1.85333 14.9476 -18.6576 -12.6448 1.85008 -12.5344 -5.04271
ENERGY:  280000      1550.4353      9121.0455      5666.0776        75.2259         -61432.7435     -1092.4471         0.0000         0.0000     18409.0457         -27703.3606       297.1184    -46112.4063    -27550.4044       295.8122            506.6879       535.8742    265963.6512        -4.0455        -4.0327

WRITING COORDINATES TO DCD FILE NPT.dcd AT STEP 280000
LDB: ============= START OF LOAD BALANCING ============== 46972.6
LDB: ============== END OF LOAD BALANCING =============== 46972.6
LDB: =============== DONE WITH MIGRATION ================ 46972.6
LDB: ============= START OF LOAD BALANCING ============== 46981
LDB: ============== END OF LOAD BALANCING =============== 46981
LDB: =============== DONE WITH MIGRATION ================ 46981
LDB: ============= START OF LOAD BALANCING ============== 47308.1
LDB: ============== END OF LOAD BALANCING =============== 47308.1
LDB: =============== DONE WITH MIGRATION ================ 47308.1
LDB: ============= START OF LOAD BALANCING ============== 47316.4
LDB: ============== END OF LOAD BALANCING =============== 47316.4
LDB: =============== DONE WITH MIGRATION ================ 47316.4
LDB: ============= START OF LOAD BALANCING ============== 47643.5
LDB: ============== END OF LOAD BALANCING =============== 47643.5
LDB: =============== DONE WITH MIGRATION ================ 47643.5
LDB: ============= START OF LOAD BALANCING ============== 47651.9
LDB: ============== END OF LOAD BALANCING =============== 47651.9
LDB: =============== DONE WITH MIGRATION ================ 47651.9
LDB: ============= START OF LOAD BALANCING ============== 47979
LDB: ============== END OF LOAD BALANCING =============== 47979
LDB: =============== DONE WITH MIGRATION ================ 47979
LDB: ============= START OF LOAD BALANCING ============== 47987.4
LDB: ============== END OF LOAD BALANCING =============== 47987.4
LDB: =============== DONE WITH MIGRATION ================ 47987.4
LDB: ============= START OF LOAD BALANCING ============== 48314.2
LDB: ============== END OF LOAD BALANCING =============== 48314.2
LDB: =============== DONE WITH MIGRATION ================ 48314.2
LDB: ============= START OF LOAD BALANCING ============== 48322.6
LDB: ============== END OF LOAD BALANCING =============== 48322.6
LDB: =============== DONE WITH MIGRATION ================ 48322.6
PRESSURE: 290000 -436.917 -115.566 -304.615 -115.566 -603.259 326.677 -304.615 326.677 -178.533
GPRESSURE: 290000 -164.489 -41.802 -85.6527 -195.293 -570.891 542.322 -108.102 438.951 -404.737
PRESSAVG: 290000 -34.7528 7.0447 -6.69846 7.0447 -38.3555 8.58189 -6.69846 8.58189 0.770997
GPRESSAVG: 290000 -34.7505 7.0327 -6.65433 7.06959 -38.379 8.58647 -6.56847 8.59647 0.762218
ENERGY:  290000      1547.0859      9153.6024      5743.3209        68.5199         -60856.1126     -1471.6268         0.0000         0.0000     18397.7747         -27417.4355       296.9364    -45815.2103    -27268.8635       296.3525           -406.2362      -380.0389    266886.9779       -24.1124       -24.1224

WRITING COORDINATES TO DCD FILE NPT.dcd AT STEP 290000
LDB: ============= START OF LOAD BALANCING ============== 48649.4
LDB: ============== END OF LOAD BALANCING =============== 48649.4
LDB: =============== DONE WITH MIGRATION ================ 48649.4
LDB: ============= START OF LOAD BALANCING ============== 48657.8
LDB: ============== END OF LOAD BALANCING =============== 48657.8
LDB: =============== DONE WITH MIGRATION ================ 48657.8
LDB: ============= START OF LOAD BALANCING ============== 48984.3
LDB: ============== END OF LOAD BALANCING =============== 48984.3
LDB: =============== DONE WITH MIGRATION ================ 48984.3
LDB: ============= START OF LOAD BALANCING ============== 48992.6
LDB: ============== END OF LOAD BALANCING =============== 48992.6
LDB: =============== DONE WITH MIGRATION ================ 48992.6
LDB: ============= START OF LOAD BALANCING ============== 49318.9
LDB: ============== END OF LOAD BALANCING =============== 49318.9
LDB: =============== DONE WITH MIGRATION ================ 49318.9
LDB: ============= START OF LOAD BALANCING ============== 49327.3
LDB: ============== END OF LOAD BALANCING =============== 49327.3
LDB: =============== DONE WITH MIGRATION ================ 49327.3
LDB: ============= START OF LOAD BALANCING ============== 49654.3
LDB: ============== END OF LOAD BALANCING =============== 49654.3
LDB: =============== DONE WITH MIGRATION ================ 49654.3
LDB: ============= START OF LOAD BALANCING ============== 49662.6
LDB: ============== END OF LOAD BALANCING =============== 49662.6
LDB: =============== DONE WITH MIGRATION ================ 49662.6
LDB: ============= START OF LOAD BALANCING ============== 49990.6
LDB: ============== END OF LOAD BALANCING =============== 49990.6
LDB: =============== DONE WITH MIGRATION ================ 49990.6
LDB: ============= START OF LOAD BALANCING ============== 49999
LDB: ============== END OF LOAD BALANCING =============== 49999
LDB: =============== DONE WITH MIGRATION ================ 49999
PRESSURE: 300000 170.989 87.5773 325.047 87.5773 -185.375 -112.548 325.047 -112.548 -13.1591
GPRESSURE: 300000 104.264 187.227 352.472 -26.1299 -177.119 -171.101 558.839 -169.641 100.544
PRESSAVG: 300000 -2.8556 -9.69078 22.3822 -9.69078 -60.583 0.610849 22.3822 0.610849 3.74765
GPRESSAVG: 300000 -3.03616 -9.815 22.4263 -9.65143 -60.506 0.597023 22.2483 0.586807 3.84988
TIMING: 300000  CPU: 50275.1, 0.16789/step  Wall: 50276, 0.167893/step, 32.6458 hours remaining, 685.380939 MB of memory in use.
PERFORMANCE: 300000  averaging 1.03112 ns/day, 0.167585 sec/step with standard deviation 0.000305991
ETITLE:      TS           BOND          ANGLE          DIHED          IMPRP               ELECT            VDW       BOUNDARY           MISC        KINETIC               TOTAL           TEMP      POTENTIAL         TOTAL3        TEMPAVG            PRESSURE      GPRESSURE         VOLUME       PRESSAVG      GPRESSAVG

ENERGY:  300000      1527.7568      9139.6614      5725.1714        74.5163         -61104.3484     -1228.5332         0.0000         0.0000     18403.7097         -27462.0659       297.0322    -45865.7756    -27312.4086       296.2503             -9.1818         9.2296    264807.2888       -19.8970       -19.8974

WRITING EXTENDED SYSTEM TO RESTART FILE AT STEP 300000
WRITING COORDINATES TO DCD FILE NPT.dcd AT STEP 300000
WRITING COORDINATES TO RESTART FILE AT STEP 300000
FINISHED WRITING RESTART COORDINATES
WRITING VELOCITIES TO RESTART FILE AT STEP 300000
FINISHED WRITING RESTART VELOCITIES
LDB: ============= START OF LOAD BALANCING ============== 50326.1
LDB: ============== END OF LOAD BALANCING =============== 50326.1
LDB: =============== DONE WITH MIGRATION ================ 50326.1
LDB: ============= START OF LOAD BALANCING ============== 50334.5
LDB: ============== END OF LOAD BALANCING =============== 50334.5
LDB: =============== DONE WITH MIGRATION ================ 50334.5
LDB: ============= START OF LOAD BALANCING ============== 50661.7
LDB: ============== END OF LOAD BALANCING =============== 50661.7
LDB: =============== DONE WITH MIGRATION ================ 50661.7
LDB: ============= START OF LOAD BALANCING ============== 50670.1
LDB: ============== END OF LOAD BALANCING =============== 50670.1
LDB: =============== DONE WITH MIGRATION ================ 50670.1
LDB: ============= START OF LOAD BALANCING ============== 50997.1
LDB: ============== END OF LOAD BALANCING =============== 50997.1
LDB: =============== DONE WITH MIGRATION ================ 50997.1
LDB: ============= START OF LOAD BALANCING ============== 51005.5
LDB: ============== END OF LOAD BALANCING =============== 51005.5
LDB: =============== DONE WITH MIGRATION ================ 51005.5
LDB: ============= START OF LOAD BALANCING ============== 51331.8
LDB: ============== END OF LOAD BALANCING =============== 51331.8
LDB: =============== DONE WITH MIGRATION ================ 51331.8
LDB: ============= START OF LOAD BALANCING ============== 51340.2
LDB: ============== END OF LOAD BALANCING =============== 51340.2
LDB: =============== DONE WITH MIGRATION ================ 51340.2
LDB: ============= START OF LOAD BALANCING ============== 51667
LDB: ============== END OF LOAD BALANCING =============== 51667
LDB: =============== DONE WITH MIGRATION ================ 51667
LDB: ============= START OF LOAD BALANCING ============== 51675.4
LDB: ============== END OF LOAD BALANCING =============== 51675.4
LDB: =============== DONE WITH MIGRATION ================ 51675.4
PRESSURE: 310000 649.5 105.375 -283.482 105.375 434.862 242.367 -283.482 242.367 29.9317
GPRESSURE: 310000 567.035 334.526 -183.543 50.8974 379.427 306.355 -151.98 225.552 188.462
PRESSAVG: 310000 24.7178 17.0979 -4.10889 17.0979 20.4498 -7.86439 -4.10889 -7.86439 -2.4872
GPRESSAVG: 310000 24.8808 17.1795 -4.1029 17.1125 20.4152 -7.91677 -4.05361 -7.90787 -2.46281
ENERGY:  310000      1554.1593      8997.2035      5714.0074        77.0153         -61012.7315     -1134.8792         0.0000         0.0000     18340.4830         -27464.7422       296.0118    -45805.2252    -27313.1693       296.8606            371.4312       378.3083    265417.4111        14.2268        14.2777

WRITING COORDINATES TO DCD FILE NPT.dcd AT STEP 310000
LDB: ============= START OF LOAD BALANCING ============== 52002.1
LDB: ============== END OF LOAD BALANCING =============== 52002.1
LDB: =============== DONE WITH MIGRATION ================ 52002.1
LDB: ============= START OF LOAD BALANCING ============== 52010.4
LDB: ============== END OF LOAD BALANCING =============== 52010.4
LDB: =============== DONE WITH MIGRATION ================ 52010.4
LDB: ============= START OF LOAD BALANCING ============== 52337.5
LDB: ============== END OF LOAD BALANCING =============== 52337.5
LDB: =============== DONE WITH MIGRATION ================ 52337.5
LDB: ============= START OF LOAD BALANCING ============== 52345.9
LDB: ============== END OF LOAD BALANCING =============== 52345.9
LDB: =============== DONE WITH MIGRATION ================ 52345.9
LDB: ============= START OF LOAD BALANCING ============== 52673.8
LDB: ============== END OF LOAD BALANCING =============== 52673.8
LDB: =============== DONE WITH MIGRATION ================ 52673.8
LDB: ============= START OF LOAD BALANCING ============== 52682.2
LDB: ============== END OF LOAD BALANCING =============== 52682.2
LDB: =============== DONE WITH MIGRATION ================ 52682.2
LDB: ============= START OF LOAD BALANCING ============== 53009.9
LDB: ============== END OF LOAD BALANCING =============== 53009.9
LDB: =============== DONE WITH MIGRATION ================ 53009.9
LDB: ============= START OF LOAD BALANCING ============== 53018.4
LDB: ============== END OF LOAD BALANCING =============== 53018.4
LDB: =============== DONE WITH MIGRATION ================ 53018.4
LDB: ============= START OF LOAD BALANCING ============== 53345.6
LDB: ============== END OF LOAD BALANCING =============== 53345.6
LDB: =============== DONE WITH MIGRATION ================ 53345.6
LDB: ============= START OF LOAD BALANCING ============== 53354
LDB: ============== END OF LOAD BALANCING =============== 53354
LDB: =============== DONE WITH MIGRATION ================ 53354
PRESSURE: 320000 -370.349 -71.7947 -16.7908 -71.7947 -349.342 151.612 -16.7908 151.612 -694.034
GPRESSURE: 320000 -326.161 -16.6869 -135.328 46.9876 -274.24 227.2 47.0919 -59.2171 -744.414
PRESSAVG: 320000 36.3375 34.9778 0.597232 34.9778 25.9081 2.4311 0.597232 2.4311 -0.453506
GPRESSAVG: 320000 36.3913 34.8935 0.502354 34.8952 25.9013 2.41999 0.650924 2.50774 -0.501111
ENERGY:  320000      1533.0471      9056.0312      5762.1881        67.7733         -61037.1561     -1384.3624         0.0000         0.0000     18497.6223         -27504.8564       298.5480    -46002.4788    -27356.3053       296.1762           -471.2417      -448.2719    264997.8098        20.5974        20.5972

WRITING COORDINATES TO DCD FILE NPT.dcd AT STEP 320000
LDB: ============= START OF LOAD BALANCING ============== 53681.3
LDB: ============== END OF LOAD BALANCING =============== 53681.3
LDB: =============== DONE WITH MIGRATION ================ 53681.3
LDB: ============= START OF LOAD BALANCING ============== 53689.7
LDB: ============== END OF LOAD BALANCING =============== 53689.7
LDB: =============== DONE WITH MIGRATION ================ 53689.7
LDB: ============= START OF LOAD BALANCING ============== 54017.2
LDB: ============== END OF LOAD BALANCING =============== 54017.2
LDB: =============== DONE WITH MIGRATION ================ 54017.2
LDB: ============= START OF LOAD BALANCING ============== 54025.6
LDB: ============== END OF LOAD BALANCING =============== 54025.6
LDB: =============== DONE WITH MIGRATION ================ 54025.6
LDB: ============= START OF LOAD BALANCING ============== 54352.5
LDB: ============== END OF LOAD BALANCING =============== 54352.5
LDB: =============== DONE WITH MIGRATION ================ 54352.5
LDB: ============= START OF LOAD BALANCING ============== 54360.9
LDB: ============== END OF LOAD BALANCING =============== 54360.9
LDB: =============== DONE WITH MIGRATION ================ 54360.9
LDB: ============= START OF LOAD BALANCING ============== 54687.9
LDB: ============== END OF LOAD BALANCING =============== 54687.9
LDB: =============== DONE WITH MIGRATION ================ 54687.9
LDB: ============= START OF LOAD BALANCING ============== 54696.3
LDB: ============== END OF LOAD BALANCING =============== 54696.3
LDB: =============== DONE WITH MIGRATION ================ 54696.3
LDB: ============= START OF LOAD BALANCING ============== 55023.2
LDB: ============== END OF LOAD BALANCING =============== 55023.2
LDB: =============== DONE WITH MIGRATION ================ 55023.2
LDB: ============= START OF LOAD BALANCING ============== 55031.6
LDB: ============== END OF LOAD BALANCING =============== 55031.6
LDB: =============== DONE WITH MIGRATION ================ 55031.6
PRESSURE: 330000 -95.9858 19.8299 441.319 19.8299 313.522 -258.857 441.319 -258.857 367.637
GPRESSURE: 330000 -87.9446 -51.3672 384.619 21.5437 372.792 -169.224 551.983 -431.376 375.535
PRESSAVG: 330000 -34.7769 23.6942 -7.60638 23.6942 -3.60575 -1.48454 -7.60638 -1.48454 1.90654
GPRESSAVG: 330000 -34.8475 23.6589 -7.57039 23.6974 -3.5167 -1.5006 -7.5946 -1.48442 1.94915
ENERGY:  330000      1565.3534      9046.7526      5686.5506        74.2222         -61108.7193     -1201.9526         0.0000         0.0000     18527.9888         -27409.8043       299.0381    -45937.7930    -27258.9835       296.5167            195.0580       220.1274    265434.2641       -12.1587       -12.1383

WRITING COORDINATES TO DCD FILE NPT.dcd AT STEP 330000
LDB: ============= START OF LOAD BALANCING ============== 55358.2
LDB: ============== END OF LOAD BALANCING =============== 55358.2
LDB: =============== DONE WITH MIGRATION ================ 55358.2
LDB: ============= START OF LOAD BALANCING ============== 55366.6
LDB: ============== END OF LOAD BALANCING =============== 55366.6
LDB: =============== DONE WITH MIGRATION ================ 55366.6
LDB: ============= START OF LOAD BALANCING ============== 55693.8
LDB: ============== END OF LOAD BALANCING =============== 55693.8
LDB: =============== DONE WITH MIGRATION ================ 55693.8
LDB: ============= START OF LOAD BALANCING ============== 55702.2
LDB: ============== END OF LOAD BALANCING =============== 55702.2
LDB: =============== DONE WITH MIGRATION ================ 55702.2
LDB: ============= START OF LOAD BALANCING ============== 56029.5
LDB: ============== END OF LOAD BALANCING =============== 56029.5
LDB: =============== DONE WITH MIGRATION ================ 56029.5
LDB: ============= START OF LOAD BALANCING ============== 56037.9
LDB: ============== END OF LOAD BALANCING =============== 56037.9
LDB: =============== DONE WITH MIGRATION ================ 56037.9
LDB: ============= START OF LOAD BALANCING ============== 56365.3
LDB: ============== END OF LOAD BALANCING =============== 56365.3
LDB: =============== DONE WITH MIGRATION ================ 56365.3
LDB: ============= START OF LOAD BALANCING ============== 56373.8
LDB: ============== END OF LOAD BALANCING =============== 56373.8
LDB: =============== DONE WITH MIGRATION ================ 56373.8
LDB: ============= START OF LOAD BALANCING ============== 56701.2
LDB: ============== END OF LOAD BALANCING =============== 56701.2
LDB: =============== DONE WITH MIGRATION ================ 56701.2
LDB: ============= START OF LOAD BALANCING ============== 56709.6
LDB: ============== END OF LOAD BALANCING =============== 56709.6
LDB: =============== DONE WITH MIGRATION ================ 56709.6
PRESSURE: 340000 -87.8953 83.5314 -387.98 83.5314 22.9295 -146.637 -387.98 -146.637 109.563
GPRESSURE: 340000 -174.96 148.225 -314.024 98.9204 245.252 -260.171 -481.554 73.4816 80.7039
PRESSAVG: 340000 -19.2811 14.334 -11.2408 14.334 8.53851 3.28976 -11.2408 3.28976 -0.0319596
GPRESSAVG: 340000 -19.3403 14.2217 -11.1574 14.426 8.48919 3.28349 -11.2044 3.31349 -0.170103
ENERGY:  340000      1542.9663      9112.1141      5666.5118        63.9667         -61079.7186     -1326.8847         0.0000         0.0000     18317.9317         -27703.1126       295.6478    -46021.0443    -27552.1676       296.6384             14.8656        50.3321    265458.3833        -3.5915        -3.6737

WRITING COORDINATES TO DCD FILE NPT.dcd AT STEP 340000
LDB: ============= START OF LOAD BALANCING ============== 57037.1
LDB: ============== END OF LOAD BALANCING =============== 57037.1
LDB: =============== DONE WITH MIGRATION ================ 57037.1
LDB: ============= START OF LOAD BALANCING ============== 57045.5
LDB: ============== END OF LOAD BALANCING =============== 57045.5
LDB: =============== DONE WITH MIGRATION ================ 57045.5
LDB: ============= START OF LOAD BALANCING ============== 57373.2
LDB: ============== END OF LOAD BALANCING =============== 57373.2
LDB: =============== DONE WITH MIGRATION ================ 57373.2
LDB: ============= START OF LOAD BALANCING ============== 57381.6
LDB: ============== END OF LOAD BALANCING =============== 57381.6
LDB: =============== DONE WITH MIGRATION ================ 57381.6
LDB: ============= START OF LOAD BALANCING ============== 57709.8
LDB: ============== END OF LOAD BALANCING =============== 57709.8
LDB: =============== DONE WITH MIGRATION ================ 57709.8
LDB: ============= START OF LOAD BALANCING ============== 57718.2
LDB: ============== END OF LOAD BALANCING =============== 57718.2
LDB: =============== DONE WITH MIGRATION ================ 57718.2
LDB: ============= START OF LOAD BALANCING ============== 58045.5
LDB: ============== END OF LOAD BALANCING =============== 58045.5
LDB: =============== DONE WITH MIGRATION ================ 58045.5
LDB: ============= START OF LOAD BALANCING ============== 58053.9
LDB: ============== END OF LOAD BALANCING =============== 58053.9
LDB: =============== DONE WITH MIGRATION ================ 58053.9
LDB: ============= START OF LOAD BALANCING ============== 58380.8
LDB: ============== END OF LOAD BALANCING =============== 58380.8
LDB: =============== DONE WITH MIGRATION ================ 58380.8
LDB: ============= START OF LOAD BALANCING ============== 58389.2
LDB: ============== END OF LOAD BALANCING =============== 58389.2
LDB: =============== DONE WITH MIGRATION ================ 58389.2
PRESSURE: 350000 -139.331 436.851 -394.799 436.851 -225.133 465.635 -394.799 465.635 137.295
GPRESSURE: 350000 -134.361 428.617 -213.969 263.508 -207.906 494.101 -195.422 392.143 215.048
PRESSAVG: 350000 -19.8436 18.6988 -6.79582 18.6988 -14.1018 13.0394 -6.79582 13.0394 -1.82186
GPRESSAVG: 350000 -19.8296 18.7073 -6.75353 18.5853 -14.1483 13.0051 -6.85304 13.0786 -1.81202
ENERGY:  350000      1500.6566      8956.6791      5735.7171        68.1820         -61013.3900     -1252.2470         0.0000         0.0000     18322.4842         -27681.9180       295.7213    -46004.4022    -27534.8950       297.3077            -75.7230       -42.4064    265781.0464       -11.9224       -11.9300

WRITING EXTENDED SYSTEM TO RESTART FILE AT STEP 350000
WRITING COORDINATES TO DCD FILE NPT.dcd AT STEP 350000
WRITING COORDINATES TO RESTART FILE AT STEP 350000
FINISHED WRITING RESTART COORDINATES
WRITING VELOCITIES TO RESTART FILE AT STEP 350000
FINISHED WRITING RESTART VELOCITIES
LDB: ============= START OF LOAD BALANCING ============== 58716.7
LDB: ============== END OF LOAD BALANCING =============== 58716.7
LDB: =============== DONE WITH MIGRATION ================ 58716.7
LDB: ============= START OF LOAD BALANCING ============== 58725.2
LDB: ============== END OF LOAD BALANCING =============== 58725.2
LDB: =============== DONE WITH MIGRATION ================ 58725.2
LDB: ============= START OF LOAD BALANCING ============== 59052.7
LDB: ============== END OF LOAD BALANCING =============== 59052.7
LDB: =============== DONE WITH MIGRATION ================ 59052.7
LDB: ============= START OF LOAD BALANCING ============== 59061.1
LDB: ============== END OF LOAD BALANCING =============== 59061.1
LDB: =============== DONE WITH MIGRATION ================ 59061.1
LDB: ============= START OF LOAD BALANCING ============== 59388.3
LDB: ============== END OF LOAD BALANCING =============== 59388.3
LDB: =============== DONE WITH MIGRATION ================ 59388.3
LDB: ============= START OF LOAD BALANCING ============== 59396.6
LDB: ============== END OF LOAD BALANCING =============== 59396.6
LDB: =============== DONE WITH MIGRATION ================ 59396.6
LDB: ============= START OF LOAD BALANCING ============== 59723.9
LDB: ============== END OF LOAD BALANCING =============== 59723.9
LDB: =============== DONE WITH MIGRATION ================ 59723.9
LDB: ============= START OF LOAD BALANCING ============== 59732.3
LDB: ============== END OF LOAD BALANCING =============== 59732.3
LDB: =============== DONE WITH MIGRATION ================ 59732.3
LDB: ============= START OF LOAD BALANCING ============== 60059.7
LDB: ============== END OF LOAD BALANCING =============== 60059.7
LDB: =============== DONE WITH MIGRATION ================ 60059.7
LDB: ============= START OF LOAD BALANCING ============== 60068.1
LDB: ============== END OF LOAD BALANCING =============== 60068.1
LDB: =============== DONE WITH MIGRATION ================ 60068.1
PRESSURE: 360000 -49.8196 168.557 215.505 168.557 154.477 -483.436 215.505 -483.436 284.584
GPRESSURE: 360000 -107.735 59.6305 138.939 86.3864 370.134 -360.156 382.48 -511.437 199.499
PRESSAVG: 360000 5.64155 6.0187 -10.5831 6.0187 6.89914 21.4996 -10.5831 21.4996 0.14522
GPRESSAVG: 360000 5.56695 5.96482 -10.6517 5.99259 6.95777 21.4671 -10.5578 21.4761 0.0470135
ENERGY:  360000      1533.7367      9100.3378      5696.8500        69.9330         -60940.5533     -1390.7776         0.0000         0.0000     18413.7525         -27516.7210       297.1943    -45930.4735    -27371.1814       296.4196            129.7469       153.9657    265785.0911         4.2286         4.1906

WRITING COORDINATES TO DCD FILE NPT.dcd AT STEP 360000
LDB: ============= START OF LOAD BALANCING ============== 60395.8
LDB: ============== END OF LOAD BALANCING =============== 60395.8
LDB: =============== DONE WITH MIGRATION ================ 60395.8
LDB: ============= START OF LOAD BALANCING ============== 60404.2
LDB: ============== END OF LOAD BALANCING =============== 60404.2
LDB: =============== DONE WITH MIGRATION ================ 60404.2
LDB: ============= START OF LOAD BALANCING ============== 60731.2
LDB: ============== END OF LOAD BALANCING =============== 60731.2
LDB: =============== DONE WITH MIGRATION ================ 60731.2
LDB: ============= START OF LOAD BALANCING ============== 60739.5
LDB: ============== END OF LOAD BALANCING =============== 60739.5
LDB: =============== DONE WITH MIGRATION ================ 60739.5
LDB: ============= START OF LOAD BALANCING ============== 61067.2
LDB: ============== END OF LOAD BALANCING =============== 61067.2
LDB: =============== DONE WITH MIGRATION ================ 61067.2
LDB: ============= START OF LOAD BALANCING ============== 61075.6
LDB: ============== END OF LOAD BALANCING =============== 61075.6
LDB: =============== DONE WITH MIGRATION ================ 61075.6
LDB: ============= START OF LOAD BALANCING ============== 61403.1
LDB: ============== END OF LOAD BALANCING =============== 61403.1
LDB: =============== DONE WITH MIGRATION ================ 61403.1
LDB: ============= START OF LOAD BALANCING ============== 61411.5
LDB: ============== END OF LOAD BALANCING =============== 61411.5
LDB: =============== DONE WITH MIGRATION ================ 61411.5
LDB: ============= START OF LOAD BALANCING ============== 61739
LDB: ============== END OF LOAD BALANCING =============== 61739
LDB: =============== DONE WITH MIGRATION ================ 61739
LDB: ============= START OF LOAD BALANCING ============== 61747.4
LDB: ============== END OF LOAD BALANCING =============== 61747.4
LDB: =============== DONE WITH MIGRATION ================ 61747.4
PRESSURE: 370000 128.395 386.557 -292.213 386.557 53.8395 119.43 -292.213 119.43 41.3344
GPRESSURE: 370000 148.493 474.797 -187.898 164.572 53.889 92.3298 -200.689 135.544 70.8737
PRESSAVG: 370000 -14.7789 11.907 -10.7936 11.907 15.092 -15.8089 -10.7936 -15.8089 0.0139315
GPRESSAVG: 370000 -14.7746 11.9564 -10.6723 11.9249 15.0351 -15.8137 -10.8074 -15.8881 0.100148
ENERGY:  370000      1565.6615      9190.2470      5692.8729        72.9065         -61029.8966     -1331.8902         0.0000         0.0000     18414.6054         -27425.4935       297.2081    -45840.0990    -27284.0037       296.8013             74.5229        91.0851    264824.4243         0.1090         0.1202

WRITING COORDINATES TO DCD FILE NPT.dcd AT STEP 370000
LDB: ============= START OF LOAD BALANCING ============== 62074.2
LDB: ============== END OF LOAD BALANCING =============== 62074.2
LDB: =============== DONE WITH MIGRATION ================ 62074.2
LDB: ============= START OF LOAD BALANCING ============== 62082.6
LDB: ============== END OF LOAD BALANCING =============== 62082.6
LDB: =============== DONE WITH MIGRATION ================ 62082.6
LDB: ============= START OF LOAD BALANCING ============== 62410
LDB: ============== END OF LOAD BALANCING =============== 62410
LDB: =============== DONE WITH MIGRATION ================ 62410
LDB: ============= START OF LOAD BALANCING ============== 62418.3
LDB: ============== END OF LOAD BALANCING =============== 62418.3
LDB: =============== DONE WITH MIGRATION ================ 62418.3
LDB: ============= START OF LOAD BALANCING ============== 62745.7
LDB: ============== END OF LOAD BALANCING =============== 62745.7
LDB: =============== DONE WITH MIGRATION ================ 62745.7
LDB: ============= START OF LOAD BALANCING ============== 62754.1
LDB: ============== END OF LOAD BALANCING =============== 62754.1
LDB: =============== DONE WITH MIGRATION ================ 62754.1
LDB: ============= START OF LOAD BALANCING ============== 63081
LDB: ============== END OF LOAD BALANCING =============== 63081
LDB: =============== DONE WITH MIGRATION ================ 63081
LDB: ============= START OF LOAD BALANCING ============== 63089.4
LDB: ============== END OF LOAD BALANCING =============== 63089.4
LDB: =============== DONE WITH MIGRATION ================ 63089.4
LDB: ============= START OF LOAD BALANCING ============== 63416.8
LDB: ============== END OF LOAD BALANCING =============== 63416.8
LDB: =============== DONE WITH MIGRATION ================ 63416.8
LDB: ============= START OF LOAD BALANCING ============== 63425.2
LDB: ============== END OF LOAD BALANCING =============== 63425.2
LDB: =============== DONE WITH MIGRATION ================ 63425.2
PRESSURE: 380000 -233.458 385.073 -43.6964 385.073 -540.256 193.911 -43.6964 193.911 -670.313
GPRESSURE: 380000 -239.135 284.055 57.3322 147.313 -572.424 168.263 -238.54 231.643 -583.773
PRESSAVG: 380000 -35.0278 32.6107 -10.7848 32.6107 -31.2707 30.9851 -10.7848 30.9851 -1.5055
GPRESSAVG: 380000 -35.1157 32.5919 -10.7956 32.5566 -31.3023 30.948 -10.8056 30.9607 -1.49279
ENERGY:  380000      1553.2659      9166.0305      5674.7804        77.9376         -61025.7506     -1220.1402         0.0000         0.0000     18362.3834         -27411.4931       296.3652    -45773.8764    -27267.7882       295.9246           -481.3425      -465.1108    265791.8040       -22.6013       -22.6369

WRITING COORDINATES TO DCD FILE NPT.dcd AT STEP 380000
LDB: ============= START OF LOAD BALANCING ============== 63752.7
LDB: ============== END OF LOAD BALANCING =============== 63752.7
LDB: =============== DONE WITH MIGRATION ================ 63752.7
LDB: ============= START OF LOAD BALANCING ============== 63761.1
LDB: ============== END OF LOAD BALANCING =============== 63761.1
LDB: =============== DONE WITH MIGRATION ================ 63761.1
LDB: ============= START OF LOAD BALANCING ============== 64089
LDB: ============== END OF LOAD BALANCING =============== 64089
LDB: =============== DONE WITH MIGRATION ================ 64089
LDB: ============= START OF LOAD BALANCING ============== 64097.4
LDB: ============== END OF LOAD BALANCING =============== 64097.4
LDB: =============== DONE WITH MIGRATION ================ 64097.4
LDB: ============= START OF LOAD BALANCING ============== 64425
LDB: ============== END OF LOAD BALANCING =============== 64425
LDB: =============== DONE WITH MIGRATION ================ 64425
LDB: ============= START OF LOAD BALANCING ============== 64433.4
LDB: ============== END OF LOAD BALANCING =============== 64433.4
LDB: =============== DONE WITH MIGRATION ================ 64433.4
LDB: ============= START OF LOAD BALANCING ============== 64760.5
LDB: ============== END OF LOAD BALANCING =============== 64760.5
LDB: =============== DONE WITH MIGRATION ================ 64760.5
LDB: ============= START OF LOAD BALANCING ============== 64769
LDB: ============== END OF LOAD BALANCING =============== 64769
LDB: =============== DONE WITH MIGRATION ================ 64769
LDB: ============= START OF LOAD BALANCING ============== 65096.1
LDB: ============== END OF LOAD BALANCING =============== 65096.1
LDB: =============== DONE WITH MIGRATION ================ 65096.1
LDB: ============= START OF LOAD BALANCING ============== 65104.5
LDB: ============== END OF LOAD BALANCING =============== 65104.5
LDB: =============== DONE WITH MIGRATION ================ 65104.5
PRESSURE: 390000 -125.452 292.531 200.815 292.531 -300.392 169.766 200.815 169.766 887.663
GPRESSURE: 390000 -110.295 218.259 14.864 265.91 -163.296 48.9363 207.875 198.331 764.46
PRESSAVG: 390000 -42.3759 5.99101 20.3493 5.99101 26.3804 28.1182 20.3493 28.1182 2.02081
GPRESSAVG: 390000 -42.3308 5.95188 20.3448 6.02396 26.536 28.0768 20.2634 28.1607 2.05617
ENERGY:  390000      1494.1602      9121.1803      5682.4097        76.9515         -61289.1157     -1169.8315         0.0000         0.0000     18317.3861         -27766.8594       295.6390    -46084.2455    -27615.7906       296.4937            153.9399       163.6228    265385.2285        -4.6582        -4.5795

WRITING COORDINATES TO DCD FILE NPT.dcd AT STEP 390000
LDB: ============= START OF LOAD BALANCING ============== 65431.7
LDB: ============== END OF LOAD BALANCING =============== 65431.7
LDB: =============== DONE WITH MIGRATION ================ 65431.7
LDB: ============= START OF LOAD BALANCING ============== 65440.1
LDB: ============== END OF LOAD BALANCING =============== 65440.1
LDB: =============== DONE WITH MIGRATION ================ 65440.1
LDB: ============= START OF LOAD BALANCING ============== 65767.3
LDB: ============== END OF LOAD BALANCING =============== 65767.3
LDB: =============== DONE WITH MIGRATION ================ 65767.3
LDB: ============= START OF LOAD BALANCING ============== 65775.7
LDB: ============== END OF LOAD BALANCING =============== 65775.7
LDB: =============== DONE WITH MIGRATION ================ 65775.7
LDB: ============= START OF LOAD BALANCING ============== 66102.8
LDB: ============== END OF LOAD BALANCING =============== 66102.8
LDB: =============== DONE WITH MIGRATION ================ 66102.8
LDB: ============= START OF LOAD BALANCING ============== 66111.2
LDB: ============== END OF LOAD BALANCING =============== 66111.2
LDB: =============== DONE WITH MIGRATION ================ 66111.2
LDB: ============= START OF LOAD BALANCING ============== 66439
LDB: ============== END OF LOAD BALANCING =============== 66439
LDB: =============== DONE WITH MIGRATION ================ 66439
LDB: ============= START OF LOAD BALANCING ============== 66447.4
LDB: ============== END OF LOAD BALANCING =============== 66447.4
LDB: =============== DONE WITH MIGRATION ================ 66447.4
LDB: ============= START OF LOAD BALANCING ============== 66775.3
LDB: ============== END OF LOAD BALANCING =============== 66775.3
LDB: =============== DONE WITH MIGRATION ================ 66775.3
LDB: ============= START OF LOAD BALANCING ============== 66783.7
LDB: ============== END OF LOAD BALANCING =============== 66783.7
LDB: =============== DONE WITH MIGRATION ================ 66783.7
PRESSURE: 400000 518.407 234.624 -476.252 234.624 -69.0938 -226.577 -476.252 -226.577 202.342
GPRESSURE: 400000 321.471 -11.5304 -321.707 103.915 145.635 -167.385 -388.347 -300.114 288.338
PRESSAVG: 400000 -26.4387 -2.40113 6.6528 -2.40113 4.38855 -10.3581 6.6528 -10.3581 6.83358
GPRESSAVG: 400000 -26.4214 -2.35126 6.67287 -2.41281 4.33114 -10.294 6.63383 -10.4777 6.82764
TIMING: 400000  CPU: 67060.1, 0.16785/step  Wall: 67061.3, 0.167853/step, 27.9756 hours remaining, 685.380939 MB of memory in use.
PERFORMANCE: 400000  averaging 1.0307 ns/day, 0.167652 sec/step with standard deviation 0.00028356
ETITLE:      TS           BOND          ANGLE          DIHED          IMPRP               ELECT            VDW       BOUNDARY           MISC        KINETIC               TOTAL           TEMP      POTENTIAL         TOTAL3        TEMPAVG            PRESSURE      GPRESSURE         VOLUME       PRESSAVG      GPRESSAVG

ENERGY:  400000      1509.3446      9095.5122      5718.2876        73.1666         -61311.2883     -1282.8129         0.0000         0.0000     18445.4929         -27752.2972       297.7066    -46197.7901    -27602.2709       295.8115            217.2182       251.8146    265441.8320        -5.0722        -5.0876

WRITING EXTENDED SYSTEM TO RESTART FILE AT STEP 400000
WRITING COORDINATES TO DCD FILE NPT.dcd AT STEP 400000
WRITING COORDINATES TO RESTART FILE AT STEP 400000
FINISHED WRITING RESTART COORDINATES
WRITING VELOCITIES TO RESTART FILE AT STEP 400000
FINISHED WRITING RESTART VELOCITIES
LDB: ============= START OF LOAD BALANCING ============== 67111.4
LDB: ============== END OF LOAD BALANCING =============== 67111.4
LDB: =============== DONE WITH MIGRATION ================ 67111.4
LDB: ============= START OF LOAD BALANCING ============== 67119.8
LDB: ============== END OF LOAD BALANCING =============== 67119.8
LDB: =============== DONE WITH MIGRATION ================ 67119.8
LDB: ============= START OF LOAD BALANCING ============== 67447.4
LDB: ============== END OF LOAD BALANCING =============== 67447.4
LDB: =============== DONE WITH MIGRATION ================ 67447.4
LDB: ============= START OF LOAD BALANCING ============== 67455.8
LDB: ============== END OF LOAD BALANCING =============== 67455.8
LDB: =============== DONE WITH MIGRATION ================ 67455.8
LDB: ============= START OF LOAD BALANCING ============== 67782.9
LDB: ============== END OF LOAD BALANCING =============== 67782.9
LDB: =============== DONE WITH MIGRATION ================ 67782.9
LDB: ============= START OF LOAD BALANCING ============== 67791.3
LDB: ============== END OF LOAD BALANCING =============== 67791.3
LDB: =============== DONE WITH MIGRATION ================ 67791.3
LDB: ============= START OF LOAD BALANCING ============== 68118.1
LDB: ============== END OF LOAD BALANCING =============== 68118.1
LDB: =============== DONE WITH MIGRATION ================ 68118.1
LDB: ============= START OF LOAD BALANCING ============== 68126.5
LDB: ============== END OF LOAD BALANCING =============== 68126.5
LDB: =============== DONE WITH MIGRATION ================ 68126.5
LDB: ============= START OF LOAD BALANCING ============== 68454.1
LDB: ============== END OF LOAD BALANCING =============== 68454.1
LDB: =============== DONE WITH MIGRATION ================ 68454.1
LDB: ============= START OF LOAD BALANCING ============== 68462.6
LDB: ============== END OF LOAD BALANCING =============== 68462.6
LDB: =============== DONE WITH MIGRATION ================ 68462.6
PRESSURE: 410000 21.9438 -262.145 -332.405 -262.145 140.996 -354.383 -332.405 -354.383 216.154
GPRESSURE: 410000 -44.0594 -406.035 -207.784 -113.492 396.747 -535.922 -247.298 -176.722 129.849
PRESSAVG: 410000 5.33291 17.2637 31.7508 17.2637 50.9347 24.7901 31.7508 24.7901 5.87415
GPRESSAVG: 410000 5.37556 17.2413 31.6792 17.2594 50.937 24.7649 31.8046 24.8177 5.80605
ENERGY:  410000      1580.1164      9037.5724      5651.0816        75.0297         -61352.0785     -1199.4404         0.0000         0.0000     18464.1799         -27743.5389       298.0082    -46207.7189    -27591.7984       297.2710            126.3646       160.8458    263880.9247        20.7139        20.7062

WRITING COORDINATES TO DCD FILE NPT.dcd AT STEP 410000
LDB: ============= START OF LOAD BALANCING ============== 68790.7
LDB: ============== END OF LOAD BALANCING =============== 68790.7
LDB: =============== DONE WITH MIGRATION ================ 68790.7
LDB: ============= START OF LOAD BALANCING ============== 68799.2
LDB: ============== END OF LOAD BALANCING =============== 68799.2
LDB: =============== DONE WITH MIGRATION ================ 68799.2
LDB: ============= START OF LOAD BALANCING ============== 69126.9
LDB: ============== END OF LOAD BALANCING =============== 69126.9
LDB: =============== DONE WITH MIGRATION ================ 69126.9
LDB: ============= START OF LOAD BALANCING ============== 69135.3
LDB: ============== END OF LOAD BALANCING =============== 69135.3
LDB: =============== DONE WITH MIGRATION ================ 69135.3
LDB: ============= START OF LOAD BALANCING ============== 69462.2
LDB: ============== END OF LOAD BALANCING =============== 69462.2
LDB: =============== DONE WITH MIGRATION ================ 69462.2
LDB: ============= START OF LOAD BALANCING ============== 69470.6
LDB: ============== END OF LOAD BALANCING =============== 69470.6
LDB: =============== DONE WITH MIGRATION ================ 69470.6
LDB: ============= START OF LOAD BALANCING ============== 69797.6
LDB: ============== END OF LOAD BALANCING =============== 69797.6
LDB: =============== DONE WITH MIGRATION ================ 69797.6
LDB: ============= START OF LOAD BALANCING ============== 69806.1
LDB: ============== END OF LOAD BALANCING =============== 69806.1
LDB: =============== DONE WITH MIGRATION ================ 69806.1
LDB: ============= START OF LOAD BALANCING ============== 70133.1
LDB: ============== END OF LOAD BALANCING =============== 70133.1
LDB: =============== DONE WITH MIGRATION ================ 70133.1
LDB: ============= START OF LOAD BALANCING ============== 70141.5
LDB: ============== END OF LOAD BALANCING =============== 70141.5
LDB: =============== DONE WITH MIGRATION ================ 70141.5
PRESSURE: 420000 -514.596 -119.307 123.917 -119.307 54.3111 281.76 123.917 281.76 -613.148
GPRESSURE: 420000 -273.031 -65.8819 -68.0396 58.9904 -185.822 146.847 319.712 121.941 -538.846
PRESSAVG: 420000 -33.4703 -7.9028 10.123 -7.9028 30.944 21.8676 10.123 21.8676 0.891224
GPRESSAVG: 420000 -33.4234 -7.94753 10.1489 -7.85451 31.0172 21.9046 10.072 21.8317 0.800124
ENERGY:  420000      1601.2625      9135.0668      5651.0573        64.4755         -61017.0857     -1298.5489         0.0000         0.0000     18182.2919         -27681.4805       293.4586    -45863.7724    -27540.9727       296.6829           -357.8110      -332.5662    265546.2026        -0.5450        -0.5353

WRITING COORDINATES TO DCD FILE NPT.dcd AT STEP 420000
LDB: ============= START OF LOAD BALANCING ============== 70469.2
LDB: ============== END OF LOAD BALANCING =============== 70469.2
LDB: =============== DONE WITH MIGRATION ================ 70469.2
LDB: ============= START OF LOAD BALANCING ============== 70477.6
LDB: ============== END OF LOAD BALANCING =============== 70477.6
LDB: =============== DONE WITH MIGRATION ================ 70477.6
LDB: ============= START OF LOAD BALANCING ============== 70805
LDB: ============== END OF LOAD BALANCING =============== 70805
LDB: =============== DONE WITH MIGRATION ================ 70805
LDB: ============= START OF LOAD BALANCING ============== 70813.4
LDB: ============== END OF LOAD BALANCING =============== 70813.4
LDB: =============== DONE WITH MIGRATION ================ 70813.4
LDB: ============= START OF LOAD BALANCING ============== 71140.8
LDB: ============== END OF LOAD BALANCING =============== 71140.8
LDB: =============== DONE WITH MIGRATION ================ 71140.8
LDB: ============= START OF LOAD BALANCING ============== 71149.2
LDB: ============== END OF LOAD BALANCING =============== 71149.2
LDB: =============== DONE WITH MIGRATION ================ 71149.2
LDB: ============= START OF LOAD BALANCING ============== 71476.9
LDB: ============== END OF LOAD BALANCING =============== 71476.9
LDB: =============== DONE WITH MIGRATION ================ 71476.9
LDB: ============= START OF LOAD BALANCING ============== 71485.3
LDB: ============== END OF LOAD BALANCING =============== 71485.3
LDB: =============== DONE WITH MIGRATION ================ 71485.3
LDB: ============= START OF LOAD BALANCING ============== 71812.9
LDB: ============== END OF LOAD BALANCING =============== 71812.9
LDB: =============== DONE WITH MIGRATION ================ 71812.9
LDB: ============= START OF LOAD BALANCING ============== 71821.3
LDB: ============== END OF LOAD BALANCING =============== 71821.3
LDB: =============== DONE WITH MIGRATION ================ 71821.3
PRESSURE: 430000 -435.269 297.271 -531.581 297.271 -177.126 -269.434 -531.581 -269.434 -87.0866
GPRESSURE: 430000 -343.5 324.77 -244.583 3.89343 -200.549 -281.022 -312.207 -205.92 -60.3713
PRESSAVG: 430000 54.5033 -41.4691 13.0701 -41.4691 55.9296 -17.3175 13.0701 -17.3175 -1.82603
GPRESSAVG: 430000 54.5102 -41.4345 13.1656 -41.4847 55.9344 -17.3989 12.9696 -17.3513 -1.77946
ENERGY:  430000      1518.1493      9174.7937      5641.0701        70.0841         -61106.7065     -1461.8037         0.0000         0.0000     18449.3419         -27715.0711       297.7687    -46164.4130    -27564.8061       296.5913           -233.1606      -201.4737    266284.1043        36.2023        36.2217

WRITING COORDINATES TO DCD FILE NPT.dcd AT STEP 430000
LDB: ============= START OF LOAD BALANCING ============== 72148.5
LDB: ============== END OF LOAD BALANCING =============== 72148.5
LDB: =============== DONE WITH MIGRATION ================ 72148.5
LDB: ============= START OF LOAD BALANCING ============== 72156.9
LDB: ============== END OF LOAD BALANCING =============== 72156.9
LDB: =============== DONE WITH MIGRATION ================ 72156.9
LDB: ============= START OF LOAD BALANCING ============== 72484.2
LDB: ============== END OF LOAD BALANCING =============== 72484.2
LDB: =============== DONE WITH MIGRATION ================ 72484.2
LDB: ============= START OF LOAD BALANCING ============== 72492.6
LDB: ============== END OF LOAD BALANCING =============== 72492.6
LDB: =============== DONE WITH MIGRATION ================ 72492.6
LDB: ============= START OF LOAD BALANCING ============== 72819.7
LDB: ============== END OF LOAD BALANCING =============== 72819.7
LDB: =============== DONE WITH MIGRATION ================ 72819.7
LDB: ============= START OF LOAD BALANCING ============== 72828.1
LDB: ============== END OF LOAD BALANCING =============== 72828.1
LDB: =============== DONE WITH MIGRATION ================ 72828.1
LDB: ============= START OF LOAD BALANCING ============== 73155.8
LDB: ============== END OF LOAD BALANCING =============== 73155.8
LDB: =============== DONE WITH MIGRATION ================ 73155.8
LDB: ============= START OF LOAD BALANCING ============== 73164.2
LDB: ============== END OF LOAD BALANCING =============== 73164.2
LDB: =============== DONE WITH MIGRATION ================ 73164.2
LDB: ============= START OF LOAD BALANCING ============== 73491.9
LDB: ============== END OF LOAD BALANCING =============== 73491.9
LDB: =============== DONE WITH MIGRATION ================ 73491.9
LDB: ============= START OF LOAD BALANCING ============== 73500.3
LDB: ============== END OF LOAD BALANCING =============== 73500.3
LDB: =============== DONE WITH MIGRATION ================ 73500.3
PRESSURE: 440000 404.042 297.938 206.574 297.938 192.358 346.098 206.574 346.098 -378.48
GPRESSURE: 440000 431.571 354.156 230.959 -11.8266 142.731 293.5 71.7535 215.805 -321.298
PRESSAVG: 440000 9.69498 -42.8371 -9.59668 -42.8371 -44.8157 14.1255 -9.59668 14.1255 0.280611
GPRESSAVG: 440000 9.73153 -42.8917 -9.60317 -42.8044 -44.9303 14.0675 -9.59871 14.0845 0.180679
ENERGY:  440000      1555.6348      9072.1829      5678.4085        79.9194         -61247.8053     -1282.2640         0.0000         0.0000     18333.5738         -27810.3500       295.9003    -46143.9238    -27668.0943       297.0540             72.6396        84.3348    265036.2840       -11.6134       -11.6727

WRITING COORDINATES TO DCD FILE NPT.dcd AT STEP 440000
LDB: ============= START OF LOAD BALANCING ============== 73828.5
LDB: ============== END OF LOAD BALANCING =============== 73828.5
LDB: =============== DONE WITH MIGRATION ================ 73828.5
LDB: ============= START OF LOAD BALANCING ============== 73836.9
LDB: ============== END OF LOAD BALANCING =============== 73836.9
LDB: =============== DONE WITH MIGRATION ================ 73836.9
LDB: ============= START OF LOAD BALANCING ============== 74164.2
LDB: ============== END OF LOAD BALANCING =============== 74164.2
LDB: =============== DONE WITH MIGRATION ================ 74164.2
LDB: ============= START OF LOAD BALANCING ============== 74172.6
LDB: ============== END OF LOAD BALANCING =============== 74172.6
LDB: =============== DONE WITH MIGRATION ================ 74172.6
LDB: ============= START OF LOAD BALANCING ============== 74500
LDB: ============== END OF LOAD BALANCING =============== 74500
LDB: =============== DONE WITH MIGRATION ================ 74500
LDB: ============= START OF LOAD BALANCING ============== 74508.4
LDB: ============== END OF LOAD BALANCING =============== 74508.4
LDB: =============== DONE WITH MIGRATION ================ 74508.4
LDB: ============= START OF LOAD BALANCING ============== 74836.1
LDB: ============== END OF LOAD BALANCING =============== 74836.1
LDB: =============== DONE WITH MIGRATION ================ 74836.1
LDB: ============= START OF LOAD BALANCING ============== 74844.5
LDB: ============== END OF LOAD BALANCING =============== 74844.5
LDB: =============== DONE WITH MIGRATION ================ 74844.5
LDB: ============= START OF LOAD BALANCING ============== 75171.9
LDB: ============== END OF LOAD BALANCING =============== 75171.9
LDB: =============== DONE WITH MIGRATION ================ 75171.9
LDB: ============= START OF LOAD BALANCING ============== 75180.3
LDB: ============== END OF LOAD BALANCING =============== 75180.3
LDB: =============== DONE WITH MIGRATION ================ 75180.3
PRESSURE: 450000 98.3116 -381.974 71.2027 -381.974 -324.034 160.591 71.2027 160.591 -144.801
GPRESSURE: 450000 77.2348 -310.386 49.6461 -302.111 -129.187 170.568 19.5173 105.048 -227.274
PRESSAVG: 450000 4.02765 -13.071 8.47604 -13.071 43.3738 31.6711 8.47604 31.6711 -3.12726
GPRESSAVG: 450000 3.95689 -12.9801 8.46481 -13.0185 43.4469 31.8621 8.40808 31.6899 -3.14503
ENERGY:  450000      1492.2218      8999.1573      5644.6045        70.6702         -61111.4796     -1346.3569         0.0000         0.0000     18436.0018         -27815.1809       297.5534    -46251.1827    -27661.6811       295.8730           -123.5081       -93.0754    264753.7497        14.7581        14.7529

WRITING EXTENDED SYSTEM TO RESTART FILE AT STEP 450000
WRITING COORDINATES TO DCD FILE NPT.dcd AT STEP 450000
WRITING COORDINATES TO RESTART FILE AT STEP 450000
FINISHED WRITING RESTART COORDINATES
WRITING VELOCITIES TO RESTART FILE AT STEP 450000
FINISHED WRITING RESTART VELOCITIES
LDB: ============= START OF LOAD BALANCING ============== 75508.5
LDB: ============== END OF LOAD BALANCING =============== 75508.5
LDB: =============== DONE WITH MIGRATION ================ 75508.5
LDB: ============= START OF LOAD BALANCING ============== 75517
LDB: ============== END OF LOAD BALANCING =============== 75517
LDB: =============== DONE WITH MIGRATION ================ 75517
LDB: ============= START OF LOAD BALANCING ============== 75845
LDB: ============== END OF LOAD BALANCING =============== 75845
LDB: =============== DONE WITH MIGRATION ================ 75845
LDB: ============= START OF LOAD BALANCING ============== 75853.4
LDB: ============== END OF LOAD BALANCING =============== 75853.4
LDB: =============== DONE WITH MIGRATION ================ 75853.4
LDB: ============= START OF LOAD BALANCING ============== 76181.7
LDB: ============== END OF LOAD BALANCING =============== 76181.7
LDB: =============== DONE WITH MIGRATION ================ 76181.7
LDB: ============= START OF LOAD BALANCING ============== 76190.1
LDB: ============== END OF LOAD BALANCING =============== 76190.1
LDB: =============== DONE WITH MIGRATION ================ 76190.1
LDB: ============= START OF LOAD BALANCING ============== 76518.5
LDB: ============== END OF LOAD BALANCING =============== 76518.5
LDB: =============== DONE WITH MIGRATION ================ 76518.5
LDB: ============= START OF LOAD BALANCING ============== 76526.9
LDB: ============== END OF LOAD BALANCING =============== 76526.9
LDB: =============== DONE WITH MIGRATION ================ 76526.9
LDB: ============= START OF LOAD BALANCING ============== 76854.6
LDB: ============== END OF LOAD BALANCING =============== 76854.6
LDB: =============== DONE WITH MIGRATION ================ 76854.6
LDB: ============= START OF LOAD BALANCING ============== 76863
LDB: ============== END OF LOAD BALANCING =============== 76863
LDB: =============== DONE WITH MIGRATION ================ 76863
PRESSURE: 460000 420.058 -311.084 16.5838 -311.084 -89.1931 -531.711 16.5838 -531.711 75.6193
GPRESSURE: 460000 266.061 -192.091 -117.923 -264.219 124.797 -523.628 -4.71882 -410.182 59.5204
PRESSAVG: 460000 5.14471 -60.2561 1.16602 -60.2561 29.9886 9.8994 1.16602 9.8994 1.88763
GPRESSAVG: 460000 5.29524 -60.2288 1.08718 -60.2664 30.0417 9.81888 1.30662 9.92733 1.82604
ENERGY:  460000      1505.4346      9063.1688      5726.8905        70.9477         -61138.2041     -1217.5759         0.0000         0.0000     18461.0086         -27528.3300       297.9570    -45989.3385    -27375.1287       296.5883            135.4946       150.1261    265400.5577        12.3403        12.3876

WRITING COORDINATES TO DCD FILE NPT.dcd AT STEP 460000
LDB: ============= START OF LOAD BALANCING ============== 77190.9
LDB: ============== END OF LOAD BALANCING =============== 77190.9
LDB: =============== DONE WITH MIGRATION ================ 77190.9
LDB: ============= START OF LOAD BALANCING ============== 77199.3
LDB: ============== END OF LOAD BALANCING =============== 77199.3
LDB: =============== DONE WITH MIGRATION ================ 77199.3
LDB: ============= START OF LOAD BALANCING ============== 77526.8
LDB: ============== END OF LOAD BALANCING =============== 77526.8
LDB: =============== DONE WITH MIGRATION ================ 77526.8
LDB: ============= START OF LOAD BALANCING ============== 77535.2
LDB: ============== END OF LOAD BALANCING =============== 77535.2
LDB: =============== DONE WITH MIGRATION ================ 77535.2
LDB: ============= START OF LOAD BALANCING ============== 77862.3
LDB: ============== END OF LOAD BALANCING =============== 77862.3
LDB: =============== DONE WITH MIGRATION ================ 77862.3
LDB: ============= START OF LOAD BALANCING ============== 77870.7
LDB: ============== END OF LOAD BALANCING =============== 77870.7
LDB: =============== DONE WITH MIGRATION ================ 77870.7
LDB: ============= START OF LOAD BALANCING ============== 78198.1
LDB: ============== END OF LOAD BALANCING =============== 78198.1
LDB: =============== DONE WITH MIGRATION ================ 78198.1
LDB: ============= START OF LOAD BALANCING ============== 78206.5
LDB: ============== END OF LOAD BALANCING =============== 78206.5
LDB: =============== DONE WITH MIGRATION ================ 78206.5
LDB: ============= START OF LOAD BALANCING ============== 78533.6
LDB: ============== END OF LOAD BALANCING =============== 78533.6
LDB: =============== DONE WITH MIGRATION ================ 78533.6
LDB: ============= START OF LOAD BALANCING ============== 78542
LDB: ============== END OF LOAD BALANCING =============== 78542
LDB: =============== DONE WITH MIGRATION ================ 78542
PRESSURE: 470000 -624.889 100.745 -4.44914 100.745 -144.972 -32.8057 -4.44914 -32.8057 -490.179
GPRESSURE: 470000 -753.31 125.77 -106.736 99.2779 -5.91977 92.2435 -125.875 -39.8883 -452.887
PRESSAVG: 470000 -3.04436 -10.7388 13.331 -10.7388 -46.0298 36.2951 13.331 36.2951 1.62906
GPRESSAVG: 470000 -3.10205 -10.6872 13.4253 -10.8125 -45.9844 36.3263 13.2147 36.1623 1.72246
ENERGY:  470000      1540.3612      9179.3992      5723.4294        70.0750         -61112.3916     -1307.2788         0.0000         0.0000     18254.2493         -27652.1563       294.6200    -45906.4056    -27505.7998       297.0653           -420.0135      -404.0389    265521.1521       -15.8150       -15.7880

WRITING COORDINATES TO DCD FILE NPT.dcd AT STEP 470000
LDB: ============= START OF LOAD BALANCING ============== 78869.7
LDB: ============== END OF LOAD BALANCING =============== 78869.7
LDB: =============== DONE WITH MIGRATION ================ 78869.7
LDB: ============= START OF LOAD BALANCING ============== 78878.1
LDB: ============== END OF LOAD BALANCING =============== 78878.1
LDB: =============== DONE WITH MIGRATION ================ 78878.1
LDB: ============= START OF LOAD BALANCING ============== 79205.7
LDB: ============== END OF LOAD BALANCING =============== 79205.7
LDB: =============== DONE WITH MIGRATION ================ 79205.7
LDB: ============= START OF LOAD BALANCING ============== 79214.2
LDB: ============== END OF LOAD BALANCING =============== 79214.2
LDB: =============== DONE WITH MIGRATION ================ 79214.2
LDB: ============= START OF LOAD BALANCING ============== 79542
LDB: ============== END OF LOAD BALANCING =============== 79542
LDB: =============== DONE WITH MIGRATION ================ 79542
LDB: ============= START OF LOAD BALANCING ============== 79550.4
LDB: ============== END OF LOAD BALANCING =============== 79550.4
LDB: =============== DONE WITH MIGRATION ================ 79550.4
LDB: ============= START OF LOAD BALANCING ============== 79878.8
LDB: ============== END OF LOAD BALANCING =============== 79878.8
LDB: =============== DONE WITH MIGRATION ================ 79878.8
LDB: ============= START OF LOAD BALANCING ============== 79887.2
LDB: ============== END OF LOAD BALANCING =============== 79887.2
LDB: =============== DONE WITH MIGRATION ================ 79887.2
LDB: ============= START OF LOAD BALANCING ============== 80215.9
LDB: ============== END OF LOAD BALANCING =============== 80215.9
LDB: =============== DONE WITH MIGRATION ================ 80215.9
LDB: ============= START OF LOAD BALANCING ============== 80224.3
LDB: ============== END OF LOAD BALANCING =============== 80224.3
LDB: =============== DONE WITH MIGRATION ================ 80224.3
PRESSURE: 480000 -450.671 -258.312 217.806 -258.312 -671.952 -153.775 217.806 -153.775 -340.303
GPRESSURE: 480000 -536.107 -332.364 142.372 -156.8 -479.662 -231.615 201.006 36.9518 -383.607
PRESSAVG: 480000 -32.7266 -9.90386 -33.0805 -9.90386 47.0085 9.3746 -33.0805 9.3746 -0.409433
GPRESSAVG: 480000 -32.7215 -9.92548 -33.2184 -9.89818 47.0777 9.38842 -33.0808 9.40236 -0.354134
ENERGY:  480000      1522.1819      9155.8180      5709.2783        73.8768         -60913.7185     -1416.2599         0.0000         0.0000     18353.4329         -27515.3904       296.2208    -45868.8233    -27371.7426       296.6403           -487.6416      -466.4589    265124.8411         4.6242         4.6673

WRITING COORDINATES TO DCD FILE NPT.dcd AT STEP 480000
LDB: ============= START OF LOAD BALANCING ============== 80552.6
LDB: ============== END OF LOAD BALANCING =============== 80552.6
LDB: =============== DONE WITH MIGRATION ================ 80552.6
LDB: ============= START OF LOAD BALANCING ============== 80561
LDB: ============== END OF LOAD BALANCING =============== 80561
LDB: =============== DONE WITH MIGRATION ================ 80561
LDB: ============= START OF LOAD BALANCING ============== 80890.1
LDB: ============== END OF LOAD BALANCING =============== 80890.1
LDB: =============== DONE WITH MIGRATION ================ 80890.1
LDB: ============= START OF LOAD BALANCING ============== 80898.5
LDB: ============== END OF LOAD BALANCING =============== 80898.5
LDB: =============== DONE WITH MIGRATION ================ 80898.5
LDB: ============= START OF LOAD BALANCING ============== 81226.9
LDB: ============== END OF LOAD BALANCING =============== 81226.9
LDB: =============== DONE WITH MIGRATION ================ 81226.9
LDB: ============= START OF LOAD BALANCING ============== 81235.4
LDB: ============== END OF LOAD BALANCING =============== 81235.4
LDB: =============== DONE WITH MIGRATION ================ 81235.4
LDB: ============= START OF LOAD BALANCING ============== 81563.7
LDB: ============== END OF LOAD BALANCING =============== 81563.7
LDB: =============== DONE WITH MIGRATION ================ 81563.7
LDB: ============= START OF LOAD BALANCING ============== 81572.2
LDB: ============== END OF LOAD BALANCING =============== 81572.2
LDB: =============== DONE WITH MIGRATION ================ 81572.2
LDB: ============= START OF LOAD BALANCING ============== 81900.1
LDB: ============== END OF LOAD BALANCING =============== 81900.1
LDB: =============== DONE WITH MIGRATION ================ 81900.1
LDB: ============= START OF LOAD BALANCING ============== 81908.5
LDB: ============== END OF LOAD BALANCING =============== 81908.5
LDB: =============== DONE WITH MIGRATION ================ 81908.5
PRESSURE: 490000 -683.826 -3.43513 598.849 -3.43513 13.3753 71.6712 598.849 71.6712 -34.7077
GPRESSURE: 490000 -584.948 -41.4093 498.393 52.1355 104.638 248.552 135.705 -66.0237 -120.731
PRESSAVG: 490000 -4.81297 41.1244 -1.71412 41.1244 -31.4323 -9.37948 -1.71412 -9.37948 0.494819
GPRESSAVG: 490000 -4.72722 41.2115 -1.75137 41.105 -31.4428 -9.31738 -1.69227 -9.35039 0.574953
ENERGY:  490000      1587.6135      9075.2291      5695.2358        75.3380         -61292.6325     -1193.3645         0.0000         0.0000     18196.1699         -27856.4105       293.6826    -46052.5805    -27714.7964       295.5347           -235.0527      -200.3471    265285.3519       -11.9168       -11.8650

WRITING COORDINATES TO DCD FILE NPT.dcd AT STEP 490000
LDB: ============= START OF LOAD BALANCING ============== 82236.1
LDB: ============== END OF LOAD BALANCING =============== 82236.1
LDB: =============== DONE WITH MIGRATION ================ 82236.1
LDB: ============= START OF LOAD BALANCING ============== 82244.5
LDB: ============== END OF LOAD BALANCING =============== 82244.5
LDB: =============== DONE WITH MIGRATION ================ 82244.5
LDB: ============= START OF LOAD BALANCING ============== 82572.5
LDB: ============== END OF LOAD BALANCING =============== 82572.5
LDB: =============== DONE WITH MIGRATION ================ 82572.5
LDB: ============= START OF LOAD BALANCING ============== 82580.9
LDB: ============== END OF LOAD BALANCING =============== 82580.9
LDB: =============== DONE WITH MIGRATION ================ 82580.9
LDB: ============= START OF LOAD BALANCING ============== 82908.6
LDB: ============== END OF LOAD BALANCING =============== 82908.6
LDB: =============== DONE WITH MIGRATION ================ 82908.6
LDB: ============= START OF LOAD BALANCING ============== 82917
LDB: ============== END OF LOAD BALANCING =============== 82917
LDB: =============== DONE WITH MIGRATION ================ 82917
LDB: ============= START OF LOAD BALANCING ============== 83245.3
LDB: ============== END OF LOAD BALANCING =============== 83245.3
LDB: =============== DONE WITH MIGRATION ================ 83245.3
LDB: ============= START OF LOAD BALANCING ============== 83253.7
LDB: ============== END OF LOAD BALANCING =============== 83253.7
LDB: =============== DONE WITH MIGRATION ================ 83253.7
LDB: ============= START OF LOAD BALANCING ============== 83581.3
LDB: ============== END OF LOAD BALANCING =============== 83581.3
LDB: =============== DONE WITH MIGRATION ================ 83581.3
LDB: ============= START OF LOAD BALANCING ============== 83589.7
LDB: ============== END OF LOAD BALANCING =============== 83589.7
LDB: =============== DONE WITH MIGRATION ================ 83589.7
PRESSURE: 500000 -328.023 -236.445 310.117 -236.445 467.239 356.443 310.117 356.443 272.328
GPRESSURE: 500000 -153.625 -330.436 324.32 -293.723 356.505 266.416 396.522 90.1291 239.121
PRESSAVG: 500000 -51.6835 17.5828 -1.32512 17.5828 -26.776 -10.5463 -1.32512 -10.5463 -2.5804
GPRESSAVG: 500000 -51.6874 17.5075 -1.27917 17.6244 -26.7879 -10.5695 -1.39153 -10.5542 -2.61126
TIMING: 500000  CPU: 83866, 0.168058/step  Wall: 83867.4, 0.168061/step, 23.3418 hours remaining, 685.380939 MB of memory in use.
PERFORMANCE: 500000  averaging 1.0302 ns/day, 0.167734 sec/step with standard deviation 0.000306106
ETITLE:      TS           BOND          ANGLE          DIHED          IMPRP               ELECT            VDW       BOUNDARY           MISC        KINETIC               TOTAL           TEMP      POTENTIAL         TOTAL3        TEMPAVG            PRESSURE      GPRESSURE         VOLUME       PRESSAVG      GPRESSAVG

ENERGY:  500000      1577.4958      9106.9128      5735.6198        83.3175         -61167.7333     -1287.1936         0.0000         0.0000     18347.7392         -27603.8418       296.1289    -45951.5809    -27459.1298       295.6266            137.1813       147.3334    265288.3107       -27.0133       -27.0289

WRITING EXTENDED SYSTEM TO RESTART FILE AT STEP 500000
WRITING COORDINATES TO DCD FILE NPT.dcd AT STEP 500000
WRITING COORDINATES TO RESTART FILE AT STEP 500000
FINISHED WRITING RESTART COORDINATES
WRITING VELOCITIES TO RESTART FILE AT STEP 500000
FINISHED WRITING RESTART VELOCITIES
LDB: ============= START OF LOAD BALANCING ============== 83917.6
LDB: ============== END OF LOAD BALANCING =============== 83917.6
LDB: =============== DONE WITH MIGRATION ================ 83917.6
LDB: ============= START OF LOAD BALANCING ============== 83926
LDB: ============== END OF LOAD BALANCING =============== 83926
LDB: =============== DONE WITH MIGRATION ================ 83926
LDB: ============= START OF LOAD BALANCING ============== 84253.9
LDB: ============== END OF LOAD BALANCING =============== 84253.9
LDB: =============== DONE WITH MIGRATION ================ 84253.9
LDB: ============= START OF LOAD BALANCING ============== 84262.3
LDB: ============== END OF LOAD BALANCING =============== 84262.3
LDB: =============== DONE WITH MIGRATION ================ 84262.3
LDB: ============= START OF LOAD BALANCING ============== 84589.9
LDB: ============== END OF LOAD BALANCING =============== 84589.9
LDB: =============== DONE WITH MIGRATION ================ 84589.9
LDB: ============= START OF LOAD BALANCING ============== 84598.3
LDB: ============== END OF LOAD BALANCING =============== 84598.3
LDB: =============== DONE WITH MIGRATION ================ 84598.3
LDB: ============= START OF LOAD BALANCING ============== 84926.5
LDB: ============== END OF LOAD BALANCING =============== 84926.5
LDB: =============== DONE WITH MIGRATION ================ 84926.5
LDB: ============= START OF LOAD BALANCING ============== 84935
LDB: ============== END OF LOAD BALANCING =============== 84935
LDB: =============== DONE WITH MIGRATION ================ 84935
LDB: ============= START OF LOAD BALANCING ============== 85263
LDB: ============== END OF LOAD BALANCING =============== 85263
LDB: =============== DONE WITH MIGRATION ================ 85263
LDB: ============= START OF LOAD BALANCING ============== 85271.4
LDB: ============== END OF LOAD BALANCING =============== 85271.4
LDB: =============== DONE WITH MIGRATION ================ 85271.4
PRESSURE: 510000 -242.163 -102.241 268.51 -102.241 -612.032 449.935 268.51 449.935 -317.696
GPRESSURE: 510000 -250.529 -153.125 345.12 -324.871 -588.415 317.562 107.395 396.578 -260.358
PRESSAVG: 510000 -48.2795 -6.33817 -35.024 -6.33817 -51.4601 20.4808 -35.024 20.4808 0.465089
GPRESSAVG: 510000 -48.2315 -6.22165 -35.0006 -6.20211 -51.4737 20.552 -35.0052 20.6144 0.460055
ENERGY:  510000      1550.1302      9202.4130      5707.5071        70.3849         -61069.3865     -1374.2213         0.0000         0.0000     18462.9467         -27450.2260       297.9883    -45913.1727    -27302.3354       296.2083           -390.6303      -366.4341    265173.6888       -33.0915       -33.0817

WRITING COORDINATES TO DCD FILE NPT.dcd AT STEP 510000
LDB: ============= START OF LOAD BALANCING ============== 85599.2
LDB: ============== END OF LOAD BALANCING =============== 85599.2
LDB: =============== DONE WITH MIGRATION ================ 85599.2
LDB: ============= START OF LOAD BALANCING ============== 85607.6
LDB: ============== END OF LOAD BALANCING =============== 85607.6
LDB: =============== DONE WITH MIGRATION ================ 85607.6
LDB: ============= START OF LOAD BALANCING ============== 85935.7
LDB: ============== END OF LOAD BALANCING =============== 85935.7
LDB: =============== DONE WITH MIGRATION ================ 85935.7
LDB: ============= START OF LOAD BALANCING ============== 85944.1
LDB: ============== END OF LOAD BALANCING =============== 85944.1
LDB: =============== DONE WITH MIGRATION ================ 85944.1
LDB: ============= START OF LOAD BALANCING ============== 86272.7
LDB: ============== END OF LOAD BALANCING =============== 86272.7
LDB: =============== DONE WITH MIGRATION ================ 86272.7
LDB: ============= START OF LOAD BALANCING ============== 86281.2
LDB: ============== END OF LOAD BALANCING =============== 86281.2
LDB: =============== DONE WITH MIGRATION ================ 86281.2
LDB: ============= START OF LOAD BALANCING ============== 86609.8
LDB: ============== END OF LOAD BALANCING =============== 86609.8
LDB: =============== DONE WITH MIGRATION ================ 86609.8
LDB: ============= START OF LOAD BALANCING ============== 86618.2
LDB: ============== END OF LOAD BALANCING =============== 86618.2
LDB: =============== DONE WITH MIGRATION ================ 86618.2
LDB: ============= START OF LOAD BALANCING ============== 86946.6
LDB: ============== END OF LOAD BALANCING =============== 86946.6
LDB: =============== DONE WITH MIGRATION ================ 86946.6
LDB: ============= START OF LOAD BALANCING ============== 86955
LDB: ============== END OF LOAD BALANCING =============== 86955
LDB: =============== DONE WITH MIGRATION ================ 86955
PRESSURE: 520000 -49.8651 -120.55 -364.051 -120.55 80.1102 -262.885 -364.051 -262.885 167.279
GPRESSURE: 520000 -207.475 -236.29 -319.923 -194.899 116.513 -228.595 -386.576 -225.329 383.862
PRESSAVG: 520000 46.7682 -2.96039 3.21509 -2.96039 -12.7813 -13.7174 3.21509 -13.7174 0.465491
GPRESSAVG: 520000 46.6126 -2.92603 3.29673 -3.05456 -12.8481 -13.7039 3.18662 -13.7507 0.482932
ENERGY:  520000      1560.5392      8895.7747      5736.7149        66.9484         -61057.1784     -1323.1960         0.0000         0.0000     18292.6555         -27827.7416       295.2398    -46120.3972    -27673.7570       296.6178             65.8413        97.6336    265723.8258        11.4841        11.4158

WRITING COORDINATES TO DCD FILE NPT.dcd AT STEP 520000
LDB: ============= START OF LOAD BALANCING ============== 87282.5
LDB: ============== END OF LOAD BALANCING =============== 87282.5
LDB: =============== DONE WITH MIGRATION ================ 87282.5
LDB: ============= START OF LOAD BALANCING ============== 87290.8
LDB: ============== END OF LOAD BALANCING =============== 87290.8
LDB: =============== DONE WITH MIGRATION ================ 87290.8
LDB: ============= START OF LOAD BALANCING ============== 87618.7
LDB: ============== END OF LOAD BALANCING =============== 87618.7
LDB: =============== DONE WITH MIGRATION ================ 87618.7
LDB: ============= START OF LOAD BALANCING ============== 87627.1
LDB: ============== END OF LOAD BALANCING =============== 87627.1
LDB: =============== DONE WITH MIGRATION ================ 87627.1
LDB: ============= START OF LOAD BALANCING ============== 87954.4
LDB: ============== END OF LOAD BALANCING =============== 87954.4
LDB: =============== DONE WITH MIGRATION ================ 87954.4
LDB: ============= START OF LOAD BALANCING ============== 87962.8
LDB: ============== END OF LOAD BALANCING =============== 87962.8
LDB: =============== DONE WITH MIGRATION ================ 87962.8
LDB: ============= START OF LOAD BALANCING ============== 88289.8
LDB: ============== END OF LOAD BALANCING =============== 88289.8
LDB: =============== DONE WITH MIGRATION ================ 88289.8
LDB: ============= START OF LOAD BALANCING ============== 88298.2
LDB: ============== END OF LOAD BALANCING =============== 88298.2
LDB: =============== DONE WITH MIGRATION ================ 88298.2
LDB: ============= START OF LOAD BALANCING ============== 88625.2
LDB: ============== END OF LOAD BALANCING =============== 88625.2
LDB: =============== DONE WITH MIGRATION ================ 88625.2
LDB: ============= START OF LOAD BALANCING ============== 88633.6
LDB: ============== END OF LOAD BALANCING =============== 88633.6
LDB: =============== DONE WITH MIGRATION ================ 88633.6
PRESSURE: 530000 -315.013 -167.459 84.8488 -167.459 176.433 -418.122 84.8488 -418.122 -529.37
GPRESSURE: 530000 -406.649 -327.006 161.74 -68.1548 244.846 -436.007 76.42 -350.841 -475.15
PRESSAVG: 530000 -59.1135 -7.04637 0.222015 -7.04637 -27.0694 4.10832 0.222015 4.10832 -0.571204
GPRESSAVG: 530000 -59.0218 -7.16681 0.140323 -7.02356 -27.1029 3.95724 0.171096 4.23132 -0.627254
ENERGY:  530000      1592.3345      9190.3135      5724.7411        83.2241         -60982.8623     -1372.3499         0.0000         0.0000     18483.9200         -27280.6791       298.3268    -45764.5990    -27134.9375       296.7974           -222.6501      -212.3179    265635.1235       -28.9181       -28.9173

WRITING COORDINATES TO DCD FILE NPT.dcd AT STEP 530000
LDB: ============= START OF LOAD BALANCING ============== 88961
LDB: ============== END OF LOAD BALANCING =============== 88961
LDB: =============== DONE WITH MIGRATION ================ 88961
LDB: ============= START OF LOAD BALANCING ============== 88969.4
LDB: ============== END OF LOAD BALANCING =============== 88969.4
LDB: =============== DONE WITH MIGRATION ================ 88969.4
LDB: ============= START OF LOAD BALANCING ============== 89296.8
LDB: ============== END OF LOAD BALANCING =============== 89296.8
LDB: =============== DONE WITH MIGRATION ================ 89296.8
LDB: ============= START OF LOAD BALANCING ============== 89305.2
LDB: ============== END OF LOAD BALANCING =============== 89305.2
LDB: =============== DONE WITH MIGRATION ================ 89305.2
LDB: ============= START OF LOAD BALANCING ============== 89632.9
LDB: ============== END OF LOAD BALANCING =============== 89632.9
LDB: =============== DONE WITH MIGRATION ================ 89632.9
LDB: ============= START OF LOAD BALANCING ============== 89641.3
LDB: ============== END OF LOAD BALANCING =============== 89641.3
LDB: =============== DONE WITH MIGRATION ================ 89641.3
LDB: ============= START OF LOAD BALANCING ============== 89969.1
LDB: ============== END OF LOAD BALANCING =============== 89969.1
LDB: =============== DONE WITH MIGRATION ================ 89969.1
LDB: ============= START OF LOAD BALANCING ============== 89977.5
LDB: ============== END OF LOAD BALANCING =============== 89977.5
LDB: =============== DONE WITH MIGRATION ================ 89977.5
LDB: ============= START OF LOAD BALANCING ============== 90304.5
LDB: ============== END OF LOAD BALANCING =============== 90304.5
LDB: =============== DONE WITH MIGRATION ================ 90304.5
LDB: ============= START OF LOAD BALANCING ============== 90313
LDB: ============== END OF LOAD BALANCING =============== 90313
LDB: =============== DONE WITH MIGRATION ================ 90313
PRESSURE: 540000 -231.898 21.3944 12.1506 21.3944 119.852 112.801 12.1506 112.801 -252.822
GPRESSURE: 540000 30.9987 -102.96 118.154 221.705 92.7391 125.081 -105.583 325.193 -445.427
PRESSAVG: 540000 -48.2234 -8.48851 7.17313 -8.48851 22.7724 20.108 7.17313 20.108 4.72203
GPRESSAVG: 540000 -48.2013 -8.49281 7.1996 -8.55153 22.8077 20.1898 7.12173 20.0926 4.61595
ENERGY:  540000      1567.9545      9140.2857      5714.2891        84.2048         -61185.8569     -1390.6241         0.0000         0.0000     18384.6331         -27685.1139       296.7243    -46069.7469    -27532.8713       297.0159           -121.6227      -107.2297    266136.7339        -6.9097        -6.9259

WRITING COORDINATES TO DCD FILE NPT.dcd AT STEP 540000
LDB: ============= START OF LOAD BALANCING ============== 90640.3
LDB: ============== END OF LOAD BALANCING =============== 90640.3
LDB: =============== DONE WITH MIGRATION ================ 90640.3
LDB: ============= START OF LOAD BALANCING ============== 90648.7
LDB: ============== END OF LOAD BALANCING =============== 90648.7
LDB: =============== DONE WITH MIGRATION ================ 90648.7
LDB: ============= START OF LOAD BALANCING ============== 90976.4
LDB: ============== END OF LOAD BALANCING =============== 90976.4
LDB: =============== DONE WITH MIGRATION ================ 90976.4
LDB: ============= START OF LOAD BALANCING ============== 90984.9
LDB: ============== END OF LOAD BALANCING =============== 90984.9
LDB: =============== DONE WITH MIGRATION ================ 90984.9
LDB: ============= START OF LOAD BALANCING ============== 91312.8
LDB: ============== END OF LOAD BALANCING =============== 91312.8
LDB: =============== DONE WITH MIGRATION ================ 91312.8
LDB: ============= START OF LOAD BALANCING ============== 91321.3
LDB: ============== END OF LOAD BALANCING =============== 91321.3
LDB: =============== DONE WITH MIGRATION ================ 91321.3
LDB: ============= START OF LOAD BALANCING ============== 91649.3
LDB: ============== END OF LOAD BALANCING =============== 91649.3
LDB: =============== DONE WITH MIGRATION ================ 91649.3
LDB: ============= START OF LOAD BALANCING ============== 91657.7
LDB: ============== END OF LOAD BALANCING =============== 91657.7
LDB: =============== DONE WITH MIGRATION ================ 91657.7
LDB: ============= START OF LOAD BALANCING ============== 91985.6
LDB: ============== END OF LOAD BALANCING =============== 91985.6
LDB: =============== DONE WITH MIGRATION ================ 91985.6
LDB: ============= START OF LOAD BALANCING ============== 91994
LDB: ============== END OF LOAD BALANCING =============== 91994
LDB: =============== DONE WITH MIGRATION ================ 91994
PRESSURE: 550000 432.709 98.8689 282.621 98.8689 -136.301 -357.321 282.621 -357.321 -123.115
GPRESSURE: 550000 406.04 4.93301 352.182 4.55822 -10.4131 -386.559 310.511 -199.094 -170.331
PRESSAVG: 550000 -5.27781 14.9869 4.1691 14.9869 -6.79537 -0.600555 4.1691 -0.600555 -3.34847
GPRESSAVG: 550000 -5.31811 15.0375 4.20173 15.0617 -6.82683 -0.654269 4.2868 -0.514059 -3.32095
ENERGY:  550000      1549.6999      9229.6497      5734.7850        73.7895         -61223.0965     -1068.1324         0.0000         0.0000     18452.3108         -27250.9941       297.8166    -45703.3049    -27107.5653       296.4515             57.7643        75.0989    265179.1185        -5.1406        -5.1553

WRITING EXTENDED SYSTEM TO RESTART FILE AT STEP 550000
WRITING COORDINATES TO DCD FILE NPT.dcd AT STEP 550000
WRITING COORDINATES TO RESTART FILE AT STEP 550000
FINISHED WRITING RESTART COORDINATES
WRITING VELOCITIES TO RESTART FILE AT STEP 550000
FINISHED WRITING RESTART VELOCITIES
LDB: ============= START OF LOAD BALANCING ============== 92322
LDB: ============== END OF LOAD BALANCING =============== 92322
LDB: =============== DONE WITH MIGRATION ================ 92322
LDB: ============= START OF LOAD BALANCING ============== 92330.4
LDB: ============== END OF LOAD BALANCING =============== 92330.4
LDB: =============== DONE WITH MIGRATION ================ 92330.4
LDB: ============= START OF LOAD BALANCING ============== 92658
LDB: ============== END OF LOAD BALANCING =============== 92658
LDB: =============== DONE WITH MIGRATION ================ 92658
LDB: ============= START OF LOAD BALANCING ============== 92666.5
LDB: ============== END OF LOAD BALANCING =============== 92666.5
LDB: =============== DONE WITH MIGRATION ================ 92666.5
LDB: ============= START OF LOAD BALANCING ============== 92994.3
LDB: ============== END OF LOAD BALANCING =============== 92994.3
LDB: =============== DONE WITH MIGRATION ================ 92994.3
LDB: ============= START OF LOAD BALANCING ============== 93002.7
LDB: ============== END OF LOAD BALANCING =============== 93002.7
LDB: =============== DONE WITH MIGRATION ================ 93002.7
LDB: ============= START OF LOAD BALANCING ============== 93331.3
LDB: ============== END OF LOAD BALANCING =============== 93331.3
LDB: =============== DONE WITH MIGRATION ================ 93331.3
LDB: ============= START OF LOAD BALANCING ============== 93339.8
LDB: ============== END OF LOAD BALANCING =============== 93339.8
LDB: =============== DONE WITH MIGRATION ================ 93339.8
LDB: ============= START OF LOAD BALANCING ============== 93668.4
LDB: ============== END OF LOAD BALANCING =============== 93668.4
LDB: =============== DONE WITH MIGRATION ================ 93668.4
LDB: ============= START OF LOAD BALANCING ============== 93676.8
LDB: ============== END OF LOAD BALANCING =============== 93676.8
LDB: =============== DONE WITH MIGRATION ================ 93676.8
PRESSURE: 560000 402.68 -371.126 -1.76491 -371.126 12.4414 -445.906 -1.76491 -445.906 -29.0282
GPRESSURE: 560000 431.075 -280.581 -18.4597 -390.098 -4.1703 -542.958 -170.351 -228.535 28.5456
PRESSAVG: 560000 -7.10563 -27.6205 3.11629 -27.6205 -30.5708 5.45121 3.11629 5.45121 0.151386
GPRESSAVG: 560000 -7.07347 -27.6394 3.18941 -27.5363 -30.5813 5.48278 3.03646 5.39145 0.184913
ENERGY:  560000      1548.9992      9239.7595      5638.8051        73.0902         -61419.0731     -1268.3759         0.0000         0.0000     18424.7575         -27762.0376       297.3719    -46186.7951    -27624.0136       297.5304            128.6976       151.8167    264091.7022       -12.5083       -12.4899

WRITING COORDINATES TO DCD FILE NPT.dcd AT STEP 560000
LDB: ============= START OF LOAD BALANCING ============== 94005.5
LDB: ============== END OF LOAD BALANCING =============== 94005.5
LDB: =============== DONE WITH MIGRATION ================ 94005.5
LDB: ============= START OF LOAD BALANCING ============== 94014
LDB: ============== END OF LOAD BALANCING =============== 94014
LDB: =============== DONE WITH MIGRATION ================ 94014
LDB: ============= START OF LOAD BALANCING ============== 94342.3
LDB: ============== END OF LOAD BALANCING =============== 94342.3
LDB: =============== DONE WITH MIGRATION ================ 94342.3
LDB: ============= START OF LOAD BALANCING ============== 94350.7
LDB: ============== END OF LOAD BALANCING =============== 94350.7
LDB: =============== DONE WITH MIGRATION ================ 94350.7
LDB: ============= START OF LOAD BALANCING ============== 94679
LDB: ============== END OF LOAD BALANCING =============== 94679
LDB: =============== DONE WITH MIGRATION ================ 94679
LDB: ============= START OF LOAD BALANCING ============== 94687.4
LDB: ============== END OF LOAD BALANCING =============== 94687.4
LDB: =============== DONE WITH MIGRATION ================ 94687.4
LDB: ============= START OF LOAD BALANCING ============== 95015.8
LDB: ============== END OF LOAD BALANCING =============== 95015.8
LDB: =============== DONE WITH MIGRATION ================ 95015.8
LDB: ============= START OF LOAD BALANCING ============== 95024.3
LDB: ============== END OF LOAD BALANCING =============== 95024.3
LDB: =============== DONE WITH MIGRATION ================ 95024.3
LDB: ============= START OF LOAD BALANCING ============== 95352.8
LDB: ============== END OF LOAD BALANCING =============== 95352.8
LDB: =============== DONE WITH MIGRATION ================ 95352.8
LDB: ============= START OF LOAD BALANCING ============== 95361.3
LDB: ============== END OF LOAD BALANCING =============== 95361.3
LDB: =============== DONE WITH MIGRATION ================ 95361.3
PRESSURE: 570000 3.70763 161.612 -5.68647 161.612 -553.682 -715.27 -5.68647 -715.27 -801.39
GPRESSURE: 570000 61.6608 -73.6489 -140.194 248.696 -514.302 -702.701 20.2344 -714.255 -829.47
PRESSAVG: 570000 -7.98056 3.77177 -6.22055 3.77177 -13.4681 11.7679 -6.22055 11.7679 4.04547
GPRESSAVG: 570000 -7.98814 3.81829 -6.19928 3.77073 -13.4789 11.7501 -6.21547 11.5803 4.08152
ENERGY:  570000      1582.1473      9206.3297      5663.0626        81.7227         -60739.7248     -1413.1485         0.0000         0.0000     18510.8233         -27108.7877       298.7610    -45619.6110    -26963.4809       297.5089           -450.4547      -427.3704    265893.7084        -5.8011        -5.7952

WRITING COORDINATES TO DCD FILE NPT.dcd AT STEP 570000
LDB: ============= START OF LOAD BALANCING ============== 95689.9
LDB: ============== END OF LOAD BALANCING =============== 95689.9
LDB: =============== DONE WITH MIGRATION ================ 95689.9
LDB: ============= START OF LOAD BALANCING ============== 95698.3
LDB: ============== END OF LOAD BALANCING =============== 95698.3
LDB: =============== DONE WITH MIGRATION ================ 95698.3
LDB: ============= START OF LOAD BALANCING ============== 96026.7
LDB: ============== END OF LOAD BALANCING =============== 96026.7
LDB: =============== DONE WITH MIGRATION ================ 96026.7
LDB: ============= START OF LOAD BALANCING ============== 96035.1
LDB: ============== END OF LOAD BALANCING =============== 96035.1
LDB: =============== DONE WITH MIGRATION ================ 96035.1
LDB: ============= START OF LOAD BALANCING ============== 96362.8
LDB: ============== END OF LOAD BALANCING =============== 96362.8
LDB: =============== DONE WITH MIGRATION ================ 96362.8
LDB: ============= START OF LOAD BALANCING ============== 96371.2
LDB: ============== END OF LOAD BALANCING =============== 96371.2
LDB: =============== DONE WITH MIGRATION ================ 96371.2
LDB: ============= START OF LOAD BALANCING ============== 96699.7
LDB: ============== END OF LOAD BALANCING =============== 96699.7
LDB: =============== DONE WITH MIGRATION ================ 96699.7
LDB: ============= START OF LOAD BALANCING ============== 96708.1
LDB: ============== END OF LOAD BALANCING =============== 96708.1
LDB: =============== DONE WITH MIGRATION ================ 96708.1
LDB: ============= START OF LOAD BALANCING ============== 97036
LDB: ============== END OF LOAD BALANCING =============== 97036
LDB: =============== DONE WITH MIGRATION ================ 97036
LDB: ============= START OF LOAD BALANCING ============== 97044.5
LDB: ============== END OF LOAD BALANCING =============== 97044.5
LDB: =============== DONE WITH MIGRATION ================ 97044.5
PRESSURE: 580000 -189.651 -238.602 96.7172 -238.602 15.1905 -208.177 96.7172 -208.177 -576.56
GPRESSURE: 580000 -194.692 -33.5929 118.32 -170.457 119.003 -170.348 86.406 -105.121 -604.251
PRESSAVG: 580000 -0.55843 -7.80653 26.67 -7.80653 22.3567 -2.17589 26.67 -2.17589 3.83127
GPRESSAVG: 580000 -0.473632 -7.74826 26.6602 -7.72392 22.3629 -2.14735 26.656 -2.10248 3.86627
ENERGY:  580000      1564.4743      8991.0786      5704.4031        69.5255         -61063.6490     -1267.4140         0.0000         0.0000     18387.6462         -27613.9353       296.7730    -46001.5816    -27468.3673       297.4422           -250.3400      -226.6465    267252.7356         8.5432         8.5852

WRITING COORDINATES TO DCD FILE NPT.dcd AT STEP 580000
LDB: ============= START OF LOAD BALANCING ============== 97372
LDB: ============== END OF LOAD BALANCING =============== 97372
LDB: =============== DONE WITH MIGRATION ================ 97372
LDB: ============= START OF LOAD BALANCING ============== 97380.4
LDB: ============== END OF LOAD BALANCING =============== 97380.4
LDB: =============== DONE WITH MIGRATION ================ 97380.4
LDB: ============= START OF LOAD BALANCING ============== 97707.8
LDB: ============== END OF LOAD BALANCING =============== 97707.8
LDB: =============== DONE WITH MIGRATION ================ 97707.8
LDB: ============= START OF LOAD BALANCING ============== 97716.3
LDB: ============== END OF LOAD BALANCING =============== 97716.3
LDB: =============== DONE WITH MIGRATION ================ 97716.3
LDB: ============= START OF LOAD BALANCING ============== 98044.5
LDB: ============== END OF LOAD BALANCING =============== 98044.5
LDB: =============== DONE WITH MIGRATION ================ 98044.5
LDB: ============= START OF LOAD BALANCING ============== 98053
LDB: ============== END OF LOAD BALANCING =============== 98053
LDB: =============== DONE WITH MIGRATION ================ 98053
LDB: ============= START OF LOAD BALANCING ============== 98380.8
LDB: ============== END OF LOAD BALANCING =============== 98380.8
LDB: =============== DONE WITH MIGRATION ================ 98380.8
LDB: ============= START OF LOAD BALANCING ============== 98389.3
LDB: ============== END OF LOAD BALANCING =============== 98389.3
LDB: =============== DONE WITH MIGRATION ================ 98389.3
LDB: ============= START OF LOAD BALANCING ============== 98717
LDB: ============== END OF LOAD BALANCING =============== 98717
LDB: =============== DONE WITH MIGRATION ================ 98717
LDB: ============= START OF LOAD BALANCING ============== 98725.4
LDB: ============== END OF LOAD BALANCING =============== 98725.4
LDB: =============== DONE WITH MIGRATION ================ 98725.4
PRESSURE: 590000 532.471 66.671 58.0583 66.671 -590.813 3.82897 58.0583 3.82897 -388.047
GPRESSURE: 590000 385.083 2.39489 -19.2279 0.880853 -388.352 22.8142 24.7994 -90.9982 -371.84
PRESSAVG: 590000 -47.0812 -11.9154 -10.2485 -11.9154 -5.22622 0.254257 -10.2485 0.254257 0.32501
GPRESSAVG: 590000 -47.0719 -11.9759 -10.1903 -11.9637 -5.21279 0.210124 -10.2744 0.179265 0.313892
ENERGY:  590000      1538.0510      9083.8568      5661.5031        73.4281         -60840.6497     -1198.6058         0.0000         0.0000     18218.3376         -27464.0789       294.0404    -45682.4165    -27319.9194       296.1491           -148.7964      -125.0361    266458.0591       -17.3275       -17.3236

WRITING COORDINATES TO DCD FILE NPT.dcd AT STEP 590000
LDB: ============= START OF LOAD BALANCING ============== 99052.8
LDB: ============== END OF LOAD BALANCING =============== 99052.8
LDB: =============== DONE WITH MIGRATION ================ 99052.8
LDB: ============= START OF LOAD BALANCING ============== 99061.2
LDB: ============== END OF LOAD BALANCING =============== 99061.2
LDB: =============== DONE WITH MIGRATION ================ 99061.2
LDB: ============= START OF LOAD BALANCING ============== 99388.6
LDB: ============== END OF LOAD BALANCING =============== 99388.6
LDB: =============== DONE WITH MIGRATION ================ 99388.6
LDB: ============= START OF LOAD BALANCING ============== 99397
LDB: ============== END OF LOAD BALANCING =============== 99397
LDB: =============== DONE WITH MIGRATION ================ 99397
LDB: ============= START OF LOAD BALANCING ============== 99724
LDB: ============== END OF LOAD BALANCING =============== 99724
LDB: =============== DONE WITH MIGRATION ================ 99724
LDB: ============= START OF LOAD BALANCING ============== 99732.4
LDB: ============== END OF LOAD BALANCING =============== 99732.4
LDB: =============== DONE WITH MIGRATION ================ 99732.4
LDB: ============= START OF LOAD BALANCING ============== 100061
LDB: ============== END OF LOAD BALANCING =============== 100061
LDB: =============== DONE WITH MIGRATION ================ 100061
LDB: ============= START OF LOAD BALANCING ============== 100069
LDB: ============== END OF LOAD BALANCING =============== 100069
LDB: =============== DONE WITH MIGRATION ================ 100069
LDB: ============= START OF LOAD BALANCING ============== 100398
LDB: ============== END OF LOAD BALANCING =============== 100398
LDB: =============== DONE WITH MIGRATION ================ 100398
LDB: ============= START OF LOAD BALANCING ============== 100406
LDB: ============== END OF LOAD BALANCING =============== 100406
LDB: =============== DONE WITH MIGRATION ================ 100406
PRESSURE: 600000 -381.575 201.338 155.625 201.338 -181.193 13.7636 155.625 13.7636 219.472
GPRESSURE: 600000 -252.617 318.816 161.027 172.545 -165.793 -75.3621 158.209 47.7463 128.883
PRESSAVG: 600000 -75.8548 -14.6639 2.73655 -14.6639 -40.3328 19.6839 2.73655 19.6839 4.01729
GPRESSAVG: 600000 -75.8428 -14.6826 2.66194 -14.5632 -40.3443 19.7496 2.66962 19.7363 4.00112
TIMING: 600000  CPU: 100683, 0.168169/step  Wall: 100684, 0.168171/step, 18.6857 hours remaining, 685.380939 MB of memory in use.
PERFORMANCE: 600000  averaging 1.02976 ns/day, 0.167807 sec/step with standard deviation 0.000326794
ETITLE:      TS           BOND          ANGLE          DIHED          IMPRP               ELECT            VDW       BOUNDARY           MISC        KINETIC               TOTAL           TEMP      POTENTIAL         TOTAL3        TEMPAVG            PRESSURE      GPRESSURE         VOLUME       PRESSAVG      GPRESSAVG

ENERGY:  600000      1597.4211      9133.6423      5758.5526        69.8734         -61013.5760     -1406.9171         0.0000         0.0000     18413.5641         -27447.4397       297.1913    -45861.0038    -27300.2507       296.7523           -114.4322       -96.5091    265542.9515       -37.3901       -37.3953

WRITING EXTENDED SYSTEM TO RESTART FILE AT STEP 600000
WRITING COORDINATES TO DCD FILE NPT.dcd AT STEP 600000
WRITING COORDINATES TO RESTART FILE AT STEP 600000
FINISHED WRITING RESTART COORDINATES
WRITING VELOCITIES TO RESTART FILE AT STEP 600000
FINISHED WRITING RESTART VELOCITIES
LDB: ============= START OF LOAD BALANCING ============== 100735
LDB: ============== END OF LOAD BALANCING =============== 100735
LDB: =============== DONE WITH MIGRATION ================ 100735
LDB: ============= START OF LOAD BALANCING ============== 100743
LDB: ============== END OF LOAD BALANCING =============== 100743
LDB: =============== DONE WITH MIGRATION ================ 100743
LDB: ============= START OF LOAD BALANCING ============== 101070
LDB: ============== END OF LOAD BALANCING =============== 101070
LDB: =============== DONE WITH MIGRATION ================ 101070
LDB: ============= START OF LOAD BALANCING ============== 101079
LDB: ============== END OF LOAD BALANCING =============== 101079
LDB: =============== DONE WITH MIGRATION ================ 101079
LDB: ============= START OF LOAD BALANCING ============== 101406
LDB: ============== END OF LOAD BALANCING =============== 101406
LDB: =============== DONE WITH MIGRATION ================ 101406
LDB: ============= START OF LOAD BALANCING ============== 101415
LDB: ============== END OF LOAD BALANCING =============== 101415
LDB: =============== DONE WITH MIGRATION ================ 101415
LDB: ============= START OF LOAD BALANCING ============== 101742
LDB: ============== END OF LOAD BALANCING =============== 101742
LDB: =============== DONE WITH MIGRATION ================ 101742
LDB: ============= START OF LOAD BALANCING ============== 101750
LDB: ============== END OF LOAD BALANCING =============== 101750
LDB: =============== DONE WITH MIGRATION ================ 101750
LDB: ============= START OF LOAD BALANCING ============== 102078
LDB: ============== END OF LOAD BALANCING =============== 102078
LDB: =============== DONE WITH MIGRATION ================ 102078
LDB: ============= START OF LOAD BALANCING ============== 102086
LDB: ============== END OF LOAD BALANCING =============== 102086
LDB: =============== DONE WITH MIGRATION ================ 102086
PRESSURE: 610000 23.878 2.56131 243.036 2.56131 307.283 89.4562 243.036 89.4562 -186.336
GPRESSURE: 610000 24.5501 -11.8645 215.582 -105.347 338.441 82.0868 59.5614 117.958 -162.34
PRESSAVG: 610000 -12.7956 -27.289 2.91614 -27.289 -45.8471 11.201 2.91614 11.201 0.886372
GPRESSAVG: 610000 -12.7943 -27.2477 2.96965 -27.4095 -45.8892 11.1956 3.0202 11.2463 0.999174
ENERGY:  610000      1537.2644      9029.5164      5648.1763        80.0276         -61065.0533     -1290.6631         0.0000         0.0000     18275.8786         -27784.8530       294.9691    -46060.7316    -27641.3210       296.7968             48.2750        66.8836    265788.5422       -19.2521       -19.2281

WRITING COORDINATES TO DCD FILE NPT.dcd AT STEP 610000
LDB: ============= START OF LOAD BALANCING ============== 102415
LDB: ============== END OF LOAD BALANCING =============== 102415
LDB: =============== DONE WITH MIGRATION ================ 102415
LDB: ============= START OF LOAD BALANCING ============== 102423
LDB: ============== END OF LOAD BALANCING =============== 102423
LDB: =============== DONE WITH MIGRATION ================ 102423
LDB: ============= START OF LOAD BALANCING ============== 102752
LDB: ============== END OF LOAD BALANCING =============== 102752
LDB: =============== DONE WITH MIGRATION ================ 102752
LDB: ============= START OF LOAD BALANCING ============== 102760
LDB: ============== END OF LOAD BALANCING =============== 102760
LDB: =============== DONE WITH MIGRATION ================ 102760
LDB: ============= START OF LOAD BALANCING ============== 103088
LDB: ============== END OF LOAD BALANCING =============== 103088
LDB: =============== DONE WITH MIGRATION ================ 103088
LDB: ============= START OF LOAD BALANCING ============== 103097
LDB: ============== END OF LOAD BALANCING =============== 103097
LDB: =============== DONE WITH MIGRATION ================ 103097
LDB: ============= START OF LOAD BALANCING ============== 103425
LDB: ============== END OF LOAD BALANCING =============== 103425
LDB: =============== DONE WITH MIGRATION ================ 103425
LDB: ============= START OF LOAD BALANCING ============== 103433
LDB: ============== END OF LOAD BALANCING =============== 103433
LDB: =============== DONE WITH MIGRATION ================ 103433
LDB: ============= START OF LOAD BALANCING ============== 103762
LDB: ============== END OF LOAD BALANCING =============== 103762
LDB: =============== DONE WITH MIGRATION ================ 103762
LDB: ============= START OF LOAD BALANCING ============== 103770
LDB: ============== END OF LOAD BALANCING =============== 103770
LDB: =============== DONE WITH MIGRATION ================ 103770
PRESSURE: 620000 -517.085 225.694 -15.8904 225.694 -144.008 136.347 -15.8904 136.347 -373.682
GPRESSURE: 620000 -566.575 263.626 -77.1211 89.5464 -27.1331 121.246 122.309 41.756 -365.667
PRESSAVG: 620000 -15.8457 0.755117 17.7889 0.755117 8.25911 -8.67995 17.7889 -8.67995 0.975884
GPRESSAVG: 620000 -15.6894 0.767141 17.7482 0.756989 8.09635 -8.66849 17.7892 -8.68875 0.906304
ENERGY:  620000      1529.8283      8989.7646      5715.3822        69.2568         -61095.4113     -1334.2261         0.0000         0.0000     18233.2157         -27892.1897       294.2805    -46125.4055    -27744.7783       296.3407           -344.9250      -319.7916    265557.7320        -2.2036        -2.2289

WRITING COORDINATES TO DCD FILE NPT.dcd AT STEP 620000
LDB: ============= START OF LOAD BALANCING ============== 104098
LDB: ============== END OF LOAD BALANCING =============== 104098
LDB: =============== DONE WITH MIGRATION ================ 104098
LDB: ============= START OF LOAD BALANCING ============== 104107
LDB: ============== END OF LOAD BALANCING =============== 104107
LDB: =============== DONE WITH MIGRATION ================ 104107
LDB: ============= START OF LOAD BALANCING ============== 104435
LDB: ============== END OF LOAD BALANCING =============== 104435
LDB: =============== DONE WITH MIGRATION ================ 104435
LDB: ============= START OF LOAD BALANCING ============== 104444
LDB: ============== END OF LOAD BALANCING =============== 104444
LDB: =============== DONE WITH MIGRATION ================ 104444
LDB: ============= START OF LOAD BALANCING ============== 104772
LDB: ============== END OF LOAD BALANCING =============== 104772
LDB: =============== DONE WITH MIGRATION ================ 104772
LDB: ============= START OF LOAD BALANCING ============== 104780
LDB: ============== END OF LOAD BALANCING =============== 104780
LDB: =============== DONE WITH MIGRATION ================ 104780
LDB: ============= START OF LOAD BALANCING ============== 105108
LDB: ============== END OF LOAD BALANCING =============== 105108
LDB: =============== DONE WITH MIGRATION ================ 105108
LDB: ============= START OF LOAD BALANCING ============== 105117
LDB: ============== END OF LOAD BALANCING =============== 105117
LDB: =============== DONE WITH MIGRATION ================ 105117
LDB: ============= START OF LOAD BALANCING ============== 105444
LDB: ============== END OF LOAD BALANCING =============== 105444
LDB: =============== DONE WITH MIGRATION ================ 105444
LDB: ============= START OF LOAD BALANCING ============== 105452
LDB: ============== END OF LOAD BALANCING =============== 105452
LDB: =============== DONE WITH MIGRATION ================ 105452
PRESSURE: 630000 89.3921 81.3231 218.465 81.3231 -37.9112 -351.513 218.465 -351.513 -53.2751
GPRESSURE: 630000 52.2991 135.951 401.157 8.93515 -66.6897 -296.655 217.283 -277.527 80.6782
PRESSAVG: 630000 22.3586 22.2579 10.2498 22.2579 15.2078 -1.87036 10.2498 -1.87036 6.11155
GPRESSAVG: 630000 22.2988 22.2466 10.2575 22.3017 15.2789 -1.95054 10.2992 -1.80586 6.22994
ENERGY:  630000      1582.2427      9025.2179      5673.6667        77.5499         -61291.3094     -1134.3366         0.0000         0.0000     18249.0448         -27817.9238       294.5360    -46066.9687    -27668.2951       296.3089             -0.5981        22.0959    266166.3261        14.5593        14.6025

WRITING COORDINATES TO DCD FILE NPT.dcd AT STEP 630000
LDB: ============= START OF LOAD BALANCING ============== 105780
LDB: ============== END OF LOAD BALANCING =============== 105780
LDB: =============== DONE WITH MIGRATION ================ 105780
LDB: ============= START OF LOAD BALANCING ============== 105788
LDB: ============== END OF LOAD BALANCING =============== 105788
LDB: =============== DONE WITH MIGRATION ================ 105788
LDB: ============= START OF LOAD BALANCING ============== 106116
LDB: ============== END OF LOAD BALANCING =============== 106116
LDB: =============== DONE WITH MIGRATION ================ 106116
LDB: ============= START OF LOAD BALANCING ============== 106125
LDB: ============== END OF LOAD BALANCING =============== 106125
LDB: =============== DONE WITH MIGRATION ================ 106125
LDB: ============= START OF LOAD BALANCING ============== 106453
LDB: ============== END OF LOAD BALANCING =============== 106453
LDB: =============== DONE WITH MIGRATION ================ 106453
LDB: ============= START OF LOAD BALANCING ============== 106462
LDB: ============== END OF LOAD BALANCING =============== 106462
LDB: =============== DONE WITH MIGRATION ================ 106462
LDB: ============= START OF LOAD BALANCING ============== 106789
LDB: ============== END OF LOAD BALANCING =============== 106789
LDB: =============== DONE WITH MIGRATION ================ 106789
LDB: ============= START OF LOAD BALANCING ============== 106798
LDB: ============== END OF LOAD BALANCING =============== 106798
LDB: =============== DONE WITH MIGRATION ================ 106798
LDB: ============= START OF LOAD BALANCING ============== 107126
LDB: ============== END OF LOAD BALANCING =============== 107126
LDB: =============== DONE WITH MIGRATION ================ 107126
LDB: ============= START OF LOAD BALANCING ============== 107134
LDB: ============== END OF LOAD BALANCING =============== 107134
LDB: =============== DONE WITH MIGRATION ================ 107134
PRESSURE: 640000 170.409 -64.1776 -53.4247 -64.1776 -469.62 276.42 -53.4247 276.42 189.937
GPRESSURE: 640000 -30.6271 -74.0642 -152.911 24.2123 -395.147 389.904 -181.392 181.306 316.935
PRESSAVG: 640000 -34.4628 49.7705 0.0679017 49.7705 -87.4561 -3.3758 0.0679017 -3.3758 4.90011
GPRESSAVG: 640000 -34.5101 49.8123 0.0198338 49.7721 -87.4509 -3.31134 0.0279713 -3.39695 4.82261
ENERGY:  640000      1561.2332      9119.9662      5671.5954        74.0851         -61083.2376     -1437.3708         0.0000         0.0000     18489.3612         -27604.3673       298.4146    -46093.7285    -27455.1166       295.9913            -36.4244       -36.2799    265463.4737       -39.0063       -39.0461

WRITING COORDINATES TO DCD FILE NPT.dcd AT STEP 640000
LDB: ============= START OF LOAD BALANCING ============== 107462
LDB: ============== END OF LOAD BALANCING =============== 107462
LDB: =============== DONE WITH MIGRATION ================ 107462
LDB: ============= START OF LOAD BALANCING ============== 107471
LDB: ============== END OF LOAD BALANCING =============== 107471
LDB: =============== DONE WITH MIGRATION ================ 107471
LDB: ============= START OF LOAD BALANCING ============== 107798
LDB: ============== END OF LOAD BALANCING =============== 107798
LDB: =============== DONE WITH MIGRATION ================ 107798
LDB: ============= START OF LOAD BALANCING ============== 107807
LDB: ============== END OF LOAD BALANCING =============== 107807
LDB: =============== DONE WITH MIGRATION ================ 107807
LDB: ============= START OF LOAD BALANCING ============== 108135
LDB: ============== END OF LOAD BALANCING =============== 108135
LDB: =============== DONE WITH MIGRATION ================ 108135
LDB: ============= START OF LOAD BALANCING ============== 108143
LDB: ============== END OF LOAD BALANCING =============== 108143
LDB: =============== DONE WITH MIGRATION ================ 108143
LDB: ============= START OF LOAD BALANCING ============== 108471
LDB: ============== END OF LOAD BALANCING =============== 108471
LDB: =============== DONE WITH MIGRATION ================ 108471
LDB: ============= START OF LOAD BALANCING ============== 108480
LDB: ============== END OF LOAD BALANCING =============== 108480
LDB: =============== DONE WITH MIGRATION ================ 108480
LDB: ============= START OF LOAD BALANCING ============== 108807
LDB: ============== END OF LOAD BALANCING =============== 108807
LDB: =============== DONE WITH MIGRATION ================ 108807
LDB: ============= START OF LOAD BALANCING ============== 108816
LDB: ============== END OF LOAD BALANCING =============== 108816
LDB: =============== DONE WITH MIGRATION ================ 108816
PRESSURE: 650000 114.492 -216.262 -347.037 -216.262 -350.91 240.961 -347.037 240.961 -667.261
GPRESSURE: 650000 173.138 -180.321 -431.213 -161.999 -303.092 430.801 -53.7321 221.142 -704.359
PRESSAVG: 650000 -2.55808 3.79573 12.6095 3.79573 -31.4538 22.3133 12.6095 22.3133 2.14987
GPRESSAVG: 650000 -2.55233 3.76333 12.6714 3.81591 -31.5778 22.337 12.7285 22.3994 2.24455
ENERGY:  650000      1536.5763      9039.9748      5676.4821        76.5944         -61196.9807     -1360.9242         0.0000         0.0000     18233.6229         -27994.6543       294.2871    -46228.2773    -27848.5437       297.1742           -301.2267      -278.1045    265313.1697       -10.6207       -10.6285

WRITING EXTENDED SYSTEM TO RESTART FILE AT STEP 650000
WRITING COORDINATES TO DCD FILE NPT.dcd AT STEP 650000
WRITING COORDINATES TO RESTART FILE AT STEP 650000
FINISHED WRITING RESTART COORDINATES
WRITING VELOCITIES TO RESTART FILE AT STEP 650000
FINISHED WRITING RESTART VELOCITIES
LDB: ============= START OF LOAD BALANCING ============== 109144
LDB: ============== END OF LOAD BALANCING =============== 109144
LDB: =============== DONE WITH MIGRATION ================ 109144
LDB: ============= START OF LOAD BALANCING ============== 109152
LDB: ============== END OF LOAD BALANCING =============== 109152
LDB: =============== DONE WITH MIGRATION ================ 109152
LDB: ============= START OF LOAD BALANCING ============== 109480
LDB: ============== END OF LOAD BALANCING =============== 109480
LDB: =============== DONE WITH MIGRATION ================ 109480
LDB: ============= START OF LOAD BALANCING ============== 109489
LDB: ============== END OF LOAD BALANCING =============== 109489
LDB: =============== DONE WITH MIGRATION ================ 109489
LDB: ============= START OF LOAD BALANCING ============== 109817
LDB: ============== END OF LOAD BALANCING =============== 109817
LDB: =============== DONE WITH MIGRATION ================ 109817
LDB: ============= START OF LOAD BALANCING ============== 109825
LDB: ============== END OF LOAD BALANCING =============== 109825
LDB: =============== DONE WITH MIGRATION ================ 109825
LDB: ============= START OF LOAD BALANCING ============== 110153
LDB: ============== END OF LOAD BALANCING =============== 110153
LDB: =============== DONE WITH MIGRATION ================ 110153
LDB: ============= START OF LOAD BALANCING ============== 110161
LDB: ============== END OF LOAD BALANCING =============== 110161
LDB: =============== DONE WITH MIGRATION ================ 110161
LDB: ============= START OF LOAD BALANCING ============== 110489
LDB: ============== END OF LOAD BALANCING =============== 110489
LDB: =============== DONE WITH MIGRATION ================ 110489
LDB: ============= START OF LOAD BALANCING ============== 110498
LDB: ============== END OF LOAD BALANCING =============== 110498
LDB: =============== DONE WITH MIGRATION ================ 110498
PRESSURE: 660000 508.764 254.769 -186.266 254.769 -193.075 397.021 -186.266 397.021 -330.306
GPRESSURE: 660000 426.139 267.731 75.8383 116.967 -107.647 464.782 -245.032 401.366 -320.953
PRESSAVG: 660000 5.4879 29.4367 -11.9155 29.4367 -35.312 -12.6923 -11.9155 -12.6923 0.141475
GPRESSAVG: 660000 5.44221 29.4199 -11.9796 29.4539 -35.2453 -12.7618 -11.9227 -12.6252 0.146347
ENERGY:  660000      1520.4735      9095.1716      5713.3001        79.5513         -61281.0505     -1245.6977         0.0000         0.0000     18280.0535         -27838.1983       295.0364    -46118.2518    -27692.8276       296.1237             -4.8726        -0.8203    265089.3462        -9.8942        -9.8856

WRITING COORDINATES TO DCD FILE NPT.dcd AT STEP 660000
LDB: ============= START OF LOAD BALANCING ============== 110826
LDB: ============== END OF LOAD BALANCING =============== 110826
LDB: =============== DONE WITH MIGRATION ================ 110826
LDB: ============= START OF LOAD BALANCING ============== 110834
LDB: ============== END OF LOAD BALANCING =============== 110834
LDB: =============== DONE WITH MIGRATION ================ 110834
LDB: ============= START OF LOAD BALANCING ============== 111163
LDB: ============== END OF LOAD BALANCING =============== 111163
LDB: =============== DONE WITH MIGRATION ================ 111163
LDB: ============= START OF LOAD BALANCING ============== 111171
LDB: ============== END OF LOAD BALANCING =============== 111171
LDB: =============== DONE WITH MIGRATION ================ 111171
LDB: ============= START OF LOAD BALANCING ============== 111500
LDB: ============== END OF LOAD BALANCING =============== 111500
LDB: =============== DONE WITH MIGRATION ================ 111500
LDB: ============= START OF LOAD BALANCING ============== 111509
LDB: ============== END OF LOAD BALANCING =============== 111509
LDB: =============== DONE WITH MIGRATION ================ 111509
LDB: ============= START OF LOAD BALANCING ============== 111836
LDB: ============== END OF LOAD BALANCING =============== 111836
LDB: =============== DONE WITH MIGRATION ================ 111836
LDB: ============= START OF LOAD BALANCING ============== 111845
LDB: ============== END OF LOAD BALANCING =============== 111845
LDB: =============== DONE WITH MIGRATION ================ 111845
LDB: ============= START OF LOAD BALANCING ============== 112173
LDB: ============== END OF LOAD BALANCING =============== 112173
LDB: =============== DONE WITH MIGRATION ================ 112173
LDB: ============= START OF LOAD BALANCING ============== 112181
LDB: ============== END OF LOAD BALANCING =============== 112181
LDB: =============== DONE WITH MIGRATION ================ 112181
PRESSURE: 670000 324.483 -452.543 118.51 -452.543 -461.088 35.5977 118.51 35.5977 410.544
GPRESSURE: 670000 216.943 -491.011 117.485 -332.266 -365.995 64.737 302.368 4.64486 450.988
PRESSAVG: 670000 24.8724 20.1536 -9.10111 20.1536 -37.0082 -22.0812 -9.10111 -22.0812 2.82048
GPRESSAVG: 670000 24.7184 20.1099 -9.03132 20.2908 -37.0555 -21.9766 -9.02581 -22.0543 2.8236
ENERGY:  670000      1545.9947      9176.2469      5660.7237        78.5553         -61027.6615     -1464.4060         0.0000         0.0000     18153.7082         -27876.8387       292.9973    -46030.5468    -27734.9075       296.3121             91.3128       100.6453    265255.3533        -3.1051        -3.1711

WRITING COORDINATES TO DCD FILE NPT.dcd AT STEP 670000
LDB: ============= START OF LOAD BALANCING ============== 112510
LDB: ============== END OF LOAD BALANCING =============== 112510
LDB: =============== DONE WITH MIGRATION ================ 112510
LDB: ============= START OF LOAD BALANCING ============== 112518
LDB: ============== END OF LOAD BALANCING =============== 112518
LDB: =============== DONE WITH MIGRATION ================ 112518
LDB: ============= START OF LOAD BALANCING ============== 112847
LDB: ============== END OF LOAD BALANCING =============== 112847
LDB: =============== DONE WITH MIGRATION ================ 112847
LDB: ============= START OF LOAD BALANCING ============== 112855
LDB: ============== END OF LOAD BALANCING =============== 112855
LDB: =============== DONE WITH MIGRATION ================ 112855
LDB: ============= START OF LOAD BALANCING ============== 113183
LDB: ============== END OF LOAD BALANCING =============== 113183
LDB: =============== DONE WITH MIGRATION ================ 113183
LDB: ============= START OF LOAD BALANCING ============== 113192
LDB: ============== END OF LOAD BALANCING =============== 113192
LDB: =============== DONE WITH MIGRATION ================ 113192
LDB: ============= START OF LOAD BALANCING ============== 113520
LDB: ============== END OF LOAD BALANCING =============== 113520
LDB: =============== DONE WITH MIGRATION ================ 113520
LDB: ============= START OF LOAD BALANCING ============== 113529
LDB: ============== END OF LOAD BALANCING =============== 113529
LDB: =============== DONE WITH MIGRATION ================ 113529
LDB: ============= START OF LOAD BALANCING ============== 113857
LDB: ============== END OF LOAD BALANCING =============== 113857
LDB: =============== DONE WITH MIGRATION ================ 113857
LDB: ============= START OF LOAD BALANCING ============== 113866
LDB: ============== END OF LOAD BALANCING =============== 113866
LDB: =============== DONE WITH MIGRATION ================ 113866
PRESSURE: 680000 236.488 92.3883 -168.14 92.3883 375.94 127.7 -168.14 127.7 406.993
GPRESSURE: 680000 259.69 -15.7308 -137.272 100.491 424.252 234.345 -142.563 105.955 358.19
PRESSAVG: 680000 4.60738 3.02363 -10.9762 3.02363 3.55359 7.96968 -10.9762 7.96968 1.69826
GPRESSAVG: 680000 4.67494 3.10628 -11.0206 2.98125 3.46519 7.90064 -11.0519 7.85559 1.71709
ENERGY:  680000      1515.7338      9138.7639      5662.9215        75.4914         -61211.5913     -1318.9823         0.0000         0.0000     18385.5365         -27752.1267       296.7389    -46137.6632    -27610.8276       296.6344            339.8070       347.3773    264331.2539         3.2864         3.2857

WRITING COORDINATES TO DCD FILE NPT.dcd AT STEP 680000
LDB: ============= START OF LOAD BALANCING ============== 114194
LDB: ============== END OF LOAD BALANCING =============== 114194
LDB: =============== DONE WITH MIGRATION ================ 114194
LDB: ============= START OF LOAD BALANCING ============== 114202
LDB: ============== END OF LOAD BALANCING =============== 114202
LDB: =============== DONE WITH MIGRATION ================ 114202
LDB: ============= START OF LOAD BALANCING ============== 114531
LDB: ============== END OF LOAD BALANCING =============== 114531
LDB: =============== DONE WITH MIGRATION ================ 114531
LDB: ============= START OF LOAD BALANCING ============== 114539
LDB: ============== END OF LOAD BALANCING =============== 114539
LDB: =============== DONE WITH MIGRATION ================ 114539
LDB: ============= START OF LOAD BALANCING ============== 114869
LDB: ============== END OF LOAD BALANCING =============== 114869
LDB: =============== DONE WITH MIGRATION ================ 114869
LDB: ============= START OF LOAD BALANCING ============== 114877
LDB: ============== END OF LOAD BALANCING =============== 114877
LDB: =============== DONE WITH MIGRATION ================ 114877
LDB: ============= START OF LOAD BALANCING ============== 115206
LDB: ============== END OF LOAD BALANCING =============== 115206
LDB: =============== DONE WITH MIGRATION ================ 115206
LDB: ============= START OF LOAD BALANCING ============== 115215
LDB: ============== END OF LOAD BALANCING =============== 115215
LDB: =============== DONE WITH MIGRATION ================ 115215
LDB: ============= START OF LOAD BALANCING ============== 115543
LDB: ============== END OF LOAD BALANCING =============== 115543
LDB: =============== DONE WITH MIGRATION ================ 115543
LDB: ============= START OF LOAD BALANCING ============== 115551
LDB: ============== END OF LOAD BALANCING =============== 115551
LDB: =============== DONE WITH MIGRATION ================ 115551
PRESSURE: 690000 359.499 -108.761 -101.533 -108.761 -540.666 -686.827 -101.533 -686.827 390.191
GPRESSURE: 690000 232.265 -316.993 -6.49785 -254.963 -409.987 -624.099 57.8549 -597.457 469.823
PRESSAVG: 690000 78.2245 3.45331 -10.9975 3.45331 23.293 -1.42796 -10.9975 -1.42796 1.14867
GPRESSAVG: 690000 78.2226 3.43508 -11.0323 3.38422 23.3487 -1.39791 -11.048 -1.46649 1.12264
ENERGY:  690000      1544.1370      9056.4250      5747.7604        66.7008         -60817.1933     -1421.9703         0.0000         0.0000     18426.5008         -27397.6396       297.4001    -45824.1403    -27250.5852       296.4443             69.6744        97.3669    264665.2909        34.2220        34.2313

WRITING COORDINATES TO DCD FILE NPT.dcd AT STEP 690000
LDB: ============= START OF LOAD BALANCING ============== 115880
LDB: ============== END OF LOAD BALANCING =============== 115880
LDB: =============== DONE WITH MIGRATION ================ 115880
LDB: ============= START OF LOAD BALANCING ============== 115888
LDB: ============== END OF LOAD BALANCING =============== 115888
LDB: =============== DONE WITH MIGRATION ================ 115888
LDB: ============= START OF LOAD BALANCING ============== 116216
LDB: ============== END OF LOAD BALANCING =============== 116216
LDB: =============== DONE WITH MIGRATION ================ 116216
LDB: ============= START OF LOAD BALANCING ============== 116225
LDB: ============== END OF LOAD BALANCING =============== 116225
LDB: =============== DONE WITH MIGRATION ================ 116225
LDB: ============= START OF LOAD BALANCING ============== 116553
LDB: ============== END OF LOAD BALANCING =============== 116553
LDB: =============== DONE WITH MIGRATION ================ 116553
LDB: ============= START OF LOAD BALANCING ============== 116561
LDB: ============== END OF LOAD BALANCING =============== 116561
LDB: =============== DONE WITH MIGRATION ================ 116561
LDB: ============= START OF LOAD BALANCING ============== 116889
LDB: ============== END OF LOAD BALANCING =============== 116889
LDB: =============== DONE WITH MIGRATION ================ 116889
LDB: ============= START OF LOAD BALANCING ============== 116897
LDB: ============== END OF LOAD BALANCING =============== 116897
LDB: =============== DONE WITH MIGRATION ================ 116897
LDB: ============= START OF LOAD BALANCING ============== 117225
LDB: ============== END OF LOAD BALANCING =============== 117225
LDB: =============== DONE WITH MIGRATION ================ 117225
LDB: ============= START OF LOAD BALANCING ============== 117234
LDB: ============== END OF LOAD BALANCING =============== 117234
LDB: =============== DONE WITH MIGRATION ================ 117234
PRESSURE: 700000 -472.977 51.5349 -148.304 51.5349 -576.949 -145.522 -148.304 -145.522 336.846
GPRESSURE: 700000 -305.169 75.3311 -174.628 -9.5855 -500.586 -123.686 -34.6405 -270.621 184.822
PRESSAVG: 700000 -45.3953 -18.1558 -40.8689 -18.1558 -3.95787 -23.0773 -40.8689 -23.0773 -3.98107
GPRESSAVG: 700000 -45.407 -18.1828 -40.8898 -18.2072 -3.98895 -23.0285 -40.8286 -23.0703 -3.93869
TIMING: 700000  CPU: 117509, 0.168265/step  Wall: 117511, 0.168269/step, 14.0224 hours remaining, 685.380939 MB of memory in use.
PERFORMANCE: 700000  averaging 1.02935 ns/day, 0.167873 sec/step with standard deviation 0.000345671
ETITLE:      TS           BOND          ANGLE          DIHED          IMPRP               ELECT            VDW       BOUNDARY           MISC        KINETIC               TOTAL           TEMP      POTENTIAL         TOTAL3        TEMPAVG            PRESSURE      GPRESSURE         VOLUME       PRESSAVG      GPRESSAVG

ENERGY:  700000      1566.8565      8983.1291      5704.6300        72.9816         -61374.1994     -1181.9239         0.0000         0.0000     18390.6557         -27837.8704       296.8215    -46228.5261    -27684.5058       297.1224           -237.6937      -206.9774    264987.1761       -17.7781       -17.7782

WRITING EXTENDED SYSTEM TO RESTART FILE AT STEP 700000
WRITING COORDINATES TO DCD FILE NPT.dcd AT STEP 700000
WRITING COORDINATES TO RESTART FILE AT STEP 700000
FINISHED WRITING RESTART COORDINATES
WRITING VELOCITIES TO RESTART FILE AT STEP 700000
FINISHED WRITING RESTART VELOCITIES
LDB: ============= START OF LOAD BALANCING ============== 117562
LDB: ============== END OF LOAD BALANCING =============== 117562
LDB: =============== DONE WITH MIGRATION ================ 117562
LDB: ============= START OF LOAD BALANCING ============== 117570
LDB: ============== END OF LOAD BALANCING =============== 117570
LDB: =============== DONE WITH MIGRATION ================ 117570
LDB: ============= START OF LOAD BALANCING ============== 117898
LDB: ============== END OF LOAD BALANCING =============== 117898
LDB: =============== DONE WITH MIGRATION ================ 117898
LDB: ============= START OF LOAD BALANCING ============== 117907
LDB: ============== END OF LOAD BALANCING =============== 117907
LDB: =============== DONE WITH MIGRATION ================ 117907
LDB: ============= START OF LOAD BALANCING ============== 118235
LDB: ============== END OF LOAD BALANCING =============== 118235
LDB: =============== DONE WITH MIGRATION ================ 118235
LDB: ============= START OF LOAD BALANCING ============== 118243
LDB: ============== END OF LOAD BALANCING =============== 118243
LDB: =============== DONE WITH MIGRATION ================ 118243
LDB: ============= START OF LOAD BALANCING ============== 118571
LDB: ============== END OF LOAD BALANCING =============== 118571
LDB: =============== DONE WITH MIGRATION ================ 118571
LDB: ============= START OF LOAD BALANCING ============== 118580
LDB: ============== END OF LOAD BALANCING =============== 118580
LDB: =============== DONE WITH MIGRATION ================ 118580
LDB: ============= START OF LOAD BALANCING ============== 118907
LDB: ============== END OF LOAD BALANCING =============== 118907
LDB: =============== DONE WITH MIGRATION ================ 118907
LDB: ============= START OF LOAD BALANCING ============== 118915
LDB: ============== END OF LOAD BALANCING =============== 118915
LDB: =============== DONE WITH MIGRATION ================ 118915
PRESSURE: 710000 373.009 363.949 -198.405 363.949 -100.419 104.698 -198.405 104.698 -106.634
GPRESSURE: 710000 438.031 204.394 -252.818 488.07 -117.69 165.159 -142.04 136.898 -54.7297
PRESSAVG: 710000 -60.2324 -42.0308 -9.61946 -42.0308 5.87437 -38.0392 -9.61946 -38.0392 3.48327
GPRESSAVG: 710000 -60.268 -42.0553 -9.52357 -42.0984 5.8928 -38.0416 -9.44904 -38.0606 3.46514
ENERGY:  710000      1553.1816      9010.5467      5658.2884        82.1083         -61358.1108     -1078.6503         0.0000         0.0000     18394.7410         -27737.8951       296.8875    -46132.6361    -27591.5649       296.5366             55.3187        88.5372    266215.1008       -16.9583       -16.9700

WRITING COORDINATES TO DCD FILE NPT.dcd AT STEP 710000
LDB: ============= START OF LOAD BALANCING ============== 119243
LDB: ============== END OF LOAD BALANCING =============== 119243
LDB: =============== DONE WITH MIGRATION ================ 119243
LDB: ============= START OF LOAD BALANCING ============== 119251
LDB: ============== END OF LOAD BALANCING =============== 119251
LDB: =============== DONE WITH MIGRATION ================ 119251
LDB: ============= START OF LOAD BALANCING ============== 119578
LDB: ============== END OF LOAD BALANCING =============== 119578
LDB: =============== DONE WITH MIGRATION ================ 119578
LDB: ============= START OF LOAD BALANCING ============== 119587
LDB: ============== END OF LOAD BALANCING =============== 119587
LDB: =============== DONE WITH MIGRATION ================ 119587
LDB: ============= START OF LOAD BALANCING ============== 119914
LDB: ============== END OF LOAD BALANCING =============== 119914
LDB: =============== DONE WITH MIGRATION ================ 119914
LDB: ============= START OF LOAD BALANCING ============== 119923
LDB: ============== END OF LOAD BALANCING =============== 119923
LDB: =============== DONE WITH MIGRATION ================ 119923
LDB: ============= START OF LOAD BALANCING ============== 120250
LDB: ============== END OF LOAD BALANCING =============== 120250
LDB: =============== DONE WITH MIGRATION ================ 120250
LDB: ============= START OF LOAD BALANCING ============== 120258
LDB: ============== END OF LOAD BALANCING =============== 120258
LDB: =============== DONE WITH MIGRATION ================ 120258
LDB: ============= START OF LOAD BALANCING ============== 120586
LDB: ============== END OF LOAD BALANCING =============== 120586
LDB: =============== DONE WITH MIGRATION ================ 120586
LDB: ============= START OF LOAD BALANCING ============== 120594
LDB: ============== END OF LOAD BALANCING =============== 120594
LDB: =============== DONE WITH MIGRATION ================ 120594
PRESSURE: 720000 -81.1821 15.0025 224.181 15.0025 -223.083 -142.562 224.181 -142.562 31.0688
GPRESSURE: 720000 -371.709 112.7 164.995 77.1156 -61.0488 -167.851 15.5769 23.9826 157.152
PRESSAVG: 720000 -43.0926 5.12135 -3.46732 5.12135 -52.2176 -18.6359 -3.46732 -18.6359 8.38114
GPRESSAVG: 720000 -43.1136 5.09996 -3.46545 5.14811 -52.2655 -18.706 -3.53586 -18.5663 8.38181
ENERGY:  720000      1601.0142      9152.5470      5715.0945        82.5719         -61313.6258     -1252.2723         0.0000         0.0000     18491.5758         -27523.0947       298.4504    -46014.6705    -27369.9550       297.2051            -91.0653       -91.8685    265420.6975       -28.9763       -28.9991

WRITING COORDINATES TO DCD FILE NPT.dcd AT STEP 720000
LDB: ============= START OF LOAD BALANCING ============== 120922
LDB: ============== END OF LOAD BALANCING =============== 120922
LDB: =============== DONE WITH MIGRATION ================ 120922
LDB: ============= START OF LOAD BALANCING ============== 120931
LDB: ============== END OF LOAD BALANCING =============== 120931
LDB: =============== DONE WITH MIGRATION ================ 120931
LDB: ============= START OF LOAD BALANCING ============== 121259
LDB: ============== END OF LOAD BALANCING =============== 121259
LDB: =============== DONE WITH MIGRATION ================ 121259
LDB: ============= START OF LOAD BALANCING ============== 121268
LDB: ============== END OF LOAD BALANCING =============== 121268
LDB: =============== DONE WITH MIGRATION ================ 121268
LDB: ============= START OF LOAD BALANCING ============== 121595
LDB: ============== END OF LOAD BALANCING =============== 121595
LDB: =============== DONE WITH MIGRATION ================ 121595
LDB: ============= START OF LOAD BALANCING ============== 121603
LDB: ============== END OF LOAD BALANCING =============== 121603
LDB: =============== DONE WITH MIGRATION ================ 121603
LDB: ============= START OF LOAD BALANCING ============== 121932
LDB: ============== END OF LOAD BALANCING =============== 121932
LDB: =============== DONE WITH MIGRATION ================ 121932
LDB: ============= START OF LOAD BALANCING ============== 121940
LDB: ============== END OF LOAD BALANCING =============== 121940
LDB: =============== DONE WITH MIGRATION ================ 121940
LDB: ============= START OF LOAD BALANCING ============== 122268
LDB: ============== END OF LOAD BALANCING =============== 122268
LDB: =============== DONE WITH MIGRATION ================ 122268
LDB: ============= START OF LOAD BALANCING ============== 122276
LDB: ============== END OF LOAD BALANCING =============== 122276
LDB: =============== DONE WITH MIGRATION ================ 122276
PRESSURE: 730000 587.007 58.702 148.167 58.702 -284.84 -134.29 148.167 -134.29 582.64
GPRESSURE: 730000 576.316 143.12 136.752 -171.692 -252.501 -119.435 229.878 -164.87 598.66
PRESSAVG: 730000 -56.4749 -29.2222 -5.12524 -29.2222 -27.3598 0.717884 -5.12524 0.717884 -1.99134
GPRESSAVG: 730000 -56.4136 -29.2107 -5.21524 -29.2814 -27.4125 0.639053 -5.14689 0.632013 -2.00848
ENERGY:  730000      1532.0332      9171.4292      5678.3524        63.5163         -60973.8428     -1492.6663         0.0000         0.0000     18413.3018         -27607.8761       297.1870    -46021.1780    -27465.2380       296.5936            294.9359       307.4918    265441.8899       -28.6087       -28.6115

WRITING COORDINATES TO DCD FILE NPT.dcd AT STEP 730000
LDB: ============= START OF LOAD BALANCING ============== 122603
LDB: ============== END OF LOAD BALANCING =============== 122603
LDB: =============== DONE WITH MIGRATION ================ 122603
LDB: ============= START OF LOAD BALANCING ============== 122612
LDB: ============== END OF LOAD BALANCING =============== 122612
LDB: =============== DONE WITH MIGRATION ================ 122612
LDB: ============= START OF LOAD BALANCING ============== 122939
LDB: ============== END OF LOAD BALANCING =============== 122939
LDB: =============== DONE WITH MIGRATION ================ 122939
LDB: ============= START OF LOAD BALANCING ============== 122947
LDB: ============== END OF LOAD BALANCING =============== 122947
LDB: =============== DONE WITH MIGRATION ================ 122947
LDB: ============= START OF LOAD BALANCING ============== 123275
LDB: ============== END OF LOAD BALANCING =============== 123275
LDB: =============== DONE WITH MIGRATION ================ 123275
LDB: ============= START OF LOAD BALANCING ============== 123283
LDB: ============== END OF LOAD BALANCING =============== 123283
LDB: =============== DONE WITH MIGRATION ================ 123283
LDB: ============= START OF LOAD BALANCING ============== 123611
LDB: ============== END OF LOAD BALANCING =============== 123611
LDB: =============== DONE WITH MIGRATION ================ 123611
LDB: ============= START OF LOAD BALANCING ============== 123620
LDB: ============== END OF LOAD BALANCING =============== 123620
LDB: =============== DONE WITH MIGRATION ================ 123620
LDB: ============= START OF LOAD BALANCING ============== 123947
LDB: ============== END OF LOAD BALANCING =============== 123947
LDB: =============== DONE WITH MIGRATION ================ 123947
LDB: ============= START OF LOAD BALANCING ============== 123955
LDB: ============== END OF LOAD BALANCING =============== 123955
LDB: =============== DONE WITH MIGRATION ================ 123955
PRESSURE: 740000 56.4756 674.199 -11.5423 674.199 267.73 134.816 -11.5423 134.816 143.105
GPRESSURE: 740000 64.5149 395.014 -9.55912 638.597 347.66 250.295 59.8078 -81.0279 91.0564
PRESSAVG: 740000 -2.37459 24.4422 -18.2479 24.4422 -5.94037 14.9369 -18.2479 14.9369 0.294533
GPRESSAVG: 740000 -2.44709 24.4811 -18.2054 24.4042 -5.96035 14.8688 -18.2724 14.8742 0.337853
ENERGY:  740000      1511.9429      9093.1664      5681.2530        72.8534         -61051.8209     -1183.2210         0.0000         0.0000     18408.0777         -27467.7484       297.1027    -45875.8261    -27315.7102       296.7531            155.7701       167.7437    265261.7509        -2.6735        -2.6899

WRITING COORDINATES TO DCD FILE NPT.dcd AT STEP 740000
LDB: ============= START OF LOAD BALANCING ============== 124283
LDB: ============== END OF LOAD BALANCING =============== 124283
LDB: =============== DONE WITH MIGRATION ================ 124283
LDB: ============= START OF LOAD BALANCING ============== 124292
LDB: ============== END OF LOAD BALANCING =============== 124292
LDB: =============== DONE WITH MIGRATION ================ 124292
LDB: ============= START OF LOAD BALANCING ============== 124620
LDB: ============== END OF LOAD BALANCING =============== 124620
LDB: =============== DONE WITH MIGRATION ================ 124620
LDB: ============= START OF LOAD BALANCING ============== 124629
LDB: ============== END OF LOAD BALANCING =============== 124629
LDB: =============== DONE WITH MIGRATION ================ 124629
LDB: ============= START OF LOAD BALANCING ============== 124956
LDB: ============== END OF LOAD BALANCING =============== 124956
LDB: =============== DONE WITH MIGRATION ================ 124956
LDB: ============= START OF LOAD BALANCING ============== 124965
LDB: ============== END OF LOAD BALANCING =============== 124965
LDB: =============== DONE WITH MIGRATION ================ 124965
LDB: ============= START OF LOAD BALANCING ============== 125293
LDB: ============== END OF LOAD BALANCING =============== 125293
LDB: =============== DONE WITH MIGRATION ================ 125293
LDB: ============= START OF LOAD BALANCING ============== 125301
LDB: ============== END OF LOAD BALANCING =============== 125301
LDB: =============== DONE WITH MIGRATION ================ 125301
LDB: ============= START OF LOAD BALANCING ============== 125629
LDB: ============== END OF LOAD BALANCING =============== 125629
LDB: =============== DONE WITH MIGRATION ================ 125629
LDB: ============= START OF LOAD BALANCING ============== 125637
LDB: ============== END OF LOAD BALANCING =============== 125637
LDB: =============== DONE WITH MIGRATION ================ 125637
PRESSURE: 750000 -174.23 205.055 -551.164 205.055 -949.378 454.898 -551.164 454.898 -907.717
GPRESSURE: 750000 -225.666 196.676 -409.022 146.77 -909.843 234.372 -590.627 347.019 -848.91
PRESSAVG: 750000 45.7328 1.03873 -14.5933 1.03873 13.4846 6.20067 -14.5933 6.20067 2.76845
GPRESSAVG: 750000 45.6967 1.03195 -14.556 1.1563 13.5436 6.3245 -14.6442 6.10195 2.76743
ENERGY:  750000      1590.8552      9224.9696      5713.2236        73.0504         -60961.7195     -1322.7424         0.0000         0.0000     18469.7240         -27212.6392       298.0977    -45682.3632    -27064.5309       296.8758           -677.1084      -661.4729    265730.3332        20.6620        20.6692

WRITING EXTENDED SYSTEM TO RESTART FILE AT STEP 750000
WRITING COORDINATES TO DCD FILE NPT.dcd AT STEP 750000
WRITING COORDINATES TO RESTART FILE AT STEP 750000
FINISHED WRITING RESTART COORDINATES
WRITING VELOCITIES TO RESTART FILE AT STEP 750000
FINISHED WRITING RESTART VELOCITIES
LDB: ============= START OF LOAD BALANCING ============== 125964
LDB: ============== END OF LOAD BALANCING =============== 125964
LDB: =============== DONE WITH MIGRATION ================ 125964
LDB: ============= START OF LOAD BALANCING ============== 125973
LDB: ============== END OF LOAD BALANCING =============== 125973
LDB: =============== DONE WITH MIGRATION ================ 125973
LDB: ============= START OF LOAD BALANCING ============== 126300
LDB: ============== END OF LOAD BALANCING =============== 126300
LDB: =============== DONE WITH MIGRATION ================ 126300
LDB: ============= START OF LOAD BALANCING ============== 126309
LDB: ============== END OF LOAD BALANCING =============== 126309
LDB: =============== DONE WITH MIGRATION ================ 126309
LDB: ============= START OF LOAD BALANCING ============== 126636
LDB: ============== END OF LOAD BALANCING =============== 126636
LDB: =============== DONE WITH MIGRATION ================ 126636
LDB: ============= START OF LOAD BALANCING ============== 126644
LDB: ============== END OF LOAD BALANCING =============== 126644
LDB: =============== DONE WITH MIGRATION ================ 126644
LDB: ============= START OF LOAD BALANCING ============== 126972
LDB: ============== END OF LOAD BALANCING =============== 126972
LDB: =============== DONE WITH MIGRATION ================ 126972
LDB: ============= START OF LOAD BALANCING ============== 126980
LDB: ============== END OF LOAD BALANCING =============== 126980
LDB: =============== DONE WITH MIGRATION ================ 126980
LDB: ============= START OF LOAD BALANCING ============== 127308
LDB: ============== END OF LOAD BALANCING =============== 127308
LDB: =============== DONE WITH MIGRATION ================ 127308
LDB: ============= START OF LOAD BALANCING ============== 127316
LDB: ============== END OF LOAD BALANCING =============== 127316
LDB: =============== DONE WITH MIGRATION ================ 127316
PRESSURE: 760000 518.984 -465.528 243.771 -465.528 -859.052 -361.919 243.771 -361.919 -297.574
GPRESSURE: 760000 415.779 -389.338 308.31 -433.861 -736.985 -366.739 369.981 -472.047 -246.358
PRESSAVG: 760000 -31.2334 -3.55407 3.48535 -3.55407 -38.3764 40.9704 3.48535 40.9704 -2.3473
GPRESSAVG: 760000 -31.2479 -3.44814 3.47243 -3.55728 -38.3894 40.9489 3.39637 40.9068 -2.29829
ENERGY:  760000      1496.4590      9072.8342      5681.1776        74.0313         -60843.2761     -1393.9104         0.0000         0.0000     18490.9373         -27421.7471       298.4401    -45912.6844    -27273.2332       297.1095           -212.5475      -189.1877    266579.6227       -23.9857       -23.9785

WRITING COORDINATES TO DCD FILE NPT.dcd AT STEP 760000
LDB: ============= START OF LOAD BALANCING ============== 127643
LDB: ============== END OF LOAD BALANCING =============== 127643
LDB: =============== DONE WITH MIGRATION ================ 127643
LDB: ============= START OF LOAD BALANCING ============== 127652
LDB: ============== END OF LOAD BALANCING =============== 127652
LDB: =============== DONE WITH MIGRATION ================ 127652
LDB: ============= START OF LOAD BALANCING ============== 127979
LDB: ============== END OF LOAD BALANCING =============== 127979
LDB: =============== DONE WITH MIGRATION ================ 127979
LDB: ============= START OF LOAD BALANCING ============== 127988
LDB: ============== END OF LOAD BALANCING =============== 127988
LDB: =============== DONE WITH MIGRATION ================ 127988
LDB: ============= START OF LOAD BALANCING ============== 128316
LDB: ============== END OF LOAD BALANCING =============== 128316
LDB: =============== DONE WITH MIGRATION ================ 128316
LDB: ============= START OF LOAD BALANCING ============== 128324
LDB: ============== END OF LOAD BALANCING =============== 128324
LDB: =============== DONE WITH MIGRATION ================ 128324
LDB: ============= START OF LOAD BALANCING ============== 128652
LDB: ============== END OF LOAD BALANCING =============== 128652
LDB: =============== DONE WITH MIGRATION ================ 128652
LDB: ============= START OF LOAD BALANCING ============== 128661
LDB: ============== END OF LOAD BALANCING =============== 128661
LDB: =============== DONE WITH MIGRATION ================ 128661
LDB: ============= START OF LOAD BALANCING ============== 128988
LDB: ============== END OF LOAD BALANCING =============== 128988
LDB: =============== DONE WITH MIGRATION ================ 128988
LDB: ============= START OF LOAD BALANCING ============== 128996
LDB: ============== END OF LOAD BALANCING =============== 128996
LDB: =============== DONE WITH MIGRATION ================ 128996
PRESSURE: 770000 -469.897 -121.123 -363.921 -121.123 -37.8154 179.586 -363.921 179.586 -181.723
GPRESSURE: 770000 -485.571 -282.077 -249.616 -231.774 -50.8172 150.955 -286.609 136.798 -77.8207
PRESSAVG: 770000 -10.4969 -7.20144 -3.45448 -7.20144 -37.8341 14.9956 -3.45448 14.9956 1.50481
GPRESSAVG: 770000 -10.5908 -7.1564 -3.50361 -7.1422 -37.7632 15.1099 -3.40017 14.9963 1.5249
ENERGY:  770000      1556.7911      9048.3706      5708.4887        76.0020         -61121.5265     -1313.4590         0.0000         0.0000     18321.5864         -27723.7466       295.7068    -46045.3330    -27578.4943       296.5346           -229.8118      -204.7365    265705.0785       -15.6087       -15.6097

WRITING COORDINATES TO DCD FILE NPT.dcd AT STEP 770000
LDB: ============= START OF LOAD BALANCING ============== 129324
LDB: ============== END OF LOAD BALANCING =============== 129324
LDB: =============== DONE WITH MIGRATION ================ 129324
LDB: ============= START OF LOAD BALANCING ============== 129332
LDB: ============== END OF LOAD BALANCING =============== 129332
LDB: =============== DONE WITH MIGRATION ================ 129332
LDB: ============= START OF LOAD BALANCING ============== 129661
LDB: ============== END OF LOAD BALANCING =============== 129661
LDB: =============== DONE WITH MIGRATION ================ 129661
LDB: ============= START OF LOAD BALANCING ============== 129669
LDB: ============== END OF LOAD BALANCING =============== 129669
LDB: =============== DONE WITH MIGRATION ================ 129669
LDB: ============= START OF LOAD BALANCING ============== 129998
LDB: ============== END OF LOAD BALANCING =============== 129998
LDB: =============== DONE WITH MIGRATION ================ 129998
LDB: ============= START OF LOAD BALANCING ============== 130006
LDB: ============== END OF LOAD BALANCING =============== 130006
LDB: =============== DONE WITH MIGRATION ================ 130006
LDB: ============= START OF LOAD BALANCING ============== 130334
LDB: ============== END OF LOAD BALANCING =============== 130334
LDB: =============== DONE WITH MIGRATION ================ 130334
LDB: ============= START OF LOAD BALANCING ============== 130343
LDB: ============== END OF LOAD BALANCING =============== 130343
LDB: =============== DONE WITH MIGRATION ================ 130343
LDB: ============= START OF LOAD BALANCING ============== 130672
LDB: ============== END OF LOAD BALANCING =============== 130672
LDB: =============== DONE WITH MIGRATION ================ 130672
LDB: ============= START OF LOAD BALANCING ============== 130680
LDB: ============== END OF LOAD BALANCING =============== 130680
LDB: =============== DONE WITH MIGRATION ================ 130680
PRESSURE: 780000 -34.4052 -233.098 279.032 -233.098 -198.997 15.5526 279.032 15.5526 68.465
GPRESSURE: 780000 -110.841 -58.0498 440.523 -119.742 -121.214 212.568 106.35 -193.685 149.357
PRESSAVG: 780000 7.01484 13.4284 -6.98295 13.4284 4.36255 -31.0501 -6.98295 -31.0501 2.49384
GPRESSAVG: 780000 7.15793 13.4801 -7.044 13.4708 4.27999 -30.9855 -7.06247 -31.1044 2.45048
ENERGY:  780000      1592.5718      9039.7680      5653.9673        85.1722         -61203.0472     -1321.2313         0.0000         0.0000     18311.2110         -27841.5882       295.5393    -46152.7992    -27693.7129       296.7950            -54.9790       -27.5663    264911.6861         4.6237         4.6295

WRITING COORDINATES TO DCD FILE NPT.dcd AT STEP 780000
LDB: ============= START OF LOAD BALANCING ============== 131008
LDB: ============== END OF LOAD BALANCING =============== 131008
LDB: =============== DONE WITH MIGRATION ================ 131008
LDB: ============= START OF LOAD BALANCING ============== 131017
LDB: ============== END OF LOAD BALANCING =============== 131017
LDB: =============== DONE WITH MIGRATION ================ 131017
LDB: ============= START OF LOAD BALANCING ============== 131344
LDB: ============== END OF LOAD BALANCING =============== 131344
LDB: =============== DONE WITH MIGRATION ================ 131344
LDB: ============= START OF LOAD BALANCING ============== 131353
LDB: ============== END OF LOAD BALANCING =============== 131353
LDB: =============== DONE WITH MIGRATION ================ 131353
LDB: ============= START OF LOAD BALANCING ============== 131681
LDB: ============== END OF LOAD BALANCING =============== 131681
LDB: =============== DONE WITH MIGRATION ================ 131681
LDB: ============= START OF LOAD BALANCING ============== 131689
LDB: ============== END OF LOAD BALANCING =============== 131689
LDB: =============== DONE WITH MIGRATION ================ 131689
LDB: ============= START OF LOAD BALANCING ============== 132017
LDB: ============== END OF LOAD BALANCING =============== 132017
LDB: =============== DONE WITH MIGRATION ================ 132017
LDB: ============= START OF LOAD BALANCING ============== 132026
LDB: ============== END OF LOAD BALANCING =============== 132026
LDB: =============== DONE WITH MIGRATION ================ 132026
LDB: ============= START OF LOAD BALANCING ============== 132354
LDB: ============== END OF LOAD BALANCING =============== 132354
LDB: =============== DONE WITH MIGRATION ================ 132354
LDB: ============= START OF LOAD BALANCING ============== 132362
LDB: ============== END OF LOAD BALANCING =============== 132362
LDB: =============== DONE WITH MIGRATION ================ 132362
PRESSURE: 790000 21.9095 -205.493 116.224 -205.493 373.832 -19.9776 116.224 -19.9776 440.63
GPRESSURE: 790000 172.497 -248.987 252.057 -343.16 254.959 221.524 85.055 -2.34366 444.259
PRESSAVG: 790000 -46.2997 2.76396 -5.43679 2.76396 -28.8851 -4.68974 -5.43679 -4.68974 4.16753
GPRESSAVG: 790000 -46.2959 2.79193 -5.34522 2.69125 -28.889 -4.66874 -5.50192 -4.5905 4.15705
ENERGY:  790000      1535.6667      9116.2841      5680.8566        82.2220         -61287.4426     -1206.4804         0.0000         0.0000     18312.3150         -27766.5786       295.5571    -46078.8936    -27620.5472       295.9878            278.7905       290.5719    265014.5204       -23.6725       -23.6759

WRITING COORDINATES TO DCD FILE NPT.dcd AT STEP 790000
LDB: ============= START OF LOAD BALANCING ============== 132690
LDB: ============== END OF LOAD BALANCING =============== 132690
LDB: =============== DONE WITH MIGRATION ================ 132690
LDB: ============= START OF LOAD BALANCING ============== 132698
LDB: ============== END OF LOAD BALANCING =============== 132698
LDB: =============== DONE WITH MIGRATION ================ 132698
LDB: ============= START OF LOAD BALANCING ============== 133026
LDB: ============== END OF LOAD BALANCING =============== 133026
LDB: =============== DONE WITH MIGRATION ================ 133026
LDB: ============= START OF LOAD BALANCING ============== 133035
LDB: ============== END OF LOAD BALANCING =============== 133035
LDB: =============== DONE WITH MIGRATION ================ 133035
LDB: ============= START OF LOAD BALANCING ============== 133362
LDB: ============== END OF LOAD BALANCING =============== 133362
LDB: =============== DONE WITH MIGRATION ================ 133362
LDB: ============= START OF LOAD BALANCING ============== 133370
LDB: ============== END OF LOAD BALANCING =============== 133370
LDB: =============== DONE WITH MIGRATION ================ 133370
LDB: ============= START OF LOAD BALANCING ============== 133698
LDB: ============== END OF LOAD BALANCING =============== 133698
LDB: =============== DONE WITH MIGRATION ================ 133698
LDB: ============= START OF LOAD BALANCING ============== 133707
LDB: ============== END OF LOAD BALANCING =============== 133707
LDB: =============== DONE WITH MIGRATION ================ 133707
LDB: ============= START OF LOAD BALANCING ============== 134035
LDB: ============== END OF LOAD BALANCING =============== 134035
LDB: =============== DONE WITH MIGRATION ================ 134035
LDB: ============= START OF LOAD BALANCING ============== 134044
LDB: ============== END OF LOAD BALANCING =============== 134044
LDB: =============== DONE WITH MIGRATION ================ 134044
PRESSURE: 800000 -59.8043 -53.4207 275.923 -53.4207 390.71 -273.86 275.923 -273.86 105.544
GPRESSURE: 800000 -12.9824 -128.419 335.907 -169.306 512.195 -351.475 92.1463 -76.5477 -34.9704
PRESSAVG: 800000 -89.4834 9.60881 -15.6565 9.60881 -66.2256 10.8336 -15.6565 10.8336 2.37262
GPRESSAVG: 800000 -89.4591 9.59361 -15.6923 9.54713 -66.186 10.7542 -15.5567 10.7419 2.33638
TIMING: 800000  CPU: 134319, 0.168098/step  Wall: 134322, 0.168101/step, 9.33896 hours remaining, 685.380939 MB of memory in use.
PERFORMANCE: 800000  averaging 1.02918 ns/day, 0.167901 sec/step with standard deviation 0.000330055
ETITLE:      TS           BOND          ANGLE          DIHED          IMPRP               ELECT            VDW       BOUNDARY           MISC        KINETIC               TOTAL           TEMP      POTENTIAL         TOTAL3        TEMPAVG            PRESSURE      GPRESSURE         VOLUME       PRESSAVG      GPRESSAVG

ENERGY:  800000      1547.0967      9132.5451      5701.1645        72.8082         -61182.7629     -1243.0429         0.0000         0.0000     18480.9373         -27491.2541       298.2787    -45972.1913    -27345.8821       296.7663            145.4832       154.7472    265198.2869       -51.1121       -51.1029

WRITING EXTENDED SYSTEM TO RESTART FILE AT STEP 800000
WRITING COORDINATES TO DCD FILE NPT.dcd AT STEP 800000
WRITING COORDINATES TO RESTART FILE AT STEP 800000
FINISHED WRITING RESTART COORDINATES
WRITING VELOCITIES TO RESTART FILE AT STEP 800000
FINISHED WRITING RESTART VELOCITIES
LDB: ============= START OF LOAD BALANCING ============== 134372
LDB: ============== END OF LOAD BALANCING =============== 134372
LDB: =============== DONE WITH MIGRATION ================ 134372
LDB: ============= START OF LOAD BALANCING ============== 134380
LDB: ============== END OF LOAD BALANCING =============== 134380
LDB: =============== DONE WITH MIGRATION ================ 134380
LDB: ============= START OF LOAD BALANCING ============== 134708
LDB: ============== END OF LOAD BALANCING =============== 134708
LDB: =============== DONE WITH MIGRATION ================ 134708
LDB: ============= START OF LOAD BALANCING ============== 134716
LDB: ============== END OF LOAD BALANCING =============== 134716
LDB: =============== DONE WITH MIGRATION ================ 134716
LDB: ============= START OF LOAD BALANCING ============== 135044
LDB: ============== END OF LOAD BALANCING =============== 135044
LDB: =============== DONE WITH MIGRATION ================ 135044
LDB: ============= START OF LOAD BALANCING ============== 135053
LDB: ============== END OF LOAD BALANCING =============== 135053
LDB: =============== DONE WITH MIGRATION ================ 135053
LDB: ============= START OF LOAD BALANCING ============== 135382
LDB: ============== END OF LOAD BALANCING =============== 135382
LDB: =============== DONE WITH MIGRATION ================ 135382
LDB: ============= START OF LOAD BALANCING ============== 135390
LDB: ============== END OF LOAD BALANCING =============== 135390
LDB: =============== DONE WITH MIGRATION ================ 135390
LDB: ============= START OF LOAD BALANCING ============== 135719
LDB: ============== END OF LOAD BALANCING =============== 135719
LDB: =============== DONE WITH MIGRATION ================ 135719
LDB: ============= START OF LOAD BALANCING ============== 135727
LDB: ============== END OF LOAD BALANCING =============== 135727
LDB: =============== DONE WITH MIGRATION ================ 135727
PRESSURE: 810000 -21.3077 -457.752 49.9151 -457.752 19.0574 120.728 49.9151 120.728 386.234
GPRESSURE: 810000 154.337 -418.412 -24.1489 -141.77 -89.5525 -6.59748 -134.255 -2.36604 303.38
PRESSAVG: 810000 -41.5748 -9.45557 0.385708 -9.45557 -12.6896 29.6317 0.385708 29.6317 -1.82395
GPRESSAVG: 810000 -41.5303 -9.51399 0.388375 -9.30142 -12.7061 29.6479 0.32957 29.5959 -1.83736
ENERGY:  810000      1506.3313      9212.2960      5723.0900        83.5898         -61208.0703     -1296.8836         0.0000         0.0000     18209.3467         -27770.3002       293.8953    -45979.6469    -27621.8877       297.6676            127.9946       122.7215    265366.5880       -18.6961       -18.6913

WRITING COORDINATES TO DCD FILE NPT.dcd AT STEP 810000
LDB: ============= START OF LOAD BALANCING ============== 136055
LDB: ============== END OF LOAD BALANCING =============== 136055
LDB: =============== DONE WITH MIGRATION ================ 136055
LDB: ============= START OF LOAD BALANCING ============== 136064
LDB: ============== END OF LOAD BALANCING =============== 136064
LDB: =============== DONE WITH MIGRATION ================ 136064
LDB: ============= START OF LOAD BALANCING ============== 136391
LDB: ============== END OF LOAD BALANCING =============== 136391
LDB: =============== DONE WITH MIGRATION ================ 136391
LDB: ============= START OF LOAD BALANCING ============== 136400
LDB: ============== END OF LOAD BALANCING =============== 136400
LDB: =============== DONE WITH MIGRATION ================ 136400
LDB: ============= START OF LOAD BALANCING ============== 136727
LDB: ============== END OF LOAD BALANCING =============== 136727
LDB: =============== DONE WITH MIGRATION ================ 136727
LDB: ============= START OF LOAD BALANCING ============== 136736
LDB: ============== END OF LOAD BALANCING =============== 136736
LDB: =============== DONE WITH MIGRATION ================ 136736
LDB: ============= START OF LOAD BALANCING ============== 137063
LDB: ============== END OF LOAD BALANCING =============== 137063
LDB: =============== DONE WITH MIGRATION ================ 137063
LDB: ============= START OF LOAD BALANCING ============== 137071
LDB: ============== END OF LOAD BALANCING =============== 137071
LDB: =============== DONE WITH MIGRATION ================ 137071
LDB: ============= START OF LOAD BALANCING ============== 137398
LDB: ============== END OF LOAD BALANCING =============== 137398
LDB: =============== DONE WITH MIGRATION ================ 137398
LDB: ============= START OF LOAD BALANCING ============== 137407
LDB: ============== END OF LOAD BALANCING =============== 137407
LDB: =============== DONE WITH MIGRATION ================ 137407
PRESSURE: 820000 658.9 239.78 -390.233 239.78 381.151 59.3989 -390.233 59.3989 201.175
GPRESSURE: 820000 598.845 188.475 -350.925 185.341 373.18 -59.0015 -318.023 61.8602 326.377
PRESSAVG: 820000 -72.4066 34.5343 16.5552 34.5343 -42.7806 5.31934 16.5552 5.31934 0.718153
GPRESSAVG: 820000 -72.3967 34.4504 16.5759 34.6044 -42.7517 5.26458 16.5268 5.31787 0.772293
ENERGY:  820000      1497.3520      9143.7326      5661.5853        76.5521         -61329.1886     -1318.0844         0.0000         0.0000     18248.4504         -28019.6008       294.5264    -46268.0511    -27865.5125       296.7260            413.7418       432.8006    265286.3846       -38.1563       -38.1254

WRITING COORDINATES TO DCD FILE NPT.dcd AT STEP 820000
LDB: ============= START OF LOAD BALANCING ============== 137735
LDB: ============== END OF LOAD BALANCING =============== 137735
LDB: =============== DONE WITH MIGRATION ================ 137735
LDB: ============= START OF LOAD BALANCING ============== 137743
LDB: ============== END OF LOAD BALANCING =============== 137743
LDB: =============== DONE WITH MIGRATION ================ 137743
LDB: ============= START OF LOAD BALANCING ============== 138071
LDB: ============== END OF LOAD BALANCING =============== 138071
LDB: =============== DONE WITH MIGRATION ================ 138071
LDB: ============= START OF LOAD BALANCING ============== 138080
LDB: ============== END OF LOAD BALANCING =============== 138080
LDB: =============== DONE WITH MIGRATION ================ 138080
LDB: ============= START OF LOAD BALANCING ============== 138407
LDB: ============== END OF LOAD BALANCING =============== 138407
LDB: =============== DONE WITH MIGRATION ================ 138407
LDB: ============= START OF LOAD BALANCING ============== 138416
LDB: ============== END OF LOAD BALANCING =============== 138416
LDB: =============== DONE WITH MIGRATION ================ 138416
LDB: ============= START OF LOAD BALANCING ============== 138744
LDB: ============== END OF LOAD BALANCING =============== 138744
LDB: =============== DONE WITH MIGRATION ================ 138744
LDB: ============= START OF LOAD BALANCING ============== 138752
LDB: ============== END OF LOAD BALANCING =============== 138752
LDB: =============== DONE WITH MIGRATION ================ 138752
LDB: ============= START OF LOAD BALANCING ============== 139080
LDB: ============== END OF LOAD BALANCING =============== 139080
LDB: =============== DONE WITH MIGRATION ================ 139080
LDB: ============= START OF LOAD BALANCING ============== 139088
LDB: ============== END OF LOAD BALANCING =============== 139088
LDB: =============== DONE WITH MIGRATION ================ 139088
PRESSURE: 830000 -320.654 292.541 -49.0928 292.541 92.0332 747.933 -49.0928 747.933 -396.893
GPRESSURE: 830000 -185.171 120.823 -155.881 464.494 -4.01482 884.107 80.7683 544.315 -326.496
PRESSAVG: 830000 -50.7463 30.7295 -7.16766 30.7295 -34.4294 1.38036 -7.16766 1.38036 2.26318
GPRESSAVG: 830000 -50.7685 30.7332 -7.24421 30.6221 -34.4656 1.35608 -7.12804 1.22871 2.30835
ENERGY:  830000      1587.7053      9099.7399      5668.3017        71.1194         -61251.3219     -1249.7019         0.0000         0.0000     18282.3592         -27791.7984       295.0737    -46074.1576    -27645.3424       295.9973           -208.5046      -171.8938    265853.7195       -27.6375       -27.6419

WRITING COORDINATES TO DCD FILE NPT.dcd AT STEP 830000
LDB: ============= START OF LOAD BALANCING ============== 139416
LDB: ============== END OF LOAD BALANCING =============== 139416
LDB: =============== DONE WITH MIGRATION ================ 139416
LDB: ============= START OF LOAD BALANCING ============== 139424
LDB: ============== END OF LOAD BALANCING =============== 139424
LDB: =============== DONE WITH MIGRATION ================ 139424
LDB: ============= START OF LOAD BALANCING ============== 139751
LDB: ============== END OF LOAD BALANCING =============== 139751
LDB: =============== DONE WITH MIGRATION ================ 139751
LDB: ============= START OF LOAD BALANCING ============== 139760
LDB: ============== END OF LOAD BALANCING =============== 139760
LDB: =============== DONE WITH MIGRATION ================ 139760
LDB: ============= START OF LOAD BALANCING ============== 140087
LDB: ============== END OF LOAD BALANCING =============== 140087
LDB: =============== DONE WITH MIGRATION ================ 140087
LDB: ============= START OF LOAD BALANCING ============== 140096
LDB: ============== END OF LOAD BALANCING =============== 140096
LDB: =============== DONE WITH MIGRATION ================ 140096
LDB: ============= START OF LOAD BALANCING ============== 140423
LDB: ============== END OF LOAD BALANCING =============== 140423
LDB: =============== DONE WITH MIGRATION ================ 140423
LDB: ============= START OF LOAD BALANCING ============== 140432
LDB: ============== END OF LOAD BALANCING =============== 140432
LDB: =============== DONE WITH MIGRATION ================ 140432
LDB: ============= START OF LOAD BALANCING ============== 140760
LDB: ============== END OF LOAD BALANCING =============== 140760
LDB: =============== DONE WITH MIGRATION ================ 140760
LDB: ============= START OF LOAD BALANCING ============== 140768
LDB: ============== END OF LOAD BALANCING =============== 140768
LDB: =============== DONE WITH MIGRATION ================ 140768
PRESSURE: 840000 201.229 31.0506 54.9969 31.0506 -152.412 -452.76 54.9969 -452.76 -612.745
GPRESSURE: 840000 81.0499 -37.0853 168.027 221.454 -97.5489 -492.147 -70.231 -470.071 -488.968
PRESSAVG: 840000 -39.1393 -29.4157 7.63479 -29.4157 -90.212 0.971937 7.63479 0.971937 2.26966
GPRESSAVG: 840000 -39.1605 -29.5891 7.68084 -29.2915 -90.2208 0.933169 7.54401 0.965635 2.26299
ENERGY:  840000      1537.1941      9121.6258      5717.2759        75.1693         -61026.9239     -1312.3568         0.0000         0.0000     18453.0677         -27434.9480       297.8289    -45888.0157    -27281.3883       296.2821           -187.9761      -168.4892    265593.6307       -42.3605       -42.3728

WRITING COORDINATES TO DCD FILE NPT.dcd AT STEP 840000
LDB: ============= START OF LOAD BALANCING ============== 141096
LDB: ============== END OF LOAD BALANCING =============== 141096
LDB: =============== DONE WITH MIGRATION ================ 141096
LDB: ============= START OF LOAD BALANCING ============== 141104
LDB: ============== END OF LOAD BALANCING =============== 141104
LDB: =============== DONE WITH MIGRATION ================ 141104
LDB: ============= START OF LOAD BALANCING ============== 141432
LDB: ============== END OF LOAD BALANCING =============== 141432
LDB: =============== DONE WITH MIGRATION ================ 141432
LDB: ============= START OF LOAD BALANCING ============== 141440
LDB: ============== END OF LOAD BALANCING =============== 141440
LDB: =============== DONE WITH MIGRATION ================ 141440
LDB: ============= START OF LOAD BALANCING ============== 141768
LDB: ============== END OF LOAD BALANCING =============== 141768
LDB: =============== DONE WITH MIGRATION ================ 141768
LDB: ============= START OF LOAD BALANCING ============== 141776
LDB: ============== END OF LOAD BALANCING =============== 141776
LDB: =============== DONE WITH MIGRATION ================ 141776
LDB: ============= START OF LOAD BALANCING ============== 142105
LDB: ============== END OF LOAD BALANCING =============== 142105
LDB: =============== DONE WITH MIGRATION ================ 142105
LDB: ============= START OF LOAD BALANCING ============== 142113
LDB: ============== END OF LOAD BALANCING =============== 142113
LDB: =============== DONE WITH MIGRATION ================ 142113
LDB: ============= START OF LOAD BALANCING ============== 142441
LDB: ============== END OF LOAD BALANCING =============== 142441
LDB: =============== DONE WITH MIGRATION ================ 142441
LDB: ============= START OF LOAD BALANCING ============== 142450
LDB: ============== END OF LOAD BALANCING =============== 142450
LDB: =============== DONE WITH MIGRATION ================ 142450
PRESSURE: 850000 -568.211 -93.3609 195.794 -93.3609 697.166 405.619 195.794 405.619 89.0004
GPRESSURE: 850000 -483.28 92.3196 188.556 -151.267 713.916 285.489 229.991 130.359 36.3259
PRESSAVG: 850000 -24.9867 -9.38976 20.4315 -9.38976 5.20066 -3.08518 20.4315 -3.08518 -0.867901
GPRESSAVG: 850000 -25.0103 -9.31565 20.3133 -9.61657 5.25944 -3.02535 20.587 -3.04644 -0.947699
ENERGY:  850000      1586.9542      9173.1738      5682.1400        70.5587         -61258.2459     -1254.4692         0.0000         0.0000     18348.4134         -27651.4750       296.1398    -45999.8883    -27508.2193       297.2281             72.6518        88.9872    264542.1585        -6.8846        -6.8995

WRITING EXTENDED SYSTEM TO RESTART FILE AT STEP 850000
WRITING COORDINATES TO DCD FILE NPT.dcd AT STEP 850000
WRITING COORDINATES TO RESTART FILE AT STEP 850000
FINISHED WRITING RESTART COORDINATES
WRITING VELOCITIES TO RESTART FILE AT STEP 850000
FINISHED WRITING RESTART VELOCITIES
LDB: ============= START OF LOAD BALANCING ============== 142778
LDB: ============== END OF LOAD BALANCING =============== 142778
LDB: =============== DONE WITH MIGRATION ================ 142778
LDB: ============= START OF LOAD BALANCING ============== 142787
LDB: ============== END OF LOAD BALANCING =============== 142787
LDB: =============== DONE WITH MIGRATION ================ 142787
LDB: ============= START OF LOAD BALANCING ============== 143115
LDB: ============== END OF LOAD BALANCING =============== 143115
LDB: =============== DONE WITH MIGRATION ================ 143115
LDB: ============= START OF LOAD BALANCING ============== 143124
LDB: ============== END OF LOAD BALANCING =============== 143124
LDB: =============== DONE WITH MIGRATION ================ 143124
LDB: ============= START OF LOAD BALANCING ============== 143452
LDB: ============== END OF LOAD BALANCING =============== 143452
LDB: =============== DONE WITH MIGRATION ================ 143452
LDB: ============= START OF LOAD BALANCING ============== 143460
LDB: ============== END OF LOAD BALANCING =============== 143460
LDB: =============== DONE WITH MIGRATION ================ 143460
LDB: ============= START OF LOAD BALANCING ============== 143789
LDB: ============== END OF LOAD BALANCING =============== 143789
LDB: =============== DONE WITH MIGRATION ================ 143789
LDB: ============= START OF LOAD BALANCING ============== 143797
LDB: ============== END OF LOAD BALANCING =============== 143797
LDB: =============== DONE WITH MIGRATION ================ 143797
LDB: ============= START OF LOAD BALANCING ============== 144126
LDB: ============== END OF LOAD BALANCING =============== 144126
LDB: =============== DONE WITH MIGRATION ================ 144126
LDB: ============= START OF LOAD BALANCING ============== 144134
LDB: ============== END OF LOAD BALANCING =============== 144134
LDB: =============== DONE WITH MIGRATION ================ 144134
PRESSURE: 860000 166.525 -84.7738 114.263 -84.7738 -92.2578 -277.724 114.263 -277.724 357.09
GPRESSURE: 860000 173.293 -66.959 79.5682 -183.559 -46.2956 -242.135 61.0177 -508.752 346.332
PRESSAVG: 860000 22.206 11.8388 14.9551 11.8388 -20.0027 2.78901 14.9551 2.78901 5.37656
GPRESSAVG: 860000 22.2276 11.8695 14.9112 11.985 -19.9525 2.8134 14.8889 2.87175 5.41151
ENERGY:  860000      1585.2496      9042.6786      5659.2268        75.9778         -61300.0812     -1107.5188         0.0000         0.0000     18293.6498         -27750.8174       295.2559    -46044.4672    -27608.1685       296.4529            143.7860       157.7765    264959.6858         2.5266         2.5622

WRITING COORDINATES TO DCD FILE NPT.dcd AT STEP 860000
LDB: ============= START OF LOAD BALANCING ============== 144462
LDB: ============== END OF LOAD BALANCING =============== 144462
LDB: =============== DONE WITH MIGRATION ================ 144462
LDB: ============= START OF LOAD BALANCING ============== 144471
LDB: ============== END OF LOAD BALANCING =============== 144471
LDB: =============== DONE WITH MIGRATION ================ 144471
LDB: ============= START OF LOAD BALANCING ============== 144799
LDB: ============== END OF LOAD BALANCING =============== 144799
LDB: =============== DONE WITH MIGRATION ================ 144799
LDB: ============= START OF LOAD BALANCING ============== 144807
LDB: ============== END OF LOAD BALANCING =============== 144807
LDB: =============== DONE WITH MIGRATION ================ 144807
LDB: ============= START OF LOAD BALANCING ============== 145135
LDB: ============== END OF LOAD BALANCING =============== 145135
LDB: =============== DONE WITH MIGRATION ================ 145135
LDB: ============= START OF LOAD BALANCING ============== 145144
LDB: ============== END OF LOAD BALANCING =============== 145144
LDB: =============== DONE WITH MIGRATION ================ 145144
LDB: ============= START OF LOAD BALANCING ============== 145472
LDB: ============== END OF LOAD BALANCING =============== 145472
LDB: =============== DONE WITH MIGRATION ================ 145472
LDB: ============= START OF LOAD BALANCING ============== 145480
LDB: ============== END OF LOAD BALANCING =============== 145480
LDB: =============== DONE WITH MIGRATION ================ 145480
LDB: ============= START OF LOAD BALANCING ============== 145808
LDB: ============== END OF LOAD BALANCING =============== 145808
LDB: =============== DONE WITH MIGRATION ================ 145808
LDB: ============= START OF LOAD BALANCING ============== 145817
LDB: ============== END OF LOAD BALANCING =============== 145817
LDB: =============== DONE WITH MIGRATION ================ 145817
PRESSURE: 870000 -325.372 -230.968 203.63 -230.968 -254.616 147.415 203.63 147.415 -185.839
GPRESSURE: 870000 -164.657 -142.197 249.299 -339.66 -311.792 24.0828 175.265 282.463 -221.284
PRESSAVG: 870000 40.1657 -10.9081 -25.6436 -10.9081 -38.9735 -3.25147 -25.6436 -3.25147 -1.1159
GPRESSAVG: 870000 40.2304 -10.931 -25.6605 -10.917 -38.9815 -3.20615 -25.5881 -3.27705 -1.17479
ENERGY:  870000      1566.5090      9091.1668      5696.0239        74.7375         -61060.4968     -1295.5935         0.0000         0.0000     18404.4242         -27523.2290       297.0438    -45927.6532    -27378.1720       296.5508           -255.2758      -232.5775    265337.2962         0.0254         0.0247

WRITING COORDINATES TO DCD FILE NPT.dcd AT STEP 870000
LDB: ============= START OF LOAD BALANCING ============== 146145
LDB: ============== END OF LOAD BALANCING =============== 146145
LDB: =============== DONE WITH MIGRATION ================ 146145
LDB: ============= START OF LOAD BALANCING ============== 146153
LDB: ============== END OF LOAD BALANCING =============== 146153
LDB: =============== DONE WITH MIGRATION ================ 146153
LDB: ============= START OF LOAD BALANCING ============== 146480
LDB: ============== END OF LOAD BALANCING =============== 146480
LDB: =============== DONE WITH MIGRATION ================ 146480
LDB: ============= START OF LOAD BALANCING ============== 146489
LDB: ============== END OF LOAD BALANCING =============== 146489
LDB: =============== DONE WITH MIGRATION ================ 146489
LDB: ============= START OF LOAD BALANCING ============== 146816
LDB: ============== END OF LOAD BALANCING =============== 146816
LDB: =============== DONE WITH MIGRATION ================ 146816
LDB: ============= START OF LOAD BALANCING ============== 146825
LDB: ============== END OF LOAD BALANCING =============== 146825
LDB: =============== DONE WITH MIGRATION ================ 146825
LDB: ============= START OF LOAD BALANCING ============== 147152
LDB: ============== END OF LOAD BALANCING =============== 147152
LDB: =============== DONE WITH MIGRATION ================ 147152
LDB: ============= START OF LOAD BALANCING ============== 147161
LDB: ============== END OF LOAD BALANCING =============== 147161
LDB: =============== DONE WITH MIGRATION ================ 147161
LDB: ============= START OF LOAD BALANCING ============== 147488
LDB: ============== END OF LOAD BALANCING =============== 147488
LDB: =============== DONE WITH MIGRATION ================ 147488
LDB: ============= START OF LOAD BALANCING ============== 147497
LDB: ============== END OF LOAD BALANCING =============== 147497
LDB: =============== DONE WITH MIGRATION ================ 147497
PRESSURE: 880000 661.365 104.916 12.8584 104.916 126.189 264.327 12.8584 264.327 10.1543
GPRESSURE: 880000 377.341 90.1161 54.5022 -145.839 290.132 299.38 -120.329 173.036 184.297
PRESSAVG: 880000 -0.335965 16.2741 -22.0115 16.2741 -1.52099 -14.9374 -22.0115 -14.9374 5.10997
GPRESSAVG: 880000 -0.421887 16.3487 -22.0743 16.412 -1.45843 -14.8969 -22.0012 -14.991 5.12555
ENERGY:  880000      1555.4240      8987.7032      5657.2730        67.3478         -61263.6320     -1194.3569         0.0000         0.0000     18424.3015         -27765.9394       297.3646    -46190.2408    -27616.6411       297.2148            265.9029       283.9232    264534.6809         1.0843         1.0817

WRITING COORDINATES TO DCD FILE NPT.dcd AT STEP 880000
LDB: ============= START OF LOAD BALANCING ============== 147825
LDB: ============== END OF LOAD BALANCING =============== 147825
LDB: =============== DONE WITH MIGRATION ================ 147825
LDB: ============= START OF LOAD BALANCING ============== 147833
LDB: ============== END OF LOAD BALANCING =============== 147833
LDB: =============== DONE WITH MIGRATION ================ 147833
LDB: ============= START OF LOAD BALANCING ============== 148161
LDB: ============== END OF LOAD BALANCING =============== 148161
LDB: =============== DONE WITH MIGRATION ================ 148161
LDB: ============= START OF LOAD BALANCING ============== 148169
LDB: ============== END OF LOAD BALANCING =============== 148169
LDB: =============== DONE WITH MIGRATION ================ 148169
LDB: ============= START OF LOAD BALANCING ============== 148497
LDB: ============== END OF LOAD BALANCING =============== 148497
LDB: =============== DONE WITH MIGRATION ================ 148497
LDB: ============= START OF LOAD BALANCING ============== 148506
LDB: ============== END OF LOAD BALANCING =============== 148506
LDB: =============== DONE WITH MIGRATION ================ 148506
LDB: ============= START OF LOAD BALANCING ============== 148833
LDB: ============== END OF LOAD BALANCING =============== 148833
LDB: =============== DONE WITH MIGRATION ================ 148833
LDB: ============= START OF LOAD BALANCING ============== 148841
LDB: ============== END OF LOAD BALANCING =============== 148841
LDB: =============== DONE WITH MIGRATION ================ 148841
LDB: ============= START OF LOAD BALANCING ============== 149169
LDB: ============== END OF LOAD BALANCING =============== 149169
LDB: =============== DONE WITH MIGRATION ================ 149169
LDB: ============= START OF LOAD BALANCING ============== 149177
LDB: ============== END OF LOAD BALANCING =============== 149177
LDB: =============== DONE WITH MIGRATION ================ 149177
PRESSURE: 890000 -332.21 -254.257 -492.401 -254.257 23.6948 -186.624 -492.401 -186.624 -403.788
GPRESSURE: 890000 -456.506 -315.903 -547.732 -317.566 176.083 -128.855 -208.212 -183.454 -387.695
PRESSAVG: 890000 -38.1147 26.1851 -13.1403 26.1851 -43.1944 -13.8007 -13.1403 -13.8007 2.95592
GPRESSAVG: 890000 -38.1291 26.1936 -13.1613 26.1914 -43.308 -13.7845 -13.0373 -13.7468 2.95007
ENERGY:  890000      1594.0079      9156.9365      5676.8505        77.7836         -60771.5658     -1392.4621         0.0000         0.0000     18302.5526         -27355.8969       295.3996    -45658.4495    -27208.9823       296.8041           -237.4344      -222.7061    266626.9019       -26.1177       -26.1624

WRITING COORDINATES TO DCD FILE NPT.dcd AT STEP 890000
LDB: ============= START OF LOAD BALANCING ============== 149504
LDB: ============== END OF LOAD BALANCING =============== 149504
LDB: =============== DONE WITH MIGRATION ================ 149504
LDB: ============= START OF LOAD BALANCING ============== 149512
LDB: ============== END OF LOAD BALANCING =============== 149512
LDB: =============== DONE WITH MIGRATION ================ 149512
LDB: ============= START OF LOAD BALANCING ============== 149839
LDB: ============== END OF LOAD BALANCING =============== 149839
LDB: =============== DONE WITH MIGRATION ================ 149839
LDB: ============= START OF LOAD BALANCING ============== 149847
LDB: ============== END OF LOAD BALANCING =============== 149847
LDB: =============== DONE WITH MIGRATION ================ 149847
LDB: ============= START OF LOAD BALANCING ============== 150174
LDB: ============== END OF LOAD BALANCING =============== 150174
LDB: =============== DONE WITH MIGRATION ================ 150174
LDB: ============= START OF LOAD BALANCING ============== 150183
LDB: ============== END OF LOAD BALANCING =============== 150183
LDB: =============== DONE WITH MIGRATION ================ 150183
LDB: ============= START OF LOAD BALANCING ============== 150510
LDB: ============== END OF LOAD BALANCING =============== 150510
LDB: =============== DONE WITH MIGRATION ================ 150510
LDB: ============= START OF LOAD BALANCING ============== 150519
LDB: ============== END OF LOAD BALANCING =============== 150519
LDB: =============== DONE WITH MIGRATION ================ 150519
LDB: ============= START OF LOAD BALANCING ============== 150846
LDB: ============== END OF LOAD BALANCING =============== 150846
LDB: =============== DONE WITH MIGRATION ================ 150846
LDB: ============= START OF LOAD BALANCING ============== 150855
LDB: ============== END OF LOAD BALANCING =============== 150855
LDB: =============== DONE WITH MIGRATION ================ 150855
PRESSURE: 900000 -191.88 -380.357 -273.145 -380.357 312.541 284.043 -273.145 284.043 -45.461
GPRESSURE: 900000 -230.925 -436.681 -86.4545 -244.08 419.308 306.698 -174.548 357.365 -70.7504
PRESSAVG: 900000 -55.7988 31.1357 -12.553 31.1357 -42.2499 6.64306 -12.553 6.64306 0.297508
GPRESSAVG: 900000 -55.8264 31.1284 -12.606 31.1457 -42.3347 6.6125 -12.5416 6.60797 0.355019
TIMING: 900000  CPU: 151130, 0.168106/step  Wall: 151132, 0.168108/step, 4.66968 hours remaining, 685.380939 MB of memory in use.
PERFORMANCE: 900000  averaging 1.02903 ns/day, 0.167924 sec/step with standard deviation 0.000316349
ETITLE:      TS           BOND          ANGLE          DIHED          IMPRP               ELECT            VDW       BOUNDARY           MISC        KINETIC               TOTAL           TEMP      POTENTIAL         TOTAL3        TEMPAVG            PRESSURE      GPRESSURE         VOLUME       PRESSAVG      GPRESSAVG

ENERGY:  900000      1590.4920      9159.4684      5735.6097        66.8924         -60944.0099     -1248.5461         0.0000         0.0000     18422.5332         -27217.5604       297.3360    -45640.0936    -27065.9795       297.6235             25.0668        39.2107    265343.9566       -32.5837       -32.6020

WRITING EXTENDED SYSTEM TO RESTART FILE AT STEP 900000
WRITING COORDINATES TO DCD FILE NPT.dcd AT STEP 900000
WRITING COORDINATES TO RESTART FILE AT STEP 900000
FINISHED WRITING RESTART COORDINATES
WRITING VELOCITIES TO RESTART FILE AT STEP 900000
FINISHED WRITING RESTART VELOCITIES
LDB: ============= START OF LOAD BALANCING ============== 151182
LDB: ============== END OF LOAD BALANCING =============== 151182
LDB: =============== DONE WITH MIGRATION ================ 151182
LDB: ============= START OF LOAD BALANCING ============== 151191
LDB: ============== END OF LOAD BALANCING =============== 151191
LDB: =============== DONE WITH MIGRATION ================ 151191
LDB: ============= START OF LOAD BALANCING ============== 151518
LDB: ============== END OF LOAD BALANCING =============== 151518
LDB: =============== DONE WITH MIGRATION ================ 151518
LDB: ============= START OF LOAD BALANCING ============== 151527
LDB: ============== END OF LOAD BALANCING =============== 151527
LDB: =============== DONE WITH MIGRATION ================ 151527
LDB: ============= START OF LOAD BALANCING ============== 151854
LDB: ============== END OF LOAD BALANCING =============== 151854
LDB: =============== DONE WITH MIGRATION ================ 151854
LDB: ============= START OF LOAD BALANCING ============== 151862
LDB: ============== END OF LOAD BALANCING =============== 151862
LDB: =============== DONE WITH MIGRATION ================ 151862
LDB: ============= START OF LOAD BALANCING ============== 152190
LDB: ============== END OF LOAD BALANCING =============== 152190
LDB: =============== DONE WITH MIGRATION ================ 152190
LDB: ============= START OF LOAD BALANCING ============== 152199
LDB: ============== END OF LOAD BALANCING =============== 152199
LDB: =============== DONE WITH MIGRATION ================ 152199
LDB: ============= START OF LOAD BALANCING ============== 152526
LDB: ============== END OF LOAD BALANCING =============== 152526
LDB: =============== DONE WITH MIGRATION ================ 152526
LDB: ============= START OF LOAD BALANCING ============== 152535
LDB: ============== END OF LOAD BALANCING =============== 152535
LDB: =============== DONE WITH MIGRATION ================ 152535
PRESSURE: 910000 -71.1588 -276.856 221.545 -276.856 -235.73 -57.4423 221.545 -57.4423 -50.606
GPRESSURE: 910000 -30.0959 -140.742 226.55 -183.203 -215.173 -170.509 200.052 -15.3964 -86.6942
PRESSAVG: 910000 -78.9639 17.1631 17.0369 17.1631 -49.1574 0.310161 17.0369 0.310161 -1.82617
GPRESSAVG: 910000 -78.8899 17.1007 17.0945 17.1741 -49.0995 0.266074 17.046 0.134525 -1.81197
ENERGY:  910000      1579.1253      9172.5346      5696.5549        84.7874         -60948.7905     -1369.5816         0.0000         0.0000     18284.3751         -27500.9948       295.1062    -45785.3699    -27354.9802       295.9087           -119.1648      -110.6542    265295.2700       -43.3158       -43.2671

WRITING COORDINATES TO DCD FILE NPT.dcd AT STEP 910000
LDB: ============= START OF LOAD BALANCING ============== 152863
LDB: ============== END OF LOAD BALANCING =============== 152863
LDB: =============== DONE WITH MIGRATION ================ 152863
LDB: ============= START OF LOAD BALANCING ============== 152871
LDB: ============== END OF LOAD BALANCING =============== 152871
LDB: =============== DONE WITH MIGRATION ================ 152871
LDB: ============= START OF LOAD BALANCING ============== 153200
LDB: ============== END OF LOAD BALANCING =============== 153200
LDB: =============== DONE WITH MIGRATION ================ 153200
LDB: ============= START OF LOAD BALANCING ============== 153208
LDB: ============== END OF LOAD BALANCING =============== 153208
LDB: =============== DONE WITH MIGRATION ================ 153208
LDB: ============= START OF LOAD BALANCING ============== 153537
LDB: ============== END OF LOAD BALANCING =============== 153537
LDB: =============== DONE WITH MIGRATION ================ 153537
LDB: ============= START OF LOAD BALANCING ============== 153545
LDB: ============== END OF LOAD BALANCING =============== 153545
LDB: =============== DONE WITH MIGRATION ================ 153545
LDB: ============= START OF LOAD BALANCING ============== 153873
LDB: ============== END OF LOAD BALANCING =============== 153873
LDB: =============== DONE WITH MIGRATION ================ 153873
LDB: ============= START OF LOAD BALANCING ============== 153882
LDB: ============== END OF LOAD BALANCING =============== 153882
LDB: =============== DONE WITH MIGRATION ================ 153882
LDB: ============= START OF LOAD BALANCING ============== 154210
LDB: ============== END OF LOAD BALANCING =============== 154210
LDB: =============== DONE WITH MIGRATION ================ 154210
LDB: ============= START OF LOAD BALANCING ============== 154218
LDB: ============== END OF LOAD BALANCING =============== 154218
LDB: =============== DONE WITH MIGRATION ================ 154218
PRESSURE: 920000 -228.818 234.938 358.962 234.938 199.078 233.324 358.962 233.324 -238.553
GPRESSURE: 920000 -192.62 442.01 286.752 213.097 190.882 185.843 229.352 75.1353 -207.214
PRESSAVG: 920000 -34.3708 19.7957 -4.90356 19.7957 -92.2067 19.9333 -4.90356 19.9333 -2.75509
GPRESSAVG: 920000 -34.4108 19.6703 -4.90421 19.8484 -92.2109 19.8212 -4.9479 20.0371 -2.72413
ENERGY:  920000      1492.3580      9102.1060      5705.1898        74.3853         -61159.4241     -1398.7336         0.0000         0.0000     18368.8057         -27815.3128       296.4689    -46184.1185    -27666.6993       296.3712            -89.4313       -69.6507    265199.0075       -43.1109       -43.1153

WRITING COORDINATES TO DCD FILE NPT.dcd AT STEP 920000
LDB: ============= START OF LOAD BALANCING ============== 154546
LDB: ============== END OF LOAD BALANCING =============== 154546
LDB: =============== DONE WITH MIGRATION ================ 154546
LDB: ============= START OF LOAD BALANCING ============== 154555
LDB: ============== END OF LOAD BALANCING =============== 154555
LDB: =============== DONE WITH MIGRATION ================ 154555
LDB: ============= START OF LOAD BALANCING ============== 154882
LDB: ============== END OF LOAD BALANCING =============== 154882
LDB: =============== DONE WITH MIGRATION ================ 154882
LDB: ============= START OF LOAD BALANCING ============== 154891
LDB: ============== END OF LOAD BALANCING =============== 154891
LDB: =============== DONE WITH MIGRATION ================ 154891
LDB: ============= START OF LOAD BALANCING ============== 155219
LDB: ============== END OF LOAD BALANCING =============== 155219
LDB: =============== DONE WITH MIGRATION ================ 155219
LDB: ============= START OF LOAD BALANCING ============== 155227
LDB: ============== END OF LOAD BALANCING =============== 155227
LDB: =============== DONE WITH MIGRATION ================ 155227
LDB: ============= START OF LOAD BALANCING ============== 155555
LDB: ============== END OF LOAD BALANCING =============== 155555
LDB: =============== DONE WITH MIGRATION ================ 155555
LDB: ============= START OF LOAD BALANCING ============== 155563
LDB: ============== END OF LOAD BALANCING =============== 155563
LDB: =============== DONE WITH MIGRATION ================ 155563
LDB: ============= START OF LOAD BALANCING ============== 155891
LDB: ============== END OF LOAD BALANCING =============== 155891
LDB: =============== DONE WITH MIGRATION ================ 155891
LDB: ============= START OF LOAD BALANCING ============== 155899
LDB: ============== END OF LOAD BALANCING =============== 155899
LDB: =============== DONE WITH MIGRATION ================ 155899
PRESSURE: 930000 -440.709 -26.4717 -403.638 -26.4717 -691.655 257.383 -403.638 257.383 736.308
GPRESSURE: 930000 -388.083 84.3381 -466.657 -25.1362 -715.363 158.324 -306.481 132.019 714.016
PRESSAVG: 930000 -32.807 7.51383 -9.24257 7.51383 -92.2555 -12.3942 -9.24257 -12.3942 1.28644
GPRESSAVG: 930000 -32.7214 7.43614 -9.3517 7.55775 -92.2296 -12.2592 -9.27012 -12.4304 1.27838
ENERGY:  930000      1563.3588      9122.7591      5672.7297        76.1516         -61389.5355     -1204.5803         0.0000         0.0000     18501.8803         -27657.2362       298.6167    -46159.1166    -27508.7141       296.0227           -132.0187      -129.8099    265439.3092       -41.2587       -41.2242

WRITING COORDINATES TO DCD FILE NPT.dcd AT STEP 930000
LDB: ============= START OF LOAD BALANCING ============== 156227
LDB: ============== END OF LOAD BALANCING =============== 156227
LDB: =============== DONE WITH MIGRATION ================ 156227
LDB: ============= START OF LOAD BALANCING ============== 156235
LDB: ============== END OF LOAD BALANCING =============== 156235
LDB: =============== DONE WITH MIGRATION ================ 156235
LDB: ============= START OF LOAD BALANCING ============== 156563
LDB: ============== END OF LOAD BALANCING =============== 156563
LDB: =============== DONE WITH MIGRATION ================ 156563
LDB: ============= START OF LOAD BALANCING ============== 156571
LDB: ============== END OF LOAD BALANCING =============== 156571
LDB: =============== DONE WITH MIGRATION ================ 156571
LDB: ============= START OF LOAD BALANCING ============== 156900
LDB: ============== END OF LOAD BALANCING =============== 156900
LDB: =============== DONE WITH MIGRATION ================ 156900
LDB: ============= START OF LOAD BALANCING ============== 156908
LDB: ============== END OF LOAD BALANCING =============== 156908
LDB: =============== DONE WITH MIGRATION ================ 156908
LDB: ============= START OF LOAD BALANCING ============== 157236
LDB: ============== END OF LOAD BALANCING =============== 157236
LDB: =============== DONE WITH MIGRATION ================ 157236
LDB: ============= START OF LOAD BALANCING ============== 157244
LDB: ============== END OF LOAD BALANCING =============== 157244
LDB: =============== DONE WITH MIGRATION ================ 157244
LDB: ============= START OF LOAD BALANCING ============== 157572
LDB: ============== END OF LOAD BALANCING =============== 157572
LDB: =============== DONE WITH MIGRATION ================ 157572
LDB: ============= START OF LOAD BALANCING ============== 157580
LDB: ============== END OF LOAD BALANCING =============== 157580
LDB: =============== DONE WITH MIGRATION ================ 157580
PRESSURE: 940000 -219.687 -151.833 51.4907 -151.833 -1124.33 -422.672 51.4907 -422.672 -792.404
GPRESSURE: 940000 -566.5 -133.399 32.0031 -298.261 -795.071 -362.879 79.9109 -392.735 -691.956
PRESSAVG: 940000 -25.4245 12.9401 10.1468 12.9401 -55.6449 9.84974 10.1468 9.84974 -4.35876
GPRESSAVG: 940000 -25.5291 13.0472 10.2517 12.7868 -55.6769 9.83802 10.1647 9.95518 -4.38673
ENERGY:  940000      1559.5771      9065.7957      5703.0951        73.0366         -60703.4193     -1582.7648         0.0000         0.0000     18253.1937         -27631.4860       294.6029    -45884.6797    -27492.0540       295.5574           -712.1414      -684.5089    265223.5314       -28.4761       -28.5309

WRITING COORDINATES TO DCD FILE NPT.dcd AT STEP 940000
LDB: ============= START OF LOAD BALANCING ============== 157908
LDB: ============== END OF LOAD BALANCING =============== 157908
LDB: =============== DONE WITH MIGRATION ================ 157908
LDB: ============= START OF LOAD BALANCING ============== 157916
LDB: ============== END OF LOAD BALANCING =============== 157916
LDB: =============== DONE WITH MIGRATION ================ 157916
LDB: ============= START OF LOAD BALANCING ============== 158244
LDB: ============== END OF LOAD BALANCING =============== 158244
LDB: =============== DONE WITH MIGRATION ================ 158244
LDB: ============= START OF LOAD BALANCING ============== 158252
LDB: ============== END OF LOAD BALANCING =============== 158252
LDB: =============== DONE WITH MIGRATION ================ 158252
LDB: ============= START OF LOAD BALANCING ============== 158580
LDB: ============== END OF LOAD BALANCING =============== 158580
LDB: =============== DONE WITH MIGRATION ================ 158580
LDB: ============= START OF LOAD BALANCING ============== 158588
LDB: ============== END OF LOAD BALANCING =============== 158588
LDB: =============== DONE WITH MIGRATION ================ 158588
LDB: ============= START OF LOAD BALANCING ============== 158916
LDB: ============== END OF LOAD BALANCING =============== 158916
LDB: =============== DONE WITH MIGRATION ================ 158916
LDB: ============= START OF LOAD BALANCING ============== 158924
LDB: ============== END OF LOAD BALANCING =============== 158924
LDB: =============== DONE WITH MIGRATION ================ 158924
LDB: ============= START OF LOAD BALANCING ============== 159252
LDB: ============== END OF LOAD BALANCING =============== 159252
LDB: =============== DONE WITH MIGRATION ================ 159252
LDB: ============= START OF LOAD BALANCING ============== 159261
LDB: ============== END OF LOAD BALANCING =============== 159261
LDB: =============== DONE WITH MIGRATION ================ 159261
PRESSURE: 950000 107.958 610.177 38.93 610.177 -245.253 43.0034 38.93 43.0034 682.781
GPRESSURE: 950000 193.908 526.572 -104.758 602.793 -250.081 138.542 118.972 180.375 736.791
PRESSAVG: 950000 0.559903 9.80985 9.88902 9.80985 -16.3745 -12.337 9.88902 -12.337 -2.09886
GPRESSAVG: 950000 0.559388 9.7697 9.91524 9.83174 -16.4404 -12.353 9.96356 -12.3855 -2.09236
ENERGY:  950000      1530.3568      9033.3465      5618.6345        64.9883         -61271.2802     -1173.1030         0.0000         0.0000     18179.3515         -28017.7056       293.4111    -46197.0571    -27877.6466       296.9473            181.8285       226.8728    264814.3320        -5.9712        -5.9911

WRITING EXTENDED SYSTEM TO RESTART FILE AT STEP 950000
WRITING COORDINATES TO DCD FILE NPT.dcd AT STEP 950000
WRITING COORDINATES TO RESTART FILE AT STEP 950000
FINISHED WRITING RESTART COORDINATES
WRITING VELOCITIES TO RESTART FILE AT STEP 950000
FINISHED WRITING RESTART VELOCITIES
LDB: ============= START OF LOAD BALANCING ============== 159588
LDB: ============== END OF LOAD BALANCING =============== 159588
LDB: =============== DONE WITH MIGRATION ================ 159588
LDB: ============= START OF LOAD BALANCING ============== 159597
LDB: ============== END OF LOAD BALANCING =============== 159597
LDB: =============== DONE WITH MIGRATION ================ 159597
LDB: ============= START OF LOAD BALANCING ============== 159925
LDB: ============== END OF LOAD BALANCING =============== 159925
LDB: =============== DONE WITH MIGRATION ================ 159925
LDB: ============= START OF LOAD BALANCING ============== 159933
LDB: ============== END OF LOAD BALANCING =============== 159933
LDB: =============== DONE WITH MIGRATION ================ 159933
LDB: ============= START OF LOAD BALANCING ============== 160261
LDB: ============== END OF LOAD BALANCING =============== 160261
LDB: =============== DONE WITH MIGRATION ================ 160261
LDB: ============= START OF LOAD BALANCING ============== 160269
LDB: ============== END OF LOAD BALANCING =============== 160269
LDB: =============== DONE WITH MIGRATION ================ 160269
LDB: ============= START OF LOAD BALANCING ============== 160598
LDB: ============== END OF LOAD BALANCING =============== 160598
LDB: =============== DONE WITH MIGRATION ================ 160598
LDB: ============= START OF LOAD BALANCING ============== 160606
LDB: ============== END OF LOAD BALANCING =============== 160606
LDB: =============== DONE WITH MIGRATION ================ 160606
LDB: ============= START OF LOAD BALANCING ============== 160935
LDB: ============== END OF LOAD BALANCING =============== 160935
LDB: =============== DONE WITH MIGRATION ================ 160935
LDB: ============= START OF LOAD BALANCING ============== 160943
LDB: ============== END OF LOAD BALANCING =============== 160943
LDB: =============== DONE WITH MIGRATION ================ 160943
PRESSURE: 960000 -98.0142 -260.381 -139.763 -260.381 -78.8982 235.331 -139.763 235.331 37.1434
GPRESSURE: 960000 -19.9974 -44.4111 -218.443 -11.5215 -87.7464 -4.77587 -57.338 302.914 8.63431
PRESSAVG: 960000 62.5364 38.5984 -13.7192 38.5984 25.8239 -22.7249 -13.7192 -22.7249 0.124857
GPRESSAVG: 960000 62.5361 38.7076 -13.795 38.5511 25.8728 -22.6345 -13.7307 -22.7499 0.149723
ENERGY:  960000      1537.0621      9133.0624      5707.2539        78.8510         -61098.3547     -1343.9239         0.0000         0.0000     18310.1496         -27675.8995       295.5222    -45986.0492    -27530.6069       296.4360            -46.5897       -33.0365    264854.2839        29.4951        29.5195

WRITING COORDINATES TO DCD FILE NPT.dcd AT STEP 960000
LDB: ============= START OF LOAD BALANCING ============== 161271
LDB: ============== END OF LOAD BALANCING =============== 161271
LDB: =============== DONE WITH MIGRATION ================ 161271
LDB: ============= START OF LOAD BALANCING ============== 161280
LDB: ============== END OF LOAD BALANCING =============== 161280
LDB: =============== DONE WITH MIGRATION ================ 161280
LDB: ============= START OF LOAD BALANCING ============== 161607
LDB: ============== END OF LOAD BALANCING =============== 161607
LDB: =============== DONE WITH MIGRATION ================ 161607
LDB: ============= START OF LOAD BALANCING ============== 161616
LDB: ============== END OF LOAD BALANCING =============== 161616
LDB: =============== DONE WITH MIGRATION ================ 161616
LDB: ============= START OF LOAD BALANCING ============== 161944
LDB: ============== END OF LOAD BALANCING =============== 161944
LDB: =============== DONE WITH MIGRATION ================ 161944
LDB: ============= START OF LOAD BALANCING ============== 161952
LDB: ============== END OF LOAD BALANCING =============== 161952
LDB: =============== DONE WITH MIGRATION ================ 161952
LDB: ============= START OF LOAD BALANCING ============== 162280
LDB: ============== END OF LOAD BALANCING =============== 162280
LDB: =============== DONE WITH MIGRATION ================ 162280
LDB: ============= START OF LOAD BALANCING ============== 162289
LDB: ============== END OF LOAD BALANCING =============== 162289
LDB: =============== DONE WITH MIGRATION ================ 162289
LDB: ============= START OF LOAD BALANCING ============== 162616
LDB: ============== END OF LOAD BALANCING =============== 162616
LDB: =============== DONE WITH MIGRATION ================ 162616
LDB: ============= START OF LOAD BALANCING ============== 162625
LDB: ============== END OF LOAD BALANCING =============== 162625
LDB: =============== DONE WITH MIGRATION ================ 162625
PRESSURE: 970000 -138.403 223.399 191.481 223.399 -152.884 91.5799 191.481 91.5799 239.782
GPRESSURE: 970000 -199.301 183.885 156.985 53.7323 -87.6089 -6.65653 362.378 67.0072 283.357
PRESSAVG: 970000 10.1436 18.9072 13.3591 18.9072 37.5542 -6.10772 13.3591 -6.10772 5.63643
GPRESSAVG: 970000 10.1728 19.0206 13.4375 18.8271 37.5648 -6.16594 13.3391 -6.04639 5.6524
ENERGY:  970000      1555.0334      9184.7421      5684.3838        81.8257         -61171.9941     -1219.0172         0.0000         0.0000     18422.4869         -27462.5394       297.3353    -45885.0263    -27317.2190       298.2404            -17.1681        -1.1842    264936.5670        17.7781        17.7967

WRITING COORDINATES TO DCD FILE NPT.dcd AT STEP 970000
LDB: ============= START OF LOAD BALANCING ============== 162953
LDB: ============== END OF LOAD BALANCING =============== 162953
LDB: =============== DONE WITH MIGRATION ================ 162953
LDB: ============= START OF LOAD BALANCING ============== 162961
LDB: ============== END OF LOAD BALANCING =============== 162961
LDB: =============== DONE WITH MIGRATION ================ 162961
LDB: ============= START OF LOAD BALANCING ============== 163289
LDB: ============== END OF LOAD BALANCING =============== 163289
LDB: =============== DONE WITH MIGRATION ================ 163289
LDB: ============= START OF LOAD BALANCING ============== 163298
LDB: ============== END OF LOAD BALANCING =============== 163298
LDB: =============== DONE WITH MIGRATION ================ 163298
LDB: ============= START OF LOAD BALANCING ============== 163626
LDB: ============== END OF LOAD BALANCING =============== 163626
LDB: =============== DONE WITH MIGRATION ================ 163626
LDB: ============= START OF LOAD BALANCING ============== 163634
LDB: ============== END OF LOAD BALANCING =============== 163634
LDB: =============== DONE WITH MIGRATION ================ 163634
LDB: ============= START OF LOAD BALANCING ============== 163963
LDB: ============== END OF LOAD BALANCING =============== 163963
LDB: =============== DONE WITH MIGRATION ================ 163963
LDB: ============= START OF LOAD BALANCING ============== 163971
LDB: ============== END OF LOAD BALANCING =============== 163971
LDB: =============== DONE WITH MIGRATION ================ 163971
LDB: ============= START OF LOAD BALANCING ============== 164299
LDB: ============== END OF LOAD BALANCING =============== 164299
LDB: =============== DONE WITH MIGRATION ================ 164299
LDB: ============= START OF LOAD BALANCING ============== 164308
LDB: ============== END OF LOAD BALANCING =============== 164308
LDB: =============== DONE WITH MIGRATION ================ 164308
PRESSURE: 980000 24.4208 113.206 433.644 113.206 -506.336 -253.55 433.644 -253.55 -312.041
GPRESSURE: 980000 45.976 -65.6037 424.825 135.833 -461.933 -107.141 468.469 -169.972 -345.074
PRESSAVG: 980000 -20.8352 9.94479 1.82965 9.94479 -18.1196 -23.1534 1.82965 -23.1534 0.0919726
GPRESSAVG: 980000 -20.7557 9.85611 1.78785 10.089 -18.1662 -23.1079 1.85042 -23.0753 0.0724385
ENERGY:  980000      1502.2433      9148.3763      5693.9797        66.4023         -60986.9483     -1369.7776         0.0000         0.0000     18441.1281         -27504.5962       297.6362    -45945.7243    -27358.3206       296.6129           -264.6521      -253.6771    266393.8741       -12.9543       -12.9498

WRITING COORDINATES TO DCD FILE NPT.dcd AT STEP 980000
LDB: ============= START OF LOAD BALANCING ============== 164635
LDB: ============== END OF LOAD BALANCING =============== 164635
LDB: =============== DONE WITH MIGRATION ================ 164635
LDB: ============= START OF LOAD BALANCING ============== 164643
LDB: ============== END OF LOAD BALANCING =============== 164643
LDB: =============== DONE WITH MIGRATION ================ 164643
LDB: ============= START OF LOAD BALANCING ============== 164971
LDB: ============== END OF LOAD BALANCING =============== 164971
LDB: =============== DONE WITH MIGRATION ================ 164971
LDB: ============= START OF LOAD BALANCING ============== 164979
LDB: ============== END OF LOAD BALANCING =============== 164979
LDB: =============== DONE WITH MIGRATION ================ 164979
LDB: ============= START OF LOAD BALANCING ============== 165306
LDB: ============== END OF LOAD BALANCING =============== 165306
LDB: =============== DONE WITH MIGRATION ================ 165306
LDB: ============= START OF LOAD BALANCING ============== 165314
LDB: ============== END OF LOAD BALANCING =============== 165314
LDB: =============== DONE WITH MIGRATION ================ 165314
LDB: ============= START OF LOAD BALANCING ============== 165642
LDB: ============== END OF LOAD BALANCING =============== 165642
LDB: =============== DONE WITH MIGRATION ================ 165642
LDB: ============= START OF LOAD BALANCING ============== 165651
LDB: ============== END OF LOAD BALANCING =============== 165651
LDB: =============== DONE WITH MIGRATION ================ 165651
LDB: ============= START OF LOAD BALANCING ============== 165978
LDB: ============== END OF LOAD BALANCING =============== 165978
LDB: =============== DONE WITH MIGRATION ================ 165978
LDB: ============= START OF LOAD BALANCING ============== 165986
LDB: ============== END OF LOAD BALANCING =============== 165986
LDB: =============== DONE WITH MIGRATION ================ 165986
PRESSURE: 990000 391.805 -32.7175 267.983 -32.7175 -79.6205 24.5961 267.983 24.5961 138.552
GPRESSURE: 990000 342.81 -59.0711 -28.1645 -21.441 -16.3362 -340.428 109.128 228.421 147.651
PRESSAVG: 990000 -59.4315 12.8894 -6.74076 12.8894 -50.9882 -13.4336 -6.74076 -13.4336 3.03137
GPRESSAVG: 990000 -59.3922 12.9729 -6.66382 12.8614 -50.9573 -13.4518 -6.75482 -13.3616 2.90722
ENERGY:  990000      1510.9523      9062.1743      5687.7235        78.2927         -60998.0661     -1321.1017         0.0000         0.0000     18247.3178         -27732.7072       294.5081    -45980.0250    -27587.2829       295.8452            150.2453       158.0416    265219.3313       -35.7961       -35.8141

WRITING COORDINATES TO DCD FILE NPT.dcd AT STEP 990000
LDB: ============= START OF LOAD BALANCING ============== 166313
LDB: ============== END OF LOAD BALANCING =============== 166313
LDB: =============== DONE WITH MIGRATION ================ 166313
LDB: ============= START OF LOAD BALANCING ============== 166322
LDB: ============== END OF LOAD BALANCING =============== 166322
LDB: =============== DONE WITH MIGRATION ================ 166322
LDB: ============= START OF LOAD BALANCING ============== 166649
LDB: ============== END OF LOAD BALANCING =============== 166649
LDB: =============== DONE WITH MIGRATION ================ 166649
LDB: ============= START OF LOAD BALANCING ============== 166658
LDB: ============== END OF LOAD BALANCING =============== 166658
LDB: =============== DONE WITH MIGRATION ================ 166658
LDB: ============= START OF LOAD BALANCING ============== 166986
LDB: ============== END OF LOAD BALANCING =============== 166986
LDB: =============== DONE WITH MIGRATION ================ 166986
LDB: ============= START OF LOAD BALANCING ============== 166994
LDB: ============== END OF LOAD BALANCING =============== 166994
LDB: =============== DONE WITH MIGRATION ================ 166994
LDB: ============= START OF LOAD BALANCING ============== 167323
LDB: ============== END OF LOAD BALANCING =============== 167323
LDB: =============== DONE WITH MIGRATION ================ 167323
LDB: ============= START OF LOAD BALANCING ============== 167331
LDB: ============== END OF LOAD BALANCING =============== 167331
LDB: =============== DONE WITH MIGRATION ================ 167331
LDB: ============= START OF LOAD BALANCING ============== 167658
LDB: ============== END OF LOAD BALANCING =============== 167658
LDB: =============== DONE WITH MIGRATION ================ 167658
LDB: ============= START OF LOAD BALANCING ============== 167666
LDB: ============== END OF LOAD BALANCING =============== 167666
LDB: =============== DONE WITH MIGRATION ================ 167666
PRESSURE: 1000000 773.679 48.0717 -71.289 48.0717 465.052 12.3986 -71.289 12.3986 853.168
GPRESSURE: 1000000 799.997 128.448 -122.226 303.824 621.847 -205.607 -174.873 38.0342 715.517
PRESSAVG: 1000000 27.1272 1.94451 -10.4069 1.94451 38.1168 13.9327 -10.4069 13.9327 4.15121
GPRESSAVG: 1000000 27.0287 1.94148 -10.3493 1.8901 38.0916 14.0119 -10.4702 14.0202 4.2192
TIMING: 1000000  CPU: 167939, 0.168087/step  Wall: 167941, 0.168091/step, 0 hours remaining, 685.380939 MB of memory in use.
PERFORMANCE: 1000000  averaging 1.02893 ns/day, 0.167941 sec/step with standard deviation 0.000302891
ETITLE:      TS           BOND          ANGLE          DIHED          IMPRP               ELECT            VDW       BOUNDARY           MISC        KINETIC               TOTAL           TEMP      POTENTIAL         TOTAL3        TEMPAVG            PRESSURE      GPRESSURE         VOLUME       PRESSAVG      GPRESSAVG

ENERGY: 1000000      1541.8813      9195.5799      5708.2662        79.7006         -61205.0867     -1163.9311         0.0000         0.0000     18426.4519         -27417.1380       297.3993    -45843.5899    -27272.7533       296.6403            697.2995       712.4539    266327.7836        23.1318        23.1132

WRITING EXTENDED SYSTEM TO RESTART FILE AT STEP 1000000
WRITING COORDINATES TO DCD FILE NPT.dcd AT STEP 1000000
WRITING COORDINATES TO RESTART FILE AT STEP 1000000
FINISHED WRITING RESTART COORDINATES
WRITING VELOCITIES TO RESTART FILE AT STEP 1000000
FINISHED WRITING RESTART VELOCITIES
WRITING EXTENDED SYSTEM TO OUTPUT FILE AT STEP 1000000
CLOSING EXTENDED SYSTEM TRAJECTORY FILE
WRITING COORDINATES TO OUTPUT FILE AT STEP 1000000
CLOSING COORDINATE DCD FILE NPT.dcd
WRITING VELOCITIES TO OUTPUT FILE AT STEP 1000000
====================================================

WallClock: 167966.703125  CPUTime: 167963.750000  Memory: 685.380939 MB
[Partition 0][Node 0] End of program
