Charm++> No provisioning arguments specified. Running with a single PE.
         Use +auto-provision to fully subscribe resources or +p1 to silence this message.
Charm++: standalone mode (not using charmrun)
Charm++> Running in Multicore mode: 1 threads (PEs)
Charm++> Using recursive bisection (scheme 3) for topology aware partitions
Converse/Charm++ Commit ID: 
CharmLB> Load balancer assumes all CPUs are same.
Charm++> Running on 1 hosts (1 sockets x 20 cores x 2 PUs = 40-way SMP)
Charm++> cpu topology info is gathered in 0.000 seconds.
CharmLB> Load balancing instrumentation for communication is off.
Info: NAMD Git-2025-12-04 for Linux-x86_64-multicore
Info: 
Info: Please visit http://www.ks.uiuc.edu/Research/namd/
Info: for updates, documentation, and support information.
Info: 
Info: Please cite Phillips et al., J. Chem. Phys. 153:044130 (2020) doi:10.1063/5.0014475
Info: in all publications reporting results obtained with NAMD.
Info: 
Info: Based on Charm++/Converse 80000 for multicore-linux-x86_64-gcc
Info: Built Thu Dec 4 09:25:02 CST 2025 by dhardy on athine.ks.uiuc.edu
Info: Source code at Git commit ID b856a9378ca44bcf5aa708d4b681af4ceb86d8ca
Info: 1 NAMD  Git-2025-12-04  Linux-x86_64-multicore  1    vivi01  cmm11
Info: Running on 1 processors, 1 nodes, 1 physical nodes.
Info: CPU topology information available.
Info: Charm++/Converse parallel runtime startup completed at 0.00631446 s
CkLoopLib is used in SMP with simple dynamic scheduling (converse-level notification)
Info: 25.0547 MB of memory in use based on /proc/self/stat
Info: Configuration file is simNPT.conf
Info: Working in the current directory /scratch/168109.1.cerqt03.q
TCL: Suspending until startup complete.
Warning: Option "1-4scaling" has been deprecated. Instead use "oneFourScaling".
Warning: The Langevin gamma parameters differ over the particles,
Warning: requiring extra work per step to constrain rigid bonds.
Info: SIMULATION PARAMETERS:
Info: TIMESTEP               2
Info: NUMBER OF STEPS        1000000
Info: STEPS PER CYCLE        10
Info: PERIODIC CELL BASIS 1  67.406 0 0
Info: PERIODIC CELL BASIS 2  0 57.2957 0
Info: PERIODIC CELL BASIS 3  0 0 69.1112
Info: PERIODIC CELL CENTER   0 0 0
Info: WRAPPING WATERS AROUND PERIODIC BOUNDARIES ON OUTPUT.
Info: WRAPPING ALL CLUSTERS AROUND PERIODIC BOUNDARIES ON OUTPUT.
Info: LOAD BALANCER  Centralized
Info: LOAD BALANCING STRATEGY  New Load Balancers -- DEFAULT
Info: LDB PERIOD             2000 steps
Info: FIRST LDB TIMESTEP     50
Info: LAST LDB TIMESTEP     -1
Info: LDB BACKGROUND SCALING 1
Info: HOM BACKGROUND SCALING 1
Info: PME BACKGROUND SCALING 1
Info: MIN ATOMS PER PATCH    40
Info: EMPTY PATCH LOAD       40 ATOMS
Info: INITIAL TEMPERATURE    307.5
Info: CENTER OF MASS MOVING INITIALLY? NO
Info: DIELECTRIC             1
Info: EXCLUDE                SCALED ONE-FOUR
Info: 1-4 ELECTROSTATICS SCALED BY 1
Info: MODIFIED 1-4 VDW PARAMETERS WILL BE USED
Info: DCD FILENAME           NPT.dcd
Info: DCD FREQUENCY          10000
Info: DCD FIRST STEP         10000
Info: DCD FILE WILL CONTAIN UNIT CELL DATA
Info: XST FILENAME           NPT.xst
Info: XST FREQUENCY          50000
Info: NO VELOCITY DCD OUTPUT
Info: NO FORCE DCD OUTPUT
Info: OUTPUT FILENAME        NPT
Info: BINARY OUTPUT FILES WILL BE USED
Info: RESTART FILENAME       NPT.restart
Info: RESTART FREQUENCY      50000
Info: BINARY RESTART FILES WILL BE USED
Info: NAMD will save positions and velocities to NPT.crash.csv when  atoms are moving too fast.
Info: SWITCHING ACTIVE
Info: SWITCHING ON           10
Info: SWITCHING OFF          12
Info: PAIRLIST DISTANCE      13.5
Info: PAIRLIST SHRINK RATE   0.01
Info: PAIRLIST GROW RATE     0.01
Info: PAIRLIST TRIGGER       0.3
Info: PAIRLISTS PER CYCLE    2
Info: PAIRLISTS ENABLED
Info: MARGIN                 0.96
Info: HYDROGEN GROUP CUTOFF  2.5
Info: PATCH DIMENSION        16.96
Info: ENERGY OUTPUT STEPS    10000
Info: ENERGY EVALUATION STEPS    10000
Info: OUTPUT ENERGY PRECISION 4
Info: CROSSTERM ENERGY INCLUDED IN DIHEDRAL
Info: TIMING OUTPUT STEPS    100000
Info: PRESSURE OUTPUT STEPS  10000
Info: LANGEVIN DYNAMICS ACTIVE
Info: LANGEVIN TEMPERATURE   307.5
Info: LANGEVIN USING BBK INTEGRATOR
Info: LANGEVIN DAMPING COEFFICIENT IS 1 INVERSE PS
Info: LANGEVIN DYNAMICS NOT APPLIED TO HYDROGENS
Info: LANGEVIN PISTON PRESSURE CONTROL ACTIVE
Info:        TARGET PRESSURE IS 1.01325 BAR
Info:     OSCILLATION PERIOD IS 200 FS
Info:             DECAY TIME IS 100 FS
Info:     PISTON TEMPERATURE IS 307.5 K
Info:       PRESSURE CONTROL IS GROUP-BASED
Info:    INITIAL STRAIN RATE IS 0 0 0
Info:       CELL FLUCTUATION IS ANISOTROPIC
Info:     CONSTANT AREA PRESSURE CONTROL ACTIVE
Info: PARTICLE MESH EWALD (PME) ACTIVE
Info: PME TOLERANCE               1e-06
Info: PME EWALD COEFFICIENT       0.257952
Info: PME INTERPOLATION ORDER     4
Info: PME GRID DIMENSIONS         72 60 72
Info: PME MAXIMUM GRID SPACING    1.5
Info: Attempting to read FFTW data from FFTW_NAMD_Git-2025-12-04_Linux-x86_64-multicore.txt
Info: Optimizing 6 FFT steps.  1... 2... 3... 4... 5... 6...   Done.
Info: Writing FFTW data to FFTW_NAMD_Git-2025-12-04_Linux-x86_64-multicore.txt
Info: FULL ELECTROSTATIC EVALUATION FREQUENCY      2
Info: USING VERLET I (r-RESPA) MTS SCHEME.
Info: C1 SPLITTING OF LONG RANGE ELECTROSTATICS
Info: PLACING ATOMS IN PATCHES BY HYDROGEN GROUPS
Info: RIGID BONDS TO HYDROGEN : ALL
Info:         ERROR TOLERANCE : 1e-08
Info:          MAX ITERATIONS : 100
Info: RIGID WATER USING SETTLE ALGORITHM
Info: RANDOM NUMBER SEED     1781695006
Info: USE HYDROGEN BONDS?    NO
Info: COORDINATE PDB         coordenades_inicials.pdb
Info: STRUCTURE FILE         estructura_membranaDMPC.psf
Info: PARAMETER file: CHARMM format! 
Info: PARAMETERS             parametres.prm
Info: USING ARITHMETIC MEAN TO COMBINE L-J SIGMA PARAMETERS
Info: SUMMARY OF PARAMETERS:
Info: 52 BONDS
Info: 132 ANGLES
Info: 176 DIHEDRAL
Info: 4 IMPROPER
Info: 0 CROSSTERM
Info: 37 VDW
Info: 0 VDW_PAIRS
Info: 0 NBTHOLE_PAIRS
Info: TIME FOR READING PSF FILE: 0.150064
Info: Reading pdb file coordenades_inicials.pdb
Info: TIME FOR READING PDB FILE: 0.0230468
Info: 
Info: ****************************
Info: STRUCTURE SUMMARY:
Info: 28235 ATOMS
Info: 23730 BONDS
Info: 33305 ANGLES
Info: 40064 DIHEDRALS
Info: 256 IMPROPERS
Info: 0 CROSSTERMS
Info: 0 EXCLUSIONS
Info: 22347 RIGID BONDS
Info: 62358 DEGREES OF FREEDOM
Info: 10265 HYDROGEN GROUPS
Info: 4 ATOMS IN LARGEST HYDROGEN GROUP
Info: 10265 MIGRATION GROUPS
Info: 4 ATOMS IN LARGEST MIGRATION GROUP
Info: TOTAL MASS = 165628 amu
Info: TOTAL CHARGE = 6.67572e-06 e
Info: MASS DENSITY = 1.03044 g/cm^3
Info: ATOM DENSITY = 0.105784 atoms/A^3
Info: *****************************
Info: 
Info: Entering startup at 25.0188 s, 856.925 MB of memory in use
Info: Startup phase 0 took 4.2539e-05 s, 856.925 MB of memory in use
Info: ADDED 97099 IMPLICIT EXCLUSIONS
Info: Startup phase 1 took 0.0139803 s, 856.925 MB of memory in use
Info: NONBONDED TABLE R-SQUARED SPACING: 0.0625
Info: NONBONDED TABLE SIZE: 769 POINTS
Info: INCONSISTENCY IN FAST TABLE ENERGY VS FORCE: 0.000325096 AT 11.9556
Info: INCONSISTENCY IN SCOR TABLE ENERGY VS FORCE: 0.000324844 AT 11.9556
Info: INCONSISTENCY IN VDWA TABLE ENERGY VS FORCE: 0.0040507 AT 0.251946
Info: INCONSISTENCY IN VDWB TABLE ENERGY VS FORCE: 0.00150189 AT 0.251946
Info: Startup phase 2 took 0.000184367 s, 856.925 MB of memory in use
Info: Startup phase 3 took 1.2957e-05 s, 856.925 MB of memory in use
Info: Startup phase 4 took 3.1229e-05 s, 856.925 MB of memory in use
Info: Startup phase 5 took 1.0152e-05 s, 856.925 MB of memory in use
Info: PATCH GRID IS 3 (PERIODIC) BY 3 (PERIODIC) BY 4 (PERIODIC)
Info: PATCH GRID IS 1-AWAY BY 1-AWAY BY 1-AWAY
Info: REMOVING COM VELOCITY -0.0330373 0.0114319 -0.0402235
Info: LARGEST PATCH (5) HAS 838 ATOMS
Info: TORUS A SIZE 1 USING 0
Info: TORUS B SIZE 1 USING 0
Info: TORUS C SIZE 1 USING 0
Info: TORUS MINIMAL MESH SIZE IS 1 BY 1 BY 1
Info: Placed 100% of base nodes on same physical node as patch
Info: Startup phase 6 took 0.00486317 s, 856.925 MB of memory in use
Info: PME using 1 and 1 processors for FFT and reciprocal sum.
Info: PME GRID LOCATIONS: 0
Info: PME TRANS LOCATIONS: 0
Info: PME USING 1 GRID NODES AND 1 TRANS NODES
Info: Optimizing 4 FFT steps.  1... 2... 3... 4...   Done.
Info: Startup phase 7 took 0.000340992 s, 856.925 MB of memory in use
Info: Startup phase 8 took 1.5846e-05 s, 856.925 MB of memory in use
Info: Startup phase 9 took 9.959e-06 s, 856.925 MB of memory in use
Info: Startup phase 10 took 8.393e-06 s, 856.925 MB of memory in use
Info: Startup phase 11 took 9.261e-06 s, 856.925 MB of memory in use
LDB: Central LB being created...
Info: Startup phase 12 took 2.63e-05 s, 856.925 MB of memory in use
Info: Startup phase 13 took 9.249e-06 s, 856.925 MB of memory in use
Info: Startup phase 14 took 8.202e-06 s, 856.925 MB of memory in use
Info: Startup phase 15 took 8.178e-06 s, 856.925 MB of memory in use
Info: CREATING 725 COMPUTE OBJECTS
Info: Startup phase 16 took 0.00112508 s, 856.925 MB of memory in use
Info: Startup phase 17 took 2.2496e-05 s, 856.925 MB of memory in use
Info: Startup phase 18 took 7.8093e-05 s, 856.925 MB of memory in use
Info: Finished startup at 25.0396 s, 856.925 MB of memory in use

PRESSURE: 0 -323.126 -170.5 98.3862 -170.5 -203.347 92.7503 98.3862 92.7503 14.5725
GPRESSURE: 0 -222.575 -282.167 -23.9681 -197.831 -245.979 119.321 157.559 27.1042 0.180447
ETITLE:      TS           BOND          ANGLE          DIHED          IMPRP               ELECT            VDW       BOUNDARY           MISC        KINETIC               TOTAL           TEMP      POTENTIAL         TOTAL3        TEMPAVG            PRESSURE      GPRESSURE         VOLUME       PRESSAVG      GPRESSAVG

ENERGY:       0      1594.0351      9365.7228      5731.5533        69.6310         -60472.2825     -1513.1044         0.0000         0.0000     19007.9943         -26216.4503       306.7853    -45224.4446    -26064.0946       306.7853           -170.6334      -156.1243    266912.4031      -170.6334      -156.1243

OPENING EXTENDED SYSTEM TRAJECTORY FILE
LDB: ============= START OF LOAD BALANCING ============== 26.7753
LDB: ============== END OF LOAD BALANCING =============== 26.7753
LDB: =============== DONE WITH MIGRATION ================ 26.7753
LDB: ============= START OF LOAD BALANCING ============== 33.3822
LDB: ============== END OF LOAD BALANCING =============== 33.3822
LDB: =============== DONE WITH MIGRATION ================ 33.3823
Info: Initial time: 1 CPUs 0.165215 s/step 0.956107 days/ns 856.925 MB memory
LDB: ============= START OF LOAD BALANCING ============== 35.0307
LDB: ============== END OF LOAD BALANCING =============== 35.0307
LDB: =============== DONE WITH MIGRATION ================ 35.0308
LDB: ============= START OF LOAD BALANCING ============== 41.594
LDB: ============== END OF LOAD BALANCING =============== 41.5941
LDB: =============== DONE WITH MIGRATION ================ 41.5941
Info: Initial time: 1 CPUs 0.164192 s/step 0.950184 days/ns 856.925 MB memory
LDB: ============= START OF LOAD BALANCING ============== 49.7752
LDB: ============== END OF LOAD BALANCING =============== 49.7753
LDB: =============== DONE WITH MIGRATION ================ 49.7753
Info: Initial time: 1 CPUs 0.163594 s/step 0.946726 days/ns 856.925 MB memory
LDB: ============= START OF LOAD BALANCING ============== 57.9452
LDB: ============== END OF LOAD BALANCING =============== 57.9453
LDB: =============== DONE WITH MIGRATION ================ 57.9453
Info: Benchmark time: 1 CPUs 0.163435 s/step 0.945804 days/ns 856.925 MB memory
Info: Benchmark time: 1 CPUs 0.163125 s/step 0.944013 days/ns 856.925 MB memory
Info: Benchmark time: 1 CPUs 0.162932 s/step 0.942894 days/ns 856.925 MB memory
Info: Benchmark time: 1 CPUs 0.163244 s/step 0.944697 days/ns 856.925 MB memory
Info: Benchmark time: 1 CPUs 0.16333 s/step 0.945199 days/ns 856.925 MB memory
Info: Benchmark time: 1 CPUs 0.163479 s/step 0.946058 days/ns 856.925 MB memory
LDB: ============= START OF LOAD BALANCING ============== 378.698
LDB: ============== END OF LOAD BALANCING =============== 378.698
LDB: =============== DONE WITH MIGRATION ================ 378.699
LDB: ============= START OF LOAD BALANCING ============== 387.015
LDB: ============== END OF LOAD BALANCING =============== 387.015
LDB: =============== DONE WITH MIGRATION ================ 387.015
LDB: ============= START OF LOAD BALANCING ============== 710.945
LDB: ============== END OF LOAD BALANCING =============== 710.945
LDB: =============== DONE WITH MIGRATION ================ 710.945
LDB: ============= START OF LOAD BALANCING ============== 719.242
LDB: ============== END OF LOAD BALANCING =============== 719.242
LDB: =============== DONE WITH MIGRATION ================ 719.242
LDB: ============= START OF LOAD BALANCING ============== 1042.8
LDB: ============== END OF LOAD BALANCING =============== 1042.8
LDB: =============== DONE WITH MIGRATION ================ 1042.8
LDB: ============= START OF LOAD BALANCING ============== 1051.08
LDB: ============== END OF LOAD BALANCING =============== 1051.08
LDB: =============== DONE WITH MIGRATION ================ 1051.08
LDB: ============= START OF LOAD BALANCING ============== 1373.28
LDB: ============== END OF LOAD BALANCING =============== 1373.28
LDB: =============== DONE WITH MIGRATION ================ 1373.28
LDB: ============= START OF LOAD BALANCING ============== 1381.57
LDB: ============== END OF LOAD BALANCING =============== 1381.57
LDB: =============== DONE WITH MIGRATION ================ 1381.57
PRESSURE: 10000 469.975 187.91 -217.53 187.91 -77.3284 -20.847 -217.53 -20.847 -100.815
GPRESSURE: 10000 572.585 51.3713 -119.18 174.991 -140.104 -107.975 -331.667 92.797 -74.7209
PRESSAVG: 10000 101.929 -4.41319 -9.02516 -4.41319 -25.1324 22.2243 -9.02516 22.2243 4.3248
GPRESSAVG: 10000 101.889 -4.61364 -8.95287 -4.35883 -25.156 22.2138 -9.02876 22.1048 4.35397
ENERGY:   10000      1501.6405      9321.5104      5726.3461        81.3039         -60374.1320     -1368.2493         0.0000         0.0000     19074.4986         -26037.0818       307.8586    -45111.5804    -25880.7102       306.5504             97.2774       119.2532    267164.6642        27.0405        27.0289

OPENING COORDINATE DCD FILE
WRITING COORDINATES TO DCD FILE NPT.dcd AT STEP 10000
The last position output (seq=10000) takes 0.001 seconds, 856.925 MB of memory in use
LDB: ============= START OF LOAD BALANCING ============== 1703.56
LDB: ============== END OF LOAD BALANCING =============== 1703.56
LDB: =============== DONE WITH MIGRATION ================ 1703.56
LDB: ============= START OF LOAD BALANCING ============== 1711.82
LDB: ============== END OF LOAD BALANCING =============== 1711.82
LDB: =============== DONE WITH MIGRATION ================ 1711.82
LDB: ============= START OF LOAD BALANCING ============== 2033.87
LDB: ============== END OF LOAD BALANCING =============== 2033.87
LDB: =============== DONE WITH MIGRATION ================ 2033.87
LDB: ============= START OF LOAD BALANCING ============== 2042.15
LDB: ============== END OF LOAD BALANCING =============== 2042.15
LDB: =============== DONE WITH MIGRATION ================ 2042.15
LDB: ============= START OF LOAD BALANCING ============== 2363.13
LDB: ============== END OF LOAD BALANCING =============== 2363.13
LDB: =============== DONE WITH MIGRATION ================ 2363.13
LDB: ============= START OF LOAD BALANCING ============== 2371.35
LDB: ============== END OF LOAD BALANCING =============== 2371.35
LDB: =============== DONE WITH MIGRATION ================ 2371.35
LDB: ============= START OF LOAD BALANCING ============== 2693.65
LDB: ============== END OF LOAD BALANCING =============== 2693.65
LDB: =============== DONE WITH MIGRATION ================ 2693.65
LDB: ============= START OF LOAD BALANCING ============== 2701.93
LDB: ============== END OF LOAD BALANCING =============== 2701.93
LDB: =============== DONE WITH MIGRATION ================ 2701.93
LDB: ============= START OF LOAD BALANCING ============== 3024.78
LDB: ============== END OF LOAD BALANCING =============== 3024.78
LDB: =============== DONE WITH MIGRATION ================ 3024.78
LDB: ============= START OF LOAD BALANCING ============== 3033.06
LDB: ============== END OF LOAD BALANCING =============== 3033.06
LDB: =============== DONE WITH MIGRATION ================ 3033.06
PRESSURE: 20000 368.469 71.2639 -426.271 71.2639 -972.944 -147.675 -426.271 -147.675 -84.0145
GPRESSURE: 20000 217.711 -59.7752 -416.317 131.164 -905.976 -186.254 -315.222 -175.434 6.31339
PRESSAVG: 20000 9.46676 13.0995 -2.25512 13.0995 -35.0323 17.1799 -2.25512 17.1799 -3.42299
GPRESSAVG: 20000 9.4825 13.2032 -2.29068 13.2355 -34.9936 17.2441 -2.29271 17.2077 -3.41831
ENERGY:   20000      1567.2940      9287.8219      5771.9778        75.2713         -60108.0119     -1477.7887         0.0000         0.0000     18927.4777         -25955.9579       305.4857    -44883.4356    -25802.1453       306.5270           -229.4966      -227.3173    266911.0356        -9.6628        -9.6432

WRITING COORDINATES TO DCD FILE NPT.dcd AT STEP 20000
The last position output (seq=20000) takes 0.000 seconds, 856.925 MB of memory in use
LDB: ============= START OF LOAD BALANCING ============== 3355.94
LDB: ============== END OF LOAD BALANCING =============== 3355.94
LDB: =============== DONE WITH MIGRATION ================ 3355.94
LDB: ============= START OF LOAD BALANCING ============== 3364.21
LDB: ============== END OF LOAD BALANCING =============== 3364.21
LDB: =============== DONE WITH MIGRATION ================ 3364.21
LDB: ============= START OF LOAD BALANCING ============== 3687.19
LDB: ============== END OF LOAD BALANCING =============== 3687.19
LDB: =============== DONE WITH MIGRATION ================ 3687.19
LDB: ============= START OF LOAD BALANCING ============== 3695.48
LDB: ============== END OF LOAD BALANCING =============== 3695.48
LDB: =============== DONE WITH MIGRATION ================ 3695.48
LDB: ============= START OF LOAD BALANCING ============== 4018.95
LDB: ============== END OF LOAD BALANCING =============== 4018.95
LDB: =============== DONE WITH MIGRATION ================ 4018.95
LDB: ============= START OF LOAD BALANCING ============== 4027.24
LDB: ============== END OF LOAD BALANCING =============== 4027.24
LDB: =============== DONE WITH MIGRATION ================ 4027.24
LDB: ============= START OF LOAD BALANCING ============== 4350.68
LDB: ============== END OF LOAD BALANCING =============== 4350.68
LDB: =============== DONE WITH MIGRATION ================ 4350.68
LDB: ============= START OF LOAD BALANCING ============== 4359
LDB: ============== END OF LOAD BALANCING =============== 4359
LDB: =============== DONE WITH MIGRATION ================ 4359
LDB: ============= START OF LOAD BALANCING ============== 4682.3
LDB: ============== END OF LOAD BALANCING =============== 4682.3
LDB: =============== DONE WITH MIGRATION ================ 4682.3
LDB: ============= START OF LOAD BALANCING ============== 4690.6
LDB: ============== END OF LOAD BALANCING =============== 4690.6
LDB: =============== DONE WITH MIGRATION ================ 4690.6
PRESSURE: 30000 -172.932 349.436 -78.5415 349.436 -778.02 -95.0629 -78.5415 -95.0629 -492.477
GPRESSURE: 30000 -209.787 264.808 -53.1951 347.316 -673.541 -29.5047 6.53313 49.3473 -507.364
PRESSAVG: 30000 1.05664 -11.873 -10.0366 -11.873 37.1495 12.4289 -10.0366 12.4289 4.24764
GPRESSAVG: 30000 0.993222 -11.7869 -10.0123 -11.9398 37.2813 12.3559 -9.97205 12.4768 4.20959
ENERGY:   30000      1600.8697      9221.8249      5746.1790        72.9779         -60383.4068     -1367.5711         0.0000         0.0000     18857.6481         -26251.4783       304.3587    -45109.1264    -26101.5677       305.4347           -481.1430      -463.5639    267673.8565        14.1513        14.1614

WRITING COORDINATES TO DCD FILE NPT.dcd AT STEP 30000
The last position output (seq=30000) takes 0.000 seconds, 856.925 MB of memory in use
LDB: ============= START OF LOAD BALANCING ============== 5013.95
LDB: ============== END OF LOAD BALANCING =============== 5013.95
LDB: =============== DONE WITH MIGRATION ================ 5013.95
LDB: ============= START OF LOAD BALANCING ============== 5022.23
LDB: ============== END OF LOAD BALANCING =============== 5022.23
LDB: =============== DONE WITH MIGRATION ================ 5022.23
LDB: ============= START OF LOAD BALANCING ============== 5344.68
LDB: ============== END OF LOAD BALANCING =============== 5344.68
LDB: =============== DONE WITH MIGRATION ================ 5344.68
LDB: ============= START OF LOAD BALANCING ============== 5353
LDB: ============== END OF LOAD BALANCING =============== 5353
LDB: =============== DONE WITH MIGRATION ================ 5353.01
LDB: ============= START OF LOAD BALANCING ============== 5676.19
LDB: ============== END OF LOAD BALANCING =============== 5676.19
LDB: =============== DONE WITH MIGRATION ================ 5676.19
LDB: ============= START OF LOAD BALANCING ============== 5684.46
LDB: ============== END OF LOAD BALANCING =============== 5684.46
LDB: =============== DONE WITH MIGRATION ================ 5684.46
LDB: ============= START OF LOAD BALANCING ============== 6007.03
LDB: ============== END OF LOAD BALANCING =============== 6007.03
LDB: =============== DONE WITH MIGRATION ================ 6007.03
LDB: ============= START OF LOAD BALANCING ============== 6015.34
LDB: ============== END OF LOAD BALANCING =============== 6015.34
LDB: =============== DONE WITH MIGRATION ================ 6015.34
LDB: ============= START OF LOAD BALANCING ============== 6338.43
LDB: ============== END OF LOAD BALANCING =============== 6338.43
LDB: =============== DONE WITH MIGRATION ================ 6338.43
LDB: ============= START OF LOAD BALANCING ============== 6346.75
LDB: ============== END OF LOAD BALANCING =============== 6346.75
LDB: =============== DONE WITH MIGRATION ================ 6346.75
PRESSURE: 40000 -194.711 -172.25 38.5361 -172.25 -93.5297 -15.7001 38.5361 -15.7001 113.263
GPRESSURE: 40000 -215.001 -123.461 -89.0749 -109.004 -57.9056 19.3126 74.8541 329.256 146.999
PRESSAVG: 40000 28.7458 -25.3033 -29.0331 -25.3033 -6.55052 8.63552 -29.0331 8.63552 -0.0387549
GPRESSAVG: 40000 28.7595 -25.2667 -29.0796 -25.2595 -6.67796 8.6672 -29.0234 8.59283 0.0155087
ENERGY:   40000      1583.9539      9325.0047      5701.0372        73.5279         -60346.4591     -1289.1949         0.0000         0.0000     18834.0237         -26118.1066       303.9774    -44952.1303    -25966.6326       306.9006            -58.3260       -41.9692    267589.9460         7.3855         7.3657

WRITING COORDINATES TO DCD FILE NPT.dcd AT STEP 40000
The last position output (seq=40000) takes 0.000 seconds, 856.925 MB of memory in use
LDB: ============= START OF LOAD BALANCING ============== 6670.44
LDB: ============== END OF LOAD BALANCING =============== 6670.44
LDB: =============== DONE WITH MIGRATION ================ 6670.44
LDB: ============= START OF LOAD BALANCING ============== 6678.72
LDB: ============== END OF LOAD BALANCING =============== 6678.72
LDB: =============== DONE WITH MIGRATION ================ 6678.72
LDB: ============= START OF LOAD BALANCING ============== 7001.58
LDB: ============== END OF LOAD BALANCING =============== 7001.58
LDB: =============== DONE WITH MIGRATION ================ 7001.58
LDB: ============= START OF LOAD BALANCING ============== 7009.85
LDB: ============== END OF LOAD BALANCING =============== 7009.85
LDB: =============== DONE WITH MIGRATION ================ 7009.85
LDB: ============= START OF LOAD BALANCING ============== 7332.41
LDB: ============== END OF LOAD BALANCING =============== 7332.41
LDB: =============== DONE WITH MIGRATION ================ 7332.41
LDB: ============= START OF LOAD BALANCING ============== 7340.65
LDB: ============== END OF LOAD BALANCING =============== 7340.65
LDB: =============== DONE WITH MIGRATION ================ 7340.65
LDB: ============= START OF LOAD BALANCING ============== 7662.75
LDB: ============== END OF LOAD BALANCING =============== 7662.75
LDB: =============== DONE WITH MIGRATION ================ 7662.75
LDB: ============= START OF LOAD BALANCING ============== 7671.05
LDB: ============== END OF LOAD BALANCING =============== 7671.05
LDB: =============== DONE WITH MIGRATION ================ 7671.05
LDB: ============= START OF LOAD BALANCING ============== 7993.86
LDB: ============== END OF LOAD BALANCING =============== 7993.86
LDB: =============== DONE WITH MIGRATION ================ 7993.86
LDB: ============= START OF LOAD BALANCING ============== 8002.15
LDB: ============== END OF LOAD BALANCING =============== 8002.15
LDB: =============== DONE WITH MIGRATION ================ 8002.15
PRESSURE: 50000 201.286 -190.838 -397.451 -190.838 -530.845 -259.524 -397.451 -259.524 198.38
GPRESSURE: 50000 280.633 -185.533 -202.28 -110.664 -586.931 -194.684 -318.928 -94.8752 218.864
PRESSAVG: 50000 -47.5963 -57.8885 10.0734 -57.8885 -55.5374 7.6669 10.0734 7.6669 -0.915776
GPRESSAVG: 50000 -47.5412 -57.9762 10.2443 -57.8941 -55.5206 7.65007 9.95807 7.65248 -0.928987
ENERGY:   50000      1585.4631      9251.8975      5732.9990        85.4732         -60475.5705     -1138.2014         0.0000         0.0000     18930.5853         -26027.3538       305.5359    -44957.9390    -25872.6597       306.9302            -43.7264       -29.1450    267197.2269       -34.6832       -34.6636

WRITING EXTENDED SYSTEM TO RESTART FILE AT STEP 50000
WRITING COORDINATES TO DCD FILE NPT.dcd AT STEP 50000
WRITING COORDINATES TO RESTART FILE AT STEP 50000
FINISHED WRITING RESTART COORDINATES
The last position output (seq=50000) takes 0.001 seconds, 856.925 MB of memory in use
WRITING VELOCITIES TO RESTART FILE AT STEP 50000
FINISHED WRITING RESTART VELOCITIES
The last velocity output (seq=50000) takes 0.000 seconds, 856.925 MB of memory in use
LDB: ============= START OF LOAD BALANCING ============== 8324.61
LDB: ============== END OF LOAD BALANCING =============== 8324.61
LDB: =============== DONE WITH MIGRATION ================ 8324.61
LDB: ============= START OF LOAD BALANCING ============== 8332.88
LDB: ============== END OF LOAD BALANCING =============== 8332.88
LDB: =============== DONE WITH MIGRATION ================ 8332.88
LDB: ============= START OF LOAD BALANCING ============== 8656.42
LDB: ============== END OF LOAD BALANCING =============== 8656.42
LDB: =============== DONE WITH MIGRATION ================ 8656.42
LDB: ============= START OF LOAD BALANCING ============== 8664.77
LDB: ============== END OF LOAD BALANCING =============== 8664.77
LDB: =============== DONE WITH MIGRATION ================ 8664.77
LDB: ============= START OF LOAD BALANCING ============== 8989.42
LDB: ============== END OF LOAD BALANCING =============== 8989.42
LDB: =============== DONE WITH MIGRATION ================ 8989.42
LDB: ============= START OF LOAD BALANCING ============== 8997.76
LDB: ============== END OF LOAD BALANCING =============== 8997.76
LDB: =============== DONE WITH MIGRATION ================ 8997.76
LDB: ============= START OF LOAD BALANCING ============== 9321.1
LDB: ============== END OF LOAD BALANCING =============== 9321.1
LDB: =============== DONE WITH MIGRATION ================ 9321.1
LDB: ============= START OF LOAD BALANCING ============== 9329.41
LDB: ============== END OF LOAD BALANCING =============== 9329.41
LDB: =============== DONE WITH MIGRATION ================ 9329.41
LDB: ============= START OF LOAD BALANCING ============== 9653.93
LDB: ============== END OF LOAD BALANCING =============== 9653.93
LDB: =============== DONE WITH MIGRATION ================ 9653.93
LDB: ============= START OF LOAD BALANCING ============== 9662.26
LDB: ============== END OF LOAD BALANCING =============== 9662.26
LDB: =============== DONE WITH MIGRATION ================ 9662.26
PRESSURE: 60000 132.102 48.1635 -127.791 48.1635 -240.295 -117.936 -127.791 -117.936 -45.8139
GPRESSURE: 60000 114.541 -139.879 -66.7732 73.3111 -197.389 -234.967 -190.345 -170.978 12.0507
PRESSAVG: 60000 54.4385 15.97 0.939562 15.97 -22.5385 9.52394 0.939562 9.52394 0.199004
GPRESSAVG: 60000 54.4055 16.0297 0.836053 15.8499 -22.5166 9.46571 1.04159 9.45411 0.19209
ENERGY:   60000      1574.7563      9322.8421      5717.1900        72.3115         -60558.1880     -1201.0224         0.0000         0.0000     18815.0790         -26257.0314       303.6717    -45072.1104    -26110.8201       305.8212            -51.3358       -23.5989    267345.6439        10.6996        10.6937

WRITING COORDINATES TO DCD FILE NPT.dcd AT STEP 60000
The last position output (seq=60000) takes 0.001 seconds, 856.925 MB of memory in use
LDB: ============= START OF LOAD BALANCING ============== 9986.02
LDB: ============== END OF LOAD BALANCING =============== 9986.02
LDB: =============== DONE WITH MIGRATION ================ 9986.02
LDB: ============= START OF LOAD BALANCING ============== 9994.29
LDB: ============== END OF LOAD BALANCING =============== 9994.29
LDB: =============== DONE WITH MIGRATION ================ 9994.29
LDB: ============= START OF LOAD BALANCING ============== 10316.6
LDB: ============== END OF LOAD BALANCING =============== 10316.6
LDB: =============== DONE WITH MIGRATION ================ 10316.6
LDB: ============= START OF LOAD BALANCING ============== 10324.8
LDB: ============== END OF LOAD BALANCING =============== 10324.8
LDB: =============== DONE WITH MIGRATION ================ 10324.8
LDB: ============= START OF LOAD BALANCING ============== 10647.1
LDB: ============== END OF LOAD BALANCING =============== 10647.1
LDB: =============== DONE WITH MIGRATION ================ 10647.1
LDB: ============= START OF LOAD BALANCING ============== 10655.4
LDB: ============== END OF LOAD BALANCING =============== 10655.4
LDB: =============== DONE WITH MIGRATION ================ 10655.4
LDB: ============= START OF LOAD BALANCING ============== 10978.2
LDB: ============== END OF LOAD BALANCING =============== 10978.2
LDB: =============== DONE WITH MIGRATION ================ 10978.2
LDB: ============= START OF LOAD BALANCING ============== 10986.5
LDB: ============== END OF LOAD BALANCING =============== 10986.5
LDB: =============== DONE WITH MIGRATION ================ 10986.5
LDB: ============= START OF LOAD BALANCING ============== 11309.4
LDB: ============== END OF LOAD BALANCING =============== 11309.4
LDB: =============== DONE WITH MIGRATION ================ 11309.4
LDB: ============= START OF LOAD BALANCING ============== 11317.7
LDB: ============== END OF LOAD BALANCING =============== 11317.7
LDB: =============== DONE WITH MIGRATION ================ 11317.7
PRESSURE: 70000 425.403 -67.4685 266.121 -67.4685 105.7 -113.848 266.121 -113.848 -510.304
GPRESSURE: 70000 312.527 136.972 298.469 -220.196 294.22 -108.925 388.822 -142.485 -571.671
PRESSAVG: 70000 111.013 -20.2292 33.13 -20.2292 -17.1777 -11.1856 33.13 -11.1856 2.75854
GPRESSAVG: 70000 111.014 -20.2193 33.0911 -20.2406 -17.2258 -11.3187 33.0876 -11.1317 2.7317
ENERGY:   70000      1584.7911      9354.5153      5719.8961        78.8019         -60221.4154     -1410.5027         0.0000         0.0000     19035.2388         -25858.6748       307.2250    -44893.9137    -25711.9230       305.6570              6.9327        11.6919    267731.9896        32.1980        32.1732

WRITING COORDINATES TO DCD FILE NPT.dcd AT STEP 70000
The last position output (seq=70000) takes 0.000 seconds, 856.925 MB of memory in use
LDB: ============= START OF LOAD BALANCING ============== 11640.1
LDB: ============== END OF LOAD BALANCING =============== 11640.1
LDB: =============== DONE WITH MIGRATION ================ 11640.1
LDB: ============= START OF LOAD BALANCING ============== 11648.4
LDB: ============== END OF LOAD BALANCING =============== 11648.4
LDB: =============== DONE WITH MIGRATION ================ 11648.4
LDB: ============= START OF LOAD BALANCING ============== 11970.6
LDB: ============== END OF LOAD BALANCING =============== 11970.6
LDB: =============== DONE WITH MIGRATION ================ 11970.6
LDB: ============= START OF LOAD BALANCING ============== 11978.8
LDB: ============== END OF LOAD BALANCING =============== 11978.8
LDB: =============== DONE WITH MIGRATION ================ 11978.8
LDB: ============= START OF LOAD BALANCING ============== 12300.7
LDB: ============== END OF LOAD BALANCING =============== 12300.7
LDB: =============== DONE WITH MIGRATION ================ 12300.7
LDB: ============= START OF LOAD BALANCING ============== 12308.9
LDB: ============== END OF LOAD BALANCING =============== 12308.9
LDB: =============== DONE WITH MIGRATION ================ 12308.9
LDB: ============= START OF LOAD BALANCING ============== 12630.9
LDB: ============== END OF LOAD BALANCING =============== 12630.9
LDB: =============== DONE WITH MIGRATION ================ 12630.9
LDB: ============= START OF LOAD BALANCING ============== 12639.2
LDB: ============== END OF LOAD BALANCING =============== 12639.2
LDB: =============== DONE WITH MIGRATION ================ 12639.2
LDB: ============= START OF LOAD BALANCING ============== 12961.5
LDB: ============== END OF LOAD BALANCING =============== 12961.5
LDB: =============== DONE WITH MIGRATION ================ 12961.5
LDB: ============= START OF LOAD BALANCING ============== 12969.7
LDB: ============== END OF LOAD BALANCING =============== 12969.7
LDB: =============== DONE WITH MIGRATION ================ 12969.7
PRESSURE: 80000 -397.797 -114.473 -197.438 -114.473 414.29 -449.503 -197.438 -449.503 52.1262
GPRESSURE: 80000 -510.7 -28.8482 -198.128 -65.9991 586.468 -531.575 -109.722 -99.2816 97.8584
PRESSAVG: 80000 -3.61544 -31.5899 6.7471 -31.5899 40.1938 -2.56385 6.7471 -2.56385 1.32934
GPRESSAVG: 80000 -3.61099 -31.6521 6.71554 -31.5909 40.2204 -2.4987 6.60495 -2.43062 1.24899
ENERGY:   80000      1583.7314      9228.6156      5667.3400        75.7951         -60243.6478     -1290.7789         0.0000         0.0000     18798.6543         -26180.2903       303.4066    -44978.9446    -26022.4579       307.0828             22.8732        57.8755    266601.4021        12.6359        12.6195

WRITING COORDINATES TO DCD FILE NPT.dcd AT STEP 80000
The last position output (seq=80000) takes 0.000 seconds, 856.925 MB of memory in use
LDB: ============= START OF LOAD BALANCING ============== 13292.4
LDB: ============== END OF LOAD BALANCING =============== 13292.4
LDB: =============== DONE WITH MIGRATION ================ 13292.4
LDB: ============= START OF LOAD BALANCING ============== 13300.6
LDB: ============== END OF LOAD BALANCING =============== 13300.6
LDB: =============== DONE WITH MIGRATION ================ 13300.6
LDB: ============= START OF LOAD BALANCING ============== 13623.4
LDB: ============== END OF LOAD BALANCING =============== 13623.4
LDB: =============== DONE WITH MIGRATION ================ 13623.4
LDB: ============= START OF LOAD BALANCING ============== 13631.7
LDB: ============== END OF LOAD BALANCING =============== 13631.7
LDB: =============== DONE WITH MIGRATION ================ 13631.7
LDB: ============= START OF LOAD BALANCING ============== 13954.5
LDB: ============== END OF LOAD BALANCING =============== 13954.5
LDB: =============== DONE WITH MIGRATION ================ 13954.5
LDB: ============= START OF LOAD BALANCING ============== 13962.8
LDB: ============== END OF LOAD BALANCING =============== 13962.8
LDB: =============== DONE WITH MIGRATION ================ 13962.8
LDB: ============= START OF LOAD BALANCING ============== 14284.8
LDB: ============== END OF LOAD BALANCING =============== 14284.8
LDB: =============== DONE WITH MIGRATION ================ 14284.8
LDB: ============= START OF LOAD BALANCING ============== 14293.1
LDB: ============== END OF LOAD BALANCING =============== 14293.1
LDB: =============== DONE WITH MIGRATION ================ 14293.1
LDB: ============= START OF LOAD BALANCING ============== 14615
LDB: ============== END OF LOAD BALANCING =============== 14615
LDB: =============== DONE WITH MIGRATION ================ 14615
LDB: ============= START OF LOAD BALANCING ============== 14623.2
LDB: ============== END OF LOAD BALANCING =============== 14623.2
LDB: =============== DONE WITH MIGRATION ================ 14623.2
PRESSURE: 90000 218.13 2.52113 -88.5801 2.52113 171.829 135.998 -88.5801 135.998 183.869
GPRESSURE: 90000 153.345 114.444 -205.958 -113.556 267.613 233.579 -91 286.414 187.094
PRESSAVG: 90000 -12.3903 -6.93774 -1.10631 -6.93774 -55.8413 15.0529 -1.10631 15.0529 4.87039
GPRESSAVG: 90000 -12.3977 -6.90059 -1.09798 -6.90551 -55.8632 15.0789 -1.06715 14.9849 4.90446
ENERGY:   90000      1564.5365      9346.6477      5712.7952        84.2891         -60584.4930     -1245.2754         0.0000         0.0000     18908.5639         -26212.9361       305.1805    -45121.4999    -26063.2802       305.4211            191.2761       202.6839    266949.5430       -21.1204       -21.1188

WRITING COORDINATES TO DCD FILE NPT.dcd AT STEP 90000
The last position output (seq=90000) takes 0.000 seconds, 856.925 MB of memory in use
LDB: ============= START OF LOAD BALANCING ============== 14945.3
LDB: ============== END OF LOAD BALANCING =============== 14945.3
LDB: =============== DONE WITH MIGRATION ================ 14945.3
LDB: ============= START OF LOAD BALANCING ============== 14953.5
LDB: ============== END OF LOAD BALANCING =============== 14953.5
LDB: =============== DONE WITH MIGRATION ================ 14953.5
LDB: ============= START OF LOAD BALANCING ============== 15275.2
LDB: ============== END OF LOAD BALANCING =============== 15275.2
LDB: =============== DONE WITH MIGRATION ================ 15275.2
LDB: ============= START OF LOAD BALANCING ============== 15283.4
LDB: ============== END OF LOAD BALANCING =============== 15283.4
LDB: =============== DONE WITH MIGRATION ================ 15283.4
LDB: ============= START OF LOAD BALANCING ============== 15605.5
LDB: ============== END OF LOAD BALANCING =============== 15605.5
LDB: =============== DONE WITH MIGRATION ================ 15605.5
LDB: ============= START OF LOAD BALANCING ============== 15613.8
LDB: ============== END OF LOAD BALANCING =============== 15613.8
LDB: =============== DONE WITH MIGRATION ================ 15613.8
LDB: ============= START OF LOAD BALANCING ============== 15935.3
LDB: ============== END OF LOAD BALANCING =============== 15935.3
LDB: =============== DONE WITH MIGRATION ================ 15935.3
LDB: ============= START OF LOAD BALANCING ============== 15943.5
LDB: ============== END OF LOAD BALANCING =============== 15943.5
LDB: =============== DONE WITH MIGRATION ================ 15943.5
LDB: ============= START OF LOAD BALANCING ============== 16264.3
LDB: ============== END OF LOAD BALANCING =============== 16264.3
LDB: =============== DONE WITH MIGRATION ================ 16264.3
LDB: ============= START OF LOAD BALANCING ============== 16272.6
LDB: ============== END OF LOAD BALANCING =============== 16272.6
LDB: =============== DONE WITH MIGRATION ================ 16272.6
PRESSURE: 100000 202.313 -227.388 10.7068 -227.388 346.654 17.0631 10.7068 17.0631 510.197
GPRESSURE: 100000 212.838 -208.946 19.1434 68.4497 441.236 -119.961 -1.30453 -130.354 484.98
PRESSAVG: 100000 0.9143 2.43083 -6.26358 2.43083 -42.7102 -2.36542 -6.26358 -2.36542 -1.0614
GPRESSAVG: 100000 0.870578 2.56094 -6.28868 2.3906 -42.7577 -2.34682 -6.21097 -2.29537 -1.02557
TIMING: 100000  CPU: 16545.8, 0.165455/step  Wall: 16546.1, 0.165458/step, 41.3644 hours remaining, 856.924809 MB of memory in use.
PERFORMANCE: 100000  averaging 1.04438 ns/day, 0.165458 sec/step with standard deviation 0
ETITLE:      TS           BOND          ANGLE          DIHED          IMPRP               ELECT            VDW       BOUNDARY           MISC        KINETIC               TOTAL           TEMP      POTENTIAL         TOTAL3        TEMPAVG            PRESSURE      GPRESSURE         VOLUME       PRESSAVG      GPRESSAVG

ENERGY:  100000      1626.4572      9337.9065      5768.7441        82.6056         -60559.0410     -1079.4428         0.0000         0.0000     19027.6590         -25795.1114       307.1027    -44822.7705    -25639.7526       306.8362            353.0547       379.6849    267995.8279       -14.2858       -14.3042

WRITING EXTENDED SYSTEM TO RESTART FILE AT STEP 100000
WRITING COORDINATES TO DCD FILE NPT.dcd AT STEP 100000
WRITING COORDINATES TO RESTART FILE AT STEP 100000
FINISHED WRITING RESTART COORDINATES
The last position output (seq=100000) takes 0.001 seconds, 856.925 MB of memory in use
WRITING VELOCITIES TO RESTART FILE AT STEP 100000
FINISHED WRITING RESTART VELOCITIES
The last velocity output (seq=100000) takes 0.000 seconds, 856.925 MB of memory in use
LDB: ============= START OF LOAD BALANCING ============== 16595.8
LDB: ============== END OF LOAD BALANCING =============== 16595.8
LDB: =============== DONE WITH MIGRATION ================ 16595.8
LDB: ============= START OF LOAD BALANCING ============== 16604.1
LDB: ============== END OF LOAD BALANCING =============== 16604.1
LDB: =============== DONE WITH MIGRATION ================ 16604.1
LDB: ============= START OF LOAD BALANCING ============== 16928
LDB: ============== END OF LOAD BALANCING =============== 16928
LDB: =============== DONE WITH MIGRATION ================ 16928
LDB: ============= START OF LOAD BALANCING ============== 16936.3
LDB: ============== END OF LOAD BALANCING =============== 16936.3
LDB: =============== DONE WITH MIGRATION ================ 16936.3
LDB: ============= START OF LOAD BALANCING ============== 17261.1
LDB: ============== END OF LOAD BALANCING =============== 17261.1
LDB: =============== DONE WITH MIGRATION ================ 17261.1
LDB: ============= START OF LOAD BALANCING ============== 17269.4
LDB: ============== END OF LOAD BALANCING =============== 17269.4
LDB: =============== DONE WITH MIGRATION ================ 17269.4
LDB: ============= START OF LOAD BALANCING ============== 17594.5
LDB: ============== END OF LOAD BALANCING =============== 17594.5
LDB: =============== DONE WITH MIGRATION ================ 17594.5
LDB: ============= START OF LOAD BALANCING ============== 17602.9
LDB: ============== END OF LOAD BALANCING =============== 17602.9
LDB: =============== DONE WITH MIGRATION ================ 17602.9
LDB: ============= START OF LOAD BALANCING ============== 17928.1
LDB: ============== END OF LOAD BALANCING =============== 17928.1
LDB: =============== DONE WITH MIGRATION ================ 17928.1
LDB: ============= START OF LOAD BALANCING ============== 17936.5
LDB: ============== END OF LOAD BALANCING =============== 17936.5
LDB: =============== DONE WITH MIGRATION ================ 17936.5
PRESSURE: 110000 -7.71581 -256.093 133.598 -256.093 -37.0624 1.01416 133.598 1.01416 697.926
GPRESSURE: 110000 -122.926 -204.805 100.355 -83.2518 136.54 123.414 187.769 -339.161 676.894
PRESSAVG: 110000 32.9292 11.6144 6.29512 11.6144 -31.5567 -0.434795 6.29512 -0.434795 -1.00105
GPRESSAVG: 110000 32.9365 11.5926 6.38287 11.6543 -31.4612 -0.385664 6.36997 -0.41049 -0.939081
ENERGY:  110000      1574.8018      9362.2144      5720.4235        82.4489         -60421.0098     -1308.8965         0.0000         0.0000     19072.0294         -25917.9883       307.8188    -44990.0177    -25764.4804       306.6411            217.7158       230.1693    267131.9575         0.1238         0.1787

WRITING COORDINATES TO DCD FILE NPT.dcd AT STEP 110000
LDB: ============= START OF LOAD BALANCING ============== 18258.7
LDB: ============== END OF LOAD BALANCING =============== 18258.7
LDB: =============== DONE WITH MIGRATION ================ 18258.7
LDB: ============= START OF LOAD BALANCING ============== 18266.9
LDB: ============== END OF LOAD BALANCING =============== 18266.9
LDB: =============== DONE WITH MIGRATION ================ 18266.9
LDB: ============= START OF LOAD BALANCING ============== 18588.8
LDB: ============== END OF LOAD BALANCING =============== 18588.8
LDB: =============== DONE WITH MIGRATION ================ 18588.8
LDB: ============= START OF LOAD BALANCING ============== 18597
LDB: ============== END OF LOAD BALANCING =============== 18597
LDB: =============== DONE WITH MIGRATION ================ 18597
LDB: ============= START OF LOAD BALANCING ============== 18919
LDB: ============== END OF LOAD BALANCING =============== 18919
LDB: =============== DONE WITH MIGRATION ================ 18919
LDB: ============= START OF LOAD BALANCING ============== 18927.3
LDB: ============== END OF LOAD BALANCING =============== 18927.3
LDB: =============== DONE WITH MIGRATION ================ 18927.3
LDB: ============= START OF LOAD BALANCING ============== 19249.3
LDB: ============== END OF LOAD BALANCING =============== 19249.3
LDB: =============== DONE WITH MIGRATION ================ 19249.3
LDB: ============= START OF LOAD BALANCING ============== 19257.6
LDB: ============== END OF LOAD BALANCING =============== 19257.6
LDB: =============== DONE WITH MIGRATION ================ 19257.6
LDB: ============= START OF LOAD BALANCING ============== 19580.1
LDB: ============== END OF LOAD BALANCING =============== 19580.1
LDB: =============== DONE WITH MIGRATION ================ 19580.1
LDB: ============= START OF LOAD BALANCING ============== 19588.4
LDB: ============== END OF LOAD BALANCING =============== 19588.4
LDB: =============== DONE WITH MIGRATION ================ 19588.4
PRESSURE: 120000 -203.756 -172.251 67.8196 -172.251 455.279 -190.258 67.8196 -190.258 -29.8548
GPRESSURE: 120000 -107.301 -206.421 92.183 -58.7302 479.14 -258.864 -94.6437 -2.96314 -77.1984
PRESSAVG: 120000 -20.6723 -20.7069 4.95611 -20.7069 -85.3863 12.0152 4.95611 12.0152 2.54726
GPRESSAVG: 120000 -20.6027 -20.6083 4.92774 -20.8601 -85.4309 11.9573 4.84995 11.8114 2.52859
ENERGY:  120000      1569.4019      9333.1578      5742.8976        61.5050         -60262.0050     -1415.2831         0.0000         0.0000     18979.9647         -25990.3610       306.3329    -44970.3258    -25844.9461       307.0925             73.8894        98.2133    267502.1829       -34.5038       -34.5017

WRITING COORDINATES TO DCD FILE NPT.dcd AT STEP 120000
LDB: ============= START OF LOAD BALANCING ============== 19910.8
LDB: ============== END OF LOAD BALANCING =============== 19910.8
LDB: =============== DONE WITH MIGRATION ================ 19910.8
LDB: ============= START OF LOAD BALANCING ============== 19919
LDB: ============== END OF LOAD BALANCING =============== 19919
LDB: =============== DONE WITH MIGRATION ================ 19919
LDB: ============= START OF LOAD BALANCING ============== 20240.9
LDB: ============== END OF LOAD BALANCING =============== 20240.9
LDB: =============== DONE WITH MIGRATION ================ 20240.9
LDB: ============= START OF LOAD BALANCING ============== 20249.1
LDB: ============== END OF LOAD BALANCING =============== 20249.1
LDB: =============== DONE WITH MIGRATION ================ 20249.1
LDB: ============= START OF LOAD BALANCING ============== 20571.1
LDB: ============== END OF LOAD BALANCING =============== 20571.1
LDB: =============== DONE WITH MIGRATION ================ 20571.1
LDB: ============= START OF LOAD BALANCING ============== 20579.4
LDB: ============== END OF LOAD BALANCING =============== 20579.4
LDB: =============== DONE WITH MIGRATION ================ 20579.4
LDB: ============= START OF LOAD BALANCING ============== 20901.9
LDB: ============== END OF LOAD BALANCING =============== 20901.9
LDB: =============== DONE WITH MIGRATION ================ 20901.9
LDB: ============= START OF LOAD BALANCING ============== 20910.2
LDB: ============== END OF LOAD BALANCING =============== 20910.2
LDB: =============== DONE WITH MIGRATION ================ 20910.2
LDB: ============= START OF LOAD BALANCING ============== 21232.9
LDB: ============== END OF LOAD BALANCING =============== 21232.9
LDB: =============== DONE WITH MIGRATION ================ 21232.9
LDB: ============= START OF LOAD BALANCING ============== 21241.2
LDB: ============== END OF LOAD BALANCING =============== 21241.2
LDB: =============== DONE WITH MIGRATION ================ 21241.2
PRESSURE: 130000 621.719 -94.1145 333.574 -94.1145 109.265 40.1484 333.574 40.1484 352.124
GPRESSURE: 130000 677.051 -103.406 534.158 6.8512 260.684 17.6596 187.919 113.515 206.021
PRESSAVG: 130000 11.3949 -21.9485 -17.9983 -21.9485 -23.8459 -6.73544 -17.9983 -6.73544 -0.111576
GPRESSAVG: 130000 11.3741 -21.9753 -18.0023 -21.8669 -23.7015 -6.79851 -17.9819 -6.6829 -0.0497224
ENERGY:  130000      1555.4831      9296.3225      5720.8323        74.3935         -60321.4031     -1340.7894         0.0000         0.0000     18990.9177         -26024.2434       306.5097    -45015.1611    -25874.8900       307.0075            361.0359       381.2522    267701.2429        -4.1875        -4.1257

WRITING COORDINATES TO DCD FILE NPT.dcd AT STEP 130000
LDB: ============= START OF LOAD BALANCING ============== 21563.5
LDB: ============== END OF LOAD BALANCING =============== 21563.5
LDB: =============== DONE WITH MIGRATION ================ 21563.5
LDB: ============= START OF LOAD BALANCING ============== 21571.8
LDB: ============== END OF LOAD BALANCING =============== 21571.8
LDB: =============== DONE WITH MIGRATION ================ 21571.8
LDB: ============= START OF LOAD BALANCING ============== 21893.7
LDB: ============== END OF LOAD BALANCING =============== 21893.7
LDB: =============== DONE WITH MIGRATION ================ 21893.7
LDB: ============= START OF LOAD BALANCING ============== 21902
LDB: ============== END OF LOAD BALANCING =============== 21902
LDB: =============== DONE WITH MIGRATION ================ 21902
LDB: ============= START OF LOAD BALANCING ============== 22224.5
LDB: ============== END OF LOAD BALANCING =============== 22224.5
LDB: =============== DONE WITH MIGRATION ================ 22224.5
LDB: ============= START OF LOAD BALANCING ============== 22232.8
LDB: ============== END OF LOAD BALANCING =============== 22232.8
LDB: =============== DONE WITH MIGRATION ================ 22232.8
LDB: ============= START OF LOAD BALANCING ============== 22555
LDB: ============== END OF LOAD BALANCING =============== 22555
LDB: =============== DONE WITH MIGRATION ================ 22555
LDB: ============= START OF LOAD BALANCING ============== 22563.3
LDB: ============== END OF LOAD BALANCING =============== 22563.3
LDB: =============== DONE WITH MIGRATION ================ 22563.3
LDB: ============= START OF LOAD BALANCING ============== 22885.6
LDB: ============== END OF LOAD BALANCING =============== 22885.6
LDB: =============== DONE WITH MIGRATION ================ 22885.6
LDB: ============= START OF LOAD BALANCING ============== 22893.9
LDB: ============== END OF LOAD BALANCING =============== 22893.9
LDB: =============== DONE WITH MIGRATION ================ 22893.9
PRESSURE: 140000 -113.352 260.941 -140.565 260.941 -66.0212 -132.532 -140.565 -132.532 -569.608
GPRESSURE: 140000 36.3829 235.601 -145.945 334.097 -176.995 -236.601 -196.364 -318.995 -532.719
PRESSAVG: 140000 37.1895 10.7779 5.57781 10.7779 4.25794 -1.72953 5.57781 -1.72953 -0.240658
GPRESSAVG: 140000 37.2201 10.8293 5.60843 10.6725 4.21288 -1.68547 5.62517 -1.69685 -0.222346
ENERGY:  140000      1580.3873      9426.0710      5804.7945        81.8428         -60407.1220     -1430.8712         0.0000         0.0000     18890.5708         -26054.3269       304.8901    -44944.8977    -25908.9287       306.6454           -249.6604      -224.4437    267875.4304        13.7356        13.7369

WRITING COORDINATES TO DCD FILE NPT.dcd AT STEP 140000
LDB: ============= START OF LOAD BALANCING ============== 23216.5
LDB: ============== END OF LOAD BALANCING =============== 23216.5
LDB: =============== DONE WITH MIGRATION ================ 23216.5
LDB: ============= START OF LOAD BALANCING ============== 23224.8
LDB: ============== END OF LOAD BALANCING =============== 23224.8
LDB: =============== DONE WITH MIGRATION ================ 23224.8
LDB: ============= START OF LOAD BALANCING ============== 23546.2
LDB: ============== END OF LOAD BALANCING =============== 23546.2
LDB: =============== DONE WITH MIGRATION ================ 23546.2
LDB: ============= START OF LOAD BALANCING ============== 23554.4
LDB: ============== END OF LOAD BALANCING =============== 23554.4
LDB: =============== DONE WITH MIGRATION ================ 23554.4
LDB: ============= START OF LOAD BALANCING ============== 23876
LDB: ============== END OF LOAD BALANCING =============== 23876
LDB: =============== DONE WITH MIGRATION ================ 23876
LDB: ============= START OF LOAD BALANCING ============== 23884.3
LDB: ============== END OF LOAD BALANCING =============== 23884.3
LDB: =============== DONE WITH MIGRATION ================ 23884.3
LDB: ============= START OF LOAD BALANCING ============== 24206.5
LDB: ============== END OF LOAD BALANCING =============== 24206.5
LDB: =============== DONE WITH MIGRATION ================ 24206.5
LDB: ============= START OF LOAD BALANCING ============== 24214.7
LDB: ============== END OF LOAD BALANCING =============== 24214.7
LDB: =============== DONE WITH MIGRATION ================ 24214.7
LDB: ============= START OF LOAD BALANCING ============== 24536.7
LDB: ============== END OF LOAD BALANCING =============== 24536.7
LDB: =============== DONE WITH MIGRATION ================ 24536.7
LDB: ============= START OF LOAD BALANCING ============== 24545
LDB: ============== END OF LOAD BALANCING =============== 24545
LDB: =============== DONE WITH MIGRATION ================ 24545
PRESSURE: 150000 218.916 132.495 -141.363 132.495 86.2989 283.633 -141.363 283.633 246.088
GPRESSURE: 150000 155.362 197.71 -64.3165 132.898 207.662 516.414 23.5612 303.294 265.467
PRESSAVG: 150000 3.70063 1.98539 -0.545673 1.98539 -101.752 -6.82707 -0.545673 -6.82707 0.413221
GPRESSAVG: 150000 3.73761 1.94189 -0.608216 1.82215 -101.72 -6.75295 -0.534956 -6.83747 0.491264
ENERGY:  150000      1620.6049      9287.7788      5785.8780        81.4445         -60511.3499     -1147.0326         0.0000         0.0000     19086.0448         -25796.6315       308.0450    -44882.6763    -25647.7531       306.9255            183.7676       209.4969    267373.8880       -32.5461       -32.4971

WRITING EXTENDED SYSTEM TO RESTART FILE AT STEP 150000
WRITING COORDINATES TO DCD FILE NPT.dcd AT STEP 150000
WRITING COORDINATES TO RESTART FILE AT STEP 150000
FINISHED WRITING RESTART COORDINATES
WRITING VELOCITIES TO RESTART FILE AT STEP 150000
FINISHED WRITING RESTART VELOCITIES
The last velocity output (seq=150000) takes 0.000 seconds, 856.925 MB of memory in use
LDB: ============= START OF LOAD BALANCING ============== 24867.5
LDB: ============== END OF LOAD BALANCING =============== 24867.5
LDB: =============== DONE WITH MIGRATION ================ 24867.5
LDB: ============= START OF LOAD BALANCING ============== 24875.7
LDB: ============== END OF LOAD BALANCING =============== 24875.7
LDB: =============== DONE WITH MIGRATION ================ 24875.7
LDB: ============= START OF LOAD BALANCING ============== 25197.5
LDB: ============== END OF LOAD BALANCING =============== 25197.5
LDB: =============== DONE WITH MIGRATION ================ 25197.5
LDB: ============= START OF LOAD BALANCING ============== 25205.8
LDB: ============== END OF LOAD BALANCING =============== 25205.8
LDB: =============== DONE WITH MIGRATION ================ 25205.8
LDB: ============= START OF LOAD BALANCING ============== 25528.4
LDB: ============== END OF LOAD BALANCING =============== 25528.4
LDB: =============== DONE WITH MIGRATION ================ 25528.4
LDB: ============= START OF LOAD BALANCING ============== 25536.7
LDB: ============== END OF LOAD BALANCING =============== 25536.7
LDB: =============== DONE WITH MIGRATION ================ 25536.7
LDB: ============= START OF LOAD BALANCING ============== 25859.8
LDB: ============== END OF LOAD BALANCING =============== 25859.8
LDB: =============== DONE WITH MIGRATION ================ 25859.8
LDB: ============= START OF LOAD BALANCING ============== 25868.1
LDB: ============== END OF LOAD BALANCING =============== 25868.1
LDB: =============== DONE WITH MIGRATION ================ 25868.1
LDB: ============= START OF LOAD BALANCING ============== 26189.9
LDB: ============== END OF LOAD BALANCING =============== 26189.9
LDB: =============== DONE WITH MIGRATION ================ 26189.9
LDB: ============= START OF LOAD BALANCING ============== 26198.2
LDB: ============== END OF LOAD BALANCING =============== 26198.2
LDB: =============== DONE WITH MIGRATION ================ 26198.2
PRESSURE: 160000 100.501 -144.119 77.8788 -144.119 669.49 70.1717 77.8788 70.1717 -109.84
GPRESSURE: 160000 184.097 -85.1559 123.47 -374.056 643.684 87.1032 18.3698 -128.108 -91.6113
PRESSAVG: 160000 37.2242 33.4634 -17.4097 33.4634 -24.4597 -18.1358 -17.4097 -18.1358 1.28978
GPRESSAVG: 160000 37.2852 33.3752 -17.3496 33.5629 -24.4063 -18.1362 -17.425 -18.2185 1.25091
ENERGY:  160000      1652.6119      9298.8401      5795.9531        84.7577         -60690.4868     -1215.2476         0.0000         0.0000     19145.5989         -25927.9728       309.0062    -45073.5717    -25769.1514       306.5355            220.0505       245.3899    267886.1977         4.6848         4.7100

WRITING COORDINATES TO DCD FILE NPT.dcd AT STEP 160000
LDB: ============= START OF LOAD BALANCING ============== 26520.4
LDB: ============== END OF LOAD BALANCING =============== 26520.4
LDB: =============== DONE WITH MIGRATION ================ 26520.4
LDB: ============= START OF LOAD BALANCING ============== 26528.6
LDB: ============== END OF LOAD BALANCING =============== 26528.6
LDB: =============== DONE WITH MIGRATION ================ 26528.6
LDB: ============= START OF LOAD BALANCING ============== 26850.9
LDB: ============== END OF LOAD BALANCING =============== 26850.9
LDB: =============== DONE WITH MIGRATION ================ 26850.9
LDB: ============= START OF LOAD BALANCING ============== 26859.2
LDB: ============== END OF LOAD BALANCING =============== 26859.2
LDB: =============== DONE WITH MIGRATION ================ 26859.2
LDB: ============= START OF LOAD BALANCING ============== 27181.5
LDB: ============== END OF LOAD BALANCING =============== 27181.5
LDB: =============== DONE WITH MIGRATION ================ 27181.5
LDB: ============= START OF LOAD BALANCING ============== 27189.8
LDB: ============== END OF LOAD BALANCING =============== 27189.8
LDB: =============== DONE WITH MIGRATION ================ 27189.8
LDB: ============= START OF LOAD BALANCING ============== 27512.3
LDB: ============== END OF LOAD BALANCING =============== 27512.3
LDB: =============== DONE WITH MIGRATION ================ 27512.3
LDB: ============= START OF LOAD BALANCING ============== 27520.5
LDB: ============== END OF LOAD BALANCING =============== 27520.5
LDB: =============== DONE WITH MIGRATION ================ 27520.5
LDB: ============= START OF LOAD BALANCING ============== 27842.5
LDB: ============== END OF LOAD BALANCING =============== 27842.5
LDB: =============== DONE WITH MIGRATION ================ 27842.5
LDB: ============= START OF LOAD BALANCING ============== 27850.7
LDB: ============== END OF LOAD BALANCING =============== 27850.7
LDB: =============== DONE WITH MIGRATION ================ 27850.7
PRESSURE: 170000 611.586 278.644 44.5024 278.644 -377.599 -16.1932 44.5024 -16.1932 -363.839
GPRESSURE: 170000 593.429 204.12 2.39046 1.6623 -216.763 -181.056 -69.5331 156.894 -422.473
PRESSAVG: 170000 24.108 -12.783 -8.65803 -12.783 -42.9476 19.1629 -8.65803 19.1629 -2.69549
GPRESSAVG: 170000 24.0871 -12.7563 -8.68667 -12.8813 -42.941 19.2363 -8.72682 19.1631 -2.66185
ENERGY:  170000      1599.5299      9171.7410      5742.1554        86.8608         -60143.6110     -1421.6918         0.0000         0.0000     18971.7890         -25993.2266       306.2009    -44965.0156    -25842.7562       306.5919            -43.2837       -15.2691    268048.2407        -7.1784        -7.1719

WRITING COORDINATES TO DCD FILE NPT.dcd AT STEP 170000
LDB: ============= START OF LOAD BALANCING ============== 28172.4
LDB: ============== END OF LOAD BALANCING =============== 28172.4
LDB: =============== DONE WITH MIGRATION ================ 28172.4
LDB: ============= START OF LOAD BALANCING ============== 28180.7
LDB: ============== END OF LOAD BALANCING =============== 28180.7
LDB: =============== DONE WITH MIGRATION ================ 28180.7
LDB: ============= START OF LOAD BALANCING ============== 28502.8
LDB: ============== END OF LOAD BALANCING =============== 28502.8
LDB: =============== DONE WITH MIGRATION ================ 28502.8
LDB: ============= START OF LOAD BALANCING ============== 28511
LDB: ============== END OF LOAD BALANCING =============== 28511
LDB: =============== DONE WITH MIGRATION ================ 28511
LDB: ============= START OF LOAD BALANCING ============== 28833.6
LDB: ============== END OF LOAD BALANCING =============== 28833.6
LDB: =============== DONE WITH MIGRATION ================ 28833.6
LDB: ============= START OF LOAD BALANCING ============== 28841.8
LDB: ============== END OF LOAD BALANCING =============== 28841.8
LDB: =============== DONE WITH MIGRATION ================ 28841.8
LDB: ============= START OF LOAD BALANCING ============== 29164
LDB: ============== END OF LOAD BALANCING =============== 29164
LDB: =============== DONE WITH MIGRATION ================ 29164
LDB: ============= START OF LOAD BALANCING ============== 29172.4
LDB: ============== END OF LOAD BALANCING =============== 29172.4
LDB: =============== DONE WITH MIGRATION ================ 29172.4
LDB: ============= START OF LOAD BALANCING ============== 29496.7
LDB: ============== END OF LOAD BALANCING =============== 29496.7
LDB: =============== DONE WITH MIGRATION ================ 29496.7
LDB: ============= START OF LOAD BALANCING ============== 29505
LDB: ============== END OF LOAD BALANCING =============== 29505
LDB: =============== DONE WITH MIGRATION ================ 29505
PRESSURE: 180000 -12.2092 -168.03 428.141 -168.03 -666.249 86.609 428.141 86.609 -900.289
GPRESSURE: 180000 -165.209 -265.709 410.634 -212.198 -450.949 172.525 204.727 345.598 -899.564
PRESSAVG: 180000 38.6285 -28.719 23.1352 -28.719 47.2813 28.6605 23.1352 28.6605 0.665283
GPRESSAVG: 180000 38.5771 -28.6667 23.1929 -28.6506 47.2428 28.6505 23.1605 28.6941 0.711966
ENERGY:  180000      1620.1273      9305.2896      5736.8828        85.3815         -60490.6981     -1400.6786         0.0000         0.0000     19083.3526         -26060.3429       308.0015    -45143.6954    -25912.2226       307.0174           -526.2488      -505.2408    267915.6319        28.8583        28.8440

WRITING COORDINATES TO DCD FILE NPT.dcd AT STEP 180000
LDB: ============= START OF LOAD BALANCING ============== 29828
LDB: ============== END OF LOAD BALANCING =============== 29828
LDB: =============== DONE WITH MIGRATION ================ 29828
LDB: ============= START OF LOAD BALANCING ============== 29836.3
LDB: ============== END OF LOAD BALANCING =============== 29836.3
LDB: =============== DONE WITH MIGRATION ================ 29836.3
LDB: ============= START OF LOAD BALANCING ============== 30158.8
LDB: ============== END OF LOAD BALANCING =============== 30158.8
LDB: =============== DONE WITH MIGRATION ================ 30158.8
LDB: ============= START OF LOAD BALANCING ============== 30167
LDB: ============== END OF LOAD BALANCING =============== 30167
LDB: =============== DONE WITH MIGRATION ================ 30167
LDB: ============= START OF LOAD BALANCING ============== 30489.6
LDB: ============== END OF LOAD BALANCING =============== 30489.6
LDB: =============== DONE WITH MIGRATION ================ 30489.6
LDB: ============= START OF LOAD BALANCING ============== 30497.9
LDB: ============== END OF LOAD BALANCING =============== 30497.9
LDB: =============== DONE WITH MIGRATION ================ 30497.9
LDB: ============= START OF LOAD BALANCING ============== 30820.3
LDB: ============== END OF LOAD BALANCING =============== 30820.3
LDB: =============== DONE WITH MIGRATION ================ 30820.3
LDB: ============= START OF LOAD BALANCING ============== 30828.5
LDB: ============== END OF LOAD BALANCING =============== 30828.5
LDB: =============== DONE WITH MIGRATION ================ 30828.5
LDB: ============= START OF LOAD BALANCING ============== 31151.8
LDB: ============== END OF LOAD BALANCING =============== 31151.8
LDB: =============== DONE WITH MIGRATION ================ 31151.8
LDB: ============= START OF LOAD BALANCING ============== 31160
LDB: ============== END OF LOAD BALANCING =============== 31160
LDB: =============== DONE WITH MIGRATION ================ 31160
PRESSURE: 190000 149.105 64.0722 363.052 64.0722 372.424 50.378 363.052 50.378 658.886
GPRESSURE: 190000 348.632 -139.502 287.577 3.15854 233.747 47.0852 166.375 39.848 663.061
PRESSAVG: 190000 46.8969 -2.64952 37.6106 -2.64952 0.505878 0.104698 37.6106 0.104698 1.52246
GPRESSAVG: 190000 46.896 -2.52825 37.5612 -2.66028 0.453753 0.0928708 37.6746 0.0228403 1.45673
ENERGY:  190000      1617.4373      9223.2231      5759.1282        60.6520         -60116.6079     -1408.6034         0.0000         0.0000     18809.7790         -26054.9917       303.5861    -44864.7707    -25905.1022       305.5636            393.4717       415.1465    267752.2616        16.3084        16.2688

WRITING COORDINATES TO DCD FILE NPT.dcd AT STEP 190000
LDB: ============= START OF LOAD BALANCING ============== 31482.7
LDB: ============== END OF LOAD BALANCING =============== 31482.7
LDB: =============== DONE WITH MIGRATION ================ 31482.7
LDB: ============= START OF LOAD BALANCING ============== 31490.9
LDB: ============== END OF LOAD BALANCING =============== 31490.9
LDB: =============== DONE WITH MIGRATION ================ 31490.9
LDB: ============= START OF LOAD BALANCING ============== 31815.5
LDB: ============== END OF LOAD BALANCING =============== 31815.5
LDB: =============== DONE WITH MIGRATION ================ 31815.5
LDB: ============= START OF LOAD BALANCING ============== 31823.9
LDB: ============== END OF LOAD BALANCING =============== 31823.9
LDB: =============== DONE WITH MIGRATION ================ 31823.9
LDB: ============= START OF LOAD BALANCING ============== 32150.7
LDB: ============== END OF LOAD BALANCING =============== 32150.7
LDB: =============== DONE WITH MIGRATION ================ 32150.7
LDB: ============= START OF LOAD BALANCING ============== 32159.1
LDB: ============== END OF LOAD BALANCING =============== 32159.1
LDB: =============== DONE WITH MIGRATION ================ 32159.1
LDB: ============= START OF LOAD BALANCING ============== 32485.7
LDB: ============== END OF LOAD BALANCING =============== 32485.7
LDB: =============== DONE WITH MIGRATION ================ 32485.7
LDB: ============= START OF LOAD BALANCING ============== 32494.1
LDB: ============== END OF LOAD BALANCING =============== 32494.1
LDB: =============== DONE WITH MIGRATION ================ 32494.1
LDB: ============= START OF LOAD BALANCING ============== 32820.4
LDB: ============== END OF LOAD BALANCING =============== 32820.4
LDB: =============== DONE WITH MIGRATION ================ 32820.4
LDB: ============= START OF LOAD BALANCING ============== 32828.7
LDB: ============== END OF LOAD BALANCING =============== 32828.7
LDB: =============== DONE WITH MIGRATION ================ 32828.7
PRESSURE: 200000 9.5894 366.885 -88.2951 366.885 -128.551 -29.2701 -88.2951 -29.2701 -782.869
GPRESSURE: 200000 -7.04478 256.668 -108.324 330.7 -258.993 -77.7153 73.521 179.63 -578.695
PRESSAVG: 200000 68.96 -28.6393 25.7859 -28.6393 9.6844 -24.4156 25.7859 -24.4156 -1.14708
GPRESSAVG: 200000 68.949 -28.6772 25.8632 -28.7321 9.57973 -24.4548 25.7873 -24.4025 -1.13764
TIMING: 200000  CPU: 33102.9, 0.165571/step  Wall: 33103.8, 0.165576/step, 36.7947 hours remaining, 856.924809 MB of memory in use.
PERFORMANCE: 200000  averaging 1.044 ns/day, 0.165517 sec/step with standard deviation 8.38816e-05
ETITLE:      TS           BOND          ANGLE          DIHED          IMPRP               ELECT            VDW       BOUNDARY           MISC        KINETIC               TOTAL           TEMP      POTENTIAL         TOTAL3        TEMPAVG            PRESSURE      GPRESSURE         VOLUME       PRESSAVG      GPRESSAVG

ENERGY:  200000      1599.7047      9200.6508      5814.1017        92.2694         -60735.6740     -1101.4031         0.0000         0.0000     19008.8276         -26121.5228       306.7987    -45130.3504    -25972.8626       306.1273           -300.6103      -281.5776    268044.7646        25.8324        25.7970

WRITING EXTENDED SYSTEM TO RESTART FILE AT STEP 200000
WRITING COORDINATES TO DCD FILE NPT.dcd AT STEP 200000
WRITING COORDINATES TO RESTART FILE AT STEP 200000
FINISHED WRITING RESTART COORDINATES
WRITING VELOCITIES TO RESTART FILE AT STEP 200000
FINISHED WRITING RESTART VELOCITIES
The last velocity output (seq=200000) takes 0.000 seconds, 856.925 MB of memory in use
LDB: ============= START OF LOAD BALANCING ============== 33153.3
LDB: ============== END OF LOAD BALANCING =============== 33153.3
LDB: =============== DONE WITH MIGRATION ================ 33153.3
LDB: ============= START OF LOAD BALANCING ============== 33161.5
LDB: ============== END OF LOAD BALANCING =============== 33161.5
LDB: =============== DONE WITH MIGRATION ================ 33161.5
LDB: ============= START OF LOAD BALANCING ============== 33484.3
LDB: ============== END OF LOAD BALANCING =============== 33484.3
LDB: =============== DONE WITH MIGRATION ================ 33484.3
LDB: ============= START OF LOAD BALANCING ============== 33492.5
LDB: ============== END OF LOAD BALANCING =============== 33492.5
LDB: =============== DONE WITH MIGRATION ================ 33492.5
LDB: ============= START OF LOAD BALANCING ============== 33815.8
LDB: ============== END OF LOAD BALANCING =============== 33815.8
LDB: =============== DONE WITH MIGRATION ================ 33815.8
LDB: ============= START OF LOAD BALANCING ============== 33824.1
LDB: ============== END OF LOAD BALANCING =============== 33824.1
LDB: =============== DONE WITH MIGRATION ================ 33824.1
LDB: ============= START OF LOAD BALANCING ============== 34147.2
LDB: ============== END OF LOAD BALANCING =============== 34147.2
LDB: =============== DONE WITH MIGRATION ================ 34147.2
LDB: ============= START OF LOAD BALANCING ============== 34155.5
LDB: ============== END OF LOAD BALANCING =============== 34155.5
LDB: =============== DONE WITH MIGRATION ================ 34155.5
LDB: ============= START OF LOAD BALANCING ============== 34478.7
LDB: ============== END OF LOAD BALANCING =============== 34478.7
LDB: =============== DONE WITH MIGRATION ================ 34478.7
LDB: ============= START OF LOAD BALANCING ============== 34487
LDB: ============== END OF LOAD BALANCING =============== 34487
LDB: =============== DONE WITH MIGRATION ================ 34487
PRESSURE: 210000 -93.7127 -52.2381 20.7344 -52.2381 -719.227 -353.713 20.7344 -353.713 -158.248
GPRESSURE: 210000 -153.202 -256.387 48.8399 -147.203 -679.712 -449.405 -5.87589 -129.027 -82.7797
PRESSAVG: 210000 37.1888 -27.6342 11.6389 -27.6342 34.503 -23.8236 11.6389 -23.8236 2.11617
GPRESSAVG: 210000 37.252 -27.6987 11.6431 -27.6837 34.6364 -23.767 11.6978 -23.8971 2.12773
ENERGY:  210000      1587.2138      9454.9708      5748.4214        72.2440         -60405.2311     -1300.1505         0.0000         0.0000     18963.9231         -25878.6086       306.0740    -44842.5316    -25723.6907       306.7689           -323.7291      -305.2313    267240.6268        24.6026        24.6721

WRITING COORDINATES TO DCD FILE NPT.dcd AT STEP 210000
LDB: ============= START OF LOAD BALANCING ============== 34809.8
LDB: ============== END OF LOAD BALANCING =============== 34809.8
LDB: =============== DONE WITH MIGRATION ================ 34809.8
LDB: ============= START OF LOAD BALANCING ============== 34818
LDB: ============== END OF LOAD BALANCING =============== 34818
LDB: =============== DONE WITH MIGRATION ================ 34818
LDB: ============= START OF LOAD BALANCING ============== 35140.6
LDB: ============== END OF LOAD BALANCING =============== 35140.6
LDB: =============== DONE WITH MIGRATION ================ 35140.6
LDB: ============= START OF LOAD BALANCING ============== 35148.9
LDB: ============== END OF LOAD BALANCING =============== 35148.9
LDB: =============== DONE WITH MIGRATION ================ 35148.9
LDB: ============= START OF LOAD BALANCING ============== 35471.8
LDB: ============== END OF LOAD BALANCING =============== 35471.8
LDB: =============== DONE WITH MIGRATION ================ 35471.8
LDB: ============= START OF LOAD BALANCING ============== 35480.1
LDB: ============== END OF LOAD BALANCING =============== 35480.1
LDB: =============== DONE WITH MIGRATION ================ 35480.1
LDB: ============= START OF LOAD BALANCING ============== 35803.4
LDB: ============== END OF LOAD BALANCING =============== 35803.4
LDB: =============== DONE WITH MIGRATION ================ 35803.4
LDB: ============= START OF LOAD BALANCING ============== 35811.7
LDB: ============== END OF LOAD BALANCING =============== 35811.7
LDB: =============== DONE WITH MIGRATION ================ 35811.7
LDB: ============= START OF LOAD BALANCING ============== 36135.2
LDB: ============== END OF LOAD BALANCING =============== 36135.2
LDB: =============== DONE WITH MIGRATION ================ 36135.2
LDB: ============= START OF LOAD BALANCING ============== 36143.6
LDB: ============== END OF LOAD BALANCING =============== 36143.6
LDB: =============== DONE WITH MIGRATION ================ 36143.6
PRESSURE: 220000 -298.754 -142.363 -266.898 -142.363 290.01 615.118 -266.898 615.118 -89.1235
GPRESSURE: 220000 -224.31 -213.659 -300.89 129.082 230.024 384.845 -270.766 349.302 -44.2704
PRESSAVG: 220000 31.3246 -34.4839 2.78193 -34.4839 71.7601 0.863157 2.78193 0.863157 3.3282
GPRESSAVG: 220000 31.2454 -34.43 2.78109 -34.4663 71.7028 0.792129 2.74585 0.887152 3.27829
ENERGY:  220000      1592.2051      9410.6692      5728.4139        89.0088         -60344.6662     -1401.6506         0.0000         0.0000     18989.5661         -25936.4537       306.4878    -44926.0198    -25783.7012       306.0202            -32.6223       -12.8519    266805.2247        35.4710        35.4089

WRITING COORDINATES TO DCD FILE NPT.dcd AT STEP 220000
LDB: ============= START OF LOAD BALANCING ============== 36467.1
LDB: ============== END OF LOAD BALANCING =============== 36467.1
LDB: =============== DONE WITH MIGRATION ================ 36467.1
LDB: ============= START OF LOAD BALANCING ============== 36475.4
LDB: ============== END OF LOAD BALANCING =============== 36475.4
LDB: =============== DONE WITH MIGRATION ================ 36475.4
LDB: ============= START OF LOAD BALANCING ============== 36798.2
LDB: ============== END OF LOAD BALANCING =============== 36798.2
LDB: =============== DONE WITH MIGRATION ================ 36798.2
LDB: ============= START OF LOAD BALANCING ============== 36806.5
LDB: ============== END OF LOAD BALANCING =============== 36806.5
LDB: =============== DONE WITH MIGRATION ================ 36806.5
LDB: ============= START OF LOAD BALANCING ============== 37129.5
LDB: ============== END OF LOAD BALANCING =============== 37129.5
LDB: =============== DONE WITH MIGRATION ================ 37129.5
LDB: ============= START OF LOAD BALANCING ============== 37137.8
LDB: ============== END OF LOAD BALANCING =============== 37137.8
LDB: =============== DONE WITH MIGRATION ================ 37137.8
LDB: ============= START OF LOAD BALANCING ============== 37460.1
LDB: ============== END OF LOAD BALANCING =============== 37460.1
LDB: =============== DONE WITH MIGRATION ================ 37460.1
LDB: ============= START OF LOAD BALANCING ============== 37468.4
LDB: ============== END OF LOAD BALANCING =============== 37468.4
LDB: =============== DONE WITH MIGRATION ================ 37468.4
LDB: ============= START OF LOAD BALANCING ============== 37790.3
LDB: ============== END OF LOAD BALANCING =============== 37790.3
LDB: =============== DONE WITH MIGRATION ================ 37790.3
LDB: ============= START OF LOAD BALANCING ============== 37798.5
LDB: ============== END OF LOAD BALANCING =============== 37798.5
LDB: =============== DONE WITH MIGRATION ================ 37798.5
PRESSURE: 230000 341.657 325.211 -522.462 325.211 95.5237 86.2417 -522.462 86.2417 -24.1886
GPRESSURE: 230000 355.065 316.813 -380.453 160.462 139.692 -4.01787 -288.55 -14.698 -18.7239
PRESSAVG: 230000 31.5932 -23.7772 15.6849 -23.7772 53.9148 21.1942 15.6849 21.1942 2.9202
GPRESSAVG: 230000 31.5073 -23.6853 15.6206 -23.8261 53.8411 21.2188 15.7455 21.2125 2.84961
ENERGY:  230000      1636.8257      9397.3698      5719.8232        83.1592         -60283.9081     -1256.7243         0.0000         0.0000     19029.5006         -25673.9538       307.1324    -44703.4544    -25528.6611       306.7623            137.6640       158.6779    267056.9366        29.4761        29.3993

WRITING COORDINATES TO DCD FILE NPT.dcd AT STEP 230000
LDB: ============= START OF LOAD BALANCING ============== 38120.8
LDB: ============== END OF LOAD BALANCING =============== 38120.8
LDB: =============== DONE WITH MIGRATION ================ 38120.8
LDB: ============= START OF LOAD BALANCING ============== 38129.1
LDB: ============== END OF LOAD BALANCING =============== 38129.1
LDB: =============== DONE WITH MIGRATION ================ 38129.1
LDB: ============= START OF LOAD BALANCING ============== 38451.2
LDB: ============== END OF LOAD BALANCING =============== 38451.2
LDB: =============== DONE WITH MIGRATION ================ 38451.2
LDB: ============= START OF LOAD BALANCING ============== 38459.5
LDB: ============== END OF LOAD BALANCING =============== 38459.5
LDB: =============== DONE WITH MIGRATION ================ 38459.5
LDB: ============= START OF LOAD BALANCING ============== 38782
LDB: ============== END OF LOAD BALANCING =============== 38782
LDB: =============== DONE WITH MIGRATION ================ 38782
LDB: ============= START OF LOAD BALANCING ============== 38790.3
LDB: ============== END OF LOAD BALANCING =============== 38790.3
LDB: =============== DONE WITH MIGRATION ================ 38790.3
LDB: ============= START OF LOAD BALANCING ============== 39113.2
LDB: ============== END OF LOAD BALANCING =============== 39113.2
LDB: =============== DONE WITH MIGRATION ================ 39113.2
LDB: ============= START OF LOAD BALANCING ============== 39121.5
LDB: ============== END OF LOAD BALANCING =============== 39121.5
LDB: =============== DONE WITH MIGRATION ================ 39121.5
LDB: ============= START OF LOAD BALANCING ============== 39444
LDB: ============== END OF LOAD BALANCING =============== 39444
LDB: =============== DONE WITH MIGRATION ================ 39444
LDB: ============= START OF LOAD BALANCING ============== 39452.3
LDB: ============== END OF LOAD BALANCING =============== 39452.3
LDB: =============== DONE WITH MIGRATION ================ 39452.3
PRESSURE: 240000 -178.56 99.1955 252.232 99.1955 62.9316 404.312 252.232 404.312 235.413
GPRESSURE: 240000 -134.429 -37.0868 334.946 50.3558 0.992678 330.713 273.907 312.577 316.771
PRESSAVG: 240000 58.5513 11.8219 -9.6711 11.8219 7.61674 -1.51997 -9.6711 -1.51997 -8.59311
GPRESSAVG: 240000 58.5314 11.8274 -9.5788 11.8697 7.61842 -1.47514 -9.74724 -1.6346 -8.65012
ENERGY:  240000      1554.2129      9333.0034      5713.8975        74.1486         -60577.5413     -1263.8419         0.0000         0.0000     18952.3801         -26213.7407       305.8877    -45166.1208    -26067.4094       306.4502             39.9283        61.1114    267046.1185        19.1916        19.1666

WRITING COORDINATES TO DCD FILE NPT.dcd AT STEP 240000
LDB: ============= START OF LOAD BALANCING ============== 39775.3
LDB: ============== END OF LOAD BALANCING =============== 39775.3
LDB: =============== DONE WITH MIGRATION ================ 39775.3
LDB: ============= START OF LOAD BALANCING ============== 39783.6
LDB: ============== END OF LOAD BALANCING =============== 39783.6
LDB: =============== DONE WITH MIGRATION ================ 39783.6
LDB: ============= START OF LOAD BALANCING ============== 40106.7
LDB: ============== END OF LOAD BALANCING =============== 40106.7
LDB: =============== DONE WITH MIGRATION ================ 40106.7
LDB: ============= START OF LOAD BALANCING ============== 40115
LDB: ============== END OF LOAD BALANCING =============== 40115
LDB: =============== DONE WITH MIGRATION ================ 40115
LDB: ============= START OF LOAD BALANCING ============== 40438.3
LDB: ============== END OF LOAD BALANCING =============== 40438.3
LDB: =============== DONE WITH MIGRATION ================ 40438.3
LDB: ============= START OF LOAD BALANCING ============== 40446.6
LDB: ============== END OF LOAD BALANCING =============== 40446.6
LDB: =============== DONE WITH MIGRATION ================ 40446.6
LDB: ============= START OF LOAD BALANCING ============== 40769.4
LDB: ============== END OF LOAD BALANCING =============== 40769.4
LDB: =============== DONE WITH MIGRATION ================ 40769.4
LDB: ============= START OF LOAD BALANCING ============== 40777.7
LDB: ============== END OF LOAD BALANCING =============== 40777.7
LDB: =============== DONE WITH MIGRATION ================ 40777.7
LDB: ============= START OF LOAD BALANCING ============== 41100.3
LDB: ============== END OF LOAD BALANCING =============== 41100.3
LDB: =============== DONE WITH MIGRATION ================ 41100.3
LDB: ============= START OF LOAD BALANCING ============== 41108.6
LDB: ============== END OF LOAD BALANCING =============== 41108.6
LDB: =============== DONE WITH MIGRATION ================ 41108.6
PRESSURE: 250000 3.51435 -236.152 -73.3745 -236.152 -338.213 215.945 -73.3745 215.945 548.893
GPRESSURE: 250000 68.3204 -125.77 -61.7512 -116.582 -193.668 237.795 10.4447 274.829 428.617
PRESSAVG: 250000 53.6643 15.8903 -3.53838 15.8903 -6.64227 3.19257 -3.53838 3.19257 0.764158
GPRESSAVG: 250000 53.6584 15.8621 -3.60629 15.94 -6.61448 3.26073 -3.43132 3.09482 0.758266
ENERGY:  250000      1622.3708      9236.4841      5778.5397        78.7485         -60363.2165     -1303.3067         0.0000         0.0000     18752.4571         -26197.9231       302.6609    -44950.3802    -26046.0957       305.5302             71.3982       101.0899    267035.6127        15.9287        15.9341

WRITING EXTENDED SYSTEM TO RESTART FILE AT STEP 250000
WRITING COORDINATES TO DCD FILE NPT.dcd AT STEP 250000
WRITING COORDINATES TO RESTART FILE AT STEP 250000
FINISHED WRITING RESTART COORDINATES
WRITING VELOCITIES TO RESTART FILE AT STEP 250000
FINISHED WRITING RESTART VELOCITIES
The last velocity output (seq=250000) takes 0.000 seconds, 856.925 MB of memory in use
LDB: ============= START OF LOAD BALANCING ============== 41430.8
LDB: ============== END OF LOAD BALANCING =============== 41430.8
LDB: =============== DONE WITH MIGRATION ================ 41430.8
LDB: ============= START OF LOAD BALANCING ============== 41439.1
LDB: ============== END OF LOAD BALANCING =============== 41439.1
LDB: =============== DONE WITH MIGRATION ================ 41439.1
LDB: ============= START OF LOAD BALANCING ============== 41761.3
LDB: ============== END OF LOAD BALANCING =============== 41761.3
LDB: =============== DONE WITH MIGRATION ================ 41761.3
LDB: ============= START OF LOAD BALANCING ============== 41769.6
LDB: ============== END OF LOAD BALANCING =============== 41769.6
LDB: =============== DONE WITH MIGRATION ================ 41769.6
LDB: ============= START OF LOAD BALANCING ============== 42092.3
LDB: ============== END OF LOAD BALANCING =============== 42092.3
LDB: =============== DONE WITH MIGRATION ================ 42092.3
LDB: ============= START OF LOAD BALANCING ============== 42100.6
LDB: ============== END OF LOAD BALANCING =============== 42100.6
LDB: =============== DONE WITH MIGRATION ================ 42100.6
LDB: ============= START OF LOAD BALANCING ============== 42423.1
LDB: ============== END OF LOAD BALANCING =============== 42423.1
LDB: =============== DONE WITH MIGRATION ================ 42423.1
LDB: ============= START OF LOAD BALANCING ============== 42431.4
LDB: ============== END OF LOAD BALANCING =============== 42431.4
LDB: =============== DONE WITH MIGRATION ================ 42431.4
LDB: ============= START OF LOAD BALANCING ============== 42754.1
LDB: ============== END OF LOAD BALANCING =============== 42754.1
LDB: =============== DONE WITH MIGRATION ================ 42754.1
LDB: ============= START OF LOAD BALANCING ============== 42762.4
LDB: ============== END OF LOAD BALANCING =============== 42762.4
LDB: =============== DONE WITH MIGRATION ================ 42762.4
PRESSURE: 260000 74.1987 -352.152 252.899 -352.152 325.897 1.93744 252.899 1.93744 932.964
GPRESSURE: 260000 29.7544 -479.679 116.58 -267.819 328.892 27.6554 304.751 7.32749 1009.68
PRESSAVG: 260000 41.031 35.0149 6.42398 35.0149 15.9361 1.98834 6.42398 1.98834 1.81307
GPRESSAVG: 260000 40.9997 35.0168 6.47919 35.0594 15.9862 1.96511 6.45303 1.96892 1.84744
ENERGY:  260000      1585.8357      9229.5863      5745.0679        73.2076         -60587.0420     -1253.1713         0.0000         0.0000     18930.1983         -26276.3176       305.5297    -45206.5159    -26121.0463       305.9202            444.3533       456.1075    266875.9727        19.5934        19.6111

WRITING COORDINATES TO DCD FILE NPT.dcd AT STEP 260000
LDB: ============= START OF LOAD BALANCING ============== 43084.9
LDB: ============== END OF LOAD BALANCING =============== 43084.9
LDB: =============== DONE WITH MIGRATION ================ 43084.9
LDB: ============= START OF LOAD BALANCING ============== 43093.2
LDB: ============== END OF LOAD BALANCING =============== 43093.2
LDB: =============== DONE WITH MIGRATION ================ 43093.2
LDB: ============= START OF LOAD BALANCING ============== 43416
LDB: ============== END OF LOAD BALANCING =============== 43416
LDB: =============== DONE WITH MIGRATION ================ 43416
LDB: ============= START OF LOAD BALANCING ============== 43424.3
LDB: ============== END OF LOAD BALANCING =============== 43424.3
LDB: =============== DONE WITH MIGRATION ================ 43424.3
LDB: ============= START OF LOAD BALANCING ============== 43746.7
LDB: ============== END OF LOAD BALANCING =============== 43746.7
LDB: =============== DONE WITH MIGRATION ================ 43746.7
LDB: ============= START OF LOAD BALANCING ============== 43755
LDB: ============== END OF LOAD BALANCING =============== 43755
LDB: =============== DONE WITH MIGRATION ================ 43755
LDB: ============= START OF LOAD BALANCING ============== 44077.9
LDB: ============== END OF LOAD BALANCING =============== 44077.9
LDB: =============== DONE WITH MIGRATION ================ 44077.9
LDB: ============= START OF LOAD BALANCING ============== 44086.2
LDB: ============== END OF LOAD BALANCING =============== 44086.2
LDB: =============== DONE WITH MIGRATION ================ 44086.2
LDB: ============= START OF LOAD BALANCING ============== 44408.1
LDB: ============== END OF LOAD BALANCING =============== 44408.1
LDB: =============== DONE WITH MIGRATION ================ 44408.1
LDB: ============= START OF LOAD BALANCING ============== 44416.4
LDB: ============== END OF LOAD BALANCING =============== 44416.4
LDB: =============== DONE WITH MIGRATION ================ 44416.4
PRESSURE: 270000 672.596 120.429 35.1863 120.429 261.938 156.527 35.1863 156.527 103.929
GPRESSURE: 270000 671.568 86.0736 88.0281 206.559 224.626 187.205 44.6458 335.779 203.402
PRESSAVG: 270000 28.3728 -8.34939 28.435 -8.34939 -10.3019 9.7778 28.435 9.7778 2.85932
GPRESSAVG: 270000 28.362 -8.32075 28.4535 -8.33915 -10.2992 9.76601 28.5224 9.71783 2.92707
ENERGY:  270000      1605.9300      9287.6773      5765.4232        82.0289         -60346.3078     -1323.3289         0.0000         0.0000     19129.0394         -25799.5379       308.7389    -44928.5774    -25648.4051       306.1141            346.1543       366.5318    266997.5549         6.9767         6.9966

WRITING COORDINATES TO DCD FILE NPT.dcd AT STEP 270000
LDB: ============= START OF LOAD BALANCING ============== 44739
LDB: ============== END OF LOAD BALANCING =============== 44739
LDB: =============== DONE WITH MIGRATION ================ 44739
LDB: ============= START OF LOAD BALANCING ============== 44747.3
LDB: ============== END OF LOAD BALANCING =============== 44747.3
LDB: =============== DONE WITH MIGRATION ================ 44747.3
LDB: ============= START OF LOAD BALANCING ============== 45070.4
LDB: ============== END OF LOAD BALANCING =============== 45070.4
LDB: =============== DONE WITH MIGRATION ================ 45070.4
LDB: ============= START OF LOAD BALANCING ============== 45078.7
LDB: ============== END OF LOAD BALANCING =============== 45078.7
LDB: =============== DONE WITH MIGRATION ================ 45078.7
LDB: ============= START OF LOAD BALANCING ============== 45401.5
LDB: ============== END OF LOAD BALANCING =============== 45401.5
LDB: =============== DONE WITH MIGRATION ================ 45401.5
LDB: ============= START OF LOAD BALANCING ============== 45409.8
LDB: ============== END OF LOAD BALANCING =============== 45409.8
LDB: =============== DONE WITH MIGRATION ================ 45409.8
LDB: ============= START OF LOAD BALANCING ============== 45732.9
LDB: ============== END OF LOAD BALANCING =============== 45732.9
LDB: =============== DONE WITH MIGRATION ================ 45732.9
LDB: ============= START OF LOAD BALANCING ============== 45741.2
LDB: ============== END OF LOAD BALANCING =============== 45741.2
LDB: =============== DONE WITH MIGRATION ================ 45741.2
LDB: ============= START OF LOAD BALANCING ============== 46063.3
LDB: ============== END OF LOAD BALANCING =============== 46063.3
LDB: =============== DONE WITH MIGRATION ================ 46063.3
LDB: ============= START OF LOAD BALANCING ============== 46071.6
LDB: ============== END OF LOAD BALANCING =============== 46071.6
LDB: =============== DONE WITH MIGRATION ================ 46071.6
PRESSURE: 280000 -30.2608 -414.792 -24.2704 -414.792 -77.9595 310.934 -24.2704 310.934 -143.27
GPRESSURE: 280000 13.9204 -582.802 -174.026 -243.575 80.9007 301.038 -50.981 -72.063 -309.924
PRESSAVG: 280000 32.8322 -12.7606 -3.43184 -12.7606 -4.78295 5.14258 -3.43184 5.14258 -1.88671
GPRESSAVG: 280000 32.8916 -12.8161 -3.3861 -12.8368 -4.83011 5.05718 -3.5406 5.09118 -1.93479
ENERGY:  280000      1556.1276      9305.8567      5806.8767        72.5285         -60187.5834     -1362.0602         0.0000         0.0000     19078.0367         -25730.2173       307.9157    -44808.2540    -25580.1691       306.3302            -83.8301       -71.7010    268001.8793         8.7209         8.7089

WRITING COORDINATES TO DCD FILE NPT.dcd AT STEP 280000
LDB: ============= START OF LOAD BALANCING ============== 46394.2
LDB: ============== END OF LOAD BALANCING =============== 46394.2
LDB: =============== DONE WITH MIGRATION ================ 46394.2
LDB: ============= START OF LOAD BALANCING ============== 46402.5
LDB: ============== END OF LOAD BALANCING =============== 46402.5
LDB: =============== DONE WITH MIGRATION ================ 46402.5
LDB: ============= START OF LOAD BALANCING ============== 46724.6
LDB: ============== END OF LOAD BALANCING =============== 46724.6
LDB: =============== DONE WITH MIGRATION ================ 46724.6
LDB: ============= START OF LOAD BALANCING ============== 46732.8
LDB: ============== END OF LOAD BALANCING =============== 46732.8
LDB: =============== DONE WITH MIGRATION ================ 46732.8
LDB: ============= START OF LOAD BALANCING ============== 47055.7
LDB: ============== END OF LOAD BALANCING =============== 47055.7
LDB: =============== DONE WITH MIGRATION ================ 47055.7
LDB: ============= START OF LOAD BALANCING ============== 47064
LDB: ============== END OF LOAD BALANCING =============== 47064
LDB: =============== DONE WITH MIGRATION ================ 47064
LDB: ============= START OF LOAD BALANCING ============== 47387.2
LDB: ============== END OF LOAD BALANCING =============== 47387.2
LDB: =============== DONE WITH MIGRATION ================ 47387.2
LDB: ============= START OF LOAD BALANCING ============== 47395.5
LDB: ============== END OF LOAD BALANCING =============== 47395.5
LDB: =============== DONE WITH MIGRATION ================ 47395.5
LDB: ============= START OF LOAD BALANCING ============== 47718.5
LDB: ============== END OF LOAD BALANCING =============== 47718.5
LDB: =============== DONE WITH MIGRATION ================ 47718.5
LDB: ============= START OF LOAD BALANCING ============== 47726.8
LDB: ============== END OF LOAD BALANCING =============== 47726.8
LDB: =============== DONE WITH MIGRATION ================ 47726.8
PRESSURE: 290000 352.802 -319.195 87.2559 -319.195 240.588 -294.673 87.2559 -294.673 423.016
GPRESSURE: 290000 355.833 -245.25 28.8725 -298.516 297.287 -234.072 -80.8183 -321.764 423.153
PRESSAVG: 290000 35.687 11.5729 -34.3964 11.5729 -16.097 -8.32232 -34.3964 -8.32232 -0.805942
GPRESSAVG: 290000 35.8005 11.4686 -34.5023 11.6415 -16.1474 -8.27324 -34.4262 -8.24455 -0.852613
ENERGY:  290000      1574.4561      9355.6157      5732.3511        73.0084         -60371.5177     -1356.3971         0.0000         0.0000     19012.3873         -25980.0964       306.8562    -44992.4836    -25829.1299       306.7317            338.8021       358.7578    267473.1358         6.2613         6.2668

WRITING COORDINATES TO DCD FILE NPT.dcd AT STEP 290000
LDB: ============= START OF LOAD BALANCING ============== 48050
LDB: ============== END OF LOAD BALANCING =============== 48050
LDB: =============== DONE WITH MIGRATION ================ 48050
LDB: ============= START OF LOAD BALANCING ============== 48058.3
LDB: ============== END OF LOAD BALANCING =============== 48058.3
LDB: =============== DONE WITH MIGRATION ================ 48058.3
LDB: ============= START OF LOAD BALANCING ============== 48381.3
LDB: ============== END OF LOAD BALANCING =============== 48381.3
LDB: =============== DONE WITH MIGRATION ================ 48381.3
LDB: ============= START OF LOAD BALANCING ============== 48389.6
LDB: ============== END OF LOAD BALANCING =============== 48389.6
LDB: =============== DONE WITH MIGRATION ================ 48389.6
LDB: ============= START OF LOAD BALANCING ============== 48712.7
LDB: ============== END OF LOAD BALANCING =============== 48712.7
LDB: =============== DONE WITH MIGRATION ================ 48712.7
LDB: ============= START OF LOAD BALANCING ============== 48721
LDB: ============== END OF LOAD BALANCING =============== 48721
LDB: =============== DONE WITH MIGRATION ================ 48721
LDB: ============= START OF LOAD BALANCING ============== 49044.3
LDB: ============== END OF LOAD BALANCING =============== 49044.3
LDB: =============== DONE WITH MIGRATION ================ 49044.3
LDB: ============= START OF LOAD BALANCING ============== 49052.6
LDB: ============== END OF LOAD BALANCING =============== 49052.6
LDB: =============== DONE WITH MIGRATION ================ 49052.6
LDB: ============= START OF LOAD BALANCING ============== 49375
LDB: ============== END OF LOAD BALANCING =============== 49375
LDB: =============== DONE WITH MIGRATION ================ 49375
LDB: ============= START OF LOAD BALANCING ============== 49383.3
LDB: ============== END OF LOAD BALANCING =============== 49383.3
LDB: =============== DONE WITH MIGRATION ================ 49383.3
PRESSURE: 300000 29.8003 -196.599 -158.913 -196.599 -152.235 -108.872 -158.913 -108.872 -289.344
GPRESSURE: 300000 15.8157 -197.577 23.2016 19.5764 -67.4624 -95.3946 -1.88128 -70.1322 -300.98
PRESSAVG: 300000 76.8025 -12.6091 0.85691 -12.6091 23.6572 -0.256857 0.85691 -0.256857 0.788288
GPRESSAVG: 300000 76.7602 -12.5474 0.876975 -12.5293 23.6837 -0.276118 0.84527 -0.346434 0.819348
TIMING: 300000  CPU: 49655.4, 0.165525/step  Wall: 49656.8, 0.16553/step, 32.1864 hours remaining, 856.924809 MB of memory in use.
PERFORMANCE: 300000  averaging 1.04397 ns/day, 0.165521 sec/step with standard deviation 5.9796e-05
ETITLE:      TS           BOND          ANGLE          DIHED          IMPRP               ELECT            VDW       BOUNDARY           MISC        KINETIC               TOTAL           TEMP      POTENTIAL         TOTAL3        TEMPAVG            PRESSURE      GPRESSURE         VOLUME       PRESSAVG      GPRESSAVG

ENERGY:  300000      1573.2125      9337.5961      5749.2810        87.3172         -60343.6550     -1437.7727         0.0000         0.0000     19102.6230         -25931.3979       308.3126    -45034.0210    -25780.6979       306.8819           -137.2596      -117.5422    266886.9807        33.7493        33.7544

WRITING EXTENDED SYSTEM TO RESTART FILE AT STEP 300000
WRITING COORDINATES TO DCD FILE NPT.dcd AT STEP 300000
WRITING COORDINATES TO RESTART FILE AT STEP 300000
FINISHED WRITING RESTART COORDINATES
WRITING VELOCITIES TO RESTART FILE AT STEP 300000
FINISHED WRITING RESTART VELOCITIES
LDB: ============= START OF LOAD BALANCING ============== 49706.4
LDB: ============== END OF LOAD BALANCING =============== 49706.4
LDB: =============== DONE WITH MIGRATION ================ 49706.4
LDB: ============= START OF LOAD BALANCING ============== 49714.7
LDB: ============== END OF LOAD BALANCING =============== 49714.7
LDB: =============== DONE WITH MIGRATION ================ 49714.7
LDB: ============= START OF LOAD BALANCING ============== 50037.2
LDB: ============== END OF LOAD BALANCING =============== 50037.2
LDB: =============== DONE WITH MIGRATION ================ 50037.2
LDB: ============= START OF LOAD BALANCING ============== 50045.5
LDB: ============== END OF LOAD BALANCING =============== 50045.5
LDB: =============== DONE WITH MIGRATION ================ 50045.5
LDB: ============= START OF LOAD BALANCING ============== 50367.7
LDB: ============== END OF LOAD BALANCING =============== 50367.7
LDB: =============== DONE WITH MIGRATION ================ 50367.7
LDB: ============= START OF LOAD BALANCING ============== 50376
LDB: ============== END OF LOAD BALANCING =============== 50376
LDB: =============== DONE WITH MIGRATION ================ 50376
LDB: ============= START OF LOAD BALANCING ============== 50698.1
LDB: ============== END OF LOAD BALANCING =============== 50698.1
LDB: =============== DONE WITH MIGRATION ================ 50698.1
LDB: ============= START OF LOAD BALANCING ============== 50706.4
LDB: ============== END OF LOAD BALANCING =============== 50706.4
LDB: =============== DONE WITH MIGRATION ================ 50706.4
LDB: ============= START OF LOAD BALANCING ============== 51028.4
LDB: ============== END OF LOAD BALANCING =============== 51028.4
LDB: =============== DONE WITH MIGRATION ================ 51028.4
LDB: ============= START OF LOAD BALANCING ============== 51036.7
LDB: ============== END OF LOAD BALANCING =============== 51036.7
LDB: =============== DONE WITH MIGRATION ================ 51036.7
PRESSURE: 310000 -232.586 375.691 -57.9689 375.691 -118.948 11.2253 -57.9689 11.2253 -593.59
GPRESSURE: 310000 -135.659 362.389 -93.385 357.243 -31.8024 108.97 -6.44811 126.727 -731.66
PRESSAVG: 310000 34.1011 -2.97739 15.2175 -2.97739 -36.241 1.3278 15.2175 1.3278 -2.40068
GPRESSAVG: 310000 34.1058 -2.9715 15.199 -2.99344 -36.2773 1.30411 15.2412 1.44295 -2.42304
ENERGY:  310000      1638.9735      9399.8028      5751.5753        71.0212         -60281.0875     -1358.4054         0.0000         0.0000     19064.7886         -25713.3315       307.7019    -44778.1201    -25558.5228       307.2293           -315.0414      -299.7069    266857.8896        -1.5135        -1.5315

WRITING COORDINATES TO DCD FILE NPT.dcd AT STEP 310000
LDB: ============= START OF LOAD BALANCING ============== 51359.2
LDB: ============== END OF LOAD BALANCING =============== 51359.2
LDB: =============== DONE WITH MIGRATION ================ 51359.2
LDB: ============= START OF LOAD BALANCING ============== 51367.4
LDB: ============== END OF LOAD BALANCING =============== 51367.4
LDB: =============== DONE WITH MIGRATION ================ 51367.4
LDB: ============= START OF LOAD BALANCING ============== 51691.1
LDB: ============== END OF LOAD BALANCING =============== 51691.1
LDB: =============== DONE WITH MIGRATION ================ 51691.1
LDB: ============= START OF LOAD BALANCING ============== 51699.4
LDB: ============== END OF LOAD BALANCING =============== 51699.4
LDB: =============== DONE WITH MIGRATION ================ 51699.4
LDB: ============= START OF LOAD BALANCING ============== 52022.5
LDB: ============== END OF LOAD BALANCING =============== 52022.5
LDB: =============== DONE WITH MIGRATION ================ 52022.5
LDB: ============= START OF LOAD BALANCING ============== 52030.7
LDB: ============== END OF LOAD BALANCING =============== 52030.7
LDB: =============== DONE WITH MIGRATION ================ 52030.7
LDB: ============= START OF LOAD BALANCING ============== 52353.1
LDB: ============== END OF LOAD BALANCING =============== 52353.1
LDB: =============== DONE WITH MIGRATION ================ 52353.1
LDB: ============= START OF LOAD BALANCING ============== 52361.4
LDB: ============== END OF LOAD BALANCING =============== 52361.4
LDB: =============== DONE WITH MIGRATION ================ 52361.4
LDB: ============= START OF LOAD BALANCING ============== 52684
LDB: ============== END OF LOAD BALANCING =============== 52684
LDB: =============== DONE WITH MIGRATION ================ 52684
LDB: ============= START OF LOAD BALANCING ============== 52692.3
LDB: ============== END OF LOAD BALANCING =============== 52692.3
LDB: =============== DONE WITH MIGRATION ================ 52692.3
PRESSURE: 320000 168.304 -124.647 -69.3911 -124.647 -108.858 -24.901 -69.3911 -24.901 399.943
GPRESSURE: 320000 198.898 -283.032 -65.4531 -255.014 4.69836 -59.6692 -214.555 -127.554 321.282
PRESSAVG: 320000 59.3164 -40.5384 22.3816 -40.5384 16.5333 37.726 22.3816 37.726 1.81186
GPRESSAVG: 320000 59.1771 -40.554 22.4825 -40.4422 16.6359 37.642 22.3317 37.6997 1.84053
ENERGY:  320000      1613.3266      9401.9923      5810.5454        81.7846         -60222.9071     -1434.9420         0.0000         0.0000     19163.6649         -25586.5353       309.2978    -44750.2002    -25437.7088       307.0174            153.1295       174.9597    267198.0393        25.8872        25.8845

WRITING COORDINATES TO DCD FILE NPT.dcd AT STEP 320000
LDB: ============= START OF LOAD BALANCING ============== 53014.4
LDB: ============== END OF LOAD BALANCING =============== 53014.4
LDB: =============== DONE WITH MIGRATION ================ 53014.4
LDB: ============= START OF LOAD BALANCING ============== 53022.7
LDB: ============== END OF LOAD BALANCING =============== 53022.7
LDB: =============== DONE WITH MIGRATION ================ 53022.7
LDB: ============= START OF LOAD BALANCING ============== 53345.3
LDB: ============== END OF LOAD BALANCING =============== 53345.3
LDB: =============== DONE WITH MIGRATION ================ 53345.3
LDB: ============= START OF LOAD BALANCING ============== 53353.6
LDB: ============== END OF LOAD BALANCING =============== 53353.6
LDB: =============== DONE WITH MIGRATION ================ 53353.6
LDB: ============= START OF LOAD BALANCING ============== 53675.4
LDB: ============== END OF LOAD BALANCING =============== 53675.4
LDB: =============== DONE WITH MIGRATION ================ 53675.4
LDB: ============= START OF LOAD BALANCING ============== 53683.7
LDB: ============== END OF LOAD BALANCING =============== 53683.7
LDB: =============== DONE WITH MIGRATION ================ 53683.7
LDB: ============= START OF LOAD BALANCING ============== 54005.6
LDB: ============== END OF LOAD BALANCING =============== 54005.6
LDB: =============== DONE WITH MIGRATION ================ 54005.6
LDB: ============= START OF LOAD BALANCING ============== 54013.9
LDB: ============== END OF LOAD BALANCING =============== 54013.9
LDB: =============== DONE WITH MIGRATION ================ 54013.9
LDB: ============= START OF LOAD BALANCING ============== 54336.3
LDB: ============== END OF LOAD BALANCING =============== 54336.3
LDB: =============== DONE WITH MIGRATION ================ 54336.3
LDB: ============= START OF LOAD BALANCING ============== 54344.6
LDB: ============== END OF LOAD BALANCING =============== 54344.6
LDB: =============== DONE WITH MIGRATION ================ 54344.6
PRESSURE: 330000 368.081 125.96 157.836 125.96 370.459 -29.7801 157.836 -29.7801 15.6185
GPRESSURE: 330000 263.573 60.6571 108.628 -74.4965 410.705 -22.6834 23.9926 -7.63893 158.413
PRESSAVG: 330000 -8.25387 2.65661 -26.5633 2.65661 -21.5304 22.3848 -26.5633 22.3848 1.29777
GPRESSAVG: 330000 -8.3181 2.62654 -26.6188 2.63764 -21.5451 22.4165 -26.4611 22.5162 1.34222
ENERGY:  330000      1583.2775      9204.3625      5778.8284        75.4228         -60519.7647     -1122.4980         0.0000         0.0000     18850.4492         -26149.9224       304.2425    -45000.3716    -26005.4540       306.6845            251.3862       277.5634    268352.0486        -9.4955        -9.5070

WRITING COORDINATES TO DCD FILE NPT.dcd AT STEP 330000
LDB: ============= START OF LOAD BALANCING ============== 54666
LDB: ============== END OF LOAD BALANCING =============== 54666
LDB: =============== DONE WITH MIGRATION ================ 54666
LDB: ============= START OF LOAD BALANCING ============== 54674.2
LDB: ============== END OF LOAD BALANCING =============== 54674.2
LDB: =============== DONE WITH MIGRATION ================ 54674.2
LDB: ============= START OF LOAD BALANCING ============== 54996
LDB: ============== END OF LOAD BALANCING =============== 54996
LDB: =============== DONE WITH MIGRATION ================ 54996
LDB: ============= START OF LOAD BALANCING ============== 55004.3
LDB: ============== END OF LOAD BALANCING =============== 55004.3
LDB: =============== DONE WITH MIGRATION ================ 55004.3
LDB: ============= START OF LOAD BALANCING ============== 55326.2
LDB: ============== END OF LOAD BALANCING =============== 55326.2
LDB: =============== DONE WITH MIGRATION ================ 55326.2
LDB: ============= START OF LOAD BALANCING ============== 55334.4
LDB: ============== END OF LOAD BALANCING =============== 55334.4
LDB: =============== DONE WITH MIGRATION ================ 55334.4
LDB: ============= START OF LOAD BALANCING ============== 55656.5
LDB: ============== END OF LOAD BALANCING =============== 55656.5
LDB: =============== DONE WITH MIGRATION ================ 55656.5
LDB: ============= START OF LOAD BALANCING ============== 55664.8
LDB: ============== END OF LOAD BALANCING =============== 55664.8
LDB: =============== DONE WITH MIGRATION ================ 55664.8
LDB: ============= START OF LOAD BALANCING ============== 55987.1
LDB: ============== END OF LOAD BALANCING =============== 55987.1
LDB: =============== DONE WITH MIGRATION ================ 55987.1
LDB: ============= START OF LOAD BALANCING ============== 55995.3
LDB: ============== END OF LOAD BALANCING =============== 55995.3
LDB: =============== DONE WITH MIGRATION ================ 55995.3
PRESSURE: 340000 164.182 292.121 259.814 292.121 -173.36 -248.307 259.814 -248.307 -182.6
GPRESSURE: 340000 177.307 246.93 288.25 400.296 -113.769 -478.015 304.108 172.506 -245.644
PRESSAVG: 340000 -26.6382 -22.2432 11.4618 -22.2432 -90.9098 0.222267 11.4618 0.222267 3.59758
GPRESSAVG: 340000 -26.6523 -22.2423 11.5105 -22.235 -90.9436 0.176058 11.4818 0.23299 3.61391
ENERGY:  340000      1575.9757      9410.2977      5668.9817        66.7634         -60351.6463     -1377.8867         0.0000         0.0000     18893.5559         -26113.9585       304.9383    -45007.5144    -25960.5011       306.1442            -63.9262       -60.7020    266903.1451       -37.9835       -37.9940

WRITING COORDINATES TO DCD FILE NPT.dcd AT STEP 340000
LDB: ============= START OF LOAD BALANCING ============== 56317.9
LDB: ============== END OF LOAD BALANCING =============== 56317.9
LDB: =============== DONE WITH MIGRATION ================ 56317.9
LDB: ============= START OF LOAD BALANCING ============== 56326.2
LDB: ============== END OF LOAD BALANCING =============== 56326.2
LDB: =============== DONE WITH MIGRATION ================ 56326.2
LDB: ============= START OF LOAD BALANCING ============== 56648.8
LDB: ============== END OF LOAD BALANCING =============== 56648.8
LDB: =============== DONE WITH MIGRATION ================ 56648.8
LDB: ============= START OF LOAD BALANCING ============== 56657
LDB: ============== END OF LOAD BALANCING =============== 56657
LDB: =============== DONE WITH MIGRATION ================ 56657
LDB: ============= START OF LOAD BALANCING ============== 56979
LDB: ============== END OF LOAD BALANCING =============== 56979
LDB: =============== DONE WITH MIGRATION ================ 56979
LDB: ============= START OF LOAD BALANCING ============== 56987.3
LDB: ============== END OF LOAD BALANCING =============== 56987.3
LDB: =============== DONE WITH MIGRATION ================ 56987.3
LDB: ============= START OF LOAD BALANCING ============== 57309.9
LDB: ============== END OF LOAD BALANCING =============== 57309.9
LDB: =============== DONE WITH MIGRATION ================ 57309.9
LDB: ============= START OF LOAD BALANCING ============== 57318.2
LDB: ============== END OF LOAD BALANCING =============== 57318.2
LDB: =============== DONE WITH MIGRATION ================ 57318.2
LDB: ============= START OF LOAD BALANCING ============== 57640.2
LDB: ============== END OF LOAD BALANCING =============== 57640.2
LDB: =============== DONE WITH MIGRATION ================ 57640.2
LDB: ============= START OF LOAD BALANCING ============== 57648.5
LDB: ============== END OF LOAD BALANCING =============== 57648.5
LDB: =============== DONE WITH MIGRATION ================ 57648.5
PRESSURE: 350000 -312.803 -184.676 -160.843 -184.676 -85.657 87.2403 -160.843 87.2403 290.481
GPRESSURE: 350000 -330.746 -155.752 -250.267 -87.3388 69.39 84.9243 -303.747 59.5193 223.028
PRESSAVG: 350000 -44.1681 0.35197 -5.50533 0.35197 -28.5172 -23.611 -5.50533 -23.611 -1.20387
GPRESSAVG: 350000 -44.2394 0.390495 -5.54268 0.420812 -28.5083 -23.6682 -5.55647 -23.5149 -1.23474
ENERGY:  350000      1600.1498      9412.4493      5752.5471        95.1925         -60229.3120     -1231.2001         0.0000         0.0000     18787.7153         -25812.4581       303.2300    -44600.1734    -25675.6816       307.4924            -35.9931       -12.7760    267562.8411       -24.6297       -24.6608

WRITING EXTENDED SYSTEM TO RESTART FILE AT STEP 350000
WRITING COORDINATES TO DCD FILE NPT.dcd AT STEP 350000
WRITING COORDINATES TO RESTART FILE AT STEP 350000
FINISHED WRITING RESTART COORDINATES
WRITING VELOCITIES TO RESTART FILE AT STEP 350000
FINISHED WRITING RESTART VELOCITIES
LDB: ============= START OF LOAD BALANCING ============== 57971
LDB: ============== END OF LOAD BALANCING =============== 57971
LDB: =============== DONE WITH MIGRATION ================ 57971
LDB: ============= START OF LOAD BALANCING ============== 57979.3
LDB: ============== END OF LOAD BALANCING =============== 57979.3
LDB: =============== DONE WITH MIGRATION ================ 57979.3
LDB: ============= START OF LOAD BALANCING ============== 58300.6
LDB: ============== END OF LOAD BALANCING =============== 58300.6
LDB: =============== DONE WITH MIGRATION ================ 58300.6
LDB: ============= START OF LOAD BALANCING ============== 58308.8
LDB: ============== END OF LOAD BALANCING =============== 58308.8
LDB: =============== DONE WITH MIGRATION ================ 58308.8
LDB: ============= START OF LOAD BALANCING ============== 58630.3
LDB: ============== END OF LOAD BALANCING =============== 58630.3
LDB: =============== DONE WITH MIGRATION ================ 58630.3
LDB: ============= START OF LOAD BALANCING ============== 58638.5
LDB: ============== END OF LOAD BALANCING =============== 58638.5
LDB: =============== DONE WITH MIGRATION ================ 58638.5
LDB: ============= START OF LOAD BALANCING ============== 58959.7
LDB: ============== END OF LOAD BALANCING =============== 58959.7
LDB: =============== DONE WITH MIGRATION ================ 58959.7
LDB: ============= START OF LOAD BALANCING ============== 58967.9
LDB: ============== END OF LOAD BALANCING =============== 58967.9
LDB: =============== DONE WITH MIGRATION ================ 58967.9
LDB: ============= START OF LOAD BALANCING ============== 59289.6
LDB: ============== END OF LOAD BALANCING =============== 59289.6
LDB: =============== DONE WITH MIGRATION ================ 59289.6
LDB: ============= START OF LOAD BALANCING ============== 59297.8
LDB: ============== END OF LOAD BALANCING =============== 59297.8
LDB: =============== DONE WITH MIGRATION ================ 59297.8
PRESSURE: 360000 -7.0771 498.997 -96.2677 498.997 10.4857 373.016 -96.2677 373.016 140.195
GPRESSURE: 360000 25.5784 422.189 -144.096 429.6 -100.203 391.268 -48.2871 471.005 204.187
PRESSAVG: 360000 -65.1681 14.7849 10.7028 14.7849 -57.6024 -29.0416 10.7028 -29.0416 -1.01029
GPRESSAVG: 360000 -65.2652 14.8551 10.6115 14.7638 -57.579 -29.078 10.6731 -29.1304 -1.04698
ENERGY:  360000      1609.8327      9299.1753      5727.7886        74.6351         -60382.0251     -1269.5950         0.0000         0.0000     18999.4040         -25940.7843       306.6466    -44940.1884    -25779.4681       306.6723             47.8680        43.1873    267257.3008       -41.2602       -41.2970

WRITING COORDINATES TO DCD FILE NPT.dcd AT STEP 360000
LDB: ============= START OF LOAD BALANCING ============== 59620.3
LDB: ============== END OF LOAD BALANCING =============== 59620.3
LDB: =============== DONE WITH MIGRATION ================ 59620.3
LDB: ============= START OF LOAD BALANCING ============== 59628.6
LDB: ============== END OF LOAD BALANCING =============== 59628.6
LDB: =============== DONE WITH MIGRATION ================ 59628.6
LDB: ============= START OF LOAD BALANCING ============== 59951
LDB: ============== END OF LOAD BALANCING =============== 59951
LDB: =============== DONE WITH MIGRATION ================ 59951
LDB: ============= START OF LOAD BALANCING ============== 59959.3
LDB: ============== END OF LOAD BALANCING =============== 59959.3
LDB: =============== DONE WITH MIGRATION ================ 59959.3
LDB: ============= START OF LOAD BALANCING ============== 60281.5
LDB: ============== END OF LOAD BALANCING =============== 60281.5
LDB: =============== DONE WITH MIGRATION ================ 60281.5
LDB: ============= START OF LOAD BALANCING ============== 60289.7
LDB: ============== END OF LOAD BALANCING =============== 60289.7
LDB: =============== DONE WITH MIGRATION ================ 60289.7
LDB: ============= START OF LOAD BALANCING ============== 60611.9
LDB: ============== END OF LOAD BALANCING =============== 60611.9
LDB: =============== DONE WITH MIGRATION ================ 60611.9
LDB: ============= START OF LOAD BALANCING ============== 60620.2
LDB: ============== END OF LOAD BALANCING =============== 60620.2
LDB: =============== DONE WITH MIGRATION ================ 60620.2
LDB: ============= START OF LOAD BALANCING ============== 60942
LDB: ============== END OF LOAD BALANCING =============== 60942
LDB: =============== DONE WITH MIGRATION ================ 60942
LDB: ============= START OF LOAD BALANCING ============== 60950.3
LDB: ============== END OF LOAD BALANCING =============== 60950.3
LDB: =============== DONE WITH MIGRATION ================ 60950.3
PRESSURE: 370000 374.924 198.415 198.732 198.415 162.145 -145.103 198.732 -145.103 636.041
GPRESSURE: 370000 484.641 271.409 98.6457 262.357 228.736 -191.619 73.1603 -166.515 559.777
PRESSAVG: 370000 -8.44565 -13.6382 -11.8961 -13.6382 -75.3831 -3.599 -11.8961 -3.599 2.41046
GPRESSAVG: 370000 -8.42622 -13.7986 -11.7998 -13.5699 -75.4174 -3.61235 -11.9554 -3.56778 2.39316
ENERGY:  370000      1577.1953      9316.6174      5801.0202        89.5652         -60736.4087     -1052.9404         0.0000         0.0000     19067.0340         -25937.9170       307.7382    -45004.9510    -25788.9465       306.5914            391.0363       424.3846    268602.5319       -27.1394       -27.1502

WRITING COORDINATES TO DCD FILE NPT.dcd AT STEP 370000
LDB: ============= START OF LOAD BALANCING ============== 61271.8
LDB: ============== END OF LOAD BALANCING =============== 61271.8
LDB: =============== DONE WITH MIGRATION ================ 61271.8
LDB: ============= START OF LOAD BALANCING ============== 61280
LDB: ============== END OF LOAD BALANCING =============== 61280
LDB: =============== DONE WITH MIGRATION ================ 61280
LDB: ============= START OF LOAD BALANCING ============== 61601.4
LDB: ============== END OF LOAD BALANCING =============== 61601.4
LDB: =============== DONE WITH MIGRATION ================ 61601.4
LDB: ============= START OF LOAD BALANCING ============== 61609.7
LDB: ============== END OF LOAD BALANCING =============== 61609.7
LDB: =============== DONE WITH MIGRATION ================ 61609.7
LDB: ============= START OF LOAD BALANCING ============== 61931.3
LDB: ============== END OF LOAD BALANCING =============== 61931.3
LDB: =============== DONE WITH MIGRATION ================ 61931.3
LDB: ============= START OF LOAD BALANCING ============== 61939.5
LDB: ============== END OF LOAD BALANCING =============== 61939.5
LDB: =============== DONE WITH MIGRATION ================ 61939.5
LDB: ============= START OF LOAD BALANCING ============== 62261.2
LDB: ============== END OF LOAD BALANCING =============== 62261.2
LDB: =============== DONE WITH MIGRATION ================ 62261.2
LDB: ============= START OF LOAD BALANCING ============== 62269.5
LDB: ============== END OF LOAD BALANCING =============== 62269.5
LDB: =============== DONE WITH MIGRATION ================ 62269.5
LDB: ============= START OF LOAD BALANCING ============== 62591.7
LDB: ============== END OF LOAD BALANCING =============== 62591.7
LDB: =============== DONE WITH MIGRATION ================ 62591.7
LDB: ============= START OF LOAD BALANCING ============== 62599.9
LDB: ============== END OF LOAD BALANCING =============== 62599.9
LDB: =============== DONE WITH MIGRATION ================ 62599.9
PRESSURE: 380000 51.7908 -125.74 549.23 -125.74 638.692 217.316 549.23 217.316 889.293
GPRESSURE: 380000 -0.1805 -271.043 399.166 -213.885 726.937 160.06 526.431 309.007 893.281
PRESSAVG: 380000 8.58152 -18.3879 -9.01122 -18.3879 -20.8926 -31.1833 -9.01122 -31.1833 -2.81588
GPRESSAVG: 380000 8.48832 -18.4728 -8.98758 -18.4401 -20.836 -31.1269 -8.99294 -31.2027 -2.78535
ENERGY:  380000      1592.0588      9326.6983      5755.3851        68.1922         -60591.3818     -1257.3070         0.0000         0.0000     19080.1901         -26026.1643       307.9505    -45106.3544    -25870.4014       305.8757            526.5919       540.0127    266446.5214        -5.0423        -5.0444

WRITING COORDINATES TO DCD FILE NPT.dcd AT STEP 380000
LDB: ============= START OF LOAD BALANCING ============== 62923.2
LDB: ============== END OF LOAD BALANCING =============== 62923.2
LDB: =============== DONE WITH MIGRATION ================ 62923.2
LDB: ============= START OF LOAD BALANCING ============== 62931.5
LDB: ============== END OF LOAD BALANCING =============== 62931.5
LDB: =============== DONE WITH MIGRATION ================ 62931.5
LDB: ============= START OF LOAD BALANCING ============== 63253.6
LDB: ============== END OF LOAD BALANCING =============== 63253.6
LDB: =============== DONE WITH MIGRATION ================ 63253.6
LDB: ============= START OF LOAD BALANCING ============== 63261.8
LDB: ============== END OF LOAD BALANCING =============== 63261.8
LDB: =============== DONE WITH MIGRATION ================ 63261.8
LDB: ============= START OF LOAD BALANCING ============== 63583.9
LDB: ============== END OF LOAD BALANCING =============== 63583.9
LDB: =============== DONE WITH MIGRATION ================ 63583.9
LDB: ============= START OF LOAD BALANCING ============== 63592.1
LDB: ============== END OF LOAD BALANCING =============== 63592.1
LDB: =============== DONE WITH MIGRATION ================ 63592.1
LDB: ============= START OF LOAD BALANCING ============== 63913.6
LDB: ============== END OF LOAD BALANCING =============== 63913.6
LDB: =============== DONE WITH MIGRATION ================ 63913.6
LDB: ============= START OF LOAD BALANCING ============== 63921.9
LDB: ============== END OF LOAD BALANCING =============== 63921.9
LDB: =============== DONE WITH MIGRATION ================ 63921.9
LDB: ============= START OF LOAD BALANCING ============== 64244
LDB: ============== END OF LOAD BALANCING =============== 64244
LDB: =============== DONE WITH MIGRATION ================ 64244
LDB: ============= START OF LOAD BALANCING ============== 64252.3
LDB: ============== END OF LOAD BALANCING =============== 64252.3
LDB: =============== DONE WITH MIGRATION ================ 64252.3
PRESSURE: 390000 -381.764 370.051 103.054 370.051 -180.989 215.686 103.054 215.686 -396.649
GPRESSURE: 390000 -372.225 346.026 144.21 362.019 -141.507 324.952 199.79 48.3241 -394.122
PRESSAVG: 390000 18.0756 11.4365 -14.9962 11.4365 -16.8435 -8.84876 -14.9962 -8.84876 3.12941
GPRESSAVG: 390000 18.0404 11.41 -15.0121 11.4382 -16.913 -8.91413 -14.8345 -8.82763 3.07999
ENERGY:  390000      1609.9919      9326.6375      5792.1092        68.1822         -60638.2010     -1114.3862         0.0000         0.0000     18929.2754         -26026.3911       305.5148    -44955.6665    -25877.6234       306.6118           -319.8005      -302.6183    267562.3216         1.4538         1.4024

WRITING COORDINATES TO DCD FILE NPT.dcd AT STEP 390000
LDB: ============= START OF LOAD BALANCING ============== 64574.3
LDB: ============== END OF LOAD BALANCING =============== 64574.3
LDB: =============== DONE WITH MIGRATION ================ 64574.3
LDB: ============= START OF LOAD BALANCING ============== 64582.6
LDB: ============== END OF LOAD BALANCING =============== 64582.6
LDB: =============== DONE WITH MIGRATION ================ 64582.6
LDB: ============= START OF LOAD BALANCING ============== 64904.4
LDB: ============== END OF LOAD BALANCING =============== 64904.4
LDB: =============== DONE WITH MIGRATION ================ 64904.4
LDB: ============= START OF LOAD BALANCING ============== 64912.7
LDB: ============== END OF LOAD BALANCING =============== 64912.7
LDB: =============== DONE WITH MIGRATION ================ 64912.7
LDB: ============= START OF LOAD BALANCING ============== 65234.7
LDB: ============== END OF LOAD BALANCING =============== 65234.7
LDB: =============== DONE WITH MIGRATION ================ 65234.7
LDB: ============= START OF LOAD BALANCING ============== 65243
LDB: ============== END OF LOAD BALANCING =============== 65243
LDB: =============== DONE WITH MIGRATION ================ 65243
LDB: ============= START OF LOAD BALANCING ============== 65565
LDB: ============== END OF LOAD BALANCING =============== 65565
LDB: =============== DONE WITH MIGRATION ================ 65565
LDB: ============= START OF LOAD BALANCING ============== 65573.2
LDB: ============== END OF LOAD BALANCING =============== 65573.2
LDB: =============== DONE WITH MIGRATION ================ 65573.2
LDB: ============= START OF LOAD BALANCING ============== 65894.7
LDB: ============== END OF LOAD BALANCING =============== 65894.7
LDB: =============== DONE WITH MIGRATION ================ 65894.7
LDB: ============= START OF LOAD BALANCING ============== 65903
LDB: ============== END OF LOAD BALANCING =============== 65903
LDB: =============== DONE WITH MIGRATION ================ 65903
PRESSURE: 400000 494.051 -309.526 -72.7491 -309.526 1.1985 -146.577 -72.7491 -146.577 -566.246
GPRESSURE: 400000 289.934 -306.253 -9.24973 -345.913 162.539 -172.002 6.16768 -122.591 -492.578
PRESSAVG: 400000 -5.86022 7.88853 5.9279 7.88853 -13.1529 -20.1067 5.9279 -20.1067 7.5648
GPRESSAVG: 400000 -5.86222 7.87163 5.98297 7.96179 -13.0957 -20.1384 5.86324 -20.158 7.60886
TIMING: 400000  CPU: 66173.5, 0.165182/step  Wall: 66175.5, 0.165187/step, 27.5311 hours remaining, 856.924809 MB of memory in use.
PERFORMANCE: 400000  averaging 1.0445 ns/day, 0.165438 sec/step with standard deviation 0.000174299
ETITLE:      TS           BOND          ANGLE          DIHED          IMPRP               ELECT            VDW       BOUNDARY           MISC        KINETIC               TOTAL           TEMP      POTENTIAL         TOTAL3        TEMPAVG            PRESSURE      GPRESSURE         VOLUME       PRESSAVG      GPRESSAVG

ENERGY:  400000      1542.5229      9359.3611      5772.8313        76.6937         -60328.5669     -1312.7153         0.0000         0.0000     19124.1324         -25765.7407       308.6597    -44889.8731    -25613.2778       307.5329            -23.6657       -13.3685    268891.0151        -3.8161        -3.7830

WRITING EXTENDED SYSTEM TO RESTART FILE AT STEP 400000
WRITING COORDINATES TO DCD FILE NPT.dcd AT STEP 400000
WRITING COORDINATES TO RESTART FILE AT STEP 400000
FINISHED WRITING RESTART COORDINATES
WRITING VELOCITIES TO RESTART FILE AT STEP 400000
FINISHED WRITING RESTART VELOCITIES
LDB: ============= START OF LOAD BALANCING ============== 66224.9
LDB: ============== END OF LOAD BALANCING =============== 66224.9
LDB: =============== DONE WITH MIGRATION ================ 66224.9
LDB: ============= START OF LOAD BALANCING ============== 66233.1
LDB: ============== END OF LOAD BALANCING =============== 66233.1
LDB: =============== DONE WITH MIGRATION ================ 66233.1
LDB: ============= START OF LOAD BALANCING ============== 66555.1
LDB: ============== END OF LOAD BALANCING =============== 66555.1
LDB: =============== DONE WITH MIGRATION ================ 66555.1
LDB: ============= START OF LOAD BALANCING ============== 66563.4
LDB: ============== END OF LOAD BALANCING =============== 66563.4
LDB: =============== DONE WITH MIGRATION ================ 66563.4
LDB: ============= START OF LOAD BALANCING ============== 66885.6
LDB: ============== END OF LOAD BALANCING =============== 66885.6
LDB: =============== DONE WITH MIGRATION ================ 66885.6
LDB: ============= START OF LOAD BALANCING ============== 66893.9
LDB: ============== END OF LOAD BALANCING =============== 66893.9
LDB: =============== DONE WITH MIGRATION ================ 66893.9
LDB: ============= START OF LOAD BALANCING ============== 67215.5
LDB: ============== END OF LOAD BALANCING =============== 67215.5
LDB: =============== DONE WITH MIGRATION ================ 67215.5
LDB: ============= START OF LOAD BALANCING ============== 67223.8
LDB: ============== END OF LOAD BALANCING =============== 67223.8
LDB: =============== DONE WITH MIGRATION ================ 67223.8
LDB: ============= START OF LOAD BALANCING ============== 67546
LDB: ============== END OF LOAD BALANCING =============== 67546
LDB: =============== DONE WITH MIGRATION ================ 67546
LDB: ============= START OF LOAD BALANCING ============== 67554.3
LDB: ============== END OF LOAD BALANCING =============== 67554.3
LDB: =============== DONE WITH MIGRATION ================ 67554.3
PRESSURE: 410000 -392.171 -192.212 125.6 -192.212 178.297 -656.675 125.6 -656.675 -337.726
GPRESSURE: 410000 -305.541 -348.679 194.832 -161.073 202.394 -503.297 96.6959 -611.151 -354.647
PRESSAVG: 410000 -30.9808 5.89848 -9.22546 5.89848 -24.7564 -23.9189 -9.22546 -23.9189 1.9297
GPRESSAVG: 410000 -30.9646 5.92534 -9.27717 5.828 -24.737 -23.8769 -9.25589 -24.0646 1.90267
ENERGY:  410000      1579.4501      9192.1932      5747.7084        74.9871         -60399.6853     -1342.9515         0.0000         0.0000     19160.3401         -25987.9578       309.2441    -45148.2979    -25832.7813       306.1873           -183.8668      -152.5982    268662.7298       -17.9358       -17.9330

WRITING COORDINATES TO DCD FILE NPT.dcd AT STEP 410000
LDB: ============= START OF LOAD BALANCING ============== 67876.9
LDB: ============== END OF LOAD BALANCING =============== 67876.9
LDB: =============== DONE WITH MIGRATION ================ 67876.9
LDB: ============= START OF LOAD BALANCING ============== 67885.2
LDB: ============== END OF LOAD BALANCING =============== 67885.2
LDB: =============== DONE WITH MIGRATION ================ 67885.2
LDB: ============= START OF LOAD BALANCING ============== 68207.4
LDB: ============== END OF LOAD BALANCING =============== 68207.4
LDB: =============== DONE WITH MIGRATION ================ 68207.4
LDB: ============= START OF LOAD BALANCING ============== 68215.7
LDB: ============== END OF LOAD BALANCING =============== 68215.7
LDB: =============== DONE WITH MIGRATION ================ 68215.7
LDB: ============= START OF LOAD BALANCING ============== 68537.2
LDB: ============== END OF LOAD BALANCING =============== 68537.2
LDB: =============== DONE WITH MIGRATION ================ 68537.2
LDB: ============= START OF LOAD BALANCING ============== 68545.4
LDB: ============== END OF LOAD BALANCING =============== 68545.4
LDB: =============== DONE WITH MIGRATION ================ 68545.4
LDB: ============= START OF LOAD BALANCING ============== 68867.1
LDB: ============== END OF LOAD BALANCING =============== 68867.1
LDB: =============== DONE WITH MIGRATION ================ 68867.1
LDB: ============= START OF LOAD BALANCING ============== 68875.4
LDB: ============== END OF LOAD BALANCING =============== 68875.4
LDB: =============== DONE WITH MIGRATION ================ 68875.4
LDB: ============= START OF LOAD BALANCING ============== 69196.7
LDB: ============== END OF LOAD BALANCING =============== 69196.7
LDB: =============== DONE WITH MIGRATION ================ 69196.7
LDB: ============= START OF LOAD BALANCING ============== 69205
LDB: ============== END OF LOAD BALANCING =============== 69205
LDB: =============== DONE WITH MIGRATION ================ 69205
PRESSURE: 420000 -337.344 240.311 489.62 240.311 -417.384 -152.341 489.62 -152.341 132.685
GPRESSURE: 420000 -185.843 186.347 331.939 206.16 -574.082 -289.954 320.48 -213.975 170.131
PRESSAVG: 420000 -33.3739 13.3023 3.8459 13.3023 -35.2114 -19.7716 3.8459 -19.7716 -2.05686
GPRESSAVG: 420000 -33.3665 13.218 3.88965 13.3479 -35.239 -19.747 3.72294 -19.7902 -2.10438
ENERGY:  420000      1584.9328      9323.9733      5793.9021        68.2388         -60229.5341     -1289.5146         0.0000         0.0000     18942.0661         -25805.9356       305.7212    -44748.0016    -25655.6861       306.7588           -207.3476      -196.5980    267944.2550       -23.5474       -23.5700

WRITING COORDINATES TO DCD FILE NPT.dcd AT STEP 420000
LDB: ============= START OF LOAD BALANCING ============== 69527.5
LDB: ============== END OF LOAD BALANCING =============== 69527.5
LDB: =============== DONE WITH MIGRATION ================ 69527.5
LDB: ============= START OF LOAD BALANCING ============== 69535.8
LDB: ============== END OF LOAD BALANCING =============== 69535.8
LDB: =============== DONE WITH MIGRATION ================ 69535.8
LDB: ============= START OF LOAD BALANCING ============== 69859.1
LDB: ============== END OF LOAD BALANCING =============== 69859.1
LDB: =============== DONE WITH MIGRATION ================ 69859.1
LDB: ============= START OF LOAD BALANCING ============== 69867.4
LDB: ============== END OF LOAD BALANCING =============== 69867.4
LDB: =============== DONE WITH MIGRATION ================ 69867.4
LDB: ============= START OF LOAD BALANCING ============== 70189.1
LDB: ============== END OF LOAD BALANCING =============== 70189.1
LDB: =============== DONE WITH MIGRATION ================ 70189.1
LDB: ============= START OF LOAD BALANCING ============== 70197.3
LDB: ============== END OF LOAD BALANCING =============== 70197.3
LDB: =============== DONE WITH MIGRATION ================ 70197.3
LDB: ============= START OF LOAD BALANCING ============== 70519.2
LDB: ============== END OF LOAD BALANCING =============== 70519.2
LDB: =============== DONE WITH MIGRATION ================ 70519.2
LDB: ============= START OF LOAD BALANCING ============== 70527.5
LDB: ============== END OF LOAD BALANCING =============== 70527.5
LDB: =============== DONE WITH MIGRATION ================ 70527.5
LDB: ============= START OF LOAD BALANCING ============== 70850.3
LDB: ============== END OF LOAD BALANCING =============== 70850.3
LDB: =============== DONE WITH MIGRATION ================ 70850.3
LDB: ============= START OF LOAD BALANCING ============== 70858.6
LDB: ============== END OF LOAD BALANCING =============== 70858.6
LDB: =============== DONE WITH MIGRATION ================ 70858.6
PRESSURE: 430000 448.37 -265.169 -208.492 -265.169 61.4841 72.4651 -208.492 72.4651 431.076
GPRESSURE: 430000 471.991 -261.878 -48.5242 -1.07756 44.6663 26.9287 -107.715 -48.8075 516.017
PRESSAVG: 430000 -58.3608 11.5991 -3.83829 11.5991 -47.338 -3.67094 -3.83829 -3.67094 -2.59328
GPRESSAVG: 430000 -58.3387 11.5612 -3.8868 11.5484 -47.4569 -3.65418 -3.7088 -3.676 -2.55597
ENERGY:  430000      1606.6856      9379.4247      5728.9757        74.0241         -60079.1653     -1390.0894         0.0000         0.0000     18947.6469         -25732.4977       305.8113    -44680.1445    -25580.4270       306.4509            313.6434       344.2249    267907.9037       -36.0974       -36.1172

WRITING COORDINATES TO DCD FILE NPT.dcd AT STEP 430000
LDB: ============= START OF LOAD BALANCING ============== 71180.6
LDB: ============== END OF LOAD BALANCING =============== 71180.6
LDB: =============== DONE WITH MIGRATION ================ 71180.6
LDB: ============= START OF LOAD BALANCING ============== 71188.8
LDB: ============== END OF LOAD BALANCING =============== 71188.8
LDB: =============== DONE WITH MIGRATION ================ 71188.8
LDB: ============= START OF LOAD BALANCING ============== 71511.3
LDB: ============== END OF LOAD BALANCING =============== 71511.3
LDB: =============== DONE WITH MIGRATION ================ 71511.3
LDB: ============= START OF LOAD BALANCING ============== 71519.6
LDB: ============== END OF LOAD BALANCING =============== 71519.6
LDB: =============== DONE WITH MIGRATION ================ 71519.6
LDB: ============= START OF LOAD BALANCING ============== 71841.7
LDB: ============== END OF LOAD BALANCING =============== 71841.7
LDB: =============== DONE WITH MIGRATION ================ 71841.7
LDB: ============= START OF LOAD BALANCING ============== 71850
LDB: ============== END OF LOAD BALANCING =============== 71850
LDB: =============== DONE WITH MIGRATION ================ 71850
LDB: ============= START OF LOAD BALANCING ============== 72171.8
LDB: ============== END OF LOAD BALANCING =============== 72171.8
LDB: =============== DONE WITH MIGRATION ================ 72171.8
LDB: ============= START OF LOAD BALANCING ============== 72180.1
LDB: ============== END OF LOAD BALANCING =============== 72180.1
LDB: =============== DONE WITH MIGRATION ================ 72180.1
LDB: ============= START OF LOAD BALANCING ============== 72502.2
LDB: ============== END OF LOAD BALANCING =============== 72502.2
LDB: =============== DONE WITH MIGRATION ================ 72502.2
LDB: ============= START OF LOAD BALANCING ============== 72510.4
LDB: ============== END OF LOAD BALANCING =============== 72510.4
LDB: =============== DONE WITH MIGRATION ================ 72510.4
PRESSURE: 440000 473.198 -114.196 -84.2859 -114.196 -249.185 88.3138 -84.2859 88.3138 -249.535
GPRESSURE: 440000 393.444 -284.146 -253.198 -165.265 -107.153 13.9063 -42.5416 327.611 -215.016
PRESSAVG: 440000 -62.0636 0.959427 -0.185757 0.959427 -42.3691 3.97818 -0.185757 3.97818 1.61594
GPRESSAVG: 440000 -62.0628 1.06415 -0.215188 0.882065 -42.2391 3.87412 -0.251068 3.8694 1.61922
ENERGY:  440000      1604.0615      9283.4333      5791.1991        80.8900         -60123.0045     -1438.4591         0.0000         0.0000     19058.7178         -25743.1619       307.6039    -44801.8797    -25586.9250       306.1999             -8.5071        23.7585    267602.4843       -34.2723       -34.2276

WRITING COORDINATES TO DCD FILE NPT.dcd AT STEP 440000
LDB: ============= START OF LOAD BALANCING ============== 72833
LDB: ============== END OF LOAD BALANCING =============== 72833
LDB: =============== DONE WITH MIGRATION ================ 72833
LDB: ============= START OF LOAD BALANCING ============== 72841.3
LDB: ============== END OF LOAD BALANCING =============== 72841.3
LDB: =============== DONE WITH MIGRATION ================ 72841.3
LDB: ============= START OF LOAD BALANCING ============== 73163.9
LDB: ============== END OF LOAD BALANCING =============== 73163.9
LDB: =============== DONE WITH MIGRATION ================ 73163.9
LDB: ============= START OF LOAD BALANCING ============== 73172.2
LDB: ============== END OF LOAD BALANCING =============== 73172.2
LDB: =============== DONE WITH MIGRATION ================ 73172.2
LDB: ============= START OF LOAD BALANCING ============== 73495.2
LDB: ============== END OF LOAD BALANCING =============== 73495.2
LDB: =============== DONE WITH MIGRATION ================ 73495.2
LDB: ============= START OF LOAD BALANCING ============== 73503.5
LDB: ============== END OF LOAD BALANCING =============== 73503.5
LDB: =============== DONE WITH MIGRATION ================ 73503.5
LDB: ============= START OF LOAD BALANCING ============== 73825.9
LDB: ============== END OF LOAD BALANCING =============== 73825.9
LDB: =============== DONE WITH MIGRATION ================ 73825.9
LDB: ============= START OF LOAD BALANCING ============== 73834.2
LDB: ============== END OF LOAD BALANCING =============== 73834.2
LDB: =============== DONE WITH MIGRATION ================ 73834.2
LDB: ============= START OF LOAD BALANCING ============== 74157.4
LDB: ============== END OF LOAD BALANCING =============== 74157.4
LDB: =============== DONE WITH MIGRATION ================ 74157.4
LDB: ============= START OF LOAD BALANCING ============== 74165.7
LDB: ============== END OF LOAD BALANCING =============== 74165.7
LDB: =============== DONE WITH MIGRATION ================ 74165.7
PRESSURE: 450000 -72.2356 71.7003 -197.315 71.7003 184.347 171.569 -197.315 171.569 -595.041
GPRESSURE: 450000 -98.8123 56.1956 -270.25 67.4619 382.25 129.5 65.3821 46.0203 -662.514
PRESSAVG: 450000 32.6847 -19.5561 -1.16066 -19.5561 4.75015 -3.40439 -1.16066 -3.40439 4.52534
GPRESSAVG: 450000 32.6279 -19.5803 -1.1247 -19.5099 4.75867 -3.35533 -1.2522 -3.42685 4.57597
ENERGY:  450000      1611.3891      9389.7318      5754.9353        79.0122         -60357.9478     -1358.9009         0.0000         0.0000     18826.5621         -26055.2180       303.8570    -44881.7802    -25905.6778       306.5001           -160.9766      -126.3588    267462.4000        13.9867        13.9875

WRITING EXTENDED SYSTEM TO RESTART FILE AT STEP 450000
WRITING COORDINATES TO DCD FILE NPT.dcd AT STEP 450000
WRITING COORDINATES TO RESTART FILE AT STEP 450000
FINISHED WRITING RESTART COORDINATES
WRITING VELOCITIES TO RESTART FILE AT STEP 450000
FINISHED WRITING RESTART VELOCITIES
LDB: ============= START OF LOAD BALANCING ============== 74488.9
LDB: ============== END OF LOAD BALANCING =============== 74488.9
LDB: =============== DONE WITH MIGRATION ================ 74488.9
LDB: ============= START OF LOAD BALANCING ============== 74497.2
LDB: ============== END OF LOAD BALANCING =============== 74497.2
LDB: =============== DONE WITH MIGRATION ================ 74497.2
LDB: ============= START OF LOAD BALANCING ============== 74819.8
LDB: ============== END OF LOAD BALANCING =============== 74819.8
LDB: =============== DONE WITH MIGRATION ================ 74819.8
LDB: ============= START OF LOAD BALANCING ============== 74828.1
LDB: ============== END OF LOAD BALANCING =============== 74828.1
LDB: =============== DONE WITH MIGRATION ================ 74828.1
LDB: ============= START OF LOAD BALANCING ============== 75150.7
LDB: ============== END OF LOAD BALANCING =============== 75150.7
LDB: =============== DONE WITH MIGRATION ================ 75150.7
LDB: ============= START OF LOAD BALANCING ============== 75159
LDB: ============== END OF LOAD BALANCING =============== 75159
LDB: =============== DONE WITH MIGRATION ================ 75159
LDB: ============= START OF LOAD BALANCING ============== 75481.1
LDB: ============== END OF LOAD BALANCING =============== 75481.1
LDB: =============== DONE WITH MIGRATION ================ 75481.1
LDB: ============= START OF LOAD BALANCING ============== 75489.4
LDB: ============== END OF LOAD BALANCING =============== 75489.4
LDB: =============== DONE WITH MIGRATION ================ 75489.4
LDB: ============= START OF LOAD BALANCING ============== 75811.2
LDB: ============== END OF LOAD BALANCING =============== 75811.2
LDB: =============== DONE WITH MIGRATION ================ 75811.2
LDB: ============= START OF LOAD BALANCING ============== 75819.4
LDB: ============== END OF LOAD BALANCING =============== 75819.4
LDB: =============== DONE WITH MIGRATION ================ 75819.4
PRESSURE: 460000 -320.107 -92.2536 223.795 -92.2536 169.192 19.3599 223.795 19.3599 242.387
GPRESSURE: 460000 -251.369 -4.83404 193.698 136.807 176.225 53.149 -159.353 300.86 207.494
PRESSAVG: 460000 -2.61575 -10.8622 18.3217 -10.8622 -12.6345 -9.90262 18.3217 -9.90262 -2.92061
GPRESSAVG: 460000 -2.5756 -10.906 18.3155 -10.8649 -12.6074 -9.9974 18.3374 -9.91507 -2.92947
ENERGY:  460000      1590.6508      9289.5246      5753.3327        68.4894         -60300.1007     -1345.0522         0.0000         0.0000     18983.6527         -25959.5026       306.3924    -44943.1553    -25803.4193       306.3572             30.4904        44.1164    267222.4765        -6.0569        -6.0375

WRITING COORDINATES TO DCD FILE NPT.dcd AT STEP 460000
LDB: ============= START OF LOAD BALANCING ============== 76141.5
LDB: ============== END OF LOAD BALANCING =============== 76141.5
LDB: =============== DONE WITH MIGRATION ================ 76141.5
LDB: ============= START OF LOAD BALANCING ============== 76149.8
LDB: ============== END OF LOAD BALANCING =============== 76149.8
LDB: =============== DONE WITH MIGRATION ================ 76149.8
LDB: ============= START OF LOAD BALANCING ============== 76472.3
LDB: ============== END OF LOAD BALANCING =============== 76472.3
LDB: =============== DONE WITH MIGRATION ================ 76472.3
LDB: ============= START OF LOAD BALANCING ============== 76480.5
LDB: ============== END OF LOAD BALANCING =============== 76480.5
LDB: =============== DONE WITH MIGRATION ================ 76480.5
LDB: ============= START OF LOAD BALANCING ============== 76803.3
LDB: ============== END OF LOAD BALANCING =============== 76803.3
LDB: =============== DONE WITH MIGRATION ================ 76803.3
LDB: ============= START OF LOAD BALANCING ============== 76811.6
LDB: ============== END OF LOAD BALANCING =============== 76811.6
LDB: =============== DONE WITH MIGRATION ================ 76811.6
LDB: ============= START OF LOAD BALANCING ============== 77134
LDB: ============== END OF LOAD BALANCING =============== 77134
LDB: =============== DONE WITH MIGRATION ================ 77134
LDB: ============= START OF LOAD BALANCING ============== 77142.3
LDB: ============== END OF LOAD BALANCING =============== 77142.3
LDB: =============== DONE WITH MIGRATION ================ 77142.3
LDB: ============= START OF LOAD BALANCING ============== 77465.2
LDB: ============== END OF LOAD BALANCING =============== 77465.2
LDB: =============== DONE WITH MIGRATION ================ 77465.2
LDB: ============= START OF LOAD BALANCING ============== 77473.5
LDB: ============== END OF LOAD BALANCING =============== 77473.5
LDB: =============== DONE WITH MIGRATION ================ 77473.5
PRESSURE: 470000 449.634 78.0124 158.123 78.0124 -256.196 -60.8446 158.123 -60.8446 -7.38884
GPRESSURE: 470000 414.35 21.42 65.1502 151.802 -273.959 -33.9723 111.677 -58.5124 96.4586
PRESSAVG: 470000 -1.3784 9.1239 28.8307 9.1239 18.0738 -12.3036 28.8307 -12.3036 11.1131
GPRESSAVG: 470000 -1.49705 9.14041 28.8698 9.07594 18.096 -12.2882 28.8154 -12.3045 11.0718
ENERGY:  470000      1574.5533      9356.2704      5749.7237        74.2093         -60299.4952     -1241.3060         0.0000         0.0000     18939.6879         -25846.3567       305.6828    -44786.0446    -25699.8471       307.0365             62.0163        78.9500    268226.2971         9.2695         9.2236

WRITING COORDINATES TO DCD FILE NPT.dcd AT STEP 470000
LDB: ============= START OF LOAD BALANCING ============== 77795.6
LDB: ============== END OF LOAD BALANCING =============== 77795.6
LDB: =============== DONE WITH MIGRATION ================ 77795.6
LDB: ============= START OF LOAD BALANCING ============== 77803.8
LDB: ============== END OF LOAD BALANCING =============== 77803.8
LDB: =============== DONE WITH MIGRATION ================ 77803.8
LDB: ============= START OF LOAD BALANCING ============== 78126.3
LDB: ============== END OF LOAD BALANCING =============== 78126.3
LDB: =============== DONE WITH MIGRATION ================ 78126.3
LDB: ============= START OF LOAD BALANCING ============== 78134.6
LDB: ============== END OF LOAD BALANCING =============== 78134.6
LDB: =============== DONE WITH MIGRATION ================ 78134.6
LDB: ============= START OF LOAD BALANCING ============== 78457.9
LDB: ============== END OF LOAD BALANCING =============== 78457.9
LDB: =============== DONE WITH MIGRATION ================ 78457.9
LDB: ============= START OF LOAD BALANCING ============== 78466.2
LDB: ============== END OF LOAD BALANCING =============== 78466.2
LDB: =============== DONE WITH MIGRATION ================ 78466.2
LDB: ============= START OF LOAD BALANCING ============== 78788.7
LDB: ============== END OF LOAD BALANCING =============== 78788.7
LDB: =============== DONE WITH MIGRATION ================ 78788.7
LDB: ============= START OF LOAD BALANCING ============== 78797
LDB: ============== END OF LOAD BALANCING =============== 78797
LDB: =============== DONE WITH MIGRATION ================ 78797
LDB: ============= START OF LOAD BALANCING ============== 79119.3
LDB: ============== END OF LOAD BALANCING =============== 79119.3
LDB: =============== DONE WITH MIGRATION ================ 79119.3
LDB: ============= START OF LOAD BALANCING ============== 79127.6
LDB: ============== END OF LOAD BALANCING =============== 79127.6
LDB: =============== DONE WITH MIGRATION ================ 79127.6
PRESSURE: 480000 378.941 -40.9903 -379.974 -40.9903 94.522 25.2947 -379.974 25.2947 904.164
GPRESSURE: 480000 234.085 -87.4171 -348.556 125.755 345.689 49.8445 -139.265 17.2012 863.164
PRESSAVG: 480000 38.3257 -14.3247 1.0711 -14.3247 18.7901 16.5342 1.0711 16.5342 1.07693
GPRESSAVG: 480000 38.3518 -14.3552 1.05725 -14.2872 18.7493 16.5349 1.08903 16.5627 1.07356
ENERGY:  480000      1575.8557      9324.1587      5811.2516        76.5691         -60592.5271     -1222.9549         0.0000         0.0000     19122.7177         -25904.9292       308.6369    -45027.6469    -25745.0259       306.4397            459.2090       480.9792    268088.3086        19.3976        19.3916

WRITING COORDINATES TO DCD FILE NPT.dcd AT STEP 480000
LDB: ============= START OF LOAD BALANCING ============== 79450.1
LDB: ============== END OF LOAD BALANCING =============== 79450.1
LDB: =============== DONE WITH MIGRATION ================ 79450.1
LDB: ============= START OF LOAD BALANCING ============== 79458.4
LDB: ============== END OF LOAD BALANCING =============== 79458.4
LDB: =============== DONE WITH MIGRATION ================ 79458.4
LDB: ============= START OF LOAD BALANCING ============== 79781.2
LDB: ============== END OF LOAD BALANCING =============== 79781.2
LDB: =============== DONE WITH MIGRATION ================ 79781.2
LDB: ============= START OF LOAD BALANCING ============== 79789.5
LDB: ============== END OF LOAD BALANCING =============== 79789.5
LDB: =============== DONE WITH MIGRATION ================ 79789.5
LDB: ============= START OF LOAD BALANCING ============== 80112.3
LDB: ============== END OF LOAD BALANCING =============== 80112.3
LDB: =============== DONE WITH MIGRATION ================ 80112.3
LDB: ============= START OF LOAD BALANCING ============== 80120.6
LDB: ============== END OF LOAD BALANCING =============== 80120.6
LDB: =============== DONE WITH MIGRATION ================ 80120.6
LDB: ============= START OF LOAD BALANCING ============== 80443.5
LDB: ============== END OF LOAD BALANCING =============== 80443.5
LDB: =============== DONE WITH MIGRATION ================ 80443.5
LDB: ============= START OF LOAD BALANCING ============== 80451.8
LDB: ============== END OF LOAD BALANCING =============== 80451.8
LDB: =============== DONE WITH MIGRATION ================ 80451.8
LDB: ============= START OF LOAD BALANCING ============== 80774.8
LDB: ============== END OF LOAD BALANCING =============== 80774.8
LDB: =============== DONE WITH MIGRATION ================ 80774.8
LDB: ============= START OF LOAD BALANCING ============== 80783.1
LDB: ============== END OF LOAD BALANCING =============== 80783.1
LDB: =============== DONE WITH MIGRATION ================ 80783.1
PRESSURE: 490000 -416.668 -204.294 -164.535 -204.294 191.336 281.396 -164.535 281.396 -181.346
GPRESSURE: 490000 -348.954 -150.411 -49.0863 -358.961 204.249 282.066 -124.107 275.198 -191.526
PRESSAVG: 490000 15.5626 -37.6615 11.4306 -37.6615 34.4972 -7.52905 11.4306 -7.52905 1.80896
GPRESSAVG: 490000 15.5997 -37.7311 11.4618 -37.6614 34.3566 -7.57 11.4195 -7.55891 1.85107
ENERGY:  490000      1662.7874      9228.5587      5766.5738        83.8420         -60446.7649     -1192.0321         0.0000         0.0000     18885.7246         -26011.3106       304.8119    -44897.0351    -25861.8957       307.6135           -135.5595      -112.0771    267682.0948        17.2896        17.2691

WRITING COORDINATES TO DCD FILE NPT.dcd AT STEP 490000
LDB: ============= START OF LOAD BALANCING ============== 81106
LDB: ============== END OF LOAD BALANCING =============== 81106
LDB: =============== DONE WITH MIGRATION ================ 81106
LDB: ============= START OF LOAD BALANCING ============== 81114.3
LDB: ============== END OF LOAD BALANCING =============== 81114.3
LDB: =============== DONE WITH MIGRATION ================ 81114.3
LDB: ============= START OF LOAD BALANCING ============== 81436.7
LDB: ============== END OF LOAD BALANCING =============== 81436.7
LDB: =============== DONE WITH MIGRATION ================ 81436.7
LDB: ============= START OF LOAD BALANCING ============== 81445
LDB: ============== END OF LOAD BALANCING =============== 81445
LDB: =============== DONE WITH MIGRATION ================ 81445
LDB: ============= START OF LOAD BALANCING ============== 81767.9
LDB: ============== END OF LOAD BALANCING =============== 81767.9
LDB: =============== DONE WITH MIGRATION ================ 81767.9
LDB: ============= START OF LOAD BALANCING ============== 81776.2
LDB: ============== END OF LOAD BALANCING =============== 81776.2
LDB: =============== DONE WITH MIGRATION ================ 81776.2
LDB: ============= START OF LOAD BALANCING ============== 82099.1
LDB: ============== END OF LOAD BALANCING =============== 82099.1
LDB: =============== DONE WITH MIGRATION ================ 82099.1
LDB: ============= START OF LOAD BALANCING ============== 82107.4
LDB: ============== END OF LOAD BALANCING =============== 82107.4
LDB: =============== DONE WITH MIGRATION ================ 82107.4
LDB: ============= START OF LOAD BALANCING ============== 82429.9
LDB: ============== END OF LOAD BALANCING =============== 82429.9
LDB: =============== DONE WITH MIGRATION ================ 82429.9
LDB: ============= START OF LOAD BALANCING ============== 82438.2
LDB: ============== END OF LOAD BALANCING =============== 82438.2
LDB: =============== DONE WITH MIGRATION ================ 82438.2
PRESSURE: 500000 408.288 -132.984 -120.296 -132.984 -213.634 68.009 -120.296 68.009 653.319
GPRESSURE: 500000 279.359 -146.906 33.4872 -311.182 -163.852 -80.5437 -265.397 178.667 764.506
PRESSAVG: 500000 57.9959 16.5985 5.17138 16.5985 -4.86597 1.79904 5.17138 1.79904 4.75553
GPRESSAVG: 500000 57.9389 16.7111 5.15601 16.5967 -4.83093 1.79498 5.14694 1.87454 4.70793
TIMING: 500000  CPU: 82709.1, 0.165355/step  Wall: 82711.5, 0.165361/step, 22.9667 hours remaining, 856.924809 MB of memory in use.
PERFORMANCE: 500000  averaging 1.0446 ns/day, 0.165422 sec/step with standard deviation 0.000154844
ETITLE:      TS           BOND          ANGLE          DIHED          IMPRP               ELECT            VDW       BOUNDARY           MISC        KINETIC               TOTAL           TEMP      POTENTIAL         TOTAL3        TEMPAVG            PRESSURE      GPRESSURE         VOLUME       PRESSAVG      GPRESSAVG

ENERGY:  500000      1556.6483      9348.6848      5741.8739        72.3819         -60442.6430     -1379.3066         0.0000         0.0000     19037.0096         -26065.3512       307.2536    -45102.3608    -25910.1567       305.7703            282.6575       293.3376    267096.3890        19.2951        19.2720

WRITING EXTENDED SYSTEM TO RESTART FILE AT STEP 500000
WRITING COORDINATES TO DCD FILE NPT.dcd AT STEP 500000
WRITING COORDINATES TO RESTART FILE AT STEP 500000
FINISHED WRITING RESTART COORDINATES
WRITING VELOCITIES TO RESTART FILE AT STEP 500000
FINISHED WRITING RESTART VELOCITIES
LDB: ============= START OF LOAD BALANCING ============== 82761.2
LDB: ============== END OF LOAD BALANCING =============== 82761.2
LDB: =============== DONE WITH MIGRATION ================ 82761.2
LDB: ============= START OF LOAD BALANCING ============== 82769.5
LDB: ============== END OF LOAD BALANCING =============== 82769.5
LDB: =============== DONE WITH MIGRATION ================ 82769.5
LDB: ============= START OF LOAD BALANCING ============== 83091.8
LDB: ============== END OF LOAD BALANCING =============== 83091.8
LDB: =============== DONE WITH MIGRATION ================ 83091.8
LDB: ============= START OF LOAD BALANCING ============== 83100.1
LDB: ============== END OF LOAD BALANCING =============== 83100.1
LDB: =============== DONE WITH MIGRATION ================ 83100.1
LDB: ============= START OF LOAD BALANCING ============== 83422.9
LDB: ============== END OF LOAD BALANCING =============== 83422.9
LDB: =============== DONE WITH MIGRATION ================ 83422.9
LDB: ============= START OF LOAD BALANCING ============== 83431.2
LDB: ============== END OF LOAD BALANCING =============== 83431.2
LDB: =============== DONE WITH MIGRATION ================ 83431.2
LDB: ============= START OF LOAD BALANCING ============== 83753.7
LDB: ============== END OF LOAD BALANCING =============== 83753.7
LDB: =============== DONE WITH MIGRATION ================ 83753.7
LDB: ============= START OF LOAD BALANCING ============== 83762
LDB: ============== END OF LOAD BALANCING =============== 83762
LDB: =============== DONE WITH MIGRATION ================ 83762
LDB: ============= START OF LOAD BALANCING ============== 84085.9
LDB: ============== END OF LOAD BALANCING =============== 84085.9
LDB: =============== DONE WITH MIGRATION ================ 84085.9
LDB: ============= START OF LOAD BALANCING ============== 84094.2
LDB: ============== END OF LOAD BALANCING =============== 84094.2
LDB: =============== DONE WITH MIGRATION ================ 84094.2
PRESSURE: 510000 567.728 -480.765 -184.763 -480.765 -177.887 332.049 -184.763 332.049 -362.412
GPRESSURE: 510000 474.604 -444.372 -462.125 -520.597 -78.8597 203.358 -209.773 435.209 -336.935
PRESSAVG: 510000 15.0781 -5.41091 -0.177977 -5.41091 -17.162 -15.7643 -0.177977 -15.7643 -2.03239
GPRESSAVG: 510000 15.1538 -5.20973 -0.233682 -5.39084 -17.1168 -15.8111 -0.230809 -15.7876 -1.98603
ENERGY:  510000      1550.4990      9243.0645      5759.8783        85.4259         -60505.1814     -1210.5763         0.0000         0.0000     18889.4061         -26187.4839       304.8713    -45076.8900    -26038.9772       305.7687              9.1430        19.6030    267286.2640        -1.3721        -1.3163

WRITING COORDINATES TO DCD FILE NPT.dcd AT STEP 510000
LDB: ============= START OF LOAD BALANCING ============== 84416.7
LDB: ============== END OF LOAD BALANCING =============== 84416.7
LDB: =============== DONE WITH MIGRATION ================ 84416.7
LDB: ============= START OF LOAD BALANCING ============== 84424.9
LDB: ============== END OF LOAD BALANCING =============== 84424.9
LDB: =============== DONE WITH MIGRATION ================ 84424.9
LDB: ============= START OF LOAD BALANCING ============== 84747.7
LDB: ============== END OF LOAD BALANCING =============== 84747.7
LDB: =============== DONE WITH MIGRATION ================ 84747.7
LDB: ============= START OF LOAD BALANCING ============== 84756
LDB: ============== END OF LOAD BALANCING =============== 84756
LDB: =============== DONE WITH MIGRATION ================ 84756
LDB: ============= START OF LOAD BALANCING ============== 85079.3
LDB: ============== END OF LOAD BALANCING =============== 85079.3
LDB: =============== DONE WITH MIGRATION ================ 85079.3
LDB: ============= START OF LOAD BALANCING ============== 85087.6
LDB: ============== END OF LOAD BALANCING =============== 85087.6
LDB: =============== DONE WITH MIGRATION ================ 85087.6
LDB: ============= START OF LOAD BALANCING ============== 85410.7
LDB: ============== END OF LOAD BALANCING =============== 85410.7
LDB: =============== DONE WITH MIGRATION ================ 85410.7
LDB: ============= START OF LOAD BALANCING ============== 85419
LDB: ============== END OF LOAD BALANCING =============== 85419
LDB: =============== DONE WITH MIGRATION ================ 85419
LDB: ============= START OF LOAD BALANCING ============== 85741.7
LDB: ============== END OF LOAD BALANCING =============== 85741.7
LDB: =============== DONE WITH MIGRATION ================ 85741.7
LDB: ============= START OF LOAD BALANCING ============== 85750
LDB: ============== END OF LOAD BALANCING =============== 85750
LDB: =============== DONE WITH MIGRATION ================ 85750
PRESSURE: 520000 -21.3595 -423.534 -292.38 -423.534 143.915 543.188 -292.38 543.188 -347.215
GPRESSURE: 520000 -31.7774 -119.49 -179.557 -307.521 147.442 703.009 -300.961 462.108 -301.088
PRESSAVG: 520000 20.0828 -10.641 10.7049 -10.641 -14.2173 16.9813 10.7049 16.9813 -0.600133
GPRESSAVG: 520000 20.0659 -10.682 10.7073 -10.6097 -14.2929 16.8565 10.6987 16.9197 -0.550071
ENERGY:  520000      1619.2843      9303.5671      5755.8494        66.8451         -60261.4793     -1397.7242         0.0000         0.0000     18883.4560         -26030.2015       304.7752    -44913.6575    -25880.3513       306.3366            -74.8867       -61.8080    267398.4576         1.7551         1.7410

WRITING COORDINATES TO DCD FILE NPT.dcd AT STEP 520000
LDB: ============= START OF LOAD BALANCING ============== 86073.8
LDB: ============== END OF LOAD BALANCING =============== 86073.8
LDB: =============== DONE WITH MIGRATION ================ 86073.8
LDB: ============= START OF LOAD BALANCING ============== 86082.1
LDB: ============== END OF LOAD BALANCING =============== 86082.1
LDB: =============== DONE WITH MIGRATION ================ 86082.1
LDB: ============= START OF LOAD BALANCING ============== 86404.9
LDB: ============== END OF LOAD BALANCING =============== 86404.9
LDB: =============== DONE WITH MIGRATION ================ 86404.9
LDB: ============= START OF LOAD BALANCING ============== 86413.2
LDB: ============== END OF LOAD BALANCING =============== 86413.2
LDB: =============== DONE WITH MIGRATION ================ 86413.2
LDB: ============= START OF LOAD BALANCING ============== 86735.7
LDB: ============== END OF LOAD BALANCING =============== 86735.7
LDB: =============== DONE WITH MIGRATION ================ 86735.7
LDB: ============= START OF LOAD BALANCING ============== 86744
LDB: ============== END OF LOAD BALANCING =============== 86744
LDB: =============== DONE WITH MIGRATION ================ 86744
LDB: ============= START OF LOAD BALANCING ============== 87066.1
LDB: ============== END OF LOAD BALANCING =============== 87066.1
LDB: =============== DONE WITH MIGRATION ================ 87066.1
LDB: ============= START OF LOAD BALANCING ============== 87074.4
LDB: ============== END OF LOAD BALANCING =============== 87074.4
LDB: =============== DONE WITH MIGRATION ================ 87074.4
LDB: ============= START OF LOAD BALANCING ============== 87396.6
LDB: ============== END OF LOAD BALANCING =============== 87396.6
LDB: =============== DONE WITH MIGRATION ================ 87396.6
LDB: ============= START OF LOAD BALANCING ============== 87404.9
LDB: ============== END OF LOAD BALANCING =============== 87404.9
LDB: =============== DONE WITH MIGRATION ================ 87404.9
PRESSURE: 530000 -368.225 90.1561 -304.009 90.1561 -435.259 489.954 -304.009 489.954 -422.188
GPRESSURE: 530000 -271.151 151.228 -234.426 96.5363 -318.082 255.776 -213.237 638.693 -568.421
PRESSAVG: 530000 -26.5013 36.6346 22.5846 36.6346 41.746 4.42851 22.5846 4.42851 2.18816
GPRESSAVG: 530000 -26.4733 36.7242 22.5234 36.5516 41.8161 4.4129 22.5445 4.42742 2.10839
ENERGY:  530000      1640.7913      9240.6815      5719.4327        69.5081         -60403.4965     -1239.8429         0.0000         0.0000     18994.9962         -25977.9296       306.5755    -44972.9258    -25823.1617       307.0860           -408.5573      -385.8846    267748.5961         5.8110         5.8171

WRITING COORDINATES TO DCD FILE NPT.dcd AT STEP 530000
LDB: ============= START OF LOAD BALANCING ============== 87727
LDB: ============== END OF LOAD BALANCING =============== 87727
LDB: =============== DONE WITH MIGRATION ================ 87727
LDB: ============= START OF LOAD BALANCING ============== 87735.3
LDB: ============== END OF LOAD BALANCING =============== 87735.3
LDB: =============== DONE WITH MIGRATION ================ 87735.3
LDB: ============= START OF LOAD BALANCING ============== 88056.9
LDB: ============== END OF LOAD BALANCING =============== 88056.9
LDB: =============== DONE WITH MIGRATION ================ 88056.9
LDB: ============= START OF LOAD BALANCING ============== 88065.2
LDB: ============== END OF LOAD BALANCING =============== 88065.2
LDB: =============== DONE WITH MIGRATION ================ 88065.2
LDB: ============= START OF LOAD BALANCING ============== 88387.2
LDB: ============== END OF LOAD BALANCING =============== 88387.2
LDB: =============== DONE WITH MIGRATION ================ 88387.2
LDB: ============= START OF LOAD BALANCING ============== 88395.5
LDB: ============== END OF LOAD BALANCING =============== 88395.5
LDB: =============== DONE WITH MIGRATION ================ 88395.5
LDB: ============= START OF LOAD BALANCING ============== 88718.4
LDB: ============== END OF LOAD BALANCING =============== 88718.4
LDB: =============== DONE WITH MIGRATION ================ 88718.4
LDB: ============= START OF LOAD BALANCING ============== 88726.6
LDB: ============== END OF LOAD BALANCING =============== 88726.6
LDB: =============== DONE WITH MIGRATION ================ 88726.6
LDB: ============= START OF LOAD BALANCING ============== 89048.5
LDB: ============== END OF LOAD BALANCING =============== 89048.5
LDB: =============== DONE WITH MIGRATION ================ 89048.5
LDB: ============= START OF LOAD BALANCING ============== 89056.7
LDB: ============== END OF LOAD BALANCING =============== 89056.7
LDB: =============== DONE WITH MIGRATION ================ 89056.7
PRESSURE: 540000 -44.6771 88.0845 -439.634 88.0845 89.6558 -309.676 -439.634 -309.676 -300.641
GPRESSURE: 540000 -13.6474 91.3308 -417.028 107.335 107.636 -441.02 -507.294 -200.943 -336.159
PRESSAVG: 540000 42.583 53.6725 -7.31975 53.6725 12.9115 -2.08041 -7.31975 -2.08041 -2.15847
GPRESSAVG: 540000 42.6465 53.6606 -7.27956 53.6772 12.812 -2.01369 -7.33198 -2.0876 -2.07504
ENERGY:  540000      1610.8419      9379.5776      5752.8524        84.3464         -60626.5194     -1243.3405         0.0000         0.0000     19068.9249         -25973.3168       307.7687    -45042.2416    -25821.3284       305.5650            -85.2208       -80.7237    267750.4623        17.7787        17.7945

WRITING COORDINATES TO DCD FILE NPT.dcd AT STEP 540000
LDB: ============= START OF LOAD BALANCING ============== 89379.1
LDB: ============== END OF LOAD BALANCING =============== 89379.1
LDB: =============== DONE WITH MIGRATION ================ 89379.1
LDB: ============= START OF LOAD BALANCING ============== 89387.4
LDB: ============== END OF LOAD BALANCING =============== 89387.4
LDB: =============== DONE WITH MIGRATION ================ 89387.4
LDB: ============= START OF LOAD BALANCING ============== 89709.9
LDB: ============== END OF LOAD BALANCING =============== 89709.9
LDB: =============== DONE WITH MIGRATION ================ 89709.9
LDB: ============= START OF LOAD BALANCING ============== 89718.2
LDB: ============== END OF LOAD BALANCING =============== 89718.2
LDB: =============== DONE WITH MIGRATION ================ 89718.2
LDB: ============= START OF LOAD BALANCING ============== 90041
LDB: ============== END OF LOAD BALANCING =============== 90041
LDB: =============== DONE WITH MIGRATION ================ 90041
LDB: ============= START OF LOAD BALANCING ============== 90049.3
LDB: ============== END OF LOAD BALANCING =============== 90049.3
LDB: =============== DONE WITH MIGRATION ================ 90049.3
LDB: ============= START OF LOAD BALANCING ============== 90372
LDB: ============== END OF LOAD BALANCING =============== 90372
LDB: =============== DONE WITH MIGRATION ================ 90372
LDB: ============= START OF LOAD BALANCING ============== 90380.3
LDB: ============== END OF LOAD BALANCING =============== 90380.3
LDB: =============== DONE WITH MIGRATION ================ 90380.3
LDB: ============= START OF LOAD BALANCING ============== 90702.2
LDB: ============== END OF LOAD BALANCING =============== 90702.2
LDB: =============== DONE WITH MIGRATION ================ 90702.2
LDB: ============= START OF LOAD BALANCING ============== 90710.5
LDB: ============== END OF LOAD BALANCING =============== 90710.5
LDB: =============== DONE WITH MIGRATION ================ 90710.5
PRESSURE: 550000 123.564 137.294 -202.333 137.294 296.874 258.408 -202.333 258.408 553.778
GPRESSURE: 550000 337.413 291.304 -192.102 221.242 261.836 43.0212 -119.411 320.897 481.093
PRESSAVG: 550000 68.5971 43.3765 29.1966 43.3765 16.6457 -16.4517 29.1966 -16.4517 4.35434
GPRESSAVG: 550000 68.5284 43.3184 29.231 43.3905 16.6529 -16.4364 29.1388 -16.6069 4.45359
ENERGY:  550000      1539.8680      9382.1013      5757.7873        83.7571         -60673.3810     -1072.1447         0.0000         0.0000     19215.5593         -25766.4528       310.1353    -44982.0121    -25607.2865       306.3486            324.7388       360.1141    267810.9033        29.8657        29.8783

WRITING EXTENDED SYSTEM TO RESTART FILE AT STEP 550000
WRITING COORDINATES TO DCD FILE NPT.dcd AT STEP 550000
WRITING COORDINATES TO RESTART FILE AT STEP 550000
FINISHED WRITING RESTART COORDINATES
WRITING VELOCITIES TO RESTART FILE AT STEP 550000
FINISHED WRITING RESTART VELOCITIES
LDB: ============= START OF LOAD BALANCING ============== 91033
LDB: ============== END OF LOAD BALANCING =============== 91033
LDB: =============== DONE WITH MIGRATION ================ 91033
LDB: ============= START OF LOAD BALANCING ============== 91041.3
LDB: ============== END OF LOAD BALANCING =============== 91041.3
LDB: =============== DONE WITH MIGRATION ================ 91041.3
LDB: ============= START OF LOAD BALANCING ============== 91364.1
LDB: ============== END OF LOAD BALANCING =============== 91364.1
LDB: =============== DONE WITH MIGRATION ================ 91364.1
LDB: ============= START OF LOAD BALANCING ============== 91372.4
LDB: ============== END OF LOAD BALANCING =============== 91372.4
LDB: =============== DONE WITH MIGRATION ================ 91372.4
LDB: ============= START OF LOAD BALANCING ============== 91695.4
LDB: ============== END OF LOAD BALANCING =============== 91695.4
LDB: =============== DONE WITH MIGRATION ================ 91695.4
LDB: ============= START OF LOAD BALANCING ============== 91703.7
LDB: ============== END OF LOAD BALANCING =============== 91703.7
LDB: =============== DONE WITH MIGRATION ================ 91703.7
LDB: ============= START OF LOAD BALANCING ============== 92025.9
LDB: ============== END OF LOAD BALANCING =============== 92025.9
LDB: =============== DONE WITH MIGRATION ================ 92025.9
LDB: ============= START OF LOAD BALANCING ============== 92034.2
LDB: ============== END OF LOAD BALANCING =============== 92034.2
LDB: =============== DONE WITH MIGRATION ================ 92034.2
LDB: ============= START OF LOAD BALANCING ============== 92356.2
LDB: ============== END OF LOAD BALANCING =============== 92356.2
LDB: =============== DONE WITH MIGRATION ================ 92356.2
LDB: ============= START OF LOAD BALANCING ============== 92364.4
LDB: ============== END OF LOAD BALANCING =============== 92364.4
LDB: =============== DONE WITH MIGRATION ================ 92364.4
PRESSURE: 560000 127.76 17.8175 -47.7732 17.8175 -76.5519 -560.484 -47.7732 -560.484 346.892
GPRESSURE: 560000 121.233 17.6396 55.7933 59.6259 62.517 -540.981 5.99933 -332.691 324.696
PRESSAVG: 560000 47.1697 -10.1112 10.7214 -10.1112 19.85 -4.05482 10.7214 -4.05482 2.22196
GPRESSAVG: 560000 47.0984 -10.1747 10.8235 -10.1722 19.9146 -4.05263 10.7685 -4.00735 2.24786
ENERGY:  560000      1586.3558      9278.8245      5777.3950        84.5832         -60356.2038     -1275.1229         0.0000         0.0000     18991.7562         -25912.4120       306.5232    -44904.1682    -25757.2474       305.7548            132.6999       169.4821    267888.8414        23.0806        23.0869

WRITING COORDINATES TO DCD FILE NPT.dcd AT STEP 560000
LDB: ============= START OF LOAD BALANCING ============== 92687
LDB: ============== END OF LOAD BALANCING =============== 92687
LDB: =============== DONE WITH MIGRATION ================ 92687
LDB: ============= START OF LOAD BALANCING ============== 92695.3
LDB: ============== END OF LOAD BALANCING =============== 92695.3
LDB: =============== DONE WITH MIGRATION ================ 92695.3
LDB: ============= START OF LOAD BALANCING ============== 93017.3
LDB: ============== END OF LOAD BALANCING =============== 93017.3
LDB: =============== DONE WITH MIGRATION ================ 93017.3
LDB: ============= START OF LOAD BALANCING ============== 93025.5
LDB: ============== END OF LOAD BALANCING =============== 93025.5
LDB: =============== DONE WITH MIGRATION ================ 93025.5
LDB: ============= START OF LOAD BALANCING ============== 93347.8
LDB: ============== END OF LOAD BALANCING =============== 93347.8
LDB: =============== DONE WITH MIGRATION ================ 93347.8
LDB: ============= START OF LOAD BALANCING ============== 93356.1
LDB: ============== END OF LOAD BALANCING =============== 93356.1
LDB: =============== DONE WITH MIGRATION ================ 93356.1
LDB: ============= START OF LOAD BALANCING ============== 93678.9
LDB: ============== END OF LOAD BALANCING =============== 93678.9
LDB: =============== DONE WITH MIGRATION ================ 93678.9
LDB: ============= START OF LOAD BALANCING ============== 93687.1
LDB: ============== END OF LOAD BALANCING =============== 93687.1
LDB: =============== DONE WITH MIGRATION ================ 93687.1
LDB: ============= START OF LOAD BALANCING ============== 94010.2
LDB: ============== END OF LOAD BALANCING =============== 94010.2
LDB: =============== DONE WITH MIGRATION ================ 94010.2
LDB: ============= START OF LOAD BALANCING ============== 94018.5
LDB: ============== END OF LOAD BALANCING =============== 94018.5
LDB: =============== DONE WITH MIGRATION ================ 94018.5
PRESSURE: 570000 185.901 401.964 -277.593 401.964 411.468 -405.029 -277.593 -405.029 497.667
GPRESSURE: 570000 100.201 227.883 -250.812 264.395 566.162 -374.117 -127.284 -286.816 507.524
PRESSAVG: 570000 59.6326 41.7925 0.318526 41.7925 56.5418 -19.8036 0.318526 -19.8036 0.342501
GPRESSAVG: 570000 59.6275 41.8327 0.293481 41.7131 56.4871 -19.7945 0.380625 -19.8665 0.439793
ENERGY:  570000      1604.9926      9308.2903      5770.1355        63.4612         -60515.0002     -1125.9315         0.0000         0.0000     19087.1136         -25806.9385       308.0622    -44894.0521    -25650.6613       307.0215            365.0118       391.2955    268222.3227        38.8390        38.8515

WRITING COORDINATES TO DCD FILE NPT.dcd AT STEP 570000
LDB: ============= START OF LOAD BALANCING ============== 94340.9
LDB: ============== END OF LOAD BALANCING =============== 94340.9
LDB: =============== DONE WITH MIGRATION ================ 94340.9
LDB: ============= START OF LOAD BALANCING ============== 94349.1
LDB: ============== END OF LOAD BALANCING =============== 94349.1
LDB: =============== DONE WITH MIGRATION ================ 94349.1
LDB: ============= START OF LOAD BALANCING ============== 94671.2
LDB: ============== END OF LOAD BALANCING =============== 94671.2
LDB: =============== DONE WITH MIGRATION ================ 94671.2
LDB: ============= START OF LOAD BALANCING ============== 94679.4
LDB: ============== END OF LOAD BALANCING =============== 94679.4
LDB: =============== DONE WITH MIGRATION ================ 94679.4
LDB: ============= START OF LOAD BALANCING ============== 95001.3
LDB: ============== END OF LOAD BALANCING =============== 95001.3
LDB: =============== DONE WITH MIGRATION ================ 95001.3
LDB: ============= START OF LOAD BALANCING ============== 95009.6
LDB: ============== END OF LOAD BALANCING =============== 95009.6
LDB: =============== DONE WITH MIGRATION ================ 95009.6
LDB: ============= START OF LOAD BALANCING ============== 95331.1
LDB: ============== END OF LOAD BALANCING =============== 95331.1
LDB: =============== DONE WITH MIGRATION ================ 95331.1
LDB: ============= START OF LOAD BALANCING ============== 95339.4
LDB: ============== END OF LOAD BALANCING =============== 95339.4
LDB: =============== DONE WITH MIGRATION ================ 95339.4
LDB: ============= START OF LOAD BALANCING ============== 95660.3
LDB: ============== END OF LOAD BALANCING =============== 95660.3
LDB: =============== DONE WITH MIGRATION ================ 95660.3
LDB: ============= START OF LOAD BALANCING ============== 95668.6
LDB: ============== END OF LOAD BALANCING =============== 95668.6
LDB: =============== DONE WITH MIGRATION ================ 95668.6
PRESSURE: 580000 72.523 -72.2062 196.631 -72.2062 -55.1964 310.971 196.631 310.971 -546.562
GPRESSURE: 580000 18.7566 66.3772 7.25084 0.674541 130.902 34.5891 258.827 164.456 -628.202
PRESSAVG: 580000 -25.6243 -13.4009 15.0032 -13.4009 -40.6029 15.4962 15.0032 15.4962 0.596588
GPRESSAVG: 580000 -25.6487 -13.2555 14.9555 -13.3659 -40.6197 15.4443 15.1493 15.7066 0.590796
ENERGY:  580000      1582.9314      9329.0653      5757.4705        79.3690         -60254.4755     -1209.0427         0.0000         0.0000     18894.7288         -25819.9533       304.9572    -44714.6821    -25665.0300       306.8219           -176.4117      -159.5146    269682.2974       -21.8769       -21.8925

WRITING COORDINATES TO DCD FILE NPT.dcd AT STEP 580000
LDB: ============= START OF LOAD BALANCING ============== 95989.6
LDB: ============== END OF LOAD BALANCING =============== 95989.6
LDB: =============== DONE WITH MIGRATION ================ 95989.6
LDB: ============= START OF LOAD BALANCING ============== 95997.8
LDB: ============== END OF LOAD BALANCING =============== 95997.8
LDB: =============== DONE WITH MIGRATION ================ 95997.8
LDB: ============= START OF LOAD BALANCING ============== 96319.2
LDB: ============== END OF LOAD BALANCING =============== 96319.2
LDB: =============== DONE WITH MIGRATION ================ 96319.2
LDB: ============= START OF LOAD BALANCING ============== 96327.4
LDB: ============== END OF LOAD BALANCING =============== 96327.4
LDB: =============== DONE WITH MIGRATION ================ 96327.4
LDB: ============= START OF LOAD BALANCING ============== 96649.1
LDB: ============== END OF LOAD BALANCING =============== 96649.1
LDB: =============== DONE WITH MIGRATION ================ 96649.1
LDB: ============= START OF LOAD BALANCING ============== 96657.3
LDB: ============== END OF LOAD BALANCING =============== 96657.3
LDB: =============== DONE WITH MIGRATION ================ 96657.3
LDB: ============= START OF LOAD BALANCING ============== 96979.3
LDB: ============== END OF LOAD BALANCING =============== 96979.3
LDB: =============== DONE WITH MIGRATION ================ 96979.3
LDB: ============= START OF LOAD BALANCING ============== 96987.6
LDB: ============== END OF LOAD BALANCING =============== 96987.6
LDB: =============== DONE WITH MIGRATION ================ 96987.6
LDB: ============= START OF LOAD BALANCING ============== 97309.8
LDB: ============== END OF LOAD BALANCING =============== 97309.8
LDB: =============== DONE WITH MIGRATION ================ 97309.8
LDB: ============= START OF LOAD BALANCING ============== 97318.1
LDB: ============== END OF LOAD BALANCING =============== 97318.1
LDB: =============== DONE WITH MIGRATION ================ 97318.1
PRESSURE: 590000 464.845 326.343 33.0727 326.343 464.082 -109.791 33.0727 -109.791 345.898
GPRESSURE: 590000 614.354 245.454 174.615 409.784 348.008 -159.247 -38.4998 -63.2587 334.781
PRESSAVG: 590000 14.5259 4.4191 -7.19024 4.4191 -34.3488 2.63261 -7.19024 2.63261 3.61023
GPRESSAVG: 590000 14.6914 4.38652 -7.18163 4.44405 -34.4662 2.65269 -7.25814 2.58818 3.60335
ENERGY:  590000      1617.1045      9360.2495      5720.8470        76.4093         -60277.7402     -1221.5338         0.0000         0.0000     18881.1553         -25843.5084       304.7381    -44724.6638    -25694.5507       306.5616            424.9418       432.3810    268530.3053        -5.4042        -5.3905

WRITING COORDINATES TO DCD FILE NPT.dcd AT STEP 590000
LDB: ============= START OF LOAD BALANCING ============== 97639.8
LDB: ============== END OF LOAD BALANCING =============== 97639.8
LDB: =============== DONE WITH MIGRATION ================ 97639.8
LDB: ============= START OF LOAD BALANCING ============== 97648.1
LDB: ============== END OF LOAD BALANCING =============== 97648.1
LDB: =============== DONE WITH MIGRATION ================ 97648.1
LDB: ============= START OF LOAD BALANCING ============== 97970.3
LDB: ============== END OF LOAD BALANCING =============== 97970.3
LDB: =============== DONE WITH MIGRATION ================ 97970.3
LDB: ============= START OF LOAD BALANCING ============== 97978.6
LDB: ============== END OF LOAD BALANCING =============== 97978.6
LDB: =============== DONE WITH MIGRATION ================ 97978.6
LDB: ============= START OF LOAD BALANCING ============== 98301.1
LDB: ============== END OF LOAD BALANCING =============== 98301.1
LDB: =============== DONE WITH MIGRATION ================ 98301.1
LDB: ============= START OF LOAD BALANCING ============== 98309.4
LDB: ============== END OF LOAD BALANCING =============== 98309.4
LDB: =============== DONE WITH MIGRATION ================ 98309.4
LDB: ============= START OF LOAD BALANCING ============== 98632.1
LDB: ============== END OF LOAD BALANCING =============== 98632.1
LDB: =============== DONE WITH MIGRATION ================ 98632.1
LDB: ============= START OF LOAD BALANCING ============== 98640.4
LDB: ============== END OF LOAD BALANCING =============== 98640.4
LDB: =============== DONE WITH MIGRATION ================ 98640.4
LDB: ============= START OF LOAD BALANCING ============== 98962.6
LDB: ============== END OF LOAD BALANCING =============== 98962.6
LDB: =============== DONE WITH MIGRATION ================ 98962.6
LDB: ============= START OF LOAD BALANCING ============== 98970.8
LDB: ============== END OF LOAD BALANCING =============== 98970.8
LDB: =============== DONE WITH MIGRATION ================ 98970.8
PRESSURE: 600000 34.272 -310.796 -30.3037 -310.796 3.00005 -356.662 -30.3037 -356.662 -275.929
GPRESSURE: 600000 7.29721 -343.888 8.21147 -271.044 133.388 -363.091 -40.0218 -268.322 -362.199
PRESSAVG: 600000 26.2784 13.1183 -0.527604 13.1183 26.691 0.989132 -0.527604 0.989132 4.76405
GPRESSAVG: 600000 26.3015 13.1102 -0.593366 13.1639 26.6959 0.941582 -0.471323 1.02867 4.78502
TIMING: 600000  CPU: 99276, 0.16567/step  Wall: 99279.1, 0.165676/step, 18.4084 hours remaining, 856.924809 MB of memory in use.
PERFORMANCE: 600000  averaging 1.04433 ns/day, 0.165465 sec/step with standard deviation 0.000172897
ETITLE:      TS           BOND          ANGLE          DIHED          IMPRP               ELECT            VDW       BOUNDARY           MISC        KINETIC               TOTAL           TEMP      POTENTIAL         TOTAL3        TEMPAVG            PRESSURE      GPRESSURE         VOLUME       PRESSAVG      GPRESSAVG

ENERGY:  600000      1586.1938      9455.5450      5761.2144        67.5727         -60588.3126     -1242.0438         0.0000         0.0000     18949.0813         -26010.7492       305.8344    -44959.8306    -25860.8865       306.2888            -79.5525       -73.8378    267389.5314        19.2445        19.2608

WRITING EXTENDED SYSTEM TO RESTART FILE AT STEP 600000
WRITING COORDINATES TO DCD FILE NPT.dcd AT STEP 600000
WRITING COORDINATES TO RESTART FILE AT STEP 600000
FINISHED WRITING RESTART COORDINATES
WRITING VELOCITIES TO RESTART FILE AT STEP 600000
FINISHED WRITING RESTART VELOCITIES
LDB: ============= START OF LOAD BALANCING ============== 99332.9
LDB: ============== END OF LOAD BALANCING =============== 99332.9
LDB: =============== DONE WITH MIGRATION ================ 99332.9
LDB: ============= START OF LOAD BALANCING ============== 99342.6
LDB: ============== END OF LOAD BALANCING =============== 99342.6
LDB: =============== DONE WITH MIGRATION ================ 99342.6
LDB: ============= START OF LOAD BALANCING ============== 99717.4
LDB: ============== END OF LOAD BALANCING =============== 99717.4
LDB: =============== DONE WITH MIGRATION ================ 99717.4
LDB: ============= START OF LOAD BALANCING ============== 99725.8
LDB: ============== END OF LOAD BALANCING =============== 99725.8
LDB: =============== DONE WITH MIGRATION ================ 99725.8
LDB: ============= START OF LOAD BALANCING ============== 100189
LDB: ============== END OF LOAD BALANCING =============== 100189
LDB: =============== DONE WITH MIGRATION ================ 100189
LDB: ============= START OF LOAD BALANCING ============== 100205
LDB: ============== END OF LOAD BALANCING =============== 100205
LDB: =============== DONE WITH MIGRATION ================ 100205
LDB: ============= START OF LOAD BALANCING ============== 100812
LDB: ============== END OF LOAD BALANCING =============== 100812
LDB: =============== DONE WITH MIGRATION ================ 100812
LDB: ============= START OF LOAD BALANCING ============== 100820
LDB: ============== END OF LOAD BALANCING =============== 100820
LDB: =============== DONE WITH MIGRATION ================ 100820
LDB: ============= START OF LOAD BALANCING ============== 101143
LDB: ============== END OF LOAD BALANCING =============== 101143
LDB: =============== DONE WITH MIGRATION ================ 101143
LDB: ============= START OF LOAD BALANCING ============== 101152
LDB: ============== END OF LOAD BALANCING =============== 101152
LDB: =============== DONE WITH MIGRATION ================ 101152
PRESSURE: 610000 261.602 136.467 78.7741 136.467 336.15 39.6406 78.7741 39.6406 -18.2573
GPRESSURE: 610000 250.136 190.969 82.5006 -16.9974 395.292 -144.255 77.2868 251.707 -7.66525
PRESSAVG: 610000 7.69298 7.34958 -18.2688 7.34958 12.0501 4.77695 -18.2688 4.77695 0.155043
GPRESSAVG: 610000 7.74918 7.24811 -18.1547 7.30146 12.0749 4.84552 -18.2415 4.7228 0.143304
ENERGY:  610000      1602.8385      9283.1762      5777.7639        83.9360         -60409.8103     -1165.2539         0.0000         0.0000     19003.8259         -25823.5237       306.7180    -44827.3496    -25671.3299       306.8354            193.1649       212.5878    268400.8137         6.6327         6.6558

WRITING COORDINATES TO DCD FILE NPT.dcd AT STEP 610000
LDB: ============= START OF LOAD BALANCING ============== 101474
LDB: ============== END OF LOAD BALANCING =============== 101474
LDB: =============== DONE WITH MIGRATION ================ 101474
LDB: ============= START OF LOAD BALANCING ============== 101482
LDB: ============== END OF LOAD BALANCING =============== 101482
LDB: =============== DONE WITH MIGRATION ================ 101482
LDB: ============= START OF LOAD BALANCING ============== 101804
LDB: ============== END OF LOAD BALANCING =============== 101804
LDB: =============== DONE WITH MIGRATION ================ 101804
LDB: ============= START OF LOAD BALANCING ============== 101812
LDB: ============== END OF LOAD BALANCING =============== 101812
LDB: =============== DONE WITH MIGRATION ================ 101812
LDB: ============= START OF LOAD BALANCING ============== 102134
LDB: ============== END OF LOAD BALANCING =============== 102134
LDB: =============== DONE WITH MIGRATION ================ 102134
LDB: ============= START OF LOAD BALANCING ============== 102143
LDB: ============== END OF LOAD BALANCING =============== 102143
LDB: =============== DONE WITH MIGRATION ================ 102143
LDB: ============= START OF LOAD BALANCING ============== 102465
LDB: ============== END OF LOAD BALANCING =============== 102465
LDB: =============== DONE WITH MIGRATION ================ 102465
LDB: ============= START OF LOAD BALANCING ============== 102473
LDB: ============== END OF LOAD BALANCING =============== 102473
LDB: =============== DONE WITH MIGRATION ================ 102473
LDB: ============= START OF LOAD BALANCING ============== 102796
LDB: ============== END OF LOAD BALANCING =============== 102796
LDB: =============== DONE WITH MIGRATION ================ 102796
LDB: ============= START OF LOAD BALANCING ============== 102805
LDB: ============== END OF LOAD BALANCING =============== 102805
LDB: =============== DONE WITH MIGRATION ================ 102805
PRESSURE: 620000 299.622 71.8037 245.094 71.8037 309.356 -418.718 245.094 -418.718 -227.1
GPRESSURE: 620000 517.339 -85.4101 150.87 3.28714 151.871 -545.144 260.724 -315.766 -213.521
PRESSAVG: 620000 -21.2683 11.5935 -3.25415 11.5935 9.9222 -16.6313 -3.25415 -16.6313 -0.616613
GPRESSAVG: 620000 -21.3155 11.6087 -3.27772 11.5944 9.92967 -16.666 -3.33447 -16.5669 -0.554925
ENERGY:  620000      1667.8880      9367.0235      5801.2975        83.8161         -60161.1089     -1377.0874         0.0000         0.0000     18934.5911         -25683.5800       305.6006    -44618.1711    -25533.2272       306.0095            127.2926       151.8966    267413.8526        -3.9876        -3.9803

WRITING COORDINATES TO DCD FILE NPT.dcd AT STEP 620000
LDB: ============= START OF LOAD BALANCING ============== 103127
LDB: ============== END OF LOAD BALANCING =============== 103127
LDB: =============== DONE WITH MIGRATION ================ 103127
LDB: ============= START OF LOAD BALANCING ============== 103136
LDB: ============== END OF LOAD BALANCING =============== 103136
LDB: =============== DONE WITH MIGRATION ================ 103136
LDB: ============= START OF LOAD BALANCING ============== 103459
LDB: ============== END OF LOAD BALANCING =============== 103459
LDB: =============== DONE WITH MIGRATION ================ 103459
LDB: ============= START OF LOAD BALANCING ============== 103467
LDB: ============== END OF LOAD BALANCING =============== 103467
LDB: =============== DONE WITH MIGRATION ================ 103467
LDB: ============= START OF LOAD BALANCING ============== 103791
LDB: ============== END OF LOAD BALANCING =============== 103791
LDB: =============== DONE WITH MIGRATION ================ 103791
LDB: ============= START OF LOAD BALANCING ============== 103799
LDB: ============== END OF LOAD BALANCING =============== 103799
LDB: =============== DONE WITH MIGRATION ================ 103799
LDB: ============= START OF LOAD BALANCING ============== 104123
LDB: ============== END OF LOAD BALANCING =============== 104123
LDB: =============== DONE WITH MIGRATION ================ 104123
LDB: ============= START OF LOAD BALANCING ============== 104131
LDB: ============== END OF LOAD BALANCING =============== 104131
LDB: =============== DONE WITH MIGRATION ================ 104131
LDB: ============= START OF LOAD BALANCING ============== 104454
LDB: ============== END OF LOAD BALANCING =============== 104454
LDB: =============== DONE WITH MIGRATION ================ 104454
LDB: ============= START OF LOAD BALANCING ============== 104463
LDB: ============== END OF LOAD BALANCING =============== 104463
LDB: =============== DONE WITH MIGRATION ================ 104463
PRESSURE: 630000 -327.497 2.70418 248.092 2.70418 103.93 -236.46 248.092 -236.46 26.8026
GPRESSURE: 630000 -322.388 132.333 366.583 61.4286 24.9579 -296.722 380.698 -59.9291 127.879
PRESSAVG: 630000 -10.3486 49.0659 34.0455 49.0659 69.0405 11.6921 34.0455 11.6921 0.135847
GPRESSAVG: 630000 -10.3342 49.0469 34.0618 49.0829 69.059 11.6819 33.9932 11.7366 0.106997
ENERGY:  630000      1629.0704      9308.7195      5799.0157        65.5164         -60353.3913     -1476.4479         0.0000         0.0000     18912.5654         -26114.9517       305.2451    -45027.5171    -25961.1077       306.1986            -65.5882       -56.5173    267551.3407        19.6092        19.6106

WRITING COORDINATES TO DCD FILE NPT.dcd AT STEP 630000
LDB: ============= START OF LOAD BALANCING ============== 104786
LDB: ============== END OF LOAD BALANCING =============== 104786
LDB: =============== DONE WITH MIGRATION ================ 104786
LDB: ============= START OF LOAD BALANCING ============== 104794
LDB: ============== END OF LOAD BALANCING =============== 104794
LDB: =============== DONE WITH MIGRATION ================ 104794
LDB: ============= START OF LOAD BALANCING ============== 105117
LDB: ============== END OF LOAD BALANCING =============== 105117
LDB: =============== DONE WITH MIGRATION ================ 105117
LDB: ============= START OF LOAD BALANCING ============== 105125
LDB: ============== END OF LOAD BALANCING =============== 105125
LDB: =============== DONE WITH MIGRATION ================ 105125
LDB: ============= START OF LOAD BALANCING ============== 105447
LDB: ============== END OF LOAD BALANCING =============== 105447
LDB: =============== DONE WITH MIGRATION ================ 105447
LDB: ============= START OF LOAD BALANCING ============== 105456
LDB: ============== END OF LOAD BALANCING =============== 105456
LDB: =============== DONE WITH MIGRATION ================ 105456
LDB: ============= START OF LOAD BALANCING ============== 105778
LDB: ============== END OF LOAD BALANCING =============== 105778
LDB: =============== DONE WITH MIGRATION ================ 105778
LDB: ============= START OF LOAD BALANCING ============== 105786
LDB: ============== END OF LOAD BALANCING =============== 105786
LDB: =============== DONE WITH MIGRATION ================ 105786
LDB: ============= START OF LOAD BALANCING ============== 106109
LDB: ============== END OF LOAD BALANCING =============== 106109
LDB: =============== DONE WITH MIGRATION ================ 106109
LDB: ============= START OF LOAD BALANCING ============== 106117
LDB: ============== END OF LOAD BALANCING =============== 106117
LDB: =============== DONE WITH MIGRATION ================ 106117
PRESSURE: 640000 327.937 370.685 122.914 370.685 -79.826 20.7165 122.914 20.7165 312.482
GPRESSURE: 640000 478.088 268.919 216.98 262.324 -30.8267 14.0983 113.865 -119.479 155.288
PRESSAVG: 640000 -32.1876 20.5 25.5107 20.5 -52.8702 19.24 25.5107 19.24 -4.13885
GPRESSAVG: 640000 -32.1801 20.4305 25.4972 20.5429 -52.8413 19.2908 25.5879 19.3003 -4.13799
ENERGY:  640000      1571.2161      9315.1847      5771.4812        76.0495         -60492.9516     -1225.4680         0.0000         0.0000     19006.7558         -25977.7322       306.7653    -44984.4881    -25822.2289       306.7342            186.8645       200.8500    267698.3950       -29.7322       -29.7198

WRITING COORDINATES TO DCD FILE NPT.dcd AT STEP 640000
LDB: ============= START OF LOAD BALANCING ============== 106440
LDB: ============== END OF LOAD BALANCING =============== 106440
LDB: =============== DONE WITH MIGRATION ================ 106440
LDB: ============= START OF LOAD BALANCING ============== 106448
LDB: ============== END OF LOAD BALANCING =============== 106448
LDB: =============== DONE WITH MIGRATION ================ 106448
LDB: ============= START OF LOAD BALANCING ============== 106771
LDB: ============== END OF LOAD BALANCING =============== 106771
LDB: =============== DONE WITH MIGRATION ================ 106771
LDB: ============= START OF LOAD BALANCING ============== 106779
LDB: ============== END OF LOAD BALANCING =============== 106779
LDB: =============== DONE WITH MIGRATION ================ 106779
LDB: ============= START OF LOAD BALANCING ============== 107102
LDB: ============== END OF LOAD BALANCING =============== 107102
LDB: =============== DONE WITH MIGRATION ================ 107102
LDB: ============= START OF LOAD BALANCING ============== 107110
LDB: ============== END OF LOAD BALANCING =============== 107110
LDB: =============== DONE WITH MIGRATION ================ 107110
LDB: ============= START OF LOAD BALANCING ============== 107432
LDB: ============== END OF LOAD BALANCING =============== 107432
LDB: =============== DONE WITH MIGRATION ================ 107432
LDB: ============= START OF LOAD BALANCING ============== 107440
LDB: ============== END OF LOAD BALANCING =============== 107440
LDB: =============== DONE WITH MIGRATION ================ 107440
LDB: ============= START OF LOAD BALANCING ============== 107762
LDB: ============== END OF LOAD BALANCING =============== 107762
LDB: =============== DONE WITH MIGRATION ================ 107762
LDB: ============= START OF LOAD BALANCING ============== 107770
LDB: ============== END OF LOAD BALANCING =============== 107770
LDB: =============== DONE WITH MIGRATION ================ 107770
PRESSURE: 650000 -689.515 -189.259 306.108 -189.259 179.123 93.8842 306.108 93.8842 -20.0867
GPRESSURE: 650000 -593.673 -325.634 177.79 -32.2301 197.855 115.964 153.837 233.202 -121.131
PRESSAVG: 650000 -42.5613 27.7958 5.41544 27.7958 -40.2928 3.17699 5.41544 3.17699 0.809117
GPRESSAVG: 650000 -42.5917 27.7345 5.46394 27.7836 -40.2872 3.13419 5.3668 3.16023 0.790168
ENERGY:  650000      1560.0774      9379.1187      5775.4307        62.0583         -60331.1508     -1269.3171         0.0000         0.0000     18980.0755         -25843.7072       306.3347    -44823.7827    -25689.6026       306.5361           -176.8264      -172.3167    270394.7273       -27.3483       -27.3629

WRITING EXTENDED SYSTEM TO RESTART FILE AT STEP 650000
WRITING COORDINATES TO DCD FILE NPT.dcd AT STEP 650000
WRITING COORDINATES TO RESTART FILE AT STEP 650000
FINISHED WRITING RESTART COORDINATES
WRITING VELOCITIES TO RESTART FILE AT STEP 650000
FINISHED WRITING RESTART VELOCITIES
LDB: ============= START OF LOAD BALANCING ============== 108091
LDB: ============== END OF LOAD BALANCING =============== 108091
LDB: =============== DONE WITH MIGRATION ================ 108091
LDB: ============= START OF LOAD BALANCING ============== 108100
LDB: ============== END OF LOAD BALANCING =============== 108100
LDB: =============== DONE WITH MIGRATION ================ 108100
LDB: ============= START OF LOAD BALANCING ============== 108422
LDB: ============== END OF LOAD BALANCING =============== 108422
LDB: =============== DONE WITH MIGRATION ================ 108422
LDB: ============= START OF LOAD BALANCING ============== 108430
LDB: ============== END OF LOAD BALANCING =============== 108430
LDB: =============== DONE WITH MIGRATION ================ 108430
LDB: ============= START OF LOAD BALANCING ============== 108752
LDB: ============== END OF LOAD BALANCING =============== 108752
LDB: =============== DONE WITH MIGRATION ================ 108752
LDB: ============= START OF LOAD BALANCING ============== 108760
LDB: ============== END OF LOAD BALANCING =============== 108760
LDB: =============== DONE WITH MIGRATION ================ 108760
LDB: ============= START OF LOAD BALANCING ============== 109083
LDB: ============== END OF LOAD BALANCING =============== 109083
LDB: =============== DONE WITH MIGRATION ================ 109083
LDB: ============= START OF LOAD BALANCING ============== 109091
LDB: ============== END OF LOAD BALANCING =============== 109091
LDB: =============== DONE WITH MIGRATION ================ 109091
LDB: ============= START OF LOAD BALANCING ============== 109413
LDB: ============== END OF LOAD BALANCING =============== 109413
LDB: =============== DONE WITH MIGRATION ================ 109413
LDB: ============= START OF LOAD BALANCING ============== 109421
LDB: ============== END OF LOAD BALANCING =============== 109421
LDB: =============== DONE WITH MIGRATION ================ 109421
PRESSURE: 660000 292.763 -654.143 -300.009 -654.143 47.7947 273.259 -300.009 273.259 486.76
GPRESSURE: 660000 251.769 -565.916 -407.161 -574.506 -13.304 203.463 -209.503 381.692 647.96
PRESSAVG: 660000 -3.43493 -5.68238 20.4718 -5.68238 -80.3459 3.96155 20.4718 3.96155 -3.14625
GPRESSAVG: 660000 -3.36256 -5.66365 20.4239 -5.68901 -80.3313 3.98526 20.6095 3.95996 -3.1389
ENERGY:  660000      1569.1515      9371.3128      5761.4637        87.9344         -60535.1835     -1175.7816         0.0000         0.0000     18923.4325         -25997.6703       305.4205    -44921.1027    -25852.7492       307.3558            275.7724       295.4751    266881.5384       -28.9757       -28.9443

WRITING COORDINATES TO DCD FILE NPT.dcd AT STEP 660000
LDB: ============= START OF LOAD BALANCING ============== 109744
LDB: ============== END OF LOAD BALANCING =============== 109744
LDB: =============== DONE WITH MIGRATION ================ 109744
LDB: ============= START OF LOAD BALANCING ============== 109752
LDB: ============== END OF LOAD BALANCING =============== 109752
LDB: =============== DONE WITH MIGRATION ================ 109752
LDB: ============= START OF LOAD BALANCING ============== 110074
LDB: ============== END OF LOAD BALANCING =============== 110074
LDB: =============== DONE WITH MIGRATION ================ 110074
LDB: ============= START OF LOAD BALANCING ============== 110082
LDB: ============== END OF LOAD BALANCING =============== 110082
LDB: =============== DONE WITH MIGRATION ================ 110082
LDB: ============= START OF LOAD BALANCING ============== 110404
LDB: ============== END OF LOAD BALANCING =============== 110404
LDB: =============== DONE WITH MIGRATION ================ 110404
LDB: ============= START OF LOAD BALANCING ============== 110412
LDB: ============== END OF LOAD BALANCING =============== 110412
LDB: =============== DONE WITH MIGRATION ================ 110412
LDB: ============= START OF LOAD BALANCING ============== 110735
LDB: ============== END OF LOAD BALANCING =============== 110735
LDB: =============== DONE WITH MIGRATION ================ 110735
LDB: ============= START OF LOAD BALANCING ============== 110743
LDB: ============== END OF LOAD BALANCING =============== 110743
LDB: =============== DONE WITH MIGRATION ================ 110743
LDB: ============= START OF LOAD BALANCING ============== 111065
LDB: ============== END OF LOAD BALANCING =============== 111065
LDB: =============== DONE WITH MIGRATION ================ 111065
LDB: ============= START OF LOAD BALANCING ============== 111074
LDB: ============== END OF LOAD BALANCING =============== 111074
LDB: =============== DONE WITH MIGRATION ================ 111074
PRESSURE: 670000 210.269 61.1141 -259.586 61.1141 99.4076 -107.466 -259.586 -107.466 -778.323
GPRESSURE: 670000 67.0643 76.9337 -364.041 80.3929 161.68 -58.8163 -91.23 123.684 -623.596
PRESSAVG: 670000 15.8862 14.3343 -10.9599 14.3343 -58.9461 2.69835 -10.9599 2.69835 -5.52624
GPRESSAVG: 670000 15.86 14.3669 -10.9615 14.4153 -58.9148 2.74455 -11.0285 2.71372 -5.57967
ENERGY:  670000      1611.6158      9365.0204      5780.4409        70.2104         -60209.7763     -1312.6171         0.0000         0.0000     19017.1388         -25677.9671       306.9329    -44695.1059    -25528.0313       307.0034           -156.2157      -131.6172    268787.3043       -16.1954       -16.2115

WRITING COORDINATES TO DCD FILE NPT.dcd AT STEP 670000
LDB: ============= START OF LOAD BALANCING ============== 111396
LDB: ============== END OF LOAD BALANCING =============== 111396
LDB: =============== DONE WITH MIGRATION ================ 111396
LDB: ============= START OF LOAD BALANCING ============== 111404
LDB: ============== END OF LOAD BALANCING =============== 111404
LDB: =============== DONE WITH MIGRATION ================ 111404
LDB: ============= START OF LOAD BALANCING ============== 111727
LDB: ============== END OF LOAD BALANCING =============== 111727
LDB: =============== DONE WITH MIGRATION ================ 111727
LDB: ============= START OF LOAD BALANCING ============== 111735
LDB: ============== END OF LOAD BALANCING =============== 111735
LDB: =============== DONE WITH MIGRATION ================ 111735
LDB: ============= START OF LOAD BALANCING ============== 112057
LDB: ============== END OF LOAD BALANCING =============== 112057
LDB: =============== DONE WITH MIGRATION ================ 112057
LDB: ============= START OF LOAD BALANCING ============== 112065
LDB: ============== END OF LOAD BALANCING =============== 112065
LDB: =============== DONE WITH MIGRATION ================ 112065
LDB: ============= START OF LOAD BALANCING ============== 112387
LDB: ============== END OF LOAD BALANCING =============== 112387
LDB: =============== DONE WITH MIGRATION ================ 112387
LDB: ============= START OF LOAD BALANCING ============== 112395
LDB: ============== END OF LOAD BALANCING =============== 112395
LDB: =============== DONE WITH MIGRATION ================ 112395
LDB: ============= START OF LOAD BALANCING ============== 112717
LDB: ============== END OF LOAD BALANCING =============== 112717
LDB: =============== DONE WITH MIGRATION ================ 112717
LDB: ============= START OF LOAD BALANCING ============== 112725
LDB: ============== END OF LOAD BALANCING =============== 112725
LDB: =============== DONE WITH MIGRATION ================ 112725
PRESSURE: 680000 -505.353 587.965 28.857 587.965 -35.9562 -324.522 28.857 -324.522 493.635
GPRESSURE: 680000 -334.722 361.661 -130.563 454.312 -88.9687 -459.274 -0.98204 -235.271 439.448
PRESSAVG: 680000 36.287 -11.8435 14.121 -11.8435 -11.0546 7.44957 14.121 7.44957 4.68605
GPRESSAVG: 680000 36.3095 -11.7682 14.1987 -11.9314 -11.1177 7.47768 14.1183 7.51272 4.74747
ENERGY:  680000      1635.6000      9408.9469      5684.8999        79.8345         -60263.8180     -1324.6104         0.0000         0.0000     18855.7075         -25923.4396       304.3274    -44779.1471    -25772.3812       306.0328            -15.8917         5.2523    269249.5968         9.9728         9.9798

WRITING COORDINATES TO DCD FILE NPT.dcd AT STEP 680000
LDB: ============= START OF LOAD BALANCING ============== 113047
LDB: ============== END OF LOAD BALANCING =============== 113047
LDB: =============== DONE WITH MIGRATION ================ 113047
LDB: ============= START OF LOAD BALANCING ============== 113055
LDB: ============== END OF LOAD BALANCING =============== 113055
LDB: =============== DONE WITH MIGRATION ================ 113055
LDB: ============= START OF LOAD BALANCING ============== 113377
LDB: ============== END OF LOAD BALANCING =============== 113377
LDB: =============== DONE WITH MIGRATION ================ 113377
LDB: ============= START OF LOAD BALANCING ============== 113385
LDB: ============== END OF LOAD BALANCING =============== 113385
LDB: =============== DONE WITH MIGRATION ================ 113385
LDB: ============= START OF LOAD BALANCING ============== 113707
LDB: ============== END OF LOAD BALANCING =============== 113707
LDB: =============== DONE WITH MIGRATION ================ 113707
LDB: ============= START OF LOAD BALANCING ============== 113715
LDB: ============== END OF LOAD BALANCING =============== 113715
LDB: =============== DONE WITH MIGRATION ================ 113715
LDB: ============= START OF LOAD BALANCING ============== 114036
LDB: ============== END OF LOAD BALANCING =============== 114036
LDB: =============== DONE WITH MIGRATION ================ 114036
LDB: ============= START OF LOAD BALANCING ============== 114044
LDB: ============== END OF LOAD BALANCING =============== 114044
LDB: =============== DONE WITH MIGRATION ================ 114044
LDB: ============= START OF LOAD BALANCING ============== 114367
LDB: ============== END OF LOAD BALANCING =============== 114367
LDB: =============== DONE WITH MIGRATION ================ 114367
LDB: ============= START OF LOAD BALANCING ============== 114375
LDB: ============== END OF LOAD BALANCING =============== 114375
LDB: =============== DONE WITH MIGRATION ================ 114375
PRESSURE: 690000 -143.833 124.559 -252.686 124.559 -54.8032 181.258 -252.686 181.258 -293.893
GPRESSURE: 690000 -206.46 102.885 -267.363 159.338 -61.9521 95.9527 -293.459 126.748 -145.472
PRESSAVG: 690000 -74.0771 21.3005 21.847 21.3005 -103.733 -8.26366 21.847 -8.26366 6.10594
GPRESSAVG: 690000 -74.061 21.2353 21.7287 21.248 -103.677 -8.28796 21.8734 -8.21558 6.1467
ENERGY:  690000      1610.4369      9438.7883      5791.2452        68.9291         -60497.6813     -1299.4148         0.0000         0.0000     18987.7979         -25899.8987       306.4593    -44887.6966    -25752.4250       305.9774           -164.1763      -137.9614    267805.5149       -57.2347       -57.1970

WRITING COORDINATES TO DCD FILE NPT.dcd AT STEP 690000
LDB: ============= START OF LOAD BALANCING ============== 114697
LDB: ============== END OF LOAD BALANCING =============== 114697
LDB: =============== DONE WITH MIGRATION ================ 114697
LDB: ============= START OF LOAD BALANCING ============== 114705
LDB: ============== END OF LOAD BALANCING =============== 114705
LDB: =============== DONE WITH MIGRATION ================ 114705
LDB: ============= START OF LOAD BALANCING ============== 115028
LDB: ============== END OF LOAD BALANCING =============== 115028
LDB: =============== DONE WITH MIGRATION ================ 115028
LDB: ============= START OF LOAD BALANCING ============== 115036
LDB: ============== END OF LOAD BALANCING =============== 115036
LDB: =============== DONE WITH MIGRATION ================ 115036
LDB: ============= START OF LOAD BALANCING ============== 115359
LDB: ============== END OF LOAD BALANCING =============== 115359
LDB: =============== DONE WITH MIGRATION ================ 115359
LDB: ============= START OF LOAD BALANCING ============== 115367
LDB: ============== END OF LOAD BALANCING =============== 115367
LDB: =============== DONE WITH MIGRATION ================ 115367
LDB: ============= START OF LOAD BALANCING ============== 115690
LDB: ============== END OF LOAD BALANCING =============== 115690
LDB: =============== DONE WITH MIGRATION ================ 115690
LDB: ============= START OF LOAD BALANCING ============== 115698
LDB: ============== END OF LOAD BALANCING =============== 115698
LDB: =============== DONE WITH MIGRATION ================ 115698
LDB: ============= START OF LOAD BALANCING ============== 116020
LDB: ============== END OF LOAD BALANCING =============== 116020
LDB: =============== DONE WITH MIGRATION ================ 116020
LDB: ============= START OF LOAD BALANCING ============== 116029
LDB: ============== END OF LOAD BALANCING =============== 116029
LDB: =============== DONE WITH MIGRATION ================ 116029
PRESSURE: 700000 -430.893 261.507 -135.839 261.507 411.988 387.885 -135.839 387.885 117.623
GPRESSURE: 700000 -261.17 235.743 -4.15591 49.3507 321.538 591.143 108.256 20.9382 87.46
PRESSAVG: 700000 23.6237 -0.912512 -14.6405 -0.912512 23.5916 -6.92532 -14.6405 -6.92532 3.93864
GPRESSAVG: 700000 23.6457 -0.820722 -14.5474 -1.01478 23.521 -6.96836 -14.6041 -6.99619 3.93105
TIMING: 700000  CPU: 116298, 0.17022/step  Wall: 116302, 0.170226/step, 14.1855 hours remaining, 856.924809 MB of memory in use.
PERFORMANCE: 700000  averaging 1.04006 ns/day, 0.166145 sec/step with standard deviation 0.00180642
ETITLE:      TS           BOND          ANGLE          DIHED          IMPRP               ELECT            VDW       BOUNDARY           MISC        KINETIC               TOTAL           TEMP      POTENTIAL         TOTAL3        TEMPAVG            PRESSURE      GPRESSURE         VOLUME       PRESSAVG      GPRESSAVG

ENERGY:  700000      1603.8303      9403.8582      5774.2913        79.3755         -60357.9495     -1324.2564         0.0000         0.0000     19058.1668         -25762.6837       307.5950    -44820.8505    -25602.3859       306.3085             32.9059        49.2760    268451.0820        17.0513        17.0326

WRITING EXTENDED SYSTEM TO RESTART FILE AT STEP 700000
WRITING COORDINATES TO DCD FILE NPT.dcd AT STEP 700000
WRITING COORDINATES TO RESTART FILE AT STEP 700000
FINISHED WRITING RESTART COORDINATES
WRITING VELOCITIES TO RESTART FILE AT STEP 700000
FINISHED WRITING RESTART VELOCITIES
LDB: ============= START OF LOAD BALANCING ============== 116351
LDB: ============== END OF LOAD BALANCING =============== 116351
LDB: =============== DONE WITH MIGRATION ================ 116351
LDB: ============= START OF LOAD BALANCING ============== 116360
LDB: ============== END OF LOAD BALANCING =============== 116360
LDB: =============== DONE WITH MIGRATION ================ 116360
LDB: ============= START OF LOAD BALANCING ============== 116682
LDB: ============== END OF LOAD BALANCING =============== 116682
LDB: =============== DONE WITH MIGRATION ================ 116682
LDB: ============= START OF LOAD BALANCING ============== 116690
LDB: ============== END OF LOAD BALANCING =============== 116690
LDB: =============== DONE WITH MIGRATION ================ 116690
LDB: ============= START OF LOAD BALANCING ============== 117012
LDB: ============== END OF LOAD BALANCING =============== 117012
LDB: =============== DONE WITH MIGRATION ================ 117012
LDB: ============= START OF LOAD BALANCING ============== 117020
LDB: ============== END OF LOAD BALANCING =============== 117020
LDB: =============== DONE WITH MIGRATION ================ 117020
LDB: ============= START OF LOAD BALANCING ============== 117344
LDB: ============== END OF LOAD BALANCING =============== 117344
LDB: =============== DONE WITH MIGRATION ================ 117344
LDB: ============= START OF LOAD BALANCING ============== 117352
LDB: ============== END OF LOAD BALANCING =============== 117352
LDB: =============== DONE WITH MIGRATION ================ 117352
LDB: ============= START OF LOAD BALANCING ============== 117674
LDB: ============== END OF LOAD BALANCING =============== 117674
LDB: =============== DONE WITH MIGRATION ================ 117674
LDB: ============= START OF LOAD BALANCING ============== 117682
LDB: ============== END OF LOAD BALANCING =============== 117682
LDB: =============== DONE WITH MIGRATION ================ 117682
PRESSURE: 710000 -133.509 -126.164 150.251 -126.164 -50.8116 255.213 150.251 255.213 -318.456
GPRESSURE: 710000 -213.051 1.87693 52.0608 -167.794 -35.3032 245.526 -6.59758 148.082 -232.699
PRESSAVG: 710000 -55.4172 3.81728 12.2806 3.81728 -68.4666 11.9994 12.2806 11.9994 9.0953
GPRESSAVG: 710000 -55.3342 3.84687 12.1693 3.95071 -68.5058 11.8664 12.1946 12.1342 9.13142
ENERGY:  710000      1606.1284      9364.3758      5791.7571        72.5827         -60230.9206     -1388.4892         0.0000         0.0000     19033.1309         -25751.4349       307.1910    -44784.5658    -25595.6683       306.2090           -167.5919      -160.3511    267978.8056       -38.2628       -38.2362

WRITING COORDINATES TO DCD FILE NPT.dcd AT STEP 710000
LDB: ============= START OF LOAD BALANCING ============== 118004
LDB: ============== END OF LOAD BALANCING =============== 118004
LDB: =============== DONE WITH MIGRATION ================ 118004
LDB: ============= START OF LOAD BALANCING ============== 118012
LDB: ============== END OF LOAD BALANCING =============== 118012
LDB: =============== DONE WITH MIGRATION ================ 118012
LDB: ============= START OF LOAD BALANCING ============== 118334
LDB: ============== END OF LOAD BALANCING =============== 118334
LDB: =============== DONE WITH MIGRATION ================ 118334
LDB: ============= START OF LOAD BALANCING ============== 118343
LDB: ============== END OF LOAD BALANCING =============== 118343
LDB: =============== DONE WITH MIGRATION ================ 118343
LDB: ============= START OF LOAD BALANCING ============== 118665
LDB: ============== END OF LOAD BALANCING =============== 118665
LDB: =============== DONE WITH MIGRATION ================ 118665
LDB: ============= START OF LOAD BALANCING ============== 118673
LDB: ============== END OF LOAD BALANCING =============== 118673
LDB: =============== DONE WITH MIGRATION ================ 118673
LDB: ============= START OF LOAD BALANCING ============== 118996
LDB: ============== END OF LOAD BALANCING =============== 118996
LDB: =============== DONE WITH MIGRATION ================ 118996
LDB: ============= START OF LOAD BALANCING ============== 119004
LDB: ============== END OF LOAD BALANCING =============== 119004
LDB: =============== DONE WITH MIGRATION ================ 119004
LDB: ============= START OF LOAD BALANCING ============== 119326
LDB: ============== END OF LOAD BALANCING =============== 119326
LDB: =============== DONE WITH MIGRATION ================ 119326
LDB: ============= START OF LOAD BALANCING ============== 119334
LDB: ============== END OF LOAD BALANCING =============== 119334
LDB: =============== DONE WITH MIGRATION ================ 119334
PRESSURE: 720000 -89.8548 -162.79 -494.532 -162.79 -379.376 201.559 -494.532 201.559 -31.9001
GPRESSURE: 720000 -157.856 -236.802 -485.53 18.0446 -172.997 361.95 -415.186 46.1065 -94.8159
PRESSAVG: 720000 -49.0222 13.698 17.4879 13.698 -112.632 16.8857 17.4879 16.8857 2.56397
GPRESSAVG: 720000 -48.9364 13.718 17.6097 13.5797 -112.569 17.0335 17.4497 16.7651 2.47233
ENERGY:  720000      1570.8675      9291.1252      5770.1538        68.6644         -60342.5438     -1234.6480         0.0000         0.0000     18898.3773         -25978.0036       305.0161    -44876.3809    -25828.4220       306.0754           -167.0437      -141.8896    268896.1069       -53.0301       -53.0109

WRITING COORDINATES TO DCD FILE NPT.dcd AT STEP 720000
LDB: ============= START OF LOAD BALANCING ============== 119656
LDB: ============== END OF LOAD BALANCING =============== 119656
LDB: =============== DONE WITH MIGRATION ================ 119656
LDB: ============= START OF LOAD BALANCING ============== 119664
LDB: ============== END OF LOAD BALANCING =============== 119664
LDB: =============== DONE WITH MIGRATION ================ 119664
LDB: ============= START OF LOAD BALANCING ============== 119987
LDB: ============== END OF LOAD BALANCING =============== 119987
LDB: =============== DONE WITH MIGRATION ================ 119987
LDB: ============= START OF LOAD BALANCING ============== 119995
LDB: ============== END OF LOAD BALANCING =============== 119995
LDB: =============== DONE WITH MIGRATION ================ 119995
LDB: ============= START OF LOAD BALANCING ============== 120317
LDB: ============== END OF LOAD BALANCING =============== 120317
LDB: =============== DONE WITH MIGRATION ================ 120317
LDB: ============= START OF LOAD BALANCING ============== 120326
LDB: ============== END OF LOAD BALANCING =============== 120326
LDB: =============== DONE WITH MIGRATION ================ 120326
LDB: ============= START OF LOAD BALANCING ============== 120649
LDB: ============== END OF LOAD BALANCING =============== 120649
LDB: =============== DONE WITH MIGRATION ================ 120649
LDB: ============= START OF LOAD BALANCING ============== 120657
LDB: ============== END OF LOAD BALANCING =============== 120657
LDB: =============== DONE WITH MIGRATION ================ 120657
LDB: ============= START OF LOAD BALANCING ============== 120980
LDB: ============== END OF LOAD BALANCING =============== 120980
LDB: =============== DONE WITH MIGRATION ================ 120980
LDB: ============= START OF LOAD BALANCING ============== 120988
LDB: ============== END OF LOAD BALANCING =============== 120988
LDB: =============== DONE WITH MIGRATION ================ 120988
PRESSURE: 730000 366.875 -35.6687 42.0226 -35.6687 -179.666 -278.179 42.0226 -278.179 -403.772
GPRESSURE: 730000 449.624 112.28 114.937 -47.9725 -153.771 -178.789 201.951 -561.638 -465.928
PRESSAVG: 730000 -13.5248 1.94853 -20.8888 1.94853 -53.7588 13.3336 -20.8888 13.3336 3.98623
GPRESSAVG: 730000 -13.5048 1.95929 -20.8267 1.89308 -53.8612 13.2583 -20.8927 13.2895 3.96641
ENERGY:  730000      1522.6211      9327.2472      5760.6511        88.4773         -59991.0164     -1480.9714         0.0000         0.0000     19076.7352         -25696.2558       307.8947    -44772.9910    -25545.5419       307.3289            -72.1877       -56.6915    267354.8035       -21.0991       -21.1332

WRITING COORDINATES TO DCD FILE NPT.dcd AT STEP 730000
LDB: ============= START OF LOAD BALANCING ============== 121310
LDB: ============== END OF LOAD BALANCING =============== 121310
LDB: =============== DONE WITH MIGRATION ================ 121310
LDB: ============= START OF LOAD BALANCING ============== 121319
LDB: ============== END OF LOAD BALANCING =============== 121319
LDB: =============== DONE WITH MIGRATION ================ 121319
LDB: ============= START OF LOAD BALANCING ============== 121641
LDB: ============== END OF LOAD BALANCING =============== 121641
LDB: =============== DONE WITH MIGRATION ================ 121641
LDB: ============= START OF LOAD BALANCING ============== 121650
LDB: ============== END OF LOAD BALANCING =============== 121650
LDB: =============== DONE WITH MIGRATION ================ 121650
LDB: ============= START OF LOAD BALANCING ============== 121972
LDB: ============== END OF LOAD BALANCING =============== 121972
LDB: =============== DONE WITH MIGRATION ================ 121972
LDB: ============= START OF LOAD BALANCING ============== 121981
LDB: ============== END OF LOAD BALANCING =============== 121981
LDB: =============== DONE WITH MIGRATION ================ 121981
LDB: ============= START OF LOAD BALANCING ============== 122303
LDB: ============== END OF LOAD BALANCING =============== 122303
LDB: =============== DONE WITH MIGRATION ================ 122303
LDB: ============= START OF LOAD BALANCING ============== 122311
LDB: ============== END OF LOAD BALANCING =============== 122311
LDB: =============== DONE WITH MIGRATION ================ 122311
LDB: ============= START OF LOAD BALANCING ============== 122633
LDB: ============== END OF LOAD BALANCING =============== 122633
LDB: =============== DONE WITH MIGRATION ================ 122633
LDB: ============= START OF LOAD BALANCING ============== 122642
LDB: ============== END OF LOAD BALANCING =============== 122642
LDB: =============== DONE WITH MIGRATION ================ 122642
PRESSURE: 740000 -7.26083 -550.411 188.779 -550.411 -307.151 -481.318 188.779 -481.318 123.514
GPRESSURE: 740000 -86.2334 -738.764 252.834 -243.782 -128.889 -488.774 196.996 -290.029 69.113
PRESSAVG: 740000 26.1376 -0.997062 12.1264 -0.997062 21.6208 7.00469 12.1264 7.00469 3.81313
GPRESSAVG: 740000 26.0757 -0.956467 12.1023 -1.01606 21.6342 7.06641 12.103 7.04054 3.79818
ENERGY:  740000      1582.5941      9245.3053      5737.9695        72.5184         -60126.1379     -1330.6722         0.0000         0.0000     18923.6186         -25894.8041       305.4235    -44818.4227    -25736.0774       306.0445            -63.6325       -48.6697    269996.8141        17.1905        17.1693

WRITING COORDINATES TO DCD FILE NPT.dcd AT STEP 740000
LDB: ============= START OF LOAD BALANCING ============== 122964
LDB: ============== END OF LOAD BALANCING =============== 122964
LDB: =============== DONE WITH MIGRATION ================ 122964
LDB: ============= START OF LOAD BALANCING ============== 122973
LDB: ============== END OF LOAD BALANCING =============== 122973
LDB: =============== DONE WITH MIGRATION ================ 122973
LDB: ============= START OF LOAD BALANCING ============== 123295
LDB: ============== END OF LOAD BALANCING =============== 123295
LDB: =============== DONE WITH MIGRATION ================ 123295
LDB: ============= START OF LOAD BALANCING ============== 123303
LDB: ============== END OF LOAD BALANCING =============== 123303
LDB: =============== DONE WITH MIGRATION ================ 123303
LDB: ============= START OF LOAD BALANCING ============== 123625
LDB: ============== END OF LOAD BALANCING =============== 123625
LDB: =============== DONE WITH MIGRATION ================ 123625
LDB: ============= START OF LOAD BALANCING ============== 123634
LDB: ============== END OF LOAD BALANCING =============== 123634
LDB: =============== DONE WITH MIGRATION ================ 123634
LDB: ============= START OF LOAD BALANCING ============== 123956
LDB: ============== END OF LOAD BALANCING =============== 123956
LDB: =============== DONE WITH MIGRATION ================ 123956
LDB: ============= START OF LOAD BALANCING ============== 123965
LDB: ============== END OF LOAD BALANCING =============== 123965
LDB: =============== DONE WITH MIGRATION ================ 123965
LDB: ============= START OF LOAD BALANCING ============== 124287
LDB: ============== END OF LOAD BALANCING =============== 124287
LDB: =============== DONE WITH MIGRATION ================ 124287
LDB: ============= START OF LOAD BALANCING ============== 124295
LDB: ============== END OF LOAD BALANCING =============== 124295
LDB: =============== DONE WITH MIGRATION ================ 124295
PRESSURE: 750000 430.702 283.343 52.0022 283.343 -216.581 -130.679 52.0022 -130.679 415.512
GPRESSURE: 750000 337.129 170.167 22.0249 268.221 1.42194 -127.82 82.197 -237.572 374.103
PRESSAVG: 750000 -32.0196 12.0464 19.183 12.0464 0.78021 0.0287871 19.183 0.0287871 4.40632
GPRESSAVG: 750000 -32.0315 12.0948 19.0961 11.9925 0.691798 0.135149 19.1771 -0.0360271 4.31567
ENERGY:  750000      1587.0337      9257.5800      5817.1855        80.7205         -60197.0999     -1446.0908         0.0000         0.0000     18927.3406         -25973.3304       305.4835    -44900.6711    -25815.3243       306.2111            209.8779       237.5512    268216.6188        -8.9443        -9.0080

WRITING EXTENDED SYSTEM TO RESTART FILE AT STEP 750000
WRITING COORDINATES TO DCD FILE NPT.dcd AT STEP 750000
WRITING COORDINATES TO RESTART FILE AT STEP 750000
FINISHED WRITING RESTART COORDINATES
WRITING VELOCITIES TO RESTART FILE AT STEP 750000
FINISHED WRITING RESTART VELOCITIES
LDB: ============= START OF LOAD BALANCING ============== 124618
LDB: ============== END OF LOAD BALANCING =============== 124618
LDB: =============== DONE WITH MIGRATION ================ 124618
LDB: ============= START OF LOAD BALANCING ============== 124626
LDB: ============== END OF LOAD BALANCING =============== 124626
LDB: =============== DONE WITH MIGRATION ================ 124626
LDB: ============= START OF LOAD BALANCING ============== 124950
LDB: ============== END OF LOAD BALANCING =============== 124950
LDB: =============== DONE WITH MIGRATION ================ 124950
LDB: ============= START OF LOAD BALANCING ============== 124958
LDB: ============== END OF LOAD BALANCING =============== 124958
LDB: =============== DONE WITH MIGRATION ================ 124958
LDB: ============= START OF LOAD BALANCING ============== 125281
LDB: ============== END OF LOAD BALANCING =============== 125281
LDB: =============== DONE WITH MIGRATION ================ 125281
LDB: ============= START OF LOAD BALANCING ============== 125289
LDB: ============== END OF LOAD BALANCING =============== 125289
LDB: =============== DONE WITH MIGRATION ================ 125289
LDB: ============= START OF LOAD BALANCING ============== 125613
LDB: ============== END OF LOAD BALANCING =============== 125613
LDB: =============== DONE WITH MIGRATION ================ 125613
LDB: ============= START OF LOAD BALANCING ============== 125621
LDB: ============== END OF LOAD BALANCING =============== 125621
LDB: =============== DONE WITH MIGRATION ================ 125621
LDB: ============= START OF LOAD BALANCING ============== 125944
LDB: ============== END OF LOAD BALANCING =============== 125944
LDB: =============== DONE WITH MIGRATION ================ 125944
LDB: ============= START OF LOAD BALANCING ============== 125952
LDB: ============== END OF LOAD BALANCING =============== 125952
LDB: =============== DONE WITH MIGRATION ================ 125952
PRESSURE: 760000 -246.893 333.532 -89.1284 333.532 -82.5106 689.523 -89.1284 689.523 111.45
GPRESSURE: 760000 -91.9434 290.761 -103.835 330.119 -206.302 550.74 -107.215 708.739 196.446
PRESSAVG: 760000 -44.4486 25.345 7.36031 25.345 4.25641 13.76 7.36031 13.76 6.45814
GPRESSAVG: 760000 -44.4832 25.3041 7.27266 25.3985 4.199 13.757 7.47001 13.8183 6.4441
ENERGY:  760000      1561.3707      9243.2407      5814.5132        75.3270         -60360.1726     -1318.0867         0.0000         0.0000     19097.1930         -25886.6147       308.2249    -44983.8077    -25729.3387       305.7522            -72.6510       -33.9331    267137.8334       -11.2447       -11.2800

WRITING COORDINATES TO DCD FILE NPT.dcd AT STEP 760000
LDB: ============= START OF LOAD BALANCING ============== 126275
LDB: ============== END OF LOAD BALANCING =============== 126275
LDB: =============== DONE WITH MIGRATION ================ 126275
LDB: ============= START OF LOAD BALANCING ============== 126284
LDB: ============== END OF LOAD BALANCING =============== 126284
LDB: =============== DONE WITH MIGRATION ================ 126284
LDB: ============= START OF LOAD BALANCING ============== 126606
LDB: ============== END OF LOAD BALANCING =============== 126606
LDB: =============== DONE WITH MIGRATION ================ 126606
LDB: ============= START OF LOAD BALANCING ============== 126614
LDB: ============== END OF LOAD BALANCING =============== 126614
LDB: =============== DONE WITH MIGRATION ================ 126614
LDB: ============= START OF LOAD BALANCING ============== 126936
LDB: ============== END OF LOAD BALANCING =============== 126936
LDB: =============== DONE WITH MIGRATION ================ 126936
LDB: ============= START OF LOAD BALANCING ============== 126944
LDB: ============== END OF LOAD BALANCING =============== 126944
LDB: =============== DONE WITH MIGRATION ================ 126944
LDB: ============= START OF LOAD BALANCING ============== 127268
LDB: ============== END OF LOAD BALANCING =============== 127268
LDB: =============== DONE WITH MIGRATION ================ 127268
LDB: ============= START OF LOAD BALANCING ============== 127276
LDB: ============== END OF LOAD BALANCING =============== 127276
LDB: =============== DONE WITH MIGRATION ================ 127276
LDB: ============= START OF LOAD BALANCING ============== 127598
LDB: ============== END OF LOAD BALANCING =============== 127598
LDB: =============== DONE WITH MIGRATION ================ 127598
LDB: ============= START OF LOAD BALANCING ============== 127607
LDB: ============== END OF LOAD BALANCING =============== 127607
LDB: =============== DONE WITH MIGRATION ================ 127607
PRESSURE: 770000 -257.02 -327.978 27.5651 -327.978 -264.161 -410.954 27.5651 -410.954 -258.487
GPRESSURE: 770000 -129.542 -377.209 -4.15264 -212.039 -211.909 -484.232 -90.2526 -167.955 -371.685
PRESSAVG: 770000 -33.3994 2.57892 -5.67073 2.57892 -1.18295 20.0602 -5.67073 20.0602 -4.08314
GPRESSAVG: 770000 -33.4559 2.60606 -5.72662 2.51366 -1.21389 20.0909 -5.72653 20.0996 -4.1352
ENERGY:  770000      1635.2814      9329.3001      5754.8426        77.9665         -60241.0196     -1339.8737         0.0000         0.0000     19033.2145         -25750.2881       307.1923    -44783.5027    -25592.3235       306.2187           -259.8895      -237.7124    268060.9247       -12.8885       -12.9350

WRITING COORDINATES TO DCD FILE NPT.dcd AT STEP 770000
LDB: ============= START OF LOAD BALANCING ============== 127929
LDB: ============== END OF LOAD BALANCING =============== 127929
LDB: =============== DONE WITH MIGRATION ================ 127929
LDB: ============= START OF LOAD BALANCING ============== 127937
LDB: ============== END OF LOAD BALANCING =============== 127937
LDB: =============== DONE WITH MIGRATION ================ 127937
LDB: ============= START OF LOAD BALANCING ============== 128260
LDB: ============== END OF LOAD BALANCING =============== 128260
LDB: =============== DONE WITH MIGRATION ================ 128260
LDB: ============= START OF LOAD BALANCING ============== 128268
LDB: ============== END OF LOAD BALANCING =============== 128268
LDB: =============== DONE WITH MIGRATION ================ 128268
LDB: ============= START OF LOAD BALANCING ============== 128591
LDB: ============== END OF LOAD BALANCING =============== 128591
LDB: =============== DONE WITH MIGRATION ================ 128591
LDB: ============= START OF LOAD BALANCING ============== 128599
LDB: ============== END OF LOAD BALANCING =============== 128599
LDB: =============== DONE WITH MIGRATION ================ 128599
LDB: ============= START OF LOAD BALANCING ============== 128921
LDB: ============== END OF LOAD BALANCING =============== 128921
LDB: =============== DONE WITH MIGRATION ================ 128921
LDB: ============= START OF LOAD BALANCING ============== 128929
LDB: ============== END OF LOAD BALANCING =============== 128929
LDB: =============== DONE WITH MIGRATION ================ 128929
LDB: ============= START OF LOAD BALANCING ============== 129252
LDB: ============== END OF LOAD BALANCING =============== 129252
LDB: =============== DONE WITH MIGRATION ================ 129252
LDB: ============= START OF LOAD BALANCING ============== 129260
LDB: ============== END OF LOAD BALANCING =============== 129260
LDB: =============== DONE WITH MIGRATION ================ 129260
PRESSURE: 780000 -159.337 14.0227 261.741 14.0227 -240.306 172.053 261.741 172.053 -538.249
GPRESSURE: 780000 -204.524 3.97388 351.515 127.326 -109.54 104.242 276.527 123.381 -583.216
PRESSAVG: 780000 -61.9683 -4.96415 -2.04257 -4.96415 -26.2291 3.21145 -2.04257 3.21145 3.25385
GPRESSAVG: 780000 -62.0078 -5.0774 -2.06786 -5.01321 -26.1857 3.21788 -2.06755 3.23776 3.21233
ENERGY:  780000      1651.0202      9368.7999      5754.2725        74.4971         -60031.1286     -1508.9259         0.0000         0.0000     18955.5260         -25735.9389       305.9384    -44691.4649    -25587.7955       306.3612           -312.6307      -299.0931    267739.8511       -28.3145       -28.3271

WRITING COORDINATES TO DCD FILE NPT.dcd AT STEP 780000
LDB: ============= START OF LOAD BALANCING ============== 129583
LDB: ============== END OF LOAD BALANCING =============== 129583
LDB: =============== DONE WITH MIGRATION ================ 129583
LDB: ============= START OF LOAD BALANCING ============== 129591
LDB: ============== END OF LOAD BALANCING =============== 129591
LDB: =============== DONE WITH MIGRATION ================ 129591
LDB: ============= START OF LOAD BALANCING ============== 129914
LDB: ============== END OF LOAD BALANCING =============== 129914
LDB: =============== DONE WITH MIGRATION ================ 129914
LDB: ============= START OF LOAD BALANCING ============== 129923
LDB: ============== END OF LOAD BALANCING =============== 129923
LDB: =============== DONE WITH MIGRATION ================ 129923
LDB: ============= START OF LOAD BALANCING ============== 130245
LDB: ============== END OF LOAD BALANCING =============== 130245
LDB: =============== DONE WITH MIGRATION ================ 130245
LDB: ============= START OF LOAD BALANCING ============== 130253
LDB: ============== END OF LOAD BALANCING =============== 130253
LDB: =============== DONE WITH MIGRATION ================ 130253
LDB: ============= START OF LOAD BALANCING ============== 130576
LDB: ============== END OF LOAD BALANCING =============== 130576
LDB: =============== DONE WITH MIGRATION ================ 130576
LDB: ============= START OF LOAD BALANCING ============== 130584
LDB: ============== END OF LOAD BALANCING =============== 130584
LDB: =============== DONE WITH MIGRATION ================ 130584
LDB: ============= START OF LOAD BALANCING ============== 130907
LDB: ============== END OF LOAD BALANCING =============== 130907
LDB: =============== DONE WITH MIGRATION ================ 130907
LDB: ============= START OF LOAD BALANCING ============== 130915
LDB: ============== END OF LOAD BALANCING =============== 130915
LDB: =============== DONE WITH MIGRATION ================ 130915
PRESSURE: 790000 271.953 346.905 48.441 346.905 528.244 94.3565 48.441 94.3565 -338.093
GPRESSURE: 790000 382.697 299.637 -94.3276 310.168 354.153 -55.2789 -77.7224 153.145 -247.409
PRESSAVG: 790000 1.44283 8.23338 -3.64123 8.23338 22.9455 -0.528147 -3.64123 -0.528147 6.39171
GPRESSAVG: 790000 1.46938 8.13885 -3.64289 8.35389 22.8942 -0.531137 -3.62406 -0.557275 6.43769
ENERGY:  790000      1642.4191      9487.9928      5762.6863        68.7205         -60402.3286     -1248.6041         0.0000         0.0000     19018.5922         -25670.5217       306.9563    -44689.1139    -25516.6625       306.5082            154.0345       163.1471    267236.2527        10.2600        10.2671

WRITING COORDINATES TO DCD FILE NPT.dcd AT STEP 790000
LDB: ============= START OF LOAD BALANCING ============== 131238
LDB: ============== END OF LOAD BALANCING =============== 131238
LDB: =============== DONE WITH MIGRATION ================ 131238
LDB: ============= START OF LOAD BALANCING ============== 131246
LDB: ============== END OF LOAD BALANCING =============== 131246
LDB: =============== DONE WITH MIGRATION ================ 131246
LDB: ============= START OF LOAD BALANCING ============== 131569
LDB: ============== END OF LOAD BALANCING =============== 131569
LDB: =============== DONE WITH MIGRATION ================ 131569
LDB: ============= START OF LOAD BALANCING ============== 131577
LDB: ============== END OF LOAD BALANCING =============== 131577
LDB: =============== DONE WITH MIGRATION ================ 131577
LDB: ============= START OF LOAD BALANCING ============== 131901
LDB: ============== END OF LOAD BALANCING =============== 131901
LDB: =============== DONE WITH MIGRATION ================ 131901
LDB: ============= START OF LOAD BALANCING ============== 131909
LDB: ============== END OF LOAD BALANCING =============== 131909
LDB: =============== DONE WITH MIGRATION ================ 131909
LDB: ============= START OF LOAD BALANCING ============== 132231
LDB: ============== END OF LOAD BALANCING =============== 132231
LDB: =============== DONE WITH MIGRATION ================ 132231
LDB: ============= START OF LOAD BALANCING ============== 132240
LDB: ============== END OF LOAD BALANCING =============== 132240
LDB: =============== DONE WITH MIGRATION ================ 132240
LDB: ============= START OF LOAD BALANCING ============== 132562
LDB: ============== END OF LOAD BALANCING =============== 132562
LDB: =============== DONE WITH MIGRATION ================ 132562
LDB: ============= START OF LOAD BALANCING ============== 132571
LDB: ============== END OF LOAD BALANCING =============== 132571
LDB: =============== DONE WITH MIGRATION ================ 132571
PRESSURE: 800000 -113.208 103.856 -210.955 103.856 -14.1405 -767.378 -210.955 -767.378 534.179
GPRESSURE: 800000 -180.826 -60.2688 -353.543 4.84373 58.4269 -800.901 13.2295 -607.628 582.687
PRESSAVG: 800000 2.83946 27.4017 10.9606 27.4017 7.74273 13.7587 10.9606 13.7587 2.58029
GPRESSAVG: 800000 2.86205 27.4405 10.9613 27.2824 7.7186 13.8835 11.0765 13.7293 2.64869
TIMING: 800000  CPU: 132840, 0.16542/step  Wall: 132844, 0.165427/step, 9.19037 hours remaining, 856.924809 MB of memory in use.
PERFORMANCE: 800000  averaging 1.04062 ns/day, 0.166055 sec/step with standard deviation 0.00169158
ETITLE:      TS           BOND          ANGLE          DIHED          IMPRP               ELECT            VDW       BOUNDARY           MISC        KINETIC               TOTAL           TEMP      POTENTIAL         TOTAL3        TEMPAVG            PRESSURE      GPRESSURE         VOLUME       PRESSAVG      GPRESSAVG

ENERGY:  800000      1549.0865      9303.9923      5772.9056        63.7105         -60611.4734     -1117.2331         0.0000         0.0000     19059.8594         -25979.1521       307.6224    -45039.0115    -25826.5379       306.9714            135.6101       153.4296    266612.8934         4.3875         4.4098

WRITING EXTENDED SYSTEM TO RESTART FILE AT STEP 800000
WRITING COORDINATES TO DCD FILE NPT.dcd AT STEP 800000
WRITING COORDINATES TO RESTART FILE AT STEP 800000
FINISHED WRITING RESTART COORDINATES
WRITING VELOCITIES TO RESTART FILE AT STEP 800000
FINISHED WRITING RESTART VELOCITIES
LDB: ============= START OF LOAD BALANCING ============== 132894
LDB: ============== END OF LOAD BALANCING =============== 132894
LDB: =============== DONE WITH MIGRATION ================ 132894
LDB: ============= START OF LOAD BALANCING ============== 132902
LDB: ============== END OF LOAD BALANCING =============== 132902
LDB: =============== DONE WITH MIGRATION ================ 132902
LDB: ============= START OF LOAD BALANCING ============== 133226
LDB: ============== END OF LOAD BALANCING =============== 133226
LDB: =============== DONE WITH MIGRATION ================ 133226
LDB: ============= START OF LOAD BALANCING ============== 133234
LDB: ============== END OF LOAD BALANCING =============== 133234
LDB: =============== DONE WITH MIGRATION ================ 133234
LDB: ============= START OF LOAD BALANCING ============== 133557
LDB: ============== END OF LOAD BALANCING =============== 133557
LDB: =============== DONE WITH MIGRATION ================ 133557
LDB: ============= START OF LOAD BALANCING ============== 133565
LDB: ============== END OF LOAD BALANCING =============== 133565
LDB: =============== DONE WITH MIGRATION ================ 133565
LDB: ============= START OF LOAD BALANCING ============== 133887
LDB: ============== END OF LOAD BALANCING =============== 133887
LDB: =============== DONE WITH MIGRATION ================ 133887
LDB: ============= START OF LOAD BALANCING ============== 133896
LDB: ============== END OF LOAD BALANCING =============== 133896
LDB: =============== DONE WITH MIGRATION ================ 133896
LDB: ============= START OF LOAD BALANCING ============== 134218
LDB: ============== END OF LOAD BALANCING =============== 134218
LDB: =============== DONE WITH MIGRATION ================ 134218
LDB: ============= START OF LOAD BALANCING ============== 134227
LDB: ============== END OF LOAD BALANCING =============== 134227
LDB: =============== DONE WITH MIGRATION ================ 134227
PRESSURE: 810000 212.532 -187.77 -23.048 -187.77 -82.6492 -73.5513 -23.048 -73.5513 164.976
GPRESSURE: 810000 179.82 -72.647 -94.0187 -255.012 125.361 97.2981 -154.476 -10.9241 51.1777
PRESSAVG: 810000 -2.79391 12.2896 0.385227 12.2896 21.8433 -9.19619 0.385227 -9.19619 2.34779
GPRESSAVG: 810000 -2.81856 12.3478 0.324721 12.3032 21.7665 -9.19041 0.372033 -9.30262 2.22385
ENERGY:  810000      1561.7795      9265.2379      5727.8038        62.7357         -60469.4020     -1233.5331         0.0000         0.0000     19037.9812         -26047.3970       307.2693    -45085.3782    -25894.1484       306.3112             98.2864       118.7864    268699.8585         7.1324         7.0573

WRITING COORDINATES TO DCD FILE NPT.dcd AT STEP 810000
LDB: ============= START OF LOAD BALANCING ============== 134549
LDB: ============== END OF LOAD BALANCING =============== 134549
LDB: =============== DONE WITH MIGRATION ================ 134549
LDB: ============= START OF LOAD BALANCING ============== 134557
LDB: ============== END OF LOAD BALANCING =============== 134557
LDB: =============== DONE WITH MIGRATION ================ 134557
LDB: ============= START OF LOAD BALANCING ============== 134879
LDB: ============== END OF LOAD BALANCING =============== 134879
LDB: =============== DONE WITH MIGRATION ================ 134879
LDB: ============= START OF LOAD BALANCING ============== 134887
LDB: ============== END OF LOAD BALANCING =============== 134887
LDB: =============== DONE WITH MIGRATION ================ 134887
LDB: ============= START OF LOAD BALANCING ============== 135209
LDB: ============== END OF LOAD BALANCING =============== 135209
LDB: =============== DONE WITH MIGRATION ================ 135209
LDB: ============= START OF LOAD BALANCING ============== 135218
LDB: ============== END OF LOAD BALANCING =============== 135218
LDB: =============== DONE WITH MIGRATION ================ 135218
LDB: ============= START OF LOAD BALANCING ============== 135540
LDB: ============== END OF LOAD BALANCING =============== 135540
LDB: =============== DONE WITH MIGRATION ================ 135540
LDB: ============= START OF LOAD BALANCING ============== 135548
LDB: ============== END OF LOAD BALANCING =============== 135548
LDB: =============== DONE WITH MIGRATION ================ 135548
LDB: ============= START OF LOAD BALANCING ============== 135870
LDB: ============== END OF LOAD BALANCING =============== 135870
LDB: =============== DONE WITH MIGRATION ================ 135870
LDB: ============= START OF LOAD BALANCING ============== 135879
LDB: ============== END OF LOAD BALANCING =============== 135879
LDB: =============== DONE WITH MIGRATION ================ 135879
PRESSURE: 820000 -238.643 -39.1976 58.512 -39.1976 -141.968 11.6708 58.512 11.6708 -77.6018
GPRESSURE: 820000 -8.50342 -81.6666 35.6956 -144.128 -240.792 71.8104 61.0975 99.5817 -132.593
PRESSAVG: 820000 -16.988 23.4961 1.62937 23.4961 5.81264 -3.16635 1.62937 -3.16635 -1.79852
GPRESSAVG: 820000 -16.9443 23.4045 1.73924 23.5144 5.76694 -3.20616 1.62792 -3.20099 -1.78831
ENERGY:  820000      1633.0305      9252.0134      5745.3925        64.3412         -60321.6183     -1265.3834         0.0000         0.0000     18986.5215         -25905.7026       306.4387    -44892.2241    -25749.7723       306.8213           -152.7376      -127.2962    267532.6626        -4.3246        -4.3219

WRITING COORDINATES TO DCD FILE NPT.dcd AT STEP 820000
LDB: ============= START OF LOAD BALANCING ============== 136201
LDB: ============== END OF LOAD BALANCING =============== 136201
LDB: =============== DONE WITH MIGRATION ================ 136201
LDB: ============= START OF LOAD BALANCING ============== 136209
LDB: ============== END OF LOAD BALANCING =============== 136209
LDB: =============== DONE WITH MIGRATION ================ 136209
LDB: ============= START OF LOAD BALANCING ============== 136532
LDB: ============== END OF LOAD BALANCING =============== 136532
LDB: =============== DONE WITH MIGRATION ================ 136532
LDB: ============= START OF LOAD BALANCING ============== 136541
LDB: ============== END OF LOAD BALANCING =============== 136541
LDB: =============== DONE WITH MIGRATION ================ 136541
LDB: ============= START OF LOAD BALANCING ============== 136863
LDB: ============== END OF LOAD BALANCING =============== 136863
LDB: =============== DONE WITH MIGRATION ================ 136863
LDB: ============= START OF LOAD BALANCING ============== 136872
LDB: ============== END OF LOAD BALANCING =============== 136872
LDB: =============== DONE WITH MIGRATION ================ 136872
LDB: ============= START OF LOAD BALANCING ============== 137194
LDB: ============== END OF LOAD BALANCING =============== 137194
LDB: =============== DONE WITH MIGRATION ================ 137194
LDB: ============= START OF LOAD BALANCING ============== 137203
LDB: ============== END OF LOAD BALANCING =============== 137203
LDB: =============== DONE WITH MIGRATION ================ 137203
LDB: ============= START OF LOAD BALANCING ============== 137525
LDB: ============== END OF LOAD BALANCING =============== 137525
LDB: =============== DONE WITH MIGRATION ================ 137525
LDB: ============= START OF LOAD BALANCING ============== 137533
LDB: ============== END OF LOAD BALANCING =============== 137533
LDB: =============== DONE WITH MIGRATION ================ 137533
PRESSURE: 830000 -532.039 -77.8363 458.266 -77.8363 -89.208 -82.9673 458.266 -82.9673 -541.207
GPRESSURE: 830000 -437.221 -30.3399 387.572 -209.404 -120.219 -170.472 527.879 16.9909 -568.905
PRESSAVG: 830000 -8.1743 35.9979 -11.1514 35.9979 -0.847408 2.36076 -11.1514 2.36076 -0.0276122
GPRESSAVG: 830000 -8.19354 35.9287 -11.1615 35.9648 -0.910521 2.38207 -11.0966 2.45188 -0.0320944
ENERGY:  830000      1583.9233      9304.6955      5753.0525        78.9758         -60394.4794     -1377.0574         0.0000         0.0000     18995.8257         -26055.0639       306.5889    -45050.8896    -25896.8593       306.1436           -387.4847      -375.4488    267795.7523        -3.0164        -3.0454

WRITING COORDINATES TO DCD FILE NPT.dcd AT STEP 830000
LDB: ============= START OF LOAD BALANCING ============== 137856
LDB: ============== END OF LOAD BALANCING =============== 137856
LDB: =============== DONE WITH MIGRATION ================ 137856
LDB: ============= START OF LOAD BALANCING ============== 137864
LDB: ============== END OF LOAD BALANCING =============== 137864
LDB: =============== DONE WITH MIGRATION ================ 137864
LDB: ============= START OF LOAD BALANCING ============== 138187
LDB: ============== END OF LOAD BALANCING =============== 138187
LDB: =============== DONE WITH MIGRATION ================ 138187
LDB: ============= START OF LOAD BALANCING ============== 138195
LDB: ============== END OF LOAD BALANCING =============== 138195
LDB: =============== DONE WITH MIGRATION ================ 138195
LDB: ============= START OF LOAD BALANCING ============== 138517
LDB: ============== END OF LOAD BALANCING =============== 138517
LDB: =============== DONE WITH MIGRATION ================ 138517
LDB: ============= START OF LOAD BALANCING ============== 138525
LDB: ============== END OF LOAD BALANCING =============== 138525
LDB: =============== DONE WITH MIGRATION ================ 138525
LDB: ============= START OF LOAD BALANCING ============== 138847
LDB: ============== END OF LOAD BALANCING =============== 138847
LDB: =============== DONE WITH MIGRATION ================ 138847
LDB: ============= START OF LOAD BALANCING ============== 138855
LDB: ============== END OF LOAD BALANCING =============== 138855
LDB: =============== DONE WITH MIGRATION ================ 138855
LDB: ============= START OF LOAD BALANCING ============== 139178
LDB: ============== END OF LOAD BALANCING =============== 139178
LDB: =============== DONE WITH MIGRATION ================ 139178
LDB: ============= START OF LOAD BALANCING ============== 139186
LDB: ============== END OF LOAD BALANCING =============== 139186
LDB: =============== DONE WITH MIGRATION ================ 139186
PRESSURE: 840000 -143.712 116.707 415.635 116.707 -479.753 -77.1417 415.635 -77.1417 -817.22
GPRESSURE: 840000 -326.856 101.94 356.623 288.818 -380.731 -9.55014 188.887 -244.476 -674.847
PRESSAVG: 840000 -40.6204 22.5666 26.7202 22.5666 -29.3129 -4.92704 26.7202 -4.92704 -0.135636
GPRESSAVG: 840000 -40.6409 22.5462 26.7392 22.5999 -29.3225 -4.88468 26.6371 -4.86885 -0.128017
ENERGY:  840000      1686.1265      9375.9321      5711.9245        73.4215         -60229.2419     -1401.5187         0.0000         0.0000     18957.6761         -25825.6800       305.9731    -44783.3560    -25676.0047       305.8865           -480.2284      -460.8112    267751.0479       -23.3563       -23.3638

WRITING COORDINATES TO DCD FILE NPT.dcd AT STEP 840000
LDB: ============= START OF LOAD BALANCING ============== 139509
LDB: ============== END OF LOAD BALANCING =============== 139509
LDB: =============== DONE WITH MIGRATION ================ 139509
LDB: ============= START OF LOAD BALANCING ============== 139517
LDB: ============== END OF LOAD BALANCING =============== 139517
LDB: =============== DONE WITH MIGRATION ================ 139517
LDB: ============= START OF LOAD BALANCING ============== 139839
LDB: ============== END OF LOAD BALANCING =============== 139839
LDB: =============== DONE WITH MIGRATION ================ 139839
LDB: ============= START OF LOAD BALANCING ============== 139848
LDB: ============== END OF LOAD BALANCING =============== 139848
LDB: =============== DONE WITH MIGRATION ================ 139848
LDB: ============= START OF LOAD BALANCING ============== 140170
LDB: ============== END OF LOAD BALANCING =============== 140170
LDB: =============== DONE WITH MIGRATION ================ 140170
LDB: ============= START OF LOAD BALANCING ============== 140178
LDB: ============== END OF LOAD BALANCING =============== 140178
LDB: =============== DONE WITH MIGRATION ================ 140178
LDB: ============= START OF LOAD BALANCING ============== 140500
LDB: ============== END OF LOAD BALANCING =============== 140500
LDB: =============== DONE WITH MIGRATION ================ 140500
LDB: ============= START OF LOAD BALANCING ============== 140508
LDB: ============== END OF LOAD BALANCING =============== 140508
LDB: =============== DONE WITH MIGRATION ================ 140508
LDB: ============= START OF LOAD BALANCING ============== 140830
LDB: ============== END OF LOAD BALANCING =============== 140830
LDB: =============== DONE WITH MIGRATION ================ 140830
LDB: ============= START OF LOAD BALANCING ============== 140838
LDB: ============== END OF LOAD BALANCING =============== 140838
LDB: =============== DONE WITH MIGRATION ================ 140838
PRESSURE: 850000 -684.031 637.412 120.581 637.412 -596.69 67.9466 120.581 67.9466 63.4447
GPRESSURE: 850000 -801.851 454.309 69.0763 579.198 -375.476 -63.1815 226.4 -47.2849 2.24331
PRESSAVG: 850000 -51.3982 5.73734 0.264162 5.73734 27.2787 -13.4588 0.264162 -13.4588 -0.0041475
GPRESSAVG: 850000 -51.3541 5.821 0.283904 5.76805 27.3299 -13.3563 0.476918 -13.5283 0.0105564
ENERGY:  850000      1591.3778      9275.5878      5710.8555        73.1719         -60268.8699     -1447.2706         0.0000         0.0000     18962.9191         -26102.2284       306.0578    -45065.1475    -25949.1956       306.9127           -405.7589      -391.6946    268040.6619        -8.0412        -8.0045

WRITING EXTENDED SYSTEM TO RESTART FILE AT STEP 850000
WRITING COORDINATES TO DCD FILE NPT.dcd AT STEP 850000
WRITING COORDINATES TO RESTART FILE AT STEP 850000
FINISHED WRITING RESTART COORDINATES
WRITING VELOCITIES TO RESTART FILE AT STEP 850000
FINISHED WRITING RESTART VELOCITIES
LDB: ============= START OF LOAD BALANCING ============== 141160
LDB: ============== END OF LOAD BALANCING =============== 141160
LDB: =============== DONE WITH MIGRATION ================ 141160
LDB: ============= START OF LOAD BALANCING ============== 141169
LDB: ============== END OF LOAD BALANCING =============== 141169
LDB: =============== DONE WITH MIGRATION ================ 141169
LDB: ============= START OF LOAD BALANCING ============== 141491
LDB: ============== END OF LOAD BALANCING =============== 141491
LDB: =============== DONE WITH MIGRATION ================ 141491
LDB: ============= START OF LOAD BALANCING ============== 141500
LDB: ============== END OF LOAD BALANCING =============== 141500
LDB: =============== DONE WITH MIGRATION ================ 141500
LDB: ============= START OF LOAD BALANCING ============== 141822
LDB: ============== END OF LOAD BALANCING =============== 141822
LDB: =============== DONE WITH MIGRATION ================ 141822
LDB: ============= START OF LOAD BALANCING ============== 141830
LDB: ============== END OF LOAD BALANCING =============== 141830
LDB: =============== DONE WITH MIGRATION ================ 141830
LDB: ============= START OF LOAD BALANCING ============== 142153
LDB: ============== END OF LOAD BALANCING =============== 142153
LDB: =============== DONE WITH MIGRATION ================ 142153
LDB: ============= START OF LOAD BALANCING ============== 142161
LDB: ============== END OF LOAD BALANCING =============== 142161
LDB: =============== DONE WITH MIGRATION ================ 142161
LDB: ============= START OF LOAD BALANCING ============== 142484
LDB: ============== END OF LOAD BALANCING =============== 142484
LDB: =============== DONE WITH MIGRATION ================ 142484
LDB: ============= START OF LOAD BALANCING ============== 142493
LDB: ============== END OF LOAD BALANCING =============== 142493
LDB: =============== DONE WITH MIGRATION ================ 142493
PRESSURE: 860000 418.523 285.923 34.397 285.923 454.352 157.462 34.397 157.462 79.0723
GPRESSURE: 860000 324.205 -72.751 15.5577 343.8 548 211.462 111.186 230.073 120.392
PRESSAVG: 860000 37.4588 -7.14023 -21.6573 -7.14023 73.2151 -7.06567 -21.6573 -7.06567 -4.99956
GPRESSAVG: 860000 37.5362 -7.13596 -21.5688 -7.17847 73.1732 -7.14171 -21.7468 -6.93642 -5.01358
ENERGY:  860000      1585.2721      9419.2541      5726.5661        76.1947         -60494.3485     -1241.6564         0.0000         0.0000     18984.1785         -25944.5393       306.4009    -44928.7178    -25799.9031       306.4345            317.3156       330.8656    267262.0519        35.2248        35.2319

WRITING COORDINATES TO DCD FILE NPT.dcd AT STEP 860000
LDB: ============= START OF LOAD BALANCING ============== 142815
LDB: ============== END OF LOAD BALANCING =============== 142815
LDB: =============== DONE WITH MIGRATION ================ 142815
LDB: ============= START OF LOAD BALANCING ============== 142824
LDB: ============== END OF LOAD BALANCING =============== 142824
LDB: =============== DONE WITH MIGRATION ================ 142824
LDB: ============= START OF LOAD BALANCING ============== 143146
LDB: ============== END OF LOAD BALANCING =============== 143146
LDB: =============== DONE WITH MIGRATION ================ 143146
LDB: ============= START OF LOAD BALANCING ============== 143155
LDB: ============== END OF LOAD BALANCING =============== 143155
LDB: =============== DONE WITH MIGRATION ================ 143155
LDB: ============= START OF LOAD BALANCING ============== 143476
LDB: ============== END OF LOAD BALANCING =============== 143476
LDB: =============== DONE WITH MIGRATION ================ 143476
LDB: ============= START OF LOAD BALANCING ============== 143485
LDB: ============== END OF LOAD BALANCING =============== 143485
LDB: =============== DONE WITH MIGRATION ================ 143485
LDB: ============= START OF LOAD BALANCING ============== 143806
LDB: ============== END OF LOAD BALANCING =============== 143806
LDB: =============== DONE WITH MIGRATION ================ 143806
LDB: ============= START OF LOAD BALANCING ============== 143815
LDB: ============== END OF LOAD BALANCING =============== 143815
LDB: =============== DONE WITH MIGRATION ================ 143815
LDB: ============= START OF LOAD BALANCING ============== 144137
LDB: ============== END OF LOAD BALANCING =============== 144137
LDB: =============== DONE WITH MIGRATION ================ 144137
LDB: ============= START OF LOAD BALANCING ============== 144146
LDB: ============== END OF LOAD BALANCING =============== 144146
LDB: =============== DONE WITH MIGRATION ================ 144146
PRESSURE: 870000 -129.466 -341.491 -250.828 -341.491 657.281 41.0378 -250.828 41.0378 -14.3635
GPRESSURE: 870000 36.5464 8.33189 -108.019 -95.1244 693.678 41.0901 -198.815 248.761 -180.533
PRESSAVG: 870000 16.613 27.7992 -15.1382 27.7992 -7.65421 -17.7021 -15.1382 -17.7021 7.95606
GPRESSAVG: 870000 16.5799 27.8184 -15.2735 27.7605 -7.5792 -17.6394 -15.1653 -17.6407 7.93463
ENERGY:  870000      1622.1213      9394.1564      5746.6174        75.5519         -60517.9597     -1204.3760         0.0000         0.0000     19095.9270         -25787.9617       308.2045    -44883.8887    -25639.6224       307.0668            171.1504       183.2305    267201.5049         5.6383         5.6451

WRITING COORDINATES TO DCD FILE NPT.dcd AT STEP 870000
LDB: ============= START OF LOAD BALANCING ============== 144468
LDB: ============== END OF LOAD BALANCING =============== 144468
LDB: =============== DONE WITH MIGRATION ================ 144468
LDB: ============= START OF LOAD BALANCING ============== 144477
LDB: ============== END OF LOAD BALANCING =============== 144477
LDB: =============== DONE WITH MIGRATION ================ 144477
LDB: ============= START OF LOAD BALANCING ============== 144799
LDB: ============== END OF LOAD BALANCING =============== 144799
LDB: =============== DONE WITH MIGRATION ================ 144799
LDB: ============= START OF LOAD BALANCING ============== 144807
LDB: ============== END OF LOAD BALANCING =============== 144807
LDB: =============== DONE WITH MIGRATION ================ 144807
LDB: ============= START OF LOAD BALANCING ============== 145129
LDB: ============== END OF LOAD BALANCING =============== 145129
LDB: =============== DONE WITH MIGRATION ================ 145129
LDB: ============= START OF LOAD BALANCING ============== 145137
LDB: ============== END OF LOAD BALANCING =============== 145137
LDB: =============== DONE WITH MIGRATION ================ 145137
LDB: ============= START OF LOAD BALANCING ============== 145460
LDB: ============== END OF LOAD BALANCING =============== 145460
LDB: =============== DONE WITH MIGRATION ================ 145460
LDB: ============= START OF LOAD BALANCING ============== 145468
LDB: ============== END OF LOAD BALANCING =============== 145468
LDB: =============== DONE WITH MIGRATION ================ 145468
LDB: ============= START OF LOAD BALANCING ============== 145791
LDB: ============== END OF LOAD BALANCING =============== 145791
LDB: =============== DONE WITH MIGRATION ================ 145791
LDB: ============= START OF LOAD BALANCING ============== 145799
LDB: ============== END OF LOAD BALANCING =============== 145799
LDB: =============== DONE WITH MIGRATION ================ 145799
PRESSURE: 880000 233.998 88.2064 -269.283 88.2064 -290.819 121.259 -269.283 121.259 -762.368
GPRESSURE: 880000 260.115 -58.5358 -204.168 222.74 -349.157 213.765 -25.2061 52.3751 -648.424
PRESSAVG: 880000 -0.114938 8.69147 -5.4805 8.69147 54.8465 1.90587 -5.4805 1.90587 -1.34832
GPRESSAVG: 880000 0.0169499 8.69723 -5.45029 8.74859 54.8307 1.95561 -5.41646 1.86501 -1.3931
ENERGY:  880000      1602.3896      9353.2297      5780.4484        76.9883         -60302.9235     -1473.9681         0.0000         0.0000     19107.2841         -25856.5514       308.3878    -44963.8355    -25702.7081       307.0830           -273.0630      -245.8220    267129.2923        17.7944        17.8182

WRITING COORDINATES TO DCD FILE NPT.dcd AT STEP 880000
LDB: ============= START OF LOAD BALANCING ============== 146122
LDB: ============== END OF LOAD BALANCING =============== 146122
LDB: =============== DONE WITH MIGRATION ================ 146122
LDB: ============= START OF LOAD BALANCING ============== 146131
LDB: ============== END OF LOAD BALANCING =============== 146131
LDB: =============== DONE WITH MIGRATION ================ 146131
LDB: ============= START OF LOAD BALANCING ============== 146453
LDB: ============== END OF LOAD BALANCING =============== 146453
LDB: =============== DONE WITH MIGRATION ================ 146453
LDB: ============= START OF LOAD BALANCING ============== 146462
LDB: ============== END OF LOAD BALANCING =============== 146462
LDB: =============== DONE WITH MIGRATION ================ 146462
LDB: ============= START OF LOAD BALANCING ============== 146784
LDB: ============== END OF LOAD BALANCING =============== 146784
LDB: =============== DONE WITH MIGRATION ================ 146784
LDB: ============= START OF LOAD BALANCING ============== 146792
LDB: ============== END OF LOAD BALANCING =============== 146792
LDB: =============== DONE WITH MIGRATION ================ 146792
LDB: ============= START OF LOAD BALANCING ============== 147114
LDB: ============== END OF LOAD BALANCING =============== 147114
LDB: =============== DONE WITH MIGRATION ================ 147114
LDB: ============= START OF LOAD BALANCING ============== 147122
LDB: ============== END OF LOAD BALANCING =============== 147122
LDB: =============== DONE WITH MIGRATION ================ 147122
LDB: ============= START OF LOAD BALANCING ============== 147444
LDB: ============== END OF LOAD BALANCING =============== 147444
LDB: =============== DONE WITH MIGRATION ================ 147444
LDB: ============= START OF LOAD BALANCING ============== 147453
LDB: ============== END OF LOAD BALANCING =============== 147453
LDB: =============== DONE WITH MIGRATION ================ 147453
PRESSURE: 890000 -350.607 11.685 263.81 11.685 -492.098 -395.793 263.81 -395.793 -308.985
GPRESSURE: 890000 -236.927 -59.1629 298 83.4995 -380.758 -300.669 37.5071 -357.808 -463.712
PRESSAVG: 890000 -11.7502 37.5696 13.3073 37.5696 8.27143 5.5977 13.3073 5.5977 0.82073
GPRESSAVG: 890000 -11.7809 37.5755 13.3591 37.6759 8.33634 5.57727 13.2427 5.63896 0.716439
ENERGY:  890000      1596.4193      9276.5069      5741.1270        71.3860         -60318.1549     -1312.7924         0.0000         0.0000     19182.1200         -25763.3881       309.5956    -44945.5082    -25614.5398       307.4543           -383.8967      -360.4654    268823.1100        -0.8860        -0.9094

WRITING COORDINATES TO DCD FILE NPT.dcd AT STEP 890000
LDB: ============= START OF LOAD BALANCING ============== 147774
LDB: ============== END OF LOAD BALANCING =============== 147774
LDB: =============== DONE WITH MIGRATION ================ 147774
LDB: ============= START OF LOAD BALANCING ============== 147783
LDB: ============== END OF LOAD BALANCING =============== 147783
LDB: =============== DONE WITH MIGRATION ================ 147783
LDB: ============= START OF LOAD BALANCING ============== 148105
LDB: ============== END OF LOAD BALANCING =============== 148105
LDB: =============== DONE WITH MIGRATION ================ 148105
LDB: ============= START OF LOAD BALANCING ============== 148113
LDB: ============== END OF LOAD BALANCING =============== 148113
LDB: =============== DONE WITH MIGRATION ================ 148113
LDB: ============= START OF LOAD BALANCING ============== 148436
LDB: ============== END OF LOAD BALANCING =============== 148436
LDB: =============== DONE WITH MIGRATION ================ 148436
LDB: ============= START OF LOAD BALANCING ============== 148444
LDB: ============== END OF LOAD BALANCING =============== 148444
LDB: =============== DONE WITH MIGRATION ================ 148444
LDB: ============= START OF LOAD BALANCING ============== 148766
LDB: ============== END OF LOAD BALANCING =============== 148766
LDB: =============== DONE WITH MIGRATION ================ 148766
LDB: ============= START OF LOAD BALANCING ============== 148774
LDB: ============== END OF LOAD BALANCING =============== 148774
LDB: =============== DONE WITH MIGRATION ================ 148774
LDB: ============= START OF LOAD BALANCING ============== 149097
LDB: ============== END OF LOAD BALANCING =============== 149097
LDB: =============== DONE WITH MIGRATION ================ 149097
LDB: ============= START OF LOAD BALANCING ============== 149105
LDB: ============== END OF LOAD BALANCING =============== 149105
LDB: =============== DONE WITH MIGRATION ================ 149105
PRESSURE: 900000 -155.026 -326.458 69.5426 -326.458 444.109 123.166 69.5426 123.166 216.973
GPRESSURE: 900000 -81.7646 -178.77 31.0966 -391.934 496.463 221.129 -49.9565 465.327 160.408
PRESSAVG: 900000 17.1732 25.1588 -2.08034 25.1588 29.2521 32.5832 -2.08034 32.5832 2.60756
GPRESSAVG: 900000 17.2176 25.1306 -2.09221 25.0626 29.1773 32.6384 -1.95838 32.5213 2.64168
TIMING: 900000  CPU: 149373, 0.165334/step  Wall: 149378, 0.16534/step, 4.59278 hours remaining, 856.924809 MB of memory in use.
PERFORMANCE: 900000  averaging 1.04112 ns/day, 0.165976 sec/step with standard deviation 0.00160018
ETITLE:      TS           BOND          ANGLE          DIHED          IMPRP               ELECT            VDW       BOUNDARY           MISC        KINETIC               TOTAL           TEMP      POTENTIAL         TOTAL3        TEMPAVG            PRESSURE      GPRESSURE         VOLUME       PRESSAVG      GPRESSAVG

ENERGY:  900000      1630.9290      9259.4832      5784.8359        75.4123         -60343.7838     -1349.0054         0.0000         0.0000     18939.0338         -26003.0951       305.6723    -44942.1289    -25847.9908       306.3048            168.6855       191.7022    267014.6778        16.3443        16.3455

WRITING EXTENDED SYSTEM TO RESTART FILE AT STEP 900000
WRITING COORDINATES TO DCD FILE NPT.dcd AT STEP 900000
WRITING COORDINATES TO RESTART FILE AT STEP 900000
FINISHED WRITING RESTART COORDINATES
WRITING VELOCITIES TO RESTART FILE AT STEP 900000
FINISHED WRITING RESTART VELOCITIES
LDB: ============= START OF LOAD BALANCING ============== 149428
LDB: ============== END OF LOAD BALANCING =============== 149428
LDB: =============== DONE WITH MIGRATION ================ 149428
LDB: ============= START OF LOAD BALANCING ============== 149436
LDB: ============== END OF LOAD BALANCING =============== 149436
LDB: =============== DONE WITH MIGRATION ================ 149436
LDB: ============= START OF LOAD BALANCING ============== 149759
LDB: ============== END OF LOAD BALANCING =============== 149759
LDB: =============== DONE WITH MIGRATION ================ 149759
LDB: ============= START OF LOAD BALANCING ============== 149767
LDB: ============== END OF LOAD BALANCING =============== 149767
LDB: =============== DONE WITH MIGRATION ================ 149767
LDB: ============= START OF LOAD BALANCING ============== 150090
LDB: ============== END OF LOAD BALANCING =============== 150090
LDB: =============== DONE WITH MIGRATION ================ 150090
LDB: ============= START OF LOAD BALANCING ============== 150099
LDB: ============== END OF LOAD BALANCING =============== 150099
LDB: =============== DONE WITH MIGRATION ================ 150099
LDB: ============= START OF LOAD BALANCING ============== 150422
LDB: ============== END OF LOAD BALANCING =============== 150422
LDB: =============== DONE WITH MIGRATION ================ 150422
LDB: ============= START OF LOAD BALANCING ============== 150430
LDB: ============== END OF LOAD BALANCING =============== 150430
LDB: =============== DONE WITH MIGRATION ================ 150430
LDB: ============= START OF LOAD BALANCING ============== 150753
LDB: ============== END OF LOAD BALANCING =============== 150753
LDB: =============== DONE WITH MIGRATION ================ 150753
LDB: ============= START OF LOAD BALANCING ============== 150761
LDB: ============== END OF LOAD BALANCING =============== 150761
LDB: =============== DONE WITH MIGRATION ================ 150761
PRESSURE: 910000 -172.251 178.578 184.067 178.578 152.787 11.9344 184.067 11.9344 -64.6276
GPRESSURE: 910000 -192.259 108.098 101.766 198.693 231.371 -54.6807 360.137 -178.497 -33.2915
PRESSAVG: 910000 -4.46259 15.1365 0.146542 15.1365 64.9124 -4.06522 0.146542 -4.06522 2.61683
GPRESSAVG: 910000 -4.59162 15.1091 0.21945 15.2305 64.8777 -4.14063 0.114357 -4.06952 2.60314
ENERGY:  910000      1623.5021      9455.5048      5751.9701        73.8077         -60506.7317     -1209.0495         0.0000         0.0000     19136.4598         -25674.5367       308.8587    -44810.9966    -25522.6436       306.0521            -28.0305         1.9401    267533.0567        21.0222        20.9631

WRITING COORDINATES TO DCD FILE NPT.dcd AT STEP 910000
LDB: ============= START OF LOAD BALANCING ============== 151084
LDB: ============== END OF LOAD BALANCING =============== 151084
LDB: =============== DONE WITH MIGRATION ================ 151084
LDB: ============= START OF LOAD BALANCING ============== 151092
LDB: ============== END OF LOAD BALANCING =============== 151092
LDB: =============== DONE WITH MIGRATION ================ 151092
LDB: ============= START OF LOAD BALANCING ============== 151415
LDB: ============== END OF LOAD BALANCING =============== 151415
LDB: =============== DONE WITH MIGRATION ================ 151415
LDB: ============= START OF LOAD BALANCING ============== 151423
LDB: ============== END OF LOAD BALANCING =============== 151423
LDB: =============== DONE WITH MIGRATION ================ 151423
LDB: ============= START OF LOAD BALANCING ============== 151746
LDB: ============== END OF LOAD BALANCING =============== 151746
LDB: =============== DONE WITH MIGRATION ================ 151746
LDB: ============= START OF LOAD BALANCING ============== 151754
LDB: ============== END OF LOAD BALANCING =============== 151754
LDB: =============== DONE WITH MIGRATION ================ 151754
LDB: ============= START OF LOAD BALANCING ============== 152077
LDB: ============== END OF LOAD BALANCING =============== 152077
LDB: =============== DONE WITH MIGRATION ================ 152077
LDB: ============= START OF LOAD BALANCING ============== 152085
LDB: ============== END OF LOAD BALANCING =============== 152085
LDB: =============== DONE WITH MIGRATION ================ 152085
LDB: ============= START OF LOAD BALANCING ============== 152407
LDB: ============== END OF LOAD BALANCING =============== 152407
LDB: =============== DONE WITH MIGRATION ================ 152407
LDB: ============= START OF LOAD BALANCING ============== 152416
LDB: ============== END OF LOAD BALANCING =============== 152416
LDB: =============== DONE WITH MIGRATION ================ 152416
PRESSURE: 920000 18.8932 214.55 -36.9223 214.55 -192.97 -499.226 -36.9223 -499.226 426.206
GPRESSURE: 920000 187.799 -24.437 -149.942 413.263 -104.84 -448.743 -147.633 -418.797 220.785
PRESSAVG: 920000 -26.2311 5.4221 12.253 5.4221 14.1814 13.0181 12.253 13.0181 4.39644
GPRESSAVG: 920000 -26.1809 5.40487 12.2694 5.45816 14.1166 12.9561 12.1472 12.9825 4.47743
ENERGY:  920000      1521.2169      9349.6383      5735.7334        60.9142         -60303.1113     -1341.9000         0.0000         0.0000     18905.3838         -26072.1248       305.1292    -44977.5086    -25926.1073       305.8206             84.0430       101.2484    267765.4566        -2.5511        -2.5290

WRITING COORDINATES TO DCD FILE NPT.dcd AT STEP 920000
LDB: ============= START OF LOAD BALANCING ============== 152738
LDB: ============== END OF LOAD BALANCING =============== 152738
LDB: =============== DONE WITH MIGRATION ================ 152738
LDB: ============= START OF LOAD BALANCING ============== 152746
LDB: ============== END OF LOAD BALANCING =============== 152746
LDB: =============== DONE WITH MIGRATION ================ 152746
LDB: ============= START OF LOAD BALANCING ============== 153069
LDB: ============== END OF LOAD BALANCING =============== 153069
LDB: =============== DONE WITH MIGRATION ================ 153069
LDB: ============= START OF LOAD BALANCING ============== 153078
LDB: ============== END OF LOAD BALANCING =============== 153078
LDB: =============== DONE WITH MIGRATION ================ 153078
LDB: ============= START OF LOAD BALANCING ============== 153400
LDB: ============== END OF LOAD BALANCING =============== 153400
LDB: =============== DONE WITH MIGRATION ================ 153400
LDB: ============= START OF LOAD BALANCING ============== 153409
LDB: ============== END OF LOAD BALANCING =============== 153409
LDB: =============== DONE WITH MIGRATION ================ 153409
LDB: ============= START OF LOAD BALANCING ============== 153732
LDB: ============== END OF LOAD BALANCING =============== 153732
LDB: =============== DONE WITH MIGRATION ================ 153732
LDB: ============= START OF LOAD BALANCING ============== 153740
LDB: ============== END OF LOAD BALANCING =============== 153740
LDB: =============== DONE WITH MIGRATION ================ 153740
LDB: ============= START OF LOAD BALANCING ============== 154063
LDB: ============== END OF LOAD BALANCING =============== 154063
LDB: =============== DONE WITH MIGRATION ================ 154063
LDB: ============= START OF LOAD BALANCING ============== 154071
LDB: ============== END OF LOAD BALANCING =============== 154071
LDB: =============== DONE WITH MIGRATION ================ 154071
PRESSURE: 930000 -426.345 -75.1293 -41.0606 -75.1293 50.5281 249.454 -41.0606 249.454 -123.027
GPRESSURE: 930000 -467.373 -64.3489 -43.404 -94.9533 197.017 186.935 175.217 112.079 -198.177
PRESSAVG: 930000 -54.9284 8.78643 -1.6604 8.78643 -4.40104 22.7987 -1.6604 22.7987 2.99427
GPRESSAVG: 930000 -54.8508 8.81873 -1.76877 8.80762 -4.4706 22.8235 -1.6133 22.8567 3.05528
ENERGY:  930000      1612.8327      9357.9091      5734.7771        73.8676         -59906.4324     -1634.2686         0.0000         0.0000     18966.5427         -25794.7718       306.1162    -44761.3145    -25650.4437       307.4327           -166.2813      -156.1774    267638.0116       -18.7784       -18.7554

WRITING COORDINATES TO DCD FILE NPT.dcd AT STEP 930000
LDB: ============= START OF LOAD BALANCING ============== 154394
LDB: ============== END OF LOAD BALANCING =============== 154394
LDB: =============== DONE WITH MIGRATION ================ 154394
LDB: ============= START OF LOAD BALANCING ============== 154402
LDB: ============== END OF LOAD BALANCING =============== 154402
LDB: =============== DONE WITH MIGRATION ================ 154402
LDB: ============= START OF LOAD BALANCING ============== 154725
LDB: ============== END OF LOAD BALANCING =============== 154725
LDB: =============== DONE WITH MIGRATION ================ 154725
LDB: ============= START OF LOAD BALANCING ============== 154733
LDB: ============== END OF LOAD BALANCING =============== 154733
LDB: =============== DONE WITH MIGRATION ================ 154733
LDB: ============= START OF LOAD BALANCING ============== 155056
LDB: ============== END OF LOAD BALANCING =============== 155056
LDB: =============== DONE WITH MIGRATION ================ 155056
LDB: ============= START OF LOAD BALANCING ============== 155064
LDB: ============== END OF LOAD BALANCING =============== 155064
LDB: =============== DONE WITH MIGRATION ================ 155064
LDB: ============= START OF LOAD BALANCING ============== 155387
LDB: ============== END OF LOAD BALANCING =============== 155387
LDB: =============== DONE WITH MIGRATION ================ 155387
LDB: ============= START OF LOAD BALANCING ============== 155395
LDB: ============== END OF LOAD BALANCING =============== 155395
LDB: =============== DONE WITH MIGRATION ================ 155395
LDB: ============= START OF LOAD BALANCING ============== 155718
LDB: ============== END OF LOAD BALANCING =============== 155718
LDB: =============== DONE WITH MIGRATION ================ 155718
LDB: ============= START OF LOAD BALANCING ============== 155726
LDB: ============== END OF LOAD BALANCING =============== 155726
LDB: =============== DONE WITH MIGRATION ================ 155726
PRESSURE: 940000 223.763 -56.3262 219.424 -56.3262 -83.3209 -46.1197 219.424 -46.1197 562.52
GPRESSURE: 940000 146.218 -181.918 260.166 112.589 -8.57156 -59.939 -77.9136 -76.4872 571.888
PRESSAVG: 940000 -19.3012 -4.64536 3.0661 -4.64536 10.0858 -21.7219 3.0661 -21.7219 1.73486
GPRESSAVG: 940000 -19.2439 -4.64276 3.07525 -4.70401 10.1409 -21.7519 2.96147 -21.6971 1.71853
ENERGY:  940000      1556.3997      9466.1535      5728.6887        66.0402         -60403.2976     -1401.9277         0.0000         0.0000     19126.9280         -25861.0152       308.7048    -44987.9432    -25706.5123       306.9790            234.3205       236.5117    266558.4119        -2.4935        -2.4615

WRITING COORDINATES TO DCD FILE NPT.dcd AT STEP 940000
LDB: ============= START OF LOAD BALANCING ============== 156049
LDB: ============== END OF LOAD BALANCING =============== 156049
LDB: =============== DONE WITH MIGRATION ================ 156049
LDB: ============= START OF LOAD BALANCING ============== 156058
LDB: ============== END OF LOAD BALANCING =============== 156058
LDB: =============== DONE WITH MIGRATION ================ 156058
LDB: ============= START OF LOAD BALANCING ============== 156381
LDB: ============== END OF LOAD BALANCING =============== 156381
LDB: =============== DONE WITH MIGRATION ================ 156381
LDB: ============= START OF LOAD BALANCING ============== 156389
LDB: ============== END OF LOAD BALANCING =============== 156389
LDB: =============== DONE WITH MIGRATION ================ 156389
LDB: ============= START OF LOAD BALANCING ============== 156712
LDB: ============== END OF LOAD BALANCING =============== 156712
LDB: =============== DONE WITH MIGRATION ================ 156712
LDB: ============= START OF LOAD BALANCING ============== 156721
LDB: ============== END OF LOAD BALANCING =============== 156721
LDB: =============== DONE WITH MIGRATION ================ 156721
LDB: ============= START OF LOAD BALANCING ============== 157044
LDB: ============== END OF LOAD BALANCING =============== 157044
LDB: =============== DONE WITH MIGRATION ================ 157044
LDB: ============= START OF LOAD BALANCING ============== 157052
LDB: ============== END OF LOAD BALANCING =============== 157052
LDB: =============== DONE WITH MIGRATION ================ 157052
LDB: ============= START OF LOAD BALANCING ============== 157376
LDB: ============== END OF LOAD BALANCING =============== 157376
LDB: =============== DONE WITH MIGRATION ================ 157376
LDB: ============= START OF LOAD BALANCING ============== 157384
LDB: ============== END OF LOAD BALANCING =============== 157384
LDB: =============== DONE WITH MIGRATION ================ 157384
PRESSURE: 950000 -101.531 153.593 320.131 153.593 306.696 64.4363 320.131 64.4363 -242.813
GPRESSURE: 950000 -138.57 245.735 190.776 237.584 323.067 25.1451 258.098 -43.0968 -169.418
PRESSAVG: 950000 -47.0765 13.9414 11.8441 13.9414 4.52228 2.37091 11.8441 2.37091 1.27112
GPRESSAVG: 950000 -46.995 13.9155 11.7109 13.8999 4.60787 2.28498 11.9091 2.34715 1.27245
ENERGY:  950000      1595.6601      9317.7132      5754.7918        87.9837         -60441.0106     -1256.4494         0.0000         0.0000     18927.9295         -26013.3818       305.4930    -44941.3113    -25861.9405       307.3355            -12.5494         5.0262    267788.1317       -13.7610       -13.7049

WRITING EXTENDED SYSTEM TO RESTART FILE AT STEP 950000
WRITING COORDINATES TO DCD FILE NPT.dcd AT STEP 950000
WRITING COORDINATES TO RESTART FILE AT STEP 950000
FINISHED WRITING RESTART COORDINATES
WRITING VELOCITIES TO RESTART FILE AT STEP 950000
FINISHED WRITING RESTART VELOCITIES
LDB: ============= START OF LOAD BALANCING ============== 157707
LDB: ============== END OF LOAD BALANCING =============== 157707
LDB: =============== DONE WITH MIGRATION ================ 157707
LDB: ============= START OF LOAD BALANCING ============== 157715
LDB: ============== END OF LOAD BALANCING =============== 157715
LDB: =============== DONE WITH MIGRATION ================ 157715
LDB: ============= START OF LOAD BALANCING ============== 158037
LDB: ============== END OF LOAD BALANCING =============== 158037
LDB: =============== DONE WITH MIGRATION ================ 158037
LDB: ============= START OF LOAD BALANCING ============== 158045
LDB: ============== END OF LOAD BALANCING =============== 158045
LDB: =============== DONE WITH MIGRATION ================ 158045
LDB: ============= START OF LOAD BALANCING ============== 158368
LDB: ============== END OF LOAD BALANCING =============== 158368
LDB: =============== DONE WITH MIGRATION ================ 158368
LDB: ============= START OF LOAD BALANCING ============== 158376
LDB: ============== END OF LOAD BALANCING =============== 158376
LDB: =============== DONE WITH MIGRATION ================ 158376
LDB: ============= START OF LOAD BALANCING ============== 158698
LDB: ============== END OF LOAD BALANCING =============== 158698
LDB: =============== DONE WITH MIGRATION ================ 158698
LDB: ============= START OF LOAD BALANCING ============== 158707
LDB: ============== END OF LOAD BALANCING =============== 158707
LDB: =============== DONE WITH MIGRATION ================ 158707
LDB: ============= START OF LOAD BALANCING ============== 159029
LDB: ============== END OF LOAD BALANCING =============== 159029
LDB: =============== DONE WITH MIGRATION ================ 159029
LDB: ============= START OF LOAD BALANCING ============== 159038
LDB: ============== END OF LOAD BALANCING =============== 159038
LDB: =============== DONE WITH MIGRATION ================ 159038
PRESSURE: 960000 -114.156 105.184 -185.753 105.184 -71.4825 91.6545 -185.753 91.6545 -1134.51
GPRESSURE: 960000 25.5757 336.281 -166.999 35.3582 -136.552 191.309 -188.918 -32.0673 -1132.97
PRESSAVG: 960000 -161.268 30.4916 22.4158 30.4916 -69.0394 3.05943 22.4158 3.05943 0.339467
GPRESSAVG: 960000 -161.263 30.5119 22.4096 30.5655 -69.1257 3.00017 22.3783 3.15793 0.317633
ENERGY:  960000      1617.8335      9330.6051      5701.9168        60.5341         -60285.1664     -1371.7805         0.0000         0.0000     18975.3336         -25970.7238       306.2581    -44946.0573    -25827.4142       306.7241           -440.0484      -414.6479    268267.2191       -76.6560       -76.6903

WRITING COORDINATES TO DCD FILE NPT.dcd AT STEP 960000
LDB: ============= START OF LOAD BALANCING ============== 159360
LDB: ============== END OF LOAD BALANCING =============== 159360
LDB: =============== DONE WITH MIGRATION ================ 159360
LDB: ============= START OF LOAD BALANCING ============== 159368
LDB: ============== END OF LOAD BALANCING =============== 159368
LDB: =============== DONE WITH MIGRATION ================ 159368
LDB: ============= START OF LOAD BALANCING ============== 159691
LDB: ============== END OF LOAD BALANCING =============== 159691
LDB: =============== DONE WITH MIGRATION ================ 159691
LDB: ============= START OF LOAD BALANCING ============== 159699
LDB: ============== END OF LOAD BALANCING =============== 159699
LDB: =============== DONE WITH MIGRATION ================ 159699
LDB: ============= START OF LOAD BALANCING ============== 160022
LDB: ============== END OF LOAD BALANCING =============== 160022
LDB: =============== DONE WITH MIGRATION ================ 160022
LDB: ============= START OF LOAD BALANCING ============== 160030
LDB: ============== END OF LOAD BALANCING =============== 160030
LDB: =============== DONE WITH MIGRATION ================ 160030
LDB: ============= START OF LOAD BALANCING ============== 160353
LDB: ============== END OF LOAD BALANCING =============== 160353
LDB: =============== DONE WITH MIGRATION ================ 160353
LDB: ============= START OF LOAD BALANCING ============== 160361
LDB: ============== END OF LOAD BALANCING =============== 160361
LDB: =============== DONE WITH MIGRATION ================ 160361
LDB: ============= START OF LOAD BALANCING ============== 160684
LDB: ============== END OF LOAD BALANCING =============== 160684
LDB: =============== DONE WITH MIGRATION ================ 160684
LDB: ============= START OF LOAD BALANCING ============== 160693
LDB: ============== END OF LOAD BALANCING =============== 160693
LDB: =============== DONE WITH MIGRATION ================ 160693
PRESSURE: 970000 285.572 -7.11203 -89.643 -7.11203 131.119 289.716 -89.643 289.716 152.084
GPRESSURE: 970000 54.5485 104.81 113.014 20.5314 430.146 446.265 -54.9863 297.93 150.049
PRESSAVG: 970000 -49.4146 11.5832 3.16769 11.5832 45.9326 1.60592 3.16769 1.60592 0.377648
GPRESSAVG: 970000 -49.3795 11.466 3.22595 11.6474 45.9509 1.63355 3.15561 1.55406 0.415478
ENERGY:  970000      1585.4260      9279.0058      5680.7973        67.5283         -60224.0707     -1409.4836         0.0000         0.0000     18965.2877         -26055.5093       306.0960    -45020.7969    -25904.5722       306.7637            189.5919       211.5813    267381.9420        -1.0348        -1.0044

WRITING COORDINATES TO DCD FILE NPT.dcd AT STEP 970000
LDB: ============= START OF LOAD BALANCING ============== 161016
LDB: ============== END OF LOAD BALANCING =============== 161016
LDB: =============== DONE WITH MIGRATION ================ 161016
LDB: ============= START OF LOAD BALANCING ============== 161024
LDB: ============== END OF LOAD BALANCING =============== 161024
LDB: =============== DONE WITH MIGRATION ================ 161024
LDB: ============= START OF LOAD BALANCING ============== 161347
LDB: ============== END OF LOAD BALANCING =============== 161347
LDB: =============== DONE WITH MIGRATION ================ 161347
LDB: ============= START OF LOAD BALANCING ============== 161355
LDB: ============== END OF LOAD BALANCING =============== 161355
LDB: =============== DONE WITH MIGRATION ================ 161355
LDB: ============= START OF LOAD BALANCING ============== 161677
LDB: ============== END OF LOAD BALANCING =============== 161677
LDB: =============== DONE WITH MIGRATION ================ 161677
LDB: ============= START OF LOAD BALANCING ============== 161686
LDB: ============== END OF LOAD BALANCING =============== 161686
LDB: =============== DONE WITH MIGRATION ================ 161686
LDB: ============= START OF LOAD BALANCING ============== 162008
LDB: ============== END OF LOAD BALANCING =============== 162008
LDB: =============== DONE WITH MIGRATION ================ 162008
LDB: ============= START OF LOAD BALANCING ============== 162017
LDB: ============== END OF LOAD BALANCING =============== 162017
LDB: =============== DONE WITH MIGRATION ================ 162017
LDB: ============= START OF LOAD BALANCING ============== 162339
LDB: ============== END OF LOAD BALANCING =============== 162339
LDB: =============== DONE WITH MIGRATION ================ 162339
LDB: ============= START OF LOAD BALANCING ============== 162348
LDB: ============== END OF LOAD BALANCING =============== 162348
LDB: =============== DONE WITH MIGRATION ================ 162348
PRESSURE: 980000 -438.82 134.571 -234.185 134.571 223.314 -259.935 -234.185 -259.935 789.357
GPRESSURE: 980000 -275.868 1.58757 -206.979 174.454 309.739 -223.572 -7.45774 -256.873 581.926
PRESSAVG: 980000 -90.6588 42.8902 18.5936 42.8902 -42.6045 5.56482 18.5936 5.56482 0.344396
GPRESSAVG: 980000 -90.7539 42.8981 18.6252 42.8075 -42.5707 5.5412 18.6138 5.62877 0.315975
ENERGY:  980000      1544.4787      9276.3396      5685.6338        73.0863         -60506.7868     -1284.5196         0.0000         0.0000     18945.8327         -26265.9352       305.7820    -45211.7679    -26107.1239       306.5705            191.2838       205.2656    267829.5724       -44.3063       -44.3362

WRITING COORDINATES TO DCD FILE NPT.dcd AT STEP 980000
LDB: ============= START OF LOAD BALANCING ============== 162670
LDB: ============== END OF LOAD BALANCING =============== 162670
LDB: =============== DONE WITH MIGRATION ================ 162670
LDB: ============= START OF LOAD BALANCING ============== 162679
LDB: ============== END OF LOAD BALANCING =============== 162679
LDB: =============== DONE WITH MIGRATION ================ 162679
LDB: ============= START OF LOAD BALANCING ============== 163001
LDB: ============== END OF LOAD BALANCING =============== 163001
LDB: =============== DONE WITH MIGRATION ================ 163001
LDB: ============= START OF LOAD BALANCING ============== 163009
LDB: ============== END OF LOAD BALANCING =============== 163009
LDB: =============== DONE WITH MIGRATION ================ 163009
LDB: ============= START OF LOAD BALANCING ============== 163332
LDB: ============== END OF LOAD BALANCING =============== 163332
LDB: =============== DONE WITH MIGRATION ================ 163332
LDB: ============= START OF LOAD BALANCING ============== 163340
LDB: ============== END OF LOAD BALANCING =============== 163340
LDB: =============== DONE WITH MIGRATION ================ 163340
LDB: ============= START OF LOAD BALANCING ============== 163663
LDB: ============== END OF LOAD BALANCING =============== 163663
LDB: =============== DONE WITH MIGRATION ================ 163663
LDB: ============= START OF LOAD BALANCING ============== 163672
LDB: ============== END OF LOAD BALANCING =============== 163672
LDB: =============== DONE WITH MIGRATION ================ 163672
LDB: ============= START OF LOAD BALANCING ============== 163994
LDB: ============== END OF LOAD BALANCING =============== 163994
LDB: =============== DONE WITH MIGRATION ================ 163994
LDB: ============= START OF LOAD BALANCING ============== 164003
LDB: ============== END OF LOAD BALANCING =============== 164003
LDB: =============== DONE WITH MIGRATION ================ 164003
PRESSURE: 990000 -225.359 -179.524 10.8991 -179.524 -302.913 46.3467 10.8991 46.3467 566.001
GPRESSURE: 990000 -277.693 32.6211 10.1586 -7.2483 -265.196 140.312 236.368 -34.161 653.16
PRESSAVG: 990000 -79.627 9.69099 -0.112318 9.69099 -44.5107 -20.6498 -0.112318 -20.6498 1.02213
GPRESSAVG: 990000 -79.6819 9.75054 -0.118502 9.66865 -44.5702 -20.6028 -0.125475 -20.6371 0.957599
ENERGY:  990000      1615.8986      9338.0373      5739.1888        79.6562         -60346.9988     -1344.1589         0.0000         0.0000     18833.3816         -26084.9953       303.9671    -44918.3769    -25937.8346       306.1042             12.5763        36.7571    266983.6515       -41.0385       -41.0982

WRITING COORDINATES TO DCD FILE NPT.dcd AT STEP 990000
LDB: ============= START OF LOAD BALANCING ============== 164326
LDB: ============== END OF LOAD BALANCING =============== 164326
LDB: =============== DONE WITH MIGRATION ================ 164326
LDB: ============= START OF LOAD BALANCING ============== 164334
LDB: ============== END OF LOAD BALANCING =============== 164334
LDB: =============== DONE WITH MIGRATION ================ 164334
LDB: ============= START OF LOAD BALANCING ============== 164657
LDB: ============== END OF LOAD BALANCING =============== 164657
LDB: =============== DONE WITH MIGRATION ================ 164657
LDB: ============= START OF LOAD BALANCING ============== 164665
LDB: ============== END OF LOAD BALANCING =============== 164665
LDB: =============== DONE WITH MIGRATION ================ 164665
LDB: ============= START OF LOAD BALANCING ============== 164988
LDB: ============== END OF LOAD BALANCING =============== 164988
LDB: =============== DONE WITH MIGRATION ================ 164988
LDB: ============= START OF LOAD BALANCING ============== 164996
LDB: ============== END OF LOAD BALANCING =============== 164996
LDB: =============== DONE WITH MIGRATION ================ 164996
LDB: ============= START OF LOAD BALANCING ============== 165319
LDB: ============== END OF LOAD BALANCING =============== 165319
LDB: =============== DONE WITH MIGRATION ================ 165319
LDB: ============= START OF LOAD BALANCING ============== 165327
LDB: ============== END OF LOAD BALANCING =============== 165327
LDB: =============== DONE WITH MIGRATION ================ 165327
LDB: ============= START OF LOAD BALANCING ============== 165649
LDB: ============== END OF LOAD BALANCING =============== 165649
LDB: =============== DONE WITH MIGRATION ================ 165649
LDB: ============= START OF LOAD BALANCING ============== 165657
LDB: ============== END OF LOAD BALANCING =============== 165657
LDB: =============== DONE WITH MIGRATION ================ 165657
PRESSURE: 1000000 -988.365 41.314 230.716 41.314 -264.195 -309.186 230.716 -309.186 -191.334
GPRESSURE: 1000000 -708.754 -52.3496 215.618 116.659 -407.377 -142.544 251.582 -362.317 -287.858
PRESSAVG: 1000000 -73.3366 21.3573 0.453141 21.3573 -53.3277 -10.1929 0.453141 -10.1929 5.24548
GPRESSAVG: 1000000 -73.2867 21.3024 0.468862 21.2893 -53.3336 -10.2542 0.539422 -10.3128 5.24926
TIMING: 1000000  CPU: 165925, 0.165516/step  Wall: 165931, 0.165522/step, 0 hours remaining, 856.924809 MB of memory in use.
PERFORMANCE: 1000000  averaging 1.0414 ns/day, 0.16593 sec/step with standard deviation 0.00151546
ETITLE:      TS           BOND          ANGLE          DIHED          IMPRP               ELECT            VDW       BOUNDARY           MISC        KINETIC               TOTAL           TEMP      POTENTIAL         TOTAL3        TEMPAVG            PRESSURE      GPRESSURE         VOLUME       PRESSAVG      GPRESSAVG

ENERGY: 1000000      1579.2121      9338.5941      5732.8589        75.8840         -60203.9112     -1492.5768         0.0000         0.0000     18857.0594         -26112.8795       304.3492    -44969.9389    -25960.2288       307.0154           -481.2979      -467.9966    267320.2643       -40.4729       -40.4570

WRITING EXTENDED SYSTEM TO RESTART FILE AT STEP 1000000
WRITING COORDINATES TO DCD FILE NPT.dcd AT STEP 1000000
WRITING COORDINATES TO RESTART FILE AT STEP 1000000
FINISHED WRITING RESTART COORDINATES
WRITING VELOCITIES TO RESTART FILE AT STEP 1000000
FINISHED WRITING RESTART VELOCITIES
WRITING EXTENDED SYSTEM TO OUTPUT FILE AT STEP 1000000
CLOSING EXTENDED SYSTEM TRAJECTORY FILE
WRITING COORDINATES TO OUTPUT FILE AT STEP 1000000
CLOSING COORDINATE DCD FILE NPT.dcd
WRITING VELOCITIES TO OUTPUT FILE AT STEP 1000000
====================================================

WallClock: 165955.593750  CPUTime: 165950.000000  Memory: 856.924809 MB
[Partition 0][Node 0] End of program
