Charm++> No provisioning arguments specified. Running with a single PE.
         Use +auto-provision to fully subscribe resources or +p1 to silence this message.
Charm++: standalone mode (not using charmrun)
Charm++> Running in Multicore mode: 1 threads (PEs)
Charm++> Using recursive bisection (scheme 3) for topology aware partitions
Converse/Charm++ Commit ID: 
CharmLB> Load balancer assumes all CPUs are same.
Charm++> Running on 1 hosts (1 sockets x 20 cores x 2 PUs = 40-way SMP)
Charm++> cpu topology info is gathered in 0.000 seconds.
CharmLB> Load balancing instrumentation for communication is off.
Info: NAMD Git-2025-12-04 for Linux-x86_64-multicore
Info: 
Info: Please visit http://www.ks.uiuc.edu/Research/namd/
Info: for updates, documentation, and support information.
Info: 
Info: Please cite Phillips et al., J. Chem. Phys. 153:044130 (2020) doi:10.1063/5.0014475
Info: in all publications reporting results obtained with NAMD.
Info: 
Info: Based on Charm++/Converse 80000 for multicore-linux-x86_64-gcc
Info: Built Thu Dec 4 09:25:02 CST 2025 by dhardy on athine.ks.uiuc.edu
Info: Source code at Git commit ID b856a9378ca44bcf5aa708d4b681af4ceb86d8ca
Info: 1 NAMD  Git-2025-12-04  Linux-x86_64-multicore  1    vivi01  cmm12
Info: Running on 1 processors, 1 nodes, 1 physical nodes.
Info: CPU topology information available.
Info: Charm++/Converse parallel runtime startup completed at 0.00672198 s
CkLoopLib is used in SMP with simple dynamic scheduling (converse-level notification)
Info: 25.0547 MB of memory in use based on /proc/self/stat
Info: Configuration file is simNPT.conf
Info: Working in the current directory /scratch/167632.1.cerqt03.q
TCL: Suspending until startup complete.
Warning: Option "1-4scaling" has been deprecated. Instead use "oneFourScaling".
Warning: The Langevin gamma parameters differ over the particles,
Warning: requiring extra work per step to constrain rigid bonds.
Info: SIMULATION PARAMETERS:
Info: TIMESTEP               2
Info: NUMBER OF STEPS        1000000
Info: STEPS PER CYCLE        10
Info: PERIODIC CELL BASIS 1  67.406 0 0
Info: PERIODIC CELL BASIS 2  0 57.2957 0
Info: PERIODIC CELL BASIS 3  0 0 69.1112
Info: PERIODIC CELL CENTER   0 0 0
Info: WRAPPING WATERS AROUND PERIODIC BOUNDARIES ON OUTPUT.
Info: WRAPPING ALL CLUSTERS AROUND PERIODIC BOUNDARIES ON OUTPUT.
Info: LOAD BALANCER  Centralized
Info: LOAD BALANCING STRATEGY  New Load Balancers -- DEFAULT
Info: LDB PERIOD             2000 steps
Info: FIRST LDB TIMESTEP     50
Info: LAST LDB TIMESTEP     -1
Info: LDB BACKGROUND SCALING 1
Info: HOM BACKGROUND SCALING 1
Info: PME BACKGROUND SCALING 1
Info: MIN ATOMS PER PATCH    40
Info: EMPTY PATCH LOAD       40 ATOMS
Info: INITIAL TEMPERATURE    301.5
Info: CENTER OF MASS MOVING INITIALLY? NO
Info: DIELECTRIC             1
Info: EXCLUDE                SCALED ONE-FOUR
Info: 1-4 ELECTROSTATICS SCALED BY 1
Info: MODIFIED 1-4 VDW PARAMETERS WILL BE USED
Info: DCD FILENAME           NPT.dcd
Info: DCD FREQUENCY          10000
Info: DCD FIRST STEP         10000
Info: DCD FILE WILL CONTAIN UNIT CELL DATA
Info: XST FILENAME           NPT.xst
Info: XST FREQUENCY          50000
Info: NO VELOCITY DCD OUTPUT
Info: NO FORCE DCD OUTPUT
Info: OUTPUT FILENAME        NPT
Info: BINARY OUTPUT FILES WILL BE USED
Info: RESTART FILENAME       NPT.restart
Info: RESTART FREQUENCY      50000
Info: BINARY RESTART FILES WILL BE USED
Info: NAMD will save positions and velocities to NPT.crash.csv when  atoms are moving too fast.
Info: SWITCHING ACTIVE
Info: SWITCHING ON           10
Info: SWITCHING OFF          12
Info: PAIRLIST DISTANCE      13.5
Info: PAIRLIST SHRINK RATE   0.01
Info: PAIRLIST GROW RATE     0.01
Info: PAIRLIST TRIGGER       0.3
Info: PAIRLISTS PER CYCLE    2
Info: PAIRLISTS ENABLED
Info: MARGIN                 0.96
Info: HYDROGEN GROUP CUTOFF  2.5
Info: PATCH DIMENSION        16.96
Info: ENERGY OUTPUT STEPS    10000
Info: ENERGY EVALUATION STEPS    10000
Info: OUTPUT ENERGY PRECISION 4
Info: CROSSTERM ENERGY INCLUDED IN DIHEDRAL
Info: TIMING OUTPUT STEPS    100000
Info: PRESSURE OUTPUT STEPS  10000
Info: LANGEVIN DYNAMICS ACTIVE
Info: LANGEVIN TEMPERATURE   301.5
Info: LANGEVIN USING BBK INTEGRATOR
Info: LANGEVIN DAMPING COEFFICIENT IS 1 INVERSE PS
Info: LANGEVIN DYNAMICS NOT APPLIED TO HYDROGENS
Info: LANGEVIN PISTON PRESSURE CONTROL ACTIVE
Info:        TARGET PRESSURE IS 1.01325 BAR
Info:     OSCILLATION PERIOD IS 200 FS
Info:             DECAY TIME IS 100 FS
Info:     PISTON TEMPERATURE IS 301.5 K
Info:       PRESSURE CONTROL IS GROUP-BASED
Info:    INITIAL STRAIN RATE IS 0 0 0
Info:       CELL FLUCTUATION IS ANISOTROPIC
Info:     CONSTANT AREA PRESSURE CONTROL ACTIVE
Info: PARTICLE MESH EWALD (PME) ACTIVE
Info: PME TOLERANCE               1e-06
Info: PME EWALD COEFFICIENT       0.257952
Info: PME INTERPOLATION ORDER     4
Info: PME GRID DIMENSIONS         72 60 72
Info: PME MAXIMUM GRID SPACING    1.5
Info: Attempting to read FFTW data from FFTW_NAMD_Git-2025-12-04_Linux-x86_64-multicore.txt
Info: Optimizing 6 FFT steps.  1... 2... 3... 4... 5... 6...   Done.
Info: Writing FFTW data to FFTW_NAMD_Git-2025-12-04_Linux-x86_64-multicore.txt
Info: FULL ELECTROSTATIC EVALUATION FREQUENCY      2
Info: USING VERLET I (r-RESPA) MTS SCHEME.
Info: C1 SPLITTING OF LONG RANGE ELECTROSTATICS
Info: PLACING ATOMS IN PATCHES BY HYDROGEN GROUPS
Info: RIGID BONDS TO HYDROGEN : ALL
Info:         ERROR TOLERANCE : 1e-08
Info:          MAX ITERATIONS : 100
Info: RIGID WATER USING SETTLE ALGORITHM
Info: RANDOM NUMBER SEED     1779896103
Info: USE HYDROGEN BONDS?    NO
Info: COORDINATE PDB         coordenades_inicials.pdb
Info: STRUCTURE FILE         estructura_membranaDMPC.psf
Info: PARAMETER file: CHARMM format! 
Info: PARAMETERS             parametres.prm
Info: USING ARITHMETIC MEAN TO COMBINE L-J SIGMA PARAMETERS
Info: SUMMARY OF PARAMETERS:
Info: 52 BONDS
Info: 132 ANGLES
Info: 176 DIHEDRAL
Info: 4 IMPROPER
Info: 0 CROSSTERM
Info: 37 VDW
Info: 0 VDW_PAIRS
Info: 0 NBTHOLE_PAIRS
Info: TIME FOR READING PSF FILE: 0.15334
Info: Reading pdb file coordenades_inicials.pdb
Info: TIME FOR READING PDB FILE: 0.0231877
Info: 
Info: ****************************
Info: STRUCTURE SUMMARY:
Info: 28235 ATOMS
Info: 23730 BONDS
Info: 33305 ANGLES
Info: 40064 DIHEDRALS
Info: 256 IMPROPERS
Info: 0 CROSSTERMS
Info: 0 EXCLUSIONS
Info: 22347 RIGID BONDS
Info: 62358 DEGREES OF FREEDOM
Info: 10265 HYDROGEN GROUPS
Info: 4 ATOMS IN LARGEST HYDROGEN GROUP
Info: 10265 MIGRATION GROUPS
Info: 4 ATOMS IN LARGEST MIGRATION GROUP
Info: TOTAL MASS = 165628 amu
Info: TOTAL CHARGE = 6.67572e-06 e
Info: MASS DENSITY = 1.03044 g/cm^3
Info: ATOM DENSITY = 0.105784 atoms/A^3
Info: *****************************
Info: 
Info: Entering startup at 25.1268 s, 685.368 MB of memory in use
Info: Startup phase 0 took 5.92e-05 s, 685.368 MB of memory in use
Info: ADDED 97099 IMPLICIT EXCLUSIONS
Info: Startup phase 1 took 0.0151695 s, 685.368 MB of memory in use
Info: NONBONDED TABLE R-SQUARED SPACING: 0.0625
Info: NONBONDED TABLE SIZE: 769 POINTS
Info: INCONSISTENCY IN FAST TABLE ENERGY VS FORCE: 0.000325096 AT 11.9556
Info: INCONSISTENCY IN SCOR TABLE ENERGY VS FORCE: 0.000324844 AT 11.9556
Info: INCONSISTENCY IN VDWA TABLE ENERGY VS FORCE: 0.0040507 AT 0.251946
Info: INCONSISTENCY IN VDWB TABLE ENERGY VS FORCE: 0.00150189 AT 0.251946
Info: Startup phase 2 took 0.000211974 s, 685.368 MB of memory in use
Info: Startup phase 3 took 1.5447e-05 s, 685.368 MB of memory in use
Info: Startup phase 4 took 4.0588e-05 s, 685.368 MB of memory in use
Info: Startup phase 5 took 9.757e-06 s, 685.368 MB of memory in use
Info: PATCH GRID IS 3 (PERIODIC) BY 3 (PERIODIC) BY 4 (PERIODIC)
Info: PATCH GRID IS 1-AWAY BY 1-AWAY BY 1-AWAY
Info: REMOVING COM VELOCITY 0.0626063 -0.0007362 -0.0422812
Info: LARGEST PATCH (5) HAS 838 ATOMS
Info: TORUS A SIZE 1 USING 0
Info: TORUS B SIZE 1 USING 0
Info: TORUS C SIZE 1 USING 0
Info: TORUS MINIMAL MESH SIZE IS 1 BY 1 BY 1
Info: Placed 100% of base nodes on same physical node as patch
Info: Startup phase 6 took 0.00517055 s, 685.368 MB of memory in use
Info: PME using 1 and 1 processors for FFT and reciprocal sum.
Info: PME GRID LOCATIONS: 0
Info: PME TRANS LOCATIONS: 0
Info: PME USING 1 GRID NODES AND 1 TRANS NODES
Info: Optimizing 4 FFT steps.  1... 2... 3... 4...   Done.
Info: Startup phase 7 took 0.000365633 s, 685.368 MB of memory in use
Info: Startup phase 8 took 1.6616e-05 s, 685.368 MB of memory in use
Info: Startup phase 9 took 9.86e-06 s, 685.368 MB of memory in use
Info: Startup phase 10 took 8.609e-06 s, 685.368 MB of memory in use
Info: Startup phase 11 took 9.699e-06 s, 685.368 MB of memory in use
LDB: Central LB being created...
Info: Startup phase 12 took 3.4072e-05 s, 685.368 MB of memory in use
Info: Startup phase 13 took 1.2387e-05 s, 685.368 MB of memory in use
Info: Startup phase 14 took 8.744e-06 s, 685.368 MB of memory in use
Info: Startup phase 15 took 8.451e-06 s, 685.368 MB of memory in use
Info: CREATING 725 COMPUTE OBJECTS
Info: Startup phase 16 took 0.00115959 s, 685.368 MB of memory in use
Info: Startup phase 17 took 2.4598e-05 s, 685.368 MB of memory in use
Info: Startup phase 18 took 8.196e-05 s, 685.368 MB of memory in use
Info: Finished startup at 25.1493 s, 685.368 MB of memory in use

PRESSURE: 0 -277.151 -180.827 112.477 -180.827 -315.213 118.174 112.477 118.174 -3.37707
GPRESSURE: 0 -188.784 -283.214 -11.9854 -198.878 -368.833 124.503 169.542 32.2864 5.09774
ETITLE:      TS           BOND          ANGLE          DIHED          IMPRP               ELECT            VDW       BOUNDARY           MISC        KINETIC               TOTAL           TEMP      POTENTIAL         TOTAL3        TEMPAVG            PRESSURE      GPRESSURE         VOLUME       PRESSAVG      GPRESSAVG

ENERGY:       0      1594.0351      9365.7228      5731.5533        69.6310         -60472.2825     -1513.1044         0.0000         0.0000     18730.2143         -26494.2303       302.3020    -45224.4446    -26341.9467       302.3020           -198.5804      -184.1731    266912.4031      -198.5804      -184.1731

OPENING EXTENDED SYSTEM TRAJECTORY FILE
LDB: ============= START OF LOAD BALANCING ============== 26.8926
LDB: ============== END OF LOAD BALANCING =============== 26.8926
LDB: =============== DONE WITH MIGRATION ================ 26.8926
LDB: ============= START OF LOAD BALANCING ============== 33.5381
LDB: ============== END OF LOAD BALANCING =============== 33.5381
LDB: =============== DONE WITH MIGRATION ================ 33.5382
Info: Initial time: 1 CPUs 0.166128 s/step 0.961388 days/ns 685.368 MB memory
LDB: ============= START OF LOAD BALANCING ============== 35.1913
LDB: ============== END OF LOAD BALANCING =============== 35.1913
LDB: =============== DONE WITH MIGRATION ================ 35.1914
LDB: ============= START OF LOAD BALANCING ============== 41.7995
LDB: ============== END OF LOAD BALANCING =============== 41.7995
LDB: =============== DONE WITH MIGRATION ================ 41.7996
Info: Initial time: 1 CPUs 0.165319 s/step 0.956707 days/ns 685.368 MB memory
LDB: ============= START OF LOAD BALANCING ============== 50.1461
LDB: ============== END OF LOAD BALANCING =============== 50.1462
LDB: =============== DONE WITH MIGRATION ================ 50.1462
Info: Initial time: 1 CPUs 0.16679 s/step 0.965221 days/ns 685.368 MB memory
LDB: ============= START OF LOAD BALANCING ============== 58.3882
LDB: ============== END OF LOAD BALANCING =============== 58.3883
LDB: =============== DONE WITH MIGRATION ================ 58.3883
Info: Benchmark time: 1 CPUs 0.16483 s/step 0.953879 days/ns 685.368 MB memory
Info: Benchmark time: 1 CPUs 0.164507 s/step 0.952007 days/ns 685.368 MB memory
Info: Benchmark time: 1 CPUs 0.164292 s/step 0.950764 days/ns 685.368 MB memory
Info: Benchmark time: 1 CPUs 0.164673 s/step 0.952967 days/ns 685.368 MB memory
Info: Benchmark time: 1 CPUs 0.164395 s/step 0.951361 days/ns 685.368 MB memory
Info: Benchmark time: 1 CPUs 0.164369 s/step 0.951207 days/ns 685.368 MB memory
LDB: ============= START OF LOAD BALANCING ============== 380.178
LDB: ============== END OF LOAD BALANCING =============== 380.178
LDB: =============== DONE WITH MIGRATION ================ 380.178
LDB: ============= START OF LOAD BALANCING ============== 388.461
LDB: ============== END OF LOAD BALANCING =============== 388.461
LDB: =============== DONE WITH MIGRATION ================ 388.461
LDB: ============= START OF LOAD BALANCING ============== 711.782
LDB: ============== END OF LOAD BALANCING =============== 711.782
LDB: =============== DONE WITH MIGRATION ================ 711.782
LDB: ============= START OF LOAD BALANCING ============== 720.09
LDB: ============== END OF LOAD BALANCING =============== 720.09
LDB: =============== DONE WITH MIGRATION ================ 720.09
LDB: ============= START OF LOAD BALANCING ============== 1044.25
LDB: ============== END OF LOAD BALANCING =============== 1044.25
LDB: =============== DONE WITH MIGRATION ================ 1044.25
LDB: ============= START OF LOAD BALANCING ============== 1052.59
LDB: ============== END OF LOAD BALANCING =============== 1052.59
LDB: =============== DONE WITH MIGRATION ================ 1052.59
LDB: ============= START OF LOAD BALANCING ============== 1376.9
LDB: ============== END OF LOAD BALANCING =============== 1376.9
LDB: =============== DONE WITH MIGRATION ================ 1376.9
LDB: ============= START OF LOAD BALANCING ============== 1385.24
LDB: ============== END OF LOAD BALANCING =============== 1385.24
LDB: =============== DONE WITH MIGRATION ================ 1385.24
PRESSURE: 10000 121.451 -106.503 -64.7216 -106.503 417.009 -169.213 -64.7216 -169.213 -403.798
GPRESSURE: 10000 30.9104 -55.6478 -61.8198 -87.9627 495.626 -232.981 -25.4397 -113.381 -346.311
PRESSAVG: 10000 28.2538 -11.0469 -7.86847 -11.0469 -18.8705 -4.59044 -7.86847 -4.59044 1.556
GPRESSAVG: 10000 28.2133 -11.1003 -7.80416 -11.151 -18.8199 -4.50486 -7.97583 -4.59478 1.43102
ENERGY:   10000      1602.8889      9088.7433      5701.6146        68.4151         -60650.5309     -1385.0486         0.0000         0.0000     18813.1056         -26760.8120       303.6398    -45573.9176    -26603.8251       301.1608             44.8872        60.0752    265899.2488         3.6464         3.6081

OPENING COORDINATE DCD FILE
WRITING COORDINATES TO DCD FILE NPT.dcd AT STEP 10000
The last position output (seq=10000) takes 0.001 seconds, 685.368 MB of memory in use
LDB: ============= START OF LOAD BALANCING ============== 1710.51
LDB: ============== END OF LOAD BALANCING =============== 1710.51
LDB: =============== DONE WITH MIGRATION ================ 1710.51
LDB: ============= START OF LOAD BALANCING ============== 1718.86
LDB: ============== END OF LOAD BALANCING =============== 1718.86
LDB: =============== DONE WITH MIGRATION ================ 1718.86
LDB: ============= START OF LOAD BALANCING ============== 2044.22
LDB: ============== END OF LOAD BALANCING =============== 2044.22
LDB: =============== DONE WITH MIGRATION ================ 2044.22
LDB: ============= START OF LOAD BALANCING ============== 2052.55
LDB: ============== END OF LOAD BALANCING =============== 2052.55
LDB: =============== DONE WITH MIGRATION ================ 2052.55
LDB: ============= START OF LOAD BALANCING ============== 2377.77
LDB: ============== END OF LOAD BALANCING =============== 2377.77
LDB: =============== DONE WITH MIGRATION ================ 2377.77
LDB: ============= START OF LOAD BALANCING ============== 2386.12
LDB: ============== END OF LOAD BALANCING =============== 2386.12
LDB: =============== DONE WITH MIGRATION ================ 2386.12
LDB: ============= START OF LOAD BALANCING ============== 2711.09
LDB: ============== END OF LOAD BALANCING =============== 2711.09
LDB: =============== DONE WITH MIGRATION ================ 2711.09
LDB: ============= START OF LOAD BALANCING ============== 2719.49
LDB: ============== END OF LOAD BALANCING =============== 2719.49
LDB: =============== DONE WITH MIGRATION ================ 2719.49
LDB: ============= START OF LOAD BALANCING ============== 3044.61
LDB: ============== END OF LOAD BALANCING =============== 3044.61
LDB: =============== DONE WITH MIGRATION ================ 3044.61
LDB: ============= START OF LOAD BALANCING ============== 3052.96
LDB: ============== END OF LOAD BALANCING =============== 3052.96
LDB: =============== DONE WITH MIGRATION ================ 3052.96
PRESSURE: 20000 -51.0825 -196.548 -175.89 -196.548 -108.981 -329.661 -175.89 -329.661 261.08
GPRESSURE: 20000 78.1566 39.6717 -366.317 -43.1742 -88.0744 -397.131 -238.755 -257.951 144.024
PRESSAVG: 20000 54.8051 7.66977 -25.7564 7.66977 -23.3831 -1.9024 -25.7564 -1.9024 1.24023
GPRESSAVG: 20000 54.8439 7.68322 -25.7204 7.71665 -23.4404 -1.9051 -25.8067 -1.78637 1.18295
ENERGY:   20000      1539.9392      9308.8369      5710.1239        61.9572         -60734.6006     -1354.0320         0.0000         0.0000     18681.6310         -26786.1444       301.5178    -45467.7754    -26641.6172       301.5063             33.6719        44.7020    266449.4615        10.8874        10.8621

WRITING COORDINATES TO DCD FILE NPT.dcd AT STEP 20000
The last position output (seq=20000) takes 0.000 seconds, 685.368 MB of memory in use
LDB: ============= START OF LOAD BALANCING ============== 3378.36
LDB: ============== END OF LOAD BALANCING =============== 3378.36
LDB: =============== DONE WITH MIGRATION ================ 3378.36
LDB: ============= START OF LOAD BALANCING ============== 3386.69
LDB: ============== END OF LOAD BALANCING =============== 3386.69
LDB: =============== DONE WITH MIGRATION ================ 3386.69
LDB: ============= START OF LOAD BALANCING ============== 3712.44
LDB: ============== END OF LOAD BALANCING =============== 3712.44
LDB: =============== DONE WITH MIGRATION ================ 3712.44
LDB: ============= START OF LOAD BALANCING ============== 3720.77
LDB: ============== END OF LOAD BALANCING =============== 3720.77
LDB: =============== DONE WITH MIGRATION ================ 3720.77
LDB: ============= START OF LOAD BALANCING ============== 4046
LDB: ============== END OF LOAD BALANCING =============== 4046
LDB: =============== DONE WITH MIGRATION ================ 4046
LDB: ============= START OF LOAD BALANCING ============== 4054.33
LDB: ============== END OF LOAD BALANCING =============== 4054.33
LDB: =============== DONE WITH MIGRATION ================ 4054.33
LDB: ============= START OF LOAD BALANCING ============== 4380.38
LDB: ============== END OF LOAD BALANCING =============== 4380.38
LDB: =============== DONE WITH MIGRATION ================ 4380.38
LDB: ============= START OF LOAD BALANCING ============== 4388.75
LDB: ============== END OF LOAD BALANCING =============== 4388.75
LDB: =============== DONE WITH MIGRATION ================ 4388.75
LDB: ============= START OF LOAD BALANCING ============== 4714.07
LDB: ============== END OF LOAD BALANCING =============== 4714.07
LDB: =============== DONE WITH MIGRATION ================ 4714.07
LDB: ============= START OF LOAD BALANCING ============== 4722.43
LDB: ============== END OF LOAD BALANCING =============== 4722.43
LDB: =============== DONE WITH MIGRATION ================ 4722.43
PRESSURE: 30000 -239.756 215.049 -80.116 215.049 -76.8524 97.3248 -80.116 97.3248 659.876
GPRESSURE: 30000 -220.523 109.676 -302.811 296.519 69.047 156.242 25.5079 103.128 610.783
PRESSAVG: 30000 21.1193 -49.8446 7.28108 -49.8446 -3.91592 -3.09186 7.28108 -3.09186 -0.0997092
GPRESSAVG: 30000 21.0927 -49.8951 7.20412 -49.8095 -3.92903 -3.09216 7.271 -3.09915 -0.15876
ENERGY:   30000      1605.9325      9207.2134      5724.3406        76.3881         -60799.2239     -1154.3080         0.0000         0.0000     18551.9084         -26787.7489       299.4241    -45339.6573    -26644.6374       300.9704            114.4224       153.1023    266752.0718         5.7012         5.6683

WRITING COORDINATES TO DCD FILE NPT.dcd AT STEP 30000
The last position output (seq=30000) takes 0.000 seconds, 685.368 MB of memory in use
LDB: ============= START OF LOAD BALANCING ============== 5047.75
LDB: ============== END OF LOAD BALANCING =============== 5047.75
LDB: =============== DONE WITH MIGRATION ================ 5047.75
LDB: ============= START OF LOAD BALANCING ============== 5056.11
LDB: ============== END OF LOAD BALANCING =============== 5056.11
LDB: =============== DONE WITH MIGRATION ================ 5056.11
LDB: ============= START OF LOAD BALANCING ============== 5381.19
LDB: ============== END OF LOAD BALANCING =============== 5381.19
LDB: =============== DONE WITH MIGRATION ================ 5381.19
LDB: ============= START OF LOAD BALANCING ============== 5389.58
LDB: ============== END OF LOAD BALANCING =============== 5389.58
LDB: =============== DONE WITH MIGRATION ================ 5389.58
LDB: ============= START OF LOAD BALANCING ============== 5714.61
LDB: ============== END OF LOAD BALANCING =============== 5714.61
LDB: =============== DONE WITH MIGRATION ================ 5714.61
LDB: ============= START OF LOAD BALANCING ============== 5722.95
LDB: ============== END OF LOAD BALANCING =============== 5722.95
LDB: =============== DONE WITH MIGRATION ================ 5722.95
LDB: ============= START OF LOAD BALANCING ============== 6047.74
LDB: ============== END OF LOAD BALANCING =============== 6047.74
LDB: =============== DONE WITH MIGRATION ================ 6047.74
LDB: ============= START OF LOAD BALANCING ============== 6056.06
LDB: ============== END OF LOAD BALANCING =============== 6056.06
LDB: =============== DONE WITH MIGRATION ================ 6056.06
LDB: ============= START OF LOAD BALANCING ============== 6381.42
LDB: ============== END OF LOAD BALANCING =============== 6381.42
LDB: =============== DONE WITH MIGRATION ================ 6381.42
LDB: ============= START OF LOAD BALANCING ============== 6389.8
LDB: ============== END OF LOAD BALANCING =============== 6389.8
LDB: =============== DONE WITH MIGRATION ================ 6389.8
PRESSURE: 40000 -43.9163 -213.21 -452.872 -213.21 33.9653 28.5803 -452.872 28.5803 143.035
GPRESSURE: 40000 -32.8521 -343.912 -366.012 -155.221 9.13964 -144.617 -442.278 114.015 225.907
PRESSAVG: 40000 -8.16555 -23.2844 19.0368 -23.2844 -41.2946 34.9272 19.0368 34.9272 -2.1614
GPRESSAVG: 40000 -8.1858 -23.4195 19.0774 -23.2539 -41.3299 34.9011 19.0922 34.9871 -2.09393
ENERGY:   40000      1557.9128      9173.3075      5650.2632        71.9479         -60948.6815     -1223.0063         0.0000         0.0000     18550.3519         -27167.9045       299.3990    -45718.2564    -27021.9577       301.2254             44.3613        67.3982    265985.0990       -17.2072       -17.2032

WRITING COORDINATES TO DCD FILE NPT.dcd AT STEP 40000
The last position output (seq=40000) takes 0.000 seconds, 685.368 MB of memory in use
LDB: ============= START OF LOAD BALANCING ============== 6715.87
LDB: ============== END OF LOAD BALANCING =============== 6715.87
LDB: =============== DONE WITH MIGRATION ================ 6715.87
LDB: ============= START OF LOAD BALANCING ============== 6724.24
LDB: ============== END OF LOAD BALANCING =============== 6724.24
LDB: =============== DONE WITH MIGRATION ================ 6724.24
LDB: ============= START OF LOAD BALANCING ============== 7049.71
LDB: ============== END OF LOAD BALANCING =============== 7049.71
LDB: =============== DONE WITH MIGRATION ================ 7049.71
LDB: ============= START OF LOAD BALANCING ============== 7058.07
LDB: ============== END OF LOAD BALANCING =============== 7058.07
LDB: =============== DONE WITH MIGRATION ================ 7058.07
LDB: ============= START OF LOAD BALANCING ============== 7383.18
LDB: ============== END OF LOAD BALANCING =============== 7383.18
LDB: =============== DONE WITH MIGRATION ================ 7383.18
LDB: ============= START OF LOAD BALANCING ============== 7391.54
LDB: ============== END OF LOAD BALANCING =============== 7391.54
LDB: =============== DONE WITH MIGRATION ================ 7391.54
LDB: ============= START OF LOAD BALANCING ============== 7717.19
LDB: ============== END OF LOAD BALANCING =============== 7717.19
LDB: =============== DONE WITH MIGRATION ================ 7717.19
LDB: ============= START OF LOAD BALANCING ============== 7725.55
LDB: ============== END OF LOAD BALANCING =============== 7725.55
LDB: =============== DONE WITH MIGRATION ================ 7725.55
LDB: ============= START OF LOAD BALANCING ============== 8051.1
LDB: ============== END OF LOAD BALANCING =============== 8051.11
LDB: =============== DONE WITH MIGRATION ================ 8051.11
LDB: ============= START OF LOAD BALANCING ============== 8059.42
LDB: ============== END OF LOAD BALANCING =============== 8059.42
LDB: =============== DONE WITH MIGRATION ================ 8059.42
PRESSURE: 50000 -250.786 132.892 89.8754 132.892 -230.09 -514.662 89.8754 -514.662 490.429
GPRESSURE: 50000 -154.833 156.78 245.412 65.0533 -156.043 -444.012 114.471 -373.347 347.537
PRESSAVG: 50000 -66.3134 17.5068 22.4528 17.5068 -53.8239 20.6799 22.4528 20.6799 2.36889
GPRESSAVG: 50000 -66.3297 17.5707 22.4123 17.3284 -53.8294 20.7849 22.4039 20.6646 2.40678
ENERGY:   50000      1589.4202      9229.8888      5695.7494        84.4671         -60818.2085     -1267.1606         0.0000         0.0000     18566.4705         -26919.3731       299.6592    -45485.8436    -26769.8126       300.2958              3.1844        12.2202    266925.1657       -39.2561       -39.2508

WRITING EXTENDED SYSTEM TO RESTART FILE AT STEP 50000
WRITING COORDINATES TO DCD FILE NPT.dcd AT STEP 50000
WRITING COORDINATES TO RESTART FILE AT STEP 50000
FINISHED WRITING RESTART COORDINATES
The last position output (seq=50000) takes 0.001 seconds, 685.368 MB of memory in use
WRITING VELOCITIES TO RESTART FILE AT STEP 50000
FINISHED WRITING RESTART VELOCITIES
The last velocity output (seq=50000) takes 0.000 seconds, 685.368 MB of memory in use
LDB: ============= START OF LOAD BALANCING ============== 8384.92
LDB: ============== END OF LOAD BALANCING =============== 8384.92
LDB: =============== DONE WITH MIGRATION ================ 8384.92
LDB: ============= START OF LOAD BALANCING ============== 8393.29
LDB: ============== END OF LOAD BALANCING =============== 8393.29
LDB: =============== DONE WITH MIGRATION ================ 8393.29
LDB: ============= START OF LOAD BALANCING ============== 8719.57
LDB: ============== END OF LOAD BALANCING =============== 8719.57
LDB: =============== DONE WITH MIGRATION ================ 8719.57
LDB: ============= START OF LOAD BALANCING ============== 8727.92
LDB: ============== END OF LOAD BALANCING =============== 8727.92
LDB: =============== DONE WITH MIGRATION ================ 8727.92
LDB: ============= START OF LOAD BALANCING ============== 9054.21
LDB: ============== END OF LOAD BALANCING =============== 9054.21
LDB: =============== DONE WITH MIGRATION ================ 9054.21
LDB: ============= START OF LOAD BALANCING ============== 9062.57
LDB: ============== END OF LOAD BALANCING =============== 9062.57
LDB: =============== DONE WITH MIGRATION ================ 9062.57
LDB: ============= START OF LOAD BALANCING ============== 9388.84
LDB: ============== END OF LOAD BALANCING =============== 9388.84
LDB: =============== DONE WITH MIGRATION ================ 9388.84
LDB: ============= START OF LOAD BALANCING ============== 9397.21
LDB: ============== END OF LOAD BALANCING =============== 9397.21
LDB: =============== DONE WITH MIGRATION ================ 9397.21
LDB: ============= START OF LOAD BALANCING ============== 9723.57
LDB: ============== END OF LOAD BALANCING =============== 9723.57
LDB: =============== DONE WITH MIGRATION ================ 9723.57
LDB: ============= START OF LOAD BALANCING ============== 9731.94
LDB: ============== END OF LOAD BALANCING =============== 9731.94
LDB: =============== DONE WITH MIGRATION ================ 9731.94
PRESSURE: 60000 -145.046 -117.642 -77.1358 -117.642 -169.308 117.201 -77.1358 117.201 218.978
GPRESSURE: 60000 -76.0503 -199.273 -157.518 61.1061 -66.3106 202.38 168.598 -194.982 117.315
PRESSAVG: 60000 21.677 0.482149 12.5495 0.482149 49.908 -25.147 12.5495 -25.147 4.16601
GPRESSAVG: 60000 21.711 0.529624 12.5541 0.537377 50.0758 -25.1557 12.5525 -25.1606 4.2009
ENERGY:   60000      1612.4343      9235.0044      5697.2232        69.7337         -60632.1872     -1472.8199         0.0000         0.0000     18612.8362         -26877.7752       300.4075    -45490.6114    -26729.7502       301.4785            -31.7921        -8.3488    265329.9832        25.2503        25.3292

WRITING COORDINATES TO DCD FILE NPT.dcd AT STEP 60000
The last position output (seq=60000) takes 0.000 seconds, 685.368 MB of memory in use
LDB: ============= START OF LOAD BALANCING ============== 10059
LDB: ============== END OF LOAD BALANCING =============== 10059
LDB: =============== DONE WITH MIGRATION ================ 10059
LDB: ============= START OF LOAD BALANCING ============== 10067.3
LDB: ============== END OF LOAD BALANCING =============== 10067.3
LDB: =============== DONE WITH MIGRATION ================ 10067.3
LDB: ============= START OF LOAD BALANCING ============== 10393.7
LDB: ============== END OF LOAD BALANCING =============== 10393.7
LDB: =============== DONE WITH MIGRATION ================ 10393.7
LDB: ============= START OF LOAD BALANCING ============== 10402
LDB: ============== END OF LOAD BALANCING =============== 10402
LDB: =============== DONE WITH MIGRATION ================ 10402
LDB: ============= START OF LOAD BALANCING ============== 10728.7
LDB: ============== END OF LOAD BALANCING =============== 10728.7
LDB: =============== DONE WITH MIGRATION ================ 10728.7
LDB: ============= START OF LOAD BALANCING ============== 10737.2
LDB: ============== END OF LOAD BALANCING =============== 10737.2
LDB: =============== DONE WITH MIGRATION ================ 10737.2
LDB: ============= START OF LOAD BALANCING ============== 11064
LDB: ============== END OF LOAD BALANCING =============== 11064
LDB: =============== DONE WITH MIGRATION ================ 11064
LDB: ============= START OF LOAD BALANCING ============== 11072.4
LDB: ============== END OF LOAD BALANCING =============== 11072.4
LDB: =============== DONE WITH MIGRATION ================ 11072.4
LDB: ============= START OF LOAD BALANCING ============== 11399.4
LDB: ============== END OF LOAD BALANCING =============== 11399.4
LDB: =============== DONE WITH MIGRATION ================ 11399.4
LDB: ============= START OF LOAD BALANCING ============== 11407.7
LDB: ============== END OF LOAD BALANCING =============== 11407.7
LDB: =============== DONE WITH MIGRATION ================ 11407.7
PRESSURE: 70000 -179.941 -163.358 12.2821 -163.358 -104.157 -414.935 12.2821 -414.935 45.9101
GPRESSURE: 70000 65.978 -208.503 54.3223 32.5451 -241.233 -352.371 11.709 -370.615 16.4291
PRESSAVG: 70000 67.984 -42.4981 -22.1455 -42.4981 46.6961 -13.5283 -22.1455 -13.5283 1.53468
GPRESSAVG: 70000 68.0156 -42.5116 -22.0885 -42.4593 46.5771 -13.5678 -22.1411 -13.5609 1.56456
ENERGY:   70000      1540.6605      9220.3778      5724.5873        83.2624         -60818.2340     -1304.3581         0.0000         0.0000     18478.3052         -27075.3988       298.2362    -45553.7041    -26924.5235       301.6640            -79.3960       -52.9419    266397.7832        38.7383        38.7191

WRITING COORDINATES TO DCD FILE NPT.dcd AT STEP 70000
The last position output (seq=70000) takes 0.001 seconds, 685.368 MB of memory in use
LDB: ============= START OF LOAD BALANCING ============== 11734.1
LDB: ============== END OF LOAD BALANCING =============== 11734.1
LDB: =============== DONE WITH MIGRATION ================ 11734.1
LDB: ============= START OF LOAD BALANCING ============== 11742.5
LDB: ============== END OF LOAD BALANCING =============== 11742.5
LDB: =============== DONE WITH MIGRATION ================ 11742.5
LDB: ============= START OF LOAD BALANCING ============== 12068.8
LDB: ============== END OF LOAD BALANCING =============== 12068.8
LDB: =============== DONE WITH MIGRATION ================ 12068.8
LDB: ============= START OF LOAD BALANCING ============== 12077.2
LDB: ============== END OF LOAD BALANCING =============== 12077.2
LDB: =============== DONE WITH MIGRATION ================ 12077.2
LDB: ============= START OF LOAD BALANCING ============== 12403.6
LDB: ============== END OF LOAD BALANCING =============== 12403.6
LDB: =============== DONE WITH MIGRATION ================ 12403.6
LDB: ============= START OF LOAD BALANCING ============== 12412
LDB: ============== END OF LOAD BALANCING =============== 12412
LDB: =============== DONE WITH MIGRATION ================ 12412
LDB: ============= START OF LOAD BALANCING ============== 12738.5
LDB: ============== END OF LOAD BALANCING =============== 12738.5
LDB: =============== DONE WITH MIGRATION ================ 12738.5
LDB: ============= START OF LOAD BALANCING ============== 12746.9
LDB: ============== END OF LOAD BALANCING =============== 12746.9
LDB: =============== DONE WITH MIGRATION ================ 12746.9
LDB: ============= START OF LOAD BALANCING ============== 13073
LDB: ============== END OF LOAD BALANCING =============== 13073
LDB: =============== DONE WITH MIGRATION ================ 13073
LDB: ============= START OF LOAD BALANCING ============== 13081.4
LDB: ============== END OF LOAD BALANCING =============== 13081.4
LDB: =============== DONE WITH MIGRATION ================ 13081.4
PRESSURE: 80000 320.198 173.008 -161.824 173.008 -175.5 -489.072 -161.824 -489.072 -139.022
GPRESSURE: 80000 399.019 219.126 -298.29 90.7339 -272.759 -426.165 -107.842 -663.735 -78.2712
PRESSAVG: 80000 8.88877 -10.2231 -3.93898 -10.2231 -25.3841 13.3527 -3.93898 13.3527 4.43117
GPRESSAVG: 80000 8.85279 -10.1336 -3.95314 -10.3776 -25.34 13.261 -3.9419 13.2319 4.45343
ENERGY:   80000      1615.2159      9215.8311      5783.5614        81.4701         -60879.4650     -1343.0159         0.0000         0.0000     18666.4489         -26859.9535       301.2728    -45526.4024    -26713.6810       299.8927              1.8919        15.9963    265787.5319        -4.0214        -4.0113

WRITING COORDINATES TO DCD FILE NPT.dcd AT STEP 80000
The last position output (seq=80000) takes 0.001 seconds, 685.368 MB of memory in use
LDB: ============= START OF LOAD BALANCING ============== 13410
LDB: ============== END OF LOAD BALANCING =============== 13410
LDB: =============== DONE WITH MIGRATION ================ 13410
LDB: ============= START OF LOAD BALANCING ============== 13418.4
LDB: ============== END OF LOAD BALANCING =============== 13418.4
LDB: =============== DONE WITH MIGRATION ================ 13418.4
LDB: ============= START OF LOAD BALANCING ============== 13744.2
LDB: ============== END OF LOAD BALANCING =============== 13744.2
LDB: =============== DONE WITH MIGRATION ================ 13744.2
LDB: ============= START OF LOAD BALANCING ============== 13752.6
LDB: ============== END OF LOAD BALANCING =============== 13752.6
LDB: =============== DONE WITH MIGRATION ================ 13752.6
LDB: ============= START OF LOAD BALANCING ============== 14079
LDB: ============== END OF LOAD BALANCING =============== 14079
LDB: =============== DONE WITH MIGRATION ================ 14079
LDB: ============= START OF LOAD BALANCING ============== 14087.3
LDB: ============== END OF LOAD BALANCING =============== 14087.3
LDB: =============== DONE WITH MIGRATION ================ 14087.3
LDB: ============= START OF LOAD BALANCING ============== 14413.3
LDB: ============== END OF LOAD BALANCING =============== 14413.3
LDB: =============== DONE WITH MIGRATION ================ 14413.3
LDB: ============= START OF LOAD BALANCING ============== 14421.7
LDB: ============== END OF LOAD BALANCING =============== 14421.7
LDB: =============== DONE WITH MIGRATION ================ 14421.7
LDB: ============= START OF LOAD BALANCING ============== 14747.4
LDB: ============== END OF LOAD BALANCING =============== 14747.4
LDB: =============== DONE WITH MIGRATION ================ 14747.4
LDB: ============= START OF LOAD BALANCING ============== 14755.8
LDB: ============== END OF LOAD BALANCING =============== 14755.8
LDB: =============== DONE WITH MIGRATION ================ 14755.8
PRESSURE: 90000 9.28514 78.1425 -351.478 78.1425 207.267 173.05 -351.478 173.05 -173.183
GPRESSURE: 90000 191.035 -13.9632 -333.555 15.4757 153.953 -22.666 -138.827 114.733 -220.104
PRESSAVG: 90000 -57.5992 -4.30539 -4.9567 -4.30539 -50.5593 -9.05943 -4.9567 -9.05943 -5.76824
GPRESSAVG: 90000 -57.5223 -4.21604 -5.02125 -4.25462 -50.6 -9.02054 -4.93181 -8.90424 -5.85709
ENERGY:   90000      1550.9556      9237.1268      5738.3600        69.8872         -60884.2559     -1233.9637         0.0000         0.0000     18570.4295         -26951.4603       299.7231    -45521.8899    -26798.6977       300.9693             14.4563        41.6279    266734.5775       -37.9756       -37.9931

WRITING COORDINATES TO DCD FILE NPT.dcd AT STEP 90000
The last position output (seq=90000) takes 0.000 seconds, 685.368 MB of memory in use
LDB: ============= START OF LOAD BALANCING ============== 15082.1
LDB: ============== END OF LOAD BALANCING =============== 15082.1
LDB: =============== DONE WITH MIGRATION ================ 15082.1
LDB: ============= START OF LOAD BALANCING ============== 15090.5
LDB: ============== END OF LOAD BALANCING =============== 15090.5
LDB: =============== DONE WITH MIGRATION ================ 15090.5
LDB: ============= START OF LOAD BALANCING ============== 15416.8
LDB: ============== END OF LOAD BALANCING =============== 15416.8
LDB: =============== DONE WITH MIGRATION ================ 15416.8
LDB: ============= START OF LOAD BALANCING ============== 15425.2
LDB: ============== END OF LOAD BALANCING =============== 15425.2
LDB: =============== DONE WITH MIGRATION ================ 15425.2
LDB: ============= START OF LOAD BALANCING ============== 15751.3
LDB: ============== END OF LOAD BALANCING =============== 15751.3
LDB: =============== DONE WITH MIGRATION ================ 15751.3
LDB: ============= START OF LOAD BALANCING ============== 15759.7
LDB: ============== END OF LOAD BALANCING =============== 15759.7
LDB: =============== DONE WITH MIGRATION ================ 15759.7
LDB: ============= START OF LOAD BALANCING ============== 16085.8
LDB: ============== END OF LOAD BALANCING =============== 16085.8
LDB: =============== DONE WITH MIGRATION ================ 16085.8
LDB: ============= START OF LOAD BALANCING ============== 16094.1
LDB: ============== END OF LOAD BALANCING =============== 16094.1
LDB: =============== DONE WITH MIGRATION ================ 16094.1
LDB: ============= START OF LOAD BALANCING ============== 16420.1
LDB: ============== END OF LOAD BALANCING =============== 16420.1
LDB: =============== DONE WITH MIGRATION ================ 16420.1
LDB: ============= START OF LOAD BALANCING ============== 16428.5
LDB: ============== END OF LOAD BALANCING =============== 16428.5
LDB: =============== DONE WITH MIGRATION ================ 16428.5
PRESSURE: 100000 316.611 337.325 -0.914395 337.325 248.918 -212.996 -0.914395 -212.996 743.912
GPRESSURE: 100000 277.483 335.67 -98.1109 169.25 416.424 -127.922 136.365 -9.13173 685.233
PRESSAVG: 100000 -43.9187 9.27204 16.9132 9.27204 -15.7631 19.5049 16.9132 19.5049 -1.33134
GPRESSAVG: 100000 -43.8962 9.37434 16.9543 9.22086 -15.7431 19.5645 16.8648 19.4341 -1.31471
TIMING: 100000  CPU: 16704.5, 0.167041/step  Wall: 16704.6, 0.167042/step, 41.7606 hours remaining, 685.368061 MB of memory in use.
PERFORMANCE: 100000  averaging 1.03447 ns/day, 0.167042 sec/step with standard deviation 0
ETITLE:      TS           BOND          ANGLE          DIHED          IMPRP               ELECT            VDW       BOUNDARY           MISC        KINETIC               TOTAL           TEMP      POTENTIAL         TOTAL3        TEMPAVG            PRESSURE      GPRESSURE         VOLUME       PRESSAVG      GPRESSAVG

ENERGY:  100000      1511.8994      9137.1078      5668.2495        74.8564         -60862.4074     -1240.3445         0.0000         0.0000     18648.9000         -27061.7387       300.9896    -45710.6388    -26911.0241       300.8114            436.4805       459.7132    267048.5191       -20.3377       -20.3180

WRITING EXTENDED SYSTEM TO RESTART FILE AT STEP 100000
WRITING COORDINATES TO DCD FILE NPT.dcd AT STEP 100000
WRITING COORDINATES TO RESTART FILE AT STEP 100000
FINISHED WRITING RESTART COORDINATES
The last position output (seq=100000) takes 0.001 seconds, 685.368 MB of memory in use
WRITING VELOCITIES TO RESTART FILE AT STEP 100000
FINISHED WRITING RESTART VELOCITIES
The last velocity output (seq=100000) takes 0.000 seconds, 685.368 MB of memory in use
LDB: ============= START OF LOAD BALANCING ============== 16754.5
LDB: ============== END OF LOAD BALANCING =============== 16754.5
LDB: =============== DONE WITH MIGRATION ================ 16754.5
LDB: ============= START OF LOAD BALANCING ============== 16762.9
LDB: ============== END OF LOAD BALANCING =============== 16762.9
LDB: =============== DONE WITH MIGRATION ================ 16762.9
LDB: ============= START OF LOAD BALANCING ============== 17088.3
LDB: ============== END OF LOAD BALANCING =============== 17088.3
LDB: =============== DONE WITH MIGRATION ================ 17088.3
LDB: ============= START OF LOAD BALANCING ============== 17096.6
LDB: ============== END OF LOAD BALANCING =============== 17096.6
LDB: =============== DONE WITH MIGRATION ================ 17096.6
LDB: ============= START OF LOAD BALANCING ============== 17422.2
LDB: ============== END OF LOAD BALANCING =============== 17422.2
LDB: =============== DONE WITH MIGRATION ================ 17422.2
LDB: ============= START OF LOAD BALANCING ============== 17430.5
LDB: ============== END OF LOAD BALANCING =============== 17430.5
LDB: =============== DONE WITH MIGRATION ================ 17430.5
LDB: ============= START OF LOAD BALANCING ============== 17756.6
LDB: ============== END OF LOAD BALANCING =============== 17756.6
LDB: =============== DONE WITH MIGRATION ================ 17756.6
LDB: ============= START OF LOAD BALANCING ============== 17765
LDB: ============== END OF LOAD BALANCING =============== 17765
LDB: =============== DONE WITH MIGRATION ================ 17765
LDB: ============= START OF LOAD BALANCING ============== 18092
LDB: ============== END OF LOAD BALANCING =============== 18092
LDB: =============== DONE WITH MIGRATION ================ 18092
LDB: ============= START OF LOAD BALANCING ============== 18100.3
LDB: ============== END OF LOAD BALANCING =============== 18100.3
LDB: =============== DONE WITH MIGRATION ================ 18100.3
PRESSURE: 110000 546.578 -341.333 -347.639 -341.333 513.785 29.5777 -347.639 29.5777 220.495
GPRESSURE: 110000 668.373 -210.526 -172.674 -174.535 292.545 -9.75549 -369.533 20.7523 371.347
PRESSAVG: 110000 4.37868 11.3632 16.4572 11.3632 21.3342 -6.58468 16.4572 -6.58468 1.14917
GPRESSAVG: 110000 4.42675 11.274 16.3671 11.4478 21.3462 -6.6453 16.4608 -6.59194 1.13964
ENERGY:  110000      1628.9300      9213.3734      5677.0751        74.3289         -60887.5113     -1268.6793         0.0000         0.0000     18647.1578         -26915.3252       300.9614    -45562.4831    -26765.8395       299.5646            426.9527       444.0883    266249.1602         8.9540         8.9709

WRITING COORDINATES TO DCD FILE NPT.dcd AT STEP 110000
LDB: ============= START OF LOAD BALANCING ============== 18426.9
LDB: ============== END OF LOAD BALANCING =============== 18426.9
LDB: =============== DONE WITH MIGRATION ================ 18426.9
LDB: ============= START OF LOAD BALANCING ============== 18435.3
LDB: ============== END OF LOAD BALANCING =============== 18435.3
LDB: =============== DONE WITH MIGRATION ================ 18435.3
LDB: ============= START OF LOAD BALANCING ============== 18762.1
LDB: ============== END OF LOAD BALANCING =============== 18762.1
LDB: =============== DONE WITH MIGRATION ================ 18762.1
LDB: ============= START OF LOAD BALANCING ============== 18770.5
LDB: ============== END OF LOAD BALANCING =============== 18770.5
LDB: =============== DONE WITH MIGRATION ================ 18770.5
LDB: ============= START OF LOAD BALANCING ============== 19097.9
LDB: ============== END OF LOAD BALANCING =============== 19097.9
LDB: =============== DONE WITH MIGRATION ================ 19097.9
LDB: ============= START OF LOAD BALANCING ============== 19106.3
LDB: ============== END OF LOAD BALANCING =============== 19106.3
LDB: =============== DONE WITH MIGRATION ================ 19106.3
LDB: ============= START OF LOAD BALANCING ============== 19432.4
LDB: ============== END OF LOAD BALANCING =============== 19432.4
LDB: =============== DONE WITH MIGRATION ================ 19432.4
LDB: ============= START OF LOAD BALANCING ============== 19440.8
LDB: ============== END OF LOAD BALANCING =============== 19440.8
LDB: =============== DONE WITH MIGRATION ================ 19440.8
LDB: ============= START OF LOAD BALANCING ============== 19767.1
LDB: ============== END OF LOAD BALANCING =============== 19767.1
LDB: =============== DONE WITH MIGRATION ================ 19767.1
LDB: ============= START OF LOAD BALANCING ============== 19775.4
LDB: ============== END OF LOAD BALANCING =============== 19775.4
LDB: =============== DONE WITH MIGRATION ================ 19775.4
PRESSURE: 120000 49.5407 -197.37 297.633 -197.37 -324.962 -21.0994 297.633 -21.0994 -264.869
GPRESSURE: 120000 126.615 -351.698 266.389 -91.6032 -355.64 -175.919 362.893 -115.395 -266.391
PRESSAVG: 120000 27.4739 -3.98487 -19.5492 -3.98487 30.8417 -1.56249 -19.5492 -1.56249 1.25795
GPRESSAVG: 120000 27.4393 -3.9445 -19.4449 -3.90378 30.8656 -1.57617 -19.5328 -1.41555 1.29004
ENERGY:  120000      1573.7429      9218.3067      5690.0204        70.3555         -60685.2912     -1383.2974         0.0000         0.0000     18789.8356         -26726.3275       303.2642    -45516.1631    -26569.9001       300.9049           -180.0968      -165.1385    267151.4333        19.8578        19.8650

WRITING COORDINATES TO DCD FILE NPT.dcd AT STEP 120000
LDB: ============= START OF LOAD BALANCING ============== 20101
LDB: ============== END OF LOAD BALANCING =============== 20101
LDB: =============== DONE WITH MIGRATION ================ 20101
LDB: ============= START OF LOAD BALANCING ============== 20109.3
LDB: ============== END OF LOAD BALANCING =============== 20109.3
LDB: =============== DONE WITH MIGRATION ================ 20109.3
LDB: ============= START OF LOAD BALANCING ============== 20435
LDB: ============== END OF LOAD BALANCING =============== 20435
LDB: =============== DONE WITH MIGRATION ================ 20435
LDB: ============= START OF LOAD BALANCING ============== 20443.3
LDB: ============== END OF LOAD BALANCING =============== 20443.3
LDB: =============== DONE WITH MIGRATION ================ 20443.3
LDB: ============= START OF LOAD BALANCING ============== 20768.9
LDB: ============== END OF LOAD BALANCING =============== 20768.9
LDB: =============== DONE WITH MIGRATION ================ 20768.9
LDB: ============= START OF LOAD BALANCING ============== 20777.2
LDB: ============== END OF LOAD BALANCING =============== 20777.2
LDB: =============== DONE WITH MIGRATION ================ 20777.2
LDB: ============= START OF LOAD BALANCING ============== 21103.2
LDB: ============== END OF LOAD BALANCING =============== 21103.2
LDB: =============== DONE WITH MIGRATION ================ 21103.2
LDB: ============= START OF LOAD BALANCING ============== 21111.5
LDB: ============== END OF LOAD BALANCING =============== 21111.5
LDB: =============== DONE WITH MIGRATION ================ 21111.5
LDB: ============= START OF LOAD BALANCING ============== 21437.7
LDB: ============== END OF LOAD BALANCING =============== 21437.7
LDB: =============== DONE WITH MIGRATION ================ 21437.7
LDB: ============= START OF LOAD BALANCING ============== 21446.1
LDB: ============== END OF LOAD BALANCING =============== 21446.1
LDB: =============== DONE WITH MIGRATION ================ 21446.1
PRESSURE: 130000 -299.914 -184.162 -126.124 -184.162 174.245 251.578 -126.124 251.578 -61.0655
GPRESSURE: 130000 -283.248 -156.829 -24.9027 -78.2406 135.622 208.463 -25.3557 429.323 3.343
PRESSAVG: 130000 -27.077 11.0209 -13.6393 11.0209 -17.607 21.6056 -13.6393 21.6056 4.12558
GPRESSAVG: 130000 -27.0244 11.0411 -13.6875 10.9409 -17.6305 21.6052 -13.4622 21.6138 4.10609
ENERGY:  130000      1513.1265      9375.2071      5802.9198        80.8044         -61101.0816     -1143.6435         0.0000         0.0000     18544.5781         -26928.0891       299.3058    -45472.6672    -26783.6872       301.1232            -62.2446       -48.0941    266808.3750       -13.5195       -13.5163

WRITING COORDINATES TO DCD FILE NPT.dcd AT STEP 130000
LDB: ============= START OF LOAD BALANCING ============== 21772.1
LDB: ============== END OF LOAD BALANCING =============== 21772.1
LDB: =============== DONE WITH MIGRATION ================ 21772.1
LDB: ============= START OF LOAD BALANCING ============== 21780.5
LDB: ============== END OF LOAD BALANCING =============== 21780.5
LDB: =============== DONE WITH MIGRATION ================ 21780.5
LDB: ============= START OF LOAD BALANCING ============== 22106.2
LDB: ============== END OF LOAD BALANCING =============== 22106.2
LDB: =============== DONE WITH MIGRATION ================ 22106.2
LDB: ============= START OF LOAD BALANCING ============== 22114.6
LDB: ============== END OF LOAD BALANCING =============== 22114.6
LDB: =============== DONE WITH MIGRATION ================ 22114.6
LDB: ============= START OF LOAD BALANCING ============== 22440.1
LDB: ============== END OF LOAD BALANCING =============== 22440.1
LDB: =============== DONE WITH MIGRATION ================ 22440.1
LDB: ============= START OF LOAD BALANCING ============== 22448.5
LDB: ============== END OF LOAD BALANCING =============== 22448.5
LDB: =============== DONE WITH MIGRATION ================ 22448.5
LDB: ============= START OF LOAD BALANCING ============== 22774.8
LDB: ============== END OF LOAD BALANCING =============== 22774.8
LDB: =============== DONE WITH MIGRATION ================ 22774.8
LDB: ============= START OF LOAD BALANCING ============== 22783.1
LDB: ============== END OF LOAD BALANCING =============== 22783.1
LDB: =============== DONE WITH MIGRATION ================ 22783.1
LDB: ============= START OF LOAD BALANCING ============== 23108.7
LDB: ============== END OF LOAD BALANCING =============== 23108.7
LDB: =============== DONE WITH MIGRATION ================ 23108.7
LDB: ============= START OF LOAD BALANCING ============== 23117.1
LDB: ============== END OF LOAD BALANCING =============== 23117.1
LDB: =============== DONE WITH MIGRATION ================ 23117.1
PRESSURE: 140000 575.595 -41.9468 282.655 -41.9468 59.1137 -21.5187 282.655 -21.5187 659.633
GPRESSURE: 140000 586.41 46.1506 237.373 -22.9779 92.6005 -180.012 10.5836 126 672.261
PRESSAVG: 140000 -27.3146 0.208177 -8.78415 0.208177 -65.4444 21.5605 -8.78415 21.5605 -0.275441
GPRESSAVG: 140000 -27.4483 0.146374 -8.69777 0.152962 -65.3928 21.5604 -8.86044 21.5656 -0.241863
ENERGY:  140000      1557.5103      9167.6021      5750.4173        64.1635         -60635.9416     -1327.9692         0.0000         0.0000     18549.0552         -26875.1624       299.3781    -45424.2175    -26727.2539       301.7186            431.4473       450.4237    265859.0535       -31.0115       -31.0276

WRITING COORDINATES TO DCD FILE NPT.dcd AT STEP 140000
LDB: ============= START OF LOAD BALANCING ============== 23443
LDB: ============== END OF LOAD BALANCING =============== 23443
LDB: =============== DONE WITH MIGRATION ================ 23443
LDB: ============= START OF LOAD BALANCING ============== 23451.3
LDB: ============== END OF LOAD BALANCING =============== 23451.3
LDB: =============== DONE WITH MIGRATION ================ 23451.3
LDB: ============= START OF LOAD BALANCING ============== 23777.8
LDB: ============== END OF LOAD BALANCING =============== 23777.8
LDB: =============== DONE WITH MIGRATION ================ 23777.8
LDB: ============= START OF LOAD BALANCING ============== 23786.2
LDB: ============== END OF LOAD BALANCING =============== 23786.2
LDB: =============== DONE WITH MIGRATION ================ 23786.2
LDB: ============= START OF LOAD BALANCING ============== 24112.6
LDB: ============== END OF LOAD BALANCING =============== 24112.6
LDB: =============== DONE WITH MIGRATION ================ 24112.6
LDB: ============= START OF LOAD BALANCING ============== 24121
LDB: ============== END OF LOAD BALANCING =============== 24121
LDB: =============== DONE WITH MIGRATION ================ 24121
LDB: ============= START OF LOAD BALANCING ============== 24447.5
LDB: ============== END OF LOAD BALANCING =============== 24447.5
LDB: =============== DONE WITH MIGRATION ================ 24447.5
LDB: ============= START OF LOAD BALANCING ============== 24455.9
LDB: ============== END OF LOAD BALANCING =============== 24455.9
LDB: =============== DONE WITH MIGRATION ================ 24455.9
LDB: ============= START OF LOAD BALANCING ============== 24782.7
LDB: ============== END OF LOAD BALANCING =============== 24782.7
LDB: =============== DONE WITH MIGRATION ================ 24782.7
LDB: ============= START OF LOAD BALANCING ============== 24791.1
LDB: ============== END OF LOAD BALANCING =============== 24791.1
LDB: =============== DONE WITH MIGRATION ================ 24791.1
PRESSURE: 150000 -336.753 63.9922 -64.7871 63.9922 -310.994 549.729 -64.7871 549.729 -706.574
GPRESSURE: 150000 -256.139 24.2238 25.1375 9.96639 -225.418 551.696 87.7344 483.589 -821.711
PRESSAVG: 150000 -5.08982 -30.8237 -29.0547 -30.8237 -2.11968 17.893 -29.0547 17.893 -2.55013
GPRESSAVG: 150000 -5.02077 -30.8971 -28.9942 -30.8799 -2.04724 17.9244 -28.9768 17.9197 -2.65718
ENERGY:  150000      1567.0803      9244.2543      5701.2938        75.9178         -60656.8455     -1444.6383         0.0000         0.0000     18500.1844         -27012.7531       298.5893    -45512.9375    -26862.2447       300.3047           -451.4401      -434.4227    266615.8964        -3.2532        -3.2417

WRITING EXTENDED SYSTEM TO RESTART FILE AT STEP 150000
WRITING COORDINATES TO DCD FILE NPT.dcd AT STEP 150000
WRITING COORDINATES TO RESTART FILE AT STEP 150000
FINISHED WRITING RESTART COORDINATES
WRITING VELOCITIES TO RESTART FILE AT STEP 150000
FINISHED WRITING RESTART VELOCITIES
The last velocity output (seq=150000) takes 0.000 seconds, 685.368 MB of memory in use
LDB: ============= START OF LOAD BALANCING ============== 25118
LDB: ============== END OF LOAD BALANCING =============== 25118
LDB: =============== DONE WITH MIGRATION ================ 25118
LDB: ============= START OF LOAD BALANCING ============== 25126.4
LDB: ============== END OF LOAD BALANCING =============== 25126.4
LDB: =============== DONE WITH MIGRATION ================ 25126.4
LDB: ============= START OF LOAD BALANCING ============== 25453.4
LDB: ============== END OF LOAD BALANCING =============== 25453.4
LDB: =============== DONE WITH MIGRATION ================ 25453.4
LDB: ============= START OF LOAD BALANCING ============== 25461.8
LDB: ============== END OF LOAD BALANCING =============== 25461.8
LDB: =============== DONE WITH MIGRATION ================ 25461.8
LDB: ============= START OF LOAD BALANCING ============== 25789.1
LDB: ============== END OF LOAD BALANCING =============== 25789.1
LDB: =============== DONE WITH MIGRATION ================ 25789.1
LDB: ============= START OF LOAD BALANCING ============== 25797.5
LDB: ============== END OF LOAD BALANCING =============== 25797.5
LDB: =============== DONE WITH MIGRATION ================ 25797.5
LDB: ============= START OF LOAD BALANCING ============== 26124.7
LDB: ============== END OF LOAD BALANCING =============== 26124.7
LDB: =============== DONE WITH MIGRATION ================ 26124.7
LDB: ============= START OF LOAD BALANCING ============== 26133.1
LDB: ============== END OF LOAD BALANCING =============== 26133.1
LDB: =============== DONE WITH MIGRATION ================ 26133.1
LDB: ============= START OF LOAD BALANCING ============== 26460.1
LDB: ============== END OF LOAD BALANCING =============== 26460.1
LDB: =============== DONE WITH MIGRATION ================ 26460.1
LDB: ============= START OF LOAD BALANCING ============== 26468.5
LDB: ============== END OF LOAD BALANCING =============== 26468.5
LDB: =============== DONE WITH MIGRATION ================ 26468.5
PRESSURE: 160000 37.8213 -483.261 -5.747 -483.261 -199.1 125.45 -5.747 125.45 -938.099
GPRESSURE: 160000 99.6937 -333.525 -119.613 -424.84 -269.174 17.7272 107.03 314.091 -886.24
PRESSAVG: 160000 70.9566 -42.5656 -6.79366 -42.5656 16.6673 8.54668 -6.79366 8.54668 1.25966
GPRESSAVG: 160000 70.9686 -42.5314 -6.78107 -42.5732 16.6645 8.50932 -6.89824 8.65858 1.28749
ENERGY:  160000      1612.4007      9227.6763      5790.1677        75.5568         -60639.7598     -1443.2500         0.0000         0.0000     18577.7474         -26799.4609       299.8412    -45377.2083    -26652.2042       300.9901           -366.4591      -351.9069    266343.1772        29.6279        29.6402

WRITING COORDINATES TO DCD FILE NPT.dcd AT STEP 160000
LDB: ============= START OF LOAD BALANCING ============== 26795.2
LDB: ============== END OF LOAD BALANCING =============== 26795.2
LDB: =============== DONE WITH MIGRATION ================ 26795.2
LDB: ============= START OF LOAD BALANCING ============== 26803.6
LDB: ============== END OF LOAD BALANCING =============== 26803.6
LDB: =============== DONE WITH MIGRATION ================ 26803.6
LDB: ============= START OF LOAD BALANCING ============== 27129
LDB: ============== END OF LOAD BALANCING =============== 27129
LDB: =============== DONE WITH MIGRATION ================ 27129
LDB: ============= START OF LOAD BALANCING ============== 27137.4
LDB: ============== END OF LOAD BALANCING =============== 27137.4
LDB: =============== DONE WITH MIGRATION ================ 27137.4
LDB: ============= START OF LOAD BALANCING ============== 27463.3
LDB: ============== END OF LOAD BALANCING =============== 27463.3
LDB: =============== DONE WITH MIGRATION ================ 27463.3
LDB: ============= START OF LOAD BALANCING ============== 27471.7
LDB: ============== END OF LOAD BALANCING =============== 27471.7
LDB: =============== DONE WITH MIGRATION ================ 27471.7
LDB: ============= START OF LOAD BALANCING ============== 27798.3
LDB: ============== END OF LOAD BALANCING =============== 27798.3
LDB: =============== DONE WITH MIGRATION ================ 27798.3
LDB: ============= START OF LOAD BALANCING ============== 27806.7
LDB: ============== END OF LOAD BALANCING =============== 27806.7
LDB: =============== DONE WITH MIGRATION ================ 27806.7
LDB: ============= START OF LOAD BALANCING ============== 28133.1
LDB: ============== END OF LOAD BALANCING =============== 28133.1
LDB: =============== DONE WITH MIGRATION ================ 28133.1
LDB: ============= START OF LOAD BALANCING ============== 28141.5
LDB: ============== END OF LOAD BALANCING =============== 28141.5
LDB: =============== DONE WITH MIGRATION ================ 28141.5
PRESSURE: 170000 340.598 180.305 258.978 180.305 164.842 10.5985 258.978 10.5985 108.77
GPRESSURE: 170000 361.825 40.4527 105.422 108.873 118.176 115.895 358.598 141.18 197.569
PRESSAVG: 170000 -27.9861 -10.5528 3.7201 -10.5528 -112.554 29.4607 3.7201 29.4607 -4.92972
GPRESSAVG: 170000 -28.0043 -10.4767 3.68373 -10.5766 -112.523 29.5973 3.73769 29.3649 -4.95808
ENERGY:  170000      1535.4728      9103.4464      5644.4530        70.0330         -60833.4206     -1400.8228         0.0000         0.0000     18579.3162         -27301.5220       299.8665    -45880.8382    -27143.5898       299.5608            204.7365       225.8567    265495.2875       -48.4900       -48.4951

WRITING COORDINATES TO DCD FILE NPT.dcd AT STEP 170000
LDB: ============= START OF LOAD BALANCING ============== 28468
LDB: ============== END OF LOAD BALANCING =============== 28468
LDB: =============== DONE WITH MIGRATION ================ 28468
LDB: ============= START OF LOAD BALANCING ============== 28476.4
LDB: ============== END OF LOAD BALANCING =============== 28476.4
LDB: =============== DONE WITH MIGRATION ================ 28476.4
LDB: ============= START OF LOAD BALANCING ============== 28802.4
LDB: ============== END OF LOAD BALANCING =============== 28802.4
LDB: =============== DONE WITH MIGRATION ================ 28802.4
LDB: ============= START OF LOAD BALANCING ============== 28810.8
LDB: ============== END OF LOAD BALANCING =============== 28810.8
LDB: =============== DONE WITH MIGRATION ================ 28810.8
LDB: ============= START OF LOAD BALANCING ============== 29137.1
LDB: ============== END OF LOAD BALANCING =============== 29137.1
LDB: =============== DONE WITH MIGRATION ================ 29137.1
LDB: ============= START OF LOAD BALANCING ============== 29145.4
LDB: ============== END OF LOAD BALANCING =============== 29145.4
LDB: =============== DONE WITH MIGRATION ================ 29145.4
LDB: ============= START OF LOAD BALANCING ============== 29472.1
LDB: ============== END OF LOAD BALANCING =============== 29472.1
LDB: =============== DONE WITH MIGRATION ================ 29472.1
LDB: ============= START OF LOAD BALANCING ============== 29480.5
LDB: ============== END OF LOAD BALANCING =============== 29480.5
LDB: =============== DONE WITH MIGRATION ================ 29480.5
LDB: ============= START OF LOAD BALANCING ============== 29807.5
LDB: ============== END OF LOAD BALANCING =============== 29807.5
LDB: =============== DONE WITH MIGRATION ================ 29807.5
LDB: ============= START OF LOAD BALANCING ============== 29815.8
LDB: ============== END OF LOAD BALANCING =============== 29815.8
LDB: =============== DONE WITH MIGRATION ================ 29815.8
PRESSURE: 180000 45.3163 -373.02 -124.953 -373.02 47.8125 250.817 -124.953 250.817 -555.301
GPRESSURE: 180000 41.6208 -269.351 -124.752 -194.071 -48.6243 272.917 -16.2277 180.546 -367.159
PRESSAVG: 180000 -8.8165 0.233267 9.83595 0.233267 -58.4663 25.1992 9.83595 25.1992 1.69355
GPRESSAVG: 180000 -8.88657 0.131336 9.82219 0.37975 -58.3774 25.1701 9.91852 25.2186 1.70882
ENERGY:  180000      1592.6502      9283.1950      5715.5269        68.2276         -60553.0173     -1473.9829         0.0000         0.0000     18694.3284         -26673.0721       301.7228    -45367.4005    -26525.2772       300.2916           -154.0573      -124.7208    266321.1942       -21.8631       -21.8517

WRITING COORDINATES TO DCD FILE NPT.dcd AT STEP 180000
LDB: ============= START OF LOAD BALANCING ============== 30142.5
LDB: ============== END OF LOAD BALANCING =============== 30142.5
LDB: =============== DONE WITH MIGRATION ================ 30142.5
LDB: ============= START OF LOAD BALANCING ============== 30150.9
LDB: ============== END OF LOAD BALANCING =============== 30150.9
LDB: =============== DONE WITH MIGRATION ================ 30150.9
LDB: ============= START OF LOAD BALANCING ============== 30477.5
LDB: ============== END OF LOAD BALANCING =============== 30477.5
LDB: =============== DONE WITH MIGRATION ================ 30477.5
LDB: ============= START OF LOAD BALANCING ============== 30485.9
LDB: ============== END OF LOAD BALANCING =============== 30485.9
LDB: =============== DONE WITH MIGRATION ================ 30485.9
LDB: ============= START OF LOAD BALANCING ============== 30812.6
LDB: ============== END OF LOAD BALANCING =============== 30812.6
LDB: =============== DONE WITH MIGRATION ================ 30812.6
LDB: ============= START OF LOAD BALANCING ============== 30820.9
LDB: ============== END OF LOAD BALANCING =============== 30820.9
LDB: =============== DONE WITH MIGRATION ================ 30820.9
LDB: ============= START OF LOAD BALANCING ============== 31147.4
LDB: ============== END OF LOAD BALANCING =============== 31147.4
LDB: =============== DONE WITH MIGRATION ================ 31147.4
LDB: ============= START OF LOAD BALANCING ============== 31155.8
LDB: ============== END OF LOAD BALANCING =============== 31155.8
LDB: =============== DONE WITH MIGRATION ================ 31155.8
LDB: ============= START OF LOAD BALANCING ============== 31482
LDB: ============== END OF LOAD BALANCING =============== 31482
LDB: =============== DONE WITH MIGRATION ================ 31482
LDB: ============= START OF LOAD BALANCING ============== 31490.4
LDB: ============== END OF LOAD BALANCING =============== 31490.4
LDB: =============== DONE WITH MIGRATION ================ 31490.4
PRESSURE: 190000 -40.4444 225.821 390.8 225.821 -97.7725 -204.408 390.8 -204.408 300.201
GPRESSURE: 190000 11.0381 178.904 385.883 142.423 -5.66336 -92.4794 243.905 -243.246 207.556
PRESSAVG: 190000 -36.1382 -25.6423 25.8467 -25.6423 -42.8825 9.99866 25.8467 9.99866 4.05794
GPRESSAVG: 190000 -36.1077 -25.7961 25.9038 -25.764 -42.8827 10.0084 25.8916 9.89332 4.08262
ENERGY:  190000      1597.4425      9341.4751      5758.8642        73.2463         -61253.1302     -1002.6478         0.0000         0.0000     18733.9986         -26750.7513       302.3630    -45484.7498    -26600.0018       301.4923             53.9947        70.9768    265685.0480       -24.9876       -24.9692

WRITING COORDINATES TO DCD FILE NPT.dcd AT STEP 190000
LDB: ============= START OF LOAD BALANCING ============== 31816.7
LDB: ============== END OF LOAD BALANCING =============== 31816.7
LDB: =============== DONE WITH MIGRATION ================ 31816.7
LDB: ============= START OF LOAD BALANCING ============== 31825.1
LDB: ============== END OF LOAD BALANCING =============== 31825.1
LDB: =============== DONE WITH MIGRATION ================ 31825.1
LDB: ============= START OF LOAD BALANCING ============== 32151.4
LDB: ============== END OF LOAD BALANCING =============== 32151.4
LDB: =============== DONE WITH MIGRATION ================ 32151.4
LDB: ============= START OF LOAD BALANCING ============== 32159.8
LDB: ============== END OF LOAD BALANCING =============== 32159.8
LDB: =============== DONE WITH MIGRATION ================ 32159.8
LDB: ============= START OF LOAD BALANCING ============== 32486.5
LDB: ============== END OF LOAD BALANCING =============== 32486.5
LDB: =============== DONE WITH MIGRATION ================ 32486.5
LDB: ============= START OF LOAD BALANCING ============== 32494.9
LDB: ============== END OF LOAD BALANCING =============== 32494.9
LDB: =============== DONE WITH MIGRATION ================ 32494.9
LDB: ============= START OF LOAD BALANCING ============== 32822.2
LDB: ============== END OF LOAD BALANCING =============== 32822.2
LDB: =============== DONE WITH MIGRATION ================ 32822.2
LDB: ============= START OF LOAD BALANCING ============== 32830.6
LDB: ============== END OF LOAD BALANCING =============== 32830.6
LDB: =============== DONE WITH MIGRATION ================ 32830.6
LDB: ============= START OF LOAD BALANCING ============== 33157.6
LDB: ============== END OF LOAD BALANCING =============== 33157.6
LDB: =============== DONE WITH MIGRATION ================ 33157.6
LDB: ============= START OF LOAD BALANCING ============== 33165.9
LDB: ============== END OF LOAD BALANCING =============== 33165.9
LDB: =============== DONE WITH MIGRATION ================ 33165.9
PRESSURE: 200000 21.6978 44.3336 83.4119 44.3336 -449.075 -16.1186 83.4119 -16.1186 329.943
GPRESSURE: 200000 110.132 -97.6566 197.028 -6.28362 -556.962 -19.3228 68.1725 8.28547 409.335
PRESSAVG: 200000 8.10529 7.50071 25.6131 7.50071 -61.1671 16.8382 25.6131 16.8382 1.97303
GPRESSAVG: 200000 8.13627 7.62746 25.4842 7.59788 -61.1733 16.7872 25.7042 16.7614 1.87705
TIMING: 200000  CPU: 33441.5, 0.16737/step  Wall: 33441.8, 0.167372/step, 37.1937 hours remaining, 685.368061 MB of memory in use.
PERFORMANCE: 200000  averaging 1.03345 ns/day, 0.167207 sec/step with standard deviation 0.000232888
ETITLE:      TS           BOND          ANGLE          DIHED          IMPRP               ELECT            VDW       BOUNDARY           MISC        KINETIC               TOTAL           TEMP      POTENTIAL         TOTAL3        TEMPAVG            PRESSURE      GPRESSURE         VOLUME       PRESSAVG      GPRESSAVG

ENERGY:  200000      1567.4594      9246.0323      5656.0065        62.7796         -61062.2429     -1145.0168         0.0000         0.0000     18586.9355         -27088.0464       299.9895    -45674.9819    -26937.5773       301.6548            -32.4780       -12.4984    267514.0668       -17.0296       -17.0533

WRITING EXTENDED SYSTEM TO RESTART FILE AT STEP 200000
WRITING COORDINATES TO DCD FILE NPT.dcd AT STEP 200000
WRITING COORDINATES TO RESTART FILE AT STEP 200000
FINISHED WRITING RESTART COORDINATES
WRITING VELOCITIES TO RESTART FILE AT STEP 200000
FINISHED WRITING RESTART VELOCITIES
The last velocity output (seq=200000) takes 0.000 seconds, 685.368 MB of memory in use
LDB: ============= START OF LOAD BALANCING ============== 33491.7
LDB: ============== END OF LOAD BALANCING =============== 33491.7
LDB: =============== DONE WITH MIGRATION ================ 33491.7
LDB: ============= START OF LOAD BALANCING ============== 33500
LDB: ============== END OF LOAD BALANCING =============== 33500
LDB: =============== DONE WITH MIGRATION ================ 33500
LDB: ============= START OF LOAD BALANCING ============== 33826
LDB: ============== END OF LOAD BALANCING =============== 33826
LDB: =============== DONE WITH MIGRATION ================ 33826
LDB: ============= START OF LOAD BALANCING ============== 33834.3
LDB: ============== END OF LOAD BALANCING =============== 33834.3
LDB: =============== DONE WITH MIGRATION ================ 33834.3
LDB: ============= START OF LOAD BALANCING ============== 34159.7
LDB: ============== END OF LOAD BALANCING =============== 34159.7
LDB: =============== DONE WITH MIGRATION ================ 34159.7
LDB: ============= START OF LOAD BALANCING ============== 34168.1
LDB: ============== END OF LOAD BALANCING =============== 34168.1
LDB: =============== DONE WITH MIGRATION ================ 34168.1
LDB: ============= START OF LOAD BALANCING ============== 34492.9
LDB: ============== END OF LOAD BALANCING =============== 34492.9
LDB: =============== DONE WITH MIGRATION ================ 34492.9
LDB: ============= START OF LOAD BALANCING ============== 34501.3
LDB: ============== END OF LOAD BALANCING =============== 34501.3
LDB: =============== DONE WITH MIGRATION ================ 34501.3
LDB: ============= START OF LOAD BALANCING ============== 34827.2
LDB: ============== END OF LOAD BALANCING =============== 34827.2
LDB: =============== DONE WITH MIGRATION ================ 34827.2
LDB: ============= START OF LOAD BALANCING ============== 34835.5
LDB: ============== END OF LOAD BALANCING =============== 34835.5
LDB: =============== DONE WITH MIGRATION ================ 34835.5
PRESSURE: 210000 -76.9933 -34.1984 -235.438 -34.1984 155.007 -239.003 -235.438 -239.003 -331.464
GPRESSURE: 210000 -63.9221 64.2783 -285.226 -134.327 200.676 -361.132 -72.5532 -11.4817 -348.145
PRESSAVG: 210000 -42.4331 -12.4846 4.83381 -12.4846 -87.6953 14.4303 4.83381 14.4303 4.53242
GPRESSAVG: 210000 -42.4529 -12.6033 4.92996 -12.51 -87.7279 14.4631 4.81113 14.4485 4.44181
ENERGY:  210000      1597.9707      9265.6851      5701.3070        81.9751         -60518.8877     -1455.6021         0.0000         0.0000     18581.9396         -26745.6122       299.9088    -45327.5518    -26597.9763       301.3815            -84.4835       -70.4637    266932.8864       -41.8653       -41.9130

WRITING COORDINATES TO DCD FILE NPT.dcd AT STEP 210000
LDB: ============= START OF LOAD BALANCING ============== 35161.4
LDB: ============== END OF LOAD BALANCING =============== 35161.4
LDB: =============== DONE WITH MIGRATION ================ 35161.4
LDB: ============= START OF LOAD BALANCING ============== 35169.8
LDB: ============== END OF LOAD BALANCING =============== 35169.8
LDB: =============== DONE WITH MIGRATION ================ 35169.8
LDB: ============= START OF LOAD BALANCING ============== 35495.8
LDB: ============== END OF LOAD BALANCING =============== 35495.8
LDB: =============== DONE WITH MIGRATION ================ 35495.8
LDB: ============= START OF LOAD BALANCING ============== 35504.1
LDB: ============== END OF LOAD BALANCING =============== 35504.1
LDB: =============== DONE WITH MIGRATION ================ 35504.1
LDB: ============= START OF LOAD BALANCING ============== 35829.3
LDB: ============== END OF LOAD BALANCING =============== 35829.3
LDB: =============== DONE WITH MIGRATION ================ 35829.3
LDB: ============= START OF LOAD BALANCING ============== 35837.7
LDB: ============== END OF LOAD BALANCING =============== 35837.7
LDB: =============== DONE WITH MIGRATION ================ 35837.7
LDB: ============= START OF LOAD BALANCING ============== 36163.4
LDB: ============== END OF LOAD BALANCING =============== 36163.4
LDB: =============== DONE WITH MIGRATION ================ 36163.4
LDB: ============= START OF LOAD BALANCING ============== 36171.7
LDB: ============== END OF LOAD BALANCING =============== 36171.7
LDB: =============== DONE WITH MIGRATION ================ 36171.7
LDB: ============= START OF LOAD BALANCING ============== 36497.7
LDB: ============== END OF LOAD BALANCING =============== 36497.7
LDB: =============== DONE WITH MIGRATION ================ 36497.7
LDB: ============= START OF LOAD BALANCING ============== 36506
LDB: ============== END OF LOAD BALANCING =============== 36506
LDB: =============== DONE WITH MIGRATION ================ 36506
PRESSURE: 220000 -519.65 -313.058 -42.993 -313.058 -213.109 -323.301 -42.993 -323.301 -468.715
GPRESSURE: 220000 -458.586 -333.634 -164.646 -191.397 -278.478 -377.629 119.121 -174.872 -408.269
PRESSAVG: 220000 -10.3916 -7.23517 -12.6873 -7.23517 -79.8007 4.0003 -12.6873 4.0003 -0.618879
GPRESSAVG: 220000 -10.4003 -7.27036 -12.709 -7.21369 -79.8901 3.98815 -12.6235 3.9467 -0.589724
ENERGY:  220000      1490.9193      9256.6262      5679.9134        71.1957         -60799.5894     -1366.7705         0.0000         0.0000     18796.7489         -26870.9563       303.3758    -45667.7052    -26718.9570       299.8949           -400.4913      -381.7776    267102.9872       -30.2704       -30.2934

WRITING COORDINATES TO DCD FILE NPT.dcd AT STEP 220000
LDB: ============= START OF LOAD BALANCING ============== 36831.9
LDB: ============== END OF LOAD BALANCING =============== 36831.9
LDB: =============== DONE WITH MIGRATION ================ 36831.9
LDB: ============= START OF LOAD BALANCING ============== 36840.3
LDB: ============== END OF LOAD BALANCING =============== 36840.3
LDB: =============== DONE WITH MIGRATION ================ 36840.3
LDB: ============= START OF LOAD BALANCING ============== 37165.7
LDB: ============== END OF LOAD BALANCING =============== 37165.7
LDB: =============== DONE WITH MIGRATION ================ 37165.7
LDB: ============= START OF LOAD BALANCING ============== 37174.1
LDB: ============== END OF LOAD BALANCING =============== 37174.1
LDB: =============== DONE WITH MIGRATION ================ 37174.1
LDB: ============= START OF LOAD BALANCING ============== 37499.4
LDB: ============== END OF LOAD BALANCING =============== 37499.4
LDB: =============== DONE WITH MIGRATION ================ 37499.4
LDB: ============= START OF LOAD BALANCING ============== 37507.7
LDB: ============== END OF LOAD BALANCING =============== 37507.7
LDB: =============== DONE WITH MIGRATION ================ 37507.7
LDB: ============= START OF LOAD BALANCING ============== 37834.2
LDB: ============== END OF LOAD BALANCING =============== 37834.2
LDB: =============== DONE WITH MIGRATION ================ 37834.2
LDB: ============= START OF LOAD BALANCING ============== 37842.6
LDB: ============== END OF LOAD BALANCING =============== 37842.6
LDB: =============== DONE WITH MIGRATION ================ 37842.6
LDB: ============= START OF LOAD BALANCING ============== 38169
LDB: ============== END OF LOAD BALANCING =============== 38169
LDB: =============== DONE WITH MIGRATION ================ 38169
LDB: ============= START OF LOAD BALANCING ============== 38177.4
LDB: ============== END OF LOAD BALANCING =============== 38177.4
LDB: =============== DONE WITH MIGRATION ================ 38177.4
PRESSURE: 230000 -222.727 574.246 -196.469 574.246 -457.622 -276.725 -196.469 -276.725 -360.039
GPRESSURE: 230000 -228.05 511.65 49.5904 354.007 -204.782 -374.801 -90.6622 -22.6514 -546.345
PRESSAVG: 230000 -12.2251 -28.2539 -1.02883 -28.2539 -61.2381 12.0879 -1.02883 12.0879 -1.70429
GPRESSAVG: 230000 -12.1502 -28.2825 -1.06888 -28.1559 -61.126 12.0498 -0.970404 12.0677 -1.75651
ENERGY:  230000      1555.5610      9180.3803      5686.1389        95.3529         -60726.8015     -1297.8646         0.0000         0.0000     18690.7751         -26816.4578       301.6654    -45507.2329    -26661.6854       300.4717           -346.7962      -326.3923    267244.8551       -25.0558       -25.0109

WRITING COORDINATES TO DCD FILE NPT.dcd AT STEP 230000
LDB: ============= START OF LOAD BALANCING ============== 38503.1
LDB: ============== END OF LOAD BALANCING =============== 38503.1
LDB: =============== DONE WITH MIGRATION ================ 38503.1
LDB: ============= START OF LOAD BALANCING ============== 38511.4
LDB: ============== END OF LOAD BALANCING =============== 38511.4
LDB: =============== DONE WITH MIGRATION ================ 38511.4
LDB: ============= START OF LOAD BALANCING ============== 38837.8
LDB: ============== END OF LOAD BALANCING =============== 38837.8
LDB: =============== DONE WITH MIGRATION ================ 38837.8
LDB: ============= START OF LOAD BALANCING ============== 38846.2
LDB: ============== END OF LOAD BALANCING =============== 38846.2
LDB: =============== DONE WITH MIGRATION ================ 38846.2
LDB: ============= START OF LOAD BALANCING ============== 39172.9
LDB: ============== END OF LOAD BALANCING =============== 39172.9
LDB: =============== DONE WITH MIGRATION ================ 39172.9
LDB: ============= START OF LOAD BALANCING ============== 39181.2
LDB: ============== END OF LOAD BALANCING =============== 39181.2
LDB: =============== DONE WITH MIGRATION ================ 39181.2
LDB: ============= START OF LOAD BALANCING ============== 39507.1
LDB: ============== END OF LOAD BALANCING =============== 39507.1
LDB: =============== DONE WITH MIGRATION ================ 39507.1
LDB: ============= START OF LOAD BALANCING ============== 39515.5
LDB: ============== END OF LOAD BALANCING =============== 39515.5
LDB: =============== DONE WITH MIGRATION ================ 39515.5
LDB: ============= START OF LOAD BALANCING ============== 39841.9
LDB: ============== END OF LOAD BALANCING =============== 39841.9
LDB: =============== DONE WITH MIGRATION ================ 39841.9
LDB: ============= START OF LOAD BALANCING ============== 39850.3
LDB: ============== END OF LOAD BALANCING =============== 39850.3
LDB: =============== DONE WITH MIGRATION ================ 39850.3
PRESSURE: 240000 692.872 63.6549 -154.894 63.6549 -166.527 313.211 -154.894 313.211 -730.277
GPRESSURE: 240000 587.707 -95.1996 -172.013 87.5913 -0.223404 30.8987 -171.464 105.971 -737.158
PRESSAVG: 240000 -10.7409 -24.3313 0.372263 -24.3313 -34.3812 30.4762 0.372263 30.4762 3.91721
GPRESSAVG: 240000 -10.7966 -24.3145 0.397718 -24.2759 -34.4852 30.4493 0.392102 30.3339 3.89136
ENERGY:  240000      1593.2756      9153.8081      5724.0856        79.9429         -60932.1903     -1190.9069         0.0000         0.0000     18615.8499         -26956.1352       300.4561    -45571.9851    -26804.1494       300.3432            -67.9772       -49.8914    266294.6274       -13.7349       -13.7968

WRITING COORDINATES TO DCD FILE NPT.dcd AT STEP 240000
LDB: ============= START OF LOAD BALANCING ============== 40176.5
LDB: ============== END OF LOAD BALANCING =============== 40176.5
LDB: =============== DONE WITH MIGRATION ================ 40176.5
LDB: ============= START OF LOAD BALANCING ============== 40184.8
LDB: ============== END OF LOAD BALANCING =============== 40184.8
LDB: =============== DONE WITH MIGRATION ================ 40184.8
LDB: ============= START OF LOAD BALANCING ============== 40511.3
LDB: ============== END OF LOAD BALANCING =============== 40511.3
LDB: =============== DONE WITH MIGRATION ================ 40511.3
LDB: ============= START OF LOAD BALANCING ============== 40519.7
LDB: ============== END OF LOAD BALANCING =============== 40519.7
LDB: =============== DONE WITH MIGRATION ================ 40519.7
LDB: ============= START OF LOAD BALANCING ============== 40845.9
LDB: ============== END OF LOAD BALANCING =============== 40845.9
LDB: =============== DONE WITH MIGRATION ================ 40845.9
LDB: ============= START OF LOAD BALANCING ============== 40854.3
LDB: ============== END OF LOAD BALANCING =============== 40854.3
LDB: =============== DONE WITH MIGRATION ================ 40854.3
LDB: ============= START OF LOAD BALANCING ============== 41180
LDB: ============== END OF LOAD BALANCING =============== 41180
LDB: =============== DONE WITH MIGRATION ================ 41180
LDB: ============= START OF LOAD BALANCING ============== 41188.4
LDB: ============== END OF LOAD BALANCING =============== 41188.4
LDB: =============== DONE WITH MIGRATION ================ 41188.4
LDB: ============= START OF LOAD BALANCING ============== 41515
LDB: ============== END OF LOAD BALANCING =============== 41515
LDB: =============== DONE WITH MIGRATION ================ 41515
LDB: ============= START OF LOAD BALANCING ============== 41523.4
LDB: ============== END OF LOAD BALANCING =============== 41523.4
LDB: =============== DONE WITH MIGRATION ================ 41523.4
PRESSURE: 250000 -260.89 -1.70931 -346.471 -1.70931 -123.901 122.322 -346.471 122.322 445.795
GPRESSURE: 250000 -266.171 258.145 -396.363 -89.5517 -58.4554 28.3541 -227.942 185.572 455.182
PRESSAVG: 250000 -28.04 -33.0044 -6.58178 -33.0044 1.03304 -20.8865 -6.58178 -20.8865 0.766719
GPRESSAVG: 250000 -28.0637 -32.9603 -6.58176 -32.9082 1.00645 -20.9071 -6.57345 -20.9064 0.771647
ENERGY:  250000      1576.2253      9197.5429      5765.5319        67.9775         -60823.1182     -1238.6189         0.0000         0.0000     18677.0659         -26777.3936       301.4441    -45454.4596    -26623.2694       300.5196             20.3347        43.5185    265896.9159        -8.7467        -8.7619

WRITING EXTENDED SYSTEM TO RESTART FILE AT STEP 250000
WRITING COORDINATES TO DCD FILE NPT.dcd AT STEP 250000
WRITING COORDINATES TO RESTART FILE AT STEP 250000
FINISHED WRITING RESTART COORDINATES
WRITING VELOCITIES TO RESTART FILE AT STEP 250000
FINISHED WRITING RESTART VELOCITIES
The last velocity output (seq=250000) takes 0.000 seconds, 685.368 MB of memory in use
LDB: ============= START OF LOAD BALANCING ============== 41850
LDB: ============== END OF LOAD BALANCING =============== 41850
LDB: =============== DONE WITH MIGRATION ================ 41850
LDB: ============= START OF LOAD BALANCING ============== 41858.4
LDB: ============== END OF LOAD BALANCING =============== 41858.4
LDB: =============== DONE WITH MIGRATION ================ 41858.4
LDB: ============= START OF LOAD BALANCING ============== 42184.8
LDB: ============== END OF LOAD BALANCING =============== 42184.8
LDB: =============== DONE WITH MIGRATION ================ 42184.8
LDB: ============= START OF LOAD BALANCING ============== 42193.2
LDB: ============== END OF LOAD BALANCING =============== 42193.2
LDB: =============== DONE WITH MIGRATION ================ 42193.2
LDB: ============= START OF LOAD BALANCING ============== 42520.4
LDB: ============== END OF LOAD BALANCING =============== 42520.4
LDB: =============== DONE WITH MIGRATION ================ 42520.4
LDB: ============= START OF LOAD BALANCING ============== 42528.8
LDB: ============== END OF LOAD BALANCING =============== 42528.8
LDB: =============== DONE WITH MIGRATION ================ 42528.8
LDB: ============= START OF LOAD BALANCING ============== 42855.9
LDB: ============== END OF LOAD BALANCING =============== 42855.9
LDB: =============== DONE WITH MIGRATION ================ 42855.9
LDB: ============= START OF LOAD BALANCING ============== 42864.2
LDB: ============== END OF LOAD BALANCING =============== 42864.2
LDB: =============== DONE WITH MIGRATION ================ 42864.2
LDB: ============= START OF LOAD BALANCING ============== 43191
LDB: ============== END OF LOAD BALANCING =============== 43191
LDB: =============== DONE WITH MIGRATION ================ 43191
LDB: ============= START OF LOAD BALANCING ============== 43199.4
LDB: ============== END OF LOAD BALANCING =============== 43199.4
LDB: =============== DONE WITH MIGRATION ================ 43199.4
PRESSURE: 260000 -164.47 -118.442 -49.8639 -118.442 473.173 244.229 -49.8639 244.229 -8.86135
GPRESSURE: 260000 -101.823 -4.26238 154.328 -203.488 312.439 244.505 -18.231 155.451 134.643
PRESSAVG: 260000 2.39851 -25.6655 16.6624 -25.6655 35.3338 20.7299 16.6624 20.7299 0.511286
GPRESSAVG: 260000 2.33305 -25.726 16.6853 -25.8411 35.2925 20.7851 16.7416 20.6686 0.561487
ENERGY:  260000      1568.7914      9118.2623      5700.9709        79.2803         -60763.6754     -1248.3676         0.0000         0.0000     18660.1990         -26884.5389       301.1719    -45544.7380    -26733.6249       300.8212             99.9474       115.0861    266678.9315        12.7479        12.7290

WRITING COORDINATES TO DCD FILE NPT.dcd AT STEP 260000
LDB: ============= START OF LOAD BALANCING ============== 43525.9
LDB: ============== END OF LOAD BALANCING =============== 43525.9
LDB: =============== DONE WITH MIGRATION ================ 43525.9
LDB: ============= START OF LOAD BALANCING ============== 43534.2
LDB: ============== END OF LOAD BALANCING =============== 43534.2
LDB: =============== DONE WITH MIGRATION ================ 43534.2
LDB: ============= START OF LOAD BALANCING ============== 43861.3
LDB: ============== END OF LOAD BALANCING =============== 43861.3
LDB: =============== DONE WITH MIGRATION ================ 43861.3
LDB: ============= START OF LOAD BALANCING ============== 43869.7
LDB: ============== END OF LOAD BALANCING =============== 43869.7
LDB: =============== DONE WITH MIGRATION ================ 43869.7
LDB: ============= START OF LOAD BALANCING ============== 44196.3
LDB: ============== END OF LOAD BALANCING =============== 44196.3
LDB: =============== DONE WITH MIGRATION ================ 44196.3
LDB: ============= START OF LOAD BALANCING ============== 44204.7
LDB: ============== END OF LOAD BALANCING =============== 44204.7
LDB: =============== DONE WITH MIGRATION ================ 44204.7
LDB: ============= START OF LOAD BALANCING ============== 44531.4
LDB: ============== END OF LOAD BALANCING =============== 44531.4
LDB: =============== DONE WITH MIGRATION ================ 44531.4
LDB: ============= START OF LOAD BALANCING ============== 44539.8
LDB: ============== END OF LOAD BALANCING =============== 44539.8
LDB: =============== DONE WITH MIGRATION ================ 44539.8
LDB: ============= START OF LOAD BALANCING ============== 44866.4
LDB: ============== END OF LOAD BALANCING =============== 44866.4
LDB: =============== DONE WITH MIGRATION ================ 44866.4
LDB: ============= START OF LOAD BALANCING ============== 44874.8
LDB: ============== END OF LOAD BALANCING =============== 44874.8
LDB: =============== DONE WITH MIGRATION ================ 44874.8
PRESSURE: 270000 -426.472 -83.4354 25.4102 -83.4354 9.29642 203.434 25.4102 203.434 61.3161
GPRESSURE: 270000 -276.906 -59.9771 -122.668 16.1865 -64.8998 29.5584 -56.7159 230.423 81.5752
PRESSAVG: 270000 -41.6431 -19.7272 6.28491 -19.7272 19.3316 7.5253 6.28491 7.5253 -0.159254
GPRESSAVG: 270000 -41.591 -19.8531 6.41692 -19.789 19.2457 7.47788 6.27542 7.56494 -0.231348
ENERGY:  270000      1551.5746      9243.2221      5757.4444        79.7423         -60853.6934     -1319.7543         0.0000         0.0000     18714.6216         -26826.8427       302.0503    -45541.4643    -26675.2094       300.7254           -118.6198       -86.7434    265870.5355        -7.4903        -7.5256

WRITING COORDINATES TO DCD FILE NPT.dcd AT STEP 270000
LDB: ============= START OF LOAD BALANCING ============== 45201.7
LDB: ============== END OF LOAD BALANCING =============== 45201.7
LDB: =============== DONE WITH MIGRATION ================ 45201.7
LDB: ============= START OF LOAD BALANCING ============== 45210.1
LDB: ============== END OF LOAD BALANCING =============== 45210.1
LDB: =============== DONE WITH MIGRATION ================ 45210.1
LDB: ============= START OF LOAD BALANCING ============== 45537.6
LDB: ============== END OF LOAD BALANCING =============== 45537.6
LDB: =============== DONE WITH MIGRATION ================ 45537.6
LDB: ============= START OF LOAD BALANCING ============== 45546
LDB: ============== END OF LOAD BALANCING =============== 45546
LDB: =============== DONE WITH MIGRATION ================ 45546
LDB: ============= START OF LOAD BALANCING ============== 45873
LDB: ============== END OF LOAD BALANCING =============== 45873
LDB: =============== DONE WITH MIGRATION ================ 45873
LDB: ============= START OF LOAD BALANCING ============== 45881.4
LDB: ============== END OF LOAD BALANCING =============== 45881.4
LDB: =============== DONE WITH MIGRATION ================ 45881.4
LDB: ============= START OF LOAD BALANCING ============== 46209.2
LDB: ============== END OF LOAD BALANCING =============== 46209.2
LDB: =============== DONE WITH MIGRATION ================ 46209.2
LDB: ============= START OF LOAD BALANCING ============== 46217.5
LDB: ============== END OF LOAD BALANCING =============== 46217.5
LDB: =============== DONE WITH MIGRATION ================ 46217.5
LDB: ============= START OF LOAD BALANCING ============== 46544.9
LDB: ============== END OF LOAD BALANCING =============== 46544.9
LDB: =============== DONE WITH MIGRATION ================ 46544.9
LDB: ============= START OF LOAD BALANCING ============== 46553.4
LDB: ============== END OF LOAD BALANCING =============== 46553.4
LDB: =============== DONE WITH MIGRATION ================ 46553.4
PRESSURE: 280000 -908.62 -65.954 197.434 -65.954 -475.523 -265.919 197.434 -265.919 191.531
GPRESSURE: 280000 -888.089 -31.6485 34.9691 -4.18601 -335.279 -143.304 336.385 39.5523 83.7356
PRESSAVG: 280000 22.4442 -10.8166 -8.12437 -10.8166 64.2477 -14.6661 -8.12437 -14.6661 -4.20768
GPRESSAVG: 280000 22.4528 -10.8487 -8.13193 -10.7973 64.2017 -14.7202 -8.1145 -14.5825 -4.18728
ENERGY:  280000      1580.5169      9107.8510      5746.1756        77.4454         -60959.2279     -1367.4612         0.0000         0.0000     18701.5347         -27113.1656       301.8391    -45814.7003    -26964.0693       299.8913           -397.5375      -379.8775    266103.0554        27.4947        27.4891

WRITING COORDINATES TO DCD FILE NPT.dcd AT STEP 280000
LDB: ============= START OF LOAD BALANCING ============== 46880.1
LDB: ============== END OF LOAD BALANCING =============== 46880.1
LDB: =============== DONE WITH MIGRATION ================ 46880.1
LDB: ============= START OF LOAD BALANCING ============== 46888.5
LDB: ============== END OF LOAD BALANCING =============== 46888.5
LDB: =============== DONE WITH MIGRATION ================ 46888.5
LDB: ============= START OF LOAD BALANCING ============== 47214.4
LDB: ============== END OF LOAD BALANCING =============== 47214.4
LDB: =============== DONE WITH MIGRATION ================ 47214.4
LDB: ============= START OF LOAD BALANCING ============== 47222.7
LDB: ============== END OF LOAD BALANCING =============== 47222.7
LDB: =============== DONE WITH MIGRATION ================ 47222.7
LDB: ============= START OF LOAD BALANCING ============== 47549.2
LDB: ============== END OF LOAD BALANCING =============== 47549.2
LDB: =============== DONE WITH MIGRATION ================ 47549.2
LDB: ============= START OF LOAD BALANCING ============== 47557.6
LDB: ============== END OF LOAD BALANCING =============== 47557.6
LDB: =============== DONE WITH MIGRATION ================ 47557.6
LDB: ============= START OF LOAD BALANCING ============== 47883.6
LDB: ============== END OF LOAD BALANCING =============== 47883.6
LDB: =============== DONE WITH MIGRATION ================ 47883.6
LDB: ============= START OF LOAD BALANCING ============== 47892
LDB: ============== END OF LOAD BALANCING =============== 47892
LDB: =============== DONE WITH MIGRATION ================ 47892
LDB: ============= START OF LOAD BALANCING ============== 48218.4
LDB: ============== END OF LOAD BALANCING =============== 48218.4
LDB: =============== DONE WITH MIGRATION ================ 48218.4
LDB: ============= START OF LOAD BALANCING ============== 48226.8
LDB: ============== END OF LOAD BALANCING =============== 48226.8
LDB: =============== DONE WITH MIGRATION ================ 48226.8
PRESSURE: 290000 -382.321 -120.449 513.997 -120.449 -180.824 -321.284 513.997 -321.284 -94.0121
GPRESSURE: 290000 -442.732 -216.195 378.616 -60.3904 -299.377 -168.058 426.239 -269.975 108.387
PRESSAVG: 290000 -24.6032 29.7673 4.60775 29.7673 19.2497 26.9574 4.60775 26.9574 -0.680915
GPRESSAVG: 290000 -24.5857 29.8709 4.59494 29.7733 19.2168 26.885 4.63272 26.8287 -0.696408
ENERGY:  290000      1565.8213      9293.4366      5686.7190        67.1882         -60843.8201     -1245.5391         0.0000         0.0000     18481.7741         -26994.4199       298.2922    -45476.1941    -26845.2853       299.8175           -219.0523      -211.2404    265992.9140        -2.0115        -2.0218

WRITING COORDINATES TO DCD FILE NPT.dcd AT STEP 290000
LDB: ============= START OF LOAD BALANCING ============== 48553.3
LDB: ============== END OF LOAD BALANCING =============== 48553.3
LDB: =============== DONE WITH MIGRATION ================ 48553.3
LDB: ============= START OF LOAD BALANCING ============== 48561.7
LDB: ============== END OF LOAD BALANCING =============== 48561.7
LDB: =============== DONE WITH MIGRATION ================ 48561.7
LDB: ============= START OF LOAD BALANCING ============== 48888.7
LDB: ============== END OF LOAD BALANCING =============== 48888.7
LDB: =============== DONE WITH MIGRATION ================ 48888.7
LDB: ============= START OF LOAD BALANCING ============== 48897.1
LDB: ============== END OF LOAD BALANCING =============== 48897.1
LDB: =============== DONE WITH MIGRATION ================ 48897.1
LDB: ============= START OF LOAD BALANCING ============== 49224.2
LDB: ============== END OF LOAD BALANCING =============== 49224.2
LDB: =============== DONE WITH MIGRATION ================ 49224.2
LDB: ============= START OF LOAD BALANCING ============== 49232.6
LDB: ============== END OF LOAD BALANCING =============== 49232.6
LDB: =============== DONE WITH MIGRATION ================ 49232.6
LDB: ============= START OF LOAD BALANCING ============== 49560
LDB: ============== END OF LOAD BALANCING =============== 49560
LDB: =============== DONE WITH MIGRATION ================ 49560
LDB: ============= START OF LOAD BALANCING ============== 49568.4
LDB: ============== END OF LOAD BALANCING =============== 49568.4
LDB: =============== DONE WITH MIGRATION ================ 49568.4
LDB: ============= START OF LOAD BALANCING ============== 49895.6
LDB: ============== END OF LOAD BALANCING =============== 49895.6
LDB: =============== DONE WITH MIGRATION ================ 49895.6
LDB: ============= START OF LOAD BALANCING ============== 49904
LDB: ============== END OF LOAD BALANCING =============== 49904
LDB: =============== DONE WITH MIGRATION ================ 49904
PRESSURE: 300000 357.988 244.213 -39.3722 244.213 -17.7504 -436.024 -39.3722 -436.024 286.449
GPRESSURE: 300000 196.335 224.919 -57.9747 228.717 144.495 -144.05 -90.714 -351.79 346.809
PRESSAVG: 300000 0.035009 45.7872 -36.793 45.7872 22.3678 21.8986 -36.793 21.8986 2.86156
GPRESSAVG: 300000 0.0512327 45.7213 -36.8811 45.7844 22.3592 21.9544 -36.8811 21.8902 2.90506
TIMING: 300000  CPU: 50180.7, 0.167393/step  Wall: 50181.2, 0.167394/step, 32.5488 hours remaining, 685.368061 MB of memory in use.
PERFORMANCE: 300000  averaging 1.03306 ns/day, 0.167269 sec/step with standard deviation 0.000196903
ETITLE:      TS           BOND          ANGLE          DIHED          IMPRP               ELECT            VDW       BOUNDARY           MISC        KINETIC               TOTAL           TEMP      POTENTIAL         TOTAL3        TEMPAVG            PRESSURE      GPRESSURE         VOLUME       PRESSAVG      GPRESSAVG

ENERGY:  300000      1562.2423      9137.6122      5672.0685        65.9532         -60840.4449     -1275.3848         0.0000         0.0000     18701.4965         -26976.4571       301.8385    -45677.9536    -26827.3696       300.3404            208.8956       229.2128    265995.4473         8.4215         8.4385

WRITING EXTENDED SYSTEM TO RESTART FILE AT STEP 300000
WRITING COORDINATES TO DCD FILE NPT.dcd AT STEP 300000
WRITING COORDINATES TO RESTART FILE AT STEP 300000
FINISHED WRITING RESTART COORDINATES
WRITING VELOCITIES TO RESTART FILE AT STEP 300000
FINISHED WRITING RESTART VELOCITIES
LDB: ============= START OF LOAD BALANCING ============== 50231.2
LDB: ============== END OF LOAD BALANCING =============== 50231.2
LDB: =============== DONE WITH MIGRATION ================ 50231.2
LDB: ============= START OF LOAD BALANCING ============== 50239.6
LDB: ============== END OF LOAD BALANCING =============== 50239.6
LDB: =============== DONE WITH MIGRATION ================ 50239.6
LDB: ============= START OF LOAD BALANCING ============== 50566.1
LDB: ============== END OF LOAD BALANCING =============== 50566.1
LDB: =============== DONE WITH MIGRATION ================ 50566.1
LDB: ============= START OF LOAD BALANCING ============== 50574.5
LDB: ============== END OF LOAD BALANCING =============== 50574.5
LDB: =============== DONE WITH MIGRATION ================ 50574.5
LDB: ============= START OF LOAD BALANCING ============== 50901.1
LDB: ============== END OF LOAD BALANCING =============== 50901.1
LDB: =============== DONE WITH MIGRATION ================ 50901.1
LDB: ============= START OF LOAD BALANCING ============== 50909.5
LDB: ============== END OF LOAD BALANCING =============== 50909.5
LDB: =============== DONE WITH MIGRATION ================ 50909.5
LDB: ============= START OF LOAD BALANCING ============== 51236.3
LDB: ============== END OF LOAD BALANCING =============== 51236.3
LDB: =============== DONE WITH MIGRATION ================ 51236.3
LDB: ============= START OF LOAD BALANCING ============== 51244.6
LDB: ============== END OF LOAD BALANCING =============== 51244.6
LDB: =============== DONE WITH MIGRATION ================ 51244.6
LDB: ============= START OF LOAD BALANCING ============== 51571.7
LDB: ============== END OF LOAD BALANCING =============== 51571.7
LDB: =============== DONE WITH MIGRATION ================ 51571.7
LDB: ============= START OF LOAD BALANCING ============== 51580.1
LDB: ============== END OF LOAD BALANCING =============== 51580.1
LDB: =============== DONE WITH MIGRATION ================ 51580.1
PRESSURE: 310000 -162.61 -466.995 -192.306 -466.995 -434.604 50.6636 -192.306 50.6636 -669.773
GPRESSURE: 310000 -150.718 -620.206 -171.045 -434.851 -475.321 186.615 -465.448 214.44 -610.169
PRESSAVG: 310000 8.3512 -40.9876 -7.00792 -40.9876 -26.5802 17.748 -7.00792 17.748 -5.45005
GPRESSAVG: 310000 8.30505 -40.9781 -6.96405 -40.9732 -26.5094 17.7407 -6.92069 17.8662 -5.48923
ENERGY:  310000      1570.4911      9168.4738      5671.1175        66.3483         -60594.4940     -1467.1234         0.0000         0.0000     18572.4428         -27012.7440       299.7556    -45585.1868    -26856.4245       300.3101           -422.3290      -412.0692    265994.0268        -7.8930        -7.8978

WRITING COORDINATES TO DCD FILE NPT.dcd AT STEP 310000
LDB: ============= START OF LOAD BALANCING ============== 51907.8
LDB: ============== END OF LOAD BALANCING =============== 51907.8
LDB: =============== DONE WITH MIGRATION ================ 51907.8
LDB: ============= START OF LOAD BALANCING ============== 51916.3
LDB: ============== END OF LOAD BALANCING =============== 51916.3
LDB: =============== DONE WITH MIGRATION ================ 51916.3
LDB: ============= START OF LOAD BALANCING ============== 52244.5
LDB: ============== END OF LOAD BALANCING =============== 52244.5
LDB: =============== DONE WITH MIGRATION ================ 52244.5
LDB: ============= START OF LOAD BALANCING ============== 52252.9
LDB: ============== END OF LOAD BALANCING =============== 52252.9
LDB: =============== DONE WITH MIGRATION ================ 52252.9
LDB: ============= START OF LOAD BALANCING ============== 52580.1
LDB: ============== END OF LOAD BALANCING =============== 52580.1
LDB: =============== DONE WITH MIGRATION ================ 52580.1
LDB: ============= START OF LOAD BALANCING ============== 52588.5
LDB: ============== END OF LOAD BALANCING =============== 52588.5
LDB: =============== DONE WITH MIGRATION ================ 52588.5
LDB: ============= START OF LOAD BALANCING ============== 52916.3
LDB: ============== END OF LOAD BALANCING =============== 52916.3
LDB: =============== DONE WITH MIGRATION ================ 52916.3
LDB: ============= START OF LOAD BALANCING ============== 52924.7
LDB: ============== END OF LOAD BALANCING =============== 52924.7
LDB: =============== DONE WITH MIGRATION ================ 52924.7
LDB: ============= START OF LOAD BALANCING ============== 53251.7
LDB: ============== END OF LOAD BALANCING =============== 53251.7
LDB: =============== DONE WITH MIGRATION ================ 53251.7
LDB: ============= START OF LOAD BALANCING ============== 53260.1
LDB: ============== END OF LOAD BALANCING =============== 53260.1
LDB: =============== DONE WITH MIGRATION ================ 53260.1
PRESSURE: 320000 -162.85 339.784 41.6304 339.784 102.883 559.963 41.6304 559.963 245.689
GPRESSURE: 320000 -177.804 518.907 -154.254 183.366 120.522 430.703 285.845 604.777 312.474
PRESSAVG: 320000 46.9127 -53.6368 -17.9261 -53.6368 4.11802 0.425501 -17.9261 0.425501 4.10998
GPRESSAVG: 320000 46.882 -53.5915 -17.9114 -53.7562 4.15527 0.402186 -18.0021 0.467618 4.05811
ENERGY:  320000      1583.5050      8988.7996      5753.0983        72.7573         -60858.8230     -1281.4711         0.0000         0.0000     18669.3321         -27072.8018       301.3193    -45742.1339    -26917.1906       300.6117             61.9073        85.0640    265222.9691        18.3802        18.3651

WRITING COORDINATES TO DCD FILE NPT.dcd AT STEP 320000
LDB: ============= START OF LOAD BALANCING ============== 53587.2
LDB: ============== END OF LOAD BALANCING =============== 53587.2
LDB: =============== DONE WITH MIGRATION ================ 53587.2
LDB: ============= START OF LOAD BALANCING ============== 53595.6
LDB: ============== END OF LOAD BALANCING =============== 53595.6
LDB: =============== DONE WITH MIGRATION ================ 53595.6
LDB: ============= START OF LOAD BALANCING ============== 53922.5
LDB: ============== END OF LOAD BALANCING =============== 53922.5
LDB: =============== DONE WITH MIGRATION ================ 53922.5
LDB: ============= START OF LOAD BALANCING ============== 53930.9
LDB: ============== END OF LOAD BALANCING =============== 53930.9
LDB: =============== DONE WITH MIGRATION ================ 53930.9
LDB: ============= START OF LOAD BALANCING ============== 54258
LDB: ============== END OF LOAD BALANCING =============== 54258
LDB: =============== DONE WITH MIGRATION ================ 54258
LDB: ============= START OF LOAD BALANCING ============== 54266.4
LDB: ============== END OF LOAD BALANCING =============== 54266.4
LDB: =============== DONE WITH MIGRATION ================ 54266.4
LDB: ============= START OF LOAD BALANCING ============== 54593
LDB: ============== END OF LOAD BALANCING =============== 54593
LDB: =============== DONE WITH MIGRATION ================ 54593
LDB: ============= START OF LOAD BALANCING ============== 54601.5
LDB: ============== END OF LOAD BALANCING =============== 54601.5
LDB: =============== DONE WITH MIGRATION ================ 54601.5
LDB: ============= START OF LOAD BALANCING ============== 54928.5
LDB: ============== END OF LOAD BALANCING =============== 54928.5
LDB: =============== DONE WITH MIGRATION ================ 54928.5
LDB: ============= START OF LOAD BALANCING ============== 54937
LDB: ============== END OF LOAD BALANCING =============== 54937
LDB: =============== DONE WITH MIGRATION ================ 54937
PRESSURE: 330000 886.311 123.518 183.093 123.518 540.681 68.8617 183.093 68.8617 129.145
GPRESSURE: 330000 871.72 59.1662 311.28 23.9548 670.504 10.9997 348.777 134.046 102.765
PRESSAVG: 330000 59.5869 -27.5479 -10.8868 -27.5479 -39.4726 -10.7205 -10.8868 -10.7205 -3.02123
GPRESSAVG: 330000 59.5624 -27.5585 -10.9507 -27.5015 -39.587 -10.7897 -10.7584 -10.802 -3.00187
ENERGY:  330000      1582.4938      9186.6612      5718.1425        84.2775         -60990.4020     -1251.2449         0.0000         0.0000     18524.8280         -27145.2439       298.9871    -45670.0718    -27004.6924       301.0629            518.7121       548.3298    266341.3384         5.6977         5.6578

WRITING COORDINATES TO DCD FILE NPT.dcd AT STEP 330000
LDB: ============= START OF LOAD BALANCING ============== 55263.7
LDB: ============== END OF LOAD BALANCING =============== 55263.7
LDB: =============== DONE WITH MIGRATION ================ 55263.7
LDB: ============= START OF LOAD BALANCING ============== 55272.1
LDB: ============== END OF LOAD BALANCING =============== 55272.1
LDB: =============== DONE WITH MIGRATION ================ 55272.1
LDB: ============= START OF LOAD BALANCING ============== 55598.9
LDB: ============== END OF LOAD BALANCING =============== 55598.9
LDB: =============== DONE WITH MIGRATION ================ 55598.9
LDB: ============= START OF LOAD BALANCING ============== 55607.3
LDB: ============== END OF LOAD BALANCING =============== 55607.3
LDB: =============== DONE WITH MIGRATION ================ 55607.3
LDB: ============= START OF LOAD BALANCING ============== 55933.9
LDB: ============== END OF LOAD BALANCING =============== 55933.9
LDB: =============== DONE WITH MIGRATION ================ 55933.9
LDB: ============= START OF LOAD BALANCING ============== 55942.3
LDB: ============== END OF LOAD BALANCING =============== 55942.3
LDB: =============== DONE WITH MIGRATION ================ 55942.3
LDB: ============= START OF LOAD BALANCING ============== 56269.6
LDB: ============== END OF LOAD BALANCING =============== 56269.6
LDB: =============== DONE WITH MIGRATION ================ 56269.6
LDB: ============= START OF LOAD BALANCING ============== 56278
LDB: ============== END OF LOAD BALANCING =============== 56278
LDB: =============== DONE WITH MIGRATION ================ 56278
LDB: ============= START OF LOAD BALANCING ============== 56604.2
LDB: ============== END OF LOAD BALANCING =============== 56604.2
LDB: =============== DONE WITH MIGRATION ================ 56604.2
LDB: ============= START OF LOAD BALANCING ============== 56612.6
LDB: ============== END OF LOAD BALANCING =============== 56612.6
LDB: =============== DONE WITH MIGRATION ================ 56612.6
PRESSURE: 340000 -775.621 66.6851 -270.639 66.6851 -383.728 -231.259 -270.639 -231.259 -240.483
GPRESSURE: 340000 -680.443 39.2075 -163.791 -58.7761 -413.275 -175.347 -176.509 -298.697 -250.357
PRESSAVG: 340000 18.2979 -26.1685 12.6592 -26.1685 -45.5746 -7.85017 12.6592 -7.85017 -2.80922
GPRESSAVG: 340000 18.2174 -26.1536 12.7333 -26.1403 -45.5047 -7.88489 12.6133 -7.85866 -2.78498
ENERGY:  340000      1539.3916      9264.7168      5678.3397        72.2976         -60573.5788     -1445.4888         0.0000         0.0000     18468.6780         -26995.6439       298.0808    -45464.3219    -26847.1779       300.2032           -466.6108      -448.0253    267067.6979       -10.0286       -10.0241

WRITING COORDINATES TO DCD FILE NPT.dcd AT STEP 340000
LDB: ============= START OF LOAD BALANCING ============== 56939.5
LDB: ============== END OF LOAD BALANCING =============== 56939.5
LDB: =============== DONE WITH MIGRATION ================ 56939.5
LDB: ============= START OF LOAD BALANCING ============== 56947.9
LDB: ============== END OF LOAD BALANCING =============== 56947.9
LDB: =============== DONE WITH MIGRATION ================ 56947.9
LDB: ============= START OF LOAD BALANCING ============== 57275
LDB: ============== END OF LOAD BALANCING =============== 57275
LDB: =============== DONE WITH MIGRATION ================ 57275
LDB: ============= START OF LOAD BALANCING ============== 57283.4
LDB: ============== END OF LOAD BALANCING =============== 57283.4
LDB: =============== DONE WITH MIGRATION ================ 57283.4
LDB: ============= START OF LOAD BALANCING ============== 57610.1
LDB: ============== END OF LOAD BALANCING =============== 57610.1
LDB: =============== DONE WITH MIGRATION ================ 57610.1
LDB: ============= START OF LOAD BALANCING ============== 57618.4
LDB: ============== END OF LOAD BALANCING =============== 57618.4
LDB: =============== DONE WITH MIGRATION ================ 57618.4
LDB: ============= START OF LOAD BALANCING ============== 57944.9
LDB: ============== END OF LOAD BALANCING =============== 57944.9
LDB: =============== DONE WITH MIGRATION ================ 57944.9
LDB: ============= START OF LOAD BALANCING ============== 57953.2
LDB: ============== END OF LOAD BALANCING =============== 57953.2
LDB: =============== DONE WITH MIGRATION ================ 57953.2
LDB: ============= START OF LOAD BALANCING ============== 58279.6
LDB: ============== END OF LOAD BALANCING =============== 58279.6
LDB: =============== DONE WITH MIGRATION ================ 58279.6
LDB: ============= START OF LOAD BALANCING ============== 58288
LDB: ============== END OF LOAD BALANCING =============== 58288
LDB: =============== DONE WITH MIGRATION ================ 58288
PRESSURE: 350000 -615.122 -81.3992 221.102 -81.3992 193.503 -26.8552 221.102 -26.8552 -402.244
GPRESSURE: 350000 -582.846 -76.9951 233.761 -264.065 207.694 122.781 128.627 -62.6107 -437.757
PRESSAVG: 350000 -29.4275 2.39971 26.1157 2.39971 -80.9189 -3.5435 26.1157 -3.5435 8.31249
GPRESSAVG: 350000 -29.3729 2.42261 26.1496 2.33037 -80.9015 -3.56592 26.0078 -3.57123 8.29592
ENERGY:  350000      1609.1982      9231.6345      5699.9972        68.3061         -60952.9365     -1277.5292         0.0000         0.0000     18522.5991         -27098.7306       298.9511    -45621.3297    -26962.3477       300.8873           -274.6212      -270.9700    265977.3722       -34.0113       -33.9928

WRITING EXTENDED SYSTEM TO RESTART FILE AT STEP 350000
WRITING COORDINATES TO DCD FILE NPT.dcd AT STEP 350000
WRITING COORDINATES TO RESTART FILE AT STEP 350000
FINISHED WRITING RESTART COORDINATES
WRITING VELOCITIES TO RESTART FILE AT STEP 350000
FINISHED WRITING RESTART VELOCITIES
LDB: ============= START OF LOAD BALANCING ============== 58615
LDB: ============== END OF LOAD BALANCING =============== 58615
LDB: =============== DONE WITH MIGRATION ================ 58615
LDB: ============= START OF LOAD BALANCING ============== 58623.4
LDB: ============== END OF LOAD BALANCING =============== 58623.4
LDB: =============== DONE WITH MIGRATION ================ 58623.4
LDB: ============= START OF LOAD BALANCING ============== 58950.4
LDB: ============== END OF LOAD BALANCING =============== 58950.4
LDB: =============== DONE WITH MIGRATION ================ 58950.4
LDB: ============= START OF LOAD BALANCING ============== 58958.8
LDB: ============== END OF LOAD BALANCING =============== 58958.8
LDB: =============== DONE WITH MIGRATION ================ 58958.8
LDB: ============= START OF LOAD BALANCING ============== 59285.6
LDB: ============== END OF LOAD BALANCING =============== 59285.6
LDB: =============== DONE WITH MIGRATION ================ 59285.6
LDB: ============= START OF LOAD BALANCING ============== 59294
LDB: ============== END OF LOAD BALANCING =============== 59294
LDB: =============== DONE WITH MIGRATION ================ 59294
LDB: ============= START OF LOAD BALANCING ============== 59620.9
LDB: ============== END OF LOAD BALANCING =============== 59620.9
LDB: =============== DONE WITH MIGRATION ================ 59620.9
LDB: ============= START OF LOAD BALANCING ============== 59629.3
LDB: ============== END OF LOAD BALANCING =============== 59629.3
LDB: =============== DONE WITH MIGRATION ================ 59629.3
LDB: ============= START OF LOAD BALANCING ============== 59955.6
LDB: ============== END OF LOAD BALANCING =============== 59955.6
LDB: =============== DONE WITH MIGRATION ================ 59955.6
LDB: ============= START OF LOAD BALANCING ============== 59963.9
LDB: ============== END OF LOAD BALANCING =============== 59963.9
LDB: =============== DONE WITH MIGRATION ================ 59963.9
PRESSURE: 360000 695.184 -318.66 -34.7513 -318.66 -96.5719 221.855 -34.7513 221.855 554.342
GPRESSURE: 360000 442.874 -266.66 105.523 -294.633 81.0019 247.487 -313.56 336.385 716.207
PRESSAVG: 360000 -11.1529 -1.2655 5.33485 -1.2655 -43.9288 21.2391 5.33485 21.2391 5.74104
GPRESSAVG: 360000 -11.1631 -1.24434 5.35359 -1.24467 -44.0127 21.1963 5.3118 21.2904 5.81298
ENERGY:  360000      1599.7625      9260.1632      5692.3346        71.9809         -60730.6376     -1231.8125         0.0000         0.0000     18474.3766         -26863.8322       298.1728    -45338.2088    -26716.6119       301.1290            384.3179       413.3610    265945.9062       -16.4469       -16.4543

WRITING COORDINATES TO DCD FILE NPT.dcd AT STEP 360000
LDB: ============= START OF LOAD BALANCING ============== 60290.2
LDB: ============== END OF LOAD BALANCING =============== 60290.2
LDB: =============== DONE WITH MIGRATION ================ 60290.2
LDB: ============= START OF LOAD BALANCING ============== 60298.6
LDB: ============== END OF LOAD BALANCING =============== 60298.6
LDB: =============== DONE WITH MIGRATION ================ 60298.6
LDB: ============= START OF LOAD BALANCING ============== 60625.4
LDB: ============== END OF LOAD BALANCING =============== 60625.4
LDB: =============== DONE WITH MIGRATION ================ 60625.4
LDB: ============= START OF LOAD BALANCING ============== 60633.8
LDB: ============== END OF LOAD BALANCING =============== 60633.8
LDB: =============== DONE WITH MIGRATION ================ 60633.8
LDB: ============= START OF LOAD BALANCING ============== 60961.3
LDB: ============== END OF LOAD BALANCING =============== 60961.3
LDB: =============== DONE WITH MIGRATION ================ 60961.3
LDB: ============= START OF LOAD BALANCING ============== 60969.7
LDB: ============== END OF LOAD BALANCING =============== 60969.7
LDB: =============== DONE WITH MIGRATION ================ 60969.7
LDB: ============= START OF LOAD BALANCING ============== 61296.5
LDB: ============== END OF LOAD BALANCING =============== 61296.5
LDB: =============== DONE WITH MIGRATION ================ 61296.5
LDB: ============= START OF LOAD BALANCING ============== 61304.9
LDB: ============== END OF LOAD BALANCING =============== 61304.9
LDB: =============== DONE WITH MIGRATION ================ 61304.9
LDB: ============= START OF LOAD BALANCING ============== 61632.4
LDB: ============== END OF LOAD BALANCING =============== 61632.4
LDB: =============== DONE WITH MIGRATION ================ 61632.4
LDB: ============= START OF LOAD BALANCING ============== 61640.8
LDB: ============== END OF LOAD BALANCING =============== 61640.8
LDB: =============== DONE WITH MIGRATION ================ 61640.8
PRESSURE: 370000 -434.476 -77.3654 354.565 -77.3654 -660.023 -440.463 354.565 -440.463 -273.934
GPRESSURE: 370000 -307.452 62.1654 483.615 -186.361 -758.769 -523.889 55.9523 -453.159 -229.409
PRESSAVG: 370000 7.50359 14.1539 10.4975 14.1539 -8.59755 -2.24964 10.4975 -2.24964 0.0617953
GPRESSAVG: 370000 7.56525 14.0533 10.4834 14.1171 -8.61982 -2.34064 10.5647 -2.35387 0.092422
ENERGY:  370000      1565.8314      9150.5062      5709.9460        82.7581         -60587.7486     -1486.3704         0.0000         0.0000     18652.8494         -26912.2279       301.0533    -45565.0773    -26760.9496       300.6640           -456.1446      -431.8767    266506.1137        -0.3441        -0.3207

WRITING COORDINATES TO DCD FILE NPT.dcd AT STEP 370000
LDB: ============= START OF LOAD BALANCING ============== 61968.1
LDB: ============== END OF LOAD BALANCING =============== 61968.1
LDB: =============== DONE WITH MIGRATION ================ 61968.1
LDB: ============= START OF LOAD BALANCING ============== 61976.5
LDB: ============== END OF LOAD BALANCING =============== 61976.5
LDB: =============== DONE WITH MIGRATION ================ 61976.5
LDB: ============= START OF LOAD BALANCING ============== 62302.9
LDB: ============== END OF LOAD BALANCING =============== 62302.9
LDB: =============== DONE WITH MIGRATION ================ 62302.9
LDB: ============= START OF LOAD BALANCING ============== 62311.3
LDB: ============== END OF LOAD BALANCING =============== 62311.3
LDB: =============== DONE WITH MIGRATION ================ 62311.3
LDB: ============= START OF LOAD BALANCING ============== 62638.8
LDB: ============== END OF LOAD BALANCING =============== 62638.8
LDB: =============== DONE WITH MIGRATION ================ 62638.8
LDB: ============= START OF LOAD BALANCING ============== 62647.3
LDB: ============== END OF LOAD BALANCING =============== 62647.3
LDB: =============== DONE WITH MIGRATION ================ 62647.3
LDB: ============= START OF LOAD BALANCING ============== 62975.3
LDB: ============== END OF LOAD BALANCING =============== 62975.3
LDB: =============== DONE WITH MIGRATION ================ 62975.3
LDB: ============= START OF LOAD BALANCING ============== 62983.7
LDB: ============== END OF LOAD BALANCING =============== 62983.7
LDB: =============== DONE WITH MIGRATION ================ 62983.7
LDB: ============= START OF LOAD BALANCING ============== 63311.2
LDB: ============== END OF LOAD BALANCING =============== 63311.2
LDB: =============== DONE WITH MIGRATION ================ 63311.2
LDB: ============= START OF LOAD BALANCING ============== 63319.6
LDB: ============== END OF LOAD BALANCING =============== 63319.6
LDB: =============== DONE WITH MIGRATION ================ 63319.6
PRESSURE: 380000 264.014 683.154 -30.4005 683.154 -273.325 -107.205 -30.4005 -107.205 174.967
GPRESSURE: 380000 304.955 728.629 -97.2537 613.119 -225.831 -289.692 21.3331 -140.972 148.658
PRESSAVG: 380000 -3.40727 3.29217 -4.46363 3.29217 35.2434 -0.171617 -4.46363 -0.171617 -0.0480346
GPRESSAVG: 380000 -3.3846 3.29551 -4.56564 3.22787 35.2382 -0.187598 -4.47391 -0.0400028 -0.0586913
ENERGY:  380000      1583.5769      9198.1555      5696.6672        70.4647         -60683.0396     -1313.7040         0.0000         0.0000     18630.6698         -26817.2094       300.6953    -45447.8793    -26666.8814       300.3943             55.2185        75.9273    265823.7600        10.5960        10.5983

WRITING COORDINATES TO DCD FILE NPT.dcd AT STEP 380000
LDB: ============= START OF LOAD BALANCING ============== 63646.7
LDB: ============== END OF LOAD BALANCING =============== 63646.7
LDB: =============== DONE WITH MIGRATION ================ 63646.7
LDB: ============= START OF LOAD BALANCING ============== 63655.1
LDB: ============== END OF LOAD BALANCING =============== 63655.1
LDB: =============== DONE WITH MIGRATION ================ 63655.1
LDB: ============= START OF LOAD BALANCING ============== 63982.9
LDB: ============== END OF LOAD BALANCING =============== 63982.9
LDB: =============== DONE WITH MIGRATION ================ 63982.9
LDB: ============= START OF LOAD BALANCING ============== 63991.3
LDB: ============== END OF LOAD BALANCING =============== 63991.3
LDB: =============== DONE WITH MIGRATION ================ 63991.3
LDB: ============= START OF LOAD BALANCING ============== 64318.8
LDB: ============== END OF LOAD BALANCING =============== 64318.8
LDB: =============== DONE WITH MIGRATION ================ 64318.8
LDB: ============= START OF LOAD BALANCING ============== 64327.2
LDB: ============== END OF LOAD BALANCING =============== 64327.2
LDB: =============== DONE WITH MIGRATION ================ 64327.2
LDB: ============= START OF LOAD BALANCING ============== 64654.7
LDB: ============== END OF LOAD BALANCING =============== 64654.7
LDB: =============== DONE WITH MIGRATION ================ 64654.7
LDB: ============= START OF LOAD BALANCING ============== 64663.1
LDB: ============== END OF LOAD BALANCING =============== 64663.1
LDB: =============== DONE WITH MIGRATION ================ 64663.1
LDB: ============= START OF LOAD BALANCING ============== 64990.3
LDB: ============== END OF LOAD BALANCING =============== 64990.3
LDB: =============== DONE WITH MIGRATION ================ 64990.3
LDB: ============= START OF LOAD BALANCING ============== 64998.7
LDB: ============== END OF LOAD BALANCING =============== 64998.7
LDB: =============== DONE WITH MIGRATION ================ 64998.7
PRESSURE: 390000 251.221 11.1445 -313.254 11.1445 197.823 81.7221 -313.254 81.7221 -469.942
GPRESSURE: 390000 -18.5016 -7.79933 -252.978 -102.388 354.536 95.657 -206.045 -10.5089 -314.947
PRESSAVG: 390000 -16.2447 17.664 8.68214 17.664 14.7363 -16.2861 8.68214 -16.2861 -6.03277
GPRESSAVG: 390000 -16.3619 17.5903 8.7922 17.6197 14.8085 -16.2665 8.63918 -16.2622 -6.01254
ENERGY:  390000      1574.2074      9174.4104      5715.4624        78.6149         -60917.5007     -1337.0008         0.0000         0.0000     18627.5109         -27084.2955       300.6443    -45711.8064    -26937.0543       300.6279             -6.9661         7.0293    264992.5392        -2.5137        -2.5220

WRITING COORDINATES TO DCD FILE NPT.dcd AT STEP 390000
LDB: ============= START OF LOAD BALANCING ============== 65327
LDB: ============== END OF LOAD BALANCING =============== 65327
LDB: =============== DONE WITH MIGRATION ================ 65327
LDB: ============= START OF LOAD BALANCING ============== 65335.4
LDB: ============== END OF LOAD BALANCING =============== 65335.4
LDB: =============== DONE WITH MIGRATION ================ 65335.4
LDB: ============= START OF LOAD BALANCING ============== 65663.3
LDB: ============== END OF LOAD BALANCING =============== 65663.3
LDB: =============== DONE WITH MIGRATION ================ 65663.3
LDB: ============= START OF LOAD BALANCING ============== 65671.7
LDB: ============== END OF LOAD BALANCING =============== 65671.7
LDB: =============== DONE WITH MIGRATION ================ 65671.7
LDB: ============= START OF LOAD BALANCING ============== 65999
LDB: ============== END OF LOAD BALANCING =============== 65999
LDB: =============== DONE WITH MIGRATION ================ 65999
LDB: ============= START OF LOAD BALANCING ============== 66007.4
LDB: ============== END OF LOAD BALANCING =============== 66007.4
LDB: =============== DONE WITH MIGRATION ================ 66007.4
LDB: ============= START OF LOAD BALANCING ============== 66335.3
LDB: ============== END OF LOAD BALANCING =============== 66335.3
LDB: =============== DONE WITH MIGRATION ================ 66335.3
LDB: ============= START OF LOAD BALANCING ============== 66343.7
LDB: ============== END OF LOAD BALANCING =============== 66343.7
LDB: =============== DONE WITH MIGRATION ================ 66343.7
LDB: ============= START OF LOAD BALANCING ============== 66671
LDB: ============== END OF LOAD BALANCING =============== 66671
LDB: =============== DONE WITH MIGRATION ================ 66671
LDB: ============= START OF LOAD BALANCING ============== 66679.4
LDB: ============== END OF LOAD BALANCING =============== 66679.4
LDB: =============== DONE WITH MIGRATION ================ 66679.4
PRESSURE: 400000 -669.841 -279.313 38.9043 -279.313 -661.987 -174.974 38.9043 -174.974 -159.594
GPRESSURE: 400000 -451.796 -194.437 56.216 -207.214 -793.039 -244.64 -199.043 -108.392 -173.742
PRESSAVG: 400000 -24.8886 8.63532 14.1542 8.63532 33.1876 8.15919 14.1542 8.15919 2.31562
GPRESSAVG: 400000 -24.7577 8.55298 14.107 8.66941 33.1858 8.26737 14.0975 8.18244 2.41691
TIMING: 400000  CPU: 66956.5, 0.167758/step  Wall: 66957, 0.167758/step, 27.9597 hours remaining, 685.368061 MB of memory in use.
PERFORMANCE: 400000  averaging 1.03231 ns/day, 0.167392 sec/step with standard deviation 0.000292579
ETITLE:      TS           BOND          ANGLE          DIHED          IMPRP               ELECT            VDW       BOUNDARY           MISC        KINETIC               TOTAL           TEMP      POTENTIAL         TOTAL3        TEMPAVG            PRESSURE      GPRESSURE         VOLUME       PRESSAVG      GPRESSAVG

ENERGY:  400000      1626.3822      9127.4084      5733.6879        60.9731         -60462.4763     -1547.2854         0.0000         0.0000     18705.2006         -26756.1094       301.8982    -45461.3100    -26602.8160       300.8189           -497.1404      -472.8591    266297.6924         3.5382         3.6150

WRITING EXTENDED SYSTEM TO RESTART FILE AT STEP 400000
WRITING COORDINATES TO DCD FILE NPT.dcd AT STEP 400000
WRITING COORDINATES TO RESTART FILE AT STEP 400000
FINISHED WRITING RESTART COORDINATES
WRITING VELOCITIES TO RESTART FILE AT STEP 400000
FINISHED WRITING RESTART VELOCITIES
LDB: ============= START OF LOAD BALANCING ============== 67007.1
LDB: ============== END OF LOAD BALANCING =============== 67007.1
LDB: =============== DONE WITH MIGRATION ================ 67007.1
LDB: ============= START OF LOAD BALANCING ============== 67015.5
LDB: ============== END OF LOAD BALANCING =============== 67015.5
LDB: =============== DONE WITH MIGRATION ================ 67015.5
LDB: ============= START OF LOAD BALANCING ============== 67342.6
LDB: ============== END OF LOAD BALANCING =============== 67342.6
LDB: =============== DONE WITH MIGRATION ================ 67342.6
LDB: ============= START OF LOAD BALANCING ============== 67351
LDB: ============== END OF LOAD BALANCING =============== 67351
LDB: =============== DONE WITH MIGRATION ================ 67351
LDB: ============= START OF LOAD BALANCING ============== 67678
LDB: ============== END OF LOAD BALANCING =============== 67678
LDB: =============== DONE WITH MIGRATION ================ 67678
LDB: ============= START OF LOAD BALANCING ============== 67686.4
LDB: ============== END OF LOAD BALANCING =============== 67686.4
LDB: =============== DONE WITH MIGRATION ================ 67686.4
LDB: ============= START OF LOAD BALANCING ============== 68013.3
LDB: ============== END OF LOAD BALANCING =============== 68013.3
LDB: =============== DONE WITH MIGRATION ================ 68013.3
LDB: ============= START OF LOAD BALANCING ============== 68021.6
LDB: ============== END OF LOAD BALANCING =============== 68021.6
LDB: =============== DONE WITH MIGRATION ================ 68021.6
LDB: ============= START OF LOAD BALANCING ============== 68348.7
LDB: ============== END OF LOAD BALANCING =============== 68348.7
LDB: =============== DONE WITH MIGRATION ================ 68348.7
LDB: ============= START OF LOAD BALANCING ============== 68357.1
LDB: ============== END OF LOAD BALANCING =============== 68357.1
LDB: =============== DONE WITH MIGRATION ================ 68357.1
PRESSURE: 410000 87.8182 126.776 275.263 126.776 185.219 -48.4123 275.263 -48.4123 51.5505
GPRESSURE: 410000 193.375 -30.8478 261.723 22.2282 253.524 44.5875 498.189 183.246 -104.92
PRESSAVG: 410000 -59.0566 -8.71492 -1.36252 -8.71492 16.1584 6.99212 -1.36252 6.99212 -0.833379
GPRESSAVG: 410000 -58.9762 -8.86535 -1.33004 -8.74408 16.1772 7.00126 -1.31577 7.05647 -0.787415
ENERGY:  410000      1575.9479      9226.1927      5729.6114        78.5393         -60996.5484     -1156.9452         0.0000         0.0000     18604.2286         -26938.9737       300.2686    -45543.2022    -26788.0722       301.6135            108.1959       113.9932    266797.6771       -14.5772       -14.5288

WRITING COORDINATES TO DCD FILE NPT.dcd AT STEP 410000
LDB: ============= START OF LOAD BALANCING ============== 68684.5
LDB: ============== END OF LOAD BALANCING =============== 68684.5
LDB: =============== DONE WITH MIGRATION ================ 68684.5
LDB: ============= START OF LOAD BALANCING ============== 68692.9
LDB: ============== END OF LOAD BALANCING =============== 68692.9
LDB: =============== DONE WITH MIGRATION ================ 68692.9
LDB: ============= START OF LOAD BALANCING ============== 69020.2
LDB: ============== END OF LOAD BALANCING =============== 69020.2
LDB: =============== DONE WITH MIGRATION ================ 69020.2
LDB: ============= START OF LOAD BALANCING ============== 69028.6
LDB: ============== END OF LOAD BALANCING =============== 69028.6
LDB: =============== DONE WITH MIGRATION ================ 69028.6
LDB: ============= START OF LOAD BALANCING ============== 69355.6
LDB: ============== END OF LOAD BALANCING =============== 69355.6
LDB: =============== DONE WITH MIGRATION ================ 69355.6
LDB: ============= START OF LOAD BALANCING ============== 69364
LDB: ============== END OF LOAD BALANCING =============== 69364
LDB: =============== DONE WITH MIGRATION ================ 69364
LDB: ============= START OF LOAD BALANCING ============== 69690.8
LDB: ============== END OF LOAD BALANCING =============== 69690.8
LDB: =============== DONE WITH MIGRATION ================ 69690.8
LDB: ============= START OF LOAD BALANCING ============== 69699.2
LDB: ============== END OF LOAD BALANCING =============== 69699.2
LDB: =============== DONE WITH MIGRATION ================ 69699.2
LDB: ============= START OF LOAD BALANCING ============== 70026.3
LDB: ============== END OF LOAD BALANCING =============== 70026.3
LDB: =============== DONE WITH MIGRATION ================ 70026.3
LDB: ============= START OF LOAD BALANCING ============== 70034.7
LDB: ============== END OF LOAD BALANCING =============== 70034.7
LDB: =============== DONE WITH MIGRATION ================ 70034.7
PRESSURE: 420000 -132.191 314.412 -39.5494 314.412 -650.377 -115.087 -39.5494 -115.087 -77.9061
GPRESSURE: 420000 -114.446 -38.408 -179.688 335.982 -688.859 -153.925 -186.424 234.415 9.78313
PRESSAVG: 420000 25.3865 17.0383 0.10641 17.0383 69.4511 -12.2587 0.10641 -12.2587 1.27688
GPRESSAVG: 420000 25.46 17.042 0.0357196 17.1117 69.3328 -12.2263 0.0993084 -12.3026 1.26891
ENERGY:  420000      1598.4801      9205.2954      5687.4785        70.6185         -60652.4468     -1446.2379         0.0000         0.0000     18698.9827         -26837.8295       301.7979    -45536.8122    -26683.0957       300.7798           -286.8247      -264.5072    265948.0988        32.0381        32.0206

WRITING COORDINATES TO DCD FILE NPT.dcd AT STEP 420000
LDB: ============= START OF LOAD BALANCING ============== 70362.6
LDB: ============== END OF LOAD BALANCING =============== 70362.6
LDB: =============== DONE WITH MIGRATION ================ 70362.6
LDB: ============= START OF LOAD BALANCING ============== 70371
LDB: ============== END OF LOAD BALANCING =============== 70371
LDB: =============== DONE WITH MIGRATION ================ 70371
LDB: ============= START OF LOAD BALANCING ============== 70697.8
LDB: ============== END OF LOAD BALANCING =============== 70697.8
LDB: =============== DONE WITH MIGRATION ================ 70697.8
LDB: ============= START OF LOAD BALANCING ============== 70706.1
LDB: ============== END OF LOAD BALANCING =============== 70706.1
LDB: =============== DONE WITH MIGRATION ================ 70706.1
LDB: ============= START OF LOAD BALANCING ============== 71033.4
LDB: ============== END OF LOAD BALANCING =============== 71033.4
LDB: =============== DONE WITH MIGRATION ================ 71033.4
LDB: ============= START OF LOAD BALANCING ============== 71041.8
LDB: ============== END OF LOAD BALANCING =============== 71041.8
LDB: =============== DONE WITH MIGRATION ================ 71041.8
LDB: ============= START OF LOAD BALANCING ============== 71368.9
LDB: ============== END OF LOAD BALANCING =============== 71368.9
LDB: =============== DONE WITH MIGRATION ================ 71368.9
LDB: ============= START OF LOAD BALANCING ============== 71377.3
LDB: ============== END OF LOAD BALANCING =============== 71377.3
LDB: =============== DONE WITH MIGRATION ================ 71377.3
LDB: ============= START OF LOAD BALANCING ============== 71704.4
LDB: ============== END OF LOAD BALANCING =============== 71704.4
LDB: =============== DONE WITH MIGRATION ================ 71704.4
LDB: ============= START OF LOAD BALANCING ============== 71712.8
LDB: ============== END OF LOAD BALANCING =============== 71712.8
LDB: =============== DONE WITH MIGRATION ================ 71712.8
PRESSURE: 430000 147.968 425.455 -152.895 425.455 163.442 -93.1756 -152.895 -93.1756 162.374
GPRESSURE: 430000 75.218 295.898 -61.1595 407.384 154.377 -50.439 -266.495 -415.195 250.243
PRESSAVG: 430000 13.0956 23.0707 -3.24003 23.0707 31.5582 -8.32787 -3.24003 -8.32787 1.85998
GPRESSAVG: 430000 13.0934 23.1511 -3.2129 23.1239 31.5884 -8.36091 -3.20692 -8.26206 1.82528
ENERGY:  430000      1570.0901      9189.6678      5679.3347        69.4113         -60932.9724     -1349.1820         0.0000         0.0000     18755.0325         -27018.6179       302.7025    -45773.6504    -26865.8589       301.4901            157.9280       159.9457    264950.8461        15.5046        15.5023

WRITING COORDINATES TO DCD FILE NPT.dcd AT STEP 430000
LDB: ============= START OF LOAD BALANCING ============== 72041
LDB: ============== END OF LOAD BALANCING =============== 72041
LDB: =============== DONE WITH MIGRATION ================ 72041
LDB: ============= START OF LOAD BALANCING ============== 72049.4
LDB: ============== END OF LOAD BALANCING =============== 72049.4
LDB: =============== DONE WITH MIGRATION ================ 72049.4
LDB: ============= START OF LOAD BALANCING ============== 72376.2
LDB: ============== END OF LOAD BALANCING =============== 72376.2
LDB: =============== DONE WITH MIGRATION ================ 72376.2
LDB: ============= START OF LOAD BALANCING ============== 72384.6
LDB: ============== END OF LOAD BALANCING =============== 72384.6
LDB: =============== DONE WITH MIGRATION ================ 72384.6
LDB: ============= START OF LOAD BALANCING ============== 72711.7
LDB: ============== END OF LOAD BALANCING =============== 72711.7
LDB: =============== DONE WITH MIGRATION ================ 72711.7
LDB: ============= START OF LOAD BALANCING ============== 72720.1
LDB: ============== END OF LOAD BALANCING =============== 72720.1
LDB: =============== DONE WITH MIGRATION ================ 72720.1
LDB: ============= START OF LOAD BALANCING ============== 73047.4
LDB: ============== END OF LOAD BALANCING =============== 73047.4
LDB: =============== DONE WITH MIGRATION ================ 73047.4
LDB: ============= START OF LOAD BALANCING ============== 73055.9
LDB: ============== END OF LOAD BALANCING =============== 73055.9
LDB: =============== DONE WITH MIGRATION ================ 73055.9
LDB: ============= START OF LOAD BALANCING ============== 73382.9
LDB: ============== END OF LOAD BALANCING =============== 73382.9
LDB: =============== DONE WITH MIGRATION ================ 73382.9
LDB: ============= START OF LOAD BALANCING ============== 73391.3
LDB: ============== END OF LOAD BALANCING =============== 73391.3
LDB: =============== DONE WITH MIGRATION ================ 73391.3
PRESSURE: 440000 280.253 -193.288 -458.081 -193.288 -222.833 226.298 -458.081 226.298 -225.311
GPRESSURE: 440000 167.731 17.5744 -344.361 -25.1311 -84.3258 334.231 -277.995 224.706 -217.736
PRESSAVG: 440000 -77.0909 10.4043 1.64983 10.4043 -40.0277 12.6058 1.64983 12.6058 8.38915
GPRESSAVG: 440000 -77.0468 10.3433 1.66675 10.4072 -40.0573 12.6192 1.56747 12.5577 8.31827
ENERGY:  440000      1533.5177      9181.1170      5650.7030        72.0806         -60755.0521     -1327.0385         0.0000         0.0000     18575.6430         -27069.0292       299.8072    -45644.6722    -26924.2425       300.1504            -55.9636       -44.7768    266707.3476       -36.2431       -36.2620

WRITING COORDINATES TO DCD FILE NPT.dcd AT STEP 440000
LDB: ============= START OF LOAD BALANCING ============== 73717.8
LDB: ============== END OF LOAD BALANCING =============== 73717.8
LDB: =============== DONE WITH MIGRATION ================ 73717.8
LDB: ============= START OF LOAD BALANCING ============== 73726.2
LDB: ============== END OF LOAD BALANCING =============== 73726.2
LDB: =============== DONE WITH MIGRATION ================ 73726.2
LDB: ============= START OF LOAD BALANCING ============== 74053
LDB: ============== END OF LOAD BALANCING =============== 74053
LDB: =============== DONE WITH MIGRATION ================ 74053
LDB: ============= START OF LOAD BALANCING ============== 74061.4
LDB: ============== END OF LOAD BALANCING =============== 74061.4
LDB: =============== DONE WITH MIGRATION ================ 74061.4
LDB: ============= START OF LOAD BALANCING ============== 74389
LDB: ============== END OF LOAD BALANCING =============== 74389
LDB: =============== DONE WITH MIGRATION ================ 74389
LDB: ============= START OF LOAD BALANCING ============== 74397.4
LDB: ============== END OF LOAD BALANCING =============== 74397.4
LDB: =============== DONE WITH MIGRATION ================ 74397.4
LDB: ============= START OF LOAD BALANCING ============== 74725.3
LDB: ============== END OF LOAD BALANCING =============== 74725.3
LDB: =============== DONE WITH MIGRATION ================ 74725.3
LDB: ============= START OF LOAD BALANCING ============== 74733.7
LDB: ============== END OF LOAD BALANCING =============== 74733.7
LDB: =============== DONE WITH MIGRATION ================ 74733.7
LDB: ============= START OF LOAD BALANCING ============== 75060.9
LDB: ============== END OF LOAD BALANCING =============== 75060.9
LDB: =============== DONE WITH MIGRATION ================ 75060.9
LDB: ============= START OF LOAD BALANCING ============== 75069.4
LDB: ============== END OF LOAD BALANCING =============== 75069.4
LDB: =============== DONE WITH MIGRATION ================ 75069.4
PRESSURE: 450000 179.719 -442.772 35.3167 -442.772 476.834 -465.626 35.3167 -465.626 516.825
GPRESSURE: 450000 197.297 -553.358 109.264 -288.813 580.726 -393.595 30.2824 -668.322 434.755
PRESSAVG: 450000 -40.6103 -39.5665 -9.42312 -39.5665 -26.6374 10.4886 -9.42312 10.4886 0.305975
GPRESSAVG: 450000 -40.6178 -39.5553 -9.52497 -39.6828 -26.6207 10.4411 -9.42022 10.4735 0.314718
ENERGY:  450000      1483.9145      9164.1873      5714.7412        80.2946         -60960.4086     -1263.1548         0.0000         0.0000     18638.3550         -27142.0707       300.8194    -45780.4257    -26998.1220       300.3145            391.1259       404.2595    266074.9087       -22.3139       -22.3079

WRITING EXTENDED SYSTEM TO RESTART FILE AT STEP 450000
WRITING COORDINATES TO DCD FILE NPT.dcd AT STEP 450000
WRITING COORDINATES TO RESTART FILE AT STEP 450000
FINISHED WRITING RESTART COORDINATES
WRITING VELOCITIES TO RESTART FILE AT STEP 450000
FINISHED WRITING RESTART VELOCITIES
LDB: ============= START OF LOAD BALANCING ============== 75397
LDB: ============== END OF LOAD BALANCING =============== 75397
LDB: =============== DONE WITH MIGRATION ================ 75397
LDB: ============= START OF LOAD BALANCING ============== 75405.4
LDB: ============== END OF LOAD BALANCING =============== 75405.4
LDB: =============== DONE WITH MIGRATION ================ 75405.4
LDB: ============= START OF LOAD BALANCING ============== 75732.6
LDB: ============== END OF LOAD BALANCING =============== 75732.6
LDB: =============== DONE WITH MIGRATION ================ 75732.6
LDB: ============= START OF LOAD BALANCING ============== 75741
LDB: ============== END OF LOAD BALANCING =============== 75741
LDB: =============== DONE WITH MIGRATION ================ 75741
LDB: ============= START OF LOAD BALANCING ============== 76068.7
LDB: ============== END OF LOAD BALANCING =============== 76068.7
LDB: =============== DONE WITH MIGRATION ================ 76068.7
LDB: ============= START OF LOAD BALANCING ============== 76077.1
LDB: ============== END OF LOAD BALANCING =============== 76077.1
LDB: =============== DONE WITH MIGRATION ================ 76077.1
LDB: ============= START OF LOAD BALANCING ============== 76404.5
LDB: ============== END OF LOAD BALANCING =============== 76404.5
LDB: =============== DONE WITH MIGRATION ================ 76404.5
LDB: ============= START OF LOAD BALANCING ============== 76412.9
LDB: ============== END OF LOAD BALANCING =============== 76412.9
LDB: =============== DONE WITH MIGRATION ================ 76412.9
LDB: ============= START OF LOAD BALANCING ============== 76740
LDB: ============== END OF LOAD BALANCING =============== 76740
LDB: =============== DONE WITH MIGRATION ================ 76740
LDB: ============= START OF LOAD BALANCING ============== 76748.4
LDB: ============== END OF LOAD BALANCING =============== 76748.4
LDB: =============== DONE WITH MIGRATION ================ 76748.4
PRESSURE: 460000 -109.793 -54.3444 64.2004 -54.3444 -594.954 -12.4655 64.2004 -12.4655 264.821
GPRESSURE: 460000 -127.909 -163.274 -11.6312 -104.137 -414.178 250.511 97.6731 -143.879 182.607
PRESSAVG: 460000 -25.3862 -46.2633 2.73362 -46.2633 -26.5473 -3.33243 2.73362 -3.33243 -1.42122
GPRESSAVG: 460000 -25.4797 -46.3531 2.7336 -46.3118 -26.5174 -3.22857 2.69444 -3.39479 -1.31254
ENERGY:  460000      1589.5665      9245.6007      5730.0949        71.3712         -60915.8223     -1284.3677         0.0000         0.0000     18754.4828         -26809.0738       302.6936    -45563.5566    -26662.6180       299.7905           -146.6418      -119.8265    266388.2844       -17.7849       -17.7699

WRITING COORDINATES TO DCD FILE NPT.dcd AT STEP 460000
LDB: ============= START OF LOAD BALANCING ============== 77075.7
LDB: ============== END OF LOAD BALANCING =============== 77075.7
LDB: =============== DONE WITH MIGRATION ================ 77075.7
LDB: ============= START OF LOAD BALANCING ============== 77084.1
LDB: ============== END OF LOAD BALANCING =============== 77084.1
LDB: =============== DONE WITH MIGRATION ================ 77084.1
LDB: ============= START OF LOAD BALANCING ============== 77411.6
LDB: ============== END OF LOAD BALANCING =============== 77411.6
LDB: =============== DONE WITH MIGRATION ================ 77411.6
LDB: ============= START OF LOAD BALANCING ============== 77420
LDB: ============== END OF LOAD BALANCING =============== 77420
LDB: =============== DONE WITH MIGRATION ================ 77420
LDB: ============= START OF LOAD BALANCING ============== 77746.4
LDB: ============== END OF LOAD BALANCING =============== 77746.4
LDB: =============== DONE WITH MIGRATION ================ 77746.4
LDB: ============= START OF LOAD BALANCING ============== 77754.8
LDB: ============== END OF LOAD BALANCING =============== 77754.8
LDB: =============== DONE WITH MIGRATION ================ 77754.8
LDB: ============= START OF LOAD BALANCING ============== 78081.6
LDB: ============== END OF LOAD BALANCING =============== 78081.6
LDB: =============== DONE WITH MIGRATION ================ 78081.6
LDB: ============= START OF LOAD BALANCING ============== 78090
LDB: ============== END OF LOAD BALANCING =============== 78090
LDB: =============== DONE WITH MIGRATION ================ 78090
LDB: ============= START OF LOAD BALANCING ============== 78416.8
LDB: ============== END OF LOAD BALANCING =============== 78416.8
LDB: =============== DONE WITH MIGRATION ================ 78416.8
LDB: ============= START OF LOAD BALANCING ============== 78425.2
LDB: ============== END OF LOAD BALANCING =============== 78425.2
LDB: =============== DONE WITH MIGRATION ================ 78425.2
PRESSURE: 470000 348.246 194.437 127.12 194.437 671.764 -274.693 127.12 -274.693 375.625
GPRESSURE: 470000 298.546 14.1667 91.1398 -18.4979 741.88 -199.362 -66.2466 -275.555 449.526
PRESSAVG: 470000 42.6257 2.98123 14.5875 2.98123 37.9957 19.3311 14.5875 19.3311 3.13171
GPRESSAVG: 470000 42.7066 3.03221 14.6401 2.8737 37.9209 19.2981 14.5394 19.3489 3.15618
ENERGY:  470000      1571.6048      9253.7960      5717.0360        75.5510         -60837.9418     -1040.1087         0.0000         0.0000     18764.8861         -26495.1766       302.8615    -45260.0627    -26342.6925       300.7023            465.2117       496.6507    266706.2091        27.9177        27.9279

WRITING COORDINATES TO DCD FILE NPT.dcd AT STEP 470000
LDB: ============= START OF LOAD BALANCING ============== 78752.1
LDB: ============== END OF LOAD BALANCING =============== 78752.1
LDB: =============== DONE WITH MIGRATION ================ 78752.1
LDB: ============= START OF LOAD BALANCING ============== 78760.5
LDB: ============== END OF LOAD BALANCING =============== 78760.5
LDB: =============== DONE WITH MIGRATION ================ 78760.5
LDB: ============= START OF LOAD BALANCING ============== 79086.8
LDB: ============== END OF LOAD BALANCING =============== 79086.8
LDB: =============== DONE WITH MIGRATION ================ 79086.8
LDB: ============= START OF LOAD BALANCING ============== 79095.2
LDB: ============== END OF LOAD BALANCING =============== 79095.2
LDB: =============== DONE WITH MIGRATION ================ 79095.2
LDB: ============= START OF LOAD BALANCING ============== 79421.8
LDB: ============== END OF LOAD BALANCING =============== 79421.8
LDB: =============== DONE WITH MIGRATION ================ 79421.8
LDB: ============= START OF LOAD BALANCING ============== 79430.2
LDB: ============== END OF LOAD BALANCING =============== 79430.2
LDB: =============== DONE WITH MIGRATION ================ 79430.2
LDB: ============= START OF LOAD BALANCING ============== 79757.2
LDB: ============== END OF LOAD BALANCING =============== 79757.2
LDB: =============== DONE WITH MIGRATION ================ 79757.2
LDB: ============= START OF LOAD BALANCING ============== 79765.6
LDB: ============== END OF LOAD BALANCING =============== 79765.6
LDB: =============== DONE WITH MIGRATION ================ 79765.6
LDB: ============= START OF LOAD BALANCING ============== 80093.2
LDB: ============== END OF LOAD BALANCING =============== 80093.2
LDB: =============== DONE WITH MIGRATION ================ 80093.2
LDB: ============= START OF LOAD BALANCING ============== 80101.6
LDB: ============== END OF LOAD BALANCING =============== 80101.6
LDB: =============== DONE WITH MIGRATION ================ 80101.6
PRESSURE: 480000 -321.596 49.0946 465.392 49.0946 59.4648 253.378 465.392 253.378 273.185
GPRESSURE: 480000 -251.286 -40.2805 457.911 -34.6873 87.4712 294.931 336.163 390.62 244.8
PRESSAVG: 480000 6.5838 0.534828 3.92094 0.534828 -13.4867 -7.05331 3.92094 -7.05331 1.82457
GPRESSAVG: 480000 6.58825 0.419741 3.91834 0.561088 -13.4103 -6.98204 3.94278 -7.08982 1.83878
ENERGY:  480000      1571.4104      9011.5156      5633.3017        71.5421         -61090.3491     -1166.2057         0.0000         0.0000     18696.2051         -27272.5799       301.7531    -45968.7850    -27118.7449       300.3723              3.6845        26.9953    266834.9210        -1.6928        -1.6611

WRITING COORDINATES TO DCD FILE NPT.dcd AT STEP 480000
LDB: ============= START OF LOAD BALANCING ============== 80427.9
LDB: ============== END OF LOAD BALANCING =============== 80427.9
LDB: =============== DONE WITH MIGRATION ================ 80427.9
LDB: ============= START OF LOAD BALANCING ============== 80436.3
LDB: ============== END OF LOAD BALANCING =============== 80436.3
LDB: =============== DONE WITH MIGRATION ================ 80436.3
LDB: ============= START OF LOAD BALANCING ============== 80763.2
LDB: ============== END OF LOAD BALANCING =============== 80763.2
LDB: =============== DONE WITH MIGRATION ================ 80763.2
LDB: ============= START OF LOAD BALANCING ============== 80771.6
LDB: ============== END OF LOAD BALANCING =============== 80771.6
LDB: =============== DONE WITH MIGRATION ================ 80771.6
LDB: ============= START OF LOAD BALANCING ============== 81098.7
LDB: ============== END OF LOAD BALANCING =============== 81098.7
LDB: =============== DONE WITH MIGRATION ================ 81098.7
LDB: ============= START OF LOAD BALANCING ============== 81107.1
LDB: ============== END OF LOAD BALANCING =============== 81107.1
LDB: =============== DONE WITH MIGRATION ================ 81107.1
LDB: ============= START OF LOAD BALANCING ============== 81434.3
LDB: ============== END OF LOAD BALANCING =============== 81434.3
LDB: =============== DONE WITH MIGRATION ================ 81434.3
LDB: ============= START OF LOAD BALANCING ============== 81442.7
LDB: ============== END OF LOAD BALANCING =============== 81442.7
LDB: =============== DONE WITH MIGRATION ================ 81442.7
LDB: ============= START OF LOAD BALANCING ============== 81769.7
LDB: ============== END OF LOAD BALANCING =============== 81769.7
LDB: =============== DONE WITH MIGRATION ================ 81769.7
LDB: ============= START OF LOAD BALANCING ============== 81778.1
LDB: ============== END OF LOAD BALANCING =============== 81778.1
LDB: =============== DONE WITH MIGRATION ================ 81778.1
PRESSURE: 490000 134.095 -261.003 153.623 -261.003 -144.242 -108.631 153.623 -108.631 -84.7321
GPRESSURE: 490000 225.481 -294.819 126.527 -272.346 -208.051 -91.3374 352.578 -183.069 -85.9037
PRESSAVG: 490000 -20.2003 7.05011 28.6727 7.05011 -46.7522 20.4318 28.6727 20.4318 -0.647771
GPRESSAVG: 490000 -20.3118 7.09169 28.624 7.01599 -46.8938 20.4319 28.7184 20.4578 -0.530668
ENERGY:  490000      1588.8685      9180.7602      5723.7576        82.5556         -61074.2388     -1140.0585         0.0000         0.0000     18613.3781         -27024.9772       300.4162    -45638.3553    -26880.0074       299.6798            -31.6263       -22.8246    267280.3657       -22.5334       -22.5788

WRITING COORDINATES TO DCD FILE NPT.dcd AT STEP 490000
LDB: ============= START OF LOAD BALANCING ============== 82104.8
LDB: ============== END OF LOAD BALANCING =============== 82104.8
LDB: =============== DONE WITH MIGRATION ================ 82104.8
LDB: ============= START OF LOAD BALANCING ============== 82113.2
LDB: ============== END OF LOAD BALANCING =============== 82113.2
LDB: =============== DONE WITH MIGRATION ================ 82113.2
LDB: ============= START OF LOAD BALANCING ============== 82440
LDB: ============== END OF LOAD BALANCING =============== 82440
LDB: =============== DONE WITH MIGRATION ================ 82440
LDB: ============= START OF LOAD BALANCING ============== 82448.4
LDB: ============== END OF LOAD BALANCING =============== 82448.4
LDB: =============== DONE WITH MIGRATION ================ 82448.4
LDB: ============= START OF LOAD BALANCING ============== 82774.9
LDB: ============== END OF LOAD BALANCING =============== 82774.9
LDB: =============== DONE WITH MIGRATION ================ 82774.9
LDB: ============= START OF LOAD BALANCING ============== 82783.3
LDB: ============== END OF LOAD BALANCING =============== 82783.3
LDB: =============== DONE WITH MIGRATION ================ 82783.3
LDB: ============= START OF LOAD BALANCING ============== 83110.2
LDB: ============== END OF LOAD BALANCING =============== 83110.2
LDB: =============== DONE WITH MIGRATION ================ 83110.2
LDB: ============= START OF LOAD BALANCING ============== 83118.6
LDB: ============== END OF LOAD BALANCING =============== 83118.6
LDB: =============== DONE WITH MIGRATION ================ 83118.6
LDB: ============= START OF LOAD BALANCING ============== 83445.3
LDB: ============== END OF LOAD BALANCING =============== 83445.3
LDB: =============== DONE WITH MIGRATION ================ 83445.3
LDB: ============= START OF LOAD BALANCING ============== 83453.6
LDB: ============== END OF LOAD BALANCING =============== 83453.6
LDB: =============== DONE WITH MIGRATION ================ 83453.6
PRESSURE: 500000 576.872 -90.2389 -184.61 -90.2389 230.545 -169.655 -184.61 -169.655 -58.1005
GPRESSURE: 500000 537.257 -54.5612 -106.246 -79.4499 294.418 -19.2892 -359.588 23.8249 -105.892
PRESSAVG: 500000 -16.398 -10.3533 -12.5169 -10.3533 -9.50387 9.46739 -12.5169 9.46739 4.45216
GPRESSAVG: 500000 -16.4386 -10.3854 -12.4191 -10.4621 -9.48442 9.43852 -12.5973 9.49575 4.40409
TIMING: 500000  CPU: 83730.4, 0.167739/step  Wall: 83731, 0.167739/step, 23.2971 hours remaining, 685.368061 MB of memory in use.
PERFORMANCE: 500000  averaging 1.03188 ns/day, 0.167461 sec/step with standard deviation 0.000297259
ETITLE:      TS           BOND          ANGLE          DIHED          IMPRP               ELECT            VDW       BOUNDARY           MISC        KINETIC               TOTAL           TEMP      POTENTIAL         TOTAL3        TEMPAVG            PRESSURE      GPRESSURE         VOLUME       PRESSAVG      GPRESSAVG

ENERGY:  500000      1548.9721      9242.9553      5656.0735        73.1072         -61147.3318     -1054.5810         0.0000         0.0000     18569.0860         -27111.7187       299.7014    -45680.8047    -26961.2401       300.2557            249.7721       241.9280    265695.4498        -7.1499        -7.1730

WRITING EXTENDED SYSTEM TO RESTART FILE AT STEP 500000
WRITING COORDINATES TO DCD FILE NPT.dcd AT STEP 500000
WRITING COORDINATES TO RESTART FILE AT STEP 500000
FINISHED WRITING RESTART COORDINATES
WRITING VELOCITIES TO RESTART FILE AT STEP 500000
FINISHED WRITING RESTART VELOCITIES
LDB: ============= START OF LOAD BALANCING ============== 83781
LDB: ============== END OF LOAD BALANCING =============== 83781
LDB: =============== DONE WITH MIGRATION ================ 83781
LDB: ============= START OF LOAD BALANCING ============== 83789.4
LDB: ============== END OF LOAD BALANCING =============== 83789.4
LDB: =============== DONE WITH MIGRATION ================ 83789.4
LDB: ============= START OF LOAD BALANCING ============== 84117
LDB: ============== END OF LOAD BALANCING =============== 84117
LDB: =============== DONE WITH MIGRATION ================ 84117
LDB: ============= START OF LOAD BALANCING ============== 84125.4
LDB: ============== END OF LOAD BALANCING =============== 84125.4
LDB: =============== DONE WITH MIGRATION ================ 84125.4
LDB: ============= START OF LOAD BALANCING ============== 84452.8
LDB: ============== END OF LOAD BALANCING =============== 84452.8
LDB: =============== DONE WITH MIGRATION ================ 84452.8
LDB: ============= START OF LOAD BALANCING ============== 84461.2
LDB: ============== END OF LOAD BALANCING =============== 84461.2
LDB: =============== DONE WITH MIGRATION ================ 84461.2
LDB: ============= START OF LOAD BALANCING ============== 84789.1
LDB: ============== END OF LOAD BALANCING =============== 84789.1
LDB: =============== DONE WITH MIGRATION ================ 84789.1
LDB: ============= START OF LOAD BALANCING ============== 84797.5
LDB: ============== END OF LOAD BALANCING =============== 84797.5
LDB: =============== DONE WITH MIGRATION ================ 84797.5
LDB: ============= START OF LOAD BALANCING ============== 85125
LDB: ============== END OF LOAD BALANCING =============== 85125
LDB: =============== DONE WITH MIGRATION ================ 85125
LDB: ============= START OF LOAD BALANCING ============== 85133.4
LDB: ============== END OF LOAD BALANCING =============== 85133.4
LDB: =============== DONE WITH MIGRATION ================ 85133.4
PRESSURE: 510000 150.966 -129.691 259.214 -129.691 -166.963 -468.15 259.214 -468.15 480.862
GPRESSURE: 510000 116.615 -109.471 157.506 -250.177 -105.889 -340.754 281.743 -561.154 487.298
PRESSAVG: 510000 -12.8614 -12.6266 -33.0992 -12.6266 59.6863 17.864 -33.0992 17.864 -0.55175
GPRESSAVG: 510000 -12.9072 -12.594 -33.1476 -12.6023 59.6904 17.9478 -32.9903 17.8106 -0.52068
ENERGY:  510000      1533.5013      9167.5704      5679.0739        77.5075         -60686.0170     -1367.0499         0.0000         0.0000     18405.4857         -27189.9280       297.0609    -45595.4137    -27040.7342       300.5980            154.9548       166.0082    266197.8424        15.4244        15.4209

WRITING COORDINATES TO DCD FILE NPT.dcd AT STEP 510000
LDB: ============= START OF LOAD BALANCING ============== 85460.6
LDB: ============== END OF LOAD BALANCING =============== 85460.6
LDB: =============== DONE WITH MIGRATION ================ 85460.6
LDB: ============= START OF LOAD BALANCING ============== 85469
LDB: ============== END OF LOAD BALANCING =============== 85469
LDB: =============== DONE WITH MIGRATION ================ 85469
LDB: ============= START OF LOAD BALANCING ============== 85796.8
LDB: ============== END OF LOAD BALANCING =============== 85796.8
LDB: =============== DONE WITH MIGRATION ================ 85796.8
LDB: ============= START OF LOAD BALANCING ============== 85805.2
LDB: ============== END OF LOAD BALANCING =============== 85805.2
LDB: =============== DONE WITH MIGRATION ================ 85805.2
LDB: ============= START OF LOAD BALANCING ============== 86132.7
LDB: ============== END OF LOAD BALANCING =============== 86132.7
LDB: =============== DONE WITH MIGRATION ================ 86132.7
LDB: ============= START OF LOAD BALANCING ============== 86141.1
LDB: ============== END OF LOAD BALANCING =============== 86141.1
LDB: =============== DONE WITH MIGRATION ================ 86141.1
LDB: ============= START OF LOAD BALANCING ============== 86468.9
LDB: ============== END OF LOAD BALANCING =============== 86468.9
LDB: =============== DONE WITH MIGRATION ================ 86468.9
LDB: ============= START OF LOAD BALANCING ============== 86477.3
LDB: ============== END OF LOAD BALANCING =============== 86477.3
LDB: =============== DONE WITH MIGRATION ================ 86477.3
LDB: ============= START OF LOAD BALANCING ============== 86804.8
LDB: ============== END OF LOAD BALANCING =============== 86804.8
LDB: =============== DONE WITH MIGRATION ================ 86804.8
LDB: ============= START OF LOAD BALANCING ============== 86813.2
LDB: ============== END OF LOAD BALANCING =============== 86813.2
LDB: =============== DONE WITH MIGRATION ================ 86813.2
PRESSURE: 520000 -250.661 240.986 -331.314 240.986 268.934 164.844 -331.314 164.844 314.869
GPRESSURE: 520000 -172.512 178.495 -418.198 117.18 204.054 169.477 -219.037 408.779 332.827
PRESSAVG: 520000 -24.0167 3.48966 -12.8547 3.48966 -13.7605 -13.6234 -12.8547 -13.6234 1.49404
GPRESSAVG: 520000 -24.0688 3.61191 -12.8495 3.51298 -13.812 -13.6311 -12.8711 -13.6466 1.52694
ENERGY:  520000      1538.6548      9242.4871      5659.9224        86.0848         -60399.0275     -1458.7634         0.0000         0.0000     18516.8882         -26813.7536       298.8589    -45330.6417    -26666.6481       301.2464            111.0472       121.4563    265530.7820       -12.0944       -12.1180

WRITING COORDINATES TO DCD FILE NPT.dcd AT STEP 520000
LDB: ============= START OF LOAD BALANCING ============== 87140.8
LDB: ============== END OF LOAD BALANCING =============== 87140.8
LDB: =============== DONE WITH MIGRATION ================ 87140.8
LDB: ============= START OF LOAD BALANCING ============== 87149.2
LDB: ============== END OF LOAD BALANCING =============== 87149.2
LDB: =============== DONE WITH MIGRATION ================ 87149.2
LDB: ============= START OF LOAD BALANCING ============== 87477.3
LDB: ============== END OF LOAD BALANCING =============== 87477.3
LDB: =============== DONE WITH MIGRATION ================ 87477.3
LDB: ============= START OF LOAD BALANCING ============== 87485.7
LDB: ============== END OF LOAD BALANCING =============== 87485.7
LDB: =============== DONE WITH MIGRATION ================ 87485.7
LDB: ============= START OF LOAD BALANCING ============== 87813.5
LDB: ============== END OF LOAD BALANCING =============== 87813.5
LDB: =============== DONE WITH MIGRATION ================ 87813.5
LDB: ============= START OF LOAD BALANCING ============== 87821.9
LDB: ============== END OF LOAD BALANCING =============== 87821.9
LDB: =============== DONE WITH MIGRATION ================ 87821.9
LDB: ============= START OF LOAD BALANCING ============== 88149.9
LDB: ============== END OF LOAD BALANCING =============== 88149.9
LDB: =============== DONE WITH MIGRATION ================ 88149.9
LDB: ============= START OF LOAD BALANCING ============== 88158.3
LDB: ============== END OF LOAD BALANCING =============== 88158.3
LDB: =============== DONE WITH MIGRATION ================ 88158.3
LDB: ============= START OF LOAD BALANCING ============== 88485.8
LDB: ============== END OF LOAD BALANCING =============== 88485.8
LDB: =============== DONE WITH MIGRATION ================ 88485.8
LDB: ============= START OF LOAD BALANCING ============== 88494.3
LDB: ============== END OF LOAD BALANCING =============== 88494.3
LDB: =============== DONE WITH MIGRATION ================ 88494.3
PRESSURE: 530000 -406.697 554.183 -94.5183 554.183 645.848 -119.596 -94.5183 -119.596 264.007
GPRESSURE: 530000 -333.142 482.183 -88.3212 523.531 608.911 -303.842 -90.2236 -0.14994 272.054
PRESSAVG: 530000 -5.44723 22.4536 4.49881 22.4536 23.6777 12.7954 4.49881 12.7954 -6.29132
GPRESSAVG: 530000 -5.49086 22.4254 4.60218 22.3672 23.665 12.6977 4.56885 12.7844 -6.28311
ENERGY:  530000      1532.0135      9119.3848      5700.0910        71.2267         -60798.2441     -1415.8324         0.0000         0.0000     18580.6957         -27210.6648       299.8888    -45791.3605    -27059.3773       300.2922            167.7192       182.6076    265734.1552         3.9797         3.9637

WRITING COORDINATES TO DCD FILE NPT.dcd AT STEP 530000
LDB: ============= START OF LOAD BALANCING ============== 88822.4
LDB: ============== END OF LOAD BALANCING =============== 88822.4
LDB: =============== DONE WITH MIGRATION ================ 88822.4
LDB: ============= START OF LOAD BALANCING ============== 88830.8
LDB: ============== END OF LOAD BALANCING =============== 88830.8
LDB: =============== DONE WITH MIGRATION ================ 88830.8
LDB: ============= START OF LOAD BALANCING ============== 89158.4
LDB: ============== END OF LOAD BALANCING =============== 89158.4
LDB: =============== DONE WITH MIGRATION ================ 89158.4
LDB: ============= START OF LOAD BALANCING ============== 89166.9
LDB: ============== END OF LOAD BALANCING =============== 89166.9
LDB: =============== DONE WITH MIGRATION ================ 89166.9
LDB: ============= START OF LOAD BALANCING ============== 89494.8
LDB: ============== END OF LOAD BALANCING =============== 89494.8
LDB: =============== DONE WITH MIGRATION ================ 89494.8
LDB: ============= START OF LOAD BALANCING ============== 89503.2
LDB: ============== END OF LOAD BALANCING =============== 89503.2
LDB: =============== DONE WITH MIGRATION ================ 89503.2
LDB: ============= START OF LOAD BALANCING ============== 89830.8
LDB: ============== END OF LOAD BALANCING =============== 89830.8
LDB: =============== DONE WITH MIGRATION ================ 89830.8
LDB: ============= START OF LOAD BALANCING ============== 89839.2
LDB: ============== END OF LOAD BALANCING =============== 89839.2
LDB: =============== DONE WITH MIGRATION ================ 89839.2
LDB: ============= START OF LOAD BALANCING ============== 90166.9
LDB: ============== END OF LOAD BALANCING =============== 90166.9
LDB: =============== DONE WITH MIGRATION ================ 90166.9
LDB: ============= START OF LOAD BALANCING ============== 90175.3
LDB: ============== END OF LOAD BALANCING =============== 90175.3
LDB: =============== DONE WITH MIGRATION ================ 90175.3
PRESSURE: 540000 726.341 -151.566 251.557 -151.566 164.114 -211.941 251.557 -211.941 206.029
GPRESSURE: 540000 800.164 9.17583 232.879 -112.289 89.9969 -387.997 172.072 -145.726 266.206
PRESSAVG: 540000 -48.5549 -32.8802 8.3692 -32.8802 1.27877 15.8728 8.3692 15.8728 4.3946
GPRESSAVG: 540000 -48.6191 -32.8411 8.28041 -32.8934 1.14427 15.8671 8.42941 15.9452 4.41343
ENERGY:  540000      1514.5438      9024.3314      5700.6665        73.7815         -60926.3455     -1212.3198         0.0000         0.0000     18536.5119         -27288.8302       299.1756    -45825.3421    -27139.8710       299.9312            365.4945       385.4559    266356.6108       -14.2939       -14.3538

WRITING COORDINATES TO DCD FILE NPT.dcd AT STEP 540000
LDB: ============= START OF LOAD BALANCING ============== 90502.7
LDB: ============== END OF LOAD BALANCING =============== 90502.7
LDB: =============== DONE WITH MIGRATION ================ 90502.7
LDB: ============= START OF LOAD BALANCING ============== 90511
LDB: ============== END OF LOAD BALANCING =============== 90511
LDB: =============== DONE WITH MIGRATION ================ 90511
LDB: ============= START OF LOAD BALANCING ============== 90838.1
LDB: ============== END OF LOAD BALANCING =============== 90838.1
LDB: =============== DONE WITH MIGRATION ================ 90838.1
LDB: ============= START OF LOAD BALANCING ============== 90846.5
LDB: ============== END OF LOAD BALANCING =============== 90846.5
LDB: =============== DONE WITH MIGRATION ================ 90846.5
LDB: ============= START OF LOAD BALANCING ============== 91173.8
LDB: ============== END OF LOAD BALANCING =============== 91173.8
LDB: =============== DONE WITH MIGRATION ================ 91173.8
LDB: ============= START OF LOAD BALANCING ============== 91182.2
LDB: ============== END OF LOAD BALANCING =============== 91182.2
LDB: =============== DONE WITH MIGRATION ================ 91182.2
LDB: ============= START OF LOAD BALANCING ============== 91509.4
LDB: ============== END OF LOAD BALANCING =============== 91509.4
LDB: =============== DONE WITH MIGRATION ================ 91509.4
LDB: ============= START OF LOAD BALANCING ============== 91517.8
LDB: ============== END OF LOAD BALANCING =============== 91517.8
LDB: =============== DONE WITH MIGRATION ================ 91517.8
LDB: ============= START OF LOAD BALANCING ============== 91845.5
LDB: ============== END OF LOAD BALANCING =============== 91845.5
LDB: =============== DONE WITH MIGRATION ================ 91845.5
LDB: ============= START OF LOAD BALANCING ============== 91854
LDB: ============== END OF LOAD BALANCING =============== 91854
LDB: =============== DONE WITH MIGRATION ================ 91854
PRESSURE: 550000 254.1 -126.304 279.56 -126.304 537.734 -16.5994 279.56 -16.5994 88.2028
GPRESSURE: 550000 272.972 -141.409 273.202 -221.477 516.73 -163.33 150.118 36.8425 109.41
PRESSAVG: 550000 15.0538 28.034 6.02752 28.034 35.8503 -2.9956 6.02752 -2.9956 -0.18165
GPRESSAVG: 550000 14.9467 27.987 6.06311 28.0335 35.9091 -3.00941 6.00062 -2.95081 -0.197717
ENERGY:  550000      1591.2801      9175.0387      5689.4356        66.6710         -61041.0324     -1279.4188         0.0000         0.0000     18568.0189         -27230.0069       299.6842    -45798.0258    -27077.0788       300.5131            293.3457       299.7038    265635.7950        16.9075        16.8860

WRITING EXTENDED SYSTEM TO RESTART FILE AT STEP 550000
WRITING COORDINATES TO DCD FILE NPT.dcd AT STEP 550000
WRITING COORDINATES TO RESTART FILE AT STEP 550000
FINISHED WRITING RESTART COORDINATES
WRITING VELOCITIES TO RESTART FILE AT STEP 550000
FINISHED WRITING RESTART VELOCITIES
LDB: ============= START OF LOAD BALANCING ============== 92182.3
LDB: ============== END OF LOAD BALANCING =============== 92182.3
LDB: =============== DONE WITH MIGRATION ================ 92182.3
LDB: ============= START OF LOAD BALANCING ============== 92190.7
LDB: ============== END OF LOAD BALANCING =============== 92190.7
LDB: =============== DONE WITH MIGRATION ================ 92190.7
LDB: ============= START OF LOAD BALANCING ============== 92518.7
LDB: ============== END OF LOAD BALANCING =============== 92518.7
LDB: =============== DONE WITH MIGRATION ================ 92518.7
LDB: ============= START OF LOAD BALANCING ============== 92527
LDB: ============== END OF LOAD BALANCING =============== 92527
LDB: =============== DONE WITH MIGRATION ================ 92527
LDB: ============= START OF LOAD BALANCING ============== 92854.4
LDB: ============== END OF LOAD BALANCING =============== 92854.4
LDB: =============== DONE WITH MIGRATION ================ 92854.4
LDB: ============= START OF LOAD BALANCING ============== 92862.8
LDB: ============== END OF LOAD BALANCING =============== 92862.8
LDB: =============== DONE WITH MIGRATION ================ 92862.8
LDB: ============= START OF LOAD BALANCING ============== 93190.3
LDB: ============== END OF LOAD BALANCING =============== 93190.3
LDB: =============== DONE WITH MIGRATION ================ 93190.3
LDB: ============= START OF LOAD BALANCING ============== 93198.8
LDB: ============== END OF LOAD BALANCING =============== 93198.8
LDB: =============== DONE WITH MIGRATION ================ 93198.8
LDB: ============= START OF LOAD BALANCING ============== 93526.4
LDB: ============== END OF LOAD BALANCING =============== 93526.4
LDB: =============== DONE WITH MIGRATION ================ 93526.4
LDB: ============= START OF LOAD BALANCING ============== 93534.8
LDB: ============== END OF LOAD BALANCING =============== 93534.8
LDB: =============== DONE WITH MIGRATION ================ 93534.8
PRESSURE: 560000 136.147 63.5154 24.0351 63.5154 -82.8647 -68.3273 24.0351 -68.3273 213.706
GPRESSURE: 560000 30.7301 -29.0941 -54.6642 91.2332 53.0914 -140.888 -317.302 -98.1062 215.615
PRESSAVG: 560000 -4.21131 -11.9881 7.77685 -11.9881 65.433 -4.91895 7.77685 -4.91895 2.38281
GPRESSAVG: 560000 -4.32177 -11.9968 7.80888 -12.0445 65.3172 -4.94765 7.72854 -4.98906 2.34181
ENERGY:  560000      1574.1174      9213.5071      5707.0328        68.4331         -60728.7904     -1327.1013         0.0000         0.0000     18678.5599         -26814.2414       301.4683    -45492.8013    -26662.8439       300.3724             88.9959        99.8122    265968.5180        21.2015        21.1124

WRITING COORDINATES TO DCD FILE NPT.dcd AT STEP 560000
LDB: ============= START OF LOAD BALANCING ============== 93862.3
LDB: ============== END OF LOAD BALANCING =============== 93862.3
LDB: =============== DONE WITH MIGRATION ================ 93862.3
LDB: ============= START OF LOAD BALANCING ============== 93870.7
LDB: ============== END OF LOAD BALANCING =============== 93870.7
LDB: =============== DONE WITH MIGRATION ================ 93870.7
LDB: ============= START OF LOAD BALANCING ============== 94198.7
LDB: ============== END OF LOAD BALANCING =============== 94198.7
LDB: =============== DONE WITH MIGRATION ================ 94198.7
LDB: ============= START OF LOAD BALANCING ============== 94207.1
LDB: ============== END OF LOAD BALANCING =============== 94207.1
LDB: =============== DONE WITH MIGRATION ================ 94207.1
LDB: ============= START OF LOAD BALANCING ============== 94535.6
LDB: ============== END OF LOAD BALANCING =============== 94535.6
LDB: =============== DONE WITH MIGRATION ================ 94535.6
LDB: ============= START OF LOAD BALANCING ============== 94544
LDB: ============== END OF LOAD BALANCING =============== 94544
LDB: =============== DONE WITH MIGRATION ================ 94544
LDB: ============= START OF LOAD BALANCING ============== 94871.8
LDB: ============== END OF LOAD BALANCING =============== 94871.8
LDB: =============== DONE WITH MIGRATION ================ 94871.8
LDB: ============= START OF LOAD BALANCING ============== 94880.2
LDB: ============== END OF LOAD BALANCING =============== 94880.2
LDB: =============== DONE WITH MIGRATION ================ 94880.2
LDB: ============= START OF LOAD BALANCING ============== 95207.8
LDB: ============== END OF LOAD BALANCING =============== 95207.8
LDB: =============== DONE WITH MIGRATION ================ 95207.8
LDB: ============= START OF LOAD BALANCING ============== 95216.2
LDB: ============== END OF LOAD BALANCING =============== 95216.2
LDB: =============== DONE WITH MIGRATION ================ 95216.2
PRESSURE: 570000 -321.652 -27.266 19.2787 -27.266 -63.9781 382.682 19.2787 382.682 499.12
GPRESSURE: 570000 -332.926 39.2982 -14.8171 129.934 -42.1495 503.636 133.652 160.114 535.883
PRESSAVG: 570000 30.4249 4.38975 -20.3341 4.38975 44.5967 7.50392 -20.3341 7.50392 -2.21864
GPRESSAVG: 570000 30.3444 4.40748 -20.2993 4.23235 44.5974 7.51337 -20.3647 7.43086 -2.1924
ENERGY:  570000      1552.3994      9154.2903      5711.4571        77.2575         -61083.9481     -1198.8295         0.0000         0.0000     18703.8723         -27083.5009       301.8768    -45787.3732    -26937.3316       300.9233             37.8299        53.6025    266430.2075        24.2676        24.2498

WRITING COORDINATES TO DCD FILE NPT.dcd AT STEP 570000
LDB: ============= START OF LOAD BALANCING ============== 95544.1
LDB: ============== END OF LOAD BALANCING =============== 95544.1
LDB: =============== DONE WITH MIGRATION ================ 95544.1
LDB: ============= START OF LOAD BALANCING ============== 95552.5
LDB: ============== END OF LOAD BALANCING =============== 95552.5
LDB: =============== DONE WITH MIGRATION ================ 95552.5
LDB: ============= START OF LOAD BALANCING ============== 95881
LDB: ============== END OF LOAD BALANCING =============== 95881
LDB: =============== DONE WITH MIGRATION ================ 95881
LDB: ============= START OF LOAD BALANCING ============== 95889.5
LDB: ============== END OF LOAD BALANCING =============== 95889.5
LDB: =============== DONE WITH MIGRATION ================ 95889.5
LDB: ============= START OF LOAD BALANCING ============== 96217.1
LDB: ============== END OF LOAD BALANCING =============== 96217.1
LDB: =============== DONE WITH MIGRATION ================ 96217.1
LDB: ============= START OF LOAD BALANCING ============== 96225.5
LDB: ============== END OF LOAD BALANCING =============== 96225.5
LDB: =============== DONE WITH MIGRATION ================ 96225.5
LDB: ============= START OF LOAD BALANCING ============== 96553
LDB: ============== END OF LOAD BALANCING =============== 96553
LDB: =============== DONE WITH MIGRATION ================ 96553
LDB: ============= START OF LOAD BALANCING ============== 96561.4
LDB: ============== END OF LOAD BALANCING =============== 96561.4
LDB: =============== DONE WITH MIGRATION ================ 96561.4
LDB: ============= START OF LOAD BALANCING ============== 96890.1
LDB: ============== END OF LOAD BALANCING =============== 96890.1
LDB: =============== DONE WITH MIGRATION ================ 96890.1
LDB: ============= START OF LOAD BALANCING ============== 96898.6
LDB: ============== END OF LOAD BALANCING =============== 96898.6
LDB: =============== DONE WITH MIGRATION ================ 96898.6
PRESSURE: 580000 -20.9648 -343.664 -98.5263 -343.664 -337.625 -122.191 -98.5263 -122.191 859.455
GPRESSURE: 580000 19.9483 -164.961 -14.4014 -383.025 -286.164 -84.3589 -148.263 87.4162 841.371
PRESSAVG: 580000 48.9702 -17.2146 -22.4826 -17.2146 77.9057 6.18589 -22.4826 6.18589 2.67777
GPRESSAVG: 580000 48.9811 -17.324 -22.467 -17.062 77.8318 6.11565 -22.4911 6.19773 2.76309
ENERGY:  580000      1567.0549      9343.9262      5731.6569        77.5156         -61170.1884     -1192.7154         0.0000         0.0000     18522.8083         -27119.9420       298.9545    -45642.7502    -26974.3232       301.4163            166.9549       191.7186    265034.6603        43.1846        43.1920

WRITING COORDINATES TO DCD FILE NPT.dcd AT STEP 580000
LDB: ============= START OF LOAD BALANCING ============== 97227.3
LDB: ============== END OF LOAD BALANCING =============== 97227.3
LDB: =============== DONE WITH MIGRATION ================ 97227.3
LDB: ============= START OF LOAD BALANCING ============== 97235.7
LDB: ============== END OF LOAD BALANCING =============== 97235.7
LDB: =============== DONE WITH MIGRATION ================ 97235.7
LDB: ============= START OF LOAD BALANCING ============== 97564.3
LDB: ============== END OF LOAD BALANCING =============== 97564.3
LDB: =============== DONE WITH MIGRATION ================ 97564.3
LDB: ============= START OF LOAD BALANCING ============== 97572.8
LDB: ============== END OF LOAD BALANCING =============== 97572.8
LDB: =============== DONE WITH MIGRATION ================ 97572.8
LDB: ============= START OF LOAD BALANCING ============== 97901.8
LDB: ============== END OF LOAD BALANCING =============== 97901.8
LDB: =============== DONE WITH MIGRATION ================ 97901.8
LDB: ============= START OF LOAD BALANCING ============== 97910.2
LDB: ============== END OF LOAD BALANCING =============== 97910.2
LDB: =============== DONE WITH MIGRATION ================ 97910.2
LDB: ============= START OF LOAD BALANCING ============== 98239.2
LDB: ============== END OF LOAD BALANCING =============== 98239.2
LDB: =============== DONE WITH MIGRATION ================ 98239.2
LDB: ============= START OF LOAD BALANCING ============== 98247.7
LDB: ============== END OF LOAD BALANCING =============== 98247.7
LDB: =============== DONE WITH MIGRATION ================ 98247.7
LDB: ============= START OF LOAD BALANCING ============== 98576.6
LDB: ============== END OF LOAD BALANCING =============== 98576.6
LDB: =============== DONE WITH MIGRATION ================ 98576.6
LDB: ============= START OF LOAD BALANCING ============== 98585
LDB: ============== END OF LOAD BALANCING =============== 98585
LDB: =============== DONE WITH MIGRATION ================ 98585
PRESSURE: 590000 -182.404 360.467 147.071 360.467 271.148 72.1284 147.071 72.1284 -87.0973
GPRESSURE: 590000 -259.642 454.231 38.0121 332.729 345.257 33.6764 354.647 -36.0689 -72.2449
PRESSAVG: 590000 36.0381 -13.3812 -23.5032 -13.3812 53.2547 17.4992 -23.5032 17.4992 4.58249
GPRESSAVG: 590000 35.9701 -13.3382 -23.53 -13.3533 53.3114 17.4143 -23.4695 17.4824 4.53698
ENERGY:  590000      1616.4497      9086.6679      5681.7672        67.1487         -60576.0138     -1402.5830         0.0000         0.0000     18644.1493         -26882.4141       300.9129    -45526.5634    -26732.2893       299.9143              0.5490         4.4566    265601.8454        31.2918        31.2728

WRITING COORDINATES TO DCD FILE NPT.dcd AT STEP 590000
LDB: ============= START OF LOAD BALANCING ============== 98913.2
LDB: ============== END OF LOAD BALANCING =============== 98913.2
LDB: =============== DONE WITH MIGRATION ================ 98913.2
LDB: ============= START OF LOAD BALANCING ============== 98921.6
LDB: ============== END OF LOAD BALANCING =============== 98921.6
LDB: =============== DONE WITH MIGRATION ================ 98921.6
LDB: ============= START OF LOAD BALANCING ============== 99249.3
LDB: ============== END OF LOAD BALANCING =============== 99249.3
LDB: =============== DONE WITH MIGRATION ================ 99249.3
LDB: ============= START OF LOAD BALANCING ============== 99257.7
LDB: ============== END OF LOAD BALANCING =============== 99257.7
LDB: =============== DONE WITH MIGRATION ================ 99257.7
LDB: ============= START OF LOAD BALANCING ============== 99585.5
LDB: ============== END OF LOAD BALANCING =============== 99585.5
LDB: =============== DONE WITH MIGRATION ================ 99585.5
LDB: ============= START OF LOAD BALANCING ============== 99593.9
LDB: ============== END OF LOAD BALANCING =============== 99593.9
LDB: =============== DONE WITH MIGRATION ================ 99593.9
LDB: ============= START OF LOAD BALANCING ============== 99921.9
LDB: ============== END OF LOAD BALANCING =============== 99921.9
LDB: =============== DONE WITH MIGRATION ================ 99921.9
LDB: ============= START OF LOAD BALANCING ============== 99930.3
LDB: ============== END OF LOAD BALANCING =============== 99930.3
LDB: =============== DONE WITH MIGRATION ================ 99930.3
LDB: ============= START OF LOAD BALANCING ============== 100259
LDB: ============== END OF LOAD BALANCING =============== 100259
LDB: =============== DONE WITH MIGRATION ================ 100259
LDB: ============= START OF LOAD BALANCING ============== 100267
LDB: ============== END OF LOAD BALANCING =============== 100267
LDB: =============== DONE WITH MIGRATION ================ 100267
PRESSURE: 600000 748.009 0.908646 119.669 0.908646 -238.2 41.2492 119.669 41.2492 195.271
GPRESSURE: 600000 844.317 0.788197 311.031 116.867 -283.504 102.286 61.1946 -50.6701 199.632
PRESSAVG: 600000 77.0527 15.4142 20.1637 15.4142 88.0071 -44.8373 20.1637 -44.8373 2.60404
GPRESSAVG: 600000 77.0594 15.3239 20.2305 15.3617 88.0423 -44.7853 20.0521 -44.8208 2.58784
TIMING: 600000  CPU: 100545, 0.168142/step  Wall: 100545, 0.168142/step, 18.6825 hours remaining, 685.368061 MB of memory in use.
PERFORMANCE: 600000  averaging 1.03118 ns/day, 0.167575 sec/step with standard deviation 0.000384744
ETITLE:      TS           BOND          ANGLE          DIHED          IMPRP               ELECT            VDW       BOUNDARY           MISC        KINETIC               TOTAL           TEMP      POTENTIAL         TOTAL3        TEMPAVG            PRESSURE      GPRESSURE         VOLUME       PRESSAVG      GPRESSAVG

ENERGY:  600000      1580.8671      9098.3816      5748.5511        74.9756         -60633.4588     -1305.9205         0.0000         0.0000     18716.8567         -26719.7471       302.0864    -45436.6039    -26571.7377       301.2002            235.0267       253.4819    266403.6611        55.8880        55.8965

WRITING EXTENDED SYSTEM TO RESTART FILE AT STEP 600000
WRITING COORDINATES TO DCD FILE NPT.dcd AT STEP 600000
WRITING COORDINATES TO RESTART FILE AT STEP 600000
FINISHED WRITING RESTART COORDINATES
WRITING VELOCITIES TO RESTART FILE AT STEP 600000
FINISHED WRITING RESTART VELOCITIES
LDB: ============= START OF LOAD BALANCING ============== 100595
LDB: ============== END OF LOAD BALANCING =============== 100595
LDB: =============== DONE WITH MIGRATION ================ 100595
LDB: ============= START OF LOAD BALANCING ============== 100604
LDB: ============== END OF LOAD BALANCING =============== 100604
LDB: =============== DONE WITH MIGRATION ================ 100604
LDB: ============= START OF LOAD BALANCING ============== 100932
LDB: ============== END OF LOAD BALANCING =============== 100932
LDB: =============== DONE WITH MIGRATION ================ 100932
LDB: ============= START OF LOAD BALANCING ============== 100940
LDB: ============== END OF LOAD BALANCING =============== 100940
LDB: =============== DONE WITH MIGRATION ================ 100940
LDB: ============= START OF LOAD BALANCING ============== 101269
LDB: ============== END OF LOAD BALANCING =============== 101269
LDB: =============== DONE WITH MIGRATION ================ 101269
LDB: ============= START OF LOAD BALANCING ============== 101277
LDB: ============== END OF LOAD BALANCING =============== 101277
LDB: =============== DONE WITH MIGRATION ================ 101277
LDB: ============= START OF LOAD BALANCING ============== 101605
LDB: ============== END OF LOAD BALANCING =============== 101605
LDB: =============== DONE WITH MIGRATION ================ 101605
LDB: ============= START OF LOAD BALANCING ============== 101614
LDB: ============== END OF LOAD BALANCING =============== 101614
LDB: =============== DONE WITH MIGRATION ================ 101614
LDB: ============= START OF LOAD BALANCING ============== 101942
LDB: ============== END OF LOAD BALANCING =============== 101942
LDB: =============== DONE WITH MIGRATION ================ 101942
LDB: ============= START OF LOAD BALANCING ============== 101950
LDB: ============== END OF LOAD BALANCING =============== 101950
LDB: =============== DONE WITH MIGRATION ================ 101950
PRESSURE: 610000 -230.554 -90.643 103.192 -90.643 216.268 71.884 103.192 71.884 123.679
GPRESSURE: 610000 -268.786 -218.877 122.92 124.356 290.078 -5.34752 310.893 -47.761 127.239
PRESSAVG: 610000 -1.33908 20.8149 -12.3201 20.8149 -1.15754 27.8267 -12.3201 27.8267 -0.615185
GPRESSAVG: 610000 -1.25751 20.8309 -12.3977 20.8239 -1.23664 27.8109 -12.2654 27.9004 -0.665738
ENERGY:  610000      1576.6951      9105.1050      5684.4827        77.3864         -60989.6350     -1224.9104         0.0000         0.0000     18551.8630         -27219.0133       299.4234    -45770.8763    -27071.3230       299.6953             36.4643        49.5105    266905.4431        -1.0373        -1.0533

WRITING COORDINATES TO DCD FILE NPT.dcd AT STEP 610000
LDB: ============= START OF LOAD BALANCING ============== 102277
LDB: ============== END OF LOAD BALANCING =============== 102277
LDB: =============== DONE WITH MIGRATION ================ 102277
LDB: ============= START OF LOAD BALANCING ============== 102286
LDB: ============== END OF LOAD BALANCING =============== 102286
LDB: =============== DONE WITH MIGRATION ================ 102286
LDB: ============= START OF LOAD BALANCING ============== 102613
LDB: ============== END OF LOAD BALANCING =============== 102613
LDB: =============== DONE WITH MIGRATION ================ 102613
LDB: ============= START OF LOAD BALANCING ============== 102622
LDB: ============== END OF LOAD BALANCING =============== 102622
LDB: =============== DONE WITH MIGRATION ================ 102622
LDB: ============= START OF LOAD BALANCING ============== 102950
LDB: ============== END OF LOAD BALANCING =============== 102950
LDB: =============== DONE WITH MIGRATION ================ 102950
LDB: ============= START OF LOAD BALANCING ============== 102958
LDB: ============== END OF LOAD BALANCING =============== 102958
LDB: =============== DONE WITH MIGRATION ================ 102958
LDB: ============= START OF LOAD BALANCING ============== 103286
LDB: ============== END OF LOAD BALANCING =============== 103286
LDB: =============== DONE WITH MIGRATION ================ 103286
LDB: ============= START OF LOAD BALANCING ============== 103295
LDB: ============== END OF LOAD BALANCING =============== 103295
LDB: =============== DONE WITH MIGRATION ================ 103295
LDB: ============= START OF LOAD BALANCING ============== 103622
LDB: ============== END OF LOAD BALANCING =============== 103622
LDB: =============== DONE WITH MIGRATION ================ 103622
LDB: ============= START OF LOAD BALANCING ============== 103631
LDB: ============== END OF LOAD BALANCING =============== 103631
LDB: =============== DONE WITH MIGRATION ================ 103631
PRESSURE: 620000 -347.654 465.42 -247.007 465.42 -245.558 -76.3752 -247.007 -76.3752 431.987
GPRESSURE: 620000 -423.203 467.912 -253.434 378.272 -84.6659 -114.137 5.35108 -105.805 417.401
PRESSAVG: 620000 -84.8312 16.2108 13.2646 16.2108 -12.7136 -33.7617 13.2646 -33.7617 -0.52742
GPRESSAVG: 620000 -84.8723 16.3206 13.3157 16.1706 -12.6517 -33.8399 13.2623 -33.7714 -0.499834
ENERGY:  620000      1560.7758      9206.8100      5710.4609        74.4771         -60935.6575     -1309.9289         0.0000         0.0000     18740.6410         -26952.4218       302.4702    -45693.0627    -26799.4174       299.8943            -53.7414       -30.1560    265499.0376       -32.6907       -32.6746

WRITING COORDINATES TO DCD FILE NPT.dcd AT STEP 620000
LDB: ============= START OF LOAD BALANCING ============== 103959
LDB: ============== END OF LOAD BALANCING =============== 103959
LDB: =============== DONE WITH MIGRATION ================ 103959
LDB: ============= START OF LOAD BALANCING ============== 103967
LDB: ============== END OF LOAD BALANCING =============== 103967
LDB: =============== DONE WITH MIGRATION ================ 103967
LDB: ============= START OF LOAD BALANCING ============== 104295
LDB: ============== END OF LOAD BALANCING =============== 104295
LDB: =============== DONE WITH MIGRATION ================ 104295
LDB: ============= START OF LOAD BALANCING ============== 104304
LDB: ============== END OF LOAD BALANCING =============== 104304
LDB: =============== DONE WITH MIGRATION ================ 104304
LDB: ============= START OF LOAD BALANCING ============== 104631
LDB: ============== END OF LOAD BALANCING =============== 104631
LDB: =============== DONE WITH MIGRATION ================ 104631
LDB: ============= START OF LOAD BALANCING ============== 104640
LDB: ============== END OF LOAD BALANCING =============== 104640
LDB: =============== DONE WITH MIGRATION ================ 104640
LDB: ============= START OF LOAD BALANCING ============== 104967
LDB: ============== END OF LOAD BALANCING =============== 104967
LDB: =============== DONE WITH MIGRATION ================ 104967
LDB: ============= START OF LOAD BALANCING ============== 104976
LDB: ============== END OF LOAD BALANCING =============== 104976
LDB: =============== DONE WITH MIGRATION ================ 104976
LDB: ============= START OF LOAD BALANCING ============== 105304
LDB: ============== END OF LOAD BALANCING =============== 105304
LDB: =============== DONE WITH MIGRATION ================ 105304
LDB: ============= START OF LOAD BALANCING ============== 105312
LDB: ============== END OF LOAD BALANCING =============== 105312
LDB: =============== DONE WITH MIGRATION ================ 105312
PRESSURE: 630000 -588.388 -68.3792 264.861 -68.3792 -68.4662 300.558 264.861 300.558 219.417
GPRESSURE: 630000 -435.261 -20.3195 228.808 110.372 -63.7002 422.669 335.472 282.718 71.7993
PRESSAVG: 630000 -11.9583 0.37087 10.3999 0.37087 -8.03699 16.1037 10.3999 16.1037 2.81257
GPRESSAVG: 630000 -11.8774 0.344381 10.3619 0.317288 -8.2232 15.9877 10.4469 16.1573 2.8618
ENERGY:  630000      1547.9266      9235.7290      5689.3810        80.3390         -60891.4137     -1297.7024         0.0000         0.0000     18672.3528         -26963.3878       301.3681    -45635.7406    -26812.9052       301.6885           -145.8124      -142.3874    265495.4985        -5.7276        -5.7463

WRITING COORDINATES TO DCD FILE NPT.dcd AT STEP 630000
LDB: ============= START OF LOAD BALANCING ============== 105640
LDB: ============== END OF LOAD BALANCING =============== 105640
LDB: =============== DONE WITH MIGRATION ================ 105640
LDB: ============= START OF LOAD BALANCING ============== 105648
LDB: ============== END OF LOAD BALANCING =============== 105648
LDB: =============== DONE WITH MIGRATION ================ 105648
LDB: ============= START OF LOAD BALANCING ============== 105975
LDB: ============== END OF LOAD BALANCING =============== 105975
LDB: =============== DONE WITH MIGRATION ================ 105975
LDB: ============= START OF LOAD BALANCING ============== 105984
LDB: ============== END OF LOAD BALANCING =============== 105984
LDB: =============== DONE WITH MIGRATION ================ 105984
LDB: ============= START OF LOAD BALANCING ============== 106311
LDB: ============== END OF LOAD BALANCING =============== 106311
LDB: =============== DONE WITH MIGRATION ================ 106311
LDB: ============= START OF LOAD BALANCING ============== 106319
LDB: ============== END OF LOAD BALANCING =============== 106319
LDB: =============== DONE WITH MIGRATION ================ 106319
LDB: ============= START OF LOAD BALANCING ============== 106646
LDB: ============== END OF LOAD BALANCING =============== 106646
LDB: =============== DONE WITH MIGRATION ================ 106646
LDB: ============= START OF LOAD BALANCING ============== 106655
LDB: ============== END OF LOAD BALANCING =============== 106655
LDB: =============== DONE WITH MIGRATION ================ 106655
LDB: ============= START OF LOAD BALANCING ============== 106982
LDB: ============== END OF LOAD BALANCING =============== 106982
LDB: =============== DONE WITH MIGRATION ================ 106982
LDB: ============= START OF LOAD BALANCING ============== 106990
LDB: ============== END OF LOAD BALANCING =============== 106990
LDB: =============== DONE WITH MIGRATION ================ 106990
PRESSURE: 640000 -734.293 70.6458 124.025 70.6458 277.945 219.601 124.025 219.601 -369.855
GPRESSURE: 640000 -608.447 -34.3936 33.5591 10.8196 146.318 315.628 -117.569 291.326 -331.602
PRESSAVG: 640000 49.0161 1.78385 1.24255 1.78385 -3.37586 -10.3518 1.24255 -10.3518 -0.358627
GPRESSAVG: 640000 49.0519 1.75557 1.22689 1.693 -3.33423 -10.2117 1.3498 -10.4399 -0.359147
ENERGY:  640000      1581.8949      9204.6842      5696.2621        74.5503         -60891.3476     -1321.7278         0.0000         0.0000     18651.2697         -27004.4142       301.0278    -45655.6838    -26856.7354       300.9411           -275.4012      -264.5772    265448.0124        15.0939        15.1195

WRITING COORDINATES TO DCD FILE NPT.dcd AT STEP 640000
LDB: ============= START OF LOAD BALANCING ============== 107318
LDB: ============== END OF LOAD BALANCING =============== 107318
LDB: =============== DONE WITH MIGRATION ================ 107318
LDB: ============= START OF LOAD BALANCING ============== 107326
LDB: ============== END OF LOAD BALANCING =============== 107326
LDB: =============== DONE WITH MIGRATION ================ 107326
LDB: ============= START OF LOAD BALANCING ============== 107655
LDB: ============== END OF LOAD BALANCING =============== 107655
LDB: =============== DONE WITH MIGRATION ================ 107655
LDB: ============= START OF LOAD BALANCING ============== 107663
LDB: ============== END OF LOAD BALANCING =============== 107663
LDB: =============== DONE WITH MIGRATION ================ 107663
LDB: ============= START OF LOAD BALANCING ============== 107991
LDB: ============== END OF LOAD BALANCING =============== 107991
LDB: =============== DONE WITH MIGRATION ================ 107991
LDB: ============= START OF LOAD BALANCING ============== 108000
LDB: ============== END OF LOAD BALANCING =============== 108000
LDB: =============== DONE WITH MIGRATION ================ 108000
LDB: ============= START OF LOAD BALANCING ============== 108328
LDB: ============== END OF LOAD BALANCING =============== 108328
LDB: =============== DONE WITH MIGRATION ================ 108328
LDB: ============= START OF LOAD BALANCING ============== 108337
LDB: ============== END OF LOAD BALANCING =============== 108337
LDB: =============== DONE WITH MIGRATION ================ 108337
LDB: ============= START OF LOAD BALANCING ============== 108665
LDB: ============== END OF LOAD BALANCING =============== 108665
LDB: =============== DONE WITH MIGRATION ================ 108665
LDB: ============= START OF LOAD BALANCING ============== 108674
LDB: ============== END OF LOAD BALANCING =============== 108674
LDB: =============== DONE WITH MIGRATION ================ 108674
PRESSURE: 650000 -191.645 168.886 -14.0747 168.886 -296.329 8.98221 -14.0747 8.98221 -81.5269
GPRESSURE: 650000 -66.4685 356.279 -98.1314 112.259 -274.476 11.1985 75.1182 263.46 -151.296
PRESSAVG: 650000 -5.10347 23.342 0.558876 23.342 26.5462 -6.26677 0.558876 -6.26677 1.28397
GPRESSAVG: 650000 -5.1292 23.3622 0.597801 23.2204 26.4633 -6.33173 0.519276 -6.18251 1.24325
ENERGY:  650000      1606.3048      9243.1879      5653.7032        65.3651         -60815.3898     -1380.8240         0.0000         0.0000     18778.6563         -26848.9966       303.0838    -45627.6529    -26695.4111       300.5911           -189.8337      -164.0803    265356.4357         7.5756         7.5258

WRITING EXTENDED SYSTEM TO RESTART FILE AT STEP 650000
WRITING COORDINATES TO DCD FILE NPT.dcd AT STEP 650000
WRITING COORDINATES TO RESTART FILE AT STEP 650000
FINISHED WRITING RESTART COORDINATES
WRITING VELOCITIES TO RESTART FILE AT STEP 650000
FINISHED WRITING RESTART VELOCITIES
LDB: ============= START OF LOAD BALANCING ============== 109002
LDB: ============== END OF LOAD BALANCING =============== 109002
LDB: =============== DONE WITH MIGRATION ================ 109002
LDB: ============= START OF LOAD BALANCING ============== 109011
LDB: ============== END OF LOAD BALANCING =============== 109011
LDB: =============== DONE WITH MIGRATION ================ 109011
LDB: ============= START OF LOAD BALANCING ============== 109339
LDB: ============== END OF LOAD BALANCING =============== 109339
LDB: =============== DONE WITH MIGRATION ================ 109339
LDB: ============= START OF LOAD BALANCING ============== 109347
LDB: ============== END OF LOAD BALANCING =============== 109347
LDB: =============== DONE WITH MIGRATION ================ 109347
LDB: ============= START OF LOAD BALANCING ============== 109675
LDB: ============== END OF LOAD BALANCING =============== 109675
LDB: =============== DONE WITH MIGRATION ================ 109675
LDB: ============= START OF LOAD BALANCING ============== 109683
LDB: ============== END OF LOAD BALANCING =============== 109683
LDB: =============== DONE WITH MIGRATION ================ 109683
LDB: ============= START OF LOAD BALANCING ============== 110011
LDB: ============== END OF LOAD BALANCING =============== 110011
LDB: =============== DONE WITH MIGRATION ================ 110011
LDB: ============= START OF LOAD BALANCING ============== 110019
LDB: ============== END OF LOAD BALANCING =============== 110019
LDB: =============== DONE WITH MIGRATION ================ 110019
LDB: ============= START OF LOAD BALANCING ============== 110347
LDB: ============== END OF LOAD BALANCING =============== 110347
LDB: =============== DONE WITH MIGRATION ================ 110347
LDB: ============= START OF LOAD BALANCING ============== 110356
LDB: ============== END OF LOAD BALANCING =============== 110356
LDB: =============== DONE WITH MIGRATION ================ 110356
PRESSURE: 660000 218.902 208.519 592.801 208.519 -112.664 -67.4575 592.801 -67.4575 -158.173
GPRESSURE: 660000 257.289 47.7256 400.433 174.748 -106.003 -293.573 501.63 71.5617 -157.313
PRESSAVG: 660000 20.7469 31.7204 45.5481 31.7204 -2.0486 10.392 45.5481 10.392 2.11352
GPRESSAVG: 660000 20.7359 31.7791 45.5305 31.8892 -2.06971 10.414 45.5233 10.3084 2.08273
ENERGY:  660000      1589.2198      9203.7475      5788.4912        67.6879         -61024.5596     -1285.7566         0.0000         0.0000     18568.3295         -27092.8402       299.6892    -45661.1697    -26941.8112       300.8463            -17.3115        -2.0090    264568.7599         6.9373         6.9163

WRITING COORDINATES TO DCD FILE NPT.dcd AT STEP 660000
LDB: ============= START OF LOAD BALANCING ============== 110684
LDB: ============== END OF LOAD BALANCING =============== 110684
LDB: =============== DONE WITH MIGRATION ================ 110684
LDB: ============= START OF LOAD BALANCING ============== 110693
LDB: ============== END OF LOAD BALANCING =============== 110693
LDB: =============== DONE WITH MIGRATION ================ 110693
LDB: ============= START OF LOAD BALANCING ============== 111021
LDB: ============== END OF LOAD BALANCING =============== 111021
LDB: =============== DONE WITH MIGRATION ================ 111021
LDB: ============= START OF LOAD BALANCING ============== 111030
LDB: ============== END OF LOAD BALANCING =============== 111030
LDB: =============== DONE WITH MIGRATION ================ 111030
LDB: ============= START OF LOAD BALANCING ============== 111358
LDB: ============== END OF LOAD BALANCING =============== 111358
LDB: =============== DONE WITH MIGRATION ================ 111358
LDB: ============= START OF LOAD BALANCING ============== 111366
LDB: ============== END OF LOAD BALANCING =============== 111366
LDB: =============== DONE WITH MIGRATION ================ 111366
LDB: ============= START OF LOAD BALANCING ============== 111694
LDB: ============== END OF LOAD BALANCING =============== 111694
LDB: =============== DONE WITH MIGRATION ================ 111694
LDB: ============= START OF LOAD BALANCING ============== 111703
LDB: ============== END OF LOAD BALANCING =============== 111703
LDB: =============== DONE WITH MIGRATION ================ 111703
LDB: ============= START OF LOAD BALANCING ============== 112031
LDB: ============== END OF LOAD BALANCING =============== 112031
LDB: =============== DONE WITH MIGRATION ================ 112031
LDB: ============= START OF LOAD BALANCING ============== 112039
LDB: ============== END OF LOAD BALANCING =============== 112039
LDB: =============== DONE WITH MIGRATION ================ 112039
PRESSURE: 670000 -173.924 412.943 143.581 412.943 -308.872 138.291 143.581 138.291 -275.223
GPRESSURE: 670000 -257.325 145.845 -63.0902 375.263 -161.611 46.6068 282.907 52.7962 -287.124
PRESSAVG: 670000 41.6016 38.8189 29.1285 38.8189 42.8499 13.5681 29.1285 13.5681 -0.698299
GPRESSAVG: 670000 41.709 38.8046 29.1175 38.7411 42.9335 13.5106 29.23 13.5539 -0.673684
ENERGY:  670000      1529.1017      9161.5215      5778.2739        71.7247         -60797.4095     -1384.1951         0.0000         0.0000     18666.9056         -26974.0772       301.2802    -45640.9828    -26817.1406       300.5598           -252.6732      -235.3532    265484.3279        27.9177        27.9896

WRITING COORDINATES TO DCD FILE NPT.dcd AT STEP 670000
LDB: ============= START OF LOAD BALANCING ============== 112368
LDB: ============== END OF LOAD BALANCING =============== 112368
LDB: =============== DONE WITH MIGRATION ================ 112368
LDB: ============= START OF LOAD BALANCING ============== 112376
LDB: ============== END OF LOAD BALANCING =============== 112376
LDB: =============== DONE WITH MIGRATION ================ 112376
LDB: ============= START OF LOAD BALANCING ============== 112704
LDB: ============== END OF LOAD BALANCING =============== 112704
LDB: =============== DONE WITH MIGRATION ================ 112704
LDB: ============= START OF LOAD BALANCING ============== 112712
LDB: ============== END OF LOAD BALANCING =============== 112712
LDB: =============== DONE WITH MIGRATION ================ 112712
LDB: ============= START OF LOAD BALANCING ============== 113040
LDB: ============== END OF LOAD BALANCING =============== 113040
LDB: =============== DONE WITH MIGRATION ================ 113040
LDB: ============= START OF LOAD BALANCING ============== 113049
LDB: ============== END OF LOAD BALANCING =============== 113049
LDB: =============== DONE WITH MIGRATION ================ 113049
LDB: ============= START OF LOAD BALANCING ============== 113377
LDB: ============== END OF LOAD BALANCING =============== 113377
LDB: =============== DONE WITH MIGRATION ================ 113377
LDB: ============= START OF LOAD BALANCING ============== 113385
LDB: ============== END OF LOAD BALANCING =============== 113385
LDB: =============== DONE WITH MIGRATION ================ 113385
LDB: ============= START OF LOAD BALANCING ============== 113714
LDB: ============== END OF LOAD BALANCING =============== 113714
LDB: =============== DONE WITH MIGRATION ================ 113714
LDB: ============= START OF LOAD BALANCING ============== 113722
LDB: ============== END OF LOAD BALANCING =============== 113722
LDB: =============== DONE WITH MIGRATION ================ 113722
PRESSURE: 680000 -61.7783 -92.9564 -288.474 -92.9564 699.944 117.579 -288.474 117.579 146.547
GPRESSURE: 680000 -156.469 20.8764 -342.037 -7.56506 730.656 -54.1139 -501.264 -51.6066 264.467
PRESSAVG: 680000 2.10153 5.87541 46.2416 5.87541 -9.55032 3.43843 46.2416 3.43843 1.00238
GPRESSAVG: 680000 2.12083 5.8551 46.2032 5.85893 -9.55368 3.44074 46.187 3.37626 1.0624
ENERGY:  680000      1572.6148      9294.8989      5725.3968        85.0446         -60874.5281     -1289.8841         0.0000         0.0000     18714.2318         -26772.2253       302.0440    -45486.4571    -26625.9791       301.4740            261.5709       279.5514    265647.7639        -2.1488        -2.1235

WRITING COORDINATES TO DCD FILE NPT.dcd AT STEP 680000
LDB: ============= START OF LOAD BALANCING ============== 114050
LDB: ============== END OF LOAD BALANCING =============== 114050
LDB: =============== DONE WITH MIGRATION ================ 114050
LDB: ============= START OF LOAD BALANCING ============== 114059
LDB: ============== END OF LOAD BALANCING =============== 114059
LDB: =============== DONE WITH MIGRATION ================ 114059
LDB: ============= START OF LOAD BALANCING ============== 114387
LDB: ============== END OF LOAD BALANCING =============== 114387
LDB: =============== DONE WITH MIGRATION ================ 114387
LDB: ============= START OF LOAD BALANCING ============== 114395
LDB: ============== END OF LOAD BALANCING =============== 114395
LDB: =============== DONE WITH MIGRATION ================ 114395
LDB: ============= START OF LOAD BALANCING ============== 114723
LDB: ============== END OF LOAD BALANCING =============== 114723
LDB: =============== DONE WITH MIGRATION ================ 114723
LDB: ============= START OF LOAD BALANCING ============== 114731
LDB: ============== END OF LOAD BALANCING =============== 114731
LDB: =============== DONE WITH MIGRATION ================ 114731
LDB: ============= START OF LOAD BALANCING ============== 115060
LDB: ============== END OF LOAD BALANCING =============== 115060
LDB: =============== DONE WITH MIGRATION ================ 115060
LDB: ============= START OF LOAD BALANCING ============== 115068
LDB: ============== END OF LOAD BALANCING =============== 115068
LDB: =============== DONE WITH MIGRATION ================ 115068
LDB: ============= START OF LOAD BALANCING ============== 115395
LDB: ============== END OF LOAD BALANCING =============== 115395
LDB: =============== DONE WITH MIGRATION ================ 115395
LDB: ============= START OF LOAD BALANCING ============== 115404
LDB: ============== END OF LOAD BALANCING =============== 115404
LDB: =============== DONE WITH MIGRATION ================ 115404
PRESSURE: 690000 -394.96 52.8997 -101.585 52.8997 446.252 -419.493 -101.585 -419.493 -90.8885
GPRESSURE: 690000 -132.746 104.956 -223.531 -14.017 213.239 -470.395 -20.2625 -185.798 -73.1386
PRESSAVG: 690000 -35.5022 -14.124 2.73107 -14.124 9.34689 4.73484 2.73107 4.73484 -5.43011
GPRESSAVG: 690000 -35.4151 -14.0352 2.78601 -14.0605 9.30643 4.83922 2.89396 4.75157 -5.43777
ENERGY:  690000      1574.9614      9230.1018      5723.6133        78.6819         -61142.4781     -1073.1796         0.0000         0.0000     18765.8017         -26842.4976       302.8763    -45608.2994    -26697.1859       301.6633            -13.1989         2.4514    265638.6439       -10.5285       -10.5155

WRITING COORDINATES TO DCD FILE NPT.dcd AT STEP 690000
LDB: ============= START OF LOAD BALANCING ============== 115732
LDB: ============== END OF LOAD BALANCING =============== 115732
LDB: =============== DONE WITH MIGRATION ================ 115732
LDB: ============= START OF LOAD BALANCING ============== 115740
LDB: ============== END OF LOAD BALANCING =============== 115740
LDB: =============== DONE WITH MIGRATION ================ 115740
LDB: ============= START OF LOAD BALANCING ============== 116068
LDB: ============== END OF LOAD BALANCING =============== 116068
LDB: =============== DONE WITH MIGRATION ================ 116068
LDB: ============= START OF LOAD BALANCING ============== 116076
LDB: ============== END OF LOAD BALANCING =============== 116076
LDB: =============== DONE WITH MIGRATION ================ 116076
LDB: ============= START OF LOAD BALANCING ============== 116404
LDB: ============== END OF LOAD BALANCING =============== 116404
LDB: =============== DONE WITH MIGRATION ================ 116404
LDB: ============= START OF LOAD BALANCING ============== 116413
LDB: ============== END OF LOAD BALANCING =============== 116413
LDB: =============== DONE WITH MIGRATION ================ 116413
LDB: ============= START OF LOAD BALANCING ============== 116740
LDB: ============== END OF LOAD BALANCING =============== 116740
LDB: =============== DONE WITH MIGRATION ================ 116740
LDB: ============= START OF LOAD BALANCING ============== 116749
LDB: ============== END OF LOAD BALANCING =============== 116749
LDB: =============== DONE WITH MIGRATION ================ 116749
LDB: ============= START OF LOAD BALANCING ============== 117076
LDB: ============== END OF LOAD BALANCING =============== 117076
LDB: =============== DONE WITH MIGRATION ================ 117076
LDB: ============= START OF LOAD BALANCING ============== 117085
LDB: ============== END OF LOAD BALANCING =============== 117085
LDB: =============== DONE WITH MIGRATION ================ 117085
PRESSURE: 700000 -399.876 236.093 168.514 236.093 -818.689 277.471 168.514 277.471 -1075.47
GPRESSURE: 700000 -287.7 29.3554 142.901 334.394 -808.018 140.738 79.9818 268.031 -1125.81
PRESSAVG: 700000 -46.7964 -1.89091 -10.6016 -1.89091 12.8483 -26.5956 -10.6016 -26.5956 1.27731
GPRESSAVG: 700000 -46.807 -1.88239 -10.6219 -1.948 12.8847 -26.6268 -10.673 -26.7099 1.23232
TIMING: 700000  CPU: 117361, 0.168164/step  Wall: 117362, 0.168165/step, 14.0137 hours remaining, 685.368061 MB of memory in use.
PERFORMANCE: 700000  averaging 1.03066 ns/day, 0.167659 sec/step with standard deviation 0.000416064
ETITLE:      TS           BOND          ANGLE          DIHED          IMPRP               ELECT            VDW       BOUNDARY           MISC        KINETIC               TOTAL           TEMP      POTENTIAL         TOTAL3        TEMPAVG            PRESSURE      GPRESSURE         VOLUME       PRESSAVG      GPRESSAVG

ENERGY:  700000      1542.9072      9119.5159      5681.7887        84.3210         -60736.1679     -1428.8542         0.0000         0.0000     18672.4330         -27064.0563       301.3694    -45736.4894    -26910.9032       300.0044           -764.6779      -740.5093    266698.7640       -10.8903       -10.8967

WRITING EXTENDED SYSTEM TO RESTART FILE AT STEP 700000
WRITING COORDINATES TO DCD FILE NPT.dcd AT STEP 700000
WRITING COORDINATES TO RESTART FILE AT STEP 700000
FINISHED WRITING RESTART COORDINATES
WRITING VELOCITIES TO RESTART FILE AT STEP 700000
FINISHED WRITING RESTART VELOCITIES
LDB: ============= START OF LOAD BALANCING ============== 117412
LDB: ============== END OF LOAD BALANCING =============== 117412
LDB: =============== DONE WITH MIGRATION ================ 117412
LDB: ============= START OF LOAD BALANCING ============== 117420
LDB: ============== END OF LOAD BALANCING =============== 117420
LDB: =============== DONE WITH MIGRATION ================ 117420
LDB: ============= START OF LOAD BALANCING ============== 117747
LDB: ============== END OF LOAD BALANCING =============== 117747
LDB: =============== DONE WITH MIGRATION ================ 117747
LDB: ============= START OF LOAD BALANCING ============== 117755
LDB: ============== END OF LOAD BALANCING =============== 117755
LDB: =============== DONE WITH MIGRATION ================ 117755
LDB: ============= START OF LOAD BALANCING ============== 118082
LDB: ============== END OF LOAD BALANCING =============== 118082
LDB: =============== DONE WITH MIGRATION ================ 118082
LDB: ============= START OF LOAD BALANCING ============== 118091
LDB: ============== END OF LOAD BALANCING =============== 118091
LDB: =============== DONE WITH MIGRATION ================ 118091
LDB: ============= START OF LOAD BALANCING ============== 118418
LDB: ============== END OF LOAD BALANCING =============== 118418
LDB: =============== DONE WITH MIGRATION ================ 118418
LDB: ============= START OF LOAD BALANCING ============== 118427
LDB: ============== END OF LOAD BALANCING =============== 118427
LDB: =============== DONE WITH MIGRATION ================ 118427
LDB: ============= START OF LOAD BALANCING ============== 118754
LDB: ============== END OF LOAD BALANCING =============== 118754
LDB: =============== DONE WITH MIGRATION ================ 118754
LDB: ============= START OF LOAD BALANCING ============== 118763
LDB: ============== END OF LOAD BALANCING =============== 118763
LDB: =============== DONE WITH MIGRATION ================ 118763
PRESSURE: 710000 466.044 -106.487 89.3836 -106.487 258.223 549.244 89.3836 549.244 -84.2761
GPRESSURE: 710000 370.308 -83.5313 -17.9024 -155.251 316.862 457.068 -170.01 663.791 20.2886
PRESSAVG: 710000 -52.078 28.4756 -7.18624 28.4756 -18.3193 -7.09717 -7.18624 -7.09717 3.97519
GPRESSAVG: 710000 -52.0681 28.3542 -7.19056 28.5534 -18.3437 -7.21225 -7.28496 -6.96939 4.02077
ENERGY:  710000      1570.8519      9185.2711      5657.5337        78.0011         -61097.1167     -1149.0986         0.0000         0.0000     18508.3430         -27246.2146       298.7210    -45754.5575    -27104.5066       300.7483            213.3303       235.8194    266378.5598       -22.1407       -22.1303

WRITING COORDINATES TO DCD FILE NPT.dcd AT STEP 710000
LDB: ============= START OF LOAD BALANCING ============== 119090
LDB: ============== END OF LOAD BALANCING =============== 119090
LDB: =============== DONE WITH MIGRATION ================ 119090
LDB: ============= START OF LOAD BALANCING ============== 119099
LDB: ============== END OF LOAD BALANCING =============== 119099
LDB: =============== DONE WITH MIGRATION ================ 119099
LDB: ============= START OF LOAD BALANCING ============== 119426
LDB: ============== END OF LOAD BALANCING =============== 119426
LDB: =============== DONE WITH MIGRATION ================ 119426
LDB: ============= START OF LOAD BALANCING ============== 119435
LDB: ============== END OF LOAD BALANCING =============== 119435
LDB: =============== DONE WITH MIGRATION ================ 119435
LDB: ============= START OF LOAD BALANCING ============== 119762
LDB: ============== END OF LOAD BALANCING =============== 119762
LDB: =============== DONE WITH MIGRATION ================ 119762
LDB: ============= START OF LOAD BALANCING ============== 119770
LDB: ============== END OF LOAD BALANCING =============== 119770
LDB: =============== DONE WITH MIGRATION ================ 119770
LDB: ============= START OF LOAD BALANCING ============== 120098
LDB: ============== END OF LOAD BALANCING =============== 120098
LDB: =============== DONE WITH MIGRATION ================ 120098
LDB: ============= START OF LOAD BALANCING ============== 120106
LDB: ============== END OF LOAD BALANCING =============== 120106
LDB: =============== DONE WITH MIGRATION ================ 120106
LDB: ============= START OF LOAD BALANCING ============== 120433
LDB: ============== END OF LOAD BALANCING =============== 120433
LDB: =============== DONE WITH MIGRATION ================ 120433
LDB: ============= START OF LOAD BALANCING ============== 120441
LDB: ============== END OF LOAD BALANCING =============== 120441
LDB: =============== DONE WITH MIGRATION ================ 120441
PRESSURE: 720000 363.918 1.58203 -101.559 1.58203 268.999 49.5432 -101.559 49.5432 -16.7467
GPRESSURE: 720000 345.917 -46.4798 -266.185 -20.9674 326.995 -124.98 -30.4985 32.338 25.0813
PRESSAVG: 720000 -51.0323 -40.9701 3.74668 -40.9701 1.69675 1.61096 3.74668 1.61096 4.2418
GPRESSAVG: 720000 -51.02 -40.9545 3.83066 -40.9975 1.64228 1.66298 3.8518 1.62959 4.22268
ENERGY:  720000      1608.6909      9161.5147      5673.3699        84.9183         -61041.6508     -1069.6720         0.0000         0.0000     18705.1504         -26877.6787       301.8974    -45582.8291    -26726.9835       299.9380            205.3899       232.6643    266355.1068       -15.0312       -15.0517

WRITING COORDINATES TO DCD FILE NPT.dcd AT STEP 720000
LDB: ============= START OF LOAD BALANCING ============== 120769
LDB: ============== END OF LOAD BALANCING =============== 120769
LDB: =============== DONE WITH MIGRATION ================ 120769
LDB: ============= START OF LOAD BALANCING ============== 120777
LDB: ============== END OF LOAD BALANCING =============== 120777
LDB: =============== DONE WITH MIGRATION ================ 120777
LDB: ============= START OF LOAD BALANCING ============== 121104
LDB: ============== END OF LOAD BALANCING =============== 121104
LDB: =============== DONE WITH MIGRATION ================ 121104
LDB: ============= START OF LOAD BALANCING ============== 121112
LDB: ============== END OF LOAD BALANCING =============== 121112
LDB: =============== DONE WITH MIGRATION ================ 121112
LDB: ============= START OF LOAD BALANCING ============== 121439
LDB: ============== END OF LOAD BALANCING =============== 121439
LDB: =============== DONE WITH MIGRATION ================ 121439
LDB: ============= START OF LOAD BALANCING ============== 121448
LDB: ============== END OF LOAD BALANCING =============== 121448
LDB: =============== DONE WITH MIGRATION ================ 121448
LDB: ============= START OF LOAD BALANCING ============== 121775
LDB: ============== END OF LOAD BALANCING =============== 121775
LDB: =============== DONE WITH MIGRATION ================ 121775
LDB: ============= START OF LOAD BALANCING ============== 121783
LDB: ============== END OF LOAD BALANCING =============== 121783
LDB: =============== DONE WITH MIGRATION ================ 121783
LDB: ============= START OF LOAD BALANCING ============== 122111
LDB: ============== END OF LOAD BALANCING =============== 122111
LDB: =============== DONE WITH MIGRATION ================ 122111
LDB: ============= START OF LOAD BALANCING ============== 122119
LDB: ============== END OF LOAD BALANCING =============== 122119
LDB: =============== DONE WITH MIGRATION ================ 122119
PRESSURE: 730000 -338.163 244.54 -230.682 244.54 144.285 -267.404 -230.682 -267.404 198.798
GPRESSURE: 730000 -95.7059 162.178 43.2477 275.592 -31.4742 -212.311 25.987 -11.1072 153.025
PRESSAVG: 730000 -94.1432 5.29352 -4.01103 5.29352 19.4792 20.6943 -4.01103 20.6943 -3.95828
GPRESSAVG: 730000 -94.0494 5.36822 -4.01779 5.26032 19.4325 20.7577 -4.13124 20.6456 -3.92959
ENERGY:  730000      1562.7909      9165.2885      5780.2237        78.0897         -60819.9279     -1257.3307         0.0000         0.0000     18646.0658         -26844.8001       300.9438    -45490.8659    -26694.0334       300.5725              1.6402         8.6150    266801.8179       -26.2074       -26.1822

WRITING COORDINATES TO DCD FILE NPT.dcd AT STEP 730000
LDB: ============= START OF LOAD BALANCING ============== 122446
LDB: ============== END OF LOAD BALANCING =============== 122446
LDB: =============== DONE WITH MIGRATION ================ 122446
LDB: ============= START OF LOAD BALANCING ============== 122455
LDB: ============== END OF LOAD BALANCING =============== 122455
LDB: =============== DONE WITH MIGRATION ================ 122455
LDB: ============= START OF LOAD BALANCING ============== 122782
LDB: ============== END OF LOAD BALANCING =============== 122782
LDB: =============== DONE WITH MIGRATION ================ 122782
LDB: ============= START OF LOAD BALANCING ============== 122790
LDB: ============== END OF LOAD BALANCING =============== 122790
LDB: =============== DONE WITH MIGRATION ================ 122790
LDB: ============= START OF LOAD BALANCING ============== 123118
LDB: ============== END OF LOAD BALANCING =============== 123118
LDB: =============== DONE WITH MIGRATION ================ 123118
LDB: ============= START OF LOAD BALANCING ============== 123127
LDB: ============== END OF LOAD BALANCING =============== 123127
LDB: =============== DONE WITH MIGRATION ================ 123127
LDB: ============= START OF LOAD BALANCING ============== 123455
LDB: ============== END OF LOAD BALANCING =============== 123455
LDB: =============== DONE WITH MIGRATION ================ 123455
LDB: ============= START OF LOAD BALANCING ============== 123463
LDB: ============== END OF LOAD BALANCING =============== 123463
LDB: =============== DONE WITH MIGRATION ================ 123463
LDB: ============= START OF LOAD BALANCING ============== 123791
LDB: ============== END OF LOAD BALANCING =============== 123791
LDB: =============== DONE WITH MIGRATION ================ 123791
LDB: ============= START OF LOAD BALANCING ============== 123799
LDB: ============== END OF LOAD BALANCING =============== 123799
LDB: =============== DONE WITH MIGRATION ================ 123799
PRESSURE: 740000 -394.221 -118.581 43.7045 -118.581 -533.266 260.33 43.7045 260.33 -401.863
GPRESSURE: 740000 -289.687 -155.219 77.9505 23.7475 -531.071 292.052 161.175 105.473 -444.154
PRESSAVG: 740000 -5.96538 33.2895 29.583 33.2895 -29.9517 14.9067 29.583 14.9067 4.76162
GPRESSAVG: 740000 -6.01969 33.3714 29.6082 33.3857 -29.9163 14.9487 29.5505 14.8832 4.67397
ENERGY:  740000      1530.4191      9190.1178      5658.3929        68.7886         -60793.1704     -1475.3186         0.0000         0.0000     18649.8268         -27170.9437       301.0045    -45820.7705    -27014.5931       300.3547           -443.1167      -421.6374    266045.7485       -10.3852       -10.4207

WRITING COORDINATES TO DCD FILE NPT.dcd AT STEP 740000
LDB: ============= START OF LOAD BALANCING ============== 124127
LDB: ============== END OF LOAD BALANCING =============== 124127
LDB: =============== DONE WITH MIGRATION ================ 124127
LDB: ============= START OF LOAD BALANCING ============== 124135
LDB: ============== END OF LOAD BALANCING =============== 124135
LDB: =============== DONE WITH MIGRATION ================ 124135
LDB: ============= START OF LOAD BALANCING ============== 124463
LDB: ============== END OF LOAD BALANCING =============== 124463
LDB: =============== DONE WITH MIGRATION ================ 124463
LDB: ============= START OF LOAD BALANCING ============== 124471
LDB: ============== END OF LOAD BALANCING =============== 124471
LDB: =============== DONE WITH MIGRATION ================ 124471
LDB: ============= START OF LOAD BALANCING ============== 124798
LDB: ============== END OF LOAD BALANCING =============== 124798
LDB: =============== DONE WITH MIGRATION ================ 124798
LDB: ============= START OF LOAD BALANCING ============== 124807
LDB: ============== END OF LOAD BALANCING =============== 124807
LDB: =============== DONE WITH MIGRATION ================ 124807
LDB: ============= START OF LOAD BALANCING ============== 125134
LDB: ============== END OF LOAD BALANCING =============== 125134
LDB: =============== DONE WITH MIGRATION ================ 125134
LDB: ============= START OF LOAD BALANCING ============== 125142
LDB: ============== END OF LOAD BALANCING =============== 125142
LDB: =============== DONE WITH MIGRATION ================ 125142
LDB: ============= START OF LOAD BALANCING ============== 125469
LDB: ============== END OF LOAD BALANCING =============== 125469
LDB: =============== DONE WITH MIGRATION ================ 125469
LDB: ============= START OF LOAD BALANCING ============== 125478
LDB: ============== END OF LOAD BALANCING =============== 125478
LDB: =============== DONE WITH MIGRATION ================ 125478
PRESSURE: 750000 -100.076 447.785 -174.296 447.785 -68.9926 30.5139 -174.296 30.5139 294.875
GPRESSURE: 750000 -62.0933 383.872 146.238 269.317 -5.28137 -54.3845 -146.193 -164.842 218.873
PRESSAVG: 750000 -27.0068 -6.97652 23.4306 -6.97652 -8.4617 11.7273 23.4306 11.7273 1.50493
GPRESSAVG: 750000 -27.0577 -7.01588 23.3558 -7.02939 -8.48443 11.6566 23.5024 11.7314 1.59463
ENERGY:  750000      1553.5133      9245.1552      5673.7861        81.9715         -60683.1789     -1432.6190         0.0000         0.0000     18509.2943         -27052.0774       298.7363    -45561.3718    -26904.3151       300.3071             41.9353        50.4994    266802.7920       -11.3212       -11.3158

WRITING EXTENDED SYSTEM TO RESTART FILE AT STEP 750000
WRITING COORDINATES TO DCD FILE NPT.dcd AT STEP 750000
WRITING COORDINATES TO RESTART FILE AT STEP 750000
FINISHED WRITING RESTART COORDINATES
WRITING VELOCITIES TO RESTART FILE AT STEP 750000
FINISHED WRITING RESTART VELOCITIES
LDB: ============= START OF LOAD BALANCING ============== 125805
LDB: ============== END OF LOAD BALANCING =============== 125805
LDB: =============== DONE WITH MIGRATION ================ 125805
LDB: ============= START OF LOAD BALANCING ============== 125813
LDB: ============== END OF LOAD BALANCING =============== 125813
LDB: =============== DONE WITH MIGRATION ================ 125813
LDB: ============= START OF LOAD BALANCING ============== 126141
LDB: ============== END OF LOAD BALANCING =============== 126141
LDB: =============== DONE WITH MIGRATION ================ 126141
LDB: ============= START OF LOAD BALANCING ============== 126149
LDB: ============== END OF LOAD BALANCING =============== 126149
LDB: =============== DONE WITH MIGRATION ================ 126149
LDB: ============= START OF LOAD BALANCING ============== 126477
LDB: ============== END OF LOAD BALANCING =============== 126477
LDB: =============== DONE WITH MIGRATION ================ 126477
LDB: ============= START OF LOAD BALANCING ============== 126485
LDB: ============== END OF LOAD BALANCING =============== 126485
LDB: =============== DONE WITH MIGRATION ================ 126485
LDB: ============= START OF LOAD BALANCING ============== 126814
LDB: ============== END OF LOAD BALANCING =============== 126814
LDB: =============== DONE WITH MIGRATION ================ 126814
LDB: ============= START OF LOAD BALANCING ============== 126822
LDB: ============== END OF LOAD BALANCING =============== 126822
LDB: =============== DONE WITH MIGRATION ================ 126822
LDB: ============= START OF LOAD BALANCING ============== 127151
LDB: ============== END OF LOAD BALANCING =============== 127151
LDB: =============== DONE WITH MIGRATION ================ 127151
LDB: ============= START OF LOAD BALANCING ============== 127159
LDB: ============== END OF LOAD BALANCING =============== 127159
LDB: =============== DONE WITH MIGRATION ================ 127159
PRESSURE: 760000 -377.316 -312.196 107.391 -312.196 -513.214 6.81331 107.391 6.81331 19.9063
GPRESSURE: 760000 -75.145 -302.544 127.327 -556.848 -616.946 84.3372 51.7523 39.548 -158.7
PRESSAVG: 760000 -0.143728 -22.3585 15.1955 -22.3585 20.4553 8.82871 15.1955 8.82871 3.74937
GPRESSAVG: 760000 -0.0837845 -22.3582 15.18 -22.3235 20.3614 8.94752 15.0484 8.84245 3.75804
ENERGY:  760000      1625.7162      9210.3007      5713.8365        77.7737         -60730.2155     -1431.3342         0.0000         0.0000     18597.3348         -26936.5877       300.1573    -45533.9225    -26793.5677       300.5711           -290.2079      -283.5971    265489.5071         8.0203         8.0119

WRITING COORDINATES TO DCD FILE NPT.dcd AT STEP 760000
LDB: ============= START OF LOAD BALANCING ============== 127488
LDB: ============== END OF LOAD BALANCING =============== 127488
LDB: =============== DONE WITH MIGRATION ================ 127488
LDB: ============= START OF LOAD BALANCING ============== 127496
LDB: ============== END OF LOAD BALANCING =============== 127496
LDB: =============== DONE WITH MIGRATION ================ 127496
LDB: ============= START OF LOAD BALANCING ============== 127824
LDB: ============== END OF LOAD BALANCING =============== 127824
LDB: =============== DONE WITH MIGRATION ================ 127824
LDB: ============= START OF LOAD BALANCING ============== 127833
LDB: ============== END OF LOAD BALANCING =============== 127833
LDB: =============== DONE WITH MIGRATION ================ 127833
LDB: ============= START OF LOAD BALANCING ============== 128161
LDB: ============== END OF LOAD BALANCING =============== 128161
LDB: =============== DONE WITH MIGRATION ================ 128161
LDB: ============= START OF LOAD BALANCING ============== 128170
LDB: ============== END OF LOAD BALANCING =============== 128170
LDB: =============== DONE WITH MIGRATION ================ 128170
LDB: ============= START OF LOAD BALANCING ============== 128498
LDB: ============== END OF LOAD BALANCING =============== 128498
LDB: =============== DONE WITH MIGRATION ================ 128498
LDB: ============= START OF LOAD BALANCING ============== 128506
LDB: ============== END OF LOAD BALANCING =============== 128506
LDB: =============== DONE WITH MIGRATION ================ 128506
LDB: ============= START OF LOAD BALANCING ============== 128833
LDB: ============== END OF LOAD BALANCING =============== 128833
LDB: =============== DONE WITH MIGRATION ================ 128833
LDB: ============= START OF LOAD BALANCING ============== 128842
LDB: ============== END OF LOAD BALANCING =============== 128842
LDB: =============== DONE WITH MIGRATION ================ 128842
PRESSURE: 770000 -549.682 443.491 74.8355 443.491 -297.526 -457.149 74.8355 -457.149 287.874
GPRESSURE: 770000 -388.355 392.458 102.349 364.96 -521.373 -492.65 236.769 -520.352 415.776
PRESSAVG: 770000 37.5517 -35.1312 -4.48847 -35.1312 31.9211 -1.85211 -4.48847 -1.85211 -1.89632
GPRESSAVG: 770000 37.4902 -35.1022 -4.48406 -35.1459 31.9508 -1.8142 -4.36053 -1.99005 -1.90973
ENERGY:  770000      1586.7465      9274.0625      5715.7554        77.5093         -60913.2974     -1396.1023         0.0000         0.0000     18517.4320         -27137.8941       298.8677    -45655.3260    -27000.3596       299.8919           -186.4447      -164.6507    264936.5619        22.5255        22.5104

WRITING COORDINATES TO DCD FILE NPT.dcd AT STEP 770000
LDB: ============= START OF LOAD BALANCING ============== 129169
LDB: ============== END OF LOAD BALANCING =============== 129169
LDB: =============== DONE WITH MIGRATION ================ 129169
LDB: ============= START OF LOAD BALANCING ============== 129178
LDB: ============== END OF LOAD BALANCING =============== 129178
LDB: =============== DONE WITH MIGRATION ================ 129178
LDB: ============= START OF LOAD BALANCING ============== 129506
LDB: ============== END OF LOAD BALANCING =============== 129506
LDB: =============== DONE WITH MIGRATION ================ 129506
LDB: ============= START OF LOAD BALANCING ============== 129514
LDB: ============== END OF LOAD BALANCING =============== 129514
LDB: =============== DONE WITH MIGRATION ================ 129514
LDB: ============= START OF LOAD BALANCING ============== 129842
LDB: ============== END OF LOAD BALANCING =============== 129842
LDB: =============== DONE WITH MIGRATION ================ 129842
LDB: ============= START OF LOAD BALANCING ============== 129851
LDB: ============== END OF LOAD BALANCING =============== 129851
LDB: =============== DONE WITH MIGRATION ================ 129851
LDB: ============= START OF LOAD BALANCING ============== 130178
LDB: ============== END OF LOAD BALANCING =============== 130178
LDB: =============== DONE WITH MIGRATION ================ 130178
LDB: ============= START OF LOAD BALANCING ============== 130186
LDB: ============== END OF LOAD BALANCING =============== 130186
LDB: =============== DONE WITH MIGRATION ================ 130186
LDB: ============= START OF LOAD BALANCING ============== 130514
LDB: ============== END OF LOAD BALANCING =============== 130514
LDB: =============== DONE WITH MIGRATION ================ 130514
LDB: ============= START OF LOAD BALANCING ============== 130522
LDB: ============== END OF LOAD BALANCING =============== 130522
LDB: =============== DONE WITH MIGRATION ================ 130522
PRESSURE: 780000 -809.761 -319.66 196.36 -319.66 -335.977 -219.012 196.36 -219.012 -260.197
GPRESSURE: 780000 -817.842 -290.824 177.235 -185.165 -381.97 -104.476 285.117 -565.634 -151.127
PRESSAVG: 780000 10.8966 -38.5268 -21.0261 -38.5268 50.911 9.46232 -21.0261 9.46232 -0.654831
GPRESSAVG: 780000 10.9488 -38.5834 -21.0818 -38.5194 50.907 9.34979 -20.9239 9.5302 -0.658062
ENERGY:  780000      1566.4435      9247.5238      5702.3467        79.9728         -60597.8191     -1541.5167         0.0000         0.0000     18602.6412         -26940.4078       300.2429    -45543.0490    -26793.2767       300.1463           -468.6450      -450.3130    266381.7907        20.3842        20.3992

WRITING COORDINATES TO DCD FILE NPT.dcd AT STEP 780000
LDB: ============= START OF LOAD BALANCING ============== 130850
LDB: ============== END OF LOAD BALANCING =============== 130850
LDB: =============== DONE WITH MIGRATION ================ 130850
LDB: ============= START OF LOAD BALANCING ============== 130858
LDB: ============== END OF LOAD BALANCING =============== 130858
LDB: =============== DONE WITH MIGRATION ================ 130858
LDB: ============= START OF LOAD BALANCING ============== 131185
LDB: ============== END OF LOAD BALANCING =============== 131185
LDB: =============== DONE WITH MIGRATION ================ 131185
LDB: ============= START OF LOAD BALANCING ============== 131194
LDB: ============== END OF LOAD BALANCING =============== 131194
LDB: =============== DONE WITH MIGRATION ================ 131194
LDB: ============= START OF LOAD BALANCING ============== 131521
LDB: ============== END OF LOAD BALANCING =============== 131521
LDB: =============== DONE WITH MIGRATION ================ 131521
LDB: ============= START OF LOAD BALANCING ============== 131530
LDB: ============== END OF LOAD BALANCING =============== 131530
LDB: =============== DONE WITH MIGRATION ================ 131530
LDB: ============= START OF LOAD BALANCING ============== 131857
LDB: ============== END OF LOAD BALANCING =============== 131857
LDB: =============== DONE WITH MIGRATION ================ 131857
LDB: ============= START OF LOAD BALANCING ============== 131865
LDB: ============== END OF LOAD BALANCING =============== 131865
LDB: =============== DONE WITH MIGRATION ================ 131865
LDB: ============= START OF LOAD BALANCING ============== 132193
LDB: ============== END OF LOAD BALANCING =============== 132193
LDB: =============== DONE WITH MIGRATION ================ 132193
LDB: ============= START OF LOAD BALANCING ============== 132202
LDB: ============== END OF LOAD BALANCING =============== 132202
LDB: =============== DONE WITH MIGRATION ================ 132202
PRESSURE: 790000 160.65 -37.3492 -276.514 -37.3492 273.587 154.458 -276.514 154.458 405.599
GPRESSURE: 790000 175.387 83.4492 -148.283 -55.871 288.165 84.9134 -285.392 277.343 393.987
PRESSAVG: 790000 -33.1855 -18.2914 6.72962 -18.2914 55.8833 14.0001 6.72962 14.0001 1.8109
GPRESSAVG: 790000 -33.2013 -18.2695 6.71954 -18.1648 55.8693 14.0544 6.64507 13.9722 1.85899
ENERGY:  790000      1535.4541      9289.0996      5715.7634        88.8128         -60794.4351     -1365.3381         0.0000         0.0000     18583.5717         -26947.0718       299.9352    -45530.6435    -26801.9665       300.7245            279.9451       285.8461    266242.5956         8.1696         8.1757

WRITING COORDINATES TO DCD FILE NPT.dcd AT STEP 790000
LDB: ============= START OF LOAD BALANCING ============== 132530
LDB: ============== END OF LOAD BALANCING =============== 132530
LDB: =============== DONE WITH MIGRATION ================ 132530
LDB: ============= START OF LOAD BALANCING ============== 132538
LDB: ============== END OF LOAD BALANCING =============== 132538
LDB: =============== DONE WITH MIGRATION ================ 132538
LDB: ============= START OF LOAD BALANCING ============== 132867
LDB: ============== END OF LOAD BALANCING =============== 132867
LDB: =============== DONE WITH MIGRATION ================ 132867
LDB: ============= START OF LOAD BALANCING ============== 132875
LDB: ============== END OF LOAD BALANCING =============== 132875
LDB: =============== DONE WITH MIGRATION ================ 132875
LDB: ============= START OF LOAD BALANCING ============== 133203
LDB: ============== END OF LOAD BALANCING =============== 133203
LDB: =============== DONE WITH MIGRATION ================ 133203
LDB: ============= START OF LOAD BALANCING ============== 133211
LDB: ============== END OF LOAD BALANCING =============== 133211
LDB: =============== DONE WITH MIGRATION ================ 133211
LDB: ============= START OF LOAD BALANCING ============== 133538
LDB: ============== END OF LOAD BALANCING =============== 133538
LDB: =============== DONE WITH MIGRATION ================ 133538
LDB: ============= START OF LOAD BALANCING ============== 133547
LDB: ============== END OF LOAD BALANCING =============== 133547
LDB: =============== DONE WITH MIGRATION ================ 133547
LDB: ============= START OF LOAD BALANCING ============== 133875
LDB: ============== END OF LOAD BALANCING =============== 133875
LDB: =============== DONE WITH MIGRATION ================ 133875
LDB: ============= START OF LOAD BALANCING ============== 133883
LDB: ============== END OF LOAD BALANCING =============== 133883
LDB: =============== DONE WITH MIGRATION ================ 133883
PRESSURE: 800000 47.9334 119.127 -87.8451 119.127 296.355 84.689 -87.8451 84.689 -279.695
GPRESSURE: 800000 254.223 116.459 -55.0564 286.88 38.5461 -23.2182 -152.294 -62.2868 -158.929
PRESSAVG: 800000 5.88639 8.72775 13.8049 8.72775 31.9519 -31.9309 13.8049 -31.9309 -0.998743
GPRESSAVG: 800000 5.92988 8.80312 13.8079 8.73237 31.8902 -31.8504 13.7999 -31.9288 -1.04879
TIMING: 800000  CPU: 134159, 0.167983/step  Wall: 134160, 0.167984/step, 9.33243 hours remaining, 685.368061 MB of memory in use.
PERFORMANCE: 800000  averaging 1.03041 ns/day, 0.1677 sec/step with standard deviation 0.000401939
ETITLE:      TS           BOND          ANGLE          DIHED          IMPRP               ELECT            VDW       BOUNDARY           MISC        KINETIC               TOTAL           TEMP      POTENTIAL         TOTAL3        TEMPAVG            PRESSURE      GPRESSURE         VOLUME       PRESSAVG      GPRESSAVG

ENERGY:  800000      1610.6275      9198.3936      5745.5879        79.8039         -61001.5418     -1175.8416         0.0000         0.0000     18594.5495         -26948.4211       300.1123    -45542.9705    -26800.6551       300.7842             21.5313        44.6132    266757.8534        12.2799        12.2571

WRITING EXTENDED SYSTEM TO RESTART FILE AT STEP 800000
WRITING COORDINATES TO DCD FILE NPT.dcd AT STEP 800000
WRITING COORDINATES TO RESTART FILE AT STEP 800000
FINISHED WRITING RESTART COORDINATES
WRITING VELOCITIES TO RESTART FILE AT STEP 800000
FINISHED WRITING RESTART VELOCITIES
LDB: ============= START OF LOAD BALANCING ============== 134210
LDB: ============== END OF LOAD BALANCING =============== 134210
LDB: =============== DONE WITH MIGRATION ================ 134210
LDB: ============= START OF LOAD BALANCING ============== 134218
LDB: ============== END OF LOAD BALANCING =============== 134218
LDB: =============== DONE WITH MIGRATION ================ 134218
LDB: ============= START OF LOAD BALANCING ============== 134546
LDB: ============== END OF LOAD BALANCING =============== 134546
LDB: =============== DONE WITH MIGRATION ================ 134546
LDB: ============= START OF LOAD BALANCING ============== 134554
LDB: ============== END OF LOAD BALANCING =============== 134554
LDB: =============== DONE WITH MIGRATION ================ 134554
LDB: ============= START OF LOAD BALANCING ============== 134882
LDB: ============== END OF LOAD BALANCING =============== 134882
LDB: =============== DONE WITH MIGRATION ================ 134882
LDB: ============= START OF LOAD BALANCING ============== 134890
LDB: ============== END OF LOAD BALANCING =============== 134890
LDB: =============== DONE WITH MIGRATION ================ 134890
LDB: ============= START OF LOAD BALANCING ============== 135218
LDB: ============== END OF LOAD BALANCING =============== 135218
LDB: =============== DONE WITH MIGRATION ================ 135218
LDB: ============= START OF LOAD BALANCING ============== 135226
LDB: ============== END OF LOAD BALANCING =============== 135226
LDB: =============== DONE WITH MIGRATION ================ 135226
LDB: ============= START OF LOAD BALANCING ============== 135553
LDB: ============== END OF LOAD BALANCING =============== 135553
LDB: =============== DONE WITH MIGRATION ================ 135553
LDB: ============= START OF LOAD BALANCING ============== 135561
LDB: ============== END OF LOAD BALANCING =============== 135561
LDB: =============== DONE WITH MIGRATION ================ 135561
PRESSURE: 810000 -143.26 348.989 113.629 348.989 127.097 -209.49 113.629 -209.49 97.6739
GPRESSURE: 810000 -102.781 281.983 -50.5641 195.041 135.764 -122.983 24.7273 -57.5375 68.7554
PRESSAVG: 810000 -50.3799 -3.01407 13.7456 -3.01407 -7.39226 -3.89349 13.7456 -3.89349 -1.174
GPRESSAVG: 810000 -50.463 -3.02733 13.7374 -3.08351 -7.41756 -3.96645 13.6742 -3.90388 -1.10063
ENERGY:  810000      1577.7867      9218.9538      5747.0749        73.5516         -60653.4634     -1446.8603         0.0000         0.0000     18689.3548         -26793.6019       301.6425    -45482.9567    -26636.3368       300.0097             27.1705        33.9127    266612.3397       -19.6487       -19.6604

WRITING COORDINATES TO DCD FILE NPT.dcd AT STEP 810000
LDB: ============= START OF LOAD BALANCING ============== 135888
LDB: ============== END OF LOAD BALANCING =============== 135888
LDB: =============== DONE WITH MIGRATION ================ 135888
LDB: ============= START OF LOAD BALANCING ============== 135896
LDB: ============== END OF LOAD BALANCING =============== 135896
LDB: =============== DONE WITH MIGRATION ================ 135896
LDB: ============= START OF LOAD BALANCING ============== 136223
LDB: ============== END OF LOAD BALANCING =============== 136223
LDB: =============== DONE WITH MIGRATION ================ 136223
LDB: ============= START OF LOAD BALANCING ============== 136232
LDB: ============== END OF LOAD BALANCING =============== 136232
LDB: =============== DONE WITH MIGRATION ================ 136232
LDB: ============= START OF LOAD BALANCING ============== 136559
LDB: ============== END OF LOAD BALANCING =============== 136559
LDB: =============== DONE WITH MIGRATION ================ 136559
LDB: ============= START OF LOAD BALANCING ============== 136568
LDB: ============== END OF LOAD BALANCING =============== 136568
LDB: =============== DONE WITH MIGRATION ================ 136568
LDB: ============= START OF LOAD BALANCING ============== 136895
LDB: ============== END OF LOAD BALANCING =============== 136895
LDB: =============== DONE WITH MIGRATION ================ 136895
LDB: ============= START OF LOAD BALANCING ============== 136903
LDB: ============== END OF LOAD BALANCING =============== 136903
LDB: =============== DONE WITH MIGRATION ================ 136903
LDB: ============= START OF LOAD BALANCING ============== 137231
LDB: ============== END OF LOAD BALANCING =============== 137231
LDB: =============== DONE WITH MIGRATION ================ 137231
LDB: ============= START OF LOAD BALANCING ============== 137239
LDB: ============== END OF LOAD BALANCING =============== 137239
LDB: =============== DONE WITH MIGRATION ================ 137239
PRESSURE: 820000 253.064 4.62411 242.765 4.62411 -73.2064 -124.343 242.765 -124.343 402.696
GPRESSURE: 820000 266.253 -46.7109 68.7112 137.366 -110.147 -197.858 -43.5106 -162.404 470.152
PRESSAVG: 820000 -57.3452 -22.6999 18.6644 -22.6999 3.53776 -9.88225 18.6644 -9.88225 0.25471
GPRESSAVG: 820000 -57.4038 -22.6815 18.6976 -22.6874 3.62977 -9.85487 18.6071 -9.9269 0.228497
ENERGY:  820000      1549.5077      9269.7371      5724.5128        83.4445         -60733.6205     -1289.5688         0.0000         0.0000     18828.5854         -26567.4017       303.8896    -45395.9872    -26416.6921       301.1860            194.1847       208.7530    265687.6766       -17.8509       -17.8485

WRITING COORDINATES TO DCD FILE NPT.dcd AT STEP 820000
LDB: ============= START OF LOAD BALANCING ============== 137567
LDB: ============== END OF LOAD BALANCING =============== 137567
LDB: =============== DONE WITH MIGRATION ================ 137567
LDB: ============= START OF LOAD BALANCING ============== 137575
LDB: ============== END OF LOAD BALANCING =============== 137575
LDB: =============== DONE WITH MIGRATION ================ 137575
LDB: ============= START OF LOAD BALANCING ============== 137903
LDB: ============== END OF LOAD BALANCING =============== 137903
LDB: =============== DONE WITH MIGRATION ================ 137903
LDB: ============= START OF LOAD BALANCING ============== 137911
LDB: ============== END OF LOAD BALANCING =============== 137911
LDB: =============== DONE WITH MIGRATION ================ 137911
LDB: ============= START OF LOAD BALANCING ============== 138238
LDB: ============== END OF LOAD BALANCING =============== 138238
LDB: =============== DONE WITH MIGRATION ================ 138238
LDB: ============= START OF LOAD BALANCING ============== 138246
LDB: ============== END OF LOAD BALANCING =============== 138246
LDB: =============== DONE WITH MIGRATION ================ 138246
LDB: ============= START OF LOAD BALANCING ============== 138574
LDB: ============== END OF LOAD BALANCING =============== 138574
LDB: =============== DONE WITH MIGRATION ================ 138574
LDB: ============= START OF LOAD BALANCING ============== 138582
LDB: ============== END OF LOAD BALANCING =============== 138582
LDB: =============== DONE WITH MIGRATION ================ 138582
LDB: ============= START OF LOAD BALANCING ============== 138909
LDB: ============== END OF LOAD BALANCING =============== 138909
LDB: =============== DONE WITH MIGRATION ================ 138909
LDB: ============= START OF LOAD BALANCING ============== 138917
LDB: ============== END OF LOAD BALANCING =============== 138917
LDB: =============== DONE WITH MIGRATION ================ 138917
PRESSURE: 830000 -333.274 -219.579 187.529 -219.579 421.857 177.798 187.529 177.798 108.433
GPRESSURE: 830000 -278.391 -376.469 191.454 -327.549 314.9 257.489 164.935 57.6082 199.44
PRESSAVG: 830000 -59.4115 -34.6436 3.62512 -34.6436 -16.4714 6.32021 3.62512 6.32021 1.63072
GPRESSAVG: 830000 -59.3877 -34.6253 3.57825 -34.6538 -16.4456 6.3843 3.61981 6.24396 1.67044
ENERGY:  830000      1522.8288      9246.1914      5689.5498        66.1289         -60515.2834     -1475.2160         0.0000         0.0000     18656.2753         -26809.5253       301.1086    -45465.8006    -26662.9947       301.8033             65.6720        78.6497    267071.7731       -24.7507       -24.7209

WRITING COORDINATES TO DCD FILE NPT.dcd AT STEP 830000
LDB: ============= START OF LOAD BALANCING ============== 139245
LDB: ============== END OF LOAD BALANCING =============== 139245
LDB: =============== DONE WITH MIGRATION ================ 139245
LDB: ============= START OF LOAD BALANCING ============== 139253
LDB: ============== END OF LOAD BALANCING =============== 139253
LDB: =============== DONE WITH MIGRATION ================ 139253
LDB: ============= START OF LOAD BALANCING ============== 139580
LDB: ============== END OF LOAD BALANCING =============== 139580
LDB: =============== DONE WITH MIGRATION ================ 139580
LDB: ============= START OF LOAD BALANCING ============== 139589
LDB: ============== END OF LOAD BALANCING =============== 139589
LDB: =============== DONE WITH MIGRATION ================ 139589
LDB: ============= START OF LOAD BALANCING ============== 139917
LDB: ============== END OF LOAD BALANCING =============== 139917
LDB: =============== DONE WITH MIGRATION ================ 139917
LDB: ============= START OF LOAD BALANCING ============== 139925
LDB: ============== END OF LOAD BALANCING =============== 139925
LDB: =============== DONE WITH MIGRATION ================ 139925
LDB: ============= START OF LOAD BALANCING ============== 140253
LDB: ============== END OF LOAD BALANCING =============== 140253
LDB: =============== DONE WITH MIGRATION ================ 140253
LDB: ============= START OF LOAD BALANCING ============== 140261
LDB: ============== END OF LOAD BALANCING =============== 140261
LDB: =============== DONE WITH MIGRATION ================ 140261
LDB: ============= START OF LOAD BALANCING ============== 140589
LDB: ============== END OF LOAD BALANCING =============== 140589
LDB: =============== DONE WITH MIGRATION ================ 140589
LDB: ============= START OF LOAD BALANCING ============== 140598
LDB: ============== END OF LOAD BALANCING =============== 140598
LDB: =============== DONE WITH MIGRATION ================ 140598
PRESSURE: 840000 508.988 -412.844 107.136 -412.844 289.449 121.101 107.136 121.101 75.4111
GPRESSURE: 840000 346.999 -355.984 153.274 -382.367 455.045 40.5773 22.3766 70.0174 127.773
PRESSAVG: 840000 -61.4788 -28.4916 10.6419 -28.4916 38.3239 -6.37886 10.6419 -6.37886 -5.41314
GPRESSAVG: 840000 -61.4928 -28.5386 10.506 -28.4029 38.3496 -6.3562 10.5559 -6.57503 -5.38139
ENERGY:  840000      1562.1912      9212.4852      5739.1404        84.8152         -60873.5134     -1197.2341         0.0000         0.0000     18516.6591         -26955.4565       298.8552    -45472.1157    -26809.5179       299.5824            291.2826       309.9389    265846.2800        -9.5227        -9.5082

WRITING COORDINATES TO DCD FILE NPT.dcd AT STEP 840000
LDB: ============= START OF LOAD BALANCING ============== 140926
LDB: ============== END OF LOAD BALANCING =============== 140926
LDB: =============== DONE WITH MIGRATION ================ 140926
LDB: ============= START OF LOAD BALANCING ============== 140934
LDB: ============== END OF LOAD BALANCING =============== 140934
LDB: =============== DONE WITH MIGRATION ================ 140934
LDB: ============= START OF LOAD BALANCING ============== 141262
LDB: ============== END OF LOAD BALANCING =============== 141262
LDB: =============== DONE WITH MIGRATION ================ 141262
LDB: ============= START OF LOAD BALANCING ============== 141270
LDB: ============== END OF LOAD BALANCING =============== 141270
LDB: =============== DONE WITH MIGRATION ================ 141270
LDB: ============= START OF LOAD BALANCING ============== 141598
LDB: ============== END OF LOAD BALANCING =============== 141598
LDB: =============== DONE WITH MIGRATION ================ 141598
LDB: ============= START OF LOAD BALANCING ============== 141606
LDB: ============== END OF LOAD BALANCING =============== 141606
LDB: =============== DONE WITH MIGRATION ================ 141606
LDB: ============= START OF LOAD BALANCING ============== 141934
LDB: ============== END OF LOAD BALANCING =============== 141934
LDB: =============== DONE WITH MIGRATION ================ 141934
LDB: ============= START OF LOAD BALANCING ============== 141942
LDB: ============== END OF LOAD BALANCING =============== 141942
LDB: =============== DONE WITH MIGRATION ================ 141942
LDB: ============= START OF LOAD BALANCING ============== 142270
LDB: ============== END OF LOAD BALANCING =============== 142270
LDB: =============== DONE WITH MIGRATION ================ 142270
LDB: ============= START OF LOAD BALANCING ============== 142278
LDB: ============== END OF LOAD BALANCING =============== 142278
LDB: =============== DONE WITH MIGRATION ================ 142278
PRESSURE: 850000 -503.614 8.30559 470.884 8.30559 -54.4129 644.944 470.884 644.944 -202.739
GPRESSURE: 850000 -396.633 -216.124 593.621 70.3408 -45.3519 590.923 351.906 416.312 -254.271
PRESSAVG: 850000 -56.7654 -52.4809 14.2494 -52.4809 21.023 19.8429 14.2494 19.8429 3.28259
GPRESSAVG: 850000 -56.7494 -52.4314 14.239 -52.4765 20.9425 19.7887 14.1515 19.899 3.23655
ENERGY:  850000      1528.6777      9105.5840      5672.1505        78.5532         -61021.4974     -1229.4835         0.0000         0.0000     18760.3703         -27105.6451       302.7887    -45866.0154    -26949.2141       299.9735           -253.5886      -232.0854    265146.2553       -10.8199       -10.8568

WRITING EXTENDED SYSTEM TO RESTART FILE AT STEP 850000
WRITING COORDINATES TO DCD FILE NPT.dcd AT STEP 850000
WRITING COORDINATES TO RESTART FILE AT STEP 850000
FINISHED WRITING RESTART COORDINATES
WRITING VELOCITIES TO RESTART FILE AT STEP 850000
FINISHED WRITING RESTART VELOCITIES
LDB: ============= START OF LOAD BALANCING ============== 142606
LDB: ============== END OF LOAD BALANCING =============== 142606
LDB: =============== DONE WITH MIGRATION ================ 142606
LDB: ============= START OF LOAD BALANCING ============== 142615
LDB: ============== END OF LOAD BALANCING =============== 142615
LDB: =============== DONE WITH MIGRATION ================ 142615
LDB: ============= START OF LOAD BALANCING ============== 142942
LDB: ============== END OF LOAD BALANCING =============== 142942
LDB: =============== DONE WITH MIGRATION ================ 142942
LDB: ============= START OF LOAD BALANCING ============== 142951
LDB: ============== END OF LOAD BALANCING =============== 142951
LDB: =============== DONE WITH MIGRATION ================ 142951
LDB: ============= START OF LOAD BALANCING ============== 143278
LDB: ============== END OF LOAD BALANCING =============== 143278
LDB: =============== DONE WITH MIGRATION ================ 143278
LDB: ============= START OF LOAD BALANCING ============== 143287
LDB: ============== END OF LOAD BALANCING =============== 143287
LDB: =============== DONE WITH MIGRATION ================ 143287
LDB: ============= START OF LOAD BALANCING ============== 143613
LDB: ============== END OF LOAD BALANCING =============== 143613
LDB: =============== DONE WITH MIGRATION ================ 143613
LDB: ============= START OF LOAD BALANCING ============== 143622
LDB: ============== END OF LOAD BALANCING =============== 143622
LDB: =============== DONE WITH MIGRATION ================ 143622
LDB: ============= START OF LOAD BALANCING ============== 143949
LDB: ============== END OF LOAD BALANCING =============== 143949
LDB: =============== DONE WITH MIGRATION ================ 143949
LDB: ============= START OF LOAD BALANCING ============== 143958
LDB: ============== END OF LOAD BALANCING =============== 143958
LDB: =============== DONE WITH MIGRATION ================ 143958
PRESSURE: 860000 -633.31 -78.5293 280.418 -78.5293 504.824 -424.389 280.418 -424.389 215.523
GPRESSURE: 860000 -337.046 -92.4996 197.491 115.202 268.995 -417.143 279.9 -386.544 188.7
PRESSAVG: 860000 -61.4472 -43.8216 -13.909 -43.8216 -9.98001 -12.8528 -13.909 -12.8528 -1.52108
GPRESSAVG: 860000 -61.4543 -43.8972 -13.9217 -43.7998 -10.0237 -12.8692 -13.8886 -12.9647 -1.55319
ENERGY:  860000      1598.5325      9329.1853      5698.0656        73.6819         -60819.7218     -1357.0037         0.0000         0.0000     18609.2961         -26867.9642       300.3504    -45477.2602    -26724.1258       300.9078             29.0122        40.2163    267117.2721       -24.3161       -24.3437

WRITING COORDINATES TO DCD FILE NPT.dcd AT STEP 860000
LDB: ============= START OF LOAD BALANCING ============== 144284
LDB: ============== END OF LOAD BALANCING =============== 144284
LDB: =============== DONE WITH MIGRATION ================ 144284
LDB: ============= START OF LOAD BALANCING ============== 144292
LDB: ============== END OF LOAD BALANCING =============== 144292
LDB: =============== DONE WITH MIGRATION ================ 144292
LDB: ============= START OF LOAD BALANCING ============== 144620
LDB: ============== END OF LOAD BALANCING =============== 144620
LDB: =============== DONE WITH MIGRATION ================ 144620
LDB: ============= START OF LOAD BALANCING ============== 144628
LDB: ============== END OF LOAD BALANCING =============== 144628
LDB: =============== DONE WITH MIGRATION ================ 144628
LDB: ============= START OF LOAD BALANCING ============== 144955
LDB: ============== END OF LOAD BALANCING =============== 144955
LDB: =============== DONE WITH MIGRATION ================ 144955
LDB: ============= START OF LOAD BALANCING ============== 144964
LDB: ============== END OF LOAD BALANCING =============== 144964
LDB: =============== DONE WITH MIGRATION ================ 144964
LDB: ============= START OF LOAD BALANCING ============== 145291
LDB: ============== END OF LOAD BALANCING =============== 145291
LDB: =============== DONE WITH MIGRATION ================ 145291
LDB: ============= START OF LOAD BALANCING ============== 145299
LDB: ============== END OF LOAD BALANCING =============== 145299
LDB: =============== DONE WITH MIGRATION ================ 145299
LDB: ============= START OF LOAD BALANCING ============== 145627
LDB: ============== END OF LOAD BALANCING =============== 145627
LDB: =============== DONE WITH MIGRATION ================ 145627
LDB: ============= START OF LOAD BALANCING ============== 145636
LDB: ============== END OF LOAD BALANCING =============== 145636
LDB: =============== DONE WITH MIGRATION ================ 145636
PRESSURE: 870000 -19.7334 -194.899 -289.133 -194.899 -208.136 -123.019 -289.133 -123.019 -813.232
GPRESSURE: 870000 -111.397 -183.462 -371.247 -275.334 -157.784 -110.005 -209.916 -170.472 -756.819
PRESSAVG: 870000 -81.2903 -14.0964 -4.67633 -14.0964 -12.1922 15.2909 -4.67633 15.2909 4.36788
GPRESSAVG: 870000 -81.4296 -14.0952 -4.65695 -14.0569 -12.1362 15.3837 -4.63263 15.2523 4.44801
ENERGY:  870000      1606.7232      9232.3231      5704.8909        75.1568         -60816.8481     -1365.8184         0.0000         0.0000     18758.6308         -26804.9417       302.7606    -45563.5725    -26652.9398       300.4894           -347.0337      -341.9998    265883.1271       -29.7049       -29.7059

WRITING COORDINATES TO DCD FILE NPT.dcd AT STEP 870000
LDB: ============= START OF LOAD BALANCING ============== 145964
LDB: ============== END OF LOAD BALANCING =============== 145964
LDB: =============== DONE WITH MIGRATION ================ 145964
LDB: ============= START OF LOAD BALANCING ============== 145972
LDB: ============== END OF LOAD BALANCING =============== 145972
LDB: =============== DONE WITH MIGRATION ================ 145972
LDB: ============= START OF LOAD BALANCING ============== 146300
LDB: ============== END OF LOAD BALANCING =============== 146300
LDB: =============== DONE WITH MIGRATION ================ 146300
LDB: ============= START OF LOAD BALANCING ============== 146308
LDB: ============== END OF LOAD BALANCING =============== 146308
LDB: =============== DONE WITH MIGRATION ================ 146308
LDB: ============= START OF LOAD BALANCING ============== 146636
LDB: ============== END OF LOAD BALANCING =============== 146636
LDB: =============== DONE WITH MIGRATION ================ 146636
LDB: ============= START OF LOAD BALANCING ============== 146644
LDB: ============== END OF LOAD BALANCING =============== 146644
LDB: =============== DONE WITH MIGRATION ================ 146644
LDB: ============= START OF LOAD BALANCING ============== 146971
LDB: ============== END OF LOAD BALANCING =============== 146971
LDB: =============== DONE WITH MIGRATION ================ 146971
LDB: ============= START OF LOAD BALANCING ============== 146979
LDB: ============== END OF LOAD BALANCING =============== 146979
LDB: =============== DONE WITH MIGRATION ================ 146979
LDB: ============= START OF LOAD BALANCING ============== 147306
LDB: ============== END OF LOAD BALANCING =============== 147306
LDB: =============== DONE WITH MIGRATION ================ 147306
LDB: ============= START OF LOAD BALANCING ============== 147315
LDB: ============== END OF LOAD BALANCING =============== 147315
LDB: =============== DONE WITH MIGRATION ================ 147315
PRESSURE: 880000 226.224 21.1692 334.275 21.1692 724.127 -154.649 334.275 -154.649 287.219
GPRESSURE: 880000 216.669 197.036 456.192 59.0349 727.123 -62.3143 162.251 -192.131 333.715
PRESSAVG: 880000 -32.494 0.696488 -27.3284 0.696488 -6.71427 16.776 -27.3284 16.776 3.21161
GPRESSAVG: 880000 -32.3362 0.717711 -27.2701 0.640776 -6.69338 16.708 -27.3126 16.8593 3.16181
ENERGY:  880000      1563.0756      9251.8000      5763.2090        91.1442         -60931.1018     -1203.2354         0.0000         0.0000     18633.1752         -26831.9332       300.7358    -45465.1084    -26683.5007       301.9655            412.5232       425.8355    266162.3005       -11.9989       -11.9559

WRITING COORDINATES TO DCD FILE NPT.dcd AT STEP 880000
LDB: ============= START OF LOAD BALANCING ============== 147643
LDB: ============== END OF LOAD BALANCING =============== 147643
LDB: =============== DONE WITH MIGRATION ================ 147643
LDB: ============= START OF LOAD BALANCING ============== 147651
LDB: ============== END OF LOAD BALANCING =============== 147651
LDB: =============== DONE WITH MIGRATION ================ 147651
LDB: ============= START OF LOAD BALANCING ============== 147978
LDB: ============== END OF LOAD BALANCING =============== 147978
LDB: =============== DONE WITH MIGRATION ================ 147978
LDB: ============= START OF LOAD BALANCING ============== 147987
LDB: ============== END OF LOAD BALANCING =============== 147987
LDB: =============== DONE WITH MIGRATION ================ 147987
LDB: ============= START OF LOAD BALANCING ============== 148314
LDB: ============== END OF LOAD BALANCING =============== 148314
LDB: =============== DONE WITH MIGRATION ================ 148314
LDB: ============= START OF LOAD BALANCING ============== 148323
LDB: ============== END OF LOAD BALANCING =============== 148323
LDB: =============== DONE WITH MIGRATION ================ 148323
LDB: ============= START OF LOAD BALANCING ============== 148650
LDB: ============== END OF LOAD BALANCING =============== 148650
LDB: =============== DONE WITH MIGRATION ================ 148650
LDB: ============= START OF LOAD BALANCING ============== 148658
LDB: ============== END OF LOAD BALANCING =============== 148658
LDB: =============== DONE WITH MIGRATION ================ 148658
LDB: ============= START OF LOAD BALANCING ============== 148985
LDB: ============== END OF LOAD BALANCING =============== 148985
LDB: =============== DONE WITH MIGRATION ================ 148985
LDB: ============= START OF LOAD BALANCING ============== 148994
LDB: ============== END OF LOAD BALANCING =============== 148994
LDB: =============== DONE WITH MIGRATION ================ 148994
PRESSURE: 890000 -374.012 338.763 -326.329 338.763 262.277 144.641 -326.329 144.641 -182.058
GPRESSURE: 890000 -321.51 441.315 -359.309 135.014 352.686 316.564 -179.574 21.4981 -263.169
PRESSAVG: 890000 -19.7048 -27.304 -14.3922 -27.304 28.3545 1.01937 -14.3922 1.01937 -0.398806
GPRESSAVG: 890000 -19.7532 -27.2903 -14.3957 -27.2904 28.401 1.03212 -14.3476 0.90138 -0.44724
ENERGY:  890000      1536.3852      9234.6595      5767.3078        91.4084         -60606.7745     -1420.1171         0.0000         0.0000     18613.6458         -26783.4849       300.4206    -45397.1307    -26634.1153       299.1080            -97.9308       -77.3309    267388.7040         2.7503         2.7335

WRITING COORDINATES TO DCD FILE NPT.dcd AT STEP 890000
LDB: ============= START OF LOAD BALANCING ============== 149320
LDB: ============== END OF LOAD BALANCING =============== 149320
LDB: =============== DONE WITH MIGRATION ================ 149320
LDB: ============= START OF LOAD BALANCING ============== 149329
LDB: ============== END OF LOAD BALANCING =============== 149329
LDB: =============== DONE WITH MIGRATION ================ 149329
LDB: ============= START OF LOAD BALANCING ============== 149655
LDB: ============== END OF LOAD BALANCING =============== 149655
LDB: =============== DONE WITH MIGRATION ================ 149655
LDB: ============= START OF LOAD BALANCING ============== 149663
LDB: ============== END OF LOAD BALANCING =============== 149663
LDB: =============== DONE WITH MIGRATION ================ 149663
LDB: ============= START OF LOAD BALANCING ============== 149990
LDB: ============== END OF LOAD BALANCING =============== 149990
LDB: =============== DONE WITH MIGRATION ================ 149990
LDB: ============= START OF LOAD BALANCING ============== 149998
LDB: ============== END OF LOAD BALANCING =============== 149998
LDB: =============== DONE WITH MIGRATION ================ 149998
LDB: ============= START OF LOAD BALANCING ============== 150324
LDB: ============== END OF LOAD BALANCING =============== 150324
LDB: =============== DONE WITH MIGRATION ================ 150324
LDB: ============= START OF LOAD BALANCING ============== 150333
LDB: ============== END OF LOAD BALANCING =============== 150333
LDB: =============== DONE WITH MIGRATION ================ 150333
LDB: ============= START OF LOAD BALANCING ============== 150659
LDB: ============== END OF LOAD BALANCING =============== 150659
LDB: =============== DONE WITH MIGRATION ================ 150659
LDB: ============= START OF LOAD BALANCING ============== 150668
LDB: ============== END OF LOAD BALANCING =============== 150668
LDB: =============== DONE WITH MIGRATION ================ 150668
PRESSURE: 900000 -87.3013 -129.095 -111.038 -129.095 -72.3454 86.9343 -111.038 86.9343 712.531
GPRESSURE: 900000 182.974 -407.263 -21.6932 -123.163 -152.068 55.1525 -19.2994 157.608 551.5
PRESSAVG: 900000 9.93578 -28.469 -6.79155 -28.469 -1.25715 -3.43299 -6.79155 -3.43299 1.25255
GPRESSAVG: 900000 9.87161 -28.5547 -6.59313 -28.4047 -1.31437 -3.48368 -6.86141 -3.41096 1.25487
TIMING: 900000  CPU: 150944, 0.167845/step  Wall: 150945, 0.167845/step, 4.66236 hours remaining, 685.368061 MB of memory in use.
PERFORMANCE: 900000  averaging 1.03031 ns/day, 0.167716 sec/step with standard deviation 0.000379091
ETITLE:      TS           BOND          ANGLE          DIHED          IMPRP               ELECT            VDW       BOUNDARY           MISC        KINETIC               TOTAL           TEMP      POTENTIAL         TOTAL3        TEMPAVG            PRESSURE      GPRESSURE         VOLUME       PRESSAVG      GPRESSAVG

ENERGY:  900000      1578.4589      9268.4266      5727.1138        80.7501         -60673.3180     -1300.7501         0.0000         0.0000     18360.1530         -26959.1656       296.3292    -45319.3187    -26824.2353       300.7517            184.2948       194.1354    265606.1331         3.3104         3.2707

WRITING EXTENDED SYSTEM TO RESTART FILE AT STEP 900000
WRITING COORDINATES TO DCD FILE NPT.dcd AT STEP 900000
WRITING COORDINATES TO RESTART FILE AT STEP 900000
FINISHED WRITING RESTART COORDINATES
WRITING VELOCITIES TO RESTART FILE AT STEP 900000
FINISHED WRITING RESTART VELOCITIES
LDB: ============= START OF LOAD BALANCING ============== 150995
LDB: ============== END OF LOAD BALANCING =============== 150995
LDB: =============== DONE WITH MIGRATION ================ 150995
LDB: ============= START OF LOAD BALANCING ============== 151003
LDB: ============== END OF LOAD BALANCING =============== 151003
LDB: =============== DONE WITH MIGRATION ================ 151003
LDB: ============= START OF LOAD BALANCING ============== 151330
LDB: ============== END OF LOAD BALANCING =============== 151330
LDB: =============== DONE WITH MIGRATION ================ 151330
LDB: ============= START OF LOAD BALANCING ============== 151338
LDB: ============== END OF LOAD BALANCING =============== 151338
LDB: =============== DONE WITH MIGRATION ================ 151338
LDB: ============= START OF LOAD BALANCING ============== 151664
LDB: ============== END OF LOAD BALANCING =============== 151664
LDB: =============== DONE WITH MIGRATION ================ 151664
LDB: ============= START OF LOAD BALANCING ============== 151672
LDB: ============== END OF LOAD BALANCING =============== 151672
LDB: =============== DONE WITH MIGRATION ================ 151672
LDB: ============= START OF LOAD BALANCING ============== 151999
LDB: ============== END OF LOAD BALANCING =============== 151999
LDB: =============== DONE WITH MIGRATION ================ 151999
LDB: ============= START OF LOAD BALANCING ============== 152008
LDB: ============== END OF LOAD BALANCING =============== 152008
LDB: =============== DONE WITH MIGRATION ================ 152008
LDB: ============= START OF LOAD BALANCING ============== 152335
LDB: ============== END OF LOAD BALANCING =============== 152335
LDB: =============== DONE WITH MIGRATION ================ 152335
LDB: ============= START OF LOAD BALANCING ============== 152343
LDB: ============== END OF LOAD BALANCING =============== 152343
LDB: =============== DONE WITH MIGRATION ================ 152343
PRESSURE: 910000 -18.1854 -420.636 290.774 -420.636 -544.148 341.342 290.774 341.342 -13.4232
GPRESSURE: 910000 24.175 -271.857 421.512 -510.162 -338.878 365.089 205.878 149.613 -210.808
PRESSAVG: 910000 -19.1594 -26.0719 -29.6228 -26.0719 -18.0225 4.57802 -29.6228 4.57802 0.686726
GPRESSAVG: 910000 -19.1537 -26.0103 -29.6312 -26.0969 -18.0693 4.59113 -29.5995 4.58032 0.74254
ENERGY:  910000      1566.7192      9184.1227      5718.0236        72.1322         -60665.3923     -1536.5642         0.0000         0.0000     18556.9183         -27104.0406       299.5050    -45660.9588    -26953.5038       300.4486           -191.9189      -175.1706    266164.5828       -12.1650       -12.1601

WRITING COORDINATES TO DCD FILE NPT.dcd AT STEP 910000
LDB: ============= START OF LOAD BALANCING ============== 152670
LDB: ============== END OF LOAD BALANCING =============== 152670
LDB: =============== DONE WITH MIGRATION ================ 152670
LDB: ============= START OF LOAD BALANCING ============== 152679
LDB: ============== END OF LOAD BALANCING =============== 152679
LDB: =============== DONE WITH MIGRATION ================ 152679
LDB: ============= START OF LOAD BALANCING ============== 153006
LDB: ============== END OF LOAD BALANCING =============== 153006
LDB: =============== DONE WITH MIGRATION ================ 153006
LDB: ============= START OF LOAD BALANCING ============== 153014
LDB: ============== END OF LOAD BALANCING =============== 153014
LDB: =============== DONE WITH MIGRATION ================ 153014
LDB: ============= START OF LOAD BALANCING ============== 153342
LDB: ============== END OF LOAD BALANCING =============== 153342
LDB: =============== DONE WITH MIGRATION ================ 153342
LDB: ============= START OF LOAD BALANCING ============== 153350
LDB: ============== END OF LOAD BALANCING =============== 153350
LDB: =============== DONE WITH MIGRATION ================ 153350
LDB: ============= START OF LOAD BALANCING ============== 153678
LDB: ============== END OF LOAD BALANCING =============== 153678
LDB: =============== DONE WITH MIGRATION ================ 153678
LDB: ============= START OF LOAD BALANCING ============== 153686
LDB: ============== END OF LOAD BALANCING =============== 153686
LDB: =============== DONE WITH MIGRATION ================ 153686
LDB: ============= START OF LOAD BALANCING ============== 154014
LDB: ============== END OF LOAD BALANCING =============== 154014
LDB: =============== DONE WITH MIGRATION ================ 154014
LDB: ============= START OF LOAD BALANCING ============== 154022
LDB: ============== END OF LOAD BALANCING =============== 154022
LDB: =============== DONE WITH MIGRATION ================ 154022
PRESSURE: 920000 -19.8062 -222.931 -5.4981 -222.931 -217.269 -37.7658 -5.4981 -37.7658 -595.612
GPRESSURE: 920000 -55.4837 -155.74 273.654 -220.235 -217.601 -31.1861 -169.245 -39.7608 -509.224
PRESSAVG: 920000 71.7135 -34.73 -19.5976 -34.73 70.6761 -19.9053 -19.5976 -19.9053 3.17935
GPRESSAVG: 920000 71.6653 -34.8621 -19.6227 -34.7511 70.7472 -19.8132 -19.6333 -19.9599 3.14359
ENERGY:  920000      1596.3512      9178.3785      5620.7350        70.7749         -60571.6554     -1352.1267         0.0000         0.0000     18601.5206         -26856.0218       300.2249    -45457.5425    -26705.8253       300.2217           -277.5623      -260.7693    267112.5259        48.5230        48.5187

WRITING COORDINATES TO DCD FILE NPT.dcd AT STEP 920000
LDB: ============= START OF LOAD BALANCING ============== 154348
LDB: ============== END OF LOAD BALANCING =============== 154348
LDB: =============== DONE WITH MIGRATION ================ 154348
LDB: ============= START OF LOAD BALANCING ============== 154356
LDB: ============== END OF LOAD BALANCING =============== 154356
LDB: =============== DONE WITH MIGRATION ================ 154356
LDB: ============= START OF LOAD BALANCING ============== 154682
LDB: ============== END OF LOAD BALANCING =============== 154682
LDB: =============== DONE WITH MIGRATION ================ 154682
LDB: ============= START OF LOAD BALANCING ============== 154690
LDB: ============== END OF LOAD BALANCING =============== 154690
LDB: =============== DONE WITH MIGRATION ================ 154690
LDB: ============= START OF LOAD BALANCING ============== 155017
LDB: ============== END OF LOAD BALANCING =============== 155017
LDB: =============== DONE WITH MIGRATION ================ 155017
LDB: ============= START OF LOAD BALANCING ============== 155025
LDB: ============== END OF LOAD BALANCING =============== 155025
LDB: =============== DONE WITH MIGRATION ================ 155025
LDB: ============= START OF LOAD BALANCING ============== 155353
LDB: ============== END OF LOAD BALANCING =============== 155353
LDB: =============== DONE WITH MIGRATION ================ 155353
LDB: ============= START OF LOAD BALANCING ============== 155361
LDB: ============== END OF LOAD BALANCING =============== 155361
LDB: =============== DONE WITH MIGRATION ================ 155361
LDB: ============= START OF LOAD BALANCING ============== 155688
LDB: ============== END OF LOAD BALANCING =============== 155688
LDB: =============== DONE WITH MIGRATION ================ 155688
LDB: ============= START OF LOAD BALANCING ============== 155696
LDB: ============== END OF LOAD BALANCING =============== 155696
LDB: =============== DONE WITH MIGRATION ================ 155696
PRESSURE: 930000 218.453 -263.757 -367.933 -263.757 342.527 -366.466 -367.933 -366.466 -553.002
GPRESSURE: 930000 178.178 -371.398 -346.49 -368.575 294.684 -364.734 -262.378 -221.881 -400.662
PRESSAVG: 930000 -29.0707 -4.16445 -22.2605 -4.16445 -26.8277 -1.64392 -22.2605 -1.64392 0.500092
GPRESSAVG: 930000 -29.2051 -4.1934 -22.2222 -4.14291 -26.7325 -1.63259 -22.1992 -1.64574 0.515272
ENERGY:  930000      1594.0955      9233.3397      5643.2624        74.4131         -60568.8295     -1538.0112         0.0000         0.0000     18487.5946         -27074.1354       298.3861    -45561.7300    -26928.4658       300.1805              2.6592        24.0665    266635.5995       -18.4661       -18.4741

WRITING COORDINATES TO DCD FILE NPT.dcd AT STEP 930000
LDB: ============= START OF LOAD BALANCING ============== 156023
LDB: ============== END OF LOAD BALANCING =============== 156023
LDB: =============== DONE WITH MIGRATION ================ 156023
LDB: ============= START OF LOAD BALANCING ============== 156031
LDB: ============== END OF LOAD BALANCING =============== 156031
LDB: =============== DONE WITH MIGRATION ================ 156031
LDB: ============= START OF LOAD BALANCING ============== 156358
LDB: ============== END OF LOAD BALANCING =============== 156358
LDB: =============== DONE WITH MIGRATION ================ 156358
LDB: ============= START OF LOAD BALANCING ============== 156366
LDB: ============== END OF LOAD BALANCING =============== 156366
LDB: =============== DONE WITH MIGRATION ================ 156366
LDB: ============= START OF LOAD BALANCING ============== 156693
LDB: ============== END OF LOAD BALANCING =============== 156693
LDB: =============== DONE WITH MIGRATION ================ 156693
LDB: ============= START OF LOAD BALANCING ============== 156701
LDB: ============== END OF LOAD BALANCING =============== 156701
LDB: =============== DONE WITH MIGRATION ================ 156701
LDB: ============= START OF LOAD BALANCING ============== 157028
LDB: ============== END OF LOAD BALANCING =============== 157028
LDB: =============== DONE WITH MIGRATION ================ 157028
LDB: ============= START OF LOAD BALANCING ============== 157036
LDB: ============== END OF LOAD BALANCING =============== 157036
LDB: =============== DONE WITH MIGRATION ================ 157036
LDB: ============= START OF LOAD BALANCING ============== 157362
LDB: ============== END OF LOAD BALANCING =============== 157362
LDB: =============== DONE WITH MIGRATION ================ 157362
LDB: ============= START OF LOAD BALANCING ============== 157371
LDB: ============== END OF LOAD BALANCING =============== 157371
LDB: =============== DONE WITH MIGRATION ================ 157371
PRESSURE: 940000 200.597 -11.78 116.525 -11.78 193.198 -59.2788 116.525 -59.2788 207.165
GPRESSURE: 940000 67.5215 -91.8623 38.3584 63.4006 428.853 -192.241 25.1409 -222.034 186.859
PRESSAVG: 940000 -76.0464 15.9251 5.23729 15.9251 -18.0292 7.53657 5.23729 7.53657 -4.83089
GPRESSAVG: 940000 -76.0249 15.9148 5.19525 15.9213 -18.0493 7.40407 5.28205 7.65614 -4.88365
ENERGY:  940000      1598.5996      9188.8311      5666.2778        65.9591         -61062.8922     -1017.1553         0.0000         0.0000     18505.6543         -27054.7257       298.6776    -45560.3799    -26909.7512       300.8393            200.3199       227.7447    266868.7497       -32.9688       -32.9860

WRITING COORDINATES TO DCD FILE NPT.dcd AT STEP 940000
LDB: ============= START OF LOAD BALANCING ============== 157697
LDB: ============== END OF LOAD BALANCING =============== 157697
LDB: =============== DONE WITH MIGRATION ================ 157697
LDB: ============= START OF LOAD BALANCING ============== 157705
LDB: ============== END OF LOAD BALANCING =============== 157705
LDB: =============== DONE WITH MIGRATION ================ 157705
LDB: ============= START OF LOAD BALANCING ============== 158032
LDB: ============== END OF LOAD BALANCING =============== 158032
LDB: =============== DONE WITH MIGRATION ================ 158032
LDB: ============= START OF LOAD BALANCING ============== 158041
LDB: ============== END OF LOAD BALANCING =============== 158041
LDB: =============== DONE WITH MIGRATION ================ 158041
LDB: ============= START OF LOAD BALANCING ============== 158367
LDB: ============== END OF LOAD BALANCING =============== 158367
LDB: =============== DONE WITH MIGRATION ================ 158367
LDB: ============= START OF LOAD BALANCING ============== 158376
LDB: ============== END OF LOAD BALANCING =============== 158376
LDB: =============== DONE WITH MIGRATION ================ 158376
LDB: ============= START OF LOAD BALANCING ============== 158703
LDB: ============== END OF LOAD BALANCING =============== 158703
LDB: =============== DONE WITH MIGRATION ================ 158703
LDB: ============= START OF LOAD BALANCING ============== 158711
LDB: ============== END OF LOAD BALANCING =============== 158711
LDB: =============== DONE WITH MIGRATION ================ 158711
LDB: ============= START OF LOAD BALANCING ============== 159039
LDB: ============== END OF LOAD BALANCING =============== 159039
LDB: =============== DONE WITH MIGRATION ================ 159039
LDB: ============= START OF LOAD BALANCING ============== 159047
LDB: ============== END OF LOAD BALANCING =============== 159047
LDB: =============== DONE WITH MIGRATION ================ 159047
PRESSURE: 950000 285.443 203.209 -23.7242 203.209 153.406 -304.281 -23.7242 -304.281 -40.8748
GPRESSURE: 950000 317.211 153.116 132.881 168.934 158.041 -305.3 -154.626 -41.2774 0.947917
PRESSAVG: 950000 -19.6847 6.62448 10.2287 6.62448 -3.52877 -7.4738 10.2287 -7.4738 -2.42828
GPRESSAVG: 950000 -19.6028 6.63101 10.3768 6.57859 -3.62756 -7.42308 10.1882 -7.47673 -2.48495
ENERGY:  950000      1576.3273      9125.4738      5724.2511        75.8217         -60824.0820     -1263.0558         0.0000         0.0000     18503.2113         -27082.0526       298.6382    -45585.2639    -26932.1451       299.8469            132.6579       158.7332    266960.9681        -8.5473        -8.5718

WRITING EXTENDED SYSTEM TO RESTART FILE AT STEP 950000
WRITING COORDINATES TO DCD FILE NPT.dcd AT STEP 950000
WRITING COORDINATES TO RESTART FILE AT STEP 950000
FINISHED WRITING RESTART COORDINATES
WRITING VELOCITIES TO RESTART FILE AT STEP 950000
FINISHED WRITING RESTART VELOCITIES
LDB: ============= START OF LOAD BALANCING ============== 159374
LDB: ============== END OF LOAD BALANCING =============== 159374
LDB: =============== DONE WITH MIGRATION ================ 159374
LDB: ============= START OF LOAD BALANCING ============== 159382
LDB: ============== END OF LOAD BALANCING =============== 159382
LDB: =============== DONE WITH MIGRATION ================ 159382
LDB: ============= START OF LOAD BALANCING ============== 159709
LDB: ============== END OF LOAD BALANCING =============== 159709
LDB: =============== DONE WITH MIGRATION ================ 159709
LDB: ============= START OF LOAD BALANCING ============== 159718
LDB: ============== END OF LOAD BALANCING =============== 159718
LDB: =============== DONE WITH MIGRATION ================ 159718
LDB: ============= START OF LOAD BALANCING ============== 160045
LDB: ============== END OF LOAD BALANCING =============== 160045
LDB: =============== DONE WITH MIGRATION ================ 160045
LDB: ============= START OF LOAD BALANCING ============== 160053
LDB: ============== END OF LOAD BALANCING =============== 160053
LDB: =============== DONE WITH MIGRATION ================ 160053
LDB: ============= START OF LOAD BALANCING ============== 160381
LDB: ============== END OF LOAD BALANCING =============== 160381
LDB: =============== DONE WITH MIGRATION ================ 160381
LDB: ============= START OF LOAD BALANCING ============== 160389
LDB: ============== END OF LOAD BALANCING =============== 160389
LDB: =============== DONE WITH MIGRATION ================ 160389
LDB: ============= START OF LOAD BALANCING ============== 160717
LDB: ============== END OF LOAD BALANCING =============== 160717
LDB: =============== DONE WITH MIGRATION ================ 160717
LDB: ============= START OF LOAD BALANCING ============== 160726
LDB: ============== END OF LOAD BALANCING =============== 160726
LDB: =============== DONE WITH MIGRATION ================ 160726
PRESSURE: 960000 -214.916 -225.538 166.123 -225.538 -246.182 -299.222 166.123 -299.222 -59.3515
GPRESSURE: 960000 -385.341 -175.147 -33.2633 -186.538 -81.8253 -187.678 259.875 -166.545 -29.0619
PRESSAVG: 960000 0.446371 53.4336 8.9736 53.4336 37.7457 -10.7384 8.9736 -10.7384 -0.539573
GPRESSAVG: 960000 0.373153 53.3963 8.88808 53.5439 37.8222 -10.7638 8.96247 -10.6386 -0.562888
ENERGY:  960000      1616.2943      9166.1514      5709.0033        83.9576         -60728.6347     -1359.3319         0.0000         0.0000     18617.8142         -26894.7458       300.4878    -45512.5600    -26739.1692       299.7539           -173.4830      -165.4093    266278.7302        12.5508        12.5442

WRITING COORDINATES TO DCD FILE NPT.dcd AT STEP 960000
LDB: ============= START OF LOAD BALANCING ============== 161053
LDB: ============== END OF LOAD BALANCING =============== 161053
LDB: =============== DONE WITH MIGRATION ================ 161053
LDB: ============= START OF LOAD BALANCING ============== 161062
LDB: ============== END OF LOAD BALANCING =============== 161062
LDB: =============== DONE WITH MIGRATION ================ 161062
LDB: ============= START OF LOAD BALANCING ============== 161389
LDB: ============== END OF LOAD BALANCING =============== 161389
LDB: =============== DONE WITH MIGRATION ================ 161389
LDB: ============= START OF LOAD BALANCING ============== 161397
LDB: ============== END OF LOAD BALANCING =============== 161397
LDB: =============== DONE WITH MIGRATION ================ 161397
LDB: ============= START OF LOAD BALANCING ============== 161724
LDB: ============== END OF LOAD BALANCING =============== 161724
LDB: =============== DONE WITH MIGRATION ================ 161724
LDB: ============= START OF LOAD BALANCING ============== 161733
LDB: ============== END OF LOAD BALANCING =============== 161733
LDB: =============== DONE WITH MIGRATION ================ 161733
LDB: ============= START OF LOAD BALANCING ============== 162059
LDB: ============== END OF LOAD BALANCING =============== 162059
LDB: =============== DONE WITH MIGRATION ================ 162059
LDB: ============= START OF LOAD BALANCING ============== 162068
LDB: ============== END OF LOAD BALANCING =============== 162068
LDB: =============== DONE WITH MIGRATION ================ 162068
LDB: ============= START OF LOAD BALANCING ============== 162394
LDB: ============== END OF LOAD BALANCING =============== 162394
LDB: =============== DONE WITH MIGRATION ================ 162394
LDB: ============= START OF LOAD BALANCING ============== 162403
LDB: ============== END OF LOAD BALANCING =============== 162403
LDB: =============== DONE WITH MIGRATION ================ 162403
PRESSURE: 970000 -526.379 193.915 -94.845 193.915 -408.705 17.3365 -94.845 17.3365 59.5112
GPRESSURE: 970000 -527.427 313.938 -41.7637 421.172 -364.25 -156.304 -0.419892 126.72 92.1553
PRESSAVG: 970000 -47.6251 21.8054 -3.89986 21.8054 -56.8784 0.514043 -3.89986 0.514043 4.34246
GPRESSAVG: 970000 -47.5685 21.7991 -3.84786 21.7627 -56.8532 0.562956 -4.07221 0.539015 4.34467
ENERGY:  970000      1553.2817      9128.2342      5732.0612        74.2271         -60858.4604     -1268.6230         0.0000         0.0000     18728.6280         -26910.6512       302.2764    -45639.2793    -26757.4447       300.0940           -291.8577      -266.5074    266334.7854       -33.3870       -33.3590

WRITING COORDINATES TO DCD FILE NPT.dcd AT STEP 970000
LDB: ============= START OF LOAD BALANCING ============== 162729
LDB: ============== END OF LOAD BALANCING =============== 162729
LDB: =============== DONE WITH MIGRATION ================ 162729
LDB: ============= START OF LOAD BALANCING ============== 162737
LDB: ============== END OF LOAD BALANCING =============== 162737
LDB: =============== DONE WITH MIGRATION ================ 162737
LDB: ============= START OF LOAD BALANCING ============== 163064
LDB: ============== END OF LOAD BALANCING =============== 163064
LDB: =============== DONE WITH MIGRATION ================ 163064
LDB: ============= START OF LOAD BALANCING ============== 163073
LDB: ============== END OF LOAD BALANCING =============== 163073
LDB: =============== DONE WITH MIGRATION ================ 163073
LDB: ============= START OF LOAD BALANCING ============== 163399
LDB: ============== END OF LOAD BALANCING =============== 163399
LDB: =============== DONE WITH MIGRATION ================ 163399
LDB: ============= START OF LOAD BALANCING ============== 163408
LDB: ============== END OF LOAD BALANCING =============== 163408
LDB: =============== DONE WITH MIGRATION ================ 163408
LDB: ============= START OF LOAD BALANCING ============== 163734
LDB: ============== END OF LOAD BALANCING =============== 163734
LDB: =============== DONE WITH MIGRATION ================ 163734
LDB: ============= START OF LOAD BALANCING ============== 163742
LDB: ============== END OF LOAD BALANCING =============== 163742
LDB: =============== DONE WITH MIGRATION ================ 163742
LDB: ============= START OF LOAD BALANCING ============== 164069
LDB: ============== END OF LOAD BALANCING =============== 164069
LDB: =============== DONE WITH MIGRATION ================ 164069
LDB: ============= START OF LOAD BALANCING ============== 164078
LDB: ============== END OF LOAD BALANCING =============== 164078
LDB: =============== DONE WITH MIGRATION ================ 164078
PRESSURE: 980000 390.48 -229.521 228.618 -229.521 -126.715 62.6448 228.618 62.6448 -9.50493
GPRESSURE: 980000 373.475 -60.1705 221.42 -356.974 -99.1962 3.71896 188.846 114.375 39.6671
PRESSAVG: 980000 -40.7301 9.1566 -13.5336 9.1566 31.7759 -1.50654 -13.5336 -1.50654 3.52492
GPRESSAVG: 980000 -40.73 9.11411 -13.516 9.20708 31.8769 -1.43953 -13.6154 -1.57506 3.59794
ENERGY:  980000      1557.6667      9137.3434      5729.4543        64.7736         -60811.6231     -1174.7404         0.0000         0.0000     18606.5675         -26890.5581       300.3063    -45497.1256    -26740.0953       300.3539             84.7535       104.6486    266762.3966        -1.8098        -1.7517

WRITING COORDINATES TO DCD FILE NPT.dcd AT STEP 980000
LDB: ============= START OF LOAD BALANCING ============== 164405
LDB: ============== END OF LOAD BALANCING =============== 164405
LDB: =============== DONE WITH MIGRATION ================ 164405
LDB: ============= START OF LOAD BALANCING ============== 164413
LDB: ============== END OF LOAD BALANCING =============== 164413
LDB: =============== DONE WITH MIGRATION ================ 164413
LDB: ============= START OF LOAD BALANCING ============== 164740
LDB: ============== END OF LOAD BALANCING =============== 164740
LDB: =============== DONE WITH MIGRATION ================ 164740
LDB: ============= START OF LOAD BALANCING ============== 164748
LDB: ============== END OF LOAD BALANCING =============== 164748
LDB: =============== DONE WITH MIGRATION ================ 164748
LDB: ============= START OF LOAD BALANCING ============== 165075
LDB: ============== END OF LOAD BALANCING =============== 165075
LDB: =============== DONE WITH MIGRATION ================ 165075
LDB: ============= START OF LOAD BALANCING ============== 165083
LDB: ============== END OF LOAD BALANCING =============== 165083
LDB: =============== DONE WITH MIGRATION ================ 165083
LDB: ============= START OF LOAD BALANCING ============== 165410
LDB: ============== END OF LOAD BALANCING =============== 165410
LDB: =============== DONE WITH MIGRATION ================ 165410
LDB: ============= START OF LOAD BALANCING ============== 165418
LDB: ============== END OF LOAD BALANCING =============== 165418
LDB: =============== DONE WITH MIGRATION ================ 165418
LDB: ============= START OF LOAD BALANCING ============== 165744
LDB: ============== END OF LOAD BALANCING =============== 165744
LDB: =============== DONE WITH MIGRATION ================ 165744
LDB: ============= START OF LOAD BALANCING ============== 165753
LDB: ============== END OF LOAD BALANCING =============== 165753
LDB: =============== DONE WITH MIGRATION ================ 165753
PRESSURE: 990000 291.224 36.3503 394.248 36.3503 282.404 -75.7948 394.248 -75.7948 646.176
GPRESSURE: 990000 316.255 197.566 219.988 -8.81587 313.981 52.1769 260.8 156.664 632.072
PRESSAVG: 990000 -29.7264 16.6932 -2.29261 16.6932 15.494 -27.7812 -2.29261 -27.7812 2.93435
GPRESSAVG: 990000 -29.833 16.6291 -2.30115 16.8124 15.5719 -27.7671 -2.19065 -27.7584 3.02647
ENERGY:  990000      1582.9503      9252.7300      5709.9602        69.0057         -60994.7949     -1061.2514         0.0000         0.0000     18768.5587         -26672.8414       302.9208    -45441.4001    -26517.9101       301.0187            406.6013       420.7693    267300.2040        -3.7660        -3.7449

WRITING COORDINATES TO DCD FILE NPT.dcd AT STEP 990000
LDB: ============= START OF LOAD BALANCING ============== 166079
LDB: ============== END OF LOAD BALANCING =============== 166079
LDB: =============== DONE WITH MIGRATION ================ 166079
LDB: ============= START OF LOAD BALANCING ============== 166088
LDB: ============== END OF LOAD BALANCING =============== 166088
LDB: =============== DONE WITH MIGRATION ================ 166088
LDB: ============= START OF LOAD BALANCING ============== 166414
LDB: ============== END OF LOAD BALANCING =============== 166414
LDB: =============== DONE WITH MIGRATION ================ 166414
LDB: ============= START OF LOAD BALANCING ============== 166423
LDB: ============== END OF LOAD BALANCING =============== 166423
LDB: =============== DONE WITH MIGRATION ================ 166423
LDB: ============= START OF LOAD BALANCING ============== 166750
LDB: ============== END OF LOAD BALANCING =============== 166750
LDB: =============== DONE WITH MIGRATION ================ 166750
LDB: ============= START OF LOAD BALANCING ============== 166758
LDB: ============== END OF LOAD BALANCING =============== 166758
LDB: =============== DONE WITH MIGRATION ================ 166758
LDB: ============= START OF LOAD BALANCING ============== 167085
LDB: ============== END OF LOAD BALANCING =============== 167085
LDB: =============== DONE WITH MIGRATION ================ 167085
LDB: ============= START OF LOAD BALANCING ============== 167093
LDB: ============== END OF LOAD BALANCING =============== 167093
LDB: =============== DONE WITH MIGRATION ================ 167093
LDB: ============= START OF LOAD BALANCING ============== 167420
LDB: ============== END OF LOAD BALANCING =============== 167420
LDB: =============== DONE WITH MIGRATION ================ 167420
LDB: ============= START OF LOAD BALANCING ============== 167429
LDB: ============== END OF LOAD BALANCING =============== 167429
LDB: =============== DONE WITH MIGRATION ================ 167429
PRESSURE: 1000000 -126.306 249.022 118.815 249.022 -488.522 -158.319 118.815 -158.319 308.053
GPRESSURE: 1000000 -211.368 40.5084 -19.5446 211.273 -211.14 -62.9501 -23.5115 -221.008 168.451
PRESSAVG: 1000000 61.99 35.0733 5.52344 35.0733 69.2787 -39.2548 5.52344 -39.2548 3.43864
GPRESSAVG: 1000000 62.0074 35.0704 5.56553 34.9959 69.2114 -39.2856 5.4053 -39.3191 3.50472
TIMING: 1000000  CPU: 167705, 0.167608/step  Wall: 167705, 0.167609/step, 0 hours remaining, 685.368061 MB of memory in use.
PERFORMANCE: 1000000  averaging 1.03038 ns/day, 0.167705 sec/step with standard deviation 0.000359014
ETITLE:      TS           BOND          ANGLE          DIHED          IMPRP               ELECT            VDW       BOUNDARY           MISC        KINETIC               TOTAL           TEMP      POTENTIAL         TOTAL3        TEMPAVG            PRESSURE      GPRESSURE         VOLUME       PRESSAVG      GPRESSAVG

ENERGY: 1000000      1486.5954      9126.0046      5669.2380        70.1673         -60715.3745     -1263.4366         0.0000         0.0000     18613.3806         -27013.4251       300.4163    -45626.8057    -26869.5160       300.9448           -102.2582       -84.6857    266765.5277        44.9024        44.9078

WRITING EXTENDED SYSTEM TO RESTART FILE AT STEP 1000000
WRITING COORDINATES TO DCD FILE NPT.dcd AT STEP 1000000
WRITING COORDINATES TO RESTART FILE AT STEP 1000000
FINISHED WRITING RESTART COORDINATES
WRITING VELOCITIES TO RESTART FILE AT STEP 1000000
FINISHED WRITING RESTART VELOCITIES
WRITING EXTENDED SYSTEM TO OUTPUT FILE AT STEP 1000000
CLOSING EXTENDED SYSTEM TRAJECTORY FILE
WRITING COORDINATES TO OUTPUT FILE AT STEP 1000000
CLOSING COORDINATE DCD FILE NPT.dcd
WRITING VELOCITIES TO OUTPUT FILE AT STEP 1000000
====================================================

WallClock: 167730.546875  CPUTime: 167729.656250  Memory: 685.368061 MB
[Partition 0][Node 0] End of program
