Charm++> No provisioning arguments specified. Running with a single PE.
         Use +auto-provision to fully subscribe resources or +p1 to silence this message.
Charm++: standalone mode (not using charmrun)
Charm++> Running in Multicore mode: 1 threads (PEs)
Charm++> Using recursive bisection (scheme 3) for topology aware partitions
Converse/Charm++ Commit ID: 
CharmLB> Load balancer assumes all CPUs are same.
Charm++> Running on 1 hosts (1 sockets x 20 cores x 2 PUs = 40-way SMP)
Charm++> cpu topology info is gathered in 0.000 seconds.
CharmLB> Load balancing instrumentation for communication is off.
Info: NAMD Git-2025-12-04 for Linux-x86_64-multicore
Info: 
Info: Please visit http://www.ks.uiuc.edu/Research/namd/
Info: for updates, documentation, and support information.
Info: 
Info: Please cite Phillips et al., J. Chem. Phys. 153:044130 (2020) doi:10.1063/5.0014475
Info: in all publications reporting results obtained with NAMD.
Info: 
Info: Based on Charm++/Converse 80000 for multicore-linux-x86_64-gcc
Info: Built Thu Dec 4 09:25:02 CST 2025 by dhardy on athine.ks.uiuc.edu
Info: Source code at Git commit ID b856a9378ca44bcf5aa708d4b681af4ceb86d8ca
Info: 1 NAMD  Git-2025-12-04  Linux-x86_64-multicore  1    vivi01  cmm16
Info: Running on 1 processors, 1 nodes, 1 physical nodes.
Info: CPU topology information available.
Info: Charm++/Converse parallel runtime startup completed at 0.00656725 s
CkLoopLib is used in SMP with simple dynamic scheduling (converse-level notification)
Info: 25.0547 MB of memory in use based on /proc/self/stat
Info: Configuration file is simNPT.conf
Info: Working in the current directory /scratch/167636.1.cerqt03.q
TCL: Suspending until startup complete.
Warning: Option "1-4scaling" has been deprecated. Instead use "oneFourScaling".
Warning: The Langevin gamma parameters differ over the particles,
Warning: requiring extra work per step to constrain rigid bonds.
Info: SIMULATION PARAMETERS:
Info: TIMESTEP               2
Info: NUMBER OF STEPS        1000000
Info: STEPS PER CYCLE        10
Info: PERIODIC CELL BASIS 1  67.406 0 0
Info: PERIODIC CELL BASIS 2  0 57.2957 0
Info: PERIODIC CELL BASIS 3  0 0 69.1112
Info: PERIODIC CELL CENTER   0 0 0
Info: WRAPPING WATERS AROUND PERIODIC BOUNDARIES ON OUTPUT.
Info: WRAPPING ALL CLUSTERS AROUND PERIODIC BOUNDARIES ON OUTPUT.
Info: LOAD BALANCER  Centralized
Info: LOAD BALANCING STRATEGY  New Load Balancers -- DEFAULT
Info: LDB PERIOD             2000 steps
Info: FIRST LDB TIMESTEP     50
Info: LAST LDB TIMESTEP     -1
Info: LDB BACKGROUND SCALING 1
Info: HOM BACKGROUND SCALING 1
Info: PME BACKGROUND SCALING 1
Info: MIN ATOMS PER PATCH    40
Info: EMPTY PATCH LOAD       40 ATOMS
Info: INITIAL TEMPERATURE    304.5
Info: CENTER OF MASS MOVING INITIALLY? NO
Info: DIELECTRIC             1
Info: EXCLUDE                SCALED ONE-FOUR
Info: 1-4 ELECTROSTATICS SCALED BY 1
Info: MODIFIED 1-4 VDW PARAMETERS WILL BE USED
Info: DCD FILENAME           NPT.dcd
Info: DCD FREQUENCY          10000
Info: DCD FIRST STEP         10000
Info: DCD FILE WILL CONTAIN UNIT CELL DATA
Info: XST FILENAME           NPT.xst
Info: XST FREQUENCY          50000
Info: NO VELOCITY DCD OUTPUT
Info: NO FORCE DCD OUTPUT
Info: OUTPUT FILENAME        NPT
Info: BINARY OUTPUT FILES WILL BE USED
Info: RESTART FILENAME       NPT.restart
Info: RESTART FREQUENCY      50000
Info: BINARY RESTART FILES WILL BE USED
Info: NAMD will save positions and velocities to NPT.crash.csv when  atoms are moving too fast.
Info: SWITCHING ACTIVE
Info: SWITCHING ON           10
Info: SWITCHING OFF          12
Info: PAIRLIST DISTANCE      13.5
Info: PAIRLIST SHRINK RATE   0.01
Info: PAIRLIST GROW RATE     0.01
Info: PAIRLIST TRIGGER       0.3
Info: PAIRLISTS PER CYCLE    2
Info: PAIRLISTS ENABLED
Info: MARGIN                 0.96
Info: HYDROGEN GROUP CUTOFF  2.5
Info: PATCH DIMENSION        16.96
Info: ENERGY OUTPUT STEPS    10000
Info: ENERGY EVALUATION STEPS    10000
Info: OUTPUT ENERGY PRECISION 4
Info: CROSSTERM ENERGY INCLUDED IN DIHEDRAL
Info: TIMING OUTPUT STEPS    100000
Info: PRESSURE OUTPUT STEPS  10000
Info: LANGEVIN DYNAMICS ACTIVE
Info: LANGEVIN TEMPERATURE   304.5
Info: LANGEVIN USING BBK INTEGRATOR
Info: LANGEVIN DAMPING COEFFICIENT IS 1 INVERSE PS
Info: LANGEVIN DYNAMICS NOT APPLIED TO HYDROGENS
Info: LANGEVIN PISTON PRESSURE CONTROL ACTIVE
Info:        TARGET PRESSURE IS 1.01325 BAR
Info:     OSCILLATION PERIOD IS 200 FS
Info:             DECAY TIME IS 100 FS
Info:     PISTON TEMPERATURE IS 304.5 K
Info:       PRESSURE CONTROL IS GROUP-BASED
Info:    INITIAL STRAIN RATE IS 0 0 0
Info:       CELL FLUCTUATION IS ANISOTROPIC
Info:     CONSTANT AREA PRESSURE CONTROL ACTIVE
Info: PARTICLE MESH EWALD (PME) ACTIVE
Info: PME TOLERANCE               1e-06
Info: PME EWALD COEFFICIENT       0.257952
Info: PME INTERPOLATION ORDER     4
Info: PME GRID DIMENSIONS         72 60 72
Info: PME MAXIMUM GRID SPACING    1.5
Info: Attempting to read FFTW data from FFTW_NAMD_Git-2025-12-04_Linux-x86_64-multicore.txt
Info: Optimizing 6 FFT steps.  1... 2... 3... 4... 5... 6...   Done.
Info: Writing FFTW data to FFTW_NAMD_Git-2025-12-04_Linux-x86_64-multicore.txt
Info: FULL ELECTROSTATIC EVALUATION FREQUENCY      2
Info: USING VERLET I (r-RESPA) MTS SCHEME.
Info: C1 SPLITTING OF LONG RANGE ELECTROSTATICS
Info: PLACING ATOMS IN PATCHES BY HYDROGEN GROUPS
Info: RIGID BONDS TO HYDROGEN : ALL
Info:         ERROR TOLERANCE : 1e-08
Info:          MAX ITERATIONS : 100
Info: RIGID WATER USING SETTLE ALGORITHM
Info: RANDOM NUMBER SEED     1779896598
Info: USE HYDROGEN BONDS?    NO
Info: COORDINATE PDB         coordenades_inicials.pdb
Info: STRUCTURE FILE         estructura_membranaDMPC.psf
Info: PARAMETER file: CHARMM format! 
Info: PARAMETERS             parametres.prm
Info: USING ARITHMETIC MEAN TO COMBINE L-J SIGMA PARAMETERS
Info: SUMMARY OF PARAMETERS:
Info: 52 BONDS
Info: 132 ANGLES
Info: 176 DIHEDRAL
Info: 4 IMPROPER
Info: 0 CROSSTERM
Info: 37 VDW
Info: 0 VDW_PAIRS
Info: 0 NBTHOLE_PAIRS
Info: TIME FOR READING PSF FILE: 0.162624
Info: Reading pdb file coordenades_inicials.pdb
Info: TIME FOR READING PDB FILE: 0.0234119
Info: 
Info: ****************************
Info: STRUCTURE SUMMARY:
Info: 28235 ATOMS
Info: 23730 BONDS
Info: 33305 ANGLES
Info: 40064 DIHEDRALS
Info: 256 IMPROPERS
Info: 0 CROSSTERMS
Info: 0 EXCLUSIONS
Info: 22347 RIGID BONDS
Info: 62358 DEGREES OF FREEDOM
Info: 10265 HYDROGEN GROUPS
Info: 4 ATOMS IN LARGEST HYDROGEN GROUP
Info: 10265 MIGRATION GROUPS
Info: 4 ATOMS IN LARGEST MIGRATION GROUP
Info: TOTAL MASS = 165628 amu
Info: TOTAL CHARGE = 6.67572e-06 e
Info: MASS DENSITY = 1.03044 g/cm^3
Info: ATOM DENSITY = 0.105784 atoms/A^3
Info: *****************************
Info: 
Info: Entering startup at 25.0284 s, 685.415 MB of memory in use
Info: Startup phase 0 took 5.8753e-05 s, 685.415 MB of memory in use
Info: ADDED 97099 IMPLICIT EXCLUSIONS
Info: Startup phase 1 took 0.0141578 s, 685.415 MB of memory in use
Info: NONBONDED TABLE R-SQUARED SPACING: 0.0625
Info: NONBONDED TABLE SIZE: 769 POINTS
Info: INCONSISTENCY IN FAST TABLE ENERGY VS FORCE: 0.000325096 AT 11.9556
Info: INCONSISTENCY IN SCOR TABLE ENERGY VS FORCE: 0.000324844 AT 11.9556
Info: INCONSISTENCY IN VDWA TABLE ENERGY VS FORCE: 0.0040507 AT 0.251946
Info: INCONSISTENCY IN VDWB TABLE ENERGY VS FORCE: 0.00150189 AT 0.251946
Info: Startup phase 2 took 0.000200781 s, 685.415 MB of memory in use
Info: Startup phase 3 took 1.323e-05 s, 685.415 MB of memory in use
Info: Startup phase 4 took 3.8533e-05 s, 685.415 MB of memory in use
Info: Startup phase 5 took 9.487e-06 s, 685.415 MB of memory in use
Info: PATCH GRID IS 3 (PERIODIC) BY 3 (PERIODIC) BY 4 (PERIODIC)
Info: PATCH GRID IS 1-AWAY BY 1-AWAY BY 1-AWAY
Info: REMOVING COM VELOCITY 0.0160361 0.0212113 0.0453351
Info: LARGEST PATCH (5) HAS 838 ATOMS
Info: TORUS A SIZE 1 USING 0
Info: TORUS B SIZE 1 USING 0
Info: TORUS C SIZE 1 USING 0
Info: TORUS MINIMAL MESH SIZE IS 1 BY 1 BY 1
Info: Placed 100% of base nodes on same physical node as patch
Info: Startup phase 6 took 0.00492959 s, 685.415 MB of memory in use
Info: PME using 1 and 1 processors for FFT and reciprocal sum.
Info: PME GRID LOCATIONS: 0
Info: PME TRANS LOCATIONS: 0
Info: PME USING 1 GRID NODES AND 1 TRANS NODES
Info: Optimizing 4 FFT steps.  1... 2... 3... 4...   Done.
Info: Startup phase 7 took 0.000356544 s, 685.415 MB of memory in use
Info: Startup phase 8 took 1.6373e-05 s, 685.415 MB of memory in use
Info: Startup phase 9 took 9.456e-06 s, 685.415 MB of memory in use
Info: Startup phase 10 took 8.284e-06 s, 685.415 MB of memory in use
Info: Startup phase 11 took 9.413e-06 s, 685.415 MB of memory in use
LDB: Central LB being created...
Info: Startup phase 12 took 2.8109e-05 s, 685.415 MB of memory in use
Info: Startup phase 13 took 9.561e-06 s, 685.415 MB of memory in use
Info: Startup phase 14 took 8.207e-06 s, 685.415 MB of memory in use
Info: Startup phase 15 took 8.256e-06 s, 685.415 MB of memory in use
Info: CREATING 725 COMPUTE OBJECTS
Info: Startup phase 16 took 0.00112677 s, 685.415 MB of memory in use
Info: Startup phase 17 took 2.4656e-05 s, 685.415 MB of memory in use
Info: Startup phase 18 took 8.0771e-05 s, 685.415 MB of memory in use
Info: Finished startup at 25.0495 s, 685.415 MB of memory in use

PRESSURE: 0 -319.763 -167.629 117.244 -167.629 -193.827 109.521 117.244 109.521 -5.07136
GPRESSURE: 0 -227.239 -264.22 -9.20159 -179.884 -258.631 94.3318 172.326 2.11519 8.19082
ETITLE:      TS           BOND          ANGLE          DIHED          IMPRP               ELECT            VDW       BOUNDARY           MISC        KINETIC               TOTAL           TEMP      POTENTIAL         TOTAL3        TEMPAVG            PRESSURE      GPRESSURE         VOLUME       PRESSAVG      GPRESSAVG

ENERGY:       0      1594.0351      9365.7228      5731.5533        69.6310         -60472.2824     -1513.1044         0.0000         0.0000     18902.7574         -26321.6872       305.0868    -45224.4445    -26169.4147       305.0868           -172.8870      -159.2264    266912.4031      -172.8870      -159.2264

OPENING EXTENDED SYSTEM TRAJECTORY FILE
LDB: ============= START OF LOAD BALANCING ============== 26.7974
LDB: ============== END OF LOAD BALANCING =============== 26.7975
LDB: =============== DONE WITH MIGRATION ================ 26.7975
LDB: ============= START OF LOAD BALANCING ============== 33.4533
LDB: ============== END OF LOAD BALANCING =============== 33.4533
LDB: =============== DONE WITH MIGRATION ================ 33.4534
Info: Initial time: 1 CPUs 0.166439 s/step 0.963187 days/ns 685.415 MB memory
LDB: ============= START OF LOAD BALANCING ============== 35.1145
LDB: ============== END OF LOAD BALANCING =============== 35.1145
LDB: =============== DONE WITH MIGRATION ================ 35.1146
LDB: ============= START OF LOAD BALANCING ============== 41.7356
LDB: ============== END OF LOAD BALANCING =============== 41.7357
LDB: =============== DONE WITH MIGRATION ================ 41.7358
Info: Initial time: 1 CPUs 0.165667 s/step 0.95872 days/ns 685.415 MB memory
LDB: ============= START OF LOAD BALANCING ============== 50.0012
LDB: ============== END OF LOAD BALANCING =============== 50.0013
LDB: =============== DONE WITH MIGRATION ================ 50.0013
Info: Initial time: 1 CPUs 0.165237 s/step 0.956231 days/ns 685.415 MB memory
LDB: ============= START OF LOAD BALANCING ============== 58.2538
LDB: ============== END OF LOAD BALANCING =============== 58.2539
LDB: =============== DONE WITH MIGRATION ================ 58.254
Info: Benchmark time: 1 CPUs 0.165052 s/step 0.955162 days/ns 685.415 MB memory
Info: Benchmark time: 1 CPUs 0.16486 s/step 0.954051 days/ns 685.415 MB memory
Info: Benchmark time: 1 CPUs 0.164747 s/step 0.953397 days/ns 685.415 MB memory
Info: Benchmark time: 1 CPUs 0.165175 s/step 0.955874 days/ns 685.415 MB memory
Info: Benchmark time: 1 CPUs 0.165331 s/step 0.956775 days/ns 685.415 MB memory
Info: Benchmark time: 1 CPUs 0.165876 s/step 0.959931 days/ns 685.415 MB memory
LDB: ============= START OF LOAD BALANCING ============== 381.01
LDB: ============== END OF LOAD BALANCING =============== 381.01
LDB: =============== DONE WITH MIGRATION ================ 381.01
LDB: ============= START OF LOAD BALANCING ============== 389.31
LDB: ============== END OF LOAD BALANCING =============== 389.31
LDB: =============== DONE WITH MIGRATION ================ 389.31
LDB: ============= START OF LOAD BALANCING ============== 713.209
LDB: ============== END OF LOAD BALANCING =============== 713.209
LDB: =============== DONE WITH MIGRATION ================ 713.209
LDB: ============= START OF LOAD BALANCING ============== 721.523
LDB: ============== END OF LOAD BALANCING =============== 721.524
LDB: =============== DONE WITH MIGRATION ================ 721.524
LDB: ============= START OF LOAD BALANCING ============== 1045.28
LDB: ============== END OF LOAD BALANCING =============== 1045.28
LDB: =============== DONE WITH MIGRATION ================ 1045.28
LDB: ============= START OF LOAD BALANCING ============== 1053.59
LDB: ============== END OF LOAD BALANCING =============== 1053.59
LDB: =============== DONE WITH MIGRATION ================ 1053.59
LDB: ============= START OF LOAD BALANCING ============== 1378.01
LDB: ============== END OF LOAD BALANCING =============== 1378.01
LDB: =============== DONE WITH MIGRATION ================ 1378.01
LDB: ============= START OF LOAD BALANCING ============== 1386.31
LDB: ============== END OF LOAD BALANCING =============== 1386.31
LDB: =============== DONE WITH MIGRATION ================ 1386.31
PRESSURE: 10000 134.038 508.888 355.278 508.888 466.587 -142.203 355.278 -142.203 -468.707
GPRESSURE: 10000 118.574 263.577 247.694 268.834 453.245 -83.8353 335.457 99.2795 -382.448
PRESSAVG: 10000 68.5216 15.3876 2.64916 15.3876 84.0561 -9.16295 2.64916 -9.16295 -0.702494
GPRESSAVG: 10000 68.5242 15.4296 2.63425 15.422 84.0573 -9.12204 2.56745 -9.26744 -0.76609
ENERGY:   10000      1608.8529      9126.7668      5696.4114        71.4042         -60627.9336     -1274.5796         0.0000         0.0000     18584.9417         -26814.1361       299.9573    -45399.0778    -26666.9922       303.7024             43.9726        63.1236    265428.7366        50.6251        50.6051

OPENING COORDINATE DCD FILE
WRITING COORDINATES TO DCD FILE NPT.dcd AT STEP 10000
The last position output (seq=10000) takes 0.001 seconds, 685.415 MB of memory in use
LDB: ============= START OF LOAD BALANCING ============== 1711.26
LDB: ============== END OF LOAD BALANCING =============== 1711.26
LDB: =============== DONE WITH MIGRATION ================ 1711.26
LDB: ============= START OF LOAD BALANCING ============== 1719.61
LDB: ============== END OF LOAD BALANCING =============== 1719.61
LDB: =============== DONE WITH MIGRATION ================ 1719.61
LDB: ============= START OF LOAD BALANCING ============== 2045.17
LDB: ============== END OF LOAD BALANCING =============== 2045.17
LDB: =============== DONE WITH MIGRATION ================ 2045.17
LDB: ============= START OF LOAD BALANCING ============== 2053.53
LDB: ============== END OF LOAD BALANCING =============== 2053.53
LDB: =============== DONE WITH MIGRATION ================ 2053.53
LDB: ============= START OF LOAD BALANCING ============== 2379.25
LDB: ============== END OF LOAD BALANCING =============== 2379.25
LDB: =============== DONE WITH MIGRATION ================ 2379.25
LDB: ============= START OF LOAD BALANCING ============== 2387.59
LDB: ============== END OF LOAD BALANCING =============== 2387.59
LDB: =============== DONE WITH MIGRATION ================ 2387.59
LDB: ============= START OF LOAD BALANCING ============== 2713.12
LDB: ============== END OF LOAD BALANCING =============== 2713.13
LDB: =============== DONE WITH MIGRATION ================ 2713.13
LDB: ============= START OF LOAD BALANCING ============== 2721.48
LDB: ============== END OF LOAD BALANCING =============== 2721.48
LDB: =============== DONE WITH MIGRATION ================ 2721.48
LDB: ============= START OF LOAD BALANCING ============== 3046.81
LDB: ============== END OF LOAD BALANCING =============== 3046.81
LDB: =============== DONE WITH MIGRATION ================ 3046.81
LDB: ============= START OF LOAD BALANCING ============== 3055.15
LDB: ============== END OF LOAD BALANCING =============== 3055.15
LDB: =============== DONE WITH MIGRATION ================ 3055.15
PRESSURE: 20000 -510.51 -107.501 -294.148 -107.501 331.509 301.151 -294.148 301.151 -197.992
GPRESSURE: 20000 -299.494 -156.399 -274.72 -170.387 243.59 432.479 -306.6 119.903 -282.092
PRESSAVG: 20000 45.9687 -8.83216 11.5423 -8.83216 27.4685 -14.3777 11.5423 -14.3777 3.15962
GPRESSAVG: 20000 45.9417 -8.88463 11.5177 -8.76182 27.4877 -14.4 11.5646 -14.3575 3.17741
ENERGY:   20000      1612.7784      9240.7059      5719.1355        77.7166         -60502.4427     -1347.6640         0.0000         0.0000     18862.1590         -26337.6113       304.4315    -45199.7703    -26191.5193       302.9705           -125.6641      -112.6651    267518.3901        25.5323        25.5356

WRITING COORDINATES TO DCD FILE NPT.dcd AT STEP 20000
The last position output (seq=20000) takes 0.000 seconds, 685.415 MB of memory in use
LDB: ============= START OF LOAD BALANCING ============== 3379.68
LDB: ============== END OF LOAD BALANCING =============== 3379.68
LDB: =============== DONE WITH MIGRATION ================ 3379.68
LDB: ============= START OF LOAD BALANCING ============== 3388.02
LDB: ============== END OF LOAD BALANCING =============== 3388.02
LDB: =============== DONE WITH MIGRATION ================ 3388.02
LDB: ============= START OF LOAD BALANCING ============== 3712.91
LDB: ============== END OF LOAD BALANCING =============== 3712.91
LDB: =============== DONE WITH MIGRATION ================ 3712.91
LDB: ============= START OF LOAD BALANCING ============== 3721.25
LDB: ============== END OF LOAD BALANCING =============== 3721.25
LDB: =============== DONE WITH MIGRATION ================ 3721.25
LDB: ============= START OF LOAD BALANCING ============== 4046.79
LDB: ============== END OF LOAD BALANCING =============== 4046.79
LDB: =============== DONE WITH MIGRATION ================ 4046.79
LDB: ============= START OF LOAD BALANCING ============== 4055.16
LDB: ============== END OF LOAD BALANCING =============== 4055.16
LDB: =============== DONE WITH MIGRATION ================ 4055.16
LDB: ============= START OF LOAD BALANCING ============== 4380.61
LDB: ============== END OF LOAD BALANCING =============== 4380.61
LDB: =============== DONE WITH MIGRATION ================ 4380.61
LDB: ============= START OF LOAD BALANCING ============== 4388.97
LDB: ============== END OF LOAD BALANCING =============== 4388.97
LDB: =============== DONE WITH MIGRATION ================ 4388.97
LDB: ============= START OF LOAD BALANCING ============== 4714.55
LDB: ============== END OF LOAD BALANCING =============== 4714.55
LDB: =============== DONE WITH MIGRATION ================ 4714.55
LDB: ============= START OF LOAD BALANCING ============== 4722.92
LDB: ============== END OF LOAD BALANCING =============== 4722.92
LDB: =============== DONE WITH MIGRATION ================ 4722.92
PRESSURE: 30000 27.4199 104.04 64.4716 104.04 257.876 -61.0309 64.4716 -61.0309 -27.8662
GPRESSURE: 30000 -58.645 131.838 131.684 88.5493 323.627 -228.86 -15.7582 40.0472 52.2945
PRESSAVG: 30000 -1.85803 -16.371 27.1873 -16.371 15.4138 4.28152 27.1873 4.28152 -0.223596
GPRESSAVG: 30000 -1.86013 -16.3145 27.2122 -16.3684 15.4873 4.34582 27.237 4.31881 -0.156505
ENERGY:   30000      1581.5890      9219.4672      5692.1057        82.9080         -60391.6920     -1351.4026         0.0000         0.0000     18787.3186         -26379.7060       303.2236    -45167.0246    -26230.2231       303.4963             85.8098       105.7587    265702.6575         4.4440         4.4902

WRITING COORDINATES TO DCD FILE NPT.dcd AT STEP 30000
The last position output (seq=30000) takes 0.000 seconds, 685.415 MB of memory in use
LDB: ============= START OF LOAD BALANCING ============== 5048.9
LDB: ============== END OF LOAD BALANCING =============== 5048.9
LDB: =============== DONE WITH MIGRATION ================ 5048.9
LDB: ============= START OF LOAD BALANCING ============== 5057.29
LDB: ============== END OF LOAD BALANCING =============== 5057.29
LDB: =============== DONE WITH MIGRATION ================ 5057.29
LDB: ============= START OF LOAD BALANCING ============== 5382.74
LDB: ============== END OF LOAD BALANCING =============== 5382.74
LDB: =============== DONE WITH MIGRATION ================ 5382.74
LDB: ============= START OF LOAD BALANCING ============== 5391.1
LDB: ============== END OF LOAD BALANCING =============== 5391.1
LDB: =============== DONE WITH MIGRATION ================ 5391.1
LDB: ============= START OF LOAD BALANCING ============== 5715.97
LDB: ============== END OF LOAD BALANCING =============== 5715.97
LDB: =============== DONE WITH MIGRATION ================ 5715.97
LDB: ============= START OF LOAD BALANCING ============== 5724.29
LDB: ============== END OF LOAD BALANCING =============== 5724.29
LDB: =============== DONE WITH MIGRATION ================ 5724.29
LDB: ============= START OF LOAD BALANCING ============== 6049.21
LDB: ============== END OF LOAD BALANCING =============== 6049.21
LDB: =============== DONE WITH MIGRATION ================ 6049.21
LDB: ============= START OF LOAD BALANCING ============== 6057.55
LDB: ============== END OF LOAD BALANCING =============== 6057.55
LDB: =============== DONE WITH MIGRATION ================ 6057.55
LDB: ============= START OF LOAD BALANCING ============== 6382.79
LDB: ============== END OF LOAD BALANCING =============== 6382.79
LDB: =============== DONE WITH MIGRATION ================ 6382.79
LDB: ============= START OF LOAD BALANCING ============== 6391.13
LDB: ============== END OF LOAD BALANCING =============== 6391.13
LDB: =============== DONE WITH MIGRATION ================ 6391.13
PRESSURE: 40000 -799.982 231.086 302.555 231.086 -305.904 -274.175 302.555 -274.175 22.9477
GPRESSURE: 40000 -784.995 -14.7114 175.397 283.079 -198.719 -410.857 88.4188 -177.84 -24.3452
PRESSAVG: 40000 -59.7068 -71.5734 -4.10917 -71.5734 1.09087 -23.9495 -4.10917 -23.9495 8.78712
GPRESSAVG: 40000 -59.7617 -71.7653 -4.20651 -71.5393 1.04641 -23.94 -4.10553 -23.9454 8.82489
ENERGY:   40000      1589.0995      9277.6750      5753.2728        71.6856         -60600.3250     -1334.6164         0.0000         0.0000     19008.7372         -26234.4713       306.7973    -45243.2085    -26091.6562       303.8802           -360.9796      -336.0199    266490.7505       -16.6096       -16.6301

WRITING COORDINATES TO DCD FILE NPT.dcd AT STEP 40000
The last position output (seq=40000) takes 0.000 seconds, 685.415 MB of memory in use
LDB: ============= START OF LOAD BALANCING ============== 6716.08
LDB: ============== END OF LOAD BALANCING =============== 6716.08
LDB: =============== DONE WITH MIGRATION ================ 6716.08
LDB: ============= START OF LOAD BALANCING ============== 6724.43
LDB: ============== END OF LOAD BALANCING =============== 6724.43
LDB: =============== DONE WITH MIGRATION ================ 6724.43
LDB: ============= START OF LOAD BALANCING ============== 7049.59
LDB: ============== END OF LOAD BALANCING =============== 7049.59
LDB: =============== DONE WITH MIGRATION ================ 7049.59
LDB: ============= START OF LOAD BALANCING ============== 7057.93
LDB: ============== END OF LOAD BALANCING =============== 7057.93
LDB: =============== DONE WITH MIGRATION ================ 7057.93
LDB: ============= START OF LOAD BALANCING ============== 7383.71
LDB: ============== END OF LOAD BALANCING =============== 7383.71
LDB: =============== DONE WITH MIGRATION ================ 7383.71
LDB: ============= START OF LOAD BALANCING ============== 7392.05
LDB: ============== END OF LOAD BALANCING =============== 7392.05
LDB: =============== DONE WITH MIGRATION ================ 7392.05
LDB: ============= START OF LOAD BALANCING ============== 7717.82
LDB: ============== END OF LOAD BALANCING =============== 7717.82
LDB: =============== DONE WITH MIGRATION ================ 7717.82
LDB: ============= START OF LOAD BALANCING ============== 7726.16
LDB: ============== END OF LOAD BALANCING =============== 7726.16
LDB: =============== DONE WITH MIGRATION ================ 7726.16
LDB: ============= START OF LOAD BALANCING ============== 8052.14
LDB: ============== END OF LOAD BALANCING =============== 8052.14
LDB: =============== DONE WITH MIGRATION ================ 8052.14
LDB: ============= START OF LOAD BALANCING ============== 8060.53
LDB: ============== END OF LOAD BALANCING =============== 8060.53
LDB: =============== DONE WITH MIGRATION ================ 8060.53
PRESSURE: 50000 -228.816 -85.7674 -97.7806 -85.7674 -267.729 -540.456 -97.7806 -540.456 -190.241
GPRESSURE: 50000 -255 -300.265 12.2629 -56.5375 -238.269 -524.916 -184.106 -425.313 -165.484
PRESSAVG: 50000 -58.0129 -29.6509 -20.4854 -29.6509 29.7269 -4.60436 -20.4854 -4.60436 -5.09339
GPRESSAVG: 50000 -57.9731 -29.5946 -20.4526 -29.7508 29.7904 -4.59797 -20.4411 -4.54506 -5.17666
ENERGY:   50000      1626.5043      9302.1885      5631.5217        69.3549         -60397.7875     -1443.3413         0.0000         0.0000     18479.9169         -26731.6426       298.2622    -45211.5595    -26590.8403       303.0859           -228.9288      -219.5845    266615.2639       -11.1264       -11.1198

WRITING EXTENDED SYSTEM TO RESTART FILE AT STEP 50000
WRITING COORDINATES TO DCD FILE NPT.dcd AT STEP 50000
WRITING COORDINATES TO RESTART FILE AT STEP 50000
FINISHED WRITING RESTART COORDINATES
The last position output (seq=50000) takes 0.001 seconds, 685.415 MB of memory in use
WRITING VELOCITIES TO RESTART FILE AT STEP 50000
FINISHED WRITING RESTART VELOCITIES
The last velocity output (seq=50000) takes 0.000 seconds, 685.415 MB of memory in use
LDB: ============= START OF LOAD BALANCING ============== 8387.01
LDB: ============== END OF LOAD BALANCING =============== 8387.01
LDB: =============== DONE WITH MIGRATION ================ 8387.01
LDB: ============= START OF LOAD BALANCING ============== 8395.37
LDB: ============== END OF LOAD BALANCING =============== 8395.37
LDB: =============== DONE WITH MIGRATION ================ 8395.37
LDB: ============= START OF LOAD BALANCING ============== 8721.4
LDB: ============== END OF LOAD BALANCING =============== 8721.4
LDB: =============== DONE WITH MIGRATION ================ 8721.4
LDB: ============= START OF LOAD BALANCING ============== 8729.79
LDB: ============== END OF LOAD BALANCING =============== 8729.79
LDB: =============== DONE WITH MIGRATION ================ 8729.79
LDB: ============= START OF LOAD BALANCING ============== 9056.88
LDB: ============== END OF LOAD BALANCING =============== 9056.88
LDB: =============== DONE WITH MIGRATION ================ 9056.88
LDB: ============= START OF LOAD BALANCING ============== 9065.25
LDB: ============== END OF LOAD BALANCING =============== 9065.25
LDB: =============== DONE WITH MIGRATION ================ 9065.25
LDB: ============= START OF LOAD BALANCING ============== 9391.73
LDB: ============== END OF LOAD BALANCING =============== 9391.73
LDB: =============== DONE WITH MIGRATION ================ 9391.73
LDB: ============= START OF LOAD BALANCING ============== 9400.1
LDB: ============== END OF LOAD BALANCING =============== 9400.1
LDB: =============== DONE WITH MIGRATION ================ 9400.1
LDB: ============= START OF LOAD BALANCING ============== 9725.65
LDB: ============== END OF LOAD BALANCING =============== 9725.65
LDB: =============== DONE WITH MIGRATION ================ 9725.65
LDB: ============= START OF LOAD BALANCING ============== 9734
LDB: ============== END OF LOAD BALANCING =============== 9734
LDB: =============== DONE WITH MIGRATION ================ 9734
PRESSURE: 60000 312.444 -102.462 40.8657 -102.462 28.2504 -119.418 40.8657 -119.418 437.255
GPRESSURE: 60000 219.826 182.906 98.6093 -174.539 9.32591 98.7044 -29.6791 -450.401 606.341
PRESSAVG: 60000 -13.7479 -5.97287 20.233 -5.97287 68.987 26.3793 20.233 26.3793 2.17535
GPRESSAVG: 60000 -13.8589 -5.93812 20.2068 -5.90363 69.0141 26.4134 20.2474 26.4869 2.18523
ENERGY:   60000      1592.4124      9427.7273      5715.9153        73.6768         -60607.4262     -1205.4843         0.0000         0.0000     18800.5895         -26202.5891       303.4378    -45003.1787    -26063.0552       303.3742            259.3166       278.4977    267133.9429        19.1382        19.1135

WRITING COORDINATES TO DCD FILE NPT.dcd AT STEP 60000
The last position output (seq=60000) takes 0.000 seconds, 685.415 MB of memory in use
LDB: ============= START OF LOAD BALANCING ============== 10059
LDB: ============== END OF LOAD BALANCING =============== 10059
LDB: =============== DONE WITH MIGRATION ================ 10059
LDB: ============= START OF LOAD BALANCING ============== 10067.4
LDB: ============== END OF LOAD BALANCING =============== 10067.4
LDB: =============== DONE WITH MIGRATION ================ 10067.4
LDB: ============= START OF LOAD BALANCING ============== 10392.9
LDB: ============== END OF LOAD BALANCING =============== 10392.9
LDB: =============== DONE WITH MIGRATION ================ 10392.9
LDB: ============= START OF LOAD BALANCING ============== 10401.2
LDB: ============== END OF LOAD BALANCING =============== 10401.2
LDB: =============== DONE WITH MIGRATION ================ 10401.2
LDB: ============= START OF LOAD BALANCING ============== 10727.5
LDB: ============== END OF LOAD BALANCING =============== 10727.5
LDB: =============== DONE WITH MIGRATION ================ 10727.5
LDB: ============= START OF LOAD BALANCING ============== 10735.8
LDB: ============== END OF LOAD BALANCING =============== 10735.8
LDB: =============== DONE WITH MIGRATION ================ 10735.8
LDB: ============= START OF LOAD BALANCING ============== 11062
LDB: ============== END OF LOAD BALANCING =============== 11062
LDB: =============== DONE WITH MIGRATION ================ 11062
LDB: ============= START OF LOAD BALANCING ============== 11070.4
LDB: ============== END OF LOAD BALANCING =============== 11070.4
LDB: =============== DONE WITH MIGRATION ================ 11070.4
LDB: ============= START OF LOAD BALANCING ============== 11396.3
LDB: ============== END OF LOAD BALANCING =============== 11396.3
LDB: =============== DONE WITH MIGRATION ================ 11396.3
LDB: ============= START OF LOAD BALANCING ============== 11404.7
LDB: ============== END OF LOAD BALANCING =============== 11404.7
LDB: =============== DONE WITH MIGRATION ================ 11404.7
PRESSURE: 70000 -54.6393 64.3547 -181.686 64.3547 -34.0126 -215.662 -181.686 -215.662 433.01
GPRESSURE: 70000 -44.7101 65.888 -9.689 55.537 1.268 -175.059 -198.769 -145.245 408.123
PRESSAVG: 70000 -13.534 -25.5325 2.96212 -25.5325 12.1074 0.00958755 2.96212 0.00958755 3.70864
GPRESSAVG: 70000 -13.5361 -25.5863 2.92918 -25.4764 12.1368 -0.0450351 2.86483 0.0538886 3.78432
ENERGY:   70000      1601.4150      9323.6307      5707.7579        76.2889         -60556.5261     -1291.3178         0.0000         0.0000     18706.1176         -26432.6338       301.9130    -45138.7514    -26277.0472       304.5367            114.7859       121.5603    267069.4357         0.7607         0.7950

WRITING COORDINATES TO DCD FILE NPT.dcd AT STEP 70000
The last position output (seq=70000) takes 0.000 seconds, 685.415 MB of memory in use
LDB: ============= START OF LOAD BALANCING ============== 11731
LDB: ============== END OF LOAD BALANCING =============== 11731
LDB: =============== DONE WITH MIGRATION ================ 11731
LDB: ============= START OF LOAD BALANCING ============== 11739.3
LDB: ============== END OF LOAD BALANCING =============== 11739.3
LDB: =============== DONE WITH MIGRATION ================ 11739.3
LDB: ============= START OF LOAD BALANCING ============== 12065
LDB: ============== END OF LOAD BALANCING =============== 12065
LDB: =============== DONE WITH MIGRATION ================ 12065
LDB: ============= START OF LOAD BALANCING ============== 12073.3
LDB: ============== END OF LOAD BALANCING =============== 12073.3
LDB: =============== DONE WITH MIGRATION ================ 12073.3
LDB: ============= START OF LOAD BALANCING ============== 12399.7
LDB: ============== END OF LOAD BALANCING =============== 12399.7
LDB: =============== DONE WITH MIGRATION ================ 12399.7
LDB: ============= START OF LOAD BALANCING ============== 12408.1
LDB: ============== END OF LOAD BALANCING =============== 12408.1
LDB: =============== DONE WITH MIGRATION ================ 12408.1
LDB: ============= START OF LOAD BALANCING ============== 12734.1
LDB: ============== END OF LOAD BALANCING =============== 12734.1
LDB: =============== DONE WITH MIGRATION ================ 12734.1
LDB: ============= START OF LOAD BALANCING ============== 12742.5
LDB: ============== END OF LOAD BALANCING =============== 12742.5
LDB: =============== DONE WITH MIGRATION ================ 12742.5
LDB: ============= START OF LOAD BALANCING ============== 13068.3
LDB: ============== END OF LOAD BALANCING =============== 13068.3
LDB: =============== DONE WITH MIGRATION ================ 13068.3
LDB: ============= START OF LOAD BALANCING ============== 13076.7
LDB: ============== END OF LOAD BALANCING =============== 13076.7
LDB: =============== DONE WITH MIGRATION ================ 13076.7
PRESSURE: 80000 286.289 7.25661 327.875 7.25661 -176.364 -8.00968 327.875 -8.00968 -564.455
GPRESSURE: 80000 234.626 -75.3482 310.579 -215.521 -75.4422 84.7288 -137.742 -173.293 -563.776
PRESSAVG: 80000 26.1809 -61.143 18.1917 -61.143 21.2501 -8.04163 18.1917 -8.04163 5.96609
GPRESSAVG: 80000 26.1998 -61.2005 18.2454 -61.1302 21.2911 -7.91917 18.0851 -8.16164 5.93464
ENERGY:   80000      1584.1274      9257.6100      5787.2581        68.7599         -60617.6332     -1303.9681         0.0000         0.0000     18515.2791         -26708.5669       298.8329    -45223.8460    -26559.8250       303.4755           -151.5101      -134.8640    267150.0343        17.7991        17.8085

WRITING COORDINATES TO DCD FILE NPT.dcd AT STEP 80000
The last position output (seq=80000) takes 0.000 seconds, 685.415 MB of memory in use
LDB: ============= START OF LOAD BALANCING ============== 13403.3
LDB: ============== END OF LOAD BALANCING =============== 13403.3
LDB: =============== DONE WITH MIGRATION ================ 13403.3
LDB: ============= START OF LOAD BALANCING ============== 13411.7
LDB: ============== END OF LOAD BALANCING =============== 13411.7
LDB: =============== DONE WITH MIGRATION ================ 13411.7
LDB: ============= START OF LOAD BALANCING ============== 13738.3
LDB: ============== END OF LOAD BALANCING =============== 13738.3
LDB: =============== DONE WITH MIGRATION ================ 13738.3
LDB: ============= START OF LOAD BALANCING ============== 13746.6
LDB: ============== END OF LOAD BALANCING =============== 13746.6
LDB: =============== DONE WITH MIGRATION ================ 13746.6
LDB: ============= START OF LOAD BALANCING ============== 14072.6
LDB: ============== END OF LOAD BALANCING =============== 14072.6
LDB: =============== DONE WITH MIGRATION ================ 14072.6
LDB: ============= START OF LOAD BALANCING ============== 14081
LDB: ============== END OF LOAD BALANCING =============== 14081
LDB: =============== DONE WITH MIGRATION ================ 14081
LDB: ============= START OF LOAD BALANCING ============== 14407.1
LDB: ============== END OF LOAD BALANCING =============== 14407.1
LDB: =============== DONE WITH MIGRATION ================ 14407.1
LDB: ============= START OF LOAD BALANCING ============== 14415.4
LDB: ============== END OF LOAD BALANCING =============== 14415.4
LDB: =============== DONE WITH MIGRATION ================ 14415.4
LDB: ============= START OF LOAD BALANCING ============== 14740.8
LDB: ============== END OF LOAD BALANCING =============== 14740.8
LDB: =============== DONE WITH MIGRATION ================ 14740.8
LDB: ============= START OF LOAD BALANCING ============== 14749.1
LDB: ============== END OF LOAD BALANCING =============== 14749.1
LDB: =============== DONE WITH MIGRATION ================ 14749.1
PRESSURE: 90000 102.986 -49.1415 -372.048 -49.1415 -88.443 257.284 -372.048 257.284 -316.433
GPRESSURE: 90000 90.5523 -158.537 -353.816 -257.179 -108.588 287.437 -381.847 136.714 -233.873
PRESSAVG: 90000 -30.4137 -49.0609 3.1741 -49.0609 -9.48286 -10.0864 3.1741 -10.0864 -3.12873
GPRESSAVG: 90000 -30.4583 -49.0611 3.17306 -49.0398 -9.44746 -10.1456 3.26063 -10.0011 -3.08336
ENERGY:   90000      1610.8425      9250.7183      5710.9516        72.3626         -60375.4157     -1364.2789         0.0000         0.0000     18868.3794         -26226.4402       304.5319    -45094.8197    -26079.0942       304.1486           -100.6300       -83.9694    267583.6463       -14.3418       -14.3297

WRITING COORDINATES TO DCD FILE NPT.dcd AT STEP 90000
The last position output (seq=90000) takes 0.000 seconds, 685.415 MB of memory in use
LDB: ============= START OF LOAD BALANCING ============== 15074.4
LDB: ============== END OF LOAD BALANCING =============== 15074.4
LDB: =============== DONE WITH MIGRATION ================ 15074.4
LDB: ============= START OF LOAD BALANCING ============== 15082.7
LDB: ============== END OF LOAD BALANCING =============== 15082.7
LDB: =============== DONE WITH MIGRATION ================ 15082.7
LDB: ============= START OF LOAD BALANCING ============== 15408.6
LDB: ============== END OF LOAD BALANCING =============== 15408.6
LDB: =============== DONE WITH MIGRATION ================ 15408.6
LDB: ============= START OF LOAD BALANCING ============== 15417
LDB: ============== END OF LOAD BALANCING =============== 15417
LDB: =============== DONE WITH MIGRATION ================ 15417
LDB: ============= START OF LOAD BALANCING ============== 15742.9
LDB: ============== END OF LOAD BALANCING =============== 15742.9
LDB: =============== DONE WITH MIGRATION ================ 15742.9
LDB: ============= START OF LOAD BALANCING ============== 15751.3
LDB: ============== END OF LOAD BALANCING =============== 15751.3
LDB: =============== DONE WITH MIGRATION ================ 15751.3
LDB: ============= START OF LOAD BALANCING ============== 16077
LDB: ============== END OF LOAD BALANCING =============== 16077
LDB: =============== DONE WITH MIGRATION ================ 16077
LDB: ============= START OF LOAD BALANCING ============== 16085.3
LDB: ============== END OF LOAD BALANCING =============== 16085.3
LDB: =============== DONE WITH MIGRATION ================ 16085.3
LDB: ============= START OF LOAD BALANCING ============== 16411.2
LDB: ============== END OF LOAD BALANCING =============== 16411.2
LDB: =============== DONE WITH MIGRATION ================ 16411.2
LDB: ============= START OF LOAD BALANCING ============== 16419.6
LDB: ============== END OF LOAD BALANCING =============== 16419.6
LDB: =============== DONE WITH MIGRATION ================ 16419.6
PRESSURE: 100000 479.38 518.18 40.2921 518.18 -20.3727 91.2688 40.2921 91.2688 482.124
GPRESSURE: 100000 486.412 438.484 13.0978 433.934 99.1043 91.4767 163.435 31.6564 398.805
PRESSAVG: 100000 -56.4093 -49.0675 -18.756 -49.0675 -11.7272 10.9512 -18.756 10.9512 2.61324
GPRESSAVG: 100000 -56.3665 -49.1023 -18.7655 -49.0283 -11.6939 10.9227 -18.7387 10.8886 2.57124
TIMING: 100000  CPU: 16695.6, 0.166952/step  Wall: 16695.9, 0.166955/step, 41.7388 hours remaining, 685.415271 MB of memory in use.
PERFORMANCE: 100000  averaging 1.03501 ns/day, 0.166955 sec/step with standard deviation 0
ETITLE:      TS           BOND          ANGLE          DIHED          IMPRP               ELECT            VDW       BOUNDARY           MISC        KINETIC               TOTAL           TEMP      POTENTIAL         TOTAL3        TEMPAVG            PRESSURE      GPRESSURE         VOLUME       PRESSAVG      GPRESSAVG

ENERGY:  100000      1572.1987      9228.1477      5716.5996        69.3014         -60583.0329     -1327.7248         0.0000         0.0000     18788.2085         -26536.3018       303.2380    -45324.5103    -26376.5357       303.6829            313.7102       328.1069    266409.0709       -21.8411       -21.8297

WRITING EXTENDED SYSTEM TO RESTART FILE AT STEP 100000
WRITING COORDINATES TO DCD FILE NPT.dcd AT STEP 100000
WRITING COORDINATES TO RESTART FILE AT STEP 100000
FINISHED WRITING RESTART COORDINATES
The last position output (seq=100000) takes 0.001 seconds, 685.415 MB of memory in use
WRITING VELOCITIES TO RESTART FILE AT STEP 100000
FINISHED WRITING RESTART VELOCITIES
The last velocity output (seq=100000) takes 0.000 seconds, 685.415 MB of memory in use
LDB: ============= START OF LOAD BALANCING ============== 16745.7
LDB: ============== END OF LOAD BALANCING =============== 16745.7
LDB: =============== DONE WITH MIGRATION ================ 16745.7
LDB: ============= START OF LOAD BALANCING ============== 16754.1
LDB: ============== END OF LOAD BALANCING =============== 16754.1
LDB: =============== DONE WITH MIGRATION ================ 16754.1
LDB: ============= START OF LOAD BALANCING ============== 17079.8
LDB: ============== END OF LOAD BALANCING =============== 17079.8
LDB: =============== DONE WITH MIGRATION ================ 17079.8
LDB: ============= START OF LOAD BALANCING ============== 17088.1
LDB: ============== END OF LOAD BALANCING =============== 17088.1
LDB: =============== DONE WITH MIGRATION ================ 17088.1
LDB: ============= START OF LOAD BALANCING ============== 17413.8
LDB: ============== END OF LOAD BALANCING =============== 17413.8
LDB: =============== DONE WITH MIGRATION ================ 17413.8
LDB: ============= START OF LOAD BALANCING ============== 17422.2
LDB: ============== END OF LOAD BALANCING =============== 17422.2
LDB: =============== DONE WITH MIGRATION ================ 17422.2
LDB: ============= START OF LOAD BALANCING ============== 17748.6
LDB: ============== END OF LOAD BALANCING =============== 17748.6
LDB: =============== DONE WITH MIGRATION ================ 17748.6
LDB: ============= START OF LOAD BALANCING ============== 17756.9
LDB: ============== END OF LOAD BALANCING =============== 17756.9
LDB: =============== DONE WITH MIGRATION ================ 17756.9
LDB: ============= START OF LOAD BALANCING ============== 18083.1
LDB: ============== END OF LOAD BALANCING =============== 18083.1
LDB: =============== DONE WITH MIGRATION ================ 18083.1
LDB: ============= START OF LOAD BALANCING ============== 18091.4
LDB: ============== END OF LOAD BALANCING =============== 18091.4
LDB: =============== DONE WITH MIGRATION ================ 18091.4
PRESSURE: 110000 106.046 85.8208 698.703 85.8208 645.632 235.793 698.703 235.793 181.817
GPRESSURE: 110000 172.556 93.7146 508.647 73.0092 614.722 194.694 535.708 104.924 230.106
PRESSAVG: 110000 -48.7756 -9.43203 -10.7096 -9.43203 -22.7875 19.4469 -10.7096 19.4469 1.80977
GPRESSAVG: 110000 -48.8139 -9.35632 -10.8237 -9.4695 -22.8545 19.4322 -10.6164 19.5342 1.73907
ENERGY:  110000      1562.2770      9215.6872      5769.0263        74.6644         -60544.0195     -1286.9764         0.0000         0.0000     18640.0603         -26569.2805       300.8469    -45209.3409    -26419.6862       303.1948            311.1648       339.1280    266569.1729       -23.2511       -23.3098

WRITING COORDINATES TO DCD FILE NPT.dcd AT STEP 110000
LDB: ============= START OF LOAD BALANCING ============== 18417.4
LDB: ============== END OF LOAD BALANCING =============== 18417.4
LDB: =============== DONE WITH MIGRATION ================ 18417.4
LDB: ============= START OF LOAD BALANCING ============== 18425.8
LDB: ============== END OF LOAD BALANCING =============== 18425.8
LDB: =============== DONE WITH MIGRATION ================ 18425.8
LDB: ============= START OF LOAD BALANCING ============== 18751.6
LDB: ============== END OF LOAD BALANCING =============== 18751.6
LDB: =============== DONE WITH MIGRATION ================ 18751.6
LDB: ============= START OF LOAD BALANCING ============== 18759.9
LDB: ============== END OF LOAD BALANCING =============== 18759.9
LDB: =============== DONE WITH MIGRATION ================ 18759.9
LDB: ============= START OF LOAD BALANCING ============== 19085.6
LDB: ============== END OF LOAD BALANCING =============== 19085.6
LDB: =============== DONE WITH MIGRATION ================ 19085.6
LDB: ============= START OF LOAD BALANCING ============== 19094
LDB: ============== END OF LOAD BALANCING =============== 19094
LDB: =============== DONE WITH MIGRATION ================ 19094
LDB: ============= START OF LOAD BALANCING ============== 19420.4
LDB: ============== END OF LOAD BALANCING =============== 19420.4
LDB: =============== DONE WITH MIGRATION ================ 19420.4
LDB: ============= START OF LOAD BALANCING ============== 19428.8
LDB: ============== END OF LOAD BALANCING =============== 19428.8
LDB: =============== DONE WITH MIGRATION ================ 19428.8
LDB: ============= START OF LOAD BALANCING ============== 19754.9
LDB: ============== END OF LOAD BALANCING =============== 19754.9
LDB: =============== DONE WITH MIGRATION ================ 19754.9
LDB: ============= START OF LOAD BALANCING ============== 19763.3
LDB: ============== END OF LOAD BALANCING =============== 19763.3
LDB: =============== DONE WITH MIGRATION ================ 19763.3
PRESSURE: 120000 -835.906 -269.133 -37.2906 -269.133 -175.009 355.106 -37.2906 355.106 523.916
GPRESSURE: 120000 -534.391 -121.454 95.6889 -189.276 -254.845 348.919 205.847 466.868 366.08
PRESSAVG: 120000 -30.6593 19.9554 7.10787 19.9554 -2.69104 22.5643 7.10787 22.5643 5.81244
GPRESSAVG: 120000 -30.5781 20.0647 7.18576 19.9785 -2.59531 22.5118 7.04683 22.5008 5.77794
ENERGY:  120000      1594.0001      9206.3559      5692.5106        75.7569         -60471.0344     -1331.8442         0.0000         0.0000     18772.0207         -26462.2344       302.9767    -45234.2551    -26312.1061       303.4881           -162.3330      -141.0518    267209.0297        -9.1793        -9.1318

WRITING COORDINATES TO DCD FILE NPT.dcd AT STEP 120000
LDB: ============= START OF LOAD BALANCING ============== 20089
LDB: ============== END OF LOAD BALANCING =============== 20089
LDB: =============== DONE WITH MIGRATION ================ 20089
LDB: ============= START OF LOAD BALANCING ============== 20097.4
LDB: ============== END OF LOAD BALANCING =============== 20097.4
LDB: =============== DONE WITH MIGRATION ================ 20097.4
LDB: ============= START OF LOAD BALANCING ============== 20423.3
LDB: ============== END OF LOAD BALANCING =============== 20423.3
LDB: =============== DONE WITH MIGRATION ================ 20423.3
LDB: ============= START OF LOAD BALANCING ============== 20431.7
LDB: ============== END OF LOAD BALANCING =============== 20431.7
LDB: =============== DONE WITH MIGRATION ================ 20431.7
LDB: ============= START OF LOAD BALANCING ============== 20757.5
LDB: ============== END OF LOAD BALANCING =============== 20757.5
LDB: =============== DONE WITH MIGRATION ================ 20757.5
LDB: ============= START OF LOAD BALANCING ============== 20765.9
LDB: ============== END OF LOAD BALANCING =============== 20765.9
LDB: =============== DONE WITH MIGRATION ================ 20765.9
LDB: ============= START OF LOAD BALANCING ============== 21091.4
LDB: ============== END OF LOAD BALANCING =============== 21091.4
LDB: =============== DONE WITH MIGRATION ================ 21091.4
LDB: ============= START OF LOAD BALANCING ============== 21099.8
LDB: ============== END OF LOAD BALANCING =============== 21099.8
LDB: =============== DONE WITH MIGRATION ================ 21099.8
LDB: ============= START OF LOAD BALANCING ============== 21425.1
LDB: ============== END OF LOAD BALANCING =============== 21425.1
LDB: =============== DONE WITH MIGRATION ================ 21425.1
LDB: ============= START OF LOAD BALANCING ============== 21433.4
LDB: ============== END OF LOAD BALANCING =============== 21433.4
LDB: =============== DONE WITH MIGRATION ================ 21433.4
PRESSURE: 130000 -544.043 -12.8263 -8.67084 -12.8263 -363.96 -36.0129 -8.67084 -36.0129 55.8924
GPRESSURE: 130000 -502.835 -2.55193 109.821 132.55 -483.42 30.7622 110.754 -21.5749 173.67
PRESSAVG: 130000 -9.36972 -9.39477 -2.9513 -9.39477 -35.478 -3.01906 -2.9513 -3.01906 -0.277912
GPRESSAVG: 130000 -9.44363 -9.45447 -2.83106 -9.41806 -35.6388 -3.11682 -2.97205 -2.93388 -0.204343
ENERGY:  130000      1579.0824      9173.2567      5699.3914        70.1717         -60438.6046     -1463.8003         0.0000         0.0000     18692.6174         -26687.8853       301.6951    -45380.5027    -26542.6798       303.3822           -284.0371      -270.8617    266483.8661       -15.0419       -15.0956

WRITING COORDINATES TO DCD FILE NPT.dcd AT STEP 130000
LDB: ============= START OF LOAD BALANCING ============== 21759.8
LDB: ============== END OF LOAD BALANCING =============== 21759.8
LDB: =============== DONE WITH MIGRATION ================ 21759.8
LDB: ============= START OF LOAD BALANCING ============== 21768.1
LDB: ============== END OF LOAD BALANCING =============== 21768.1
LDB: =============== DONE WITH MIGRATION ================ 21768.1
LDB: ============= START OF LOAD BALANCING ============== 22095.1
LDB: ============== END OF LOAD BALANCING =============== 22095.1
LDB: =============== DONE WITH MIGRATION ================ 22095.1
LDB: ============= START OF LOAD BALANCING ============== 22103.5
LDB: ============== END OF LOAD BALANCING =============== 22103.5
LDB: =============== DONE WITH MIGRATION ================ 22103.5
LDB: ============= START OF LOAD BALANCING ============== 22430
LDB: ============== END OF LOAD BALANCING =============== 22430
LDB: =============== DONE WITH MIGRATION ================ 22430
LDB: ============= START OF LOAD BALANCING ============== 22438.4
LDB: ============== END OF LOAD BALANCING =============== 22438.4
LDB: =============== DONE WITH MIGRATION ================ 22438.4
LDB: ============= START OF LOAD BALANCING ============== 22765.2
LDB: ============== END OF LOAD BALANCING =============== 22765.2
LDB: =============== DONE WITH MIGRATION ================ 22765.2
LDB: ============= START OF LOAD BALANCING ============== 22773.6
LDB: ============== END OF LOAD BALANCING =============== 22773.6
LDB: =============== DONE WITH MIGRATION ================ 22773.6
LDB: ============= START OF LOAD BALANCING ============== 23100.3
LDB: ============== END OF LOAD BALANCING =============== 23100.3
LDB: =============== DONE WITH MIGRATION ================ 23100.3
LDB: ============= START OF LOAD BALANCING ============== 23108.7
LDB: ============== END OF LOAD BALANCING =============== 23108.7
LDB: =============== DONE WITH MIGRATION ================ 23108.7
PRESSURE: 140000 -1.81462 273.414 -215.422 273.414 -202.1 -233.484 -215.422 -233.484 -14.3383
GPRESSURE: 140000 177.887 363.613 -88.1682 367.152 -185.749 -221.793 -140.795 -342.347 -106.549
PRESSAVG: 140000 23.6033 43.262 -7.77615 43.262 -71.0415 -11.6177 -7.77615 -11.6177 2.13484
GPRESSAVG: 140000 23.6323 43.2321 -7.91515 43.3529 -71.0586 -11.6553 -7.68809 -11.6038 2.15686
ENERGY:  140000      1555.2779      9274.0135      5723.8355        80.2110         -60284.3123     -1279.2461         0.0000         0.0000     19004.2081         -25926.0123       306.7242    -44930.2204    -25776.7715       302.9824            -72.7511       -38.1367    266934.0713       -15.1011       -15.0898

WRITING COORDINATES TO DCD FILE NPT.dcd AT STEP 140000
LDB: ============= START OF LOAD BALANCING ============== 23435.4
LDB: ============== END OF LOAD BALANCING =============== 23435.4
LDB: =============== DONE WITH MIGRATION ================ 23435.4
LDB: ============= START OF LOAD BALANCING ============== 23443.8
LDB: ============== END OF LOAD BALANCING =============== 23443.8
LDB: =============== DONE WITH MIGRATION ================ 23443.8
LDB: ============= START OF LOAD BALANCING ============== 23769.8
LDB: ============== END OF LOAD BALANCING =============== 23769.8
LDB: =============== DONE WITH MIGRATION ================ 23769.8
LDB: ============= START OF LOAD BALANCING ============== 23778.1
LDB: ============== END OF LOAD BALANCING =============== 23778.1
LDB: =============== DONE WITH MIGRATION ================ 23778.1
LDB: ============= START OF LOAD BALANCING ============== 24104.1
LDB: ============== END OF LOAD BALANCING =============== 24104.1
LDB: =============== DONE WITH MIGRATION ================ 24104.1
LDB: ============= START OF LOAD BALANCING ============== 24112.5
LDB: ============== END OF LOAD BALANCING =============== 24112.5
LDB: =============== DONE WITH MIGRATION ================ 24112.5
LDB: ============= START OF LOAD BALANCING ============== 24438.5
LDB: ============== END OF LOAD BALANCING =============== 24438.5
LDB: =============== DONE WITH MIGRATION ================ 24438.5
LDB: ============= START OF LOAD BALANCING ============== 24446.9
LDB: ============== END OF LOAD BALANCING =============== 24446.9
LDB: =============== DONE WITH MIGRATION ================ 24446.9
LDB: ============= START OF LOAD BALANCING ============== 24773.1
LDB: ============== END OF LOAD BALANCING =============== 24773.1
LDB: =============== DONE WITH MIGRATION ================ 24773.1
LDB: ============= START OF LOAD BALANCING ============== 24781.5
LDB: ============== END OF LOAD BALANCING =============== 24781.5
LDB: =============== DONE WITH MIGRATION ================ 24781.5
PRESSURE: 150000 -456.15 -116.839 -88.7087 -116.839 226.231 282.241 -88.7087 282.241 -153.379
GPRESSURE: 150000 -519.294 -53.7977 -30.6027 108.846 183.663 290.21 -137.64 273.839 -23.6831
PRESSAVG: 150000 -60.9284 31.364 -23.1728 31.364 -98.1185 -4.32449 -23.1728 -4.32449 2.68417
GPRESSAVG: 150000 -60.9544 31.3915 -23.1581 31.2882 -98.1524 -4.40121 -23.2232 -4.18132 2.73492
ENERGY:  150000      1560.7214      9201.6143      5671.6692        69.9720         -60443.5110     -1394.4869         0.0000         0.0000     18535.5459         -26798.4751       299.1600    -45334.0210    -26650.7028       303.0195           -127.7661      -119.7713    267524.5461       -52.1209       -52.1240

WRITING EXTENDED SYSTEM TO RESTART FILE AT STEP 150000
WRITING COORDINATES TO DCD FILE NPT.dcd AT STEP 150000
WRITING COORDINATES TO RESTART FILE AT STEP 150000
FINISHED WRITING RESTART COORDINATES
WRITING VELOCITIES TO RESTART FILE AT STEP 150000
FINISHED WRITING RESTART VELOCITIES
The last velocity output (seq=150000) takes 0.000 seconds, 685.415 MB of memory in use
LDB: ============= START OF LOAD BALANCING ============== 25107.3
LDB: ============== END OF LOAD BALANCING =============== 25107.3
LDB: =============== DONE WITH MIGRATION ================ 25107.3
LDB: ============= START OF LOAD BALANCING ============== 25115.6
LDB: ============== END OF LOAD BALANCING =============== 25115.6
LDB: =============== DONE WITH MIGRATION ================ 25115.6
LDB: ============= START OF LOAD BALANCING ============== 25442
LDB: ============== END OF LOAD BALANCING =============== 25442
LDB: =============== DONE WITH MIGRATION ================ 25442
LDB: ============= START OF LOAD BALANCING ============== 25450.4
LDB: ============== END OF LOAD BALANCING =============== 25450.4
LDB: =============== DONE WITH MIGRATION ================ 25450.4
LDB: ============= START OF LOAD BALANCING ============== 25777.2
LDB: ============== END OF LOAD BALANCING =============== 25777.2
LDB: =============== DONE WITH MIGRATION ================ 25777.2
LDB: ============= START OF LOAD BALANCING ============== 25785.6
LDB: ============== END OF LOAD BALANCING =============== 25785.6
LDB: =============== DONE WITH MIGRATION ================ 25785.6
LDB: ============= START OF LOAD BALANCING ============== 26113.2
LDB: ============== END OF LOAD BALANCING =============== 26113.2
LDB: =============== DONE WITH MIGRATION ================ 26113.2
LDB: ============= START OF LOAD BALANCING ============== 26121.5
LDB: ============== END OF LOAD BALANCING =============== 26121.5
LDB: =============== DONE WITH MIGRATION ================ 26121.5
LDB: ============= START OF LOAD BALANCING ============== 26447.9
LDB: ============== END OF LOAD BALANCING =============== 26447.9
LDB: =============== DONE WITH MIGRATION ================ 26447.9
LDB: ============= START OF LOAD BALANCING ============== 26456.3
LDB: ============== END OF LOAD BALANCING =============== 26456.3
LDB: =============== DONE WITH MIGRATION ================ 26456.3
PRESSURE: 160000 -294.922 -227.139 -143.349 -227.139 106.369 142.24 -143.349 142.24 -373.308
GPRESSURE: 160000 -212.074 -325.321 -83.0023 -206.147 110.342 119.449 -256.224 33.2095 -389.171
PRESSAVG: 160000 -59.6451 12.6951 13.9931 12.6951 -28.0387 -26.4262 13.9931 -26.4262 6.01152
GPRESSAVG: 160000 -59.7447 12.5994 13.9794 12.7549 -27.9597 -26.3858 13.8705 -26.5145 5.95508
ENERGY:  160000      1618.7722      9249.8324      5696.9513        63.9415         -60823.1762     -1280.7404         0.0000         0.0000     18646.4890         -26827.9301       300.9506    -45474.4191    -26679.2279       302.3109           -187.2869      -163.6346    266260.9524       -27.2241       -27.2498

WRITING COORDINATES TO DCD FILE NPT.dcd AT STEP 160000
LDB: ============= START OF LOAD BALANCING ============== 26782.3
LDB: ============== END OF LOAD BALANCING =============== 26782.3
LDB: =============== DONE WITH MIGRATION ================ 26782.3
LDB: ============= START OF LOAD BALANCING ============== 26790.7
LDB: ============== END OF LOAD BALANCING =============== 26790.7
LDB: =============== DONE WITH MIGRATION ================ 26790.7
LDB: ============= START OF LOAD BALANCING ============== 27117
LDB: ============== END OF LOAD BALANCING =============== 27117
LDB: =============== DONE WITH MIGRATION ================ 27117
LDB: ============= START OF LOAD BALANCING ============== 27125.4
LDB: ============== END OF LOAD BALANCING =============== 27125.4
LDB: =============== DONE WITH MIGRATION ================ 27125.4
LDB: ============= START OF LOAD BALANCING ============== 27451.3
LDB: ============== END OF LOAD BALANCING =============== 27451.3
LDB: =============== DONE WITH MIGRATION ================ 27451.3
LDB: ============= START OF LOAD BALANCING ============== 27459.6
LDB: ============== END OF LOAD BALANCING =============== 27459.6
LDB: =============== DONE WITH MIGRATION ================ 27459.6
LDB: ============= START OF LOAD BALANCING ============== 27786.2
LDB: ============== END OF LOAD BALANCING =============== 27786.2
LDB: =============== DONE WITH MIGRATION ================ 27786.2
LDB: ============= START OF LOAD BALANCING ============== 27794.6
LDB: ============== END OF LOAD BALANCING =============== 27794.6
LDB: =============== DONE WITH MIGRATION ================ 27794.6
LDB: ============= START OF LOAD BALANCING ============== 28121.1
LDB: ============== END OF LOAD BALANCING =============== 28121.1
LDB: =============== DONE WITH MIGRATION ================ 28121.1
LDB: ============= START OF LOAD BALANCING ============== 28129.5
LDB: ============== END OF LOAD BALANCING =============== 28129.5
LDB: =============== DONE WITH MIGRATION ================ 28129.5
PRESSURE: 170000 -454.334 -240.542 -458.265 -240.542 187.345 -145.389 -458.265 -145.389 -538.471
GPRESSURE: 170000 -519.436 -144.612 -257.738 -370.769 175.612 -91.3136 -231.362 -85.5752 -413.175
PRESSAVG: 170000 -22.4716 9.66499 22.1893 9.66499 -51.5345 -7.67081 22.1893 -7.67081 -0.200779
GPRESSAVG: 170000 -22.5537 9.53313 22.1067 9.64479 -51.6247 -7.63781 22.2169 -7.6727 -0.191419
ENERGY:  170000      1619.3281      9186.3208      5708.9059        78.0460         -60588.0024     -1406.9143         0.0000         0.0000     18675.6487         -26726.6672       301.4213    -45402.3159    -26578.4235       302.8686           -268.4866      -252.3328    266024.2198       -24.7356       -24.7899

WRITING COORDINATES TO DCD FILE NPT.dcd AT STEP 170000
LDB: ============= START OF LOAD BALANCING ============== 28455.9
LDB: ============== END OF LOAD BALANCING =============== 28455.9
LDB: =============== DONE WITH MIGRATION ================ 28455.9
LDB: ============= START OF LOAD BALANCING ============== 28464.3
LDB: ============== END OF LOAD BALANCING =============== 28464.3
LDB: =============== DONE WITH MIGRATION ================ 28464.3
LDB: ============= START OF LOAD BALANCING ============== 28790.9
LDB: ============== END OF LOAD BALANCING =============== 28790.9
LDB: =============== DONE WITH MIGRATION ================ 28790.9
LDB: ============= START OF LOAD BALANCING ============== 28799.3
LDB: ============== END OF LOAD BALANCING =============== 28799.3
LDB: =============== DONE WITH MIGRATION ================ 28799.3
LDB: ============= START OF LOAD BALANCING ============== 29126.3
LDB: ============== END OF LOAD BALANCING =============== 29126.3
LDB: =============== DONE WITH MIGRATION ================ 29126.3
LDB: ============= START OF LOAD BALANCING ============== 29134.7
LDB: ============== END OF LOAD BALANCING =============== 29134.7
LDB: =============== DONE WITH MIGRATION ================ 29134.7
LDB: ============= START OF LOAD BALANCING ============== 29461.4
LDB: ============== END OF LOAD BALANCING =============== 29461.4
LDB: =============== DONE WITH MIGRATION ================ 29461.4
LDB: ============= START OF LOAD BALANCING ============== 29469.7
LDB: ============== END OF LOAD BALANCING =============== 29469.7
LDB: =============== DONE WITH MIGRATION ================ 29469.7
LDB: ============= START OF LOAD BALANCING ============== 29796.5
LDB: ============== END OF LOAD BALANCING =============== 29796.5
LDB: =============== DONE WITH MIGRATION ================ 29796.5
LDB: ============= START OF LOAD BALANCING ============== 29804.9
LDB: ============== END OF LOAD BALANCING =============== 29804.9
LDB: =============== DONE WITH MIGRATION ================ 29804.9
PRESSURE: 180000 -169.237 189.916 -71.3212 189.916 292.953 230.089 -71.3212 230.089 -489.283
GPRESSURE: 180000 -167.03 59.2067 -68.2462 85.8457 268.628 89.431 65.8415 305.464 -435.127
PRESSAVG: 180000 -16.4134 4.11342 -14.1925 4.11342 -62.5301 13.7457 -14.1925 13.7457 3.56313
GPRESSAVG: 180000 -16.3783 4.16317 -14.2239 4.10435 -62.568 13.677 -14.1712 13.7648 3.57164
ENERGY:  180000      1584.4603      9283.4203      5666.1209        72.7312         -60533.1895     -1229.6541         0.0000         0.0000     18736.5902         -26419.5208       302.4049    -45156.1110    -26272.5662       302.7220           -121.8553      -111.1765    266987.0099       -25.1268       -25.1249

WRITING COORDINATES TO DCD FILE NPT.dcd AT STEP 180000
LDB: ============= START OF LOAD BALANCING ============== 30131.2
LDB: ============== END OF LOAD BALANCING =============== 30131.2
LDB: =============== DONE WITH MIGRATION ================ 30131.2
LDB: ============= START OF LOAD BALANCING ============== 30139.5
LDB: ============== END OF LOAD BALANCING =============== 30139.5
LDB: =============== DONE WITH MIGRATION ================ 30139.5
LDB: ============= START OF LOAD BALANCING ============== 30465.8
LDB: ============== END OF LOAD BALANCING =============== 30465.8
LDB: =============== DONE WITH MIGRATION ================ 30465.8
LDB: ============= START OF LOAD BALANCING ============== 30474.2
LDB: ============== END OF LOAD BALANCING =============== 30474.2
LDB: =============== DONE WITH MIGRATION ================ 30474.2
LDB: ============= START OF LOAD BALANCING ============== 30800.6
LDB: ============== END OF LOAD BALANCING =============== 30800.6
LDB: =============== DONE WITH MIGRATION ================ 30800.6
LDB: ============= START OF LOAD BALANCING ============== 30809
LDB: ============== END OF LOAD BALANCING =============== 30809
LDB: =============== DONE WITH MIGRATION ================ 30809
LDB: ============= START OF LOAD BALANCING ============== 31135.4
LDB: ============== END OF LOAD BALANCING =============== 31135.4
LDB: =============== DONE WITH MIGRATION ================ 31135.4
LDB: ============= START OF LOAD BALANCING ============== 31143.8
LDB: ============== END OF LOAD BALANCING =============== 31143.8
LDB: =============== DONE WITH MIGRATION ================ 31143.8
LDB: ============= START OF LOAD BALANCING ============== 31470.1
LDB: ============== END OF LOAD BALANCING =============== 31470.1
LDB: =============== DONE WITH MIGRATION ================ 31470.1
LDB: ============= START OF LOAD BALANCING ============== 31478.5
LDB: ============== END OF LOAD BALANCING =============== 31478.5
LDB: =============== DONE WITH MIGRATION ================ 31478.5
PRESSURE: 190000 -171.403 51.1657 -66.8359 51.1657 -659.455 256.101 -66.8359 256.101 282.103
GPRESSURE: 190000 -417.329 -76.0316 4.23196 143.887 -476.148 163.908 -188.351 309.224 352.238
PRESSAVG: 190000 46.637 3.66239 18.0551 3.66239 -12.3824 -17.5367 18.0551 -17.5367 -0.302267
GPRESSAVG: 190000 46.6661 3.66404 18.1373 3.62004 -12.3279 -17.5979 18.0174 -17.4681 -0.32547
ENERGY:  190000      1612.3856      9242.7170      5719.3472        67.8327         -60568.6033     -1329.4987         0.0000         0.0000     18834.2414         -26421.5782       303.9809    -45255.8196    -26275.3289       303.6033           -182.9184      -180.4132    266588.2840        11.3175        11.3376

WRITING COORDINATES TO DCD FILE NPT.dcd AT STEP 190000
LDB: ============= START OF LOAD BALANCING ============== 31805.6
LDB: ============== END OF LOAD BALANCING =============== 31805.6
LDB: =============== DONE WITH MIGRATION ================ 31805.6
LDB: ============= START OF LOAD BALANCING ============== 31814
LDB: ============== END OF LOAD BALANCING =============== 31814
LDB: =============== DONE WITH MIGRATION ================ 31814
LDB: ============= START OF LOAD BALANCING ============== 32140.7
LDB: ============== END OF LOAD BALANCING =============== 32140.7
LDB: =============== DONE WITH MIGRATION ================ 32140.7
LDB: ============= START OF LOAD BALANCING ============== 32149
LDB: ============== END OF LOAD BALANCING =============== 32149
LDB: =============== DONE WITH MIGRATION ================ 32149
LDB: ============= START OF LOAD BALANCING ============== 32475.8
LDB: ============== END OF LOAD BALANCING =============== 32475.8
LDB: =============== DONE WITH MIGRATION ================ 32475.8
LDB: ============= START OF LOAD BALANCING ============== 32484.2
LDB: ============== END OF LOAD BALANCING =============== 32484.2
LDB: =============== DONE WITH MIGRATION ================ 32484.2
LDB: ============= START OF LOAD BALANCING ============== 32811.3
LDB: ============== END OF LOAD BALANCING =============== 32811.3
LDB: =============== DONE WITH MIGRATION ================ 32811.3
LDB: ============= START OF LOAD BALANCING ============== 32819.7
LDB: ============== END OF LOAD BALANCING =============== 32819.7
LDB: =============== DONE WITH MIGRATION ================ 32819.7
LDB: ============= START OF LOAD BALANCING ============== 33146.7
LDB: ============== END OF LOAD BALANCING =============== 33146.7
LDB: =============== DONE WITH MIGRATION ================ 33146.7
LDB: ============= START OF LOAD BALANCING ============== 33155.1
LDB: ============== END OF LOAD BALANCING =============== 33155.1
LDB: =============== DONE WITH MIGRATION ================ 33155.1
PRESSURE: 200000 26.5581 96.1216 -388.204 96.1216 -81.3028 -508.541 -388.204 -508.541 14.8967
GPRESSURE: 200000 254.263 138.62 -430.651 74.7646 -201.637 -455.632 -516.749 -702.042 -41.8074
PRESSAVG: 200000 29.7833 -17.4334 -17.3728 -17.4334 -11.4644 15.5642 -17.3728 15.5642 10.2412
GPRESSAVG: 200000 29.8131 -17.3453 -17.361 -17.4419 -11.5679 15.5643 -17.3859 15.3947 10.2635
TIMING: 200000  CPU: 33431.7, 0.167361/step  Wall: 33432.3, 0.167364/step, 37.1921 hours remaining, 685.415271 MB of memory in use.
PERFORMANCE: 200000  averaging 1.03374 ns/day, 0.16716 sec/step with standard deviation 0.00028913
ETITLE:      TS           BOND          ANGLE          DIHED          IMPRP               ELECT            VDW       BOUNDARY           MISC        KINETIC               TOTAL           TEMP      POTENTIAL         TOTAL3        TEMPAVG            PRESSURE      GPRESSURE         VOLUME       PRESSAVG      GPRESSAVG

ENERGY:  200000      1627.0626      9287.7747      5645.3990        75.3851         -60750.9211     -1265.6280         0.0000         0.0000     18792.3761         -26588.5517       303.3052    -45380.9278    -26440.6173       304.0888            -13.2826         3.6060    265545.3295         9.5200         9.5029

WRITING EXTENDED SYSTEM TO RESTART FILE AT STEP 200000
WRITING COORDINATES TO DCD FILE NPT.dcd AT STEP 200000
WRITING COORDINATES TO RESTART FILE AT STEP 200000
FINISHED WRITING RESTART COORDINATES
WRITING VELOCITIES TO RESTART FILE AT STEP 200000
FINISHED WRITING RESTART VELOCITIES
The last velocity output (seq=200000) takes 0.000 seconds, 685.415 MB of memory in use
LDB: ============= START OF LOAD BALANCING ============== 33482.3
LDB: ============== END OF LOAD BALANCING =============== 33482.3
LDB: =============== DONE WITH MIGRATION ================ 33482.3
LDB: ============= START OF LOAD BALANCING ============== 33490.7
LDB: ============== END OF LOAD BALANCING =============== 33490.7
LDB: =============== DONE WITH MIGRATION ================ 33490.7
LDB: ============= START OF LOAD BALANCING ============== 33818
LDB: ============== END OF LOAD BALANCING =============== 33818
LDB: =============== DONE WITH MIGRATION ================ 33818
LDB: ============= START OF LOAD BALANCING ============== 33826.4
LDB: ============== END OF LOAD BALANCING =============== 33826.4
LDB: =============== DONE WITH MIGRATION ================ 33826.4
LDB: ============= START OF LOAD BALANCING ============== 34153.2
LDB: ============== END OF LOAD BALANCING =============== 34153.2
LDB: =============== DONE WITH MIGRATION ================ 34153.2
LDB: ============= START OF LOAD BALANCING ============== 34161.6
LDB: ============== END OF LOAD BALANCING =============== 34161.6
LDB: =============== DONE WITH MIGRATION ================ 34161.6
LDB: ============= START OF LOAD BALANCING ============== 34489.3
LDB: ============== END OF LOAD BALANCING =============== 34489.3
LDB: =============== DONE WITH MIGRATION ================ 34489.3
LDB: ============= START OF LOAD BALANCING ============== 34497.8
LDB: ============== END OF LOAD BALANCING =============== 34497.8
LDB: =============== DONE WITH MIGRATION ================ 34497.8
LDB: ============= START OF LOAD BALANCING ============== 34825
LDB: ============== END OF LOAD BALANCING =============== 34825
LDB: =============== DONE WITH MIGRATION ================ 34825
LDB: ============= START OF LOAD BALANCING ============== 34833.4
LDB: ============== END OF LOAD BALANCING =============== 34833.4
LDB: =============== DONE WITH MIGRATION ================ 34833.4
PRESSURE: 210000 -182.952 -193.843 20.4444 -193.843 103.236 190.05 20.4444 190.05 -183.083
GPRESSURE: 210000 -65.3699 -37.6763 29.5712 -70.2618 48.0215 268.431 78.5429 177.255 -142.065
PRESSAVG: 210000 46.7762 -2.1307 -20.6622 -2.1307 66.5268 14.7593 -20.6622 14.7593 -2.3179
GPRESSAVG: 210000 46.672 -2.10207 -20.6933 -2.11132 66.4975 14.7193 -20.5546 14.9806 -2.29944
ENERGY:  210000      1556.5254      9289.5384      5732.1886        71.7510         -60671.1703     -1301.9239         0.0000         0.0000     18876.4781         -26446.6127       304.6626    -45323.0908    -26293.2711       303.6018            -87.5997       -53.1380    267391.5406        36.9950        36.9567

WRITING COORDINATES TO DCD FILE NPT.dcd AT STEP 210000
LDB: ============= START OF LOAD BALANCING ============== 35160.2
LDB: ============== END OF LOAD BALANCING =============== 35160.2
LDB: =============== DONE WITH MIGRATION ================ 35160.2
LDB: ============= START OF LOAD BALANCING ============== 35168.6
LDB: ============== END OF LOAD BALANCING =============== 35168.6
LDB: =============== DONE WITH MIGRATION ================ 35168.6
LDB: ============= START OF LOAD BALANCING ============== 35495.6
LDB: ============== END OF LOAD BALANCING =============== 35495.6
LDB: =============== DONE WITH MIGRATION ================ 35495.6
LDB: ============= START OF LOAD BALANCING ============== 35504.1
LDB: ============== END OF LOAD BALANCING =============== 35504.1
LDB: =============== DONE WITH MIGRATION ================ 35504.1
LDB: ============= START OF LOAD BALANCING ============== 35831.7
LDB: ============== END OF LOAD BALANCING =============== 35831.7
LDB: =============== DONE WITH MIGRATION ================ 35831.7
LDB: ============= START OF LOAD BALANCING ============== 35840.1
LDB: ============== END OF LOAD BALANCING =============== 35840.1
LDB: =============== DONE WITH MIGRATION ================ 35840.1
LDB: ============= START OF LOAD BALANCING ============== 36168.1
LDB: ============== END OF LOAD BALANCING =============== 36168.1
LDB: =============== DONE WITH MIGRATION ================ 36168.1
LDB: ============= START OF LOAD BALANCING ============== 36176.5
LDB: ============== END OF LOAD BALANCING =============== 36176.5
LDB: =============== DONE WITH MIGRATION ================ 36176.5
LDB: ============= START OF LOAD BALANCING ============== 36503.8
LDB: ============== END OF LOAD BALANCING =============== 36503.8
LDB: =============== DONE WITH MIGRATION ================ 36503.8
LDB: ============= START OF LOAD BALANCING ============== 36512.2
LDB: ============== END OF LOAD BALANCING =============== 36512.2
LDB: =============== DONE WITH MIGRATION ================ 36512.2
PRESSURE: 220000 13.0784 -102.405 284.794 -102.405 -242.428 -32.002 284.794 -32.002 -304.52
GPRESSURE: 220000 103.607 -5.04715 184.682 -119.057 -321.877 141.862 120.468 -120.23 -255.011
PRESSAVG: 220000 61.0655 27.4575 -12.951 27.4575 105.67 -2.35805 -12.951 -2.35805 7.1378
GPRESSAVG: 220000 61.1564 27.3624 -12.9095 27.5153 105.623 -2.23176 -13.0386 -2.44318 7.20629
ENERGY:  220000      1618.0123      9275.2589      5691.7905        80.0589         -60220.1446     -1512.7992         0.0000         0.0000     18684.8438         -26382.9794       301.5697    -45067.8232    -26241.6616       304.7319           -177.9567      -157.7602    266793.3220        57.9577        57.9952

WRITING COORDINATES TO DCD FILE NPT.dcd AT STEP 220000
LDB: ============= START OF LOAD BALANCING ============== 36839.1
LDB: ============== END OF LOAD BALANCING =============== 36839.1
LDB: =============== DONE WITH MIGRATION ================ 36839.1
LDB: ============= START OF LOAD BALANCING ============== 36847.5
LDB: ============== END OF LOAD BALANCING =============== 36847.5
LDB: =============== DONE WITH MIGRATION ================ 36847.5
LDB: ============= START OF LOAD BALANCING ============== 37173.8
LDB: ============== END OF LOAD BALANCING =============== 37173.8
LDB: =============== DONE WITH MIGRATION ================ 37173.8
LDB: ============= START OF LOAD BALANCING ============== 37182.2
LDB: ============== END OF LOAD BALANCING =============== 37182.2
LDB: =============== DONE WITH MIGRATION ================ 37182.2
LDB: ============= START OF LOAD BALANCING ============== 37509.1
LDB: ============== END OF LOAD BALANCING =============== 37509.1
LDB: =============== DONE WITH MIGRATION ================ 37509.1
LDB: ============= START OF LOAD BALANCING ============== 37517.4
LDB: ============== END OF LOAD BALANCING =============== 37517.4
LDB: =============== DONE WITH MIGRATION ================ 37517.4
LDB: ============= START OF LOAD BALANCING ============== 37844.1
LDB: ============== END OF LOAD BALANCING =============== 37844.1
LDB: =============== DONE WITH MIGRATION ================ 37844.1
LDB: ============= START OF LOAD BALANCING ============== 37852.5
LDB: ============== END OF LOAD BALANCING =============== 37852.5
LDB: =============== DONE WITH MIGRATION ================ 37852.5
LDB: ============= START OF LOAD BALANCING ============== 38178.9
LDB: ============== END OF LOAD BALANCING =============== 38178.9
LDB: =============== DONE WITH MIGRATION ================ 38178.9
LDB: ============= START OF LOAD BALANCING ============== 38187.3
LDB: ============== END OF LOAD BALANCING =============== 38187.3
LDB: =============== DONE WITH MIGRATION ================ 38187.3
PRESSURE: 230000 -224.277 -201.944 94.7627 -201.944 -275.459 165.733 94.7627 165.733 -671.804
GPRESSURE: 230000 -298.017 -83.0162 257.903 -186.673 -200.996 226.38 64.5355 -274.879 -599.667
PRESSAVG: 230000 23.2449 12.2921 2.89144 12.2921 -51.0357 -25.9072 2.89144 -25.9072 -1.07693
GPRESSAVG: 230000 23.2457 12.3554 2.86703 12.3222 -51.046 -25.8972 2.91254 -25.9234 -1.14349
ENERGY:  230000      1556.7511      9298.6898      5688.5365        69.5555         -60647.2276     -1402.7340         0.0000         0.0000     18761.5836         -26674.8451       302.8082    -45436.4287    -26525.8563       303.6996           -390.5136      -366.2270    266259.4736        -9.6226        -9.6479

WRITING COORDINATES TO DCD FILE NPT.dcd AT STEP 230000
LDB: ============= START OF LOAD BALANCING ============== 38513.7
LDB: ============== END OF LOAD BALANCING =============== 38513.7
LDB: =============== DONE WITH MIGRATION ================ 38513.7
LDB: ============= START OF LOAD BALANCING ============== 38522.1
LDB: ============== END OF LOAD BALANCING =============== 38522.1
LDB: =============== DONE WITH MIGRATION ================ 38522.1
LDB: ============= START OF LOAD BALANCING ============== 38848.7
LDB: ============== END OF LOAD BALANCING =============== 38848.7
LDB: =============== DONE WITH MIGRATION ================ 38848.7
LDB: ============= START OF LOAD BALANCING ============== 38857.1
LDB: ============== END OF LOAD BALANCING =============== 38857.1
LDB: =============== DONE WITH MIGRATION ================ 38857.1
LDB: ============= START OF LOAD BALANCING ============== 39183.7
LDB: ============== END OF LOAD BALANCING =============== 39183.7
LDB: =============== DONE WITH MIGRATION ================ 39183.7
LDB: ============= START OF LOAD BALANCING ============== 39192.1
LDB: ============== END OF LOAD BALANCING =============== 39192.1
LDB: =============== DONE WITH MIGRATION ================ 39192.1
LDB: ============= START OF LOAD BALANCING ============== 39518.5
LDB: ============== END OF LOAD BALANCING =============== 39518.5
LDB: =============== DONE WITH MIGRATION ================ 39518.5
LDB: ============= START OF LOAD BALANCING ============== 39526.8
LDB: ============== END OF LOAD BALANCING =============== 39526.8
LDB: =============== DONE WITH MIGRATION ================ 39526.8
LDB: ============= START OF LOAD BALANCING ============== 39854.2
LDB: ============== END OF LOAD BALANCING =============== 39854.2
LDB: =============== DONE WITH MIGRATION ================ 39854.2
LDB: ============= START OF LOAD BALANCING ============== 39862.6
LDB: ============== END OF LOAD BALANCING =============== 39862.6
LDB: =============== DONE WITH MIGRATION ================ 39862.6
PRESSURE: 240000 261.851 -242.266 59.6374 -242.266 380.997 140.609 59.6374 140.609 1117.21
GPRESSURE: 240000 270.976 55.2719 13.7923 -65.0708 422.696 61.9025 -221.287 232.479 1123.94
PRESSAVG: 240000 10.7175 8.67156 0.382644 8.67156 -32.5819 7.97066 0.382644 7.97066 2.59432
GPRESSAVG: 240000 10.7185 8.60629 0.391527 8.68045 -32.5184 7.9431 0.260735 8.02538 2.60789
ENERGY:  240000      1572.1569      9272.3089      5644.7676        72.4678         -60892.9659     -1198.7523         0.0000         0.0000     18752.6275         -26777.3893       302.6637    -45530.0168    -26629.1789       302.8550            586.6856       605.8714    265030.5957        -6.4233        -6.3973

WRITING COORDINATES TO DCD FILE NPT.dcd AT STEP 240000
LDB: ============= START OF LOAD BALANCING ============== 40190.4
LDB: ============== END OF LOAD BALANCING =============== 40190.4
LDB: =============== DONE WITH MIGRATION ================ 40190.4
LDB: ============= START OF LOAD BALANCING ============== 40198.8
LDB: ============== END OF LOAD BALANCING =============== 40198.8
LDB: =============== DONE WITH MIGRATION ================ 40198.8
LDB: ============= START OF LOAD BALANCING ============== 40525.3
LDB: ============== END OF LOAD BALANCING =============== 40525.3
LDB: =============== DONE WITH MIGRATION ================ 40525.3
LDB: ============= START OF LOAD BALANCING ============== 40533.7
LDB: ============== END OF LOAD BALANCING =============== 40533.7
LDB: =============== DONE WITH MIGRATION ================ 40533.7
LDB: ============= START OF LOAD BALANCING ============== 40859.9
LDB: ============== END OF LOAD BALANCING =============== 40859.9
LDB: =============== DONE WITH MIGRATION ================ 40859.9
LDB: ============= START OF LOAD BALANCING ============== 40868.3
LDB: ============== END OF LOAD BALANCING =============== 40868.3
LDB: =============== DONE WITH MIGRATION ================ 40868.3
LDB: ============= START OF LOAD BALANCING ============== 41195.3
LDB: ============== END OF LOAD BALANCING =============== 41195.3
LDB: =============== DONE WITH MIGRATION ================ 41195.3
LDB: ============= START OF LOAD BALANCING ============== 41203.7
LDB: ============== END OF LOAD BALANCING =============== 41203.7
LDB: =============== DONE WITH MIGRATION ================ 41203.7
LDB: ============= START OF LOAD BALANCING ============== 41531.3
LDB: ============== END OF LOAD BALANCING =============== 41531.3
LDB: =============== DONE WITH MIGRATION ================ 41531.3
LDB: ============= START OF LOAD BALANCING ============== 41539.7
LDB: ============== END OF LOAD BALANCING =============== 41539.7
LDB: =============== DONE WITH MIGRATION ================ 41539.7
PRESSURE: 250000 141.667 -92.5327 347.448 -92.5327 309.195 -246.098 347.448 -246.098 -170.959
GPRESSURE: 250000 -5.50113 -282.353 328.654 -5.61896 425.938 -270.237 444.133 -113.744 -86.3354
PRESSAVG: 250000 10.3991 11.1598 -9.39892 11.1598 -32.9721 -18.1066 -9.39892 -18.1066 0.173424
GPRESSAVG: 250000 10.2525 11.1968 -9.49261 11.2118 -32.884 -18.0771 -9.36406 -18.1706 0.160989
ENERGY:  250000      1594.9815      9209.5584      5707.0519        80.9869         -60533.3892     -1370.2459         0.0000         0.0000     18669.2552         -26641.8012       301.3181    -45311.0564    -26490.7048       302.6259             93.3012       111.3673    265089.7527        -7.4665        -7.4901

WRITING EXTENDED SYSTEM TO RESTART FILE AT STEP 250000
WRITING COORDINATES TO DCD FILE NPT.dcd AT STEP 250000
WRITING COORDINATES TO RESTART FILE AT STEP 250000
FINISHED WRITING RESTART COORDINATES
WRITING VELOCITIES TO RESTART FILE AT STEP 250000
FINISHED WRITING RESTART VELOCITIES
The last velocity output (seq=250000) takes 0.000 seconds, 685.415 MB of memory in use
LDB: ============= START OF LOAD BALANCING ============== 41866.8
LDB: ============== END OF LOAD BALANCING =============== 41866.8
LDB: =============== DONE WITH MIGRATION ================ 41866.8
LDB: ============= START OF LOAD BALANCING ============== 41875.2
LDB: ============== END OF LOAD BALANCING =============== 41875.2
LDB: =============== DONE WITH MIGRATION ================ 41875.2
LDB: ============= START OF LOAD BALANCING ============== 42202.1
LDB: ============== END OF LOAD BALANCING =============== 42202.1
LDB: =============== DONE WITH MIGRATION ================ 42202.1
LDB: ============= START OF LOAD BALANCING ============== 42210.5
LDB: ============== END OF LOAD BALANCING =============== 42210.5
LDB: =============== DONE WITH MIGRATION ================ 42210.5
LDB: ============= START OF LOAD BALANCING ============== 42537.3
LDB: ============== END OF LOAD BALANCING =============== 42537.3
LDB: =============== DONE WITH MIGRATION ================ 42537.3
LDB: ============= START OF LOAD BALANCING ============== 42545.7
LDB: ============== END OF LOAD BALANCING =============== 42545.7
LDB: =============== DONE WITH MIGRATION ================ 42545.7
LDB: ============= START OF LOAD BALANCING ============== 42872.9
LDB: ============== END OF LOAD BALANCING =============== 42872.9
LDB: =============== DONE WITH MIGRATION ================ 42872.9
LDB: ============= START OF LOAD BALANCING ============== 42881.3
LDB: ============== END OF LOAD BALANCING =============== 42881.3
LDB: =============== DONE WITH MIGRATION ================ 42881.3
LDB: ============= START OF LOAD BALANCING ============== 43207.8
LDB: ============== END OF LOAD BALANCING =============== 43207.8
LDB: =============== DONE WITH MIGRATION ================ 43207.8
LDB: ============= START OF LOAD BALANCING ============== 43216.2
LDB: ============== END OF LOAD BALANCING =============== 43216.2
LDB: =============== DONE WITH MIGRATION ================ 43216.2
PRESSURE: 260000 309.902 332.019 217.139 332.019 -264.508 -59.3496 217.139 -59.3496 150.68
GPRESSURE: 260000 433.004 367.25 74.3369 212.196 -270.87 -208.675 220.182 -205.274 95.0519
PRESSAVG: 260000 27.2798 13.1214 2.44946 13.1214 -57.6727 -8.16595 2.44946 -8.16595 4.12539
GPRESSAVG: 260000 27.2483 12.9811 2.43968 13.1083 -57.5701 -8.21749 2.45077 -8.19397 4.08583
ENERGY:  260000      1576.2554      9196.0039      5663.9754        80.9623         -60787.0349     -1339.3106         0.0000         0.0000     18612.6462         -26996.5023       300.4044    -45609.1485    -26846.9706       303.2785             65.3579        85.7283    266140.3596        -8.7558        -8.7453

WRITING COORDINATES TO DCD FILE NPT.dcd AT STEP 260000
LDB: ============= START OF LOAD BALANCING ============== 43543.2
LDB: ============== END OF LOAD BALANCING =============== 43543.2
LDB: =============== DONE WITH MIGRATION ================ 43543.2
LDB: ============= START OF LOAD BALANCING ============== 43551.6
LDB: ============== END OF LOAD BALANCING =============== 43551.6
LDB: =============== DONE WITH MIGRATION ================ 43551.6
LDB: ============= START OF LOAD BALANCING ============== 43878.8
LDB: ============== END OF LOAD BALANCING =============== 43878.8
LDB: =============== DONE WITH MIGRATION ================ 43878.8
LDB: ============= START OF LOAD BALANCING ============== 43887.2
LDB: ============== END OF LOAD BALANCING =============== 43887.2
LDB: =============== DONE WITH MIGRATION ================ 43887.2
LDB: ============= START OF LOAD BALANCING ============== 44213.8
LDB: ============== END OF LOAD BALANCING =============== 44213.8
LDB: =============== DONE WITH MIGRATION ================ 44213.8
LDB: ============= START OF LOAD BALANCING ============== 44222.1
LDB: ============== END OF LOAD BALANCING =============== 44222.1
LDB: =============== DONE WITH MIGRATION ================ 44222.1
LDB: ============= START OF LOAD BALANCING ============== 44548.5
LDB: ============== END OF LOAD BALANCING =============== 44548.5
LDB: =============== DONE WITH MIGRATION ================ 44548.5
LDB: ============= START OF LOAD BALANCING ============== 44556.9
LDB: ============== END OF LOAD BALANCING =============== 44556.9
LDB: =============== DONE WITH MIGRATION ================ 44556.9
LDB: ============= START OF LOAD BALANCING ============== 44883.8
LDB: ============== END OF LOAD BALANCING =============== 44883.8
LDB: =============== DONE WITH MIGRATION ================ 44883.8
LDB: ============= START OF LOAD BALANCING ============== 44892.2
LDB: ============== END OF LOAD BALANCING =============== 44892.2
LDB: =============== DONE WITH MIGRATION ================ 44892.2
PRESSURE: 270000 -355.174 339.726 -224.666 339.726 416.255 -13.0343 -224.666 -13.0343 691.734
GPRESSURE: 270000 -208.257 386.461 -146.093 356.965 507.218 21.5823 -116.464 125.67 515.255
PRESSAVG: 270000 -13.8535 -9.49435 14.7853 -9.49435 -71.6309 7.37999 14.7853 7.37999 2.10529
GPRESSAVG: 270000 -13.8435 -9.4885 14.8247 -9.53483 -71.6338 7.38371 14.8617 7.37996 2.12208
ENERGY:  270000      1642.3733      9225.2416      5707.3461        76.6354         -60878.6162     -1240.0343         0.0000         0.0000     18812.7816         -26654.2725       303.6346    -45467.0540    -26506.0180       304.1195            250.9382       271.4054    266962.4003       -27.7931       -27.7851

WRITING COORDINATES TO DCD FILE NPT.dcd AT STEP 270000
LDB: ============= START OF LOAD BALANCING ============== 45218.3
LDB: ============== END OF LOAD BALANCING =============== 45218.3
LDB: =============== DONE WITH MIGRATION ================ 45218.3
LDB: ============= START OF LOAD BALANCING ============== 45226.6
LDB: ============== END OF LOAD BALANCING =============== 45226.6
LDB: =============== DONE WITH MIGRATION ================ 45226.6
LDB: ============= START OF LOAD BALANCING ============== 45552.8
LDB: ============== END OF LOAD BALANCING =============== 45552.8
LDB: =============== DONE WITH MIGRATION ================ 45552.8
LDB: ============= START OF LOAD BALANCING ============== 45561.2
LDB: ============== END OF LOAD BALANCING =============== 45561.2
LDB: =============== DONE WITH MIGRATION ================ 45561.2
LDB: ============= START OF LOAD BALANCING ============== 45887.7
LDB: ============== END OF LOAD BALANCING =============== 45887.7
LDB: =============== DONE WITH MIGRATION ================ 45887.7
LDB: ============= START OF LOAD BALANCING ============== 45896.1
LDB: ============== END OF LOAD BALANCING =============== 45896.1
LDB: =============== DONE WITH MIGRATION ================ 45896.1
LDB: ============= START OF LOAD BALANCING ============== 46223.4
LDB: ============== END OF LOAD BALANCING =============== 46223.4
LDB: =============== DONE WITH MIGRATION ================ 46223.4
LDB: ============= START OF LOAD BALANCING ============== 46231.8
LDB: ============== END OF LOAD BALANCING =============== 46231.8
LDB: =============== DONE WITH MIGRATION ================ 46231.8
LDB: ============= START OF LOAD BALANCING ============== 46558.2
LDB: ============== END OF LOAD BALANCING =============== 46558.2
LDB: =============== DONE WITH MIGRATION ================ 46558.2
LDB: ============= START OF LOAD BALANCING ============== 46566.5
LDB: ============== END OF LOAD BALANCING =============== 46566.5
LDB: =============== DONE WITH MIGRATION ================ 46566.5
PRESSURE: 280000 208.9 -40.9926 296.157 -40.9926 207.821 298.551 296.157 298.551 278.466
GPRESSURE: 280000 124.864 -160.536 295.899 -92.7848 226.879 355.8 1.67128 132.174 385.413
PRESSAVG: 280000 -38.2282 -7.58605 11.4752 -7.58605 -36.7134 -40.8879 11.4752 -40.8879 1.87062
GPRESSAVG: 280000 -38.2365 -7.54363 11.4843 -7.72275 -36.6713 -40.9708 11.4464 -40.9612 1.81975
ENERGY:  280000      1569.3883      9208.4547      5694.8667        75.5098         -60715.1042     -1245.7334         0.0000         0.0000     18683.6434         -26728.9747       301.5503    -45412.6182    -26574.1015       302.0891            231.7290       245.7185    268092.5628       -24.3570       -24.3627

WRITING COORDINATES TO DCD FILE NPT.dcd AT STEP 280000
LDB: ============= START OF LOAD BALANCING ============== 46892.1
LDB: ============== END OF LOAD BALANCING =============== 46892.1
LDB: =============== DONE WITH MIGRATION ================ 46892.1
LDB: ============= START OF LOAD BALANCING ============== 46900.5
LDB: ============== END OF LOAD BALANCING =============== 46900.5
LDB: =============== DONE WITH MIGRATION ================ 46900.5
LDB: ============= START OF LOAD BALANCING ============== 47227.3
LDB: ============== END OF LOAD BALANCING =============== 47227.3
LDB: =============== DONE WITH MIGRATION ================ 47227.3
LDB: ============= START OF LOAD BALANCING ============== 47235.7
LDB: ============== END OF LOAD BALANCING =============== 47235.7
LDB: =============== DONE WITH MIGRATION ================ 47235.7
LDB: ============= START OF LOAD BALANCING ============== 47561.7
LDB: ============== END OF LOAD BALANCING =============== 47561.7
LDB: =============== DONE WITH MIGRATION ================ 47561.7
LDB: ============= START OF LOAD BALANCING ============== 47570.1
LDB: ============== END OF LOAD BALANCING =============== 47570.1
LDB: =============== DONE WITH MIGRATION ================ 47570.1
LDB: ============= START OF LOAD BALANCING ============== 47896
LDB: ============== END OF LOAD BALANCING =============== 47896
LDB: =============== DONE WITH MIGRATION ================ 47896
LDB: ============= START OF LOAD BALANCING ============== 47904.4
LDB: ============== END OF LOAD BALANCING =============== 47904.4
LDB: =============== DONE WITH MIGRATION ================ 47904.4
LDB: ============= START OF LOAD BALANCING ============== 48230.2
LDB: ============== END OF LOAD BALANCING =============== 48230.2
LDB: =============== DONE WITH MIGRATION ================ 48230.2
LDB: ============= START OF LOAD BALANCING ============== 48238.5
LDB: ============== END OF LOAD BALANCING =============== 48238.5
LDB: =============== DONE WITH MIGRATION ================ 48238.5
PRESSURE: 290000 -218.681 -283.603 23.6741 -283.603 731.928 -238.902 23.6741 -238.902 -332.012
GPRESSURE: 290000 -251.555 -176.162 66.9323 -229.029 787.455 -245.318 93.4214 -236.216 -287.74
PRESSAVG: 290000 24.6966 -2.7405 1.40983 -2.7405 -53.68 -10.9475 1.40983 -10.9475 5.48135
GPRESSAVG: 290000 24.5153 -2.78472 1.42746 -2.7639 -53.7748 -10.9684 1.49472 -10.881 5.47698
ENERGY:  290000      1528.9238      9295.4012      5700.8009        66.0986         -60511.7296     -1381.8007         0.0000         0.0000     18687.1690         -26615.1368       301.6072    -45302.3059    -26465.9336       303.5002             60.4115        82.7204    267168.4706        -7.8340        -7.9275

WRITING COORDINATES TO DCD FILE NPT.dcd AT STEP 290000
LDB: ============= START OF LOAD BALANCING ============== 48565
LDB: ============== END OF LOAD BALANCING =============== 48565
LDB: =============== DONE WITH MIGRATION ================ 48565
LDB: ============= START OF LOAD BALANCING ============== 48573.3
LDB: ============== END OF LOAD BALANCING =============== 48573.3
LDB: =============== DONE WITH MIGRATION ================ 48573.3
LDB: ============= START OF LOAD BALANCING ============== 48899.5
LDB: ============== END OF LOAD BALANCING =============== 48899.5
LDB: =============== DONE WITH MIGRATION ================ 48899.5
LDB: ============= START OF LOAD BALANCING ============== 48907.8
LDB: ============== END OF LOAD BALANCING =============== 48907.8
LDB: =============== DONE WITH MIGRATION ================ 48907.8
LDB: ============= START OF LOAD BALANCING ============== 49234.2
LDB: ============== END OF LOAD BALANCING =============== 49234.2
LDB: =============== DONE WITH MIGRATION ================ 49234.2
LDB: ============= START OF LOAD BALANCING ============== 49242.6
LDB: ============== END OF LOAD BALANCING =============== 49242.6
LDB: =============== DONE WITH MIGRATION ================ 49242.6
LDB: ============= START OF LOAD BALANCING ============== 49568.9
LDB: ============== END OF LOAD BALANCING =============== 49568.9
LDB: =============== DONE WITH MIGRATION ================ 49568.9
LDB: ============= START OF LOAD BALANCING ============== 49577.3
LDB: ============== END OF LOAD BALANCING =============== 49577.3
LDB: =============== DONE WITH MIGRATION ================ 49577.3
LDB: ============= START OF LOAD BALANCING ============== 49903.6
LDB: ============== END OF LOAD BALANCING =============== 49903.6
LDB: =============== DONE WITH MIGRATION ================ 49903.6
LDB: ============= START OF LOAD BALANCING ============== 49912
LDB: ============== END OF LOAD BALANCING =============== 49912
LDB: =============== DONE WITH MIGRATION ================ 49912
PRESSURE: 300000 437.716 -132.428 -91.2487 -132.428 -91.7527 -7.82375 -91.2487 -7.82375 -97.8486
GPRESSURE: 300000 512.591 -167.208 -69.1795 -118.781 -81.7762 60.1428 71.2517 -33.4226 -145.097
PRESSAVG: 300000 -12.104 -16.1894 -15.287 -16.1894 -7.3008 26.6131 -15.287 26.6131 5.32815
GPRESSAVG: 300000 -12.0228 -16.2559 -15.3311 -16.2471 -7.37084 26.5893 -15.2806 26.6941 5.32352
TIMING: 300000  CPU: 50187.4, 0.167557/step  Wall: 50188.5, 0.167561/step, 32.5814 hours remaining, 685.415271 MB of memory in use.
PERFORMANCE: 300000  averaging 1.03291 ns/day, 0.167294 sec/step with standard deviation 0.000309047
ETITLE:      TS           BOND          ANGLE          DIHED          IMPRP               ELECT            VDW       BOUNDARY           MISC        KINETIC               TOTAL           TEMP      POTENTIAL         TOTAL3        TEMPAVG            PRESSURE      GPRESSURE         VOLUME       PRESSAVG      GPRESSAVG

ENERGY:  300000      1628.5498      9293.9534      5712.3811        66.1698         -60398.5334     -1408.8167         0.0000         0.0000     18715.5600         -26390.7359       302.0654    -45106.2959    -26241.1284       303.8938             82.7050        95.2395    267163.4815        -4.6922        -4.6900

WRITING EXTENDED SYSTEM TO RESTART FILE AT STEP 300000
WRITING COORDINATES TO DCD FILE NPT.dcd AT STEP 300000
WRITING COORDINATES TO RESTART FILE AT STEP 300000
FINISHED WRITING RESTART COORDINATES
WRITING VELOCITIES TO RESTART FILE AT STEP 300000
FINISHED WRITING RESTART VELOCITIES
LDB: ============= START OF LOAD BALANCING ============== 50238.3
LDB: ============== END OF LOAD BALANCING =============== 50238.3
LDB: =============== DONE WITH MIGRATION ================ 50238.3
LDB: ============= START OF LOAD BALANCING ============== 50246.6
LDB: ============== END OF LOAD BALANCING =============== 50246.6
LDB: =============== DONE WITH MIGRATION ================ 50246.6
LDB: ============= START OF LOAD BALANCING ============== 50573.2
LDB: ============== END OF LOAD BALANCING =============== 50573.2
LDB: =============== DONE WITH MIGRATION ================ 50573.2
LDB: ============= START OF LOAD BALANCING ============== 50581.6
LDB: ============== END OF LOAD BALANCING =============== 50581.6
LDB: =============== DONE WITH MIGRATION ================ 50581.6
LDB: ============= START OF LOAD BALANCING ============== 50907.8
LDB: ============== END OF LOAD BALANCING =============== 50907.8
LDB: =============== DONE WITH MIGRATION ================ 50907.8
LDB: ============= START OF LOAD BALANCING ============== 50916.2
LDB: ============== END OF LOAD BALANCING =============== 50916.2
LDB: =============== DONE WITH MIGRATION ================ 50916.2
LDB: ============= START OF LOAD BALANCING ============== 51241.4
LDB: ============== END OF LOAD BALANCING =============== 51241.4
LDB: =============== DONE WITH MIGRATION ================ 51241.4
LDB: ============= START OF LOAD BALANCING ============== 51249.8
LDB: ============== END OF LOAD BALANCING =============== 51249.8
LDB: =============== DONE WITH MIGRATION ================ 51249.8
LDB: ============= START OF LOAD BALANCING ============== 51575.7
LDB: ============== END OF LOAD BALANCING =============== 51575.7
LDB: =============== DONE WITH MIGRATION ================ 51575.7
LDB: ============= START OF LOAD BALANCING ============== 51584
LDB: ============== END OF LOAD BALANCING =============== 51584
LDB: =============== DONE WITH MIGRATION ================ 51584
PRESSURE: 310000 -439.557 61.0451 224.058 61.0451 278.862 -206.69 224.058 -206.69 6.27393
GPRESSURE: 310000 -352.153 -233.186 378.685 321.119 241.657 -90.0222 -12.9668 -351.315 62.1234
PRESSAVG: 310000 3.25739 -4.30066 -0.862893 -4.30066 30.8001 -1.80524 -0.862893 -1.80524 -0.359335
GPRESSAVG: 310000 3.30358 -4.44234 -0.828321 -4.29482 30.8876 -1.87546 -0.916084 -1.71513 -0.411796
ENERGY:  310000      1574.2223      9234.5725      5744.6169        73.5484         -60489.5401     -1347.9262         0.0000         0.0000     18832.0611         -26378.4451       303.9457    -45210.5062    -26222.8327       304.1865            -51.4738       -16.1244    266672.9208        11.2327        11.2598

WRITING COORDINATES TO DCD FILE NPT.dcd AT STEP 310000
LDB: ============= START OF LOAD BALANCING ============== 51910.8
LDB: ============== END OF LOAD BALANCING =============== 51910.8
LDB: =============== DONE WITH MIGRATION ================ 51910.8
LDB: ============= START OF LOAD BALANCING ============== 51919.2
LDB: ============== END OF LOAD BALANCING =============== 51919.2
LDB: =============== DONE WITH MIGRATION ================ 51919.2
LDB: ============= START OF LOAD BALANCING ============== 52245.7
LDB: ============== END OF LOAD BALANCING =============== 52245.7
LDB: =============== DONE WITH MIGRATION ================ 52245.7
LDB: ============= START OF LOAD BALANCING ============== 52254.1
LDB: ============== END OF LOAD BALANCING =============== 52254.1
LDB: =============== DONE WITH MIGRATION ================ 52254.1
LDB: ============= START OF LOAD BALANCING ============== 52580.6
LDB: ============== END OF LOAD BALANCING =============== 52580.6
LDB: =============== DONE WITH MIGRATION ================ 52580.6
LDB: ============= START OF LOAD BALANCING ============== 52589
LDB: ============== END OF LOAD BALANCING =============== 52589
LDB: =============== DONE WITH MIGRATION ================ 52589
LDB: ============= START OF LOAD BALANCING ============== 52915.3
LDB: ============== END OF LOAD BALANCING =============== 52915.3
LDB: =============== DONE WITH MIGRATION ================ 52915.3
LDB: ============= START OF LOAD BALANCING ============== 52923.7
LDB: ============== END OF LOAD BALANCING =============== 52923.7
LDB: =============== DONE WITH MIGRATION ================ 52923.7
LDB: ============= START OF LOAD BALANCING ============== 53250
LDB: ============== END OF LOAD BALANCING =============== 53250
LDB: =============== DONE WITH MIGRATION ================ 53250
LDB: ============= START OF LOAD BALANCING ============== 53258.3
LDB: ============== END OF LOAD BALANCING =============== 53258.3
LDB: =============== DONE WITH MIGRATION ================ 53258.3
PRESSURE: 320000 -320.842 8.60933 333.538 8.60933 -277.587 -117.61 333.538 -117.61 -111.829
GPRESSURE: 320000 -400.227 131.153 296.462 113.911 -81.9181 -237.599 291.677 95.1438 -147.521
PRESSAVG: 320000 61.6891 -14.7729 -13.59 -14.7729 38.242 3.47983 -13.59 3.47983 -0.530472
GPRESSAVG: 320000 61.6504 -14.6628 -13.5624 -14.8142 38.1624 3.50773 -13.5701 3.39387 -0.461438
ENERGY:  320000      1572.9080      9224.1356      5778.1396        72.7311         -60795.3736     -1257.1756         0.0000         0.0000     18937.9821         -26466.6529       305.6553    -45404.6349    -26319.3412       303.9125           -236.7525      -209.8887    266222.6574        33.1335        33.1171

WRITING COORDINATES TO DCD FILE NPT.dcd AT STEP 320000
LDB: ============= START OF LOAD BALANCING ============== 53584.7
LDB: ============== END OF LOAD BALANCING =============== 53584.7
LDB: =============== DONE WITH MIGRATION ================ 53584.7
LDB: ============= START OF LOAD BALANCING ============== 53593.1
LDB: ============== END OF LOAD BALANCING =============== 53593.1
LDB: =============== DONE WITH MIGRATION ================ 53593.1
LDB: ============= START OF LOAD BALANCING ============== 53919.7
LDB: ============== END OF LOAD BALANCING =============== 53919.7
LDB: =============== DONE WITH MIGRATION ================ 53919.7
LDB: ============= START OF LOAD BALANCING ============== 53928
LDB: ============== END OF LOAD BALANCING =============== 53928
LDB: =============== DONE WITH MIGRATION ================ 53928
LDB: ============= START OF LOAD BALANCING ============== 54253.9
LDB: ============== END OF LOAD BALANCING =============== 54253.9
LDB: =============== DONE WITH MIGRATION ================ 54253.9
LDB: ============= START OF LOAD BALANCING ============== 54262.3
LDB: ============== END OF LOAD BALANCING =============== 54262.3
LDB: =============== DONE WITH MIGRATION ================ 54262.3
LDB: ============= START OF LOAD BALANCING ============== 54589
LDB: ============== END OF LOAD BALANCING =============== 54589
LDB: =============== DONE WITH MIGRATION ================ 54589
LDB: ============= START OF LOAD BALANCING ============== 54597.4
LDB: ============== END OF LOAD BALANCING =============== 54597.4
LDB: =============== DONE WITH MIGRATION ================ 54597.4
LDB: ============= START OF LOAD BALANCING ============== 54923.8
LDB: ============== END OF LOAD BALANCING =============== 54923.8
LDB: =============== DONE WITH MIGRATION ================ 54923.8
LDB: ============= START OF LOAD BALANCING ============== 54932.2
LDB: ============== END OF LOAD BALANCING =============== 54932.2
LDB: =============== DONE WITH MIGRATION ================ 54932.2
PRESSURE: 330000 188.958 -89.8621 -132.68 -89.8621 -280.659 -31.909 -132.68 -31.909 -22.2146
GPRESSURE: 330000 170.696 -238.689 -90.9267 -32.0082 -280.442 -229.921 -63.9995 294.336 63.3488
PRESSAVG: 330000 36.6686 -20.8924 -3.6625 -20.8924 -2.95839 -3.77628 -3.6625 -3.77628 0.451136
GPRESSAVG: 330000 36.6823 -20.9525 -3.68591 -20.8648 -3.034 -3.82826 -3.61754 -3.74973 0.462429
ENERGY:  330000      1602.9412      9289.0304      5732.0941        74.1395         -60506.3030     -1368.9124         0.0000         0.0000     18848.1767         -26328.8334       304.2058    -45177.0101    -26185.4552       303.1370            -37.9717       -15.4660    266522.0113        11.3871        11.3703

WRITING COORDINATES TO DCD FILE NPT.dcd AT STEP 330000
LDB: ============= START OF LOAD BALANCING ============== 55258.5
LDB: ============== END OF LOAD BALANCING =============== 55258.5
LDB: =============== DONE WITH MIGRATION ================ 55258.5
LDB: ============= START OF LOAD BALANCING ============== 55266.9
LDB: ============== END OF LOAD BALANCING =============== 55266.9
LDB: =============== DONE WITH MIGRATION ================ 55266.9
LDB: ============= START OF LOAD BALANCING ============== 55593.8
LDB: ============== END OF LOAD BALANCING =============== 55593.8
LDB: =============== DONE WITH MIGRATION ================ 55593.8
LDB: ============= START OF LOAD BALANCING ============== 55602.2
LDB: ============== END OF LOAD BALANCING =============== 55602.2
LDB: =============== DONE WITH MIGRATION ================ 55602.2
LDB: ============= START OF LOAD BALANCING ============== 55929.3
LDB: ============== END OF LOAD BALANCING =============== 55929.3
LDB: =============== DONE WITH MIGRATION ================ 55929.3
LDB: ============= START OF LOAD BALANCING ============== 55937.7
LDB: ============== END OF LOAD BALANCING =============== 55937.7
LDB: =============== DONE WITH MIGRATION ================ 55937.7
LDB: ============= START OF LOAD BALANCING ============== 56264.1
LDB: ============== END OF LOAD BALANCING =============== 56264.1
LDB: =============== DONE WITH MIGRATION ================ 56264.1
LDB: ============= START OF LOAD BALANCING ============== 56272.5
LDB: ============== END OF LOAD BALANCING =============== 56272.5
LDB: =============== DONE WITH MIGRATION ================ 56272.5
LDB: ============= START OF LOAD BALANCING ============== 56599.2
LDB: ============== END OF LOAD BALANCING =============== 56599.2
LDB: =============== DONE WITH MIGRATION ================ 56599.2
LDB: ============= START OF LOAD BALANCING ============== 56607.6
LDB: ============== END OF LOAD BALANCING =============== 56607.6
LDB: =============== DONE WITH MIGRATION ================ 56607.6
PRESSURE: 340000 302.548 199.83 51.0568 199.83 -20.6036 263.019 51.0568 263.019 143.637
GPRESSURE: 340000 216.236 186.054 27.5525 382.311 155.88 220.452 243.39 175.852 95.0809
PRESSAVG: 340000 91.2005 -1.22924 6.79044 -1.22924 46.0886 39.6002 6.79044 39.6002 -0.415287
GPRESSAVG: 340000 91.1186 -1.22555 6.82269 -1.18508 46.2026 39.5966 6.76292 39.5557 -0.492804
ENERGY:  340000      1612.4379      9291.1053      5725.3444        80.6691         -60679.0302     -1308.6841         0.0000         0.0000     19030.4210         -26247.7365       307.1472    -45278.1575    -26096.2782       304.9074            141.8604       155.7322    265568.1120        45.6246        45.6095

WRITING COORDINATES TO DCD FILE NPT.dcd AT STEP 340000
LDB: ============= START OF LOAD BALANCING ============== 56934.3
LDB: ============== END OF LOAD BALANCING =============== 56934.3
LDB: =============== DONE WITH MIGRATION ================ 56934.3
LDB: ============= START OF LOAD BALANCING ============== 56942.7
LDB: ============== END OF LOAD BALANCING =============== 56942.7
LDB: =============== DONE WITH MIGRATION ================ 56942.7
LDB: ============= START OF LOAD BALANCING ============== 57269.6
LDB: ============== END OF LOAD BALANCING =============== 57269.6
LDB: =============== DONE WITH MIGRATION ================ 57269.6
LDB: ============= START OF LOAD BALANCING ============== 57278
LDB: ============== END OF LOAD BALANCING =============== 57278
LDB: =============== DONE WITH MIGRATION ================ 57278
LDB: ============= START OF LOAD BALANCING ============== 57605.1
LDB: ============== END OF LOAD BALANCING =============== 57605.1
LDB: =============== DONE WITH MIGRATION ================ 57605.1
LDB: ============= START OF LOAD BALANCING ============== 57613.5
LDB: ============== END OF LOAD BALANCING =============== 57613.5
LDB: =============== DONE WITH MIGRATION ================ 57613.5
LDB: ============= START OF LOAD BALANCING ============== 57941.2
LDB: ============== END OF LOAD BALANCING =============== 57941.2
LDB: =============== DONE WITH MIGRATION ================ 57941.2
LDB: ============= START OF LOAD BALANCING ============== 57949.6
LDB: ============== END OF LOAD BALANCING =============== 57949.6
LDB: =============== DONE WITH MIGRATION ================ 57949.6
LDB: ============= START OF LOAD BALANCING ============== 58276.8
LDB: ============== END OF LOAD BALANCING =============== 58276.8
LDB: =============== DONE WITH MIGRATION ================ 58276.8
LDB: ============= START OF LOAD BALANCING ============== 58285.1
LDB: ============== END OF LOAD BALANCING =============== 58285.1
LDB: =============== DONE WITH MIGRATION ================ 58285.1
PRESSURE: 350000 514.303 29.7077 -556.728 29.7077 -642.98 -332.265 -556.728 -332.265 68.7183
GPRESSURE: 350000 416.479 212.056 -482.625 -107.502 -618.781 -185.694 -678.141 22.4157 175.505
PRESSAVG: 350000 50.4535 -24.57 -14.5165 -24.57 24.4944 6.48301 -14.5165 6.48301 -0.00985312
GPRESSAVG: 350000 50.4332 -24.6151 -14.5008 -24.4797 24.5365 6.48083 -14.3972 6.57579 0.0348229
ENERGY:  350000      1535.4572      9218.3728      5742.2600        80.2662         -60670.1593     -1270.1063         0.0000         0.0000     18809.6257         -26554.2837       303.5836    -45363.9094    -26407.1589       302.8289            -19.9864        -8.9324    265557.3331        24.9793        25.0015

WRITING EXTENDED SYSTEM TO RESTART FILE AT STEP 350000
WRITING COORDINATES TO DCD FILE NPT.dcd AT STEP 350000
WRITING COORDINATES TO RESTART FILE AT STEP 350000
FINISHED WRITING RESTART COORDINATES
WRITING VELOCITIES TO RESTART FILE AT STEP 350000
FINISHED WRITING RESTART VELOCITIES
LDB: ============= START OF LOAD BALANCING ============== 58612.1
LDB: ============== END OF LOAD BALANCING =============== 58612.1
LDB: =============== DONE WITH MIGRATION ================ 58612.1
LDB: ============= START OF LOAD BALANCING ============== 58620.5
LDB: ============== END OF LOAD BALANCING =============== 58620.5
LDB: =============== DONE WITH MIGRATION ================ 58620.5
LDB: ============= START OF LOAD BALANCING ============== 58947
LDB: ============== END OF LOAD BALANCING =============== 58947
LDB: =============== DONE WITH MIGRATION ================ 58947
LDB: ============= START OF LOAD BALANCING ============== 58955.4
LDB: ============== END OF LOAD BALANCING =============== 58955.4
LDB: =============== DONE WITH MIGRATION ================ 58955.4
LDB: ============= START OF LOAD BALANCING ============== 59281.6
LDB: ============== END OF LOAD BALANCING =============== 59281.6
LDB: =============== DONE WITH MIGRATION ================ 59281.6
LDB: ============= START OF LOAD BALANCING ============== 59289.9
LDB: ============== END OF LOAD BALANCING =============== 59289.9
LDB: =============== DONE WITH MIGRATION ================ 59289.9
LDB: ============= START OF LOAD BALANCING ============== 59615.5
LDB: ============== END OF LOAD BALANCING =============== 59615.5
LDB: =============== DONE WITH MIGRATION ================ 59615.5
LDB: ============= START OF LOAD BALANCING ============== 59623.8
LDB: ============== END OF LOAD BALANCING =============== 59623.8
LDB: =============== DONE WITH MIGRATION ================ 59623.8
LDB: ============= START OF LOAD BALANCING ============== 59949.9
LDB: ============== END OF LOAD BALANCING =============== 59949.9
LDB: =============== DONE WITH MIGRATION ================ 59949.9
LDB: ============= START OF LOAD BALANCING ============== 59958.2
LDB: ============== END OF LOAD BALANCING =============== 59958.2
LDB: =============== DONE WITH MIGRATION ================ 59958.2
PRESSURE: 360000 136.802 229.803 -26.1866 229.803 315.511 88.6217 -26.1866 88.6217 136.849
GPRESSURE: 360000 154.52 141.782 -100.712 131.405 377.36 -41.45 -38.6548 45.6178 110.971
PRESSAVG: 360000 4.37001 0.733874 -10.8456 0.733874 43.7782 5.06956 -10.8456 5.06956 -3.18164
GPRESSAVG: 360000 4.32199 0.78859 -10.9497 0.600346 43.7715 5.06735 -10.8127 5.06808 -3.2029
ENERGY:  360000      1592.3714      9223.7752      5735.8818        83.9574         -60591.7293     -1358.1789         0.0000         0.0000     18937.7521         -26376.1704       305.6516    -45313.9224    -26224.5993       304.5887            196.3872       214.2837    264913.8763        14.9889        14.9635

WRITING COORDINATES TO DCD FILE NPT.dcd AT STEP 360000
LDB: ============= START OF LOAD BALANCING ============== 60284.5
LDB: ============== END OF LOAD BALANCING =============== 60284.5
LDB: =============== DONE WITH MIGRATION ================ 60284.5
LDB: ============= START OF LOAD BALANCING ============== 60293
LDB: ============== END OF LOAD BALANCING =============== 60293
LDB: =============== DONE WITH MIGRATION ================ 60293
LDB: ============= START OF LOAD BALANCING ============== 60619.7
LDB: ============== END OF LOAD BALANCING =============== 60619.7
LDB: =============== DONE WITH MIGRATION ================ 60619.7
LDB: ============= START OF LOAD BALANCING ============== 60628
LDB: ============== END OF LOAD BALANCING =============== 60628
LDB: =============== DONE WITH MIGRATION ================ 60628
LDB: ============= START OF LOAD BALANCING ============== 60954.6
LDB: ============== END OF LOAD BALANCING =============== 60954.6
LDB: =============== DONE WITH MIGRATION ================ 60954.6
LDB: ============= START OF LOAD BALANCING ============== 60963
LDB: ============== END OF LOAD BALANCING =============== 60963
LDB: =============== DONE WITH MIGRATION ================ 60963
LDB: ============= START OF LOAD BALANCING ============== 61289.9
LDB: ============== END OF LOAD BALANCING =============== 61289.9
LDB: =============== DONE WITH MIGRATION ================ 61289.9
LDB: ============= START OF LOAD BALANCING ============== 61298.3
LDB: ============== END OF LOAD BALANCING =============== 61298.3
LDB: =============== DONE WITH MIGRATION ================ 61298.3
LDB: ============= START OF LOAD BALANCING ============== 61624.8
LDB: ============== END OF LOAD BALANCING =============== 61624.8
LDB: =============== DONE WITH MIGRATION ================ 61624.8
LDB: ============= START OF LOAD BALANCING ============== 61633.2
LDB: ============== END OF LOAD BALANCING =============== 61633.2
LDB: =============== DONE WITH MIGRATION ================ 61633.2
PRESSURE: 370000 -129.435 -45.2112 -500.279 -45.2112 -630.556 -193.626 -500.279 -193.626 278.178
GPRESSURE: 370000 -181.454 -171.71 -437.86 126.072 -517.962 -145.483 -514.693 -272.331 255.315
PRESSAVG: 370000 -30.7197 -25.3313 -0.471452 -25.3313 -10.0466 8.18921 -0.471452 8.18921 5.18204
GPRESSAVG: 370000 -30.7597 -25.3543 -0.486483 -25.4109 -10.0631 8.12687 -0.358159 8.17739 5.16594
ENERGY:  370000      1572.2763      9145.7381      5771.4864        79.4966         -60349.4648     -1529.3451         0.0000         0.0000     18799.3447         -26510.4679       303.4177    -45309.8126    -26360.7292       302.8015           -160.6046      -148.0339    266944.4807       -11.8614       -11.8856

WRITING COORDINATES TO DCD FILE NPT.dcd AT STEP 370000
LDB: ============= START OF LOAD BALANCING ============== 61960
LDB: ============== END OF LOAD BALANCING =============== 61960
LDB: =============== DONE WITH MIGRATION ================ 61960
LDB: ============= START OF LOAD BALANCING ============== 61968.4
LDB: ============== END OF LOAD BALANCING =============== 61968.4
LDB: =============== DONE WITH MIGRATION ================ 61968.4
LDB: ============= START OF LOAD BALANCING ============== 62295.5
LDB: ============== END OF LOAD BALANCING =============== 62295.5
LDB: =============== DONE WITH MIGRATION ================ 62295.5
LDB: ============= START OF LOAD BALANCING ============== 62303.9
LDB: ============== END OF LOAD BALANCING =============== 62303.9
LDB: =============== DONE WITH MIGRATION ================ 62303.9
LDB: ============= START OF LOAD BALANCING ============== 62630.7
LDB: ============== END OF LOAD BALANCING =============== 62630.7
LDB: =============== DONE WITH MIGRATION ================ 62630.7
LDB: ============= START OF LOAD BALANCING ============== 62639.1
LDB: ============== END OF LOAD BALANCING =============== 62639.1
LDB: =============== DONE WITH MIGRATION ================ 62639.1
LDB: ============= START OF LOAD BALANCING ============== 62966
LDB: ============== END OF LOAD BALANCING =============== 62966
LDB: =============== DONE WITH MIGRATION ================ 62966
LDB: ============= START OF LOAD BALANCING ============== 62974.4
LDB: ============== END OF LOAD BALANCING =============== 62974.4
LDB: =============== DONE WITH MIGRATION ================ 62974.4
LDB: ============= START OF LOAD BALANCING ============== 63300.7
LDB: ============== END OF LOAD BALANCING =============== 63300.7
LDB: =============== DONE WITH MIGRATION ================ 63300.7
LDB: ============= START OF LOAD BALANCING ============== 63309
LDB: ============== END OF LOAD BALANCING =============== 63309
LDB: =============== DONE WITH MIGRATION ================ 63309
PRESSURE: 380000 361.598 -313.243 -70.5525 -313.243 -282.74 -582.84 -70.5525 -582.84 563.939
GPRESSURE: 380000 357.933 -263.462 144.11 -90.1617 -176.994 -517.336 125.69 -634.04 518.675
PRESSAVG: 380000 -47.032 -33.4242 4.06991 -33.4242 -24.2754 -17.6004 4.06991 -17.6004 6.20368
GPRESSAVG: 380000 -46.9662 -33.4 4.0164 -33.4169 -24.2859 -17.5683 4.11199 -17.6462 6.21218
ENERGY:  380000      1628.3026      9321.7256      5782.1346        90.9875         -60462.3444     -1505.6418         0.0000         0.0000     18967.3667         -26177.4692       306.1295    -45144.8359    -26027.4702       303.8658            214.2656       233.2047    266120.2012       -21.7012       -21.6800

WRITING COORDINATES TO DCD FILE NPT.dcd AT STEP 380000
LDB: ============= START OF LOAD BALANCING ============== 63636.5
LDB: ============== END OF LOAD BALANCING =============== 63636.5
LDB: =============== DONE WITH MIGRATION ================ 63636.5
LDB: ============= START OF LOAD BALANCING ============== 63644.9
LDB: ============== END OF LOAD BALANCING =============== 63644.9
LDB: =============== DONE WITH MIGRATION ================ 63644.9
LDB: ============= START OF LOAD BALANCING ============== 63971.3
LDB: ============== END OF LOAD BALANCING =============== 63971.3
LDB: =============== DONE WITH MIGRATION ================ 63971.3
LDB: ============= START OF LOAD BALANCING ============== 63979.7
LDB: ============== END OF LOAD BALANCING =============== 63979.7
LDB: =============== DONE WITH MIGRATION ================ 63979.7
LDB: ============= START OF LOAD BALANCING ============== 64306.8
LDB: ============== END OF LOAD BALANCING =============== 64306.8
LDB: =============== DONE WITH MIGRATION ================ 64306.8
LDB: ============= START OF LOAD BALANCING ============== 64315.2
LDB: ============== END OF LOAD BALANCING =============== 64315.2
LDB: =============== DONE WITH MIGRATION ================ 64315.2
LDB: ============= START OF LOAD BALANCING ============== 64642.4
LDB: ============== END OF LOAD BALANCING =============== 64642.4
LDB: =============== DONE WITH MIGRATION ================ 64642.4
LDB: ============= START OF LOAD BALANCING ============== 64650.8
LDB: ============== END OF LOAD BALANCING =============== 64650.8
LDB: =============== DONE WITH MIGRATION ================ 64650.8
LDB: ============= START OF LOAD BALANCING ============== 64978
LDB: ============== END OF LOAD BALANCING =============== 64978
LDB: =============== DONE WITH MIGRATION ================ 64978
LDB: ============= START OF LOAD BALANCING ============== 64986.4
LDB: ============== END OF LOAD BALANCING =============== 64986.4
LDB: =============== DONE WITH MIGRATION ================ 64986.4
PRESSURE: 390000 385.198 -109.521 -40.5246 -109.521 245.042 11.3481 -40.5246 11.3481 23.107
GPRESSURE: 390000 298.441 -99.6675 -82.2178 -38.8286 309.883 -1.58918 -42.7422 -20.1881 92.2858
PRESSAVG: 390000 -43.4635 -41.8904 -18.5597 -41.8904 20.4652 -26.5902 -18.5597 -26.5902 0.58296
GPRESSAVG: 390000 -43.4652 -41.8722 -18.5195 -41.8967 20.4323 -26.4817 -18.4032 -26.5466 0.635511
ENERGY:  390000      1588.4610      9226.6074      5741.2838        80.9167         -60514.3733     -1476.7731         0.0000         0.0000     18676.5384         -26677.3390       301.4356    -45353.8774    -26525.2397       303.8418            217.7823       233.5367    264611.1505        -7.4718        -7.4658

WRITING COORDINATES TO DCD FILE NPT.dcd AT STEP 390000
LDB: ============= START OF LOAD BALANCING ============== 65313.8
LDB: ============== END OF LOAD BALANCING =============== 65313.8
LDB: =============== DONE WITH MIGRATION ================ 65313.8
LDB: ============= START OF LOAD BALANCING ============== 65322.2
LDB: ============== END OF LOAD BALANCING =============== 65322.2
LDB: =============== DONE WITH MIGRATION ================ 65322.2
LDB: ============= START OF LOAD BALANCING ============== 65649.6
LDB: ============== END OF LOAD BALANCING =============== 65649.6
LDB: =============== DONE WITH MIGRATION ================ 65649.6
LDB: ============= START OF LOAD BALANCING ============== 65658
LDB: ============== END OF LOAD BALANCING =============== 65658
LDB: =============== DONE WITH MIGRATION ================ 65658
LDB: ============= START OF LOAD BALANCING ============== 65985.7
LDB: ============== END OF LOAD BALANCING =============== 65985.7
LDB: =============== DONE WITH MIGRATION ================ 65985.7
LDB: ============= START OF LOAD BALANCING ============== 65994.1
LDB: ============== END OF LOAD BALANCING =============== 65994.1
LDB: =============== DONE WITH MIGRATION ================ 65994.1
LDB: ============= START OF LOAD BALANCING ============== 66322.1
LDB: ============== END OF LOAD BALANCING =============== 66322.1
LDB: =============== DONE WITH MIGRATION ================ 66322.1
LDB: ============= START OF LOAD BALANCING ============== 66330.5
LDB: ============== END OF LOAD BALANCING =============== 66330.5
LDB: =============== DONE WITH MIGRATION ================ 66330.5
LDB: ============= START OF LOAD BALANCING ============== 66658.1
LDB: ============== END OF LOAD BALANCING =============== 66658.1
LDB: =============== DONE WITH MIGRATION ================ 66658.1
LDB: ============= START OF LOAD BALANCING ============== 66666.5
LDB: ============== END OF LOAD BALANCING =============== 66666.5
LDB: =============== DONE WITH MIGRATION ================ 66666.5
PRESSURE: 400000 -83.5448 98.2289 322.309 98.2289 -121.488 396.919 322.309 396.919 10.8684
GPRESSURE: 400000 -69.3319 148.844 384.047 78.2689 -129.681 518.219 148.165 253.748 23.1419
PRESSAVG: 400000 -1.25545 -43.1067 9.65857 -43.1067 -65.6854 -15.1607 9.65857 -15.1607 3.90471
GPRESSAVG: 400000 -1.18042 -43.0378 9.58648 -43.0616 -65.6833 -15.2467 9.68098 -15.3155 3.92545
TIMING: 400000  CPU: 66942.9, 0.167555/step  Wall: 66944.4, 0.167559/step, 27.9265 hours remaining, 685.415271 MB of memory in use.
PERFORMANCE: 400000  averaging 1.0325 ns/day, 0.16736 sec/step with standard deviation 0.000285147
ETITLE:      TS           BOND          ANGLE          DIHED          IMPRP               ELECT            VDW       BOUNDARY           MISC        KINETIC               TOTAL           TEMP      POTENTIAL         TOTAL3        TEMPAVG            PRESSURE      GPRESSURE         VOLUME       PRESSAVG      GPRESSAVG

ENERGY:  400000      1594.8054      9185.9404      5743.6939        75.0852         -60544.4313     -1430.2736         0.0000         0.0000     18723.5732         -26651.6067       302.1948    -45375.1799    -26501.6396       303.1864            -64.7213       -58.6235    266082.1817       -21.0121       -20.9794

WRITING EXTENDED SYSTEM TO RESTART FILE AT STEP 400000
WRITING COORDINATES TO DCD FILE NPT.dcd AT STEP 400000
WRITING COORDINATES TO RESTART FILE AT STEP 400000
FINISHED WRITING RESTART COORDINATES
WRITING VELOCITIES TO RESTART FILE AT STEP 400000
FINISHED WRITING RESTART VELOCITIES
LDB: ============= START OF LOAD BALANCING ============== 66994.3
LDB: ============== END OF LOAD BALANCING =============== 66994.3
LDB: =============== DONE WITH MIGRATION ================ 66994.3
LDB: ============= START OF LOAD BALANCING ============== 67002.7
LDB: ============== END OF LOAD BALANCING =============== 67002.7
LDB: =============== DONE WITH MIGRATION ================ 67002.7
LDB: ============= START OF LOAD BALANCING ============== 67330.9
LDB: ============== END OF LOAD BALANCING =============== 67330.9
LDB: =============== DONE WITH MIGRATION ================ 67330.9
LDB: ============= START OF LOAD BALANCING ============== 67339.3
LDB: ============== END OF LOAD BALANCING =============== 67339.3
LDB: =============== DONE WITH MIGRATION ================ 67339.3
LDB: ============= START OF LOAD BALANCING ============== 67667.3
LDB: ============== END OF LOAD BALANCING =============== 67667.3
LDB: =============== DONE WITH MIGRATION ================ 67667.3
LDB: ============= START OF LOAD BALANCING ============== 67675.7
LDB: ============== END OF LOAD BALANCING =============== 67675.7
LDB: =============== DONE WITH MIGRATION ================ 67675.7
LDB: ============= START OF LOAD BALANCING ============== 68003.8
LDB: ============== END OF LOAD BALANCING =============== 68003.8
LDB: =============== DONE WITH MIGRATION ================ 68003.8
LDB: ============= START OF LOAD BALANCING ============== 68012.2
LDB: ============== END OF LOAD BALANCING =============== 68012.2
LDB: =============== DONE WITH MIGRATION ================ 68012.2
LDB: ============= START OF LOAD BALANCING ============== 68338.9
LDB: ============== END OF LOAD BALANCING =============== 68338.9
LDB: =============== DONE WITH MIGRATION ================ 68338.9
LDB: ============= START OF LOAD BALANCING ============== 68347.3
LDB: ============== END OF LOAD BALANCING =============== 68347.3
LDB: =============== DONE WITH MIGRATION ================ 68347.3
PRESSURE: 410000 -209.408 -2.26954 -195.659 -2.26954 -761.321 110.41 -195.659 110.41 -369.27
GPRESSURE: 410000 -244.278 11.8066 -127.222 64.1305 -739.483 -2.42429 -351.853 223.314 -304.436
PRESSAVG: 410000 9.19479 -6.96279 -5.94516 -6.96279 14.8419 -17.6302 -5.94516 -17.6302 -2.51914
GPRESSAVG: 410000 9.28314 -6.9895 -5.91791 -6.90238 14.8405 -17.6164 -5.91784 -17.5584 -2.58933
ENERGY:  410000      1569.2987      9263.3934      5684.0789        73.3919         -60676.6196     -1382.3339         0.0000         0.0000     18936.4388         -26532.3518       305.6304    -45468.7906    -26377.2427       303.0416           -446.6661      -429.3990    266325.1664         7.1725         7.1781

WRITING COORDINATES TO DCD FILE NPT.dcd AT STEP 410000
LDB: ============= START OF LOAD BALANCING ============== 68675.5
LDB: ============== END OF LOAD BALANCING =============== 68675.5
LDB: =============== DONE WITH MIGRATION ================ 68675.5
LDB: ============= START OF LOAD BALANCING ============== 68683.9
LDB: ============== END OF LOAD BALANCING =============== 68683.9
LDB: =============== DONE WITH MIGRATION ================ 68683.9
LDB: ============= START OF LOAD BALANCING ============== 69011.3
LDB: ============== END OF LOAD BALANCING =============== 69011.3
LDB: =============== DONE WITH MIGRATION ================ 69011.3
LDB: ============= START OF LOAD BALANCING ============== 69019.7
LDB: ============== END OF LOAD BALANCING =============== 69019.7
LDB: =============== DONE WITH MIGRATION ================ 69019.7
LDB: ============= START OF LOAD BALANCING ============== 69347.6
LDB: ============== END OF LOAD BALANCING =============== 69347.6
LDB: =============== DONE WITH MIGRATION ================ 69347.6
LDB: ============= START OF LOAD BALANCING ============== 69356
LDB: ============== END OF LOAD BALANCING =============== 69356
LDB: =============== DONE WITH MIGRATION ================ 69356
LDB: ============= START OF LOAD BALANCING ============== 69683.2
LDB: ============== END OF LOAD BALANCING =============== 69683.2
LDB: =============== DONE WITH MIGRATION ================ 69683.2
LDB: ============= START OF LOAD BALANCING ============== 69691.6
LDB: ============== END OF LOAD BALANCING =============== 69691.6
LDB: =============== DONE WITH MIGRATION ================ 69691.6
LDB: ============= START OF LOAD BALANCING ============== 70018.7
LDB: ============== END OF LOAD BALANCING =============== 70018.7
LDB: =============== DONE WITH MIGRATION ================ 70018.7
LDB: ============= START OF LOAD BALANCING ============== 70027.1
LDB: ============== END OF LOAD BALANCING =============== 70027.1
LDB: =============== DONE WITH MIGRATION ================ 70027.1
PRESSURE: 420000 534.961 -93.8854 88.4826 -93.8854 16.3866 180.444 88.4826 180.444 261.83
GPRESSURE: 420000 584.275 84.4023 103.495 -97.264 215.169 50.5678 -51.4319 365.497 59.0468
PRESSAVG: 420000 -46.0555 -22.5993 -16.5044 -22.5993 -38.016 -11.1132 -16.5044 -11.1132 -3.19431
GPRESSAVG: 420000 -46.0087 -22.5198 -16.5433 -22.6431 -38.0914 -11.0637 -16.5068 -11.1955 -3.22969
ENERGY:  420000      1583.7984      9217.9935      5730.2227        67.3945         -60764.8484     -1240.3628         0.0000         0.0000     18771.3525         -26634.4496       302.9659    -45405.8020    -26477.7449       303.4421            271.0591       286.1639    266098.6612       -29.0886       -29.1099

WRITING COORDINATES TO DCD FILE NPT.dcd AT STEP 420000
LDB: ============= START OF LOAD BALANCING ============== 70353.6
LDB: ============== END OF LOAD BALANCING =============== 70353.6
LDB: =============== DONE WITH MIGRATION ================ 70353.6
LDB: ============= START OF LOAD BALANCING ============== 70362
LDB: ============== END OF LOAD BALANCING =============== 70362
LDB: =============== DONE WITH MIGRATION ================ 70362
LDB: ============= START OF LOAD BALANCING ============== 70689.4
LDB: ============== END OF LOAD BALANCING =============== 70689.4
LDB: =============== DONE WITH MIGRATION ================ 70689.4
LDB: ============= START OF LOAD BALANCING ============== 70697.9
LDB: ============== END OF LOAD BALANCING =============== 70697.9
LDB: =============== DONE WITH MIGRATION ================ 70697.9
LDB: ============= START OF LOAD BALANCING ============== 71025.5
LDB: ============== END OF LOAD BALANCING =============== 71025.5
LDB: =============== DONE WITH MIGRATION ================ 71025.5
LDB: ============= START OF LOAD BALANCING ============== 71033.9
LDB: ============== END OF LOAD BALANCING =============== 71033.9
LDB: =============== DONE WITH MIGRATION ================ 71033.9
LDB: ============= START OF LOAD BALANCING ============== 71361.2
LDB: ============== END OF LOAD BALANCING =============== 71361.2
LDB: =============== DONE WITH MIGRATION ================ 71361.2
LDB: ============= START OF LOAD BALANCING ============== 71369.5
LDB: ============== END OF LOAD BALANCING =============== 71369.5
LDB: =============== DONE WITH MIGRATION ================ 71369.5
LDB: ============= START OF LOAD BALANCING ============== 71696.9
LDB: ============== END OF LOAD BALANCING =============== 71696.9
LDB: =============== DONE WITH MIGRATION ================ 71696.9
LDB: ============= START OF LOAD BALANCING ============== 71705.3
LDB: ============== END OF LOAD BALANCING =============== 71705.3
LDB: =============== DONE WITH MIGRATION ================ 71705.3
PRESSURE: 430000 -246.512 237.162 -285.821 237.162 -111.714 -104.529 -285.821 -104.529 49.5017
GPRESSURE: 430000 -188.801 84.7058 -259.174 264.555 -143.854 -90.3853 -344.716 43.2907 92.4164
PRESSAVG: 430000 11.3773 -1.19178 8.63472 -1.19178 9.49217 -14.5429 8.63472 -14.5429 3.24341
GPRESSAVG: 430000 11.239 -1.25655 8.69679 -1.24806 9.52969 -14.5124 8.55167 -14.4994 3.30626
ENERGY:  430000      1552.1212      9223.9573      5723.9328        70.0618         -60625.8586     -1261.7957         0.0000         0.0000     18874.2130         -26443.3681       304.6261    -45317.5811    -26289.6295       303.6126           -102.9081       -80.0797    267026.4569         8.0376         8.0250

WRITING COORDINATES TO DCD FILE NPT.dcd AT STEP 430000
LDB: ============= START OF LOAD BALANCING ============== 72032.1
LDB: ============== END OF LOAD BALANCING =============== 72032.1
LDB: =============== DONE WITH MIGRATION ================ 72032.1
LDB: ============= START OF LOAD BALANCING ============== 72040.4
LDB: ============== END OF LOAD BALANCING =============== 72040.4
LDB: =============== DONE WITH MIGRATION ================ 72040.4
LDB: ============= START OF LOAD BALANCING ============== 72367.2
LDB: ============== END OF LOAD BALANCING =============== 72367.2
LDB: =============== DONE WITH MIGRATION ================ 72367.2
LDB: ============= START OF LOAD BALANCING ============== 72375.6
LDB: ============== END OF LOAD BALANCING =============== 72375.6
LDB: =============== DONE WITH MIGRATION ================ 72375.6
LDB: ============= START OF LOAD BALANCING ============== 72702.6
LDB: ============== END OF LOAD BALANCING =============== 72702.6
LDB: =============== DONE WITH MIGRATION ================ 72702.6
LDB: ============= START OF LOAD BALANCING ============== 72711
LDB: ============== END OF LOAD BALANCING =============== 72711
LDB: =============== DONE WITH MIGRATION ================ 72711
LDB: ============= START OF LOAD BALANCING ============== 73037.9
LDB: ============== END OF LOAD BALANCING =============== 73037.9
LDB: =============== DONE WITH MIGRATION ================ 73037.9
LDB: ============= START OF LOAD BALANCING ============== 73046.3
LDB: ============== END OF LOAD BALANCING =============== 73046.3
LDB: =============== DONE WITH MIGRATION ================ 73046.3
LDB: ============= START OF LOAD BALANCING ============== 73372.8
LDB: ============== END OF LOAD BALANCING =============== 73372.8
LDB: =============== DONE WITH MIGRATION ================ 73372.8
LDB: ============= START OF LOAD BALANCING ============== 73381.2
LDB: ============== END OF LOAD BALANCING =============== 73381.2
LDB: =============== DONE WITH MIGRATION ================ 73381.2
PRESSURE: 440000 362.864 454.075 245.56 454.075 18.4214 -162.762 245.56 -162.762 -55.8471
GPRESSURE: 440000 459.89 387.819 302.942 445.608 -130.022 -34.7215 199.989 -66.3013 39.3891
PRESSAVG: 440000 -34.1885 -3.53753 37.4863 -3.53753 -41.1948 -2.1913 37.4863 -2.1913 -0.702819
GPRESSAVG: 440000 -34.2763 -3.56798 37.5753 -3.50278 -41.2344 -2.23622 37.6202 -2.13593 -0.744148
ENERGY:  440000      1587.0575      9239.6191      5719.2326        77.8779         -60484.6018     -1294.1796         0.0000         0.0000     18792.8866         -26362.1077       303.3135    -45154.9943    -26208.2376       303.7693            108.4795       123.0856    266541.4552       -25.3620       -25.4183

WRITING COORDINATES TO DCD FILE NPT.dcd AT STEP 440000
LDB: ============= START OF LOAD BALANCING ============== 73708.2
LDB: ============== END OF LOAD BALANCING =============== 73708.2
LDB: =============== DONE WITH MIGRATION ================ 73708.2
LDB: ============= START OF LOAD BALANCING ============== 73716.5
LDB: ============== END OF LOAD BALANCING =============== 73716.5
LDB: =============== DONE WITH MIGRATION ================ 73716.5
LDB: ============= START OF LOAD BALANCING ============== 74043.3
LDB: ============== END OF LOAD BALANCING =============== 74043.3
LDB: =============== DONE WITH MIGRATION ================ 74043.3
LDB: ============= START OF LOAD BALANCING ============== 74051.7
LDB: ============== END OF LOAD BALANCING =============== 74051.7
LDB: =============== DONE WITH MIGRATION ================ 74051.7
LDB: ============= START OF LOAD BALANCING ============== 74378.8
LDB: ============== END OF LOAD BALANCING =============== 74378.8
LDB: =============== DONE WITH MIGRATION ================ 74378.8
LDB: ============= START OF LOAD BALANCING ============== 74387.1
LDB: ============== END OF LOAD BALANCING =============== 74387.1
LDB: =============== DONE WITH MIGRATION ================ 74387.1
LDB: ============= START OF LOAD BALANCING ============== 74713.8
LDB: ============== END OF LOAD BALANCING =============== 74713.8
LDB: =============== DONE WITH MIGRATION ================ 74713.8
LDB: ============= START OF LOAD BALANCING ============== 74722.2
LDB: ============== END OF LOAD BALANCING =============== 74722.2
LDB: =============== DONE WITH MIGRATION ================ 74722.2
LDB: ============= START OF LOAD BALANCING ============== 75048.1
LDB: ============== END OF LOAD BALANCING =============== 75048.1
LDB: =============== DONE WITH MIGRATION ================ 75048.1
LDB: ============= START OF LOAD BALANCING ============== 75056.5
LDB: ============== END OF LOAD BALANCING =============== 75056.5
LDB: =============== DONE WITH MIGRATION ================ 75056.5
PRESSURE: 450000 206.679 12.8111 -258.213 12.8111 -761.407 105.707 -258.213 105.707 -320.636
GPRESSURE: 450000 -39.4629 -62.69 -195.228 -48.6207 -496.278 84.2575 -138.533 192.902 -263.03
PRESSAVG: 450000 -110.43 -26.2999 4.73613 -26.2999 -45.2756 22.1847 4.73613 22.1847 2.82809
GPRESSAVG: 450000 -110.474 -26.2639 4.7397 -26.3473 -45.2679 22.1626 4.61686 22.0818 2.77147
ENERGY:  450000      1572.9934      9322.5270      5698.6373        63.7080         -60453.7260     -1368.7762         0.0000         0.0000     18921.7517         -26242.8849       305.3933    -45164.6366    -26090.6898       304.0371           -291.7879      -266.2569    266640.1447       -50.9593       -50.9900

WRITING EXTENDED SYSTEM TO RESTART FILE AT STEP 450000
WRITING COORDINATES TO DCD FILE NPT.dcd AT STEP 450000
WRITING COORDINATES TO RESTART FILE AT STEP 450000
FINISHED WRITING RESTART COORDINATES
WRITING VELOCITIES TO RESTART FILE AT STEP 450000
FINISHED WRITING RESTART VELOCITIES
LDB: ============= START OF LOAD BALANCING ============== 75382.6
LDB: ============== END OF LOAD BALANCING =============== 75382.6
LDB: =============== DONE WITH MIGRATION ================ 75382.6
LDB: ============= START OF LOAD BALANCING ============== 75391
LDB: ============== END OF LOAD BALANCING =============== 75391
LDB: =============== DONE WITH MIGRATION ================ 75391
LDB: ============= START OF LOAD BALANCING ============== 75717.8
LDB: ============== END OF LOAD BALANCING =============== 75717.8
LDB: =============== DONE WITH MIGRATION ================ 75717.8
LDB: ============= START OF LOAD BALANCING ============== 75726.2
LDB: ============== END OF LOAD BALANCING =============== 75726.2
LDB: =============== DONE WITH MIGRATION ================ 75726.2
LDB: ============= START OF LOAD BALANCING ============== 76053.2
LDB: ============== END OF LOAD BALANCING =============== 76053.2
LDB: =============== DONE WITH MIGRATION ================ 76053.2
LDB: ============= START OF LOAD BALANCING ============== 76061.6
LDB: ============== END OF LOAD BALANCING =============== 76061.6
LDB: =============== DONE WITH MIGRATION ================ 76061.6
LDB: ============= START OF LOAD BALANCING ============== 76388.5
LDB: ============== END OF LOAD BALANCING =============== 76388.5
LDB: =============== DONE WITH MIGRATION ================ 76388.5
LDB: ============= START OF LOAD BALANCING ============== 76396.9
LDB: ============== END OF LOAD BALANCING =============== 76396.9
LDB: =============== DONE WITH MIGRATION ================ 76396.9
LDB: ============= START OF LOAD BALANCING ============== 76723.5
LDB: ============== END OF LOAD BALANCING =============== 76723.5
LDB: =============== DONE WITH MIGRATION ================ 76723.5
LDB: ============= START OF LOAD BALANCING ============== 76731.8
LDB: ============== END OF LOAD BALANCING =============== 76731.8
LDB: =============== DONE WITH MIGRATION ================ 76731.8
PRESSURE: 460000 215.134 165.088 -3.59112 165.088 -353.542 -69.2542 -3.59112 -69.2542 261.419
GPRESSURE: 460000 219.124 54.3758 70.6144 -60.355 -255.075 179.475 -113.486 24.6466 161.127
PRESSAVG: 460000 39.2757 -7.30578 -24.4252 -7.30578 22.7726 22.4238 -24.4252 22.4238 1.03798
GPRESSAVG: 460000 39.3143 -7.29337 -24.4664 -7.23967 22.766 22.4939 -24.4695 22.4785 1.05108
ENERGY:  460000      1653.5016      9366.9897      5721.2653        91.9040         -60590.1611     -1372.4620         0.0000         0.0000     18872.3937         -26256.5689       304.5967    -45128.9626    -26107.2017       304.2922             41.0037        41.7249    267701.4905        21.0287        21.0438

WRITING COORDINATES TO DCD FILE NPT.dcd AT STEP 460000
LDB: ============= START OF LOAD BALANCING ============== 77058.4
LDB: ============== END OF LOAD BALANCING =============== 77058.4
LDB: =============== DONE WITH MIGRATION ================ 77058.4
LDB: ============= START OF LOAD BALANCING ============== 77066.8
LDB: ============== END OF LOAD BALANCING =============== 77066.8
LDB: =============== DONE WITH MIGRATION ================ 77066.8
LDB: ============= START OF LOAD BALANCING ============== 77393.3
LDB: ============== END OF LOAD BALANCING =============== 77393.3
LDB: =============== DONE WITH MIGRATION ================ 77393.3
LDB: ============= START OF LOAD BALANCING ============== 77401.8
LDB: ============== END OF LOAD BALANCING =============== 77401.8
LDB: =============== DONE WITH MIGRATION ================ 77401.8
LDB: ============= START OF LOAD BALANCING ============== 77727.6
LDB: ============== END OF LOAD BALANCING =============== 77727.6
LDB: =============== DONE WITH MIGRATION ================ 77727.6
LDB: ============= START OF LOAD BALANCING ============== 77736
LDB: ============== END OF LOAD BALANCING =============== 77736
LDB: =============== DONE WITH MIGRATION ================ 77736
LDB: ============= START OF LOAD BALANCING ============== 78062.3
LDB: ============== END OF LOAD BALANCING =============== 78062.3
LDB: =============== DONE WITH MIGRATION ================ 78062.3
LDB: ============= START OF LOAD BALANCING ============== 78070.7
LDB: ============== END OF LOAD BALANCING =============== 78070.7
LDB: =============== DONE WITH MIGRATION ================ 78070.7
LDB: ============= START OF LOAD BALANCING ============== 78397.4
LDB: ============== END OF LOAD BALANCING =============== 78397.4
LDB: =============== DONE WITH MIGRATION ================ 78397.4
LDB: ============= START OF LOAD BALANCING ============== 78405.8
LDB: ============== END OF LOAD BALANCING =============== 78405.8
LDB: =============== DONE WITH MIGRATION ================ 78405.8
PRESSURE: 470000 -162.293 372.086 -530.855 372.086 -273.324 132.901 -530.855 132.901 358.93
GPRESSURE: 470000 -131.373 354.589 -563.921 250.836 -267.108 12.9816 -550.724 164.05 390.64
PRESSAVG: 470000 -40.0662 -7.04245 -34.0139 -7.04245 7.10585 8.22292 -34.0139 8.22292 1.46177
GPRESSAVG: 470000 -40.0806 -6.92726 -33.9896 -6.98771 7.23791 8.15374 -33.9776 8.22035 1.48502
ENERGY:  470000      1565.0120      9236.2129      5726.6412        79.3951         -60242.4641     -1437.3430         0.0000         0.0000     18833.0585         -26239.4874       303.9618    -45072.5459    -26094.4252       304.3331            -25.5621        -2.6135    267686.3726       -10.4995       -10.4526

WRITING COORDINATES TO DCD FILE NPT.dcd AT STEP 470000
LDB: ============= START OF LOAD BALANCING ============== 78732.4
LDB: ============== END OF LOAD BALANCING =============== 78732.4
LDB: =============== DONE WITH MIGRATION ================ 78732.4
LDB: ============= START OF LOAD BALANCING ============== 78740.7
LDB: ============== END OF LOAD BALANCING =============== 78740.7
LDB: =============== DONE WITH MIGRATION ================ 78740.7
LDB: ============= START OF LOAD BALANCING ============== 79066.9
LDB: ============== END OF LOAD BALANCING =============== 79066.9
LDB: =============== DONE WITH MIGRATION ================ 79066.9
LDB: ============= START OF LOAD BALANCING ============== 79075.2
LDB: ============== END OF LOAD BALANCING =============== 79075.2
LDB: =============== DONE WITH MIGRATION ================ 79075.2
LDB: ============= START OF LOAD BALANCING ============== 79402.1
LDB: ============== END OF LOAD BALANCING =============== 79402.1
LDB: =============== DONE WITH MIGRATION ================ 79402.1
LDB: ============= START OF LOAD BALANCING ============== 79410.5
LDB: ============== END OF LOAD BALANCING =============== 79410.5
LDB: =============== DONE WITH MIGRATION ================ 79410.5
LDB: ============= START OF LOAD BALANCING ============== 79737.5
LDB: ============== END OF LOAD BALANCING =============== 79737.5
LDB: =============== DONE WITH MIGRATION ================ 79737.5
LDB: ============= START OF LOAD BALANCING ============== 79745.8
LDB: ============== END OF LOAD BALANCING =============== 79745.8
LDB: =============== DONE WITH MIGRATION ================ 79745.8
LDB: ============= START OF LOAD BALANCING ============== 80073.1
LDB: ============== END OF LOAD BALANCING =============== 80073.1
LDB: =============== DONE WITH MIGRATION ================ 80073.1
LDB: ============= START OF LOAD BALANCING ============== 80081.5
LDB: ============== END OF LOAD BALANCING =============== 80081.5
LDB: =============== DONE WITH MIGRATION ================ 80081.5
PRESSURE: 480000 432.111 -8.40996 197.907 -8.40996 -325.436 -57.7193 197.907 -57.7193 241.436
GPRESSURE: 480000 521.299 74.0539 382.007 75.24 -338.177 -114.31 208.366 -128.034 261.55
PRESSAVG: 480000 -39.2691 -19.8992 -14.0787 -19.8992 -26.7396 21.9103 -14.0787 21.9103 -3.21249
GPRESSAVG: 480000 -39.2341 -19.9572 -14.0695 -19.8252 -26.7373 22.0046 -14.0851 21.9716 -3.15226
ENERGY:  480000      1598.0289      9249.0255      5792.9688        82.5267         -60498.9586     -1329.3923         0.0000         0.0000     18721.2698         -26384.5313       302.1576    -45105.8011    -26239.5867       302.9034            116.0371       148.2241    266872.9725       -23.0737       -23.0412

WRITING COORDINATES TO DCD FILE NPT.dcd AT STEP 480000
LDB: ============= START OF LOAD BALANCING ============== 80408.7
LDB: ============== END OF LOAD BALANCING =============== 80408.7
LDB: =============== DONE WITH MIGRATION ================ 80408.7
LDB: ============= START OF LOAD BALANCING ============== 80417
LDB: ============== END OF LOAD BALANCING =============== 80417
LDB: =============== DONE WITH MIGRATION ================ 80417
LDB: ============= START OF LOAD BALANCING ============== 80743.7
LDB: ============== END OF LOAD BALANCING =============== 80743.7
LDB: =============== DONE WITH MIGRATION ================ 80743.7
LDB: ============= START OF LOAD BALANCING ============== 80752.1
LDB: ============== END OF LOAD BALANCING =============== 80752.1
LDB: =============== DONE WITH MIGRATION ================ 80752.1
LDB: ============= START OF LOAD BALANCING ============== 81079.1
LDB: ============== END OF LOAD BALANCING =============== 81079.1
LDB: =============== DONE WITH MIGRATION ================ 81079.1
LDB: ============= START OF LOAD BALANCING ============== 81087.5
LDB: ============== END OF LOAD BALANCING =============== 81087.5
LDB: =============== DONE WITH MIGRATION ================ 81087.5
LDB: ============= START OF LOAD BALANCING ============== 81415
LDB: ============== END OF LOAD BALANCING =============== 81415
LDB: =============== DONE WITH MIGRATION ================ 81415
LDB: ============= START OF LOAD BALANCING ============== 81423.4
LDB: ============== END OF LOAD BALANCING =============== 81423.4
LDB: =============== DONE WITH MIGRATION ================ 81423.4
LDB: ============= START OF LOAD BALANCING ============== 81750.5
LDB: ============== END OF LOAD BALANCING =============== 81750.5
LDB: =============== DONE WITH MIGRATION ================ 81750.5
LDB: ============= START OF LOAD BALANCING ============== 81758.9
LDB: ============== END OF LOAD BALANCING =============== 81758.9
LDB: =============== DONE WITH MIGRATION ================ 81758.9
PRESSURE: 490000 361.918 193.423 -78.5272 193.423 -104.425 -2.00236 -78.5272 -2.00236 380.808
GPRESSURE: 490000 427.386 170.125 -24.4914 136.422 -110.964 -41.4378 -19.6175 -232.043 324.007
PRESSAVG: 490000 -16.8392 -6.75337 -6.68624 -6.75337 -35.2973 -8.82062 -6.68624 -8.82062 4.75859
GPRESSAVG: 490000 -16.7796 -6.80534 -6.72575 -6.79253 -35.3464 -8.88571 -6.67655 -8.84769 4.72762
ENERGY:  490000      1568.7215      9169.7302      5704.5771        71.3556         -60617.3733     -1410.6147         0.0000         0.0000     18825.7131         -26687.8905       303.8433    -45513.6036    -26541.7063       303.2536            212.7669       213.4764    266079.8850       -15.7926       -15.7994

WRITING COORDINATES TO DCD FILE NPT.dcd AT STEP 490000
LDB: ============= START OF LOAD BALANCING ============== 82085.5
LDB: ============== END OF LOAD BALANCING =============== 82085.5
LDB: =============== DONE WITH MIGRATION ================ 82085.5
LDB: ============= START OF LOAD BALANCING ============== 82094
LDB: ============== END OF LOAD BALANCING =============== 82094
LDB: =============== DONE WITH MIGRATION ================ 82094
LDB: ============= START OF LOAD BALANCING ============== 82422.2
LDB: ============== END OF LOAD BALANCING =============== 82422.2
LDB: =============== DONE WITH MIGRATION ================ 82422.2
LDB: ============= START OF LOAD BALANCING ============== 82430.6
LDB: ============== END OF LOAD BALANCING =============== 82430.6
LDB: =============== DONE WITH MIGRATION ================ 82430.6
LDB: ============= START OF LOAD BALANCING ============== 82757.7
LDB: ============== END OF LOAD BALANCING =============== 82757.7
LDB: =============== DONE WITH MIGRATION ================ 82757.7
LDB: ============= START OF LOAD BALANCING ============== 82766.1
LDB: ============== END OF LOAD BALANCING =============== 82766.1
LDB: =============== DONE WITH MIGRATION ================ 82766.1
LDB: ============= START OF LOAD BALANCING ============== 83093.1
LDB: ============== END OF LOAD BALANCING =============== 83093.1
LDB: =============== DONE WITH MIGRATION ================ 83093.1
LDB: ============= START OF LOAD BALANCING ============== 83101.5
LDB: ============== END OF LOAD BALANCING =============== 83101.5
LDB: =============== DONE WITH MIGRATION ================ 83101.5
LDB: ============= START OF LOAD BALANCING ============== 83429.1
LDB: ============== END OF LOAD BALANCING =============== 83429.1
LDB: =============== DONE WITH MIGRATION ================ 83429.1
LDB: ============= START OF LOAD BALANCING ============== 83437.5
LDB: ============== END OF LOAD BALANCING =============== 83437.5
LDB: =============== DONE WITH MIGRATION ================ 83437.5
PRESSURE: 500000 -514.855 -408.614 126.618 -408.614 -159.197 -221.965 126.618 -221.965 -247.977
GPRESSURE: 500000 -507.486 -349.835 211.114 -530.922 -63.5595 -399.501 114.053 -190.459 -325.947
PRESSAVG: 500000 -10.2911 -24.144 -3.06301 -24.144 -14.1096 2.2432 -3.06301 2.2432 -1.52809
GPRESSAVG: 500000 -10.4239 -24.2156 -2.93397 -24.1039 -13.9953 2.28828 -3.0498 2.25572 -1.57368
TIMING: 500000  CPU: 83713.4, 0.167705/step  Wall: 83715.2, 0.167708/step, 23.2928 hours remaining, 685.415271 MB of memory in use.
PERFORMANCE: 500000  averaging 1.03208 ns/day, 0.16743 sec/step with standard deviation 0.000291954
ETITLE:      TS           BOND          ANGLE          DIHED          IMPRP               ELECT            VDW       BOUNDARY           MISC        KINETIC               TOTAL           TEMP      POTENTIAL         TOTAL3        TEMPAVG            PRESSURE      GPRESSURE         VOLUME       PRESSAVG      GPRESSAVG

ENERGY:  500000      1577.6746      9220.5031      5708.9448        84.6216         -60464.2485     -1365.9932         0.0000         0.0000     18735.6081         -26502.8895       302.3890    -45238.4976    -26353.9698       302.6775           -307.3430      -298.9977    265880.2339        -8.6429        -8.6643

WRITING EXTENDED SYSTEM TO RESTART FILE AT STEP 500000
WRITING COORDINATES TO DCD FILE NPT.dcd AT STEP 500000
WRITING COORDINATES TO RESTART FILE AT STEP 500000
FINISHED WRITING RESTART COORDINATES
WRITING VELOCITIES TO RESTART FILE AT STEP 500000
FINISHED WRITING RESTART VELOCITIES
LDB: ============= START OF LOAD BALANCING ============== 83765.2
LDB: ============== END OF LOAD BALANCING =============== 83765.2
LDB: =============== DONE WITH MIGRATION ================ 83765.2
LDB: ============= START OF LOAD BALANCING ============== 83773.6
LDB: ============== END OF LOAD BALANCING =============== 83773.6
LDB: =============== DONE WITH MIGRATION ================ 83773.6
LDB: ============= START OF LOAD BALANCING ============== 84101
LDB: ============== END OF LOAD BALANCING =============== 84101
LDB: =============== DONE WITH MIGRATION ================ 84101
LDB: ============= START OF LOAD BALANCING ============== 84109.4
LDB: ============== END OF LOAD BALANCING =============== 84109.4
LDB: =============== DONE WITH MIGRATION ================ 84109.4
LDB: ============= START OF LOAD BALANCING ============== 84436.3
LDB: ============== END OF LOAD BALANCING =============== 84436.3
LDB: =============== DONE WITH MIGRATION ================ 84436.3
LDB: ============= START OF LOAD BALANCING ============== 84444.7
LDB: ============== END OF LOAD BALANCING =============== 84444.7
LDB: =============== DONE WITH MIGRATION ================ 84444.7
LDB: ============= START OF LOAD BALANCING ============== 84771.1
LDB: ============== END OF LOAD BALANCING =============== 84771.1
LDB: =============== DONE WITH MIGRATION ================ 84771.1
LDB: ============= START OF LOAD BALANCING ============== 84779.5
LDB: ============== END OF LOAD BALANCING =============== 84779.5
LDB: =============== DONE WITH MIGRATION ================ 84779.5
LDB: ============= START OF LOAD BALANCING ============== 85106.2
LDB: ============== END OF LOAD BALANCING =============== 85106.2
LDB: =============== DONE WITH MIGRATION ================ 85106.2
LDB: ============= START OF LOAD BALANCING ============== 85114.6
LDB: ============== END OF LOAD BALANCING =============== 85114.6
LDB: =============== DONE WITH MIGRATION ================ 85114.6
PRESSURE: 510000 715.266 276.114 243.977 276.114 403.373 439.617 243.977 439.617 109.487
GPRESSURE: 510000 755.556 322.059 242.857 37.9543 362.31 339.82 232.21 302.971 172.277
PRESSAVG: 510000 -20.1132 -19.0467 -7.88207 -19.0467 -56.0377 -0.517789 -7.88207 -0.517789 1.98867
GPRESSAVG: 510000 -20.1103 -19.0181 -7.89782 -19.0306 -56.1379 -0.604695 -7.94792 -0.513294 1.97887
ENERGY:  510000      1595.4520      9316.3276      5760.9749        76.5776         -60924.6397     -1089.9910         0.0000         0.0000     18825.5513         -26439.7472       303.8407    -45265.2985    -26288.4936       303.2726            409.3755       430.0476    267207.4531       -24.7207       -24.7564

WRITING COORDINATES TO DCD FILE NPT.dcd AT STEP 510000
LDB: ============= START OF LOAD BALANCING ============== 85441.7
LDB: ============== END OF LOAD BALANCING =============== 85441.7
LDB: =============== DONE WITH MIGRATION ================ 85441.7
LDB: ============= START OF LOAD BALANCING ============== 85450.1
LDB: ============== END OF LOAD BALANCING =============== 85450.1
LDB: =============== DONE WITH MIGRATION ================ 85450.1
LDB: ============= START OF LOAD BALANCING ============== 85776.9
LDB: ============== END OF LOAD BALANCING =============== 85776.9
LDB: =============== DONE WITH MIGRATION ================ 85776.9
LDB: ============= START OF LOAD BALANCING ============== 85785.3
LDB: ============== END OF LOAD BALANCING =============== 85785.3
LDB: =============== DONE WITH MIGRATION ================ 85785.3
LDB: ============= START OF LOAD BALANCING ============== 86112.3
LDB: ============== END OF LOAD BALANCING =============== 86112.3
LDB: =============== DONE WITH MIGRATION ================ 86112.3
LDB: ============= START OF LOAD BALANCING ============== 86120.6
LDB: ============== END OF LOAD BALANCING =============== 86120.6
LDB: =============== DONE WITH MIGRATION ================ 86120.6
LDB: ============= START OF LOAD BALANCING ============== 86447.6
LDB: ============== END OF LOAD BALANCING =============== 86447.6
LDB: =============== DONE WITH MIGRATION ================ 86447.6
LDB: ============= START OF LOAD BALANCING ============== 86455.9
LDB: ============== END OF LOAD BALANCING =============== 86455.9
LDB: =============== DONE WITH MIGRATION ================ 86455.9
LDB: ============= START OF LOAD BALANCING ============== 86782.8
LDB: ============== END OF LOAD BALANCING =============== 86782.8
LDB: =============== DONE WITH MIGRATION ================ 86782.8
LDB: ============= START OF LOAD BALANCING ============== 86791.2
LDB: ============== END OF LOAD BALANCING =============== 86791.2
LDB: =============== DONE WITH MIGRATION ================ 86791.2
PRESSURE: 520000 -409.235 13.5563 -135.723 13.5563 120.582 -144.831 -135.723 -144.831 2.41136
GPRESSURE: 520000 -391.427 -15.831 -100.582 37.6133 153.726 -9.52386 -66.3649 -93.0877 20.6171
PRESSAVG: 520000 -23.2237 -34.018 -11.8579 -34.018 -40.0252 -22.1589 -11.8579 -22.1589 -2.33465
GPRESSAVG: 520000 -23.2626 -34.068 -11.9363 -33.9402 -39.8906 -22.0935 -11.7645 -22.211 -2.38807
ENERGY:  520000      1555.9793      9323.6514      5691.0295        70.0689         -60366.3060     -1399.2600         0.0000         0.0000     18839.3182         -26285.5187       304.0629    -45124.8369    -26136.4577       302.9359            -95.4139       -72.3613    267065.0567       -21.8612       -21.8471

WRITING COORDINATES TO DCD FILE NPT.dcd AT STEP 520000
LDB: ============= START OF LOAD BALANCING ============== 87118.3
LDB: ============== END OF LOAD BALANCING =============== 87118.3
LDB: =============== DONE WITH MIGRATION ================ 87118.3
LDB: ============= START OF LOAD BALANCING ============== 87126.7
LDB: ============== END OF LOAD BALANCING =============== 87126.7
LDB: =============== DONE WITH MIGRATION ================ 87126.7
LDB: ============= START OF LOAD BALANCING ============== 87453.8
LDB: ============== END OF LOAD BALANCING =============== 87453.8
LDB: =============== DONE WITH MIGRATION ================ 87453.8
LDB: ============= START OF LOAD BALANCING ============== 87462.2
LDB: ============== END OF LOAD BALANCING =============== 87462.2
LDB: =============== DONE WITH MIGRATION ================ 87462.2
LDB: ============= START OF LOAD BALANCING ============== 87789.3
LDB: ============== END OF LOAD BALANCING =============== 87789.3
LDB: =============== DONE WITH MIGRATION ================ 87789.3
LDB: ============= START OF LOAD BALANCING ============== 87797.6
LDB: ============== END OF LOAD BALANCING =============== 87797.6
LDB: =============== DONE WITH MIGRATION ================ 87797.6
LDB: ============= START OF LOAD BALANCING ============== 88124.1
LDB: ============== END OF LOAD BALANCING =============== 88124.1
LDB: =============== DONE WITH MIGRATION ================ 88124.1
LDB: ============= START OF LOAD BALANCING ============== 88132.5
LDB: ============== END OF LOAD BALANCING =============== 88132.5
LDB: =============== DONE WITH MIGRATION ================ 88132.5
LDB: ============= START OF LOAD BALANCING ============== 88459.1
LDB: ============== END OF LOAD BALANCING =============== 88459.1
LDB: =============== DONE WITH MIGRATION ================ 88459.1
LDB: ============= START OF LOAD BALANCING ============== 88467.5
LDB: ============== END OF LOAD BALANCING =============== 88467.5
LDB: =============== DONE WITH MIGRATION ================ 88467.5
PRESSURE: 530000 -577.857 315.559 139.513 315.559 74.7548 -81.3537 139.513 -81.3537 244.091
GPRESSURE: 530000 -432.141 339.068 77.2701 617.713 -48.2667 -25.4657 240.032 40.7118 266.523
PRESSAVG: 530000 -63.9086 26.1438 27.7211 26.1438 -51.2515 -19.9729 27.7211 -19.9729 1.65885
GPRESSAVG: 530000 -63.7745 26.1868 27.7031 26.1803 -51.3053 -19.9548 27.7889 -19.9171 1.63101
ENERGY:  530000      1634.7174      9225.0965      5682.7704        78.4998         -60632.5117     -1310.4652         0.0000         0.0000     18971.0538         -26350.8389       306.1891    -45321.8927    -26204.2490       303.5579            -86.3371       -71.2949    266878.6485       -37.8338       -37.8163

WRITING COORDINATES TO DCD FILE NPT.dcd AT STEP 530000
LDB: ============= START OF LOAD BALANCING ============== 88794.6
LDB: ============== END OF LOAD BALANCING =============== 88794.6
LDB: =============== DONE WITH MIGRATION ================ 88794.6
LDB: ============= START OF LOAD BALANCING ============== 88802.9
LDB: ============== END OF LOAD BALANCING =============== 88802.9
LDB: =============== DONE WITH MIGRATION ================ 88802.9
LDB: ============= START OF LOAD BALANCING ============== 89129.9
LDB: ============== END OF LOAD BALANCING =============== 89129.9
LDB: =============== DONE WITH MIGRATION ================ 89129.9
LDB: ============= START OF LOAD BALANCING ============== 89138.3
LDB: ============== END OF LOAD BALANCING =============== 89138.3
LDB: =============== DONE WITH MIGRATION ================ 89138.3
LDB: ============= START OF LOAD BALANCING ============== 89465.3
LDB: ============== END OF LOAD BALANCING =============== 89465.3
LDB: =============== DONE WITH MIGRATION ================ 89465.3
LDB: ============= START OF LOAD BALANCING ============== 89473.8
LDB: ============== END OF LOAD BALANCING =============== 89473.8
LDB: =============== DONE WITH MIGRATION ================ 89473.8
LDB: ============= START OF LOAD BALANCING ============== 89802.1
LDB: ============== END OF LOAD BALANCING =============== 89802.1
LDB: =============== DONE WITH MIGRATION ================ 89802.1
LDB: ============= START OF LOAD BALANCING ============== 89810.5
LDB: ============== END OF LOAD BALANCING =============== 89810.5
LDB: =============== DONE WITH MIGRATION ================ 89810.5
LDB: ============= START OF LOAD BALANCING ============== 90138.1
LDB: ============== END OF LOAD BALANCING =============== 90138.1
LDB: =============== DONE WITH MIGRATION ================ 90138.1
LDB: ============= START OF LOAD BALANCING ============== 90146.5
LDB: ============== END OF LOAD BALANCING =============== 90146.5
LDB: =============== DONE WITH MIGRATION ================ 90146.5
PRESSURE: 540000 -161.623 156.59 -300.518 156.59 902.297 101.106 -300.518 101.106 469.962
GPRESSURE: 540000 -98.398 -54.5899 -337.184 231.787 884.166 104.658 -374.848 4.66697 462.536
PRESSAVG: 540000 30.6287 12.5665 -4.01524 12.5665 -25.6218 25.8843 -4.01524 25.8843 -2.4154
GPRESSAVG: 540000 30.6477 12.4898 -3.86572 12.4758 -25.5956 25.9221 -3.91418 25.7929 -2.47891
ENERGY:  540000      1534.5141      9259.4093      5766.5700        70.0444         -60669.5697     -1296.1203         0.0000         0.0000     18660.2369         -26674.9154       301.1725    -45335.1522    -26520.3532       303.6609            403.5455       416.1014    266661.8111         0.8639         0.8577

WRITING COORDINATES TO DCD FILE NPT.dcd AT STEP 540000
LDB: ============= START OF LOAD BALANCING ============== 90473.9
LDB: ============== END OF LOAD BALANCING =============== 90473.9
LDB: =============== DONE WITH MIGRATION ================ 90473.9
LDB: ============= START OF LOAD BALANCING ============== 90482.3
LDB: ============== END OF LOAD BALANCING =============== 90482.3
LDB: =============== DONE WITH MIGRATION ================ 90482.3
LDB: ============= START OF LOAD BALANCING ============== 90809.4
LDB: ============== END OF LOAD BALANCING =============== 90809.4
LDB: =============== DONE WITH MIGRATION ================ 90809.4
LDB: ============= START OF LOAD BALANCING ============== 90817.8
LDB: ============== END OF LOAD BALANCING =============== 90817.8
LDB: =============== DONE WITH MIGRATION ================ 90817.8
LDB: ============= START OF LOAD BALANCING ============== 91144.7
LDB: ============== END OF LOAD BALANCING =============== 91144.7
LDB: =============== DONE WITH MIGRATION ================ 91144.7
LDB: ============= START OF LOAD BALANCING ============== 91153.1
LDB: ============== END OF LOAD BALANCING =============== 91153.1
LDB: =============== DONE WITH MIGRATION ================ 91153.1
LDB: ============= START OF LOAD BALANCING ============== 91480.6
LDB: ============== END OF LOAD BALANCING =============== 91480.6
LDB: =============== DONE WITH MIGRATION ================ 91480.6
LDB: ============= START OF LOAD BALANCING ============== 91488.9
LDB: ============== END OF LOAD BALANCING =============== 91488.9
LDB: =============== DONE WITH MIGRATION ================ 91488.9
LDB: ============= START OF LOAD BALANCING ============== 91815.9
LDB: ============== END OF LOAD BALANCING =============== 91815.9
LDB: =============== DONE WITH MIGRATION ================ 91815.9
LDB: ============= START OF LOAD BALANCING ============== 91824.3
LDB: ============== END OF LOAD BALANCING =============== 91824.3
LDB: =============== DONE WITH MIGRATION ================ 91824.3
PRESSURE: 550000 493.168 318.256 -50.7501 318.256 -225.628 -326.333 -50.7501 -326.333 -708.238
GPRESSURE: 550000 492.302 356.964 -80.8277 253.936 -265.705 -375.347 -145.799 -396.322 -641.079
PRESSAVG: 550000 21.6755 15.3339 13.4292 15.3339 46.3751 1.60026 13.4292 1.60026 4.3703
GPRESSAVG: 550000 21.6818 15.3487 13.2994 15.3275 46.4255 1.64589 13.4658 1.56989 4.37991
ENERGY:  550000      1600.0248      9280.8453      5703.4287        74.1831         -60425.7830     -1493.0827         0.0000         0.0000     18906.5334         -26353.8505       305.1477    -45260.3839    -26203.6176       303.4790           -146.8989      -138.1608    265936.8369        24.1403        24.1624

WRITING EXTENDED SYSTEM TO RESTART FILE AT STEP 550000
WRITING COORDINATES TO DCD FILE NPT.dcd AT STEP 550000
WRITING COORDINATES TO RESTART FILE AT STEP 550000
FINISHED WRITING RESTART COORDINATES
WRITING VELOCITIES TO RESTART FILE AT STEP 550000
FINISHED WRITING RESTART VELOCITIES
LDB: ============= START OF LOAD BALANCING ============== 92151.6
LDB: ============== END OF LOAD BALANCING =============== 92151.6
LDB: =============== DONE WITH MIGRATION ================ 92151.6
LDB: ============= START OF LOAD BALANCING ============== 92160
LDB: ============== END OF LOAD BALANCING =============== 92160
LDB: =============== DONE WITH MIGRATION ================ 92160
LDB: ============= START OF LOAD BALANCING ============== 92487.4
LDB: ============== END OF LOAD BALANCING =============== 92487.4
LDB: =============== DONE WITH MIGRATION ================ 92487.4
LDB: ============= START OF LOAD BALANCING ============== 92495.8
LDB: ============== END OF LOAD BALANCING =============== 92495.8
LDB: =============== DONE WITH MIGRATION ================ 92495.8
LDB: ============= START OF LOAD BALANCING ============== 92823.1
LDB: ============== END OF LOAD BALANCING =============== 92823.1
LDB: =============== DONE WITH MIGRATION ================ 92823.1
LDB: ============= START OF LOAD BALANCING ============== 92831.5
LDB: ============== END OF LOAD BALANCING =============== 92831.5
LDB: =============== DONE WITH MIGRATION ================ 92831.5
LDB: ============= START OF LOAD BALANCING ============== 93158.6
LDB: ============== END OF LOAD BALANCING =============== 93158.6
LDB: =============== DONE WITH MIGRATION ================ 93158.6
LDB: ============= START OF LOAD BALANCING ============== 93167
LDB: ============== END OF LOAD BALANCING =============== 93167
LDB: =============== DONE WITH MIGRATION ================ 93167
LDB: ============= START OF LOAD BALANCING ============== 93495
LDB: ============== END OF LOAD BALANCING =============== 93495
LDB: =============== DONE WITH MIGRATION ================ 93495
LDB: ============= START OF LOAD BALANCING ============== 93503.4
LDB: ============== END OF LOAD BALANCING =============== 93503.4
LDB: =============== DONE WITH MIGRATION ================ 93503.4
PRESSURE: 560000 151.025 343.262 371.424 343.262 655.129 -372.581 371.424 -372.581 -264.04
GPRESSURE: 560000 300.143 450.593 305.951 148.889 522.406 -545.696 284.605 -297.237 -222.013
PRESSAVG: 560000 62.7873 -5.04343 -7.93388 -5.04343 12.9887 -2.37457 -7.93388 -2.37457 4.94772
GPRESSAVG: 560000 62.7922 -5.10413 -7.92838 -5.09909 13.0749 -2.34152 -8.01253 -2.3248 4.92578
ENERGY:  560000      1576.1469      9377.2690      5791.9549        77.3779         -60573.5930     -1318.8040         0.0000         0.0000     18915.1248         -26154.5236       305.2864    -45069.6483    -26001.2691       303.3440            180.7047       200.1785    267140.2732        26.9079        26.9310

WRITING COORDINATES TO DCD FILE NPT.dcd AT STEP 560000
LDB: ============= START OF LOAD BALANCING ============== 93830.7
LDB: ============== END OF LOAD BALANCING =============== 93830.7
LDB: =============== DONE WITH MIGRATION ================ 93830.7
LDB: ============= START OF LOAD BALANCING ============== 93839.1
LDB: ============== END OF LOAD BALANCING =============== 93839.1
LDB: =============== DONE WITH MIGRATION ================ 93839.1
LDB: ============= START OF LOAD BALANCING ============== 94166
LDB: ============== END OF LOAD BALANCING =============== 94166
LDB: =============== DONE WITH MIGRATION ================ 94166
LDB: ============= START OF LOAD BALANCING ============== 94174.4
LDB: ============== END OF LOAD BALANCING =============== 94174.4
LDB: =============== DONE WITH MIGRATION ================ 94174.4
LDB: ============= START OF LOAD BALANCING ============== 94502.4
LDB: ============== END OF LOAD BALANCING =============== 94502.4
LDB: =============== DONE WITH MIGRATION ================ 94502.4
LDB: ============= START OF LOAD BALANCING ============== 94510.9
LDB: ============== END OF LOAD BALANCING =============== 94510.9
LDB: =============== DONE WITH MIGRATION ================ 94510.9
LDB: ============= START OF LOAD BALANCING ============== 94839
LDB: ============== END OF LOAD BALANCING =============== 94839
LDB: =============== DONE WITH MIGRATION ================ 94839
LDB: ============= START OF LOAD BALANCING ============== 94847.4
LDB: ============== END OF LOAD BALANCING =============== 94847.4
LDB: =============== DONE WITH MIGRATION ================ 94847.4
LDB: ============= START OF LOAD BALANCING ============== 95175.2
LDB: ============== END OF LOAD BALANCING =============== 95175.2
LDB: =============== DONE WITH MIGRATION ================ 95175.2
LDB: ============= START OF LOAD BALANCING ============== 95183.6
LDB: ============== END OF LOAD BALANCING =============== 95183.6
LDB: =============== DONE WITH MIGRATION ================ 95183.6
PRESSURE: 570000 -489.706 -434.67 -84.8572 -434.67 322.333 224.267 -84.8572 224.267 -659.219
GPRESSURE: 570000 -410.332 -388.904 -69.166 -302.547 233.74 121.676 162.122 46.0995 -585.568
PRESSAVG: 570000 77.9622 -24.9074 16.1876 -24.9074 25.1306 11.1864 16.1876 11.1864 3.17521
GPRESSAVG: 570000 77.9301 -25.0044 16.1241 -24.9096 25.2728 11.1521 16.2872 11.1414 3.14066
ENERGY:  570000      1584.7813      9344.5187      5805.6532        65.9755         -60550.4559     -1386.8965         0.0000         0.0000     18849.7835         -26286.6402       304.2318    -45136.4237    -26139.6335       304.2084           -275.5308      -254.0534    267092.2535        35.4227        35.4478

WRITING COORDINATES TO DCD FILE NPT.dcd AT STEP 570000
LDB: ============= START OF LOAD BALANCING ============== 95511.3
LDB: ============== END OF LOAD BALANCING =============== 95511.3
LDB: =============== DONE WITH MIGRATION ================ 95511.3
LDB: ============= START OF LOAD BALANCING ============== 95519.7
LDB: ============== END OF LOAD BALANCING =============== 95519.7
LDB: =============== DONE WITH MIGRATION ================ 95519.7
LDB: ============= START OF LOAD BALANCING ============== 95847
LDB: ============== END OF LOAD BALANCING =============== 95847
LDB: =============== DONE WITH MIGRATION ================ 95847
LDB: ============= START OF LOAD BALANCING ============== 95855.4
LDB: ============== END OF LOAD BALANCING =============== 95855.4
LDB: =============== DONE WITH MIGRATION ================ 95855.4
LDB: ============= START OF LOAD BALANCING ============== 96182.4
LDB: ============== END OF LOAD BALANCING =============== 96182.4
LDB: =============== DONE WITH MIGRATION ================ 96182.4
LDB: ============= START OF LOAD BALANCING ============== 96190.8
LDB: ============== END OF LOAD BALANCING =============== 96190.8
LDB: =============== DONE WITH MIGRATION ================ 96190.8
LDB: ============= START OF LOAD BALANCING ============== 96517.6
LDB: ============== END OF LOAD BALANCING =============== 96517.6
LDB: =============== DONE WITH MIGRATION ================ 96517.6
LDB: ============= START OF LOAD BALANCING ============== 96526
LDB: ============== END OF LOAD BALANCING =============== 96526
LDB: =============== DONE WITH MIGRATION ================ 96526
LDB: ============= START OF LOAD BALANCING ============== 96853.5
LDB: ============== END OF LOAD BALANCING =============== 96853.5
LDB: =============== DONE WITH MIGRATION ================ 96853.5
LDB: ============= START OF LOAD BALANCING ============== 96861.9
LDB: ============== END OF LOAD BALANCING =============== 96861.9
LDB: =============== DONE WITH MIGRATION ================ 96861.9
PRESSURE: 580000 -440.243 -30.5289 -344.123 -30.5289 -208.082 -228.028 -344.123 -228.028 -617.676
GPRESSURE: 580000 -356.185 -174.465 -175.242 12.7321 -206.756 -445.597 -427.284 -262.857 -625.439
PRESSAVG: 580000 0.198715 -1.90272 -8.92061 -1.90272 -6.46202 -24.9341 -8.92061 -24.9341 2.30506
GPRESSAVG: 580000 0.164187 -1.93275 -8.94483 -2.02685 -6.50444 -24.8532 -9.00402 -24.9473 2.36024
ENERGY:  580000      1606.7691      9203.8892      5765.4301        63.1772         -60657.0713     -1304.2344         0.0000         0.0000     18741.4855         -26580.5547       302.4839    -45322.0401    -26432.4058       303.6993           -422.0001      -396.1267    266915.9618        -1.3194        -1.3267

WRITING COORDINATES TO DCD FILE NPT.dcd AT STEP 580000
LDB: ============= START OF LOAD BALANCING ============== 97189.3
LDB: ============== END OF LOAD BALANCING =============== 97189.3
LDB: =============== DONE WITH MIGRATION ================ 97189.3
LDB: ============= START OF LOAD BALANCING ============== 97197.7
LDB: ============== END OF LOAD BALANCING =============== 97197.7
LDB: =============== DONE WITH MIGRATION ================ 97197.7
LDB: ============= START OF LOAD BALANCING ============== 97525.1
LDB: ============== END OF LOAD BALANCING =============== 97525.1
LDB: =============== DONE WITH MIGRATION ================ 97525.1
LDB: ============= START OF LOAD BALANCING ============== 97533.5
LDB: ============== END OF LOAD BALANCING =============== 97533.5
LDB: =============== DONE WITH MIGRATION ================ 97533.5
LDB: ============= START OF LOAD BALANCING ============== 97860.5
LDB: ============== END OF LOAD BALANCING =============== 97860.5
LDB: =============== DONE WITH MIGRATION ================ 97860.5
LDB: ============= START OF LOAD BALANCING ============== 97868.9
LDB: ============== END OF LOAD BALANCING =============== 97868.9
LDB: =============== DONE WITH MIGRATION ================ 97868.9
LDB: ============= START OF LOAD BALANCING ============== 98196.1
LDB: ============== END OF LOAD BALANCING =============== 98196.1
LDB: =============== DONE WITH MIGRATION ================ 98196.1
LDB: ============= START OF LOAD BALANCING ============== 98204.5
LDB: ============== END OF LOAD BALANCING =============== 98204.5
LDB: =============== DONE WITH MIGRATION ================ 98204.5
LDB: ============= START OF LOAD BALANCING ============== 98532
LDB: ============== END OF LOAD BALANCING =============== 98532
LDB: =============== DONE WITH MIGRATION ================ 98532
LDB: ============= START OF LOAD BALANCING ============== 98540.4
LDB: ============== END OF LOAD BALANCING =============== 98540.4
LDB: =============== DONE WITH MIGRATION ================ 98540.4
PRESSURE: 590000 48.7105 30.3811 216.534 30.3811 68.6914 415.349 216.534 415.349 -660.86
GPRESSURE: 590000 53.1499 -82.439 165.37 131.102 62.4956 343.718 16.9807 324.104 -646.046
PRESSAVG: 590000 -7.55406 -2.07556 -14.8628 -2.07556 -4.69154 -13.7453 -14.8628 -13.7453 5.3318
GPRESSAVG: 590000 -7.49655 -2.03778 -14.8562 -2.05911 -4.68274 -13.7964 -14.9322 -13.7751 5.21674
ENERGY:  590000      1567.4990      9309.2853      5739.9997        74.3572         -60387.6881     -1478.4332         0.0000         0.0000     18820.6123         -26354.3678       303.7610    -45174.9801    -26205.3010       303.2476           -181.1526      -176.8003    265801.6741        -2.3046        -2.3209

WRITING COORDINATES TO DCD FILE NPT.dcd AT STEP 590000
LDB: ============= START OF LOAD BALANCING ============== 98868.1
LDB: ============== END OF LOAD BALANCING =============== 98868.1
LDB: =============== DONE WITH MIGRATION ================ 98868.1
LDB: ============= START OF LOAD BALANCING ============== 98876.5
LDB: ============== END OF LOAD BALANCING =============== 98876.5
LDB: =============== DONE WITH MIGRATION ================ 98876.5
LDB: ============= START OF LOAD BALANCING ============== 99204.4
LDB: ============== END OF LOAD BALANCING =============== 99204.4
LDB: =============== DONE WITH MIGRATION ================ 99204.4
LDB: ============= START OF LOAD BALANCING ============== 99212.8
LDB: ============== END OF LOAD BALANCING =============== 99212.8
LDB: =============== DONE WITH MIGRATION ================ 99212.8
LDB: ============= START OF LOAD BALANCING ============== 99539.5
LDB: ============== END OF LOAD BALANCING =============== 99539.5
LDB: =============== DONE WITH MIGRATION ================ 99539.5
LDB: ============= START OF LOAD BALANCING ============== 99547.9
LDB: ============== END OF LOAD BALANCING =============== 99547.9
LDB: =============== DONE WITH MIGRATION ================ 99547.9
LDB: ============= START OF LOAD BALANCING ============== 99874.8
LDB: ============== END OF LOAD BALANCING =============== 99874.8
LDB: =============== DONE WITH MIGRATION ================ 99874.8
LDB: ============= START OF LOAD BALANCING ============== 99883.2
LDB: ============== END OF LOAD BALANCING =============== 99883.2
LDB: =============== DONE WITH MIGRATION ================ 99883.2
LDB: ============= START OF LOAD BALANCING ============== 100210
LDB: ============== END OF LOAD BALANCING =============== 100210
LDB: =============== DONE WITH MIGRATION ================ 100210
LDB: ============= START OF LOAD BALANCING ============== 100219
LDB: ============== END OF LOAD BALANCING =============== 100219
LDB: =============== DONE WITH MIGRATION ================ 100219
PRESSURE: 600000 -144.87 -694.14 -269.286 -694.14 -553.556 -178.579 -269.286 -178.579 319.593
GPRESSURE: 600000 -128.448 -560.994 -260.836 -679.842 -515.967 -215.248 -82.6128 -236.914 364.198
PRESSAVG: 600000 18.7904 -15.9174 8.55472 -15.9174 69.1513 -21.8315 8.55472 -21.8315 -1.83468
GPRESSAVG: 600000 18.7936 -16.0294 8.57447 -15.9105 69.1246 -21.8442 8.70028 -21.824 -1.75344
TIMING: 600000  CPU: 100494, 0.167806/step  Wall: 100496, 0.167809/step, 18.6455 hours remaining, 685.415271 MB of memory in use.
PERFORMANCE: 600000  averaging 1.03169 ns/day, 0.167493 sec/step with standard deviation 0.000303659
ETITLE:      TS           BOND          ANGLE          DIHED          IMPRP               ELECT            VDW       BOUNDARY           MISC        KINETIC               TOTAL           TEMP      POTENTIAL         TOTAL3        TEMPAVG            PRESSURE      GPRESSURE         VOLUME       PRESSAVG      GPRESSAVG

ENERGY:  600000      1543.0999      9240.0839      5730.9079        81.5109         -60471.7290     -1345.7638         0.0000         0.0000     18750.7532         -26471.1370       302.6334    -45221.8903    -26325.5075       303.4599           -126.2775       -93.4058    268276.7940        28.7023        28.7216

WRITING EXTENDED SYSTEM TO RESTART FILE AT STEP 600000
WRITING COORDINATES TO DCD FILE NPT.dcd AT STEP 600000
WRITING COORDINATES TO RESTART FILE AT STEP 600000
FINISHED WRITING RESTART COORDINATES
WRITING VELOCITIES TO RESTART FILE AT STEP 600000
FINISHED WRITING RESTART VELOCITIES
LDB: ============= START OF LOAD BALANCING ============== 100546
LDB: ============== END OF LOAD BALANCING =============== 100546
LDB: =============== DONE WITH MIGRATION ================ 100546
LDB: ============= START OF LOAD BALANCING ============== 100554
LDB: ============== END OF LOAD BALANCING =============== 100554
LDB: =============== DONE WITH MIGRATION ================ 100554
LDB: ============= START OF LOAD BALANCING ============== 100881
LDB: ============== END OF LOAD BALANCING =============== 100881
LDB: =============== DONE WITH MIGRATION ================ 100881
LDB: ============= START OF LOAD BALANCING ============== 100889
LDB: ============== END OF LOAD BALANCING =============== 100889
LDB: =============== DONE WITH MIGRATION ================ 100889
LDB: ============= START OF LOAD BALANCING ============== 101216
LDB: ============== END OF LOAD BALANCING =============== 101216
LDB: =============== DONE WITH MIGRATION ================ 101216
LDB: ============= START OF LOAD BALANCING ============== 101225
LDB: ============== END OF LOAD BALANCING =============== 101225
LDB: =============== DONE WITH MIGRATION ================ 101225
LDB: ============= START OF LOAD BALANCING ============== 101552
LDB: ============== END OF LOAD BALANCING =============== 101552
LDB: =============== DONE WITH MIGRATION ================ 101552
LDB: ============= START OF LOAD BALANCING ============== 101561
LDB: ============== END OF LOAD BALANCING =============== 101561
LDB: =============== DONE WITH MIGRATION ================ 101561
LDB: ============= START OF LOAD BALANCING ============== 101887
LDB: ============== END OF LOAD BALANCING =============== 101887
LDB: =============== DONE WITH MIGRATION ================ 101887
LDB: ============= START OF LOAD BALANCING ============== 101895
LDB: ============== END OF LOAD BALANCING =============== 101895
LDB: =============== DONE WITH MIGRATION ================ 101895
PRESSURE: 610000 -77.2239 -24.6327 187.473 -24.6327 -44.763 -27.4424 187.473 -27.4424 652.096
GPRESSURE: 610000 -5.66473 -19.193 173.027 -56.9447 -88.6115 -37.7902 92.8296 -44.0939 635.706
PRESSAVG: 610000 -67.2902 -22.1263 -11.5849 -22.1263 1.72833 -18.0089 -11.5849 -18.0089 4.41264
GPRESSAVG: 610000 -67.2434 -22.1276 -11.6437 -22.1116 1.68038 -17.9926 -11.6442 -18.0468 4.33301
ENERGY:  610000      1574.9423      9243.8091      5790.3207        72.4456         -60543.7517     -1413.7919         0.0000         0.0000     18557.4709         -26718.5549       299.5139    -45276.0258    -26569.0089       302.3942            176.7031       180.4768    267695.4439       -20.3831       -20.4100

WRITING COORDINATES TO DCD FILE NPT.dcd AT STEP 610000
LDB: ============= START OF LOAD BALANCING ============== 102222
LDB: ============== END OF LOAD BALANCING =============== 102222
LDB: =============== DONE WITH MIGRATION ================ 102222
LDB: ============= START OF LOAD BALANCING ============== 102230
LDB: ============== END OF LOAD BALANCING =============== 102230
LDB: =============== DONE WITH MIGRATION ================ 102230
LDB: ============= START OF LOAD BALANCING ============== 102557
LDB: ============== END OF LOAD BALANCING =============== 102557
LDB: =============== DONE WITH MIGRATION ================ 102557
LDB: ============= START OF LOAD BALANCING ============== 102565
LDB: ============== END OF LOAD BALANCING =============== 102565
LDB: =============== DONE WITH MIGRATION ================ 102565
LDB: ============= START OF LOAD BALANCING ============== 102892
LDB: ============== END OF LOAD BALANCING =============== 102892
LDB: =============== DONE WITH MIGRATION ================ 102892
LDB: ============= START OF LOAD BALANCING ============== 102900
LDB: ============== END OF LOAD BALANCING =============== 102900
LDB: =============== DONE WITH MIGRATION ================ 102900
LDB: ============= START OF LOAD BALANCING ============== 103227
LDB: ============== END OF LOAD BALANCING =============== 103227
LDB: =============== DONE WITH MIGRATION ================ 103227
LDB: ============= START OF LOAD BALANCING ============== 103236
LDB: ============== END OF LOAD BALANCING =============== 103236
LDB: =============== DONE WITH MIGRATION ================ 103236
LDB: ============= START OF LOAD BALANCING ============== 103563
LDB: ============== END OF LOAD BALANCING =============== 103563
LDB: =============== DONE WITH MIGRATION ================ 103563
LDB: ============= START OF LOAD BALANCING ============== 103571
LDB: ============== END OF LOAD BALANCING =============== 103571
LDB: =============== DONE WITH MIGRATION ================ 103571
PRESSURE: 620000 275.993 271.978 152.679 271.978 -158.87 176.285 152.679 176.285 103.153
GPRESSURE: 620000 292.672 155.564 66.2613 122.039 -205.89 18.8215 337.474 168.052 142.614
PRESSAVG: 620000 -7.0902 -25.971 -15.8888 -25.971 -5.93248 -17.8392 -15.8888 -17.8392 -0.279902
GPRESSAVG: 620000 -7.14451 -25.9856 -15.992 -26.0722 -5.95068 -17.9078 -15.7653 -17.8878 -0.243615
ENERGY:  620000      1607.5092      9215.0139      5775.5840        80.1432         -60495.3203     -1466.5345         0.0000         0.0000     18833.3781         -26450.2264       303.9670    -45283.6045    -26292.0313       303.5358             73.4255        76.4657    266183.5425        -4.4342        -4.4463

WRITING COORDINATES TO DCD FILE NPT.dcd AT STEP 620000
LDB: ============= START OF LOAD BALANCING ============== 103899
LDB: ============== END OF LOAD BALANCING =============== 103899
LDB: =============== DONE WITH MIGRATION ================ 103899
LDB: ============= START OF LOAD BALANCING ============== 103907
LDB: ============== END OF LOAD BALANCING =============== 103907
LDB: =============== DONE WITH MIGRATION ================ 103907
LDB: ============= START OF LOAD BALANCING ============== 104234
LDB: ============== END OF LOAD BALANCING =============== 104234
LDB: =============== DONE WITH MIGRATION ================ 104234
LDB: ============= START OF LOAD BALANCING ============== 104242
LDB: ============== END OF LOAD BALANCING =============== 104242
LDB: =============== DONE WITH MIGRATION ================ 104242
LDB: ============= START OF LOAD BALANCING ============== 104569
LDB: ============== END OF LOAD BALANCING =============== 104569
LDB: =============== DONE WITH MIGRATION ================ 104569
LDB: ============= START OF LOAD BALANCING ============== 104578
LDB: ============== END OF LOAD BALANCING =============== 104578
LDB: =============== DONE WITH MIGRATION ================ 104578
LDB: ============= START OF LOAD BALANCING ============== 104905
LDB: ============== END OF LOAD BALANCING =============== 104905
LDB: =============== DONE WITH MIGRATION ================ 104905
LDB: ============= START OF LOAD BALANCING ============== 104913
LDB: ============== END OF LOAD BALANCING =============== 104913
LDB: =============== DONE WITH MIGRATION ================ 104913
LDB: ============= START OF LOAD BALANCING ============== 105240
LDB: ============== END OF LOAD BALANCING =============== 105240
LDB: =============== DONE WITH MIGRATION ================ 105240
LDB: ============= START OF LOAD BALANCING ============== 105248
LDB: ============== END OF LOAD BALANCING =============== 105248
LDB: =============== DONE WITH MIGRATION ================ 105248
PRESSURE: 630000 -40.2602 227.296 327.495 227.296 282.119 347.802 327.495 347.802 -427.16
GPRESSURE: 630000 -65.1405 307.496 313.952 176.443 304.137 431.678 309.822 408.846 -394.622
PRESSAVG: 630000 25.9044 39.228 4.39536 39.228 45.4435 -8.77396 4.39536 -8.77396 8.90336
GPRESSAVG: 630000 26.0277 39.2506 4.53213 39.2848 45.4383 -8.76756 4.33741 -8.7321 8.80899
ENERGY:  630000      1591.0392      9199.0522      5731.3230        71.3657         -60565.3333     -1331.2743         0.0000         0.0000     18792.3038         -26511.5236       303.3041    -45303.8274    -26357.7748       302.8692            -61.7671       -51.8752    266909.8508        26.7504        26.7583

WRITING COORDINATES TO DCD FILE NPT.dcd AT STEP 630000
LDB: ============= START OF LOAD BALANCING ============== 105575
LDB: ============== END OF LOAD BALANCING =============== 105575
LDB: =============== DONE WITH MIGRATION ================ 105575
LDB: ============= START OF LOAD BALANCING ============== 105583
LDB: ============== END OF LOAD BALANCING =============== 105583
LDB: =============== DONE WITH MIGRATION ================ 105583
LDB: ============= START OF LOAD BALANCING ============== 105911
LDB: ============== END OF LOAD BALANCING =============== 105911
LDB: =============== DONE WITH MIGRATION ================ 105911
LDB: ============= START OF LOAD BALANCING ============== 105919
LDB: ============== END OF LOAD BALANCING =============== 105919
LDB: =============== DONE WITH MIGRATION ================ 105919
LDB: ============= START OF LOAD BALANCING ============== 106246
LDB: ============== END OF LOAD BALANCING =============== 106246
LDB: =============== DONE WITH MIGRATION ================ 106246
LDB: ============= START OF LOAD BALANCING ============== 106254
LDB: ============== END OF LOAD BALANCING =============== 106254
LDB: =============== DONE WITH MIGRATION ================ 106254
LDB: ============= START OF LOAD BALANCING ============== 106581
LDB: ============== END OF LOAD BALANCING =============== 106581
LDB: =============== DONE WITH MIGRATION ================ 106581
LDB: ============= START OF LOAD BALANCING ============== 106589
LDB: ============== END OF LOAD BALANCING =============== 106589
LDB: =============== DONE WITH MIGRATION ================ 106589
LDB: ============= START OF LOAD BALANCING ============== 106916
LDB: ============== END OF LOAD BALANCING =============== 106916
LDB: =============== DONE WITH MIGRATION ================ 106916
LDB: ============= START OF LOAD BALANCING ============== 106925
LDB: ============== END OF LOAD BALANCING =============== 106925
LDB: =============== DONE WITH MIGRATION ================ 106925
PRESSURE: 640000 -851.484 121.385 -199.741 121.385 322.779 48.6492 -199.741 48.6492 285.736
GPRESSURE: 640000 -782.466 135.804 -152.246 22.7366 274.824 164.853 -112.08 -216.914 288.831
PRESSAVG: 640000 14.3685 9.70991 7.98743 9.70991 -17.8172 -3.15339 7.98743 -3.15339 0.311933
GPRESSAVG: 640000 14.2767 9.68581 7.98272 9.71787 -17.834 -3.16206 8.06175 -3.16043 0.300187
ENERGY:  640000      1601.0277      9341.1734      5715.9625        65.3740         -60583.9570     -1326.0721         0.0000         0.0000     18585.2747         -26601.2169       299.9627    -45186.4915    -26457.7087       303.2501            -80.9898       -72.9369    265850.7569        -1.0456        -1.0857

WRITING COORDINATES TO DCD FILE NPT.dcd AT STEP 640000
LDB: ============= START OF LOAD BALANCING ============== 107252
LDB: ============== END OF LOAD BALANCING =============== 107252
LDB: =============== DONE WITH MIGRATION ================ 107252
LDB: ============= START OF LOAD BALANCING ============== 107260
LDB: ============== END OF LOAD BALANCING =============== 107260
LDB: =============== DONE WITH MIGRATION ================ 107260
LDB: ============= START OF LOAD BALANCING ============== 107588
LDB: ============== END OF LOAD BALANCING =============== 107588
LDB: =============== DONE WITH MIGRATION ================ 107588
LDB: ============= START OF LOAD BALANCING ============== 107596
LDB: ============== END OF LOAD BALANCING =============== 107596
LDB: =============== DONE WITH MIGRATION ================ 107596
LDB: ============= START OF LOAD BALANCING ============== 107923
LDB: ============== END OF LOAD BALANCING =============== 107923
LDB: =============== DONE WITH MIGRATION ================ 107923
LDB: ============= START OF LOAD BALANCING ============== 107932
LDB: ============== END OF LOAD BALANCING =============== 107932
LDB: =============== DONE WITH MIGRATION ================ 107932
LDB: ============= START OF LOAD BALANCING ============== 108258
LDB: ============== END OF LOAD BALANCING =============== 108258
LDB: =============== DONE WITH MIGRATION ================ 108258
LDB: ============= START OF LOAD BALANCING ============== 108267
LDB: ============== END OF LOAD BALANCING =============== 108267
LDB: =============== DONE WITH MIGRATION ================ 108267
LDB: ============= START OF LOAD BALANCING ============== 108594
LDB: ============== END OF LOAD BALANCING =============== 108594
LDB: =============== DONE WITH MIGRATION ================ 108594
LDB: ============= START OF LOAD BALANCING ============== 108602
LDB: ============== END OF LOAD BALANCING =============== 108602
LDB: =============== DONE WITH MIGRATION ================ 108602
PRESSURE: 650000 961.493 -246.836 -339.802 -246.836 -367.667 173.922 -339.802 173.922 598.711
GPRESSURE: 650000 810.285 -194.526 -309.47 -196.631 -256.549 157.191 -64.275 112.593 680.891
PRESSAVG: 650000 -5.65684 -11.0492 9.44167 -11.0492 43.0214 -22.3428 9.44167 -22.3428 1.41778
GPRESSAVG: 650000 -5.66908 -11.1376 9.42445 -10.9273 43.0969 -22.4319 9.55797 -22.3471 1.383
ENERGY:  650000      1530.1302      9287.9657      5709.5369        68.4883         -60658.6168     -1223.2978         0.0000         0.0000     18793.6519         -26492.1417       303.3258    -45285.7935    -26342.2646       303.4051            397.5122       411.5421    265906.8774        12.9274        12.9369

WRITING EXTENDED SYSTEM TO RESTART FILE AT STEP 650000
WRITING COORDINATES TO DCD FILE NPT.dcd AT STEP 650000
WRITING COORDINATES TO RESTART FILE AT STEP 650000
FINISHED WRITING RESTART COORDINATES
WRITING VELOCITIES TO RESTART FILE AT STEP 650000
FINISHED WRITING RESTART VELOCITIES
LDB: ============= START OF LOAD BALANCING ============== 108930
LDB: ============== END OF LOAD BALANCING =============== 108930
LDB: =============== DONE WITH MIGRATION ================ 108930
LDB: ============= START OF LOAD BALANCING ============== 108938
LDB: ============== END OF LOAD BALANCING =============== 108938
LDB: =============== DONE WITH MIGRATION ================ 108938
LDB: ============= START OF LOAD BALANCING ============== 109265
LDB: ============== END OF LOAD BALANCING =============== 109265
LDB: =============== DONE WITH MIGRATION ================ 109265
LDB: ============= START OF LOAD BALANCING ============== 109274
LDB: ============== END OF LOAD BALANCING =============== 109274
LDB: =============== DONE WITH MIGRATION ================ 109274
LDB: ============= START OF LOAD BALANCING ============== 109601
LDB: ============== END OF LOAD BALANCING =============== 109601
LDB: =============== DONE WITH MIGRATION ================ 109601
LDB: ============= START OF LOAD BALANCING ============== 109610
LDB: ============== END OF LOAD BALANCING =============== 109610
LDB: =============== DONE WITH MIGRATION ================ 109610
LDB: ============= START OF LOAD BALANCING ============== 109937
LDB: ============== END OF LOAD BALANCING =============== 109937
LDB: =============== DONE WITH MIGRATION ================ 109937
LDB: ============= START OF LOAD BALANCING ============== 109945
LDB: ============== END OF LOAD BALANCING =============== 109945
LDB: =============== DONE WITH MIGRATION ================ 109945
LDB: ============= START OF LOAD BALANCING ============== 110272
LDB: ============== END OF LOAD BALANCING =============== 110272
LDB: =============== DONE WITH MIGRATION ================ 110272
LDB: ============= START OF LOAD BALANCING ============== 110281
LDB: ============== END OF LOAD BALANCING =============== 110281
LDB: =============== DONE WITH MIGRATION ================ 110281
PRESSURE: 660000 63.1235 287.451 154.108 287.451 235.187 -47.5658 154.108 -47.5658 -334.809
GPRESSURE: 660000 -38.6073 193.642 195.207 37.3119 273.844 29.6357 195.963 148.249 -231.971
PRESSAVG: 660000 -5.81517 27.4069 7.5357 27.4069 42.257 -4.00594 7.5357 -4.00594 3.76003
GPRESSAVG: 660000 -5.81631 27.4957 7.46279 27.3374 42.1863 -4.01047 7.61416 -3.99841 3.75429
ENERGY:  660000      1576.6254      9314.6990      5681.6983        81.1000         -60718.2464     -1277.2910         0.0000         0.0000     18919.9386         -26421.4760       305.3641    -45341.4147    -26272.5474       304.0754            -12.1661         1.0887    266392.4170        13.4006        13.3748

WRITING COORDINATES TO DCD FILE NPT.dcd AT STEP 660000
LDB: ============= START OF LOAD BALANCING ============== 110608
LDB: ============== END OF LOAD BALANCING =============== 110608
LDB: =============== DONE WITH MIGRATION ================ 110608
LDB: ============= START OF LOAD BALANCING ============== 110616
LDB: ============== END OF LOAD BALANCING =============== 110616
LDB: =============== DONE WITH MIGRATION ================ 110616
LDB: ============= START OF LOAD BALANCING ============== 110943
LDB: ============== END OF LOAD BALANCING =============== 110943
LDB: =============== DONE WITH MIGRATION ================ 110943
LDB: ============= START OF LOAD BALANCING ============== 110952
LDB: ============== END OF LOAD BALANCING =============== 110952
LDB: =============== DONE WITH MIGRATION ================ 110952
LDB: ============= START OF LOAD BALANCING ============== 111279
LDB: ============== END OF LOAD BALANCING =============== 111279
LDB: =============== DONE WITH MIGRATION ================ 111279
LDB: ============= START OF LOAD BALANCING ============== 111287
LDB: ============== END OF LOAD BALANCING =============== 111287
LDB: =============== DONE WITH MIGRATION ================ 111287
LDB: ============= START OF LOAD BALANCING ============== 111614
LDB: ============== END OF LOAD BALANCING =============== 111614
LDB: =============== DONE WITH MIGRATION ================ 111614
LDB: ============= START OF LOAD BALANCING ============== 111623
LDB: ============== END OF LOAD BALANCING =============== 111623
LDB: =============== DONE WITH MIGRATION ================ 111623
LDB: ============= START OF LOAD BALANCING ============== 111951
LDB: ============== END OF LOAD BALANCING =============== 111951
LDB: =============== DONE WITH MIGRATION ================ 111951
LDB: ============= START OF LOAD BALANCING ============== 111959
LDB: ============== END OF LOAD BALANCING =============== 111959
LDB: =============== DONE WITH MIGRATION ================ 111959
PRESSURE: 670000 316.738 62.7565 91.6238 62.7565 522.851 -318.228 91.6238 -318.228 -445.983
GPRESSURE: 670000 359.983 320.514 340.909 270.399 428.014 -370.52 -14.1325 -217.656 -326.005
PRESSAVG: 670000 36.1892 13.3846 -27.2313 13.3846 22.4132 -17.7023 -27.2313 -17.7023 1.68676
GPRESSAVG: 670000 36.2049 13.4725 -27.1563 13.4505 22.4577 -17.7532 -27.286 -17.4402 1.61922
ENERGY:  670000      1572.2269      9321.6991      5741.2540        76.9656         -60896.8458     -1214.1083         0.0000         0.0000     18671.2976         -26727.5108       301.3510    -45398.8084    -26578.8912       302.8162            131.2017       153.9971    266865.6414        20.0964        20.0939

WRITING COORDINATES TO DCD FILE NPT.dcd AT STEP 670000
LDB: ============= START OF LOAD BALANCING ============== 112286
LDB: ============== END OF LOAD BALANCING =============== 112286
LDB: =============== DONE WITH MIGRATION ================ 112286
LDB: ============= START OF LOAD BALANCING ============== 112295
LDB: ============== END OF LOAD BALANCING =============== 112295
LDB: =============== DONE WITH MIGRATION ================ 112295
LDB: ============= START OF LOAD BALANCING ============== 112622
LDB: ============== END OF LOAD BALANCING =============== 112622
LDB: =============== DONE WITH MIGRATION ================ 112622
LDB: ============= START OF LOAD BALANCING ============== 112631
LDB: ============== END OF LOAD BALANCING =============== 112631
LDB: =============== DONE WITH MIGRATION ================ 112631
LDB: ============= START OF LOAD BALANCING ============== 112958
LDB: ============== END OF LOAD BALANCING =============== 112958
LDB: =============== DONE WITH MIGRATION ================ 112958
LDB: ============= START OF LOAD BALANCING ============== 112967
LDB: ============== END OF LOAD BALANCING =============== 112967
LDB: =============== DONE WITH MIGRATION ================ 112967
LDB: ============= START OF LOAD BALANCING ============== 113294
LDB: ============== END OF LOAD BALANCING =============== 113294
LDB: =============== DONE WITH MIGRATION ================ 113294
LDB: ============= START OF LOAD BALANCING ============== 113302
LDB: ============== END OF LOAD BALANCING =============== 113302
LDB: =============== DONE WITH MIGRATION ================ 113302
LDB: ============= START OF LOAD BALANCING ============== 113629
LDB: ============== END OF LOAD BALANCING =============== 113629
LDB: =============== DONE WITH MIGRATION ================ 113629
LDB: ============= START OF LOAD BALANCING ============== 113638
LDB: ============== END OF LOAD BALANCING =============== 113638
LDB: =============== DONE WITH MIGRATION ================ 113638
PRESSURE: 680000 616.61 241.869 394.878 241.869 7.57883 28.103 394.878 28.103 163.374
GPRESSURE: 680000 566.092 207.225 239.512 143.626 38.5146 -72.3138 447.116 166.539 217.583
PRESSAVG: 680000 43.1368 42.4835 -2.79894 42.4835 24.6667 -1.46042 -2.79894 -1.46042 -0.218616
GPRESSAVG: 680000 43.1359 42.4287 -2.82484 42.3867 24.8036 -1.42406 -2.87866 -1.34124 -0.224123
ENERGY:  680000      1583.9795      9228.0370      5747.2130        79.6440         -60686.5185     -1214.2097         0.0000         0.0000     18652.6897         -26609.1650       301.0507    -45261.8547    -26458.8562       302.6510            262.5209       274.0631    266540.9072        22.5283        22.5718

WRITING COORDINATES TO DCD FILE NPT.dcd AT STEP 680000
LDB: ============= START OF LOAD BALANCING ============== 113965
LDB: ============== END OF LOAD BALANCING =============== 113965
LDB: =============== DONE WITH MIGRATION ================ 113965
LDB: ============= START OF LOAD BALANCING ============== 113973
LDB: ============== END OF LOAD BALANCING =============== 113973
LDB: =============== DONE WITH MIGRATION ================ 113973
LDB: ============= START OF LOAD BALANCING ============== 114300
LDB: ============== END OF LOAD BALANCING =============== 114300
LDB: =============== DONE WITH MIGRATION ================ 114300
LDB: ============= START OF LOAD BALANCING ============== 114308
LDB: ============== END OF LOAD BALANCING =============== 114308
LDB: =============== DONE WITH MIGRATION ================ 114308
LDB: ============= START OF LOAD BALANCING ============== 114635
LDB: ============== END OF LOAD BALANCING =============== 114635
LDB: =============== DONE WITH MIGRATION ================ 114635
LDB: ============= START OF LOAD BALANCING ============== 114643
LDB: ============== END OF LOAD BALANCING =============== 114643
LDB: =============== DONE WITH MIGRATION ================ 114643
LDB: ============= START OF LOAD BALANCING ============== 114970
LDB: ============== END OF LOAD BALANCING =============== 114970
LDB: =============== DONE WITH MIGRATION ================ 114970
LDB: ============= START OF LOAD BALANCING ============== 114978
LDB: ============== END OF LOAD BALANCING =============== 114978
LDB: =============== DONE WITH MIGRATION ================ 114978
LDB: ============= START OF LOAD BALANCING ============== 115305
LDB: ============== END OF LOAD BALANCING =============== 115305
LDB: =============== DONE WITH MIGRATION ================ 115305
LDB: ============= START OF LOAD BALANCING ============== 115314
LDB: ============== END OF LOAD BALANCING =============== 115314
LDB: =============== DONE WITH MIGRATION ================ 115314
PRESSURE: 690000 631.016 -97.372 -18.6616 -97.372 -670.973 -320.4 -18.6616 -320.4 -143.706
GPRESSURE: 690000 669.69 -6.11977 14.0674 -220.69 -557.449 -414.611 115.273 -319.043 -247.548
PRESSAVG: 690000 52.7458 3.98031 15.7103 3.98031 8.3114 4.42586 15.7103 4.42586 -2.94688
GPRESSAVG: 690000 52.8191 3.92259 15.7375 4.01576 8.2105 4.50686 15.7073 4.3666 -2.87091
ENERGY:  690000      1556.0032      9267.9879      5707.5675        94.6736         -60631.1843     -1337.7715         0.0000         0.0000     18796.0976         -26546.6259       303.3653    -45342.7235    -26397.3367       303.9224            -61.2209       -45.1022    267309.4448        19.3701        19.3862

WRITING COORDINATES TO DCD FILE NPT.dcd AT STEP 690000
LDB: ============= START OF LOAD BALANCING ============== 115641
LDB: ============== END OF LOAD BALANCING =============== 115641
LDB: =============== DONE WITH MIGRATION ================ 115641
LDB: ============= START OF LOAD BALANCING ============== 115649
LDB: ============== END OF LOAD BALANCING =============== 115649
LDB: =============== DONE WITH MIGRATION ================ 115649
LDB: ============= START OF LOAD BALANCING ============== 115976
LDB: ============== END OF LOAD BALANCING =============== 115976
LDB: =============== DONE WITH MIGRATION ================ 115976
LDB: ============= START OF LOAD BALANCING ============== 115985
LDB: ============== END OF LOAD BALANCING =============== 115985
LDB: =============== DONE WITH MIGRATION ================ 115985
LDB: ============= START OF LOAD BALANCING ============== 116311
LDB: ============== END OF LOAD BALANCING =============== 116311
LDB: =============== DONE WITH MIGRATION ================ 116311
LDB: ============= START OF LOAD BALANCING ============== 116320
LDB: ============== END OF LOAD BALANCING =============== 116320
LDB: =============== DONE WITH MIGRATION ================ 116320
LDB: ============= START OF LOAD BALANCING ============== 116648
LDB: ============== END OF LOAD BALANCING =============== 116648
LDB: =============== DONE WITH MIGRATION ================ 116648
LDB: ============= START OF LOAD BALANCING ============== 116656
LDB: ============== END OF LOAD BALANCING =============== 116656
LDB: =============== DONE WITH MIGRATION ================ 116656
LDB: ============= START OF LOAD BALANCING ============== 116983
LDB: ============== END OF LOAD BALANCING =============== 116983
LDB: =============== DONE WITH MIGRATION ================ 116983
LDB: ============= START OF LOAD BALANCING ============== 116991
LDB: ============== END OF LOAD BALANCING =============== 116991
LDB: =============== DONE WITH MIGRATION ================ 116991
PRESSURE: 700000 -221.222 -34.5486 250.03 -34.5486 340.834 -285.224 250.03 -285.224 520.724
GPRESSURE: 700000 -181.981 181.487 162.282 -29.6922 349.166 -376.003 571.752 28.4189 527.461
PRESSAVG: 700000 4.78318 53.1714 4.59799 53.1714 -9.62819 -7.67708 4.59799 -7.67708 1.36923
GPRESSAVG: 700000 4.81392 53.2779 4.58162 53.1574 -9.66941 -7.68005 4.70334 -7.72789 1.25456
TIMING: 700000  CPU: 117267, 0.167727/step  Wall: 117269, 0.16773/step, 13.9775 hours remaining, 685.415271 MB of memory in use.
PERFORMANCE: 700000  averaging 1.03148 ns/day, 0.167527 sec/step with standard deviation 0.000291376
ETITLE:      TS           BOND          ANGLE          DIHED          IMPRP               ELECT            VDW       BOUNDARY           MISC        KINETIC               TOTAL           TEMP      POTENTIAL         TOTAL3        TEMPAVG            PRESSURE      GPRESSURE         VOLUME       PRESSAVG      GPRESSAVG

ENERGY:  700000      1616.6205      9303.3646      5734.8721        70.8912         -60354.0598     -1520.7311         0.0000         0.0000     18693.7156         -26455.3270       301.7129    -45149.0425    -26302.9957       303.5550            213.4453       231.5486    266987.3709        -1.1586        -1.2003

WRITING EXTENDED SYSTEM TO RESTART FILE AT STEP 700000
WRITING COORDINATES TO DCD FILE NPT.dcd AT STEP 700000
WRITING COORDINATES TO RESTART FILE AT STEP 700000
FINISHED WRITING RESTART COORDINATES
WRITING VELOCITIES TO RESTART FILE AT STEP 700000
FINISHED WRITING RESTART VELOCITIES
LDB: ============= START OF LOAD BALANCING ============== 117319
LDB: ============== END OF LOAD BALANCING =============== 117319
LDB: =============== DONE WITH MIGRATION ================ 117319
LDB: ============= START OF LOAD BALANCING ============== 117327
LDB: ============== END OF LOAD BALANCING =============== 117327
LDB: =============== DONE WITH MIGRATION ================ 117327
LDB: ============= START OF LOAD BALANCING ============== 117655
LDB: ============== END OF LOAD BALANCING =============== 117655
LDB: =============== DONE WITH MIGRATION ================ 117655
LDB: ============= START OF LOAD BALANCING ============== 117664
LDB: ============== END OF LOAD BALANCING =============== 117664
LDB: =============== DONE WITH MIGRATION ================ 117664
LDB: ============= START OF LOAD BALANCING ============== 117990
LDB: ============== END OF LOAD BALANCING =============== 117990
LDB: =============== DONE WITH MIGRATION ================ 117990
LDB: ============= START OF LOAD BALANCING ============== 117999
LDB: ============== END OF LOAD BALANCING =============== 117999
LDB: =============== DONE WITH MIGRATION ================ 117999
LDB: ============= START OF LOAD BALANCING ============== 118325
LDB: ============== END OF LOAD BALANCING =============== 118325
LDB: =============== DONE WITH MIGRATION ================ 118325
LDB: ============= START OF LOAD BALANCING ============== 118333
LDB: ============== END OF LOAD BALANCING =============== 118333
LDB: =============== DONE WITH MIGRATION ================ 118333
LDB: ============= START OF LOAD BALANCING ============== 118659
LDB: ============== END OF LOAD BALANCING =============== 118659
LDB: =============== DONE WITH MIGRATION ================ 118659
LDB: ============= START OF LOAD BALANCING ============== 118668
LDB: ============== END OF LOAD BALANCING =============== 118668
LDB: =============== DONE WITH MIGRATION ================ 118668
PRESSURE: 710000 -173.766 244.447 90.052 244.447 -399.974 -201.717 90.052 -201.717 -286.119
GPRESSURE: 710000 69.8108 350.24 207.235 -41.9642 -428.63 -272.067 131.998 -242.412 -452.994
PRESSAVG: 710000 40.3545 11.4824 10.4939 11.4824 -71.2634 0.129124 10.4939 0.129124 2.9481
GPRESSAVG: 710000 40.2777 11.4412 10.5074 11.3825 -71.2167 0.182565 10.4002 0.0155657 2.92915
ENERGY:  710000      1607.5030      9243.5096      5730.0106        72.4148         -60623.3040     -1234.8394         0.0000         0.0000     18796.3405         -26408.3649       303.3692    -45204.7054    -26261.1722       303.9176           -286.6195      -270.6047    266995.8208        -9.3203        -9.3366

WRITING COORDINATES TO DCD FILE NPT.dcd AT STEP 710000
LDB: ============= START OF LOAD BALANCING ============== 118995
LDB: ============== END OF LOAD BALANCING =============== 118995
LDB: =============== DONE WITH MIGRATION ================ 118995
LDB: ============= START OF LOAD BALANCING ============== 119003
LDB: ============== END OF LOAD BALANCING =============== 119003
LDB: =============== DONE WITH MIGRATION ================ 119003
LDB: ============= START OF LOAD BALANCING ============== 119330
LDB: ============== END OF LOAD BALANCING =============== 119330
LDB: =============== DONE WITH MIGRATION ================ 119330
LDB: ============= START OF LOAD BALANCING ============== 119338
LDB: ============== END OF LOAD BALANCING =============== 119338
LDB: =============== DONE WITH MIGRATION ================ 119338
LDB: ============= START OF LOAD BALANCING ============== 119666
LDB: ============== END OF LOAD BALANCING =============== 119666
LDB: =============== DONE WITH MIGRATION ================ 119666
LDB: ============= START OF LOAD BALANCING ============== 119674
LDB: ============== END OF LOAD BALANCING =============== 119674
LDB: =============== DONE WITH MIGRATION ================ 119674
LDB: ============= START OF LOAD BALANCING ============== 120001
LDB: ============== END OF LOAD BALANCING =============== 120001
LDB: =============== DONE WITH MIGRATION ================ 120001
LDB: ============= START OF LOAD BALANCING ============== 120009
LDB: ============== END OF LOAD BALANCING =============== 120009
LDB: =============== DONE WITH MIGRATION ================ 120009
LDB: ============= START OF LOAD BALANCING ============== 120335
LDB: ============== END OF LOAD BALANCING =============== 120335
LDB: =============== DONE WITH MIGRATION ================ 120335
LDB: ============= START OF LOAD BALANCING ============== 120343
LDB: ============== END OF LOAD BALANCING =============== 120343
LDB: =============== DONE WITH MIGRATION ================ 120343
PRESSURE: 720000 -651.89 -199.573 -58.0242 -199.573 -197.728 -386.928 -58.0242 -386.928 -186.525
GPRESSURE: 720000 -644.992 -190.881 -68.4724 -178.632 -227.521 -248.869 -116.777 -417.299 -139.925
PRESSAVG: 720000 -18.3817 -7.30335 10.2877 -7.30335 -115.346 -5.17403 10.2877 -5.17403 0.535863
GPRESSAVG: 720000 -18.4295 -7.26091 10.2593 -7.22426 -115.306 -5.27645 10.3286 -5.1788 0.496947
ENERGY:  720000      1636.5597      9274.1953      5740.5760        80.4664         -60509.8737     -1298.8794         0.0000         0.0000     18664.3220         -26412.6339       301.2385    -45076.9559    -26266.2104       303.9089           -345.3808      -337.4795    268264.0743       -44.3971       -44.4129

WRITING COORDINATES TO DCD FILE NPT.dcd AT STEP 720000
LDB: ============= START OF LOAD BALANCING ============== 120669
LDB: ============== END OF LOAD BALANCING =============== 120669
LDB: =============== DONE WITH MIGRATION ================ 120669
LDB: ============= START OF LOAD BALANCING ============== 120677
LDB: ============== END OF LOAD BALANCING =============== 120677
LDB: =============== DONE WITH MIGRATION ================ 120677
LDB: ============= START OF LOAD BALANCING ============== 121004
LDB: ============== END OF LOAD BALANCING =============== 121004
LDB: =============== DONE WITH MIGRATION ================ 121004
LDB: ============= START OF LOAD BALANCING ============== 121012
LDB: ============== END OF LOAD BALANCING =============== 121012
LDB: =============== DONE WITH MIGRATION ================ 121012
LDB: ============= START OF LOAD BALANCING ============== 121339
LDB: ============== END OF LOAD BALANCING =============== 121339
LDB: =============== DONE WITH MIGRATION ================ 121339
LDB: ============= START OF LOAD BALANCING ============== 121347
LDB: ============== END OF LOAD BALANCING =============== 121347
LDB: =============== DONE WITH MIGRATION ================ 121347
LDB: ============= START OF LOAD BALANCING ============== 121674
LDB: ============== END OF LOAD BALANCING =============== 121674
LDB: =============== DONE WITH MIGRATION ================ 121674
LDB: ============= START OF LOAD BALANCING ============== 121683
LDB: ============== END OF LOAD BALANCING =============== 121683
LDB: =============== DONE WITH MIGRATION ================ 121683
LDB: ============= START OF LOAD BALANCING ============== 122010
LDB: ============== END OF LOAD BALANCING =============== 122010
LDB: =============== DONE WITH MIGRATION ================ 122010
LDB: ============= START OF LOAD BALANCING ============== 122018
LDB: ============== END OF LOAD BALANCING =============== 122018
LDB: =============== DONE WITH MIGRATION ================ 122018
PRESSURE: 730000 -234.8 2.87056 60.3625 2.87056 149.604 -374.906 60.3625 -374.906 -320.952
GPRESSURE: 730000 -135.475 14.3548 10.09 -52.9175 91.9801 -326.645 -153.455 -303.114 -306.762
PRESSAVG: 730000 3.77194 -17.6458 1.91563 -17.6458 39.5649 -6.78083 1.91563 -6.78083 0.160531
GPRESSAVG: 730000 3.75809 -17.7276 1.95057 -17.5781 39.5285 -6.81792 1.91384 -6.71106 0.22577
ENERGY:  730000      1651.3451      9264.2776      5732.3021        73.4535         -60775.7696     -1030.2466         0.0000         0.0000     18788.6590         -26295.9790       303.2452    -45084.6380    -26153.0827       302.9597           -135.3827      -116.7524    267800.2551        14.4991        14.5041

WRITING COORDINATES TO DCD FILE NPT.dcd AT STEP 730000
LDB: ============= START OF LOAD BALANCING ============== 122345
LDB: ============== END OF LOAD BALANCING =============== 122345
LDB: =============== DONE WITH MIGRATION ================ 122345
LDB: ============= START OF LOAD BALANCING ============== 122353
LDB: ============== END OF LOAD BALANCING =============== 122353
LDB: =============== DONE WITH MIGRATION ================ 122353
LDB: ============= START OF LOAD BALANCING ============== 122680
LDB: ============== END OF LOAD BALANCING =============== 122680
LDB: =============== DONE WITH MIGRATION ================ 122680
LDB: ============= START OF LOAD BALANCING ============== 122689
LDB: ============== END OF LOAD BALANCING =============== 122689
LDB: =============== DONE WITH MIGRATION ================ 122689
LDB: ============= START OF LOAD BALANCING ============== 123015
LDB: ============== END OF LOAD BALANCING =============== 123015
LDB: =============== DONE WITH MIGRATION ================ 123015
LDB: ============= START OF LOAD BALANCING ============== 123024
LDB: ============== END OF LOAD BALANCING =============== 123024
LDB: =============== DONE WITH MIGRATION ================ 123024
LDB: ============= START OF LOAD BALANCING ============== 123351
LDB: ============== END OF LOAD BALANCING =============== 123351
LDB: =============== DONE WITH MIGRATION ================ 123351
LDB: ============= START OF LOAD BALANCING ============== 123359
LDB: ============== END OF LOAD BALANCING =============== 123359
LDB: =============== DONE WITH MIGRATION ================ 123359
LDB: ============= START OF LOAD BALANCING ============== 123686
LDB: ============== END OF LOAD BALANCING =============== 123686
LDB: =============== DONE WITH MIGRATION ================ 123686
LDB: ============= START OF LOAD BALANCING ============== 123694
LDB: ============== END OF LOAD BALANCING =============== 123694
LDB: =============== DONE WITH MIGRATION ================ 123694
PRESSURE: 740000 -452.099 18.9073 217.51 18.9073 -56.9791 -35.533 217.51 -35.533 -211.458
GPRESSURE: 740000 -392.022 97.8463 252.843 -159.964 -15.5492 -132.633 34.4553 -127.304 -241.261
PRESSAVG: 740000 -16.1724 22.9808 0.269336 22.9808 3.24207 -21.2977 0.269336 -21.2977 -1.6364
GPRESSAVG: 740000 -16.1444 22.9409 0.227227 22.9964 3.344 -21.2557 0.272599 -21.2745 -1.69199
ENERGY:  740000      1598.5342      9257.5151      5792.9882        76.1208         -60537.2442     -1426.0947         0.0000         0.0000     18692.8211         -26545.3595       301.6984    -45238.1806    -26395.3265       302.7535           -240.1789      -216.2773    267098.4769        -4.8556        -4.8308

WRITING COORDINATES TO DCD FILE NPT.dcd AT STEP 740000
LDB: ============= START OF LOAD BALANCING ============== 124022
LDB: ============== END OF LOAD BALANCING =============== 124022
LDB: =============== DONE WITH MIGRATION ================ 124022
LDB: ============= START OF LOAD BALANCING ============== 124030
LDB: ============== END OF LOAD BALANCING =============== 124030
LDB: =============== DONE WITH MIGRATION ================ 124030
LDB: ============= START OF LOAD BALANCING ============== 124357
LDB: ============== END OF LOAD BALANCING =============== 124357
LDB: =============== DONE WITH MIGRATION ================ 124357
LDB: ============= START OF LOAD BALANCING ============== 124365
LDB: ============== END OF LOAD BALANCING =============== 124365
LDB: =============== DONE WITH MIGRATION ================ 124365
LDB: ============= START OF LOAD BALANCING ============== 124692
LDB: ============== END OF LOAD BALANCING =============== 124692
LDB: =============== DONE WITH MIGRATION ================ 124692
LDB: ============= START OF LOAD BALANCING ============== 124700
LDB: ============== END OF LOAD BALANCING =============== 124700
LDB: =============== DONE WITH MIGRATION ================ 124700
LDB: ============= START OF LOAD BALANCING ============== 125027
LDB: ============== END OF LOAD BALANCING =============== 125027
LDB: =============== DONE WITH MIGRATION ================ 125027
LDB: ============= START OF LOAD BALANCING ============== 125036
LDB: ============== END OF LOAD BALANCING =============== 125036
LDB: =============== DONE WITH MIGRATION ================ 125036
LDB: ============= START OF LOAD BALANCING ============== 125362
LDB: ============== END OF LOAD BALANCING =============== 125362
LDB: =============== DONE WITH MIGRATION ================ 125362
LDB: ============= START OF LOAD BALANCING ============== 125371
LDB: ============== END OF LOAD BALANCING =============== 125371
LDB: =============== DONE WITH MIGRATION ================ 125371
PRESSURE: 750000 -53.1242 81.9386 174.02 81.9386 -224.798 -478.061 174.02 -478.061 141.124
GPRESSURE: 750000 -126.323 2.31981 126.037 -95.6163 -263.829 -444.643 -73.9636 -484.048 287.781
PRESSAVG: 750000 -26.1914 10.1661 -6.26256 10.1661 27.1629 -25.115 -6.26256 -25.115 4.18003
GPRESSAVG: 750000 -26.3029 10.2193 -6.20702 10.1941 27.1458 -25.1225 -6.21577 -25.2365 4.20073
ENERGY:  750000      1551.2998      9294.7543      5776.1196        76.2659         -60401.0618     -1423.9794         0.0000         0.0000     18697.0507         -26429.5509       301.7667    -45126.6017    -26281.8862       302.6757            -45.5992       -34.1238    265958.2607         1.7172         1.6812

WRITING EXTENDED SYSTEM TO RESTART FILE AT STEP 750000
WRITING COORDINATES TO DCD FILE NPT.dcd AT STEP 750000
WRITING COORDINATES TO RESTART FILE AT STEP 750000
FINISHED WRITING RESTART COORDINATES
WRITING VELOCITIES TO RESTART FILE AT STEP 750000
FINISHED WRITING RESTART VELOCITIES
LDB: ============= START OF LOAD BALANCING ============== 125699
LDB: ============== END OF LOAD BALANCING =============== 125699
LDB: =============== DONE WITH MIGRATION ================ 125699
LDB: ============= START OF LOAD BALANCING ============== 125707
LDB: ============== END OF LOAD BALANCING =============== 125707
LDB: =============== DONE WITH MIGRATION ================ 125707
LDB: ============= START OF LOAD BALANCING ============== 126034
LDB: ============== END OF LOAD BALANCING =============== 126034
LDB: =============== DONE WITH MIGRATION ================ 126034
LDB: ============= START OF LOAD BALANCING ============== 126043
LDB: ============== END OF LOAD BALANCING =============== 126043
LDB: =============== DONE WITH MIGRATION ================ 126043
LDB: ============= START OF LOAD BALANCING ============== 126369
LDB: ============== END OF LOAD BALANCING =============== 126369
LDB: =============== DONE WITH MIGRATION ================ 126369
LDB: ============= START OF LOAD BALANCING ============== 126378
LDB: ============== END OF LOAD BALANCING =============== 126378
LDB: =============== DONE WITH MIGRATION ================ 126378
LDB: ============= START OF LOAD BALANCING ============== 126705
LDB: ============== END OF LOAD BALANCING =============== 126705
LDB: =============== DONE WITH MIGRATION ================ 126705
LDB: ============= START OF LOAD BALANCING ============== 126713
LDB: ============== END OF LOAD BALANCING =============== 126713
LDB: =============== DONE WITH MIGRATION ================ 126713
LDB: ============= START OF LOAD BALANCING ============== 127040
LDB: ============== END OF LOAD BALANCING =============== 127040
LDB: =============== DONE WITH MIGRATION ================ 127040
LDB: ============= START OF LOAD BALANCING ============== 127048
LDB: ============== END OF LOAD BALANCING =============== 127048
LDB: =============== DONE WITH MIGRATION ================ 127048
PRESSURE: 760000 123.062 -304.78 -4.68234 -304.78 -67.6049 -508.804 -4.68234 -508.804 -237.128
GPRESSURE: 760000 262.982 -287.18 137.624 -417.143 -25.2282 -551.049 16.525 -310.267 -346.1
PRESSAVG: 760000 -28.898 13.7593 16.8018 13.7593 -22.9128 10.2837 16.8018 10.2837 1.42493
GPRESSAVG: 760000 -28.735 13.7673 16.8216 13.8105 -22.9335 10.2292 16.7549 10.3005 1.2941
ENERGY:  760000      1619.5011      9249.6300      5776.5909        74.3489         -60634.6053     -1259.8146         0.0000         0.0000     18849.9129         -26324.4362       304.2339    -45174.3490    -26170.3142       303.9646            -60.5572       -36.1154    265989.5771       -16.7953       -16.7915

WRITING COORDINATES TO DCD FILE NPT.dcd AT STEP 760000
LDB: ============= START OF LOAD BALANCING ============== 127376
LDB: ============== END OF LOAD BALANCING =============== 127376
LDB: =============== DONE WITH MIGRATION ================ 127376
LDB: ============= START OF LOAD BALANCING ============== 127384
LDB: ============== END OF LOAD BALANCING =============== 127384
LDB: =============== DONE WITH MIGRATION ================ 127384
LDB: ============= START OF LOAD BALANCING ============== 127711
LDB: ============== END OF LOAD BALANCING =============== 127711
LDB: =============== DONE WITH MIGRATION ================ 127711
LDB: ============= START OF LOAD BALANCING ============== 127720
LDB: ============== END OF LOAD BALANCING =============== 127720
LDB: =============== DONE WITH MIGRATION ================ 127720
LDB: ============= START OF LOAD BALANCING ============== 128047
LDB: ============== END OF LOAD BALANCING =============== 128047
LDB: =============== DONE WITH MIGRATION ================ 128047
LDB: ============= START OF LOAD BALANCING ============== 128055
LDB: ============== END OF LOAD BALANCING =============== 128055
LDB: =============== DONE WITH MIGRATION ================ 128055
LDB: ============= START OF LOAD BALANCING ============== 128382
LDB: ============== END OF LOAD BALANCING =============== 128382
LDB: =============== DONE WITH MIGRATION ================ 128382
LDB: ============= START OF LOAD BALANCING ============== 128390
LDB: ============== END OF LOAD BALANCING =============== 128390
LDB: =============== DONE WITH MIGRATION ================ 128390
LDB: ============= START OF LOAD BALANCING ============== 128718
LDB: ============== END OF LOAD BALANCING =============== 128718
LDB: =============== DONE WITH MIGRATION ================ 128718
LDB: ============= START OF LOAD BALANCING ============== 128727
LDB: ============== END OF LOAD BALANCING =============== 128727
LDB: =============== DONE WITH MIGRATION ================ 128727
PRESSURE: 770000 344.891 348.225 256.868 348.225 422.744 313.833 256.868 313.833 458.594
GPRESSURE: 770000 316.246 498.144 107.581 206.351 543.136 404.484 68.3656 409.11 444.373
PRESSAVG: 770000 -28.9199 33.2197 15.6733 33.2197 -2.70007 -19.7055 15.6733 -19.7055 5.25394
GPRESSAVG: 770000 -29.0094 33.1624 15.5946 33.1235 -2.61275 -19.7717 15.6474 -19.667 5.25647
ENERGY:  770000      1609.5196      9275.3449      5760.0040        61.2084         -60712.1473     -1177.4299         0.0000         0.0000     18821.8101         -26361.6902       303.7803    -45183.5003    -26208.7855       303.5320            408.7430       434.5850    266831.4477        -8.7887        -8.7885

WRITING COORDINATES TO DCD FILE NPT.dcd AT STEP 770000
LDB: ============= START OF LOAD BALANCING ============== 129054
LDB: ============== END OF LOAD BALANCING =============== 129054
LDB: =============== DONE WITH MIGRATION ================ 129054
LDB: ============= START OF LOAD BALANCING ============== 129062
LDB: ============== END OF LOAD BALANCING =============== 129062
LDB: =============== DONE WITH MIGRATION ================ 129062
LDB: ============= START OF LOAD BALANCING ============== 129389
LDB: ============== END OF LOAD BALANCING =============== 129389
LDB: =============== DONE WITH MIGRATION ================ 129389
LDB: ============= START OF LOAD BALANCING ============== 129397
LDB: ============== END OF LOAD BALANCING =============== 129397
LDB: =============== DONE WITH MIGRATION ================ 129397
LDB: ============= START OF LOAD BALANCING ============== 129724
LDB: ============== END OF LOAD BALANCING =============== 129724
LDB: =============== DONE WITH MIGRATION ================ 129724
LDB: ============= START OF LOAD BALANCING ============== 129733
LDB: ============== END OF LOAD BALANCING =============== 129733
LDB: =============== DONE WITH MIGRATION ================ 129733
LDB: ============= START OF LOAD BALANCING ============== 130060
LDB: ============== END OF LOAD BALANCING =============== 130060
LDB: =============== DONE WITH MIGRATION ================ 130060
LDB: ============= START OF LOAD BALANCING ============== 130068
LDB: ============== END OF LOAD BALANCING =============== 130068
LDB: =============== DONE WITH MIGRATION ================ 130068
LDB: ============= START OF LOAD BALANCING ============== 130395
LDB: ============== END OF LOAD BALANCING =============== 130395
LDB: =============== DONE WITH MIGRATION ================ 130395
LDB: ============= START OF LOAD BALANCING ============== 130403
LDB: ============== END OF LOAD BALANCING =============== 130403
LDB: =============== DONE WITH MIGRATION ================ 130403
PRESSURE: 780000 -28.3467 -325.766 -133.611 -325.766 477.312 -538.168 -133.611 -538.168 392.746
GPRESSURE: 780000 149.429 -266.496 -125.779 -22.5826 315.656 -497.838 -119.527 -260.617 430.54
PRESSAVG: 780000 38.8861 21.5651 -4.08187 21.5651 -28.5082 -7.77322 -4.08187 -7.77322 0.482044
GPRESSAVG: 780000 38.8104 21.5133 -4.02621 21.4844 -28.5659 -7.8171 -4.10613 -7.75214 0.432782
ENERGY:  780000      1604.6856      9175.3463      5693.6915        62.0161         -60529.0839     -1232.5415         0.0000         0.0000     18884.9087         -26340.9772       304.7987    -45225.8859    -26193.1831       304.2344            280.5704       298.5417    266815.6610         3.6200         3.5591

WRITING COORDINATES TO DCD FILE NPT.dcd AT STEP 780000
LDB: ============= START OF LOAD BALANCING ============== 130730
LDB: ============== END OF LOAD BALANCING =============== 130730
LDB: =============== DONE WITH MIGRATION ================ 130730
LDB: ============= START OF LOAD BALANCING ============== 130738
LDB: ============== END OF LOAD BALANCING =============== 130738
LDB: =============== DONE WITH MIGRATION ================ 130738
LDB: ============= START OF LOAD BALANCING ============== 131065
LDB: ============== END OF LOAD BALANCING =============== 131065
LDB: =============== DONE WITH MIGRATION ================ 131065
LDB: ============= START OF LOAD BALANCING ============== 131073
LDB: ============== END OF LOAD BALANCING =============== 131073
LDB: =============== DONE WITH MIGRATION ================ 131073
LDB: ============= START OF LOAD BALANCING ============== 131400
LDB: ============== END OF LOAD BALANCING =============== 131400
LDB: =============== DONE WITH MIGRATION ================ 131400
LDB: ============= START OF LOAD BALANCING ============== 131409
LDB: ============== END OF LOAD BALANCING =============== 131409
LDB: =============== DONE WITH MIGRATION ================ 131409
LDB: ============= START OF LOAD BALANCING ============== 131736
LDB: ============== END OF LOAD BALANCING =============== 131736
LDB: =============== DONE WITH MIGRATION ================ 131736
LDB: ============= START OF LOAD BALANCING ============== 131744
LDB: ============== END OF LOAD BALANCING =============== 131744
LDB: =============== DONE WITH MIGRATION ================ 131744
LDB: ============= START OF LOAD BALANCING ============== 132072
LDB: ============== END OF LOAD BALANCING =============== 132072
LDB: =============== DONE WITH MIGRATION ================ 132072
LDB: ============= START OF LOAD BALANCING ============== 132080
LDB: ============== END OF LOAD BALANCING =============== 132080
LDB: =============== DONE WITH MIGRATION ================ 132080
PRESSURE: 790000 387.997 -367.765 -12.791 -367.765 201.969 -179.822 -12.791 -179.822 81.3656
GPRESSURE: 790000 440.427 -439.446 -36.5331 -413.535 145.653 -156.255 -198.177 -107.621 121.77
PRESSAVG: 790000 18.4881 32.8873 3.0591 32.8873 -52.4051 -13.2545 3.0591 -13.2545 3.30748
GPRESSAVG: 790000 18.3958 32.9241 3.12554 32.9333 -52.3796 -13.1807 3.02152 -13.3304 3.30325
ENERGY:  790000      1542.1036      9197.4961      5741.5531        74.2104         -60763.7064     -1281.5770         0.0000         0.0000     18866.7803         -26623.1398       304.5061    -45489.9201    -26467.9095       302.9900            223.7775       235.9498    267021.7241       -10.2032       -10.2268

WRITING COORDINATES TO DCD FILE NPT.dcd AT STEP 790000
LDB: ============= START OF LOAD BALANCING ============== 132407
LDB: ============== END OF LOAD BALANCING =============== 132407
LDB: =============== DONE WITH MIGRATION ================ 132407
LDB: ============= START OF LOAD BALANCING ============== 132416
LDB: ============== END OF LOAD BALANCING =============== 132416
LDB: =============== DONE WITH MIGRATION ================ 132416
LDB: ============= START OF LOAD BALANCING ============== 132743
LDB: ============== END OF LOAD BALANCING =============== 132743
LDB: =============== DONE WITH MIGRATION ================ 132743
LDB: ============= START OF LOAD BALANCING ============== 132751
LDB: ============== END OF LOAD BALANCING =============== 132751
LDB: =============== DONE WITH MIGRATION ================ 132751
LDB: ============= START OF LOAD BALANCING ============== 133079
LDB: ============== END OF LOAD BALANCING =============== 133079
LDB: =============== DONE WITH MIGRATION ================ 133079
LDB: ============= START OF LOAD BALANCING ============== 133087
LDB: ============== END OF LOAD BALANCING =============== 133087
LDB: =============== DONE WITH MIGRATION ================ 133087
LDB: ============= START OF LOAD BALANCING ============== 133414
LDB: ============== END OF LOAD BALANCING =============== 133414
LDB: =============== DONE WITH MIGRATION ================ 133414
LDB: ============= START OF LOAD BALANCING ============== 133423
LDB: ============== END OF LOAD BALANCING =============== 133423
LDB: =============== DONE WITH MIGRATION ================ 133423
LDB: ============= START OF LOAD BALANCING ============== 133750
LDB: ============== END OF LOAD BALANCING =============== 133750
LDB: =============== DONE WITH MIGRATION ================ 133750
LDB: ============= START OF LOAD BALANCING ============== 133759
LDB: ============== END OF LOAD BALANCING =============== 133759
LDB: =============== DONE WITH MIGRATION ================ 133759
PRESSURE: 800000 23.1886 249.759 -53.4887 249.759 61.1864 275.47 -53.4887 275.47 -85.8179
GPRESSURE: 800000 3.14288 234.294 -70.5745 253.287 121.299 144.623 -74.9174 336.688 -50.9984
PRESSAVG: 800000 -2.47073 36.0606 16.1283 36.0606 -17.2277 6.74348 16.1283 6.74348 3.57609
GPRESSAVG: 800000 -2.51325 36.0576 16.1155 36.0216 -17.2409 6.7795 16.2103 6.76127 3.56873
TIMING: 800000  CPU: 134034, 0.167668/step  Wall: 134036, 0.167671/step, 9.31506 hours remaining, 685.415271 MB of memory in use.
PERFORMANCE: 800000  averaging 1.03137 ns/day, 0.167545 sec/step with standard deviation 0.000274536
ETITLE:      TS           BOND          ANGLE          DIHED          IMPRP               ELECT            VDW       BOUNDARY           MISC        KINETIC               TOTAL           TEMP      POTENTIAL         TOTAL3        TEMPAVG            PRESSURE      GPRESSURE         VOLUME       PRESSAVG      GPRESSAVG

ENERGY:  800000      1608.4418      9198.7329      5779.6081        65.3588         -60679.3040     -1362.7229         0.0000         0.0000     18975.4065         -26414.4788       306.2593    -45389.8853    -26258.9070       303.5305             -0.4810        24.4813    265661.2872        -5.3741        -5.3951

WRITING EXTENDED SYSTEM TO RESTART FILE AT STEP 800000
WRITING COORDINATES TO DCD FILE NPT.dcd AT STEP 800000
WRITING COORDINATES TO RESTART FILE AT STEP 800000
FINISHED WRITING RESTART COORDINATES
WRITING VELOCITIES TO RESTART FILE AT STEP 800000
FINISHED WRITING RESTART VELOCITIES
LDB: ============= START OF LOAD BALANCING ============== 134086
LDB: ============== END OF LOAD BALANCING =============== 134086
LDB: =============== DONE WITH MIGRATION ================ 134086
LDB: ============= START OF LOAD BALANCING ============== 134095
LDB: ============== END OF LOAD BALANCING =============== 134095
LDB: =============== DONE WITH MIGRATION ================ 134095
LDB: ============= START OF LOAD BALANCING ============== 134421
LDB: ============== END OF LOAD BALANCING =============== 134421
LDB: =============== DONE WITH MIGRATION ================ 134421
LDB: ============= START OF LOAD BALANCING ============== 134430
LDB: ============== END OF LOAD BALANCING =============== 134430
LDB: =============== DONE WITH MIGRATION ================ 134430
LDB: ============= START OF LOAD BALANCING ============== 134757
LDB: ============== END OF LOAD BALANCING =============== 134757
LDB: =============== DONE WITH MIGRATION ================ 134757
LDB: ============= START OF LOAD BALANCING ============== 134765
LDB: ============== END OF LOAD BALANCING =============== 134765
LDB: =============== DONE WITH MIGRATION ================ 134765
LDB: ============= START OF LOAD BALANCING ============== 135092
LDB: ============== END OF LOAD BALANCING =============== 135092
LDB: =============== DONE WITH MIGRATION ================ 135092
LDB: ============= START OF LOAD BALANCING ============== 135100
LDB: ============== END OF LOAD BALANCING =============== 135100
LDB: =============== DONE WITH MIGRATION ================ 135100
LDB: ============= START OF LOAD BALANCING ============== 135427
LDB: ============== END OF LOAD BALANCING =============== 135427
LDB: =============== DONE WITH MIGRATION ================ 135427
LDB: ============= START OF LOAD BALANCING ============== 135436
LDB: ============== END OF LOAD BALANCING =============== 135436
LDB: =============== DONE WITH MIGRATION ================ 135436
PRESSURE: 810000 -293.796 15.7242 103.531 15.7242 457.269 232.92 103.531 232.92 -102.257
GPRESSURE: 810000 -242.7 70.6409 147.768 -45.3093 396.681 11.9223 0.39378 60.2509 -91.4426
PRESSAVG: 810000 14.0701 10.1139 8.13432 10.1139 4.41253 6.80999 8.13432 6.80999 0.338522
GPRESSAVG: 810000 14.0005 10.1029 8.12843 10.0722 4.45836 6.75743 8.31352 6.86827 0.350239
ENERGY:  810000      1588.4499      9225.8375      5687.1317        72.4963         -60851.4440     -1084.9922         0.0000         0.0000     19010.7981         -26351.7226       306.8305    -45362.5207    -26202.6945       303.4084             20.4053        20.8460    266364.6814         6.2737         6.2697

WRITING COORDINATES TO DCD FILE NPT.dcd AT STEP 810000
LDB: ============= START OF LOAD BALANCING ============== 135763
LDB: ============== END OF LOAD BALANCING =============== 135763
LDB: =============== DONE WITH MIGRATION ================ 135763
LDB: ============= START OF LOAD BALANCING ============== 135772
LDB: ============== END OF LOAD BALANCING =============== 135772
LDB: =============== DONE WITH MIGRATION ================ 135772
LDB: ============= START OF LOAD BALANCING ============== 136098
LDB: ============== END OF LOAD BALANCING =============== 136098
LDB: =============== DONE WITH MIGRATION ================ 136098
LDB: ============= START OF LOAD BALANCING ============== 136107
LDB: ============== END OF LOAD BALANCING =============== 136107
LDB: =============== DONE WITH MIGRATION ================ 136107
LDB: ============= START OF LOAD BALANCING ============== 136433
LDB: ============== END OF LOAD BALANCING =============== 136433
LDB: =============== DONE WITH MIGRATION ================ 136433
LDB: ============= START OF LOAD BALANCING ============== 136441
LDB: ============== END OF LOAD BALANCING =============== 136441
LDB: =============== DONE WITH MIGRATION ================ 136441
LDB: ============= START OF LOAD BALANCING ============== 136768
LDB: ============== END OF LOAD BALANCING =============== 136768
LDB: =============== DONE WITH MIGRATION ================ 136768
LDB: ============= START OF LOAD BALANCING ============== 136776
LDB: ============== END OF LOAD BALANCING =============== 136776
LDB: =============== DONE WITH MIGRATION ================ 136776
LDB: ============= START OF LOAD BALANCING ============== 137104
LDB: ============== END OF LOAD BALANCING =============== 137104
LDB: =============== DONE WITH MIGRATION ================ 137104
LDB: ============= START OF LOAD BALANCING ============== 137112
LDB: ============== END OF LOAD BALANCING =============== 137112
LDB: =============== DONE WITH MIGRATION ================ 137112
PRESSURE: 820000 -306.84 293.056 -19.3996 293.056 352.587 -167.78 -19.3996 -167.78 516.08
GPRESSURE: 820000 -157.709 225.019 58.5524 -56.4998 245.227 -79.4459 -15.3076 120.908 510.693
PRESSAVG: 820000 21.2134 0.75917 3.31559 0.75917 -55.2228 -8.02457 3.31559 -8.02457 2.42739
GPRESSAVG: 820000 21.1437 0.711153 3.3386 0.777092 -55.2399 -7.97777 3.24254 -8.08235 2.48728
ENERGY:  820000      1571.4463      9195.4322      5775.1503        71.5741         -60582.6544     -1247.9538         0.0000         0.0000     18928.0361         -26288.9692       305.4948    -45217.0052    -26140.1236       303.3588            187.2759       199.4037    266473.6280       -10.5273       -10.5363

WRITING COORDINATES TO DCD FILE NPT.dcd AT STEP 820000
LDB: ============= START OF LOAD BALANCING ============== 137439
LDB: ============== END OF LOAD BALANCING =============== 137439
LDB: =============== DONE WITH MIGRATION ================ 137439
LDB: ============= START OF LOAD BALANCING ============== 137448
LDB: ============== END OF LOAD BALANCING =============== 137448
LDB: =============== DONE WITH MIGRATION ================ 137448
LDB: ============= START OF LOAD BALANCING ============== 137775
LDB: ============== END OF LOAD BALANCING =============== 137775
LDB: =============== DONE WITH MIGRATION ================ 137775
LDB: ============= START OF LOAD BALANCING ============== 137783
LDB: ============== END OF LOAD BALANCING =============== 137783
LDB: =============== DONE WITH MIGRATION ================ 137783
LDB: ============= START OF LOAD BALANCING ============== 138110
LDB: ============== END OF LOAD BALANCING =============== 138110
LDB: =============== DONE WITH MIGRATION ================ 138110
LDB: ============= START OF LOAD BALANCING ============== 138118
LDB: ============== END OF LOAD BALANCING =============== 138118
LDB: =============== DONE WITH MIGRATION ================ 138118
LDB: ============= START OF LOAD BALANCING ============== 138446
LDB: ============== END OF LOAD BALANCING =============== 138446
LDB: =============== DONE WITH MIGRATION ================ 138446
LDB: ============= START OF LOAD BALANCING ============== 138454
LDB: ============== END OF LOAD BALANCING =============== 138454
LDB: =============== DONE WITH MIGRATION ================ 138454
LDB: ============= START OF LOAD BALANCING ============== 138782
LDB: ============== END OF LOAD BALANCING =============== 138782
LDB: =============== DONE WITH MIGRATION ================ 138782
LDB: ============= START OF LOAD BALANCING ============== 138790
LDB: ============== END OF LOAD BALANCING =============== 138790
LDB: =============== DONE WITH MIGRATION ================ 138790
PRESSURE: 830000 -884.411 6.42061 191.31 6.42061 58.0619 225.208 191.31 225.208 -291.329
GPRESSURE: 830000 -638.654 -44.465 112.947 -37.7256 -33.3436 187.904 86.9196 171.739 -397.107
PRESSAVG: 830000 81.1714 14.2057 11.011 14.2057 24.5789 15.8841 11.011 15.8841 2.01585
GPRESSAVG: 830000 81.2138 14.1322 11.0553 14.2644 24.5238 15.7975 11.0672 15.9054 1.97003
ENERGY:  830000      1578.0539      9340.0536      5767.6094        80.5275         -60314.0818     -1497.2988         0.0000         0.0000     18851.2565         -26193.8797       304.2555    -45045.1362    -26046.3295       304.2685           -372.5594      -356.3682    266879.5955        35.9220        35.9025

WRITING COORDINATES TO DCD FILE NPT.dcd AT STEP 830000
LDB: ============= START OF LOAD BALANCING ============== 139117
LDB: ============== END OF LOAD BALANCING =============== 139117
LDB: =============== DONE WITH MIGRATION ================ 139117
LDB: ============= START OF LOAD BALANCING ============== 139126
LDB: ============== END OF LOAD BALANCING =============== 139126
LDB: =============== DONE WITH MIGRATION ================ 139126
LDB: ============= START OF LOAD BALANCING ============== 139453
LDB: ============== END OF LOAD BALANCING =============== 139453
LDB: =============== DONE WITH MIGRATION ================ 139453
LDB: ============= START OF LOAD BALANCING ============== 139461
LDB: ============== END OF LOAD BALANCING =============== 139461
LDB: =============== DONE WITH MIGRATION ================ 139461
LDB: ============= START OF LOAD BALANCING ============== 139788
LDB: ============== END OF LOAD BALANCING =============== 139788
LDB: =============== DONE WITH MIGRATION ================ 139788
LDB: ============= START OF LOAD BALANCING ============== 139797
LDB: ============== END OF LOAD BALANCING =============== 139797
LDB: =============== DONE WITH MIGRATION ================ 139797
LDB: ============= START OF LOAD BALANCING ============== 140124
LDB: ============== END OF LOAD BALANCING =============== 140124
LDB: =============== DONE WITH MIGRATION ================ 140124
LDB: ============= START OF LOAD BALANCING ============== 140133
LDB: ============== END OF LOAD BALANCING =============== 140133
LDB: =============== DONE WITH MIGRATION ================ 140133
LDB: ============= START OF LOAD BALANCING ============== 140460
LDB: ============== END OF LOAD BALANCING =============== 140460
LDB: =============== DONE WITH MIGRATION ================ 140460
LDB: ============= START OF LOAD BALANCING ============== 140468
LDB: ============== END OF LOAD BALANCING =============== 140468
LDB: =============== DONE WITH MIGRATION ================ 140468
PRESSURE: 840000 -11.7761 239 -267.085 239 -593.98 86.8424 -267.085 86.8424 405.43
GPRESSURE: 840000 156.466 219.479 -123.313 398.949 -562.25 215.395 -408.192 -22.4158 295.585
PRESSAVG: 840000 29.3958 39.3007 -16.7002 39.3007 40.2398 -9.57207 -16.7002 -9.57207 -1.86746
GPRESSAVG: 840000 29.4023 39.2912 -16.6851 39.2191 40.2633 -9.52665 -16.6826 -9.59078 -1.9244
ENERGY:  840000      1590.2406      9305.8376      5683.4121        67.4982         -60640.1356     -1373.9730         0.0000         0.0000     18737.7578         -26629.3623       302.4237    -45367.1201    -26479.1897       303.3904            -66.7754       -36.7326    266631.9551        22.5894        22.5804

WRITING COORDINATES TO DCD FILE NPT.dcd AT STEP 840000
LDB: ============= START OF LOAD BALANCING ============== 140796
LDB: ============== END OF LOAD BALANCING =============== 140796
LDB: =============== DONE WITH MIGRATION ================ 140796
LDB: ============= START OF LOAD BALANCING ============== 140804
LDB: ============== END OF LOAD BALANCING =============== 140804
LDB: =============== DONE WITH MIGRATION ================ 140804
LDB: ============= START OF LOAD BALANCING ============== 141130
LDB: ============== END OF LOAD BALANCING =============== 141130
LDB: =============== DONE WITH MIGRATION ================ 141130
LDB: ============= START OF LOAD BALANCING ============== 141139
LDB: ============== END OF LOAD BALANCING =============== 141139
LDB: =============== DONE WITH MIGRATION ================ 141139
LDB: ============= START OF LOAD BALANCING ============== 141466
LDB: ============== END OF LOAD BALANCING =============== 141466
LDB: =============== DONE WITH MIGRATION ================ 141466
LDB: ============= START OF LOAD BALANCING ============== 141475
LDB: ============== END OF LOAD BALANCING =============== 141475
LDB: =============== DONE WITH MIGRATION ================ 141475
LDB: ============= START OF LOAD BALANCING ============== 141802
LDB: ============== END OF LOAD BALANCING =============== 141802
LDB: =============== DONE WITH MIGRATION ================ 141802
LDB: ============= START OF LOAD BALANCING ============== 141810
LDB: ============== END OF LOAD BALANCING =============== 141810
LDB: =============== DONE WITH MIGRATION ================ 141810
LDB: ============= START OF LOAD BALANCING ============== 142137
LDB: ============== END OF LOAD BALANCING =============== 142137
LDB: =============== DONE WITH MIGRATION ================ 142137
LDB: ============= START OF LOAD BALANCING ============== 142145
LDB: ============== END OF LOAD BALANCING =============== 142145
LDB: =============== DONE WITH MIGRATION ================ 142145
PRESSURE: 850000 -593.202 -400.083 1.39057 -400.083 -63.9897 146.658 1.39057 146.658 -209.843
GPRESSURE: 850000 -603.823 -286.755 110.787 -463.722 -28.5211 43.8115 65.4239 -18.9546 -192.277
PRESSAVG: 850000 9.84183 -3.84353 -3.82885 -3.84353 -63.0885 22.8711 -3.82885 22.8711 0.0142579
GPRESSAVG: 850000 9.88163 -3.8236 -3.82189 -3.76132 -63.0747 22.8228 -3.83554 22.9807 0.00123089
ENERGY:  850000      1575.8361      9316.1129      5682.7874        89.6408         -60737.4832     -1304.6541         0.0000         0.0000     18765.5492         -26612.2110       302.8723    -45377.7602    -26465.9921       303.0055           -289.0115      -274.8737    267149.5484       -17.7441       -17.7306

WRITING EXTENDED SYSTEM TO RESTART FILE AT STEP 850000
WRITING COORDINATES TO DCD FILE NPT.dcd AT STEP 850000
WRITING COORDINATES TO RESTART FILE AT STEP 850000
FINISHED WRITING RESTART COORDINATES
WRITING VELOCITIES TO RESTART FILE AT STEP 850000
FINISHED WRITING RESTART VELOCITIES
LDB: ============= START OF LOAD BALANCING ============== 142473
LDB: ============== END OF LOAD BALANCING =============== 142473
LDB: =============== DONE WITH MIGRATION ================ 142473
LDB: ============= START OF LOAD BALANCING ============== 142481
LDB: ============== END OF LOAD BALANCING =============== 142481
LDB: =============== DONE WITH MIGRATION ================ 142481
LDB: ============= START OF LOAD BALANCING ============== 142809
LDB: ============== END OF LOAD BALANCING =============== 142809
LDB: =============== DONE WITH MIGRATION ================ 142809
LDB: ============= START OF LOAD BALANCING ============== 142817
LDB: ============== END OF LOAD BALANCING =============== 142817
LDB: =============== DONE WITH MIGRATION ================ 142817
LDB: ============= START OF LOAD BALANCING ============== 143144
LDB: ============== END OF LOAD BALANCING =============== 143144
LDB: =============== DONE WITH MIGRATION ================ 143144
LDB: ============= START OF LOAD BALANCING ============== 143153
LDB: ============== END OF LOAD BALANCING =============== 143153
LDB: =============== DONE WITH MIGRATION ================ 143153
LDB: ============= START OF LOAD BALANCING ============== 143479
LDB: ============== END OF LOAD BALANCING =============== 143479
LDB: =============== DONE WITH MIGRATION ================ 143479
LDB: ============= START OF LOAD BALANCING ============== 143487
LDB: ============== END OF LOAD BALANCING =============== 143487
LDB: =============== DONE WITH MIGRATION ================ 143487
LDB: ============= START OF LOAD BALANCING ============== 143814
LDB: ============== END OF LOAD BALANCING =============== 143814
LDB: =============== DONE WITH MIGRATION ================ 143814
LDB: ============= START OF LOAD BALANCING ============== 143822
LDB: ============== END OF LOAD BALANCING =============== 143822
LDB: =============== DONE WITH MIGRATION ================ 143822
PRESSURE: 860000 -164.048 94.4376 28.5072 94.4376 352.38 -407.344 28.5072 -407.344 10.3328
GPRESSURE: 860000 -146.265 286.453 -41.8414 59.912 333.557 -468.741 102.714 -181.842 51.8866
PRESSAVG: 860000 19.3089 8.91149 7.16744 8.91149 -25.2586 9.46509 7.16744 9.46509 -0.544388
GPRESSAVG: 860000 19.302 8.89847 7.15223 8.8743 -25.2752 9.45596 7.12769 9.52171 -0.516922
ENERGY:  860000      1591.8364      9472.0495      5737.8164        75.6939         -60567.6910     -1340.8265         0.0000         0.0000     19009.0715         -26022.0498       306.8027    -45031.1213    -25869.0195       304.1565             66.2216        79.7260    267339.8797        -2.1647        -2.1634

WRITING COORDINATES TO DCD FILE NPT.dcd AT STEP 860000
LDB: ============= START OF LOAD BALANCING ============== 144148
LDB: ============== END OF LOAD BALANCING =============== 144148
LDB: =============== DONE WITH MIGRATION ================ 144148
LDB: ============= START OF LOAD BALANCING ============== 144156
LDB: ============== END OF LOAD BALANCING =============== 144156
LDB: =============== DONE WITH MIGRATION ================ 144156
LDB: ============= START OF LOAD BALANCING ============== 144483
LDB: ============== END OF LOAD BALANCING =============== 144483
LDB: =============== DONE WITH MIGRATION ================ 144483
LDB: ============= START OF LOAD BALANCING ============== 144491
LDB: ============== END OF LOAD BALANCING =============== 144491
LDB: =============== DONE WITH MIGRATION ================ 144491
LDB: ============= START OF LOAD BALANCING ============== 144818
LDB: ============== END OF LOAD BALANCING =============== 144818
LDB: =============== DONE WITH MIGRATION ================ 144818
LDB: ============= START OF LOAD BALANCING ============== 144826
LDB: ============== END OF LOAD BALANCING =============== 144826
LDB: =============== DONE WITH MIGRATION ================ 144826
LDB: ============= START OF LOAD BALANCING ============== 145153
LDB: ============== END OF LOAD BALANCING =============== 145153
LDB: =============== DONE WITH MIGRATION ================ 145153
LDB: ============= START OF LOAD BALANCING ============== 145162
LDB: ============== END OF LOAD BALANCING =============== 145162
LDB: =============== DONE WITH MIGRATION ================ 145162
LDB: ============= START OF LOAD BALANCING ============== 145489
LDB: ============== END OF LOAD BALANCING =============== 145489
LDB: =============== DONE WITH MIGRATION ================ 145489
LDB: ============= START OF LOAD BALANCING ============== 145497
LDB: ============== END OF LOAD BALANCING =============== 145497
LDB: =============== DONE WITH MIGRATION ================ 145497
PRESSURE: 870000 313.625 -4.45399 -117.917 -4.45399 -132.885 41.023 -117.917 41.023 281.483
GPRESSURE: 870000 362.831 120.248 -50.6808 -159.052 -152.237 -57.7588 -100.122 6.8311 327.277
PRESSAVG: 870000 -47.2559 24.4012 -4.88743 24.4012 -42.206 18.7871 -4.88743 18.7871 2.65315
GPRESSAVG: 870000 -47.217 24.2948 -4.8733 24.4082 -42.2787 18.8384 -4.89671 18.6542 2.64943
ENERGY:  870000      1586.6967      9149.7152      5728.9011        86.7050         -60671.1003     -1284.6703         0.0000         0.0000     18841.8319         -26561.9206       304.1034    -45403.7525    -26407.7536       304.0987            154.0743       179.2904    267012.7691       -28.9363       -28.9487

WRITING COORDINATES TO DCD FILE NPT.dcd AT STEP 870000
LDB: ============= START OF LOAD BALANCING ============== 145825
LDB: ============== END OF LOAD BALANCING =============== 145825
LDB: =============== DONE WITH MIGRATION ================ 145825
LDB: ============= START OF LOAD BALANCING ============== 145833
LDB: ============== END OF LOAD BALANCING =============== 145833
LDB: =============== DONE WITH MIGRATION ================ 145833
LDB: ============= START OF LOAD BALANCING ============== 146160
LDB: ============== END OF LOAD BALANCING =============== 146160
LDB: =============== DONE WITH MIGRATION ================ 146160
LDB: ============= START OF LOAD BALANCING ============== 146168
LDB: ============== END OF LOAD BALANCING =============== 146168
LDB: =============== DONE WITH MIGRATION ================ 146168
LDB: ============= START OF LOAD BALANCING ============== 146495
LDB: ============== END OF LOAD BALANCING =============== 146495
LDB: =============== DONE WITH MIGRATION ================ 146495
LDB: ============= START OF LOAD BALANCING ============== 146504
LDB: ============== END OF LOAD BALANCING =============== 146504
LDB: =============== DONE WITH MIGRATION ================ 146504
LDB: ============= START OF LOAD BALANCING ============== 146830
LDB: ============== END OF LOAD BALANCING =============== 146830
LDB: =============== DONE WITH MIGRATION ================ 146830
LDB: ============= START OF LOAD BALANCING ============== 146839
LDB: ============== END OF LOAD BALANCING =============== 146839
LDB: =============== DONE WITH MIGRATION ================ 146839
LDB: ============= START OF LOAD BALANCING ============== 147165
LDB: ============== END OF LOAD BALANCING =============== 147165
LDB: =============== DONE WITH MIGRATION ================ 147165
LDB: ============= START OF LOAD BALANCING ============== 147173
LDB: ============== END OF LOAD BALANCING =============== 147173
LDB: =============== DONE WITH MIGRATION ================ 147173
PRESSURE: 880000 117.829 -123.783 47.7941 -123.783 -129.408 160.758 47.7941 160.758 -309.663
GPRESSURE: 880000 -70.3102 -182.71 11.579 -27.3035 -11.6226 -105.811 207.813 92.7395 -214.061
PRESSAVG: 880000 -36.8458 21.6819 -20.2266 21.6819 -102.183 12.242 -20.2266 12.242 4.86016
GPRESSAVG: 880000 -36.8488 21.6958 -20.1411 21.6898 -102.156 12.1775 -20.1775 12.2449 4.92857
ENERGY:  880000      1590.5326      9114.8677      5685.5413        65.5298         -60759.1720     -1332.3180         0.0000         0.0000     18773.5957         -26861.4228       303.0021    -45635.0185    -26711.9873       303.4450           -107.0804       -98.6645    266403.1796       -44.7228       -44.6921

WRITING COORDINATES TO DCD FILE NPT.dcd AT STEP 880000
LDB: ============= START OF LOAD BALANCING ============== 147500
LDB: ============== END OF LOAD BALANCING =============== 147500
LDB: =============== DONE WITH MIGRATION ================ 147500
LDB: ============= START OF LOAD BALANCING ============== 147509
LDB: ============== END OF LOAD BALANCING =============== 147509
LDB: =============== DONE WITH MIGRATION ================ 147509
LDB: ============= START OF LOAD BALANCING ============== 147836
LDB: ============== END OF LOAD BALANCING =============== 147836
LDB: =============== DONE WITH MIGRATION ================ 147836
LDB: ============= START OF LOAD BALANCING ============== 147844
LDB: ============== END OF LOAD BALANCING =============== 147844
LDB: =============== DONE WITH MIGRATION ================ 147844
LDB: ============= START OF LOAD BALANCING ============== 148171
LDB: ============== END OF LOAD BALANCING =============== 148171
LDB: =============== DONE WITH MIGRATION ================ 148171
LDB: ============= START OF LOAD BALANCING ============== 148179
LDB: ============== END OF LOAD BALANCING =============== 148179
LDB: =============== DONE WITH MIGRATION ================ 148179
LDB: ============= START OF LOAD BALANCING ============== 148506
LDB: ============== END OF LOAD BALANCING =============== 148506
LDB: =============== DONE WITH MIGRATION ================ 148506
LDB: ============= START OF LOAD BALANCING ============== 148514
LDB: ============== END OF LOAD BALANCING =============== 148514
LDB: =============== DONE WITH MIGRATION ================ 148514
LDB: ============= START OF LOAD BALANCING ============== 148841
LDB: ============== END OF LOAD BALANCING =============== 148841
LDB: =============== DONE WITH MIGRATION ================ 148841
LDB: ============= START OF LOAD BALANCING ============== 148849
LDB: ============== END OF LOAD BALANCING =============== 148849
LDB: =============== DONE WITH MIGRATION ================ 148849
PRESSURE: 890000 -9.97712 175.735 -218.253 175.735 -1061.38 155.719 -218.253 155.719 -334.492
GPRESSURE: 890000 -38.2355 -36.3587 -102.458 47.7106 -899.228 317.997 -120.314 69.2793 -379.385
PRESSAVG: 890000 -34.5959 17.0851 7.97569 17.0851 -34.9586 13.8264 7.97569 13.8264 0.0106972
GPRESSAVG: 890000 -34.5999 17.2033 7.90117 17.0478 -34.8883 13.8454 7.88455 13.8454 0.0745721
ENERGY:  890000      1561.7411      9310.2914      5733.3046        85.1473         -60542.2874     -1299.4672         0.0000         0.0000     18954.5468         -26196.7235       305.9226    -45151.2703    -26045.8236       303.6099           -468.6166      -438.9493    266207.4008       -23.1813       -23.1379

WRITING COORDINATES TO DCD FILE NPT.dcd AT STEP 890000
LDB: ============= START OF LOAD BALANCING ============== 149176
LDB: ============== END OF LOAD BALANCING =============== 149176
LDB: =============== DONE WITH MIGRATION ================ 149176
LDB: ============= START OF LOAD BALANCING ============== 149184
LDB: ============== END OF LOAD BALANCING =============== 149184
LDB: =============== DONE WITH MIGRATION ================ 149184
LDB: ============= START OF LOAD BALANCING ============== 149511
LDB: ============== END OF LOAD BALANCING =============== 149511
LDB: =============== DONE WITH MIGRATION ================ 149511
LDB: ============= START OF LOAD BALANCING ============== 149519
LDB: ============== END OF LOAD BALANCING =============== 149519
LDB: =============== DONE WITH MIGRATION ================ 149519
LDB: ============= START OF LOAD BALANCING ============== 149845
LDB: ============== END OF LOAD BALANCING =============== 149845
LDB: =============== DONE WITH MIGRATION ================ 149845
LDB: ============= START OF LOAD BALANCING ============== 149853
LDB: ============== END OF LOAD BALANCING =============== 149853
LDB: =============== DONE WITH MIGRATION ================ 149853
LDB: ============= START OF LOAD BALANCING ============== 150179
LDB: ============== END OF LOAD BALANCING =============== 150179
LDB: =============== DONE WITH MIGRATION ================ 150179
LDB: ============= START OF LOAD BALANCING ============== 150188
LDB: ============== END OF LOAD BALANCING =============== 150188
LDB: =============== DONE WITH MIGRATION ================ 150188
LDB: ============= START OF LOAD BALANCING ============== 150514
LDB: ============== END OF LOAD BALANCING =============== 150514
LDB: =============== DONE WITH MIGRATION ================ 150514
LDB: ============= START OF LOAD BALANCING ============== 150523
LDB: ============== END OF LOAD BALANCING =============== 150523
LDB: =============== DONE WITH MIGRATION ================ 150523
PRESSURE: 900000 -1059.82 255.41 -391.966 255.41 -563.584 -364.099 -391.966 -364.099 -156.95
GPRESSURE: 900000 -1292.57 231.241 -383.491 244.165 -395.519 -298.106 -9.57683 -286.204 -52.2605
PRESSAVG: 900000 48.7272 24.8307 -30.395 24.8307 73.8932 7.51695 -30.395 7.51695 3.88638
GPRESSAVG: 900000 48.8453 24.8996 -30.3647 24.8148 73.8613 7.51601 -30.4433 7.62063 3.9133
TIMING: 900000  CPU: 150796, 0.167627/step  Wall: 150799, 0.167631/step, 4.65641 hours remaining, 685.415271 MB of memory in use.
PERFORMANCE: 900000  averaging 1.03131 ns/day, 0.167554 sec/step with standard deviation 0.000258399
ETITLE:      TS           BOND          ANGLE          DIHED          IMPRP               ELECT            VDW       BOUNDARY           MISC        KINETIC               TOTAL           TEMP      POTENTIAL         TOTAL3        TEMPAVG            PRESSURE      GPRESSURE         VOLUME       PRESSAVG      GPRESSAVG

ENERGY:  900000      1593.0933      9411.5519      5690.1269        83.4465         -60554.2388     -1370.3781         0.0000         0.0000     18947.5050         -26198.8932       305.8090    -45146.3983    -26045.1481       303.6424           -593.4525      -580.1171    268304.8465        42.1689        42.2066

WRITING EXTENDED SYSTEM TO RESTART FILE AT STEP 900000
WRITING COORDINATES TO DCD FILE NPT.dcd AT STEP 900000
WRITING COORDINATES TO RESTART FILE AT STEP 900000
FINISHED WRITING RESTART COORDINATES
WRITING VELOCITIES TO RESTART FILE AT STEP 900000
FINISHED WRITING RESTART VELOCITIES
LDB: ============= START OF LOAD BALANCING ============== 150849
LDB: ============== END OF LOAD BALANCING =============== 150849
LDB: =============== DONE WITH MIGRATION ================ 150849
LDB: ============= START OF LOAD BALANCING ============== 150857
LDB: ============== END OF LOAD BALANCING =============== 150857
LDB: =============== DONE WITH MIGRATION ================ 150857
LDB: ============= START OF LOAD BALANCING ============== 151183
LDB: ============== END OF LOAD BALANCING =============== 151183
LDB: =============== DONE WITH MIGRATION ================ 151183
LDB: ============= START OF LOAD BALANCING ============== 151192
LDB: ============== END OF LOAD BALANCING =============== 151192
LDB: =============== DONE WITH MIGRATION ================ 151192
LDB: ============= START OF LOAD BALANCING ============== 151518
LDB: ============== END OF LOAD BALANCING =============== 151518
LDB: =============== DONE WITH MIGRATION ================ 151518
LDB: ============= START OF LOAD BALANCING ============== 151527
LDB: ============== END OF LOAD BALANCING =============== 151527
LDB: =============== DONE WITH MIGRATION ================ 151527
LDB: ============= START OF LOAD BALANCING ============== 151854
LDB: ============== END OF LOAD BALANCING =============== 151854
LDB: =============== DONE WITH MIGRATION ================ 151854
LDB: ============= START OF LOAD BALANCING ============== 151862
LDB: ============== END OF LOAD BALANCING =============== 151862
LDB: =============== DONE WITH MIGRATION ================ 151862
LDB: ============= START OF LOAD BALANCING ============== 152188
LDB: ============== END OF LOAD BALANCING =============== 152188
LDB: =============== DONE WITH MIGRATION ================ 152188
LDB: ============= START OF LOAD BALANCING ============== 152196
LDB: ============== END OF LOAD BALANCING =============== 152196
LDB: =============== DONE WITH MIGRATION ================ 152196
PRESSURE: 910000 -763.69 -123.683 555.416 -123.683 -629.176 -132.367 555.416 -132.367 769.455
GPRESSURE: 910000 -691.68 -115.703 467.885 -290.089 -571.385 -193.646 631.268 -496.155 713.613
PRESSAVG: 910000 12.565 5.5622 -9.13665 5.5622 15.6956 -30.5496 -9.13665 -30.5496 5.94932
GPRESSAVG: 910000 12.5392 5.5373 -9.10751 5.51694 15.72 -30.6255 -9.15567 -30.6359 5.96643
ENERGY:  910000      1602.2238      9333.9814      5676.8289        71.2168         -60753.9616     -1227.6456         0.0000         0.0000     18755.3565         -26542.0000       302.7077    -45297.3564    -26390.9005       303.5169           -207.8038      -183.1507    267883.2083        11.4033        11.4086

WRITING COORDINATES TO DCD FILE NPT.dcd AT STEP 910000
LDB: ============= START OF LOAD BALANCING ============== 152523
LDB: ============== END OF LOAD BALANCING =============== 152523
LDB: =============== DONE WITH MIGRATION ================ 152523
LDB: ============= START OF LOAD BALANCING ============== 152531
LDB: ============== END OF LOAD BALANCING =============== 152531
LDB: =============== DONE WITH MIGRATION ================ 152531
LDB: ============= START OF LOAD BALANCING ============== 152857
LDB: ============== END OF LOAD BALANCING =============== 152857
LDB: =============== DONE WITH MIGRATION ================ 152857
LDB: ============= START OF LOAD BALANCING ============== 152865
LDB: ============== END OF LOAD BALANCING =============== 152865
LDB: =============== DONE WITH MIGRATION ================ 152865
LDB: ============= START OF LOAD BALANCING ============== 153192
LDB: ============== END OF LOAD BALANCING =============== 153192
LDB: =============== DONE WITH MIGRATION ================ 153192
LDB: ============= START OF LOAD BALANCING ============== 153200
LDB: ============== END OF LOAD BALANCING =============== 153200
LDB: =============== DONE WITH MIGRATION ================ 153200
LDB: ============= START OF LOAD BALANCING ============== 153527
LDB: ============== END OF LOAD BALANCING =============== 153527
LDB: =============== DONE WITH MIGRATION ================ 153527
LDB: ============= START OF LOAD BALANCING ============== 153535
LDB: ============== END OF LOAD BALANCING =============== 153535
LDB: =============== DONE WITH MIGRATION ================ 153535
LDB: ============= START OF LOAD BALANCING ============== 153862
LDB: ============== END OF LOAD BALANCING =============== 153862
LDB: =============== DONE WITH MIGRATION ================ 153862
LDB: ============= START OF LOAD BALANCING ============== 153870
LDB: ============== END OF LOAD BALANCING =============== 153870
LDB: =============== DONE WITH MIGRATION ================ 153870
PRESSURE: 920000 509.505 165.753 83.2124 165.753 221.441 -298.447 83.2124 -298.447 -237.233
GPRESSURE: 920000 473.459 178.988 94.4411 -54.0323 332.09 -371.896 163.275 -328.101 -260.239
PRESSAVG: 920000 33.2994 9.20903 -33.0354 9.20903 59.2265 -16.5316 -33.0354 -16.5316 0.505731
GPRESSAVG: 920000 33.2958 9.10682 -32.9763 9.20046 59.2078 -16.5894 -33.0528 -16.6773 0.488137
ENERGY:  920000      1594.3177      9271.7576      5688.0150        68.8336         -60451.0037     -1377.0790         0.0000         0.0000     18878.3543         -26326.8045       304.6929    -45205.1588    -26173.8137       303.2528            164.5712       181.7698    267663.7207        31.0106        30.9972

WRITING COORDINATES TO DCD FILE NPT.dcd AT STEP 920000
LDB: ============= START OF LOAD BALANCING ============== 154196
LDB: ============== END OF LOAD BALANCING =============== 154196
LDB: =============== DONE WITH MIGRATION ================ 154196
LDB: ============= START OF LOAD BALANCING ============== 154205
LDB: ============== END OF LOAD BALANCING =============== 154205
LDB: =============== DONE WITH MIGRATION ================ 154205
LDB: ============= START OF LOAD BALANCING ============== 154531
LDB: ============== END OF LOAD BALANCING =============== 154531
LDB: =============== DONE WITH MIGRATION ================ 154531
LDB: ============= START OF LOAD BALANCING ============== 154539
LDB: ============== END OF LOAD BALANCING =============== 154539
LDB: =============== DONE WITH MIGRATION ================ 154539
LDB: ============= START OF LOAD BALANCING ============== 154865
LDB: ============== END OF LOAD BALANCING =============== 154865
LDB: =============== DONE WITH MIGRATION ================ 154865
LDB: ============= START OF LOAD BALANCING ============== 154874
LDB: ============== END OF LOAD BALANCING =============== 154874
LDB: =============== DONE WITH MIGRATION ================ 154874
LDB: ============= START OF LOAD BALANCING ============== 155200
LDB: ============== END OF LOAD BALANCING =============== 155200
LDB: =============== DONE WITH MIGRATION ================ 155200
LDB: ============= START OF LOAD BALANCING ============== 155209
LDB: ============== END OF LOAD BALANCING =============== 155209
LDB: =============== DONE WITH MIGRATION ================ 155209
LDB: ============= START OF LOAD BALANCING ============== 155535
LDB: ============== END OF LOAD BALANCING =============== 155535
LDB: =============== DONE WITH MIGRATION ================ 155535
LDB: ============= START OF LOAD BALANCING ============== 155543
LDB: ============== END OF LOAD BALANCING =============== 155543
LDB: =============== DONE WITH MIGRATION ================ 155543
PRESSURE: 930000 345.99 -285.356 -690.227 -285.356 -391.148 239.248 -690.227 239.248 607.399
GPRESSURE: 930000 484.344 -259.65 -771.942 -430.466 -312.781 138.232 -444.803 225.057 479.265
PRESSAVG: 930000 -51.703 5.20067 -6.85984 5.20067 -65.0824 -1.96462 -6.85984 -1.96462 -2.18767
GPRESSAVG: 930000 -51.7255 5.19388 -6.82697 5.22317 -65.1125 -1.97293 -6.93413 -1.99032 -2.18375
ENERGY:  930000      1537.4229      9248.8704      5683.8538        68.0489         -60732.7575     -1042.2324         0.0000         0.0000     18877.7474         -26359.0464       304.6831    -45236.7939    -26210.9574       303.6868            187.4138       216.9429    267392.5469       -39.6577       -39.6739

WRITING COORDINATES TO DCD FILE NPT.dcd AT STEP 930000
LDB: ============= START OF LOAD BALANCING ============== 155868
LDB: ============== END OF LOAD BALANCING =============== 155868
LDB: =============== DONE WITH MIGRATION ================ 155868
LDB: ============= START OF LOAD BALANCING ============== 155877
LDB: ============== END OF LOAD BALANCING =============== 155877
LDB: =============== DONE WITH MIGRATION ================ 155877
LDB: ============= START OF LOAD BALANCING ============== 156202
LDB: ============== END OF LOAD BALANCING =============== 156202
LDB: =============== DONE WITH MIGRATION ================ 156202
LDB: ============= START OF LOAD BALANCING ============== 156211
LDB: ============== END OF LOAD BALANCING =============== 156211
LDB: =============== DONE WITH MIGRATION ================ 156211
LDB: ============= START OF LOAD BALANCING ============== 156537
LDB: ============== END OF LOAD BALANCING =============== 156537
LDB: =============== DONE WITH MIGRATION ================ 156537
LDB: ============= START OF LOAD BALANCING ============== 156545
LDB: ============== END OF LOAD BALANCING =============== 156545
LDB: =============== DONE WITH MIGRATION ================ 156545
LDB: ============= START OF LOAD BALANCING ============== 156872
LDB: ============== END OF LOAD BALANCING =============== 156872
LDB: =============== DONE WITH MIGRATION ================ 156872
LDB: ============= START OF LOAD BALANCING ============== 156880
LDB: ============== END OF LOAD BALANCING =============== 156880
LDB: =============== DONE WITH MIGRATION ================ 156880
LDB: ============= START OF LOAD BALANCING ============== 157207
LDB: ============== END OF LOAD BALANCING =============== 157207
LDB: =============== DONE WITH MIGRATION ================ 157207
LDB: ============= START OF LOAD BALANCING ============== 157215
LDB: ============== END OF LOAD BALANCING =============== 157215
LDB: =============== DONE WITH MIGRATION ================ 157215
PRESSURE: 940000 137.422 -186.616 221.886 -186.616 88.8816 -127.194 221.886 -127.194 -419.718
GPRESSURE: 940000 180.84 -71.2678 237.835 -153.169 60.1304 -32.4659 251.157 -137.846 -344.946
PRESSAVG: 940000 26.2916 -21.8652 1.77029 -21.8652 34.4687 -18.8506 1.77029 -18.8506 2.19452
GPRESSAVG: 940000 26.1975 -21.9384 1.78234 -21.8019 34.3782 -18.8611 1.75427 -18.8048 2.23166
ENERGY:  940000      1589.3577      9170.2376      5719.7483        88.4589         -60705.3883     -1210.2896         0.0000         0.0000     18828.1922         -26519.6833       303.8833    -45347.8755    -26371.7003       303.6005            -64.4715       -34.6586    266349.6369        20.9850        20.9358

WRITING COORDINATES TO DCD FILE NPT.dcd AT STEP 940000
LDB: ============= START OF LOAD BALANCING ============== 157542
LDB: ============== END OF LOAD BALANCING =============== 157542
LDB: =============== DONE WITH MIGRATION ================ 157542
LDB: ============= START OF LOAD BALANCING ============== 157551
LDB: ============== END OF LOAD BALANCING =============== 157551
LDB: =============== DONE WITH MIGRATION ================ 157551
LDB: ============= START OF LOAD BALANCING ============== 157877
LDB: ============== END OF LOAD BALANCING =============== 157877
LDB: =============== DONE WITH MIGRATION ================ 157877
LDB: ============= START OF LOAD BALANCING ============== 157885
LDB: ============== END OF LOAD BALANCING =============== 157885
LDB: =============== DONE WITH MIGRATION ================ 157885
LDB: ============= START OF LOAD BALANCING ============== 158211
LDB: ============== END OF LOAD BALANCING =============== 158211
LDB: =============== DONE WITH MIGRATION ================ 158211
LDB: ============= START OF LOAD BALANCING ============== 158219
LDB: ============== END OF LOAD BALANCING =============== 158219
LDB: =============== DONE WITH MIGRATION ================ 158219
LDB: ============= START OF LOAD BALANCING ============== 158545
LDB: ============== END OF LOAD BALANCING =============== 158545
LDB: =============== DONE WITH MIGRATION ================ 158545
LDB: ============= START OF LOAD BALANCING ============== 158554
LDB: ============== END OF LOAD BALANCING =============== 158554
LDB: =============== DONE WITH MIGRATION ================ 158554
LDB: ============= START OF LOAD BALANCING ============== 158879
LDB: ============== END OF LOAD BALANCING =============== 158879
LDB: =============== DONE WITH MIGRATION ================ 158879
LDB: ============= START OF LOAD BALANCING ============== 158888
LDB: ============== END OF LOAD BALANCING =============== 158888
LDB: =============== DONE WITH MIGRATION ================ 158888
PRESSURE: 950000 26.6265 349.875 8.87134 349.875 201.783 -8.82357 8.87134 -8.82357 515.451
GPRESSURE: 950000 -89.069 424.363 -61.5152 208.104 326.458 1.03478 121.37 20.0125 575.369
PRESSAVG: 950000 -74.4712 -6.71438 4.44121 -6.71438 -50.7111 19.582 4.44121 19.582 -2.64919
GPRESSAVG: 950000 -74.4773 -6.75361 4.49046 -6.58255 -50.677 19.6152 4.40496 19.597 -2.69435
ENERGY:  950000      1599.8502      9249.8215      5678.6731        70.1922         -60475.1849     -1312.4562         0.0000         0.0000     18741.2828         -26447.8213       302.4806    -45189.1040    -26303.3155       303.7262            247.9535       270.9192    267765.6023       -42.6105       -42.6162

WRITING EXTENDED SYSTEM TO RESTART FILE AT STEP 950000
WRITING COORDINATES TO DCD FILE NPT.dcd AT STEP 950000
WRITING COORDINATES TO RESTART FILE AT STEP 950000
FINISHED WRITING RESTART COORDINATES
WRITING VELOCITIES TO RESTART FILE AT STEP 950000
FINISHED WRITING RESTART VELOCITIES
LDB: ============= START OF LOAD BALANCING ============== 159213
LDB: ============== END OF LOAD BALANCING =============== 159213
LDB: =============== DONE WITH MIGRATION ================ 159213
LDB: ============= START OF LOAD BALANCING ============== 159222
LDB: ============== END OF LOAD BALANCING =============== 159222
LDB: =============== DONE WITH MIGRATION ================ 159222
LDB: ============= START OF LOAD BALANCING ============== 159548
LDB: ============== END OF LOAD BALANCING =============== 159548
LDB: =============== DONE WITH MIGRATION ================ 159548
LDB: ============= START OF LOAD BALANCING ============== 159557
LDB: ============== END OF LOAD BALANCING =============== 159557
LDB: =============== DONE WITH MIGRATION ================ 159557
LDB: ============= START OF LOAD BALANCING ============== 159883
LDB: ============== END OF LOAD BALANCING =============== 159883
LDB: =============== DONE WITH MIGRATION ================ 159883
LDB: ============= START OF LOAD BALANCING ============== 159891
LDB: ============== END OF LOAD BALANCING =============== 159891
LDB: =============== DONE WITH MIGRATION ================ 159891
LDB: ============= START OF LOAD BALANCING ============== 160219
LDB: ============== END OF LOAD BALANCING =============== 160219
LDB: =============== DONE WITH MIGRATION ================ 160219
LDB: ============= START OF LOAD BALANCING ============== 160227
LDB: ============== END OF LOAD BALANCING =============== 160227
LDB: =============== DONE WITH MIGRATION ================ 160227
LDB: ============= START OF LOAD BALANCING ============== 160555
LDB: ============== END OF LOAD BALANCING =============== 160555
LDB: =============== DONE WITH MIGRATION ================ 160555
LDB: ============= START OF LOAD BALANCING ============== 160563
LDB: ============== END OF LOAD BALANCING =============== 160563
LDB: =============== DONE WITH MIGRATION ================ 160563
PRESSURE: 960000 -1030.11 50.3442 -34.826 50.3442 48.1574 -329.293 -34.826 -329.293 74.7637
GPRESSURE: 960000 -972.888 251.075 -320.614 230.652 -0.370288 -158.254 127.313 -224.822 116.683
PRESSAVG: 960000 36.2097 8.19147 -5.60394 8.19147 21.631 -13.5353 -5.60394 -13.5353 2.6586
GPRESSAVG: 960000 36.2165 8.17822 -5.6137 8.11329 21.5299 -13.6106 -5.69448 -13.5832 2.59975
ENERGY:  960000      1597.5149      9274.1082      5715.5093        63.1595         -60408.7357     -1349.6232         0.0000         0.0000     18791.1992         -26316.8680       303.2862    -45108.0671    -26173.9395       303.9617           -302.3962      -285.5251    266618.8025        20.1664        20.1154

WRITING COORDINATES TO DCD FILE NPT.dcd AT STEP 960000
LDB: ============= START OF LOAD BALANCING ============== 160891
LDB: ============== END OF LOAD BALANCING =============== 160891
LDB: =============== DONE WITH MIGRATION ================ 160891
LDB: ============= START OF LOAD BALANCING ============== 160899
LDB: ============== END OF LOAD BALANCING =============== 160899
LDB: =============== DONE WITH MIGRATION ================ 160899
LDB: ============= START OF LOAD BALANCING ============== 161226
LDB: ============== END OF LOAD BALANCING =============== 161226
LDB: =============== DONE WITH MIGRATION ================ 161226
LDB: ============= START OF LOAD BALANCING ============== 161235
LDB: ============== END OF LOAD BALANCING =============== 161235
LDB: =============== DONE WITH MIGRATION ================ 161235
LDB: ============= START OF LOAD BALANCING ============== 161562
LDB: ============== END OF LOAD BALANCING =============== 161562
LDB: =============== DONE WITH MIGRATION ================ 161562
LDB: ============= START OF LOAD BALANCING ============== 161571
LDB: ============== END OF LOAD BALANCING =============== 161571
LDB: =============== DONE WITH MIGRATION ================ 161571
LDB: ============= START OF LOAD BALANCING ============== 161897
LDB: ============== END OF LOAD BALANCING =============== 161897
LDB: =============== DONE WITH MIGRATION ================ 161897
LDB: ============= START OF LOAD BALANCING ============== 161905
LDB: ============== END OF LOAD BALANCING =============== 161905
LDB: =============== DONE WITH MIGRATION ================ 161905
LDB: ============= START OF LOAD BALANCING ============== 162231
LDB: ============== END OF LOAD BALANCING =============== 162231
LDB: =============== DONE WITH MIGRATION ================ 162231
LDB: ============= START OF LOAD BALANCING ============== 162239
LDB: ============== END OF LOAD BALANCING =============== 162239
LDB: =============== DONE WITH MIGRATION ================ 162239
PRESSURE: 970000 202.846 -48.0479 249.465 -48.0479 -647.275 -647.433 249.465 -647.433 176.513
GPRESSURE: 970000 105.89 -37.717 145.127 -124.902 -532.317 -585.571 401.728 -400.958 225.861
PRESSAVG: 970000 36.1388 10.0632 -0.986826 10.0632 55.2723 16.7345 -0.986826 16.7345 1.99329
GPRESSAVG: 970000 36.1956 10.155 -0.88601 10.0118 55.3238 16.6847 -0.959344 16.7282 1.88449
ENERGY:  970000      1605.4395      9245.1294      5747.6259        74.5012         -60623.5261     -1152.7346         0.0000         0.0000     18850.9764         -26252.5883       304.2510    -45103.5647    -26105.1099       303.9263            -89.3050       -66.8552    269194.2719        31.1348        31.1346

WRITING COORDINATES TO DCD FILE NPT.dcd AT STEP 970000
LDB: ============= START OF LOAD BALANCING ============== 162565
LDB: ============== END OF LOAD BALANCING =============== 162565
LDB: =============== DONE WITH MIGRATION ================ 162565
LDB: ============= START OF LOAD BALANCING ============== 162573
LDB: ============== END OF LOAD BALANCING =============== 162573
LDB: =============== DONE WITH MIGRATION ================ 162573
LDB: ============= START OF LOAD BALANCING ============== 162899
LDB: ============== END OF LOAD BALANCING =============== 162899
LDB: =============== DONE WITH MIGRATION ================ 162899
LDB: ============= START OF LOAD BALANCING ============== 162907
LDB: ============== END OF LOAD BALANCING =============== 162907
LDB: =============== DONE WITH MIGRATION ================ 162907
LDB: ============= START OF LOAD BALANCING ============== 163234
LDB: ============== END OF LOAD BALANCING =============== 163234
LDB: =============== DONE WITH MIGRATION ================ 163234
LDB: ============= START OF LOAD BALANCING ============== 163242
LDB: ============== END OF LOAD BALANCING =============== 163242
LDB: =============== DONE WITH MIGRATION ================ 163242
LDB: ============= START OF LOAD BALANCING ============== 163568
LDB: ============== END OF LOAD BALANCING =============== 163568
LDB: =============== DONE WITH MIGRATION ================ 163568
LDB: ============= START OF LOAD BALANCING ============== 163576
LDB: ============== END OF LOAD BALANCING =============== 163576
LDB: =============== DONE WITH MIGRATION ================ 163576
LDB: ============= START OF LOAD BALANCING ============== 163902
LDB: ============== END OF LOAD BALANCING =============== 163902
LDB: =============== DONE WITH MIGRATION ================ 163902
LDB: ============= START OF LOAD BALANCING ============== 163911
LDB: ============== END OF LOAD BALANCING =============== 163911
LDB: =============== DONE WITH MIGRATION ================ 163911
PRESSURE: 980000 461.869 -55.0196 -83.4888 -55.0196 0.207902 133.39 -83.4888 133.39 3.74447
GPRESSURE: 980000 355.855 168.473 -197.864 -30.8743 26.0511 152.559 149.366 19.0607 142.09
PRESSAVG: 980000 -24.3223 25.4474 -2.83544 25.4474 32.3668 24.8554 -2.83544 24.8554 4.10778
GPRESSAVG: 980000 -24.3579 25.4232 -2.84686 25.4717 32.3906 24.8637 -2.76151 24.7953 4.04703
ENERGY:  980000      1557.2829      9280.0441      5654.3841        65.0676         -60663.6148     -1224.6071         0.0000         0.0000     18877.6109         -26453.8324       304.6809    -45331.4433    -26306.9243       302.9682            155.2739       174.6651    266727.9422         4.0507         4.0266

WRITING COORDINATES TO DCD FILE NPT.dcd AT STEP 980000
LDB: ============= START OF LOAD BALANCING ============== 164237
LDB: ============== END OF LOAD BALANCING =============== 164237
LDB: =============== DONE WITH MIGRATION ================ 164237
LDB: ============= START OF LOAD BALANCING ============== 164246
LDB: ============== END OF LOAD BALANCING =============== 164246
LDB: =============== DONE WITH MIGRATION ================ 164246
LDB: ============= START OF LOAD BALANCING ============== 164572
LDB: ============== END OF LOAD BALANCING =============== 164572
LDB: =============== DONE WITH MIGRATION ================ 164572
LDB: ============= START OF LOAD BALANCING ============== 164581
LDB: ============== END OF LOAD BALANCING =============== 164581
LDB: =============== DONE WITH MIGRATION ================ 164581
LDB: ============= START OF LOAD BALANCING ============== 164907
LDB: ============== END OF LOAD BALANCING =============== 164907
LDB: =============== DONE WITH MIGRATION ================ 164907
LDB: ============= START OF LOAD BALANCING ============== 164916
LDB: ============== END OF LOAD BALANCING =============== 164916
LDB: =============== DONE WITH MIGRATION ================ 164916
LDB: ============= START OF LOAD BALANCING ============== 165242
LDB: ============== END OF LOAD BALANCING =============== 165242
LDB: =============== DONE WITH MIGRATION ================ 165242
LDB: ============= START OF LOAD BALANCING ============== 165250
LDB: ============== END OF LOAD BALANCING =============== 165250
LDB: =============== DONE WITH MIGRATION ================ 165250
LDB: ============= START OF LOAD BALANCING ============== 165576
LDB: ============== END OF LOAD BALANCING =============== 165576
LDB: =============== DONE WITH MIGRATION ================ 165576
LDB: ============= START OF LOAD BALANCING ============== 165585
LDB: ============== END OF LOAD BALANCING =============== 165585
LDB: =============== DONE WITH MIGRATION ================ 165585
PRESSURE: 990000 302.383 296.542 -459.777 296.542 -156.368 -260.724 -459.777 -260.724 -261.36
GPRESSURE: 990000 348.501 191.177 -516.349 214.858 -190.036 -173.005 -227.025 -190.331 -208.856
PRESSAVG: 990000 -40.4307 10.6306 13.7454 10.6306 33.4736 -15.5724 13.7454 -15.5724 1.84562
GPRESSAVG: 990000 -40.4395 10.6404 13.7571 10.6627 33.4727 -15.6335 13.6812 -15.5921 1.87698
ENERGY:  990000      1593.8958      9268.7122      5726.1455        64.9643         -60457.3267     -1365.9655         0.0000         0.0000     18920.0712         -26249.5032       305.3662    -45169.5744    -26097.7002       304.1758            -38.4484       -16.7967    266204.4381        -1.7038        -1.6966

WRITING COORDINATES TO DCD FILE NPT.dcd AT STEP 990000
LDB: ============= START OF LOAD BALANCING ============== 165912
LDB: ============== END OF LOAD BALANCING =============== 165912
LDB: =============== DONE WITH MIGRATION ================ 165912
LDB: ============= START OF LOAD BALANCING ============== 165920
LDB: ============== END OF LOAD BALANCING =============== 165920
LDB: =============== DONE WITH MIGRATION ================ 165920
LDB: ============= START OF LOAD BALANCING ============== 166246
LDB: ============== END OF LOAD BALANCING =============== 166246
LDB: =============== DONE WITH MIGRATION ================ 166246
LDB: ============= START OF LOAD BALANCING ============== 166255
LDB: ============== END OF LOAD BALANCING =============== 166255
LDB: =============== DONE WITH MIGRATION ================ 166255
LDB: ============= START OF LOAD BALANCING ============== 166582
LDB: ============== END OF LOAD BALANCING =============== 166582
LDB: =============== DONE WITH MIGRATION ================ 166582
LDB: ============= START OF LOAD BALANCING ============== 166590
LDB: ============== END OF LOAD BALANCING =============== 166590
LDB: =============== DONE WITH MIGRATION ================ 166590
LDB: ============= START OF LOAD BALANCING ============== 166916
LDB: ============== END OF LOAD BALANCING =============== 166916
LDB: =============== DONE WITH MIGRATION ================ 166916
LDB: ============= START OF LOAD BALANCING ============== 166924
LDB: ============== END OF LOAD BALANCING =============== 166924
LDB: =============== DONE WITH MIGRATION ================ 166924
LDB: ============= START OF LOAD BALANCING ============== 167249
LDB: ============== END OF LOAD BALANCING =============== 167249
LDB: =============== DONE WITH MIGRATION ================ 167249
LDB: ============= START OF LOAD BALANCING ============== 167258
LDB: ============== END OF LOAD BALANCING =============== 167258
LDB: =============== DONE WITH MIGRATION ================ 167258
PRESSURE: 1000000 -265.317 -77.4747 -39.504 -77.4747 -69.0608 160.317 -39.504 160.317 -93.5158
GPRESSURE: 1000000 -245.917 -112.425 -139.051 -95.8896 -72.8668 204.79 14.1065 54.2894 -54.5432
PRESSAVG: 1000000 15.5026 54.7706 -6.95721 54.7706 16.4842 -16.3402 -6.95721 -16.3402 4.14741
GPRESSAVG: 1000000 15.4621 54.854 -6.9732 54.831 16.4602 -16.386 -7.0266 -16.3392 4.05008
TIMING: 1000000  CPU: 167530, 0.167342/step  Wall: 167534, 0.167345/step, 0 hours remaining, 685.415271 MB of memory in use.
PERFORMANCE: 1000000  averaging 1.03144 ns/day, 0.167533 sec/step with standard deviation 0.000252493
ETITLE:      TS           BOND          ANGLE          DIHED          IMPRP               ELECT            VDW       BOUNDARY           MISC        KINETIC               TOTAL           TEMP      POTENTIAL         TOTAL3        TEMPAVG            PRESSURE      GPRESSURE         VOLUME       PRESSAVG      GPRESSAVG

ENERGY: 1000000      1554.7875      9223.8139      5731.9925        68.3596         -60598.6490     -1314.6557         0.0000         0.0000     18972.1289         -26362.2221       306.2064    -45334.3511    -26210.3661       303.8014           -142.6313      -124.4424    265760.9684        12.0447        11.9908

WRITING EXTENDED SYSTEM TO RESTART FILE AT STEP 1000000
WRITING COORDINATES TO DCD FILE NPT.dcd AT STEP 1000000
WRITING COORDINATES TO RESTART FILE AT STEP 1000000
FINISHED WRITING RESTART COORDINATES
WRITING VELOCITIES TO RESTART FILE AT STEP 1000000
FINISHED WRITING RESTART VELOCITIES
WRITING EXTENDED SYSTEM TO OUTPUT FILE AT STEP 1000000
CLOSING EXTENDED SYSTEM TRAJECTORY FILE
WRITING COORDINATES TO OUTPUT FILE AT STEP 1000000
CLOSING COORDINATE DCD FILE NPT.dcd
WRITING VELOCITIES TO OUTPUT FILE AT STEP 1000000
====================================================

WallClock: 167558.906250  CPUTime: 167555.484375  Memory: 685.415271 MB
[Partition 0][Node 0] End of program
