Charm++> No provisioning arguments specified. Running with a single PE.
         Use +auto-provision to fully subscribe resources or +p1 to silence this message.
Charm++: standalone mode (not using charmrun)
Charm++> Running in Multicore mode: 1 threads (PEs)
Charm++> Using recursive bisection (scheme 3) for topology aware partitions
Converse/Charm++ Commit ID: 
CharmLB> Load balancer assumes all CPUs are same.
Charm++> Running on 1 hosts (1 sockets x 20 cores x 2 PUs = 40-way SMP)
Charm++> cpu topology info is gathered in 0.000 seconds.
CharmLB> Load balancing instrumentation for communication is off.
Info: NAMD Git-2025-12-04 for Linux-x86_64-multicore
Info: 
Info: Please visit http://www.ks.uiuc.edu/Research/namd/
Info: for updates, documentation, and support information.
Info: 
Info: Please cite Phillips et al., J. Chem. Phys. 153:044130 (2020) doi:10.1063/5.0014475
Info: in all publications reporting results obtained with NAMD.
Info: 
Info: Based on Charm++/Converse 80000 for multicore-linux-x86_64-gcc
Info: Built Thu Dec 4 09:25:02 CST 2025 by dhardy on athine.ks.uiuc.edu
Info: Source code at Git commit ID b856a9378ca44bcf5aa708d4b681af4ceb86d8ca
Info: 1 NAMD  Git-2025-12-04  Linux-x86_64-multicore  1    vivi01  cmm11
Info: Running on 1 processors, 1 nodes, 1 physical nodes.
Info: CPU topology information available.
Info: Charm++/Converse parallel runtime startup completed at 0.00511162 s
CkLoopLib is used in SMP with simple dynamic scheduling (converse-level notification)
Info: 25.0547 MB of memory in use based on /proc/self/stat
Info: Configuration file is simNVT.conf
Info: Working in the current directory /scratch/168098.1.cerqt03.q
TCL: Suspending until startup complete.
Warning: Option "1-4scaling" has been deprecated. Instead use "oneFourScaling".
Info: EXTENDED SYSTEM FILE   NPT.restart.xsc
Warning: The Langevin gamma parameters differ over the particles,
Warning: requiring extra work per step to constrain rigid bonds.
Info: SIMULATION PARAMETERS:
Info: TIMESTEP               2
Info: NUMBER OF STEPS        50000
Info: STEPS PER CYCLE        10
Info: PERIODIC CELL BASIS 1  67.406 0 0
Info: PERIODIC CELL BASIS 2  0 57.2957 0
Info: PERIODIC CELL BASIS 3  0 0 68.2863
Info: PERIODIC CELL CENTER   0 0 0
Info: WRAPPING WATERS AROUND PERIODIC BOUNDARIES ON OUTPUT.
Info: WRAPPING ALL CLUSTERS AROUND PERIODIC BOUNDARIES ON OUTPUT.
Info: LOAD BALANCER  Centralized
Info: LOAD BALANCING STRATEGY  New Load Balancers -- DEFAULT
Info: LDB PERIOD             2000 steps
Info: FIRST LDB TIMESTEP     50
Info: LAST LDB TIMESTEP     -1
Info: LDB BACKGROUND SCALING 1
Info: HOM BACKGROUND SCALING 1
Info: PME BACKGROUND SCALING 1
Info: MIN ATOMS PER PATCH    40
Info: EMPTY PATCH LOAD       40 ATOMS
Info: VELOCITY FILE          NPT.restart.vel
Info: CENTER OF MASS MOVING INITIALLY? NO
Info: DIELECTRIC             1
Info: EXCLUDE                SCALED ONE-FOUR
Info: 1-4 ELECTROSTATICS SCALED BY 1
Info: MODIFIED 1-4 VDW PARAMETERS WILL BE USED
Info: DCD FILENAME           NVT.dcd
Info: DCD FREQUENCY          10
Info: DCD FIRST STEP         10
Info: DCD FILE WILL CONTAIN UNIT CELL DATA
Info: XST FILENAME           NVT.xst
Info: XST FREQUENCY          5000
Info: NO VELOCITY DCD OUTPUT
Info: NO FORCE DCD OUTPUT
Info: OUTPUT FILENAME        NVT
Info: BINARY OUTPUT FILES WILL BE USED
Info: RESTART FILENAME       NVT.restart
Info: RESTART FREQUENCY      5000
Info: BINARY RESTART FILES WILL BE USED
Info: NAMD will save positions and velocities to NVT.crash.csv when  atoms are moving too fast.
Info: SWITCHING ACTIVE
Info: SWITCHING ON           10
Info: SWITCHING OFF          12
Info: PAIRLIST DISTANCE      13.5
Info: PAIRLIST SHRINK RATE   0.01
Info: PAIRLIST GROW RATE     0.01
Info: PAIRLIST TRIGGER       0.3
Info: PAIRLISTS PER CYCLE    2
Info: PAIRLISTS ENABLED
Info: MARGIN                 0
Info: HYDROGEN GROUP CUTOFF  2.5
Info: PATCH DIMENSION        16
Info: ENERGY OUTPUT STEPS    1000
Info: ENERGY EVALUATION STEPS    1000
Info: OUTPUT ENERGY PRECISION 4
Info: CROSSTERM ENERGY INCLUDED IN DIHEDRAL
Info: TIMING OUTPUT STEPS    10000
Info: PRESSURE OUTPUT STEPS  1000
Info: LANGEVIN DYNAMICS ACTIVE
Info: LANGEVIN TEMPERATURE   293.5
Info: LANGEVIN USING BBK INTEGRATOR
Info: LANGEVIN DAMPING COEFFICIENT IS 1 INVERSE PS
Info: LANGEVIN DYNAMICS NOT APPLIED TO HYDROGENS
Info: PARTICLE MESH EWALD (PME) ACTIVE
Info: PME TOLERANCE               1e-06
Info: PME EWALD COEFFICIENT       0.257952
Info: PME INTERPOLATION ORDER     4
Info: PME GRID DIMENSIONS         72 60 72
Info: PME MAXIMUM GRID SPACING    1.5
Info: Attempting to read FFTW data from FFTW_NAMD_Git-2025-12-04_Linux-x86_64-multicore.txt
Info: Optimizing 6 FFT steps.  1... 2... 3... 4... 5... 6...   Done.
Info: Writing FFTW data to FFTW_NAMD_Git-2025-12-04_Linux-x86_64-multicore.txt
Info: FULL ELECTROSTATIC EVALUATION FREQUENCY      2
Info: USING VERLET I (r-RESPA) MTS SCHEME.
Info: C1 SPLITTING OF LONG RANGE ELECTROSTATICS
Info: PLACING ATOMS IN PATCHES BY HYDROGEN GROUPS
Info: RIGID BONDS TO HYDROGEN : ALL
Info:         ERROR TOLERANCE : 1e-08
Info:          MAX ITERATIONS : 100
Info: RIGID WATER USING SETTLE ALGORITHM
Info: RANDOM NUMBER SEED     1781532637
Info: USE HYDROGEN BONDS?    NO
Info: COORDINATE PDB         coordenades_inicials.pdb
Info: STRUCTURE FILE         estructura_membranaDMPC.psf
Info: PARAMETER file: CHARMM format! 
Info: PARAMETERS             parametres.prm
Info: USING ARITHMETIC MEAN TO COMBINE L-J SIGMA PARAMETERS
Info: BINARY COORDINATES     NPT.restart.coor
Info: SUMMARY OF PARAMETERS:
Info: 52 BONDS
Info: 132 ANGLES
Info: 176 DIHEDRAL
Info: 4 IMPROPER
Info: 0 CROSSTERM
Info: 37 VDW
Info: 0 VDW_PAIRS
Info: 0 NBTHOLE_PAIRS
Info: TIME FOR READING PSF FILE: 0.149957
Info: Reading pdb file coordenades_inicials.pdb
Info: TIME FOR READING PDB FILE: 0.0237799
Info: 
Info: ****************************
Info: STRUCTURE SUMMARY:
Info: 28235 ATOMS
Info: 23730 BONDS
Info: 33305 ANGLES
Info: 40064 DIHEDRALS
Info: 256 IMPROPERS
Info: 0 CROSSTERMS
Info: 0 EXCLUSIONS
Info: 22347 RIGID BONDS
Info: 62358 DEGREES OF FREEDOM
Info: 10265 HYDROGEN GROUPS
Info: 4 ATOMS IN LARGEST HYDROGEN GROUP
Info: 10265 MIGRATION GROUPS
Info: 4 ATOMS IN LARGEST MIGRATION GROUP
Info: TOTAL MASS = 165628 amu
Info: TOTAL CHARGE = 6.67572e-06 e
Info: MASS DENSITY = 1.04289 g/cm^3
Info: ATOM DENSITY = 0.107062 atoms/A^3
Info: *****************************
Info: Reading from binary file NPT.restart.coor
Info: 
Info: Entering startup at 25.1481 s, 841.44 MB of memory in use
Info: Startup phase 0 took 4.1333e-05 s, 841.44 MB of memory in use
Info: ADDED 97099 IMPLICIT EXCLUSIONS
Info: Startup phase 1 took 0.0141096 s, 841.44 MB of memory in use
Info: NONBONDED TABLE R-SQUARED SPACING: 0.0625
Info: NONBONDED TABLE SIZE: 769 POINTS
Info: INCONSISTENCY IN FAST TABLE ENERGY VS FORCE: 0.000325096 AT 11.9556
Info: INCONSISTENCY IN SCOR TABLE ENERGY VS FORCE: 0.000324844 AT 11.9556
Info: INCONSISTENCY IN VDWA TABLE ENERGY VS FORCE: 0.0040507 AT 0.251946
Info: INCONSISTENCY IN VDWB TABLE ENERGY VS FORCE: 0.00150189 AT 0.251946
Info: Startup phase 2 took 0.000191849 s, 841.44 MB of memory in use
Info: Startup phase 3 took 1.2125e-05 s, 841.44 MB of memory in use
Info: Startup phase 4 took 2.2414e-05 s, 841.44 MB of memory in use
Info: Startup phase 5 took 8.632e-06 s, 841.44 MB of memory in use
Info: PATCH GRID IS 4 (PERIODIC) BY 3 (PERIODIC) BY 4 (PERIODIC)
Info: PATCH GRID IS 1-AWAY BY 1-AWAY BY 1-AWAY
Info: Reading from binary file NPT.restart.vel
Info: REMOVING COM VELOCITY 0.0496056 0.0530518 0.0443636
Info: LARGEST PATCH (3) HAS 630 ATOMS
Info: TORUS A SIZE 1 USING 0
Info: TORUS B SIZE 1 USING 0
Info: TORUS C SIZE 1 USING 0
Info: TORUS MINIMAL MESH SIZE IS 1 BY 1 BY 1
Info: Placed 100% of base nodes on same physical node as patch
Info: Startup phase 6 took 0.0036037 s, 841.44 MB of memory in use
Info: PME using 1 and 1 processors for FFT and reciprocal sum.
Info: PME GRID LOCATIONS: 0
Info: PME TRANS LOCATIONS: 0
Info: PME USING 1 GRID NODES AND 1 TRANS NODES
Info: Optimizing 4 FFT steps.  1... 2... 3... 4...   Done.
Info: Startup phase 7 took 0.000351355 s, 841.44 MB of memory in use
Info: Startup phase 8 took 1.686e-05 s, 841.44 MB of memory in use
Info: Startup phase 9 took 1.7422e-05 s, 841.44 MB of memory in use
Info: Startup phase 10 took 8.996e-06 s, 841.44 MB of memory in use
Info: Startup phase 11 took 1.4233e-05 s, 841.44 MB of memory in use
LDB: Central LB being created...
Info: Startup phase 12 took 2.9008e-05 s, 841.44 MB of memory in use
Info: Startup phase 13 took 9.582e-06 s, 841.44 MB of memory in use
Info: Startup phase 14 took 8.588e-06 s, 841.44 MB of memory in use
Info: Startup phase 15 took 8.335e-06 s, 841.44 MB of memory in use
Info: CREATING 965 COMPUTE OBJECTS
Info: Startup phase 16 took 0.00143005 s, 841.44 MB of memory in use
Info: Startup phase 17 took 3.3216e-05 s, 841.44 MB of memory in use
Info: Startup phase 18 took 9.5218e-05 s, 841.44 MB of memory in use
Info: Finished startup at 25.1681 s, 841.44 MB of memory in use

PRESSURE: 0 399.797 -15.4087 -405.43 -15.4087 553.844 -114.71 -405.43 -114.71 -462.336
GPRESSURE: 0 498.07 -72.4378 -366 120.203 487.285 -44.6337 -152.313 24.464 -419.405
ETITLE:      TS           BOND          ANGLE          DIHED          IMPRP               ELECT            VDW       BOUNDARY           MISC        KINETIC               TOTAL           TEMP      POTENTIAL         TOTAL3        TEMPAVG            PRESSURE      GPRESSURE         VOLUME       PRESSAVG      GPRESSAVG

ENERGY:       0      1542.6975      8858.5252      5661.9505        77.4563         -61588.9625     -1163.2427         0.0000         0.0000     18117.2479         -28494.3278       292.4088    -46611.5757    -28350.6058       292.4088            163.7683       188.6496    263726.8627       163.7683       188.6496

OPENING EXTENDED SYSTEM TRAJECTORY FILE
LDB: ============= START OF LOAD BALANCING ============== 26.9285
LDB: ============== END OF LOAD BALANCING =============== 26.9285
LDB: =============== DONE WITH MIGRATION ================ 26.9285
OPENING COORDINATE DCD FILE
WRITING COORDINATES TO DCD FILE NVT.dcd AT STEP 10
The last position output (seq=10) takes 0.001 seconds, 841.440 MB of memory in use
WRITING COORDINATES TO DCD FILE NVT.dcd AT STEP 20
The last position output (seq=20) takes 0.000 seconds, 841.440 MB of memory in use
WRITING COORDINATES TO DCD FILE NVT.dcd AT STEP 30
The last position output (seq=30) takes 0.000 seconds, 841.440 MB of memory in use
WRITING COORDINATES TO DCD FILE NVT.dcd AT STEP 40
The last position output (seq=40) takes 0.001 seconds, 841.440 MB of memory in use
LDB: ============= START OF LOAD BALANCING ============== 33.6474
LDB: ============== END OF LOAD BALANCING =============== 33.6475
LDB: =============== DONE WITH MIGRATION ================ 33.6476
Info: Initial time: 1 CPUs 0.167923 s/step 0.971774 days/ns 841.44 MB memory
WRITING COORDINATES TO DCD FILE NVT.dcd AT STEP 50
The last position output (seq=50) takes 0.000 seconds, 841.440 MB of memory in use
LDB: ============= START OF LOAD BALANCING ============== 35.3184
LDB: ============== END OF LOAD BALANCING =============== 35.3184
LDB: =============== DONE WITH MIGRATION ================ 35.3184
WRITING COORDINATES TO DCD FILE NVT.dcd AT STEP 60
The last position output (seq=60) takes 0.000 seconds, 841.440 MB of memory in use
WRITING COORDINATES TO DCD FILE NVT.dcd AT STEP 70
The last position output (seq=70) takes 0.001 seconds, 841.440 MB of memory in use
WRITING COORDINATES TO DCD FILE NVT.dcd AT STEP 80
The last position output (seq=80) takes 0.000 seconds, 841.440 MB of memory in use
WRITING COORDINATES TO DCD FILE NVT.dcd AT STEP 90
The last position output (seq=90) takes 0.000 seconds, 841.440 MB of memory in use
LDB: ============= START OF LOAD BALANCING ============== 41.9987
LDB: ============== END OF LOAD BALANCING =============== 41.9988
LDB: =============== DONE WITH MIGRATION ================ 41.9988
Info: Initial time: 1 CPUs 0.166988 s/step 0.966367 days/ns 841.44 MB memory
WRITING COORDINATES TO DCD FILE NVT.dcd AT STEP 100
The last position output (seq=100) takes 0.000 seconds, 841.440 MB of memory in use
WRITING COORDINATES TO DCD FILE NVT.dcd AT STEP 110
WRITING COORDINATES TO DCD FILE NVT.dcd AT STEP 120
WRITING COORDINATES TO DCD FILE NVT.dcd AT STEP 130
WRITING COORDINATES TO DCD FILE NVT.dcd AT STEP 140
LDB: ============= START OF LOAD BALANCING ============== 50.3204
LDB: ============== END OF LOAD BALANCING =============== 50.3204
LDB: =============== DONE WITH MIGRATION ================ 50.3205
Info: Initial time: 1 CPUs 0.166409 s/step 0.963013 days/ns 841.44 MB memory
WRITING COORDINATES TO DCD FILE NVT.dcd AT STEP 150
WRITING COORDINATES TO DCD FILE NVT.dcd AT STEP 160
WRITING COORDINATES TO DCD FILE NVT.dcd AT STEP 170
WRITING COORDINATES TO DCD FILE NVT.dcd AT STEP 180
WRITING COORDINATES TO DCD FILE NVT.dcd AT STEP 190
LDB: ============= START OF LOAD BALANCING ============== 58.6236
LDB: ============== END OF LOAD BALANCING =============== 58.6237
LDB: =============== DONE WITH MIGRATION ================ 58.6237
Info: Benchmark time: 1 CPUs 0.166048 s/step 0.960928 days/ns 841.44 MB memory
WRITING COORDINATES TO DCD FILE NVT.dcd AT STEP 200
WRITING COORDINATES TO DCD FILE NVT.dcd AT STEP 210
WRITING COORDINATES TO DCD FILE NVT.dcd AT STEP 220
WRITING COORDINATES TO DCD FILE NVT.dcd AT STEP 230
WRITING COORDINATES TO DCD FILE NVT.dcd AT STEP 240
Info: Benchmark time: 1 CPUs 0.165703 s/step 0.958928 days/ns 841.44 MB memory
WRITING COORDINATES TO DCD FILE NVT.dcd AT STEP 250
WRITING COORDINATES TO DCD FILE NVT.dcd AT STEP 260
WRITING COORDINATES TO DCD FILE NVT.dcd AT STEP 270
WRITING COORDINATES TO DCD FILE NVT.dcd AT STEP 280
WRITING COORDINATES TO DCD FILE NVT.dcd AT STEP 290
Info: Benchmark time: 1 CPUs 0.165548 s/step 0.95803 days/ns 841.44 MB memory
WRITING COORDINATES TO DCD FILE NVT.dcd AT STEP 300
WRITING COORDINATES TO DCD FILE NVT.dcd AT STEP 310
WRITING COORDINATES TO DCD FILE NVT.dcd AT STEP 320
WRITING COORDINATES TO DCD FILE NVT.dcd AT STEP 330
WRITING COORDINATES TO DCD FILE NVT.dcd AT STEP 340
Info: Benchmark time: 1 CPUs 0.165561 s/step 0.958107 days/ns 841.44 MB memory
WRITING COORDINATES TO DCD FILE NVT.dcd AT STEP 350
WRITING COORDINATES TO DCD FILE NVT.dcd AT STEP 360
WRITING COORDINATES TO DCD FILE NVT.dcd AT STEP 370
WRITING COORDINATES TO DCD FILE NVT.dcd AT STEP 380
WRITING COORDINATES TO DCD FILE NVT.dcd AT STEP 390
Info: Benchmark time: 1 CPUs 0.1656 s/step 0.958334 days/ns 841.44 MB memory
WRITING COORDINATES TO DCD FILE NVT.dcd AT STEP 400
WRITING COORDINATES TO DCD FILE NVT.dcd AT STEP 410
WRITING COORDINATES TO DCD FILE NVT.dcd AT STEP 420
WRITING COORDINATES TO DCD FILE NVT.dcd AT STEP 430
WRITING COORDINATES TO DCD FILE NVT.dcd AT STEP 440
Info: Benchmark time: 1 CPUs 0.165893 s/step 0.960028 days/ns 841.44 MB memory
WRITING COORDINATES TO DCD FILE NVT.dcd AT STEP 450
WRITING COORDINATES TO DCD FILE NVT.dcd AT STEP 460
WRITING COORDINATES TO DCD FILE NVT.dcd AT STEP 470
WRITING COORDINATES TO DCD FILE NVT.dcd AT STEP 480
WRITING COORDINATES TO DCD FILE NVT.dcd AT STEP 490
WRITING COORDINATES TO DCD FILE NVT.dcd AT STEP 500
WRITING COORDINATES TO DCD FILE NVT.dcd AT STEP 510
WRITING COORDINATES TO DCD FILE NVT.dcd AT STEP 520
WRITING COORDINATES TO DCD FILE NVT.dcd AT STEP 530
WRITING COORDINATES TO DCD FILE NVT.dcd AT STEP 540
WRITING COORDINATES TO DCD FILE NVT.dcd AT STEP 550
WRITING COORDINATES TO DCD FILE NVT.dcd AT STEP 560
WRITING COORDINATES TO DCD FILE NVT.dcd AT STEP 570
WRITING COORDINATES TO DCD FILE NVT.dcd AT STEP 580
WRITING COORDINATES TO DCD FILE NVT.dcd AT STEP 590
WRITING COORDINATES TO DCD FILE NVT.dcd AT STEP 600
WRITING COORDINATES TO DCD FILE NVT.dcd AT STEP 610
WRITING COORDINATES TO DCD FILE NVT.dcd AT STEP 620
WRITING COORDINATES TO DCD FILE NVT.dcd AT STEP 630
WRITING COORDINATES TO DCD FILE NVT.dcd AT STEP 640
WRITING COORDINATES TO DCD FILE NVT.dcd AT STEP 650
WRITING COORDINATES TO DCD FILE NVT.dcd AT STEP 660
WRITING COORDINATES TO DCD FILE NVT.dcd AT STEP 670
WRITING COORDINATES TO DCD FILE NVT.dcd AT STEP 680
WRITING COORDINATES TO DCD FILE NVT.dcd AT STEP 690
WRITING COORDINATES TO DCD FILE NVT.dcd AT STEP 700
WRITING COORDINATES TO DCD FILE NVT.dcd AT STEP 710
WRITING COORDINATES TO DCD FILE NVT.dcd AT STEP 720
WRITING COORDINATES TO DCD FILE NVT.dcd AT STEP 730
WRITING COORDINATES TO DCD FILE NVT.dcd AT STEP 740
WRITING COORDINATES TO DCD FILE NVT.dcd AT STEP 750
WRITING COORDINATES TO DCD FILE NVT.dcd AT STEP 760
WRITING COORDINATES TO DCD FILE NVT.dcd AT STEP 770
WRITING COORDINATES TO DCD FILE NVT.dcd AT STEP 780
WRITING COORDINATES TO DCD FILE NVT.dcd AT STEP 790
WRITING COORDINATES TO DCD FILE NVT.dcd AT STEP 800
WRITING COORDINATES TO DCD FILE NVT.dcd AT STEP 810
WRITING COORDINATES TO DCD FILE NVT.dcd AT STEP 820
WRITING COORDINATES TO DCD FILE NVT.dcd AT STEP 830
WRITING COORDINATES TO DCD FILE NVT.dcd AT STEP 840
WRITING COORDINATES TO DCD FILE NVT.dcd AT STEP 850
WRITING COORDINATES TO DCD FILE NVT.dcd AT STEP 860
WRITING COORDINATES TO DCD FILE NVT.dcd AT STEP 870
WRITING COORDINATES TO DCD FILE NVT.dcd AT STEP 880
WRITING COORDINATES TO DCD FILE NVT.dcd AT STEP 890
WRITING COORDINATES TO DCD FILE NVT.dcd AT STEP 900
WRITING COORDINATES TO DCD FILE NVT.dcd AT STEP 910
WRITING COORDINATES TO DCD FILE NVT.dcd AT STEP 920
WRITING COORDINATES TO DCD FILE NVT.dcd AT STEP 930
WRITING COORDINATES TO DCD FILE NVT.dcd AT STEP 940
WRITING COORDINATES TO DCD FILE NVT.dcd AT STEP 950
WRITING COORDINATES TO DCD FILE NVT.dcd AT STEP 960
WRITING COORDINATES TO DCD FILE NVT.dcd AT STEP 970
WRITING COORDINATES TO DCD FILE NVT.dcd AT STEP 980
WRITING COORDINATES TO DCD FILE NVT.dcd AT STEP 990
PRESSURE: 1000 322.08 -88.2421 150.062 -88.2421 137.878 433.742 150.062 433.742 -61.1489
GPRESSURE: 1000 206.942 -128.273 81.7365 136.141 292.966 258.974 502.861 443.379 -65.2461
PRESSAVG: 1000 32.2703 52.8862 19.3979 52.8862 40.5415 -21.517 19.3979 -21.517 91.18
GPRESSAVG: 1000 32.014 52.0231 18.8154 53.2225 41.1017 -21.0383 19.9742 -20.9772 91.1196
ENERGY:    1000      1548.0018      9131.1498      5622.4082        75.7915         -61417.7079     -1263.9718         0.0000         0.0000     18198.7251         -28105.6033       293.7238    -46304.3284    -27964.3951       293.0492            132.9366       144.8873    263726.8627        54.6639        54.7451

WRITING COORDINATES TO DCD FILE NVT.dcd AT STEP 1000
WRITING COORDINATES TO DCD FILE NVT.dcd AT STEP 1010
WRITING COORDINATES TO DCD FILE NVT.dcd AT STEP 1020
WRITING COORDINATES TO DCD FILE NVT.dcd AT STEP 1030
WRITING COORDINATES TO DCD FILE NVT.dcd AT STEP 1040
WRITING COORDINATES TO DCD FILE NVT.dcd AT STEP 1050
WRITING COORDINATES TO DCD FILE NVT.dcd AT STEP 1060
WRITING COORDINATES TO DCD FILE NVT.dcd AT STEP 1070
WRITING COORDINATES TO DCD FILE NVT.dcd AT STEP 1080
WRITING COORDINATES TO DCD FILE NVT.dcd AT STEP 1090
WRITING COORDINATES TO DCD FILE NVT.dcd AT STEP 1100
WRITING COORDINATES TO DCD FILE NVT.dcd AT STEP 1110
WRITING COORDINATES TO DCD FILE NVT.dcd AT STEP 1120
WRITING COORDINATES TO DCD FILE NVT.dcd AT STEP 1130
WRITING COORDINATES TO DCD FILE NVT.dcd AT STEP 1140
WRITING COORDINATES TO DCD FILE NVT.dcd AT STEP 1150
WRITING COORDINATES TO DCD FILE NVT.dcd AT STEP 1160
WRITING COORDINATES TO DCD FILE NVT.dcd AT STEP 1170
WRITING COORDINATES TO DCD FILE NVT.dcd AT STEP 1180
WRITING COORDINATES TO DCD FILE NVT.dcd AT STEP 1190
WRITING COORDINATES TO DCD FILE NVT.dcd AT STEP 1200
WRITING COORDINATES TO DCD FILE NVT.dcd AT STEP 1210
WRITING COORDINATES TO DCD FILE NVT.dcd AT STEP 1220
WRITING COORDINATES TO DCD FILE NVT.dcd AT STEP 1230
WRITING COORDINATES TO DCD FILE NVT.dcd AT STEP 1240
WRITING COORDINATES TO DCD FILE NVT.dcd AT STEP 1250
WRITING COORDINATES TO DCD FILE NVT.dcd AT STEP 1260
WRITING COORDINATES TO DCD FILE NVT.dcd AT STEP 1270
WRITING COORDINATES TO DCD FILE NVT.dcd AT STEP 1280
WRITING COORDINATES TO DCD FILE NVT.dcd AT STEP 1290
WRITING COORDINATES TO DCD FILE NVT.dcd AT STEP 1300
WRITING COORDINATES TO DCD FILE NVT.dcd AT STEP 1310
WRITING COORDINATES TO DCD FILE NVT.dcd AT STEP 1320
WRITING COORDINATES TO DCD FILE NVT.dcd AT STEP 1330
WRITING COORDINATES TO DCD FILE NVT.dcd AT STEP 1340
WRITING COORDINATES TO DCD FILE NVT.dcd AT STEP 1350
WRITING COORDINATES TO DCD FILE NVT.dcd AT STEP 1360
WRITING COORDINATES TO DCD FILE NVT.dcd AT STEP 1370
WRITING COORDINATES TO DCD FILE NVT.dcd AT STEP 1380
WRITING COORDINATES TO DCD FILE NVT.dcd AT STEP 1390
WRITING COORDINATES TO DCD FILE NVT.dcd AT STEP 1400
WRITING COORDINATES TO DCD FILE NVT.dcd AT STEP 1410
WRITING COORDINATES TO DCD FILE NVT.dcd AT STEP 1420
WRITING COORDINATES TO DCD FILE NVT.dcd AT STEP 1430
WRITING COORDINATES TO DCD FILE NVT.dcd AT STEP 1440
WRITING COORDINATES TO DCD FILE NVT.dcd AT STEP 1450
WRITING COORDINATES TO DCD FILE NVT.dcd AT STEP 1460
WRITING COORDINATES TO DCD FILE NVT.dcd AT STEP 1470
WRITING COORDINATES TO DCD FILE NVT.dcd AT STEP 1480
WRITING COORDINATES TO DCD FILE NVT.dcd AT STEP 1490
WRITING COORDINATES TO DCD FILE NVT.dcd AT STEP 1500
WRITING COORDINATES TO DCD FILE NVT.dcd AT STEP 1510
WRITING COORDINATES TO DCD FILE NVT.dcd AT STEP 1520
WRITING COORDINATES TO DCD FILE NVT.dcd AT STEP 1530
WRITING COORDINATES TO DCD FILE NVT.dcd AT STEP 1540
WRITING COORDINATES TO DCD FILE NVT.dcd AT STEP 1550
WRITING COORDINATES TO DCD FILE NVT.dcd AT STEP 1560
WRITING COORDINATES TO DCD FILE NVT.dcd AT STEP 1570
WRITING COORDINATES TO DCD FILE NVT.dcd AT STEP 1580
WRITING COORDINATES TO DCD FILE NVT.dcd AT STEP 1590
WRITING COORDINATES TO DCD FILE NVT.dcd AT STEP 1600
WRITING COORDINATES TO DCD FILE NVT.dcd AT STEP 1610
WRITING COORDINATES TO DCD FILE NVT.dcd AT STEP 1620
WRITING COORDINATES TO DCD FILE NVT.dcd AT STEP 1630
WRITING COORDINATES TO DCD FILE NVT.dcd AT STEP 1640
WRITING COORDINATES TO DCD FILE NVT.dcd AT STEP 1650
WRITING COORDINATES TO DCD FILE NVT.dcd AT STEP 1660
WRITING COORDINATES TO DCD FILE NVT.dcd AT STEP 1670
WRITING COORDINATES TO DCD FILE NVT.dcd AT STEP 1680
WRITING COORDINATES TO DCD FILE NVT.dcd AT STEP 1690
WRITING COORDINATES TO DCD FILE NVT.dcd AT STEP 1700
WRITING COORDINATES TO DCD FILE NVT.dcd AT STEP 1710
WRITING COORDINATES TO DCD FILE NVT.dcd AT STEP 1720
WRITING COORDINATES TO DCD FILE NVT.dcd AT STEP 1730
WRITING COORDINATES TO DCD FILE NVT.dcd AT STEP 1740
WRITING COORDINATES TO DCD FILE NVT.dcd AT STEP 1750
WRITING COORDINATES TO DCD FILE NVT.dcd AT STEP 1760
WRITING COORDINATES TO DCD FILE NVT.dcd AT STEP 1770
WRITING COORDINATES TO DCD FILE NVT.dcd AT STEP 1780
WRITING COORDINATES TO DCD FILE NVT.dcd AT STEP 1790
WRITING COORDINATES TO DCD FILE NVT.dcd AT STEP 1800
WRITING COORDINATES TO DCD FILE NVT.dcd AT STEP 1810
WRITING COORDINATES TO DCD FILE NVT.dcd AT STEP 1820
WRITING COORDINATES TO DCD FILE NVT.dcd AT STEP 1830
WRITING COORDINATES TO DCD FILE NVT.dcd AT STEP 1840
WRITING COORDINATES TO DCD FILE NVT.dcd AT STEP 1850
WRITING COORDINATES TO DCD FILE NVT.dcd AT STEP 1860
WRITING COORDINATES TO DCD FILE NVT.dcd AT STEP 1870
WRITING COORDINATES TO DCD FILE NVT.dcd AT STEP 1880
WRITING COORDINATES TO DCD FILE NVT.dcd AT STEP 1890
WRITING COORDINATES TO DCD FILE NVT.dcd AT STEP 1900
WRITING COORDINATES TO DCD FILE NVT.dcd AT STEP 1910
WRITING COORDINATES TO DCD FILE NVT.dcd AT STEP 1920
WRITING COORDINATES TO DCD FILE NVT.dcd AT STEP 1930
WRITING COORDINATES TO DCD FILE NVT.dcd AT STEP 1940
WRITING COORDINATES TO DCD FILE NVT.dcd AT STEP 1950
WRITING COORDINATES TO DCD FILE NVT.dcd AT STEP 1960
WRITING COORDINATES TO DCD FILE NVT.dcd AT STEP 1970
WRITING COORDINATES TO DCD FILE NVT.dcd AT STEP 1980
WRITING COORDINATES TO DCD FILE NVT.dcd AT STEP 1990
PRESSURE: 2000 259.158 58.0016 -658.761 58.0016 76.2611 81.2502 -658.761 81.2502 748.58
GPRESSURE: 2000 209.383 91.0605 -683.302 86.7768 186.511 117.94 -533.138 40.5545 710.424
PRESSAVG: 2000 135.4 6.69952 32.2676 6.69952 124.127 -25.5146 32.2676 -25.5146 171.948
GPRESSAVG: 2000 136.175 7.37822 32.4084 6.81618 122.962 -25.6613 31.5483 -25.5971 172.15
ENERGY:    2000      1507.8678      9086.8398      5649.0912        70.9201         -61459.1773     -1240.7951         0.0000         0.0000     18094.1793         -28291.0741       292.0365    -46385.2534    -28150.1908       295.1078            361.3332       368.7726    263726.8627       143.8251       143.7625

WRITING COORDINATES TO DCD FILE NVT.dcd AT STEP 2000
WRITING COORDINATES TO DCD FILE NVT.dcd AT STEP 2010
WRITING COORDINATES TO DCD FILE NVT.dcd AT STEP 2020
WRITING COORDINATES TO DCD FILE NVT.dcd AT STEP 2030
WRITING COORDINATES TO DCD FILE NVT.dcd AT STEP 2040
WRITING COORDINATES TO DCD FILE NVT.dcd AT STEP 2050
WRITING COORDINATES TO DCD FILE NVT.dcd AT STEP 2060
WRITING COORDINATES TO DCD FILE NVT.dcd AT STEP 2070
WRITING COORDINATES TO DCD FILE NVT.dcd AT STEP 2080
WRITING COORDINATES TO DCD FILE NVT.dcd AT STEP 2090
WRITING COORDINATES TO DCD FILE NVT.dcd AT STEP 2100
WRITING COORDINATES TO DCD FILE NVT.dcd AT STEP 2110
WRITING COORDINATES TO DCD FILE NVT.dcd AT STEP 2120
WRITING COORDINATES TO DCD FILE NVT.dcd AT STEP 2130
WRITING COORDINATES TO DCD FILE NVT.dcd AT STEP 2140
LDB: ============= START OF LOAD BALANCING ============== 382.899
LDB: ============== END OF LOAD BALANCING =============== 382.899
LDB: =============== DONE WITH MIGRATION ================ 382.899
WRITING COORDINATES TO DCD FILE NVT.dcd AT STEP 2150
WRITING COORDINATES TO DCD FILE NVT.dcd AT STEP 2160
WRITING COORDINATES TO DCD FILE NVT.dcd AT STEP 2170
WRITING COORDINATES TO DCD FILE NVT.dcd AT STEP 2180
WRITING COORDINATES TO DCD FILE NVT.dcd AT STEP 2190
LDB: ============= START OF LOAD BALANCING ============== 391.229
LDB: ============== END OF LOAD BALANCING =============== 391.229
LDB: =============== DONE WITH MIGRATION ================ 391.229
WRITING COORDINATES TO DCD FILE NVT.dcd AT STEP 2200
WRITING COORDINATES TO DCD FILE NVT.dcd AT STEP 2210
WRITING COORDINATES TO DCD FILE NVT.dcd AT STEP 2220
WRITING COORDINATES TO DCD FILE NVT.dcd AT STEP 2230
WRITING COORDINATES TO DCD FILE NVT.dcd AT STEP 2240
WRITING COORDINATES TO DCD FILE NVT.dcd AT STEP 2250
WRITING COORDINATES TO DCD FILE NVT.dcd AT STEP 2260
WRITING COORDINATES TO DCD FILE NVT.dcd AT STEP 2270
WRITING COORDINATES TO DCD FILE NVT.dcd AT STEP 2280
WRITING COORDINATES TO DCD FILE NVT.dcd AT STEP 2290
WRITING COORDINATES TO DCD FILE NVT.dcd AT STEP 2300
WRITING COORDINATES TO DCD FILE NVT.dcd AT STEP 2310
WRITING COORDINATES TO DCD FILE NVT.dcd AT STEP 2320
WRITING COORDINATES TO DCD FILE NVT.dcd AT STEP 2330
WRITING COORDINATES TO DCD FILE NVT.dcd AT STEP 2340
WRITING COORDINATES TO DCD FILE NVT.dcd AT STEP 2350
WRITING COORDINATES TO DCD FILE NVT.dcd AT STEP 2360
WRITING COORDINATES TO DCD FILE NVT.dcd AT STEP 2370
WRITING COORDINATES TO DCD FILE NVT.dcd AT STEP 2380
WRITING COORDINATES TO DCD FILE NVT.dcd AT STEP 2390
WRITING COORDINATES TO DCD FILE NVT.dcd AT STEP 2400
WRITING COORDINATES TO DCD FILE NVT.dcd AT STEP 2410
WRITING COORDINATES TO DCD FILE NVT.dcd AT STEP 2420
WRITING COORDINATES TO DCD FILE NVT.dcd AT STEP 2430
WRITING COORDINATES TO DCD FILE NVT.dcd AT STEP 2440
WRITING COORDINATES TO DCD FILE NVT.dcd AT STEP 2450
WRITING COORDINATES TO DCD FILE NVT.dcd AT STEP 2460
WRITING COORDINATES TO DCD FILE NVT.dcd AT STEP 2470
WRITING COORDINATES TO DCD FILE NVT.dcd AT STEP 2480
WRITING COORDINATES TO DCD FILE NVT.dcd AT STEP 2490
WRITING COORDINATES TO DCD FILE NVT.dcd AT STEP 2500
WRITING COORDINATES TO DCD FILE NVT.dcd AT STEP 2510
WRITING COORDINATES TO DCD FILE NVT.dcd AT STEP 2520
WRITING COORDINATES TO DCD FILE NVT.dcd AT STEP 2530
WRITING COORDINATES TO DCD FILE NVT.dcd AT STEP 2540
WRITING COORDINATES TO DCD FILE NVT.dcd AT STEP 2550
WRITING COORDINATES TO DCD FILE NVT.dcd AT STEP 2560
WRITING COORDINATES TO DCD FILE NVT.dcd AT STEP 2570
WRITING COORDINATES TO DCD FILE NVT.dcd AT STEP 2580
WRITING COORDINATES TO DCD FILE NVT.dcd AT STEP 2590
WRITING COORDINATES TO DCD FILE NVT.dcd AT STEP 2600
WRITING COORDINATES TO DCD FILE NVT.dcd AT STEP 2610
WRITING COORDINATES TO DCD FILE NVT.dcd AT STEP 2620
WRITING COORDINATES TO DCD FILE NVT.dcd AT STEP 2630
WRITING COORDINATES TO DCD FILE NVT.dcd AT STEP 2640
WRITING COORDINATES TO DCD FILE NVT.dcd AT STEP 2650
WRITING COORDINATES TO DCD FILE NVT.dcd AT STEP 2660
WRITING COORDINATES TO DCD FILE NVT.dcd AT STEP 2670
WRITING COORDINATES TO DCD FILE NVT.dcd AT STEP 2680
WRITING COORDINATES TO DCD FILE NVT.dcd AT STEP 2690
WRITING COORDINATES TO DCD FILE NVT.dcd AT STEP 2700
WRITING COORDINATES TO DCD FILE NVT.dcd AT STEP 2710
WRITING COORDINATES TO DCD FILE NVT.dcd AT STEP 2720
WRITING COORDINATES TO DCD FILE NVT.dcd AT STEP 2730
WRITING COORDINATES TO DCD FILE NVT.dcd AT STEP 2740
WRITING COORDINATES TO DCD FILE NVT.dcd AT STEP 2750
WRITING COORDINATES TO DCD FILE NVT.dcd AT STEP 2760
WRITING COORDINATES TO DCD FILE NVT.dcd AT STEP 2770
WRITING COORDINATES TO DCD FILE NVT.dcd AT STEP 2780
WRITING COORDINATES TO DCD FILE NVT.dcd AT STEP 2790
WRITING COORDINATES TO DCD FILE NVT.dcd AT STEP 2800
WRITING COORDINATES TO DCD FILE NVT.dcd AT STEP 2810
WRITING COORDINATES TO DCD FILE NVT.dcd AT STEP 2820
WRITING COORDINATES TO DCD FILE NVT.dcd AT STEP 2830
WRITING COORDINATES TO DCD FILE NVT.dcd AT STEP 2840
WRITING COORDINATES TO DCD FILE NVT.dcd AT STEP 2850
WRITING COORDINATES TO DCD FILE NVT.dcd AT STEP 2860
WRITING COORDINATES TO DCD FILE NVT.dcd AT STEP 2870
WRITING COORDINATES TO DCD FILE NVT.dcd AT STEP 2880
WRITING COORDINATES TO DCD FILE NVT.dcd AT STEP 2890
WRITING COORDINATES TO DCD FILE NVT.dcd AT STEP 2900
WRITING COORDINATES TO DCD FILE NVT.dcd AT STEP 2910
WRITING COORDINATES TO DCD FILE NVT.dcd AT STEP 2920
WRITING COORDINATES TO DCD FILE NVT.dcd AT STEP 2930
WRITING COORDINATES TO DCD FILE NVT.dcd AT STEP 2940
WRITING COORDINATES TO DCD FILE NVT.dcd AT STEP 2950
WRITING COORDINATES TO DCD FILE NVT.dcd AT STEP 2960
WRITING COORDINATES TO DCD FILE NVT.dcd AT STEP 2970
WRITING COORDINATES TO DCD FILE NVT.dcd AT STEP 2980
WRITING COORDINATES TO DCD FILE NVT.dcd AT STEP 2990
PRESSURE: 3000 -172.45 -11.114 -392.232 -11.114 -108.742 -292.624 -392.232 -292.624 263.584
GPRESSURE: 3000 -119.7 74.152 -512.739 -96.0359 -13.1991 -277.556 -502.994 -209.26 198.07
PRESSAVG: 3000 -12.2618 67.3884 -9.42089 67.3884 56.8332 -21.0562 -9.42089 -21.0562 66.9196
GPRESSAVG: 3000 -13.2279 67.6967 -9.85841 67.0317 57.5953 -20.837 -9.90981 -21.2131 66.731
ENERGY:    3000      1506.6893      9058.0868      5641.5024        64.2309         -61571.0008     -1346.8014         0.0000         0.0000     18059.1363         -28588.1563       291.4709    -46647.2926    -28440.2227       291.8732             -5.8695        21.7239    263726.8627        37.1637        37.0328

WRITING COORDINATES TO DCD FILE NVT.dcd AT STEP 3000
WRITING COORDINATES TO DCD FILE NVT.dcd AT STEP 3010
WRITING COORDINATES TO DCD FILE NVT.dcd AT STEP 3020
WRITING COORDINATES TO DCD FILE NVT.dcd AT STEP 3030
WRITING COORDINATES TO DCD FILE NVT.dcd AT STEP 3040
WRITING COORDINATES TO DCD FILE NVT.dcd AT STEP 3050
WRITING COORDINATES TO DCD FILE NVT.dcd AT STEP 3060
WRITING COORDINATES TO DCD FILE NVT.dcd AT STEP 3070
WRITING COORDINATES TO DCD FILE NVT.dcd AT STEP 3080
WRITING COORDINATES TO DCD FILE NVT.dcd AT STEP 3090
WRITING COORDINATES TO DCD FILE NVT.dcd AT STEP 3100
WRITING COORDINATES TO DCD FILE NVT.dcd AT STEP 3110
WRITING COORDINATES TO DCD FILE NVT.dcd AT STEP 3120
WRITING COORDINATES TO DCD FILE NVT.dcd AT STEP 3130
WRITING COORDINATES TO DCD FILE NVT.dcd AT STEP 3140
WRITING COORDINATES TO DCD FILE NVT.dcd AT STEP 3150
WRITING COORDINATES TO DCD FILE NVT.dcd AT STEP 3160
WRITING COORDINATES TO DCD FILE NVT.dcd AT STEP 3170
WRITING COORDINATES TO DCD FILE NVT.dcd AT STEP 3180
WRITING COORDINATES TO DCD FILE NVT.dcd AT STEP 3190
WRITING COORDINATES TO DCD FILE NVT.dcd AT STEP 3200
WRITING COORDINATES TO DCD FILE NVT.dcd AT STEP 3210
WRITING COORDINATES TO DCD FILE NVT.dcd AT STEP 3220
WRITING COORDINATES TO DCD FILE NVT.dcd AT STEP 3230
WRITING COORDINATES TO DCD FILE NVT.dcd AT STEP 3240
WRITING COORDINATES TO DCD FILE NVT.dcd AT STEP 3250
WRITING COORDINATES TO DCD FILE NVT.dcd AT STEP 3260
WRITING COORDINATES TO DCD FILE NVT.dcd AT STEP 3270
WRITING COORDINATES TO DCD FILE NVT.dcd AT STEP 3280
WRITING COORDINATES TO DCD FILE NVT.dcd AT STEP 3290
WRITING COORDINATES TO DCD FILE NVT.dcd AT STEP 3300
WRITING COORDINATES TO DCD FILE NVT.dcd AT STEP 3310
WRITING COORDINATES TO DCD FILE NVT.dcd AT STEP 3320
WRITING COORDINATES TO DCD FILE NVT.dcd AT STEP 3330
WRITING COORDINATES TO DCD FILE NVT.dcd AT STEP 3340
WRITING COORDINATES TO DCD FILE NVT.dcd AT STEP 3350
WRITING COORDINATES TO DCD FILE NVT.dcd AT STEP 3360
WRITING COORDINATES TO DCD FILE NVT.dcd AT STEP 3370
WRITING COORDINATES TO DCD FILE NVT.dcd AT STEP 3380
WRITING COORDINATES TO DCD FILE NVT.dcd AT STEP 3390
WRITING COORDINATES TO DCD FILE NVT.dcd AT STEP 3400
WRITING COORDINATES TO DCD FILE NVT.dcd AT STEP 3410
WRITING COORDINATES TO DCD FILE NVT.dcd AT STEP 3420
WRITING COORDINATES TO DCD FILE NVT.dcd AT STEP 3430
WRITING COORDINATES TO DCD FILE NVT.dcd AT STEP 3440
WRITING COORDINATES TO DCD FILE NVT.dcd AT STEP 3450
WRITING COORDINATES TO DCD FILE NVT.dcd AT STEP 3460
WRITING COORDINATES TO DCD FILE NVT.dcd AT STEP 3470
WRITING COORDINATES TO DCD FILE NVT.dcd AT STEP 3480
WRITING COORDINATES TO DCD FILE NVT.dcd AT STEP 3490
WRITING COORDINATES TO DCD FILE NVT.dcd AT STEP 3500
WRITING COORDINATES TO DCD FILE NVT.dcd AT STEP 3510
WRITING COORDINATES TO DCD FILE NVT.dcd AT STEP 3520
WRITING COORDINATES TO DCD FILE NVT.dcd AT STEP 3530
WRITING COORDINATES TO DCD FILE NVT.dcd AT STEP 3540
WRITING COORDINATES TO DCD FILE NVT.dcd AT STEP 3550
WRITING COORDINATES TO DCD FILE NVT.dcd AT STEP 3560
WRITING COORDINATES TO DCD FILE NVT.dcd AT STEP 3570
WRITING COORDINATES TO DCD FILE NVT.dcd AT STEP 3580
WRITING COORDINATES TO DCD FILE NVT.dcd AT STEP 3590
WRITING COORDINATES TO DCD FILE NVT.dcd AT STEP 3600
WRITING COORDINATES TO DCD FILE NVT.dcd AT STEP 3610
WRITING COORDINATES TO DCD FILE NVT.dcd AT STEP 3620
WRITING COORDINATES TO DCD FILE NVT.dcd AT STEP 3630
WRITING COORDINATES TO DCD FILE NVT.dcd AT STEP 3640
WRITING COORDINATES TO DCD FILE NVT.dcd AT STEP 3650
WRITING COORDINATES TO DCD FILE NVT.dcd AT STEP 3660
WRITING COORDINATES TO DCD FILE NVT.dcd AT STEP 3670
WRITING COORDINATES TO DCD FILE NVT.dcd AT STEP 3680
WRITING COORDINATES TO DCD FILE NVT.dcd AT STEP 3690
WRITING COORDINATES TO DCD FILE NVT.dcd AT STEP 3700
WRITING COORDINATES TO DCD FILE NVT.dcd AT STEP 3710
WRITING COORDINATES TO DCD FILE NVT.dcd AT STEP 3720
WRITING COORDINATES TO DCD FILE NVT.dcd AT STEP 3730
WRITING COORDINATES TO DCD FILE NVT.dcd AT STEP 3740
WRITING COORDINATES TO DCD FILE NVT.dcd AT STEP 3750
WRITING COORDINATES TO DCD FILE NVT.dcd AT STEP 3760
WRITING COORDINATES TO DCD FILE NVT.dcd AT STEP 3770
WRITING COORDINATES TO DCD FILE NVT.dcd AT STEP 3780
WRITING COORDINATES TO DCD FILE NVT.dcd AT STEP 3790
WRITING COORDINATES TO DCD FILE NVT.dcd AT STEP 3800
WRITING COORDINATES TO DCD FILE NVT.dcd AT STEP 3810
WRITING COORDINATES TO DCD FILE NVT.dcd AT STEP 3820
WRITING COORDINATES TO DCD FILE NVT.dcd AT STEP 3830
WRITING COORDINATES TO DCD FILE NVT.dcd AT STEP 3840
WRITING COORDINATES TO DCD FILE NVT.dcd AT STEP 3850
WRITING COORDINATES TO DCD FILE NVT.dcd AT STEP 3860
WRITING COORDINATES TO DCD FILE NVT.dcd AT STEP 3870
WRITING COORDINATES TO DCD FILE NVT.dcd AT STEP 3880
WRITING COORDINATES TO DCD FILE NVT.dcd AT STEP 3890
WRITING COORDINATES TO DCD FILE NVT.dcd AT STEP 3900
WRITING COORDINATES TO DCD FILE NVT.dcd AT STEP 3910
WRITING COORDINATES TO DCD FILE NVT.dcd AT STEP 3920
WRITING COORDINATES TO DCD FILE NVT.dcd AT STEP 3930
WRITING COORDINATES TO DCD FILE NVT.dcd AT STEP 3940
WRITING COORDINATES TO DCD FILE NVT.dcd AT STEP 3950
WRITING COORDINATES TO DCD FILE NVT.dcd AT STEP 3960
WRITING COORDINATES TO DCD FILE NVT.dcd AT STEP 3970
WRITING COORDINATES TO DCD FILE NVT.dcd AT STEP 3980
WRITING COORDINATES TO DCD FILE NVT.dcd AT STEP 3990
PRESSURE: 4000 -33.1834 41.7374 172.922 41.7374 -347.256 -4.49863 172.922 -4.49863 -186.06
GPRESSURE: 4000 133.758 -77.0482 143.845 181.263 -312.048 -27.6982 12.2582 -151.731 -294.514
PRESSAVG: 4000 41.6205 -47.7988 -63.1374 -47.7988 11.5503 -60.7261 -63.1374 -60.7261 92.4149
GPRESSAVG: 4000 42.5173 -48.2279 -62.9848 -47.1372 10.9219 -60.2805 -63.2999 -60.6043 92.0024
ENERGY:    4000      1514.3417      8888.4659      5649.4975        86.2325         -61163.7264     -1435.7552         0.0000         0.0000     17917.0915         -28543.8526       289.1783    -46460.9441    -28401.3597       291.6208           -188.8329      -157.6013    263726.8627        48.5285        48.4806

WRITING COORDINATES TO DCD FILE NVT.dcd AT STEP 4000
WRITING COORDINATES TO DCD FILE NVT.dcd AT STEP 4010
WRITING COORDINATES TO DCD FILE NVT.dcd AT STEP 4020
WRITING COORDINATES TO DCD FILE NVT.dcd AT STEP 4030
WRITING COORDINATES TO DCD FILE NVT.dcd AT STEP 4040
WRITING COORDINATES TO DCD FILE NVT.dcd AT STEP 4050
WRITING COORDINATES TO DCD FILE NVT.dcd AT STEP 4060
WRITING COORDINATES TO DCD FILE NVT.dcd AT STEP 4070
WRITING COORDINATES TO DCD FILE NVT.dcd AT STEP 4080
WRITING COORDINATES TO DCD FILE NVT.dcd AT STEP 4090
WRITING COORDINATES TO DCD FILE NVT.dcd AT STEP 4100
WRITING COORDINATES TO DCD FILE NVT.dcd AT STEP 4110
WRITING COORDINATES TO DCD FILE NVT.dcd AT STEP 4120
WRITING COORDINATES TO DCD FILE NVT.dcd AT STEP 4130
WRITING COORDINATES TO DCD FILE NVT.dcd AT STEP 4140
LDB: ============= START OF LOAD BALANCING ============== 716.121
LDB: ============== END OF LOAD BALANCING =============== 716.122
LDB: =============== DONE WITH MIGRATION ================ 716.122
WRITING COORDINATES TO DCD FILE NVT.dcd AT STEP 4150
WRITING COORDINATES TO DCD FILE NVT.dcd AT STEP 4160
WRITING COORDINATES TO DCD FILE NVT.dcd AT STEP 4170
WRITING COORDINATES TO DCD FILE NVT.dcd AT STEP 4180
WRITING COORDINATES TO DCD FILE NVT.dcd AT STEP 4190
LDB: ============= START OF LOAD BALANCING ============== 724.472
LDB: ============== END OF LOAD BALANCING =============== 724.472
LDB: =============== DONE WITH MIGRATION ================ 724.472
WRITING COORDINATES TO DCD FILE NVT.dcd AT STEP 4200
WRITING COORDINATES TO DCD FILE NVT.dcd AT STEP 4210
WRITING COORDINATES TO DCD FILE NVT.dcd AT STEP 4220
WRITING COORDINATES TO DCD FILE NVT.dcd AT STEP 4230
WRITING COORDINATES TO DCD FILE NVT.dcd AT STEP 4240
WRITING COORDINATES TO DCD FILE NVT.dcd AT STEP 4250
WRITING COORDINATES TO DCD FILE NVT.dcd AT STEP 4260
WRITING COORDINATES TO DCD FILE NVT.dcd AT STEP 4270
WRITING COORDINATES TO DCD FILE NVT.dcd AT STEP 4280
WRITING COORDINATES TO DCD FILE NVT.dcd AT STEP 4290
WRITING COORDINATES TO DCD FILE NVT.dcd AT STEP 4300
WRITING COORDINATES TO DCD FILE NVT.dcd AT STEP 4310
WRITING COORDINATES TO DCD FILE NVT.dcd AT STEP 4320
WRITING COORDINATES TO DCD FILE NVT.dcd AT STEP 4330
WRITING COORDINATES TO DCD FILE NVT.dcd AT STEP 4340
WRITING COORDINATES TO DCD FILE NVT.dcd AT STEP 4350
WRITING COORDINATES TO DCD FILE NVT.dcd AT STEP 4360
WRITING COORDINATES TO DCD FILE NVT.dcd AT STEP 4370
WRITING COORDINATES TO DCD FILE NVT.dcd AT STEP 4380
WRITING COORDINATES TO DCD FILE NVT.dcd AT STEP 4390
WRITING COORDINATES TO DCD FILE NVT.dcd AT STEP 4400
WRITING COORDINATES TO DCD FILE NVT.dcd AT STEP 4410
WRITING COORDINATES TO DCD FILE NVT.dcd AT STEP 4420
WRITING COORDINATES TO DCD FILE NVT.dcd AT STEP 4430
WRITING COORDINATES TO DCD FILE NVT.dcd AT STEP 4440
WRITING COORDINATES TO DCD FILE NVT.dcd AT STEP 4450
WRITING COORDINATES TO DCD FILE NVT.dcd AT STEP 4460
WRITING COORDINATES TO DCD FILE NVT.dcd AT STEP 4470
WRITING COORDINATES TO DCD FILE NVT.dcd AT STEP 4480
WRITING COORDINATES TO DCD FILE NVT.dcd AT STEP 4490
WRITING COORDINATES TO DCD FILE NVT.dcd AT STEP 4500
WRITING COORDINATES TO DCD FILE NVT.dcd AT STEP 4510
WRITING COORDINATES TO DCD FILE NVT.dcd AT STEP 4520
WRITING COORDINATES TO DCD FILE NVT.dcd AT STEP 4530
WRITING COORDINATES TO DCD FILE NVT.dcd AT STEP 4540
WRITING COORDINATES TO DCD FILE NVT.dcd AT STEP 4550
WRITING COORDINATES TO DCD FILE NVT.dcd AT STEP 4560
WRITING COORDINATES TO DCD FILE NVT.dcd AT STEP 4570
WRITING COORDINATES TO DCD FILE NVT.dcd AT STEP 4580
WRITING COORDINATES TO DCD FILE NVT.dcd AT STEP 4590
WRITING COORDINATES TO DCD FILE NVT.dcd AT STEP 4600
WRITING COORDINATES TO DCD FILE NVT.dcd AT STEP 4610
WRITING COORDINATES TO DCD FILE NVT.dcd AT STEP 4620
WRITING COORDINATES TO DCD FILE NVT.dcd AT STEP 4630
WRITING COORDINATES TO DCD FILE NVT.dcd AT STEP 4640
WRITING COORDINATES TO DCD FILE NVT.dcd AT STEP 4650
WRITING COORDINATES TO DCD FILE NVT.dcd AT STEP 4660
WRITING COORDINATES TO DCD FILE NVT.dcd AT STEP 4670
WRITING COORDINATES TO DCD FILE NVT.dcd AT STEP 4680
WRITING COORDINATES TO DCD FILE NVT.dcd AT STEP 4690
WRITING COORDINATES TO DCD FILE NVT.dcd AT STEP 4700
WRITING COORDINATES TO DCD FILE NVT.dcd AT STEP 4710
WRITING COORDINATES TO DCD FILE NVT.dcd AT STEP 4720
WRITING COORDINATES TO DCD FILE NVT.dcd AT STEP 4730
WRITING COORDINATES TO DCD FILE NVT.dcd AT STEP 4740
WRITING COORDINATES TO DCD FILE NVT.dcd AT STEP 4750
WRITING COORDINATES TO DCD FILE NVT.dcd AT STEP 4760
WRITING COORDINATES TO DCD FILE NVT.dcd AT STEP 4770
WRITING COORDINATES TO DCD FILE NVT.dcd AT STEP 4780
WRITING COORDINATES TO DCD FILE NVT.dcd AT STEP 4790
WRITING COORDINATES TO DCD FILE NVT.dcd AT STEP 4800
WRITING COORDINATES TO DCD FILE NVT.dcd AT STEP 4810
WRITING COORDINATES TO DCD FILE NVT.dcd AT STEP 4820
WRITING COORDINATES TO DCD FILE NVT.dcd AT STEP 4830
WRITING COORDINATES TO DCD FILE NVT.dcd AT STEP 4840
WRITING COORDINATES TO DCD FILE NVT.dcd AT STEP 4850
WRITING COORDINATES TO DCD FILE NVT.dcd AT STEP 4860
WRITING COORDINATES TO DCD FILE NVT.dcd AT STEP 4870
WRITING COORDINATES TO DCD FILE NVT.dcd AT STEP 4880
WRITING COORDINATES TO DCD FILE NVT.dcd AT STEP 4890
WRITING COORDINATES TO DCD FILE NVT.dcd AT STEP 4900
WRITING COORDINATES TO DCD FILE NVT.dcd AT STEP 4910
WRITING COORDINATES TO DCD FILE NVT.dcd AT STEP 4920
WRITING COORDINATES TO DCD FILE NVT.dcd AT STEP 4930
WRITING COORDINATES TO DCD FILE NVT.dcd AT STEP 4940
WRITING COORDINATES TO DCD FILE NVT.dcd AT STEP 4950
WRITING COORDINATES TO DCD FILE NVT.dcd AT STEP 4960
WRITING COORDINATES TO DCD FILE NVT.dcd AT STEP 4970
WRITING COORDINATES TO DCD FILE NVT.dcd AT STEP 4980
WRITING COORDINATES TO DCD FILE NVT.dcd AT STEP 4990
PRESSURE: 5000 420.803 -144.846 -125.231 -144.846 -102.212 -188.531 -125.231 -188.531 515.884
GPRESSURE: 5000 479.061 -148.909 -24.6211 -176.898 -64.2878 -257.939 -54.7053 -374.665 488.165
PRESSAVG: 5000 46.3496 -9.84852 -45.5593 -9.84852 103.953 -7.4322 -45.5593 -7.4322 131.007
GPRESSAVG: 5000 45.4589 -9.00486 -45.3367 -9.86364 103.803 -8.08089 -44.7409 -7.06762 131.943
ENERGY:    5000      1503.2878      8955.7485      5675.6015        70.4178         -61663.0845     -1157.5183         0.0000         0.0000     18101.4238         -28514.1234       292.1534    -46615.5472    -28367.6849       291.4976            278.1584       300.9794    263726.8627        93.7700        93.7347

WRITING EXTENDED SYSTEM TO RESTART FILE AT STEP 5000
WRITING COORDINATES TO DCD FILE NVT.dcd AT STEP 5000
WRITING COORDINATES TO RESTART FILE AT STEP 5000
FINISHED WRITING RESTART COORDINATES
WRITING VELOCITIES TO RESTART FILE AT STEP 5000
FINISHED WRITING RESTART VELOCITIES
The last velocity output (seq=5000) takes 0.000 seconds, 841.440 MB of memory in use
WRITING COORDINATES TO DCD FILE NVT.dcd AT STEP 5010
WRITING COORDINATES TO DCD FILE NVT.dcd AT STEP 5020
WRITING COORDINATES TO DCD FILE NVT.dcd AT STEP 5030
WRITING COORDINATES TO DCD FILE NVT.dcd AT STEP 5040
WRITING COORDINATES TO DCD FILE NVT.dcd AT STEP 5050
WRITING COORDINATES TO DCD FILE NVT.dcd AT STEP 5060
WRITING COORDINATES TO DCD FILE NVT.dcd AT STEP 5070
WRITING COORDINATES TO DCD FILE NVT.dcd AT STEP 5080
WRITING COORDINATES TO DCD FILE NVT.dcd AT STEP 5090
WRITING COORDINATES TO DCD FILE NVT.dcd AT STEP 5100
WRITING COORDINATES TO DCD FILE NVT.dcd AT STEP 5110
WRITING COORDINATES TO DCD FILE NVT.dcd AT STEP 5120
WRITING COORDINATES TO DCD FILE NVT.dcd AT STEP 5130
WRITING COORDINATES TO DCD FILE NVT.dcd AT STEP 5140
WRITING COORDINATES TO DCD FILE NVT.dcd AT STEP 5150
WRITING COORDINATES TO DCD FILE NVT.dcd AT STEP 5160
WRITING COORDINATES TO DCD FILE NVT.dcd AT STEP 5170
WRITING COORDINATES TO DCD FILE NVT.dcd AT STEP 5180
WRITING COORDINATES TO DCD FILE NVT.dcd AT STEP 5190
WRITING COORDINATES TO DCD FILE NVT.dcd AT STEP 5200
WRITING COORDINATES TO DCD FILE NVT.dcd AT STEP 5210
WRITING COORDINATES TO DCD FILE NVT.dcd AT STEP 5220
WRITING COORDINATES TO DCD FILE NVT.dcd AT STEP 5230
WRITING COORDINATES TO DCD FILE NVT.dcd AT STEP 5240
WRITING COORDINATES TO DCD FILE NVT.dcd AT STEP 5250
WRITING COORDINATES TO DCD FILE NVT.dcd AT STEP 5260
WRITING COORDINATES TO DCD FILE NVT.dcd AT STEP 5270
WRITING COORDINATES TO DCD FILE NVT.dcd AT STEP 5280
WRITING COORDINATES TO DCD FILE NVT.dcd AT STEP 5290
WRITING COORDINATES TO DCD FILE NVT.dcd AT STEP 5300
WRITING COORDINATES TO DCD FILE NVT.dcd AT STEP 5310
WRITING COORDINATES TO DCD FILE NVT.dcd AT STEP 5320
WRITING COORDINATES TO DCD FILE NVT.dcd AT STEP 5330
WRITING COORDINATES TO DCD FILE NVT.dcd AT STEP 5340
WRITING COORDINATES TO DCD FILE NVT.dcd AT STEP 5350
WRITING COORDINATES TO DCD FILE NVT.dcd AT STEP 5360
WRITING COORDINATES TO DCD FILE NVT.dcd AT STEP 5370
WRITING COORDINATES TO DCD FILE NVT.dcd AT STEP 5380
WRITING COORDINATES TO DCD FILE NVT.dcd AT STEP 5390
WRITING COORDINATES TO DCD FILE NVT.dcd AT STEP 5400
WRITING COORDINATES TO DCD FILE NVT.dcd AT STEP 5410
WRITING COORDINATES TO DCD FILE NVT.dcd AT STEP 5420
WRITING COORDINATES TO DCD FILE NVT.dcd AT STEP 5430
WRITING COORDINATES TO DCD FILE NVT.dcd AT STEP 5440
WRITING COORDINATES TO DCD FILE NVT.dcd AT STEP 5450
WRITING COORDINATES TO DCD FILE NVT.dcd AT STEP 5460
WRITING COORDINATES TO DCD FILE NVT.dcd AT STEP 5470
WRITING COORDINATES TO DCD FILE NVT.dcd AT STEP 5480
WRITING COORDINATES TO DCD FILE NVT.dcd AT STEP 5490
WRITING COORDINATES TO DCD FILE NVT.dcd AT STEP 5500
WRITING COORDINATES TO DCD FILE NVT.dcd AT STEP 5510
WRITING COORDINATES TO DCD FILE NVT.dcd AT STEP 5520
WRITING COORDINATES TO DCD FILE NVT.dcd AT STEP 5530
WRITING COORDINATES TO DCD FILE NVT.dcd AT STEP 5540
WRITING COORDINATES TO DCD FILE NVT.dcd AT STEP 5550
WRITING COORDINATES TO DCD FILE NVT.dcd AT STEP 5560
WRITING COORDINATES TO DCD FILE NVT.dcd AT STEP 5570
WRITING COORDINATES TO DCD FILE NVT.dcd AT STEP 5580
WRITING COORDINATES TO DCD FILE NVT.dcd AT STEP 5590
WRITING COORDINATES TO DCD FILE NVT.dcd AT STEP 5600
WRITING COORDINATES TO DCD FILE NVT.dcd AT STEP 5610
WRITING COORDINATES TO DCD FILE NVT.dcd AT STEP 5620
WRITING COORDINATES TO DCD FILE NVT.dcd AT STEP 5630
WRITING COORDINATES TO DCD FILE NVT.dcd AT STEP 5640
WRITING COORDINATES TO DCD FILE NVT.dcd AT STEP 5650
WRITING COORDINATES TO DCD FILE NVT.dcd AT STEP 5660
WRITING COORDINATES TO DCD FILE NVT.dcd AT STEP 5670
WRITING COORDINATES TO DCD FILE NVT.dcd AT STEP 5680
WRITING COORDINATES TO DCD FILE NVT.dcd AT STEP 5690
WRITING COORDINATES TO DCD FILE NVT.dcd AT STEP 5700
WRITING COORDINATES TO DCD FILE NVT.dcd AT STEP 5710
WRITING COORDINATES TO DCD FILE NVT.dcd AT STEP 5720
WRITING COORDINATES TO DCD FILE NVT.dcd AT STEP 5730
WRITING COORDINATES TO DCD FILE NVT.dcd AT STEP 5740
WRITING COORDINATES TO DCD FILE NVT.dcd AT STEP 5750
WRITING COORDINATES TO DCD FILE NVT.dcd AT STEP 5760
WRITING COORDINATES TO DCD FILE NVT.dcd AT STEP 5770
WRITING COORDINATES TO DCD FILE NVT.dcd AT STEP 5780
WRITING COORDINATES TO DCD FILE NVT.dcd AT STEP 5790
WRITING COORDINATES TO DCD FILE NVT.dcd AT STEP 5800
WRITING COORDINATES TO DCD FILE NVT.dcd AT STEP 5810
WRITING COORDINATES TO DCD FILE NVT.dcd AT STEP 5820
WRITING COORDINATES TO DCD FILE NVT.dcd AT STEP 5830
WRITING COORDINATES TO DCD FILE NVT.dcd AT STEP 5840
WRITING COORDINATES TO DCD FILE NVT.dcd AT STEP 5850
WRITING COORDINATES TO DCD FILE NVT.dcd AT STEP 5860
WRITING COORDINATES TO DCD FILE NVT.dcd AT STEP 5870
WRITING COORDINATES TO DCD FILE NVT.dcd AT STEP 5880
WRITING COORDINATES TO DCD FILE NVT.dcd AT STEP 5890
WRITING COORDINATES TO DCD FILE NVT.dcd AT STEP 5900
WRITING COORDINATES TO DCD FILE NVT.dcd AT STEP 5910
WRITING COORDINATES TO DCD FILE NVT.dcd AT STEP 5920
WRITING COORDINATES TO DCD FILE NVT.dcd AT STEP 5930
WRITING COORDINATES TO DCD FILE NVT.dcd AT STEP 5940
WRITING COORDINATES TO DCD FILE NVT.dcd AT STEP 5950
WRITING COORDINATES TO DCD FILE NVT.dcd AT STEP 5960
WRITING COORDINATES TO DCD FILE NVT.dcd AT STEP 5970
WRITING COORDINATES TO DCD FILE NVT.dcd AT STEP 5980
WRITING COORDINATES TO DCD FILE NVT.dcd AT STEP 5990
PRESSURE: 6000 -341.422 -338.88 153.73 -338.88 -344.466 431.836 153.73 431.836 -830.95
GPRESSURE: 6000 -368.786 -128.201 96.3414 -145.926 -243.871 447.227 97.2368 145.452 -849.952
PRESSAVG: 6000 151.13 10.6611 3.08835 10.6611 98.5069 -44.8498 3.08835 -44.8498 77.6454
GPRESSAVG: 6000 151.327 9.76012 2.29005 10.8715 98.3231 -44.5048 3.01113 -45.7257 77.3625
ENERGY:    6000      1525.4313      8916.6727      5645.6082        61.2672         -61634.2027     -1297.6016         0.0000         0.0000     18094.9865         -28687.8384       292.0495    -46782.8250    -28545.4595       292.1479           -505.6126      -487.5361    263726.8627       109.0942       109.0042

WRITING COORDINATES TO DCD FILE NVT.dcd AT STEP 6000
WRITING COORDINATES TO DCD FILE NVT.dcd AT STEP 6010
WRITING COORDINATES TO DCD FILE NVT.dcd AT STEP 6020
WRITING COORDINATES TO DCD FILE NVT.dcd AT STEP 6030
WRITING COORDINATES TO DCD FILE NVT.dcd AT STEP 6040
WRITING COORDINATES TO DCD FILE NVT.dcd AT STEP 6050
WRITING COORDINATES TO DCD FILE NVT.dcd AT STEP 6060
WRITING COORDINATES TO DCD FILE NVT.dcd AT STEP 6070
WRITING COORDINATES TO DCD FILE NVT.dcd AT STEP 6080
WRITING COORDINATES TO DCD FILE NVT.dcd AT STEP 6090
WRITING COORDINATES TO DCD FILE NVT.dcd AT STEP 6100
WRITING COORDINATES TO DCD FILE NVT.dcd AT STEP 6110
WRITING COORDINATES TO DCD FILE NVT.dcd AT STEP 6120
WRITING COORDINATES TO DCD FILE NVT.dcd AT STEP 6130
WRITING COORDINATES TO DCD FILE NVT.dcd AT STEP 6140
LDB: ============= START OF LOAD BALANCING ============== 1049.94
LDB: ============== END OF LOAD BALANCING =============== 1049.94
LDB: =============== DONE WITH MIGRATION ================ 1049.94
WRITING COORDINATES TO DCD FILE NVT.dcd AT STEP 6150
WRITING COORDINATES TO DCD FILE NVT.dcd AT STEP 6160
WRITING COORDINATES TO DCD FILE NVT.dcd AT STEP 6170
WRITING COORDINATES TO DCD FILE NVT.dcd AT STEP 6180
WRITING COORDINATES TO DCD FILE NVT.dcd AT STEP 6190
LDB: ============= START OF LOAD BALANCING ============== 1058.3
LDB: ============== END OF LOAD BALANCING =============== 1058.3
LDB: =============== DONE WITH MIGRATION ================ 1058.3
WRITING COORDINATES TO DCD FILE NVT.dcd AT STEP 6200
WRITING COORDINATES TO DCD FILE NVT.dcd AT STEP 6210
WRITING COORDINATES TO DCD FILE NVT.dcd AT STEP 6220
WRITING COORDINATES TO DCD FILE NVT.dcd AT STEP 6230
WRITING COORDINATES TO DCD FILE NVT.dcd AT STEP 6240
WRITING COORDINATES TO DCD FILE NVT.dcd AT STEP 6250
WRITING COORDINATES TO DCD FILE NVT.dcd AT STEP 6260
WRITING COORDINATES TO DCD FILE NVT.dcd AT STEP 6270
WRITING COORDINATES TO DCD FILE NVT.dcd AT STEP 6280
WRITING COORDINATES TO DCD FILE NVT.dcd AT STEP 6290
WRITING COORDINATES TO DCD FILE NVT.dcd AT STEP 6300
WRITING COORDINATES TO DCD FILE NVT.dcd AT STEP 6310
WRITING COORDINATES TO DCD FILE NVT.dcd AT STEP 6320
WRITING COORDINATES TO DCD FILE NVT.dcd AT STEP 6330
WRITING COORDINATES TO DCD FILE NVT.dcd AT STEP 6340
WRITING COORDINATES TO DCD FILE NVT.dcd AT STEP 6350
WRITING COORDINATES TO DCD FILE NVT.dcd AT STEP 6360
WRITING COORDINATES TO DCD FILE NVT.dcd AT STEP 6370
WRITING COORDINATES TO DCD FILE NVT.dcd AT STEP 6380
WRITING COORDINATES TO DCD FILE NVT.dcd AT STEP 6390
WRITING COORDINATES TO DCD FILE NVT.dcd AT STEP 6400
WRITING COORDINATES TO DCD FILE NVT.dcd AT STEP 6410
WRITING COORDINATES TO DCD FILE NVT.dcd AT STEP 6420
WRITING COORDINATES TO DCD FILE NVT.dcd AT STEP 6430
WRITING COORDINATES TO DCD FILE NVT.dcd AT STEP 6440
WRITING COORDINATES TO DCD FILE NVT.dcd AT STEP 6450
WRITING COORDINATES TO DCD FILE NVT.dcd AT STEP 6460
WRITING COORDINATES TO DCD FILE NVT.dcd AT STEP 6470
WRITING COORDINATES TO DCD FILE NVT.dcd AT STEP 6480
WRITING COORDINATES TO DCD FILE NVT.dcd AT STEP 6490
WRITING COORDINATES TO DCD FILE NVT.dcd AT STEP 6500
WRITING COORDINATES TO DCD FILE NVT.dcd AT STEP 6510
WRITING COORDINATES TO DCD FILE NVT.dcd AT STEP 6520
WRITING COORDINATES TO DCD FILE NVT.dcd AT STEP 6530
WRITING COORDINATES TO DCD FILE NVT.dcd AT STEP 6540
WRITING COORDINATES TO DCD FILE NVT.dcd AT STEP 6550
WRITING COORDINATES TO DCD FILE NVT.dcd AT STEP 6560
WRITING COORDINATES TO DCD FILE NVT.dcd AT STEP 6570
WRITING COORDINATES TO DCD FILE NVT.dcd AT STEP 6580
WRITING COORDINATES TO DCD FILE NVT.dcd AT STEP 6590
WRITING COORDINATES TO DCD FILE NVT.dcd AT STEP 6600
WRITING COORDINATES TO DCD FILE NVT.dcd AT STEP 6610
WRITING COORDINATES TO DCD FILE NVT.dcd AT STEP 6620
WRITING COORDINATES TO DCD FILE NVT.dcd AT STEP 6630
WRITING COORDINATES TO DCD FILE NVT.dcd AT STEP 6640
WRITING COORDINATES TO DCD FILE NVT.dcd AT STEP 6650
WRITING COORDINATES TO DCD FILE NVT.dcd AT STEP 6660
WRITING COORDINATES TO DCD FILE NVT.dcd AT STEP 6670
WRITING COORDINATES TO DCD FILE NVT.dcd AT STEP 6680
WRITING COORDINATES TO DCD FILE NVT.dcd AT STEP 6690
WRITING COORDINATES TO DCD FILE NVT.dcd AT STEP 6700
WRITING COORDINATES TO DCD FILE NVT.dcd AT STEP 6710
WRITING COORDINATES TO DCD FILE NVT.dcd AT STEP 6720
WRITING COORDINATES TO DCD FILE NVT.dcd AT STEP 6730
WRITING COORDINATES TO DCD FILE NVT.dcd AT STEP 6740
WRITING COORDINATES TO DCD FILE NVT.dcd AT STEP 6750
WRITING COORDINATES TO DCD FILE NVT.dcd AT STEP 6760
WRITING COORDINATES TO DCD FILE NVT.dcd AT STEP 6770
WRITING COORDINATES TO DCD FILE NVT.dcd AT STEP 6780
WRITING COORDINATES TO DCD FILE NVT.dcd AT STEP 6790
WRITING COORDINATES TO DCD FILE NVT.dcd AT STEP 6800
WRITING COORDINATES TO DCD FILE NVT.dcd AT STEP 6810
WRITING COORDINATES TO DCD FILE NVT.dcd AT STEP 6820
WRITING COORDINATES TO DCD FILE NVT.dcd AT STEP 6830
WRITING COORDINATES TO DCD FILE NVT.dcd AT STEP 6840
WRITING COORDINATES TO DCD FILE NVT.dcd AT STEP 6850
WRITING COORDINATES TO DCD FILE NVT.dcd AT STEP 6860
WRITING COORDINATES TO DCD FILE NVT.dcd AT STEP 6870
WRITING COORDINATES TO DCD FILE NVT.dcd AT STEP 6880
WRITING COORDINATES TO DCD FILE NVT.dcd AT STEP 6890
WRITING COORDINATES TO DCD FILE NVT.dcd AT STEP 6900
WRITING COORDINATES TO DCD FILE NVT.dcd AT STEP 6910
WRITING COORDINATES TO DCD FILE NVT.dcd AT STEP 6920
WRITING COORDINATES TO DCD FILE NVT.dcd AT STEP 6930
WRITING COORDINATES TO DCD FILE NVT.dcd AT STEP 6940
WRITING COORDINATES TO DCD FILE NVT.dcd AT STEP 6950
WRITING COORDINATES TO DCD FILE NVT.dcd AT STEP 6960
WRITING COORDINATES TO DCD FILE NVT.dcd AT STEP 6970
WRITING COORDINATES TO DCD FILE NVT.dcd AT STEP 6980
WRITING COORDINATES TO DCD FILE NVT.dcd AT STEP 6990
PRESSURE: 7000 -148.169 254.453 -235.904 254.453 -105.051 396.991 -235.904 396.991 860.419
GPRESSURE: 7000 -168.418 -54.637 -279.408 228.113 3.75003 312.354 -78.498 473.9 850.417
PRESSAVG: 7000 27.8641 45.2892 29.2276 45.2892 37.3119 41.9047 29.2276 41.9047 22.0694
GPRESSAVG: 7000 28.0778 44.9392 30.0898 44.949 37.6974 42.6988 28.8206 42.3977 21.4253
ENERGY:    7000      1499.7472      8979.2736      5659.4221        68.0044         -61244.8587     -1464.2022         0.0000         0.0000     17885.1643         -28617.4493       288.6630    -46502.6136    -28472.7749       291.8366            202.3999       228.5828    263726.8627        29.0818        29.0668

WRITING COORDINATES TO DCD FILE NVT.dcd AT STEP 7000
WRITING COORDINATES TO DCD FILE NVT.dcd AT STEP 7010
WRITING COORDINATES TO DCD FILE NVT.dcd AT STEP 7020
WRITING COORDINATES TO DCD FILE NVT.dcd AT STEP 7030
WRITING COORDINATES TO DCD FILE NVT.dcd AT STEP 7040
WRITING COORDINATES TO DCD FILE NVT.dcd AT STEP 7050
WRITING COORDINATES TO DCD FILE NVT.dcd AT STEP 7060
WRITING COORDINATES TO DCD FILE NVT.dcd AT STEP 7070
WRITING COORDINATES TO DCD FILE NVT.dcd AT STEP 7080
WRITING COORDINATES TO DCD FILE NVT.dcd AT STEP 7090
WRITING COORDINATES TO DCD FILE NVT.dcd AT STEP 7100
WRITING COORDINATES TO DCD FILE NVT.dcd AT STEP 7110
WRITING COORDINATES TO DCD FILE NVT.dcd AT STEP 7120
WRITING COORDINATES TO DCD FILE NVT.dcd AT STEP 7130
WRITING COORDINATES TO DCD FILE NVT.dcd AT STEP 7140
WRITING COORDINATES TO DCD FILE NVT.dcd AT STEP 7150
WRITING COORDINATES TO DCD FILE NVT.dcd AT STEP 7160
WRITING COORDINATES TO DCD FILE NVT.dcd AT STEP 7170
WRITING COORDINATES TO DCD FILE NVT.dcd AT STEP 7180
WRITING COORDINATES TO DCD FILE NVT.dcd AT STEP 7190
WRITING COORDINATES TO DCD FILE NVT.dcd AT STEP 7200
WRITING COORDINATES TO DCD FILE NVT.dcd AT STEP 7210
WRITING COORDINATES TO DCD FILE NVT.dcd AT STEP 7220
WRITING COORDINATES TO DCD FILE NVT.dcd AT STEP 7230
WRITING COORDINATES TO DCD FILE NVT.dcd AT STEP 7240
WRITING COORDINATES TO DCD FILE NVT.dcd AT STEP 7250
WRITING COORDINATES TO DCD FILE NVT.dcd AT STEP 7260
WRITING COORDINATES TO DCD FILE NVT.dcd AT STEP 7270
WRITING COORDINATES TO DCD FILE NVT.dcd AT STEP 7280
WRITING COORDINATES TO DCD FILE NVT.dcd AT STEP 7290
WRITING COORDINATES TO DCD FILE NVT.dcd AT STEP 7300
WRITING COORDINATES TO DCD FILE NVT.dcd AT STEP 7310
WRITING COORDINATES TO DCD FILE NVT.dcd AT STEP 7320
WRITING COORDINATES TO DCD FILE NVT.dcd AT STEP 7330
WRITING COORDINATES TO DCD FILE NVT.dcd AT STEP 7340
WRITING COORDINATES TO DCD FILE NVT.dcd AT STEP 7350
WRITING COORDINATES TO DCD FILE NVT.dcd AT STEP 7360
WRITING COORDINATES TO DCD FILE NVT.dcd AT STEP 7370
WRITING COORDINATES TO DCD FILE NVT.dcd AT STEP 7380
WRITING COORDINATES TO DCD FILE NVT.dcd AT STEP 7390
WRITING COORDINATES TO DCD FILE NVT.dcd AT STEP 7400
WRITING COORDINATES TO DCD FILE NVT.dcd AT STEP 7410
WRITING COORDINATES TO DCD FILE NVT.dcd AT STEP 7420
WRITING COORDINATES TO DCD FILE NVT.dcd AT STEP 7430
WRITING COORDINATES TO DCD FILE NVT.dcd AT STEP 7440
WRITING COORDINATES TO DCD FILE NVT.dcd AT STEP 7450
WRITING COORDINATES TO DCD FILE NVT.dcd AT STEP 7460
WRITING COORDINATES TO DCD FILE NVT.dcd AT STEP 7470
WRITING COORDINATES TO DCD FILE NVT.dcd AT STEP 7480
WRITING COORDINATES TO DCD FILE NVT.dcd AT STEP 7490
WRITING COORDINATES TO DCD FILE NVT.dcd AT STEP 7500
WRITING COORDINATES TO DCD FILE NVT.dcd AT STEP 7510
WRITING COORDINATES TO DCD FILE NVT.dcd AT STEP 7520
WRITING COORDINATES TO DCD FILE NVT.dcd AT STEP 7530
WRITING COORDINATES TO DCD FILE NVT.dcd AT STEP 7540
WRITING COORDINATES TO DCD FILE NVT.dcd AT STEP 7550
WRITING COORDINATES TO DCD FILE NVT.dcd AT STEP 7560
WRITING COORDINATES TO DCD FILE NVT.dcd AT STEP 7570
WRITING COORDINATES TO DCD FILE NVT.dcd AT STEP 7580
WRITING COORDINATES TO DCD FILE NVT.dcd AT STEP 7590
WRITING COORDINATES TO DCD FILE NVT.dcd AT STEP 7600
WRITING COORDINATES TO DCD FILE NVT.dcd AT STEP 7610
WRITING COORDINATES TO DCD FILE NVT.dcd AT STEP 7620
WRITING COORDINATES TO DCD FILE NVT.dcd AT STEP 7630
WRITING COORDINATES TO DCD FILE NVT.dcd AT STEP 7640
WRITING COORDINATES TO DCD FILE NVT.dcd AT STEP 7650
WRITING COORDINATES TO DCD FILE NVT.dcd AT STEP 7660
WRITING COORDINATES TO DCD FILE NVT.dcd AT STEP 7670
WRITING COORDINATES TO DCD FILE NVT.dcd AT STEP 7680
WRITING COORDINATES TO DCD FILE NVT.dcd AT STEP 7690
WRITING COORDINATES TO DCD FILE NVT.dcd AT STEP 7700
WRITING COORDINATES TO DCD FILE NVT.dcd AT STEP 7710
WRITING COORDINATES TO DCD FILE NVT.dcd AT STEP 7720
WRITING COORDINATES TO DCD FILE NVT.dcd AT STEP 7730
WRITING COORDINATES TO DCD FILE NVT.dcd AT STEP 7740
WRITING COORDINATES TO DCD FILE NVT.dcd AT STEP 7750
WRITING COORDINATES TO DCD FILE NVT.dcd AT STEP 7760
WRITING COORDINATES TO DCD FILE NVT.dcd AT STEP 7770
WRITING COORDINATES TO DCD FILE NVT.dcd AT STEP 7780
WRITING COORDINATES TO DCD FILE NVT.dcd AT STEP 7790
WRITING COORDINATES TO DCD FILE NVT.dcd AT STEP 7800
WRITING COORDINATES TO DCD FILE NVT.dcd AT STEP 7810
WRITING COORDINATES TO DCD FILE NVT.dcd AT STEP 7820
WRITING COORDINATES TO DCD FILE NVT.dcd AT STEP 7830
WRITING COORDINATES TO DCD FILE NVT.dcd AT STEP 7840
WRITING COORDINATES TO DCD FILE NVT.dcd AT STEP 7850
WRITING COORDINATES TO DCD FILE NVT.dcd AT STEP 7860
WRITING COORDINATES TO DCD FILE NVT.dcd AT STEP 7870
WRITING COORDINATES TO DCD FILE NVT.dcd AT STEP 7880
WRITING COORDINATES TO DCD FILE NVT.dcd AT STEP 7890
WRITING COORDINATES TO DCD FILE NVT.dcd AT STEP 7900
WRITING COORDINATES TO DCD FILE NVT.dcd AT STEP 7910
WRITING COORDINATES TO DCD FILE NVT.dcd AT STEP 7920
WRITING COORDINATES TO DCD FILE NVT.dcd AT STEP 7930
WRITING COORDINATES TO DCD FILE NVT.dcd AT STEP 7940
WRITING COORDINATES TO DCD FILE NVT.dcd AT STEP 7950
WRITING COORDINATES TO DCD FILE NVT.dcd AT STEP 7960
WRITING COORDINATES TO DCD FILE NVT.dcd AT STEP 7970
WRITING COORDINATES TO DCD FILE NVT.dcd AT STEP 7980
WRITING COORDINATES TO DCD FILE NVT.dcd AT STEP 7990
PRESSURE: 8000 -29.8938 231.756 28.3151 231.756 599.081 -70.3225 28.3151 -70.3225 495.504
GPRESSURE: 8000 159.949 152.875 -127.401 212.312 560.637 -94.9008 -80.5369 -81.847 397.596
PRESSAVG: 8000 31.4901 35.0791 -8.49499 35.0791 81.9346 26.7204 -8.49499 26.7204 15.2171
GPRESSAVG: 8000 30.8921 35.9197 -9.02595 34.7293 81.9991 26.5566 -8.37184 26.6723 15.6144
ENERGY:    8000      1538.2838      8976.0259      5627.1123        84.2108         -61632.1337     -1250.6822         0.0000         0.0000     18093.8699         -28563.3131       292.0315    -46657.1830    -28421.1960       291.1852            354.8971       372.7275    263726.8627        42.8806        42.8352

WRITING COORDINATES TO DCD FILE NVT.dcd AT STEP 8000
WRITING COORDINATES TO DCD FILE NVT.dcd AT STEP 8010
WRITING COORDINATES TO DCD FILE NVT.dcd AT STEP 8020
WRITING COORDINATES TO DCD FILE NVT.dcd AT STEP 8030
WRITING COORDINATES TO DCD FILE NVT.dcd AT STEP 8040
WRITING COORDINATES TO DCD FILE NVT.dcd AT STEP 8050
WRITING COORDINATES TO DCD FILE NVT.dcd AT STEP 8060
WRITING COORDINATES TO DCD FILE NVT.dcd AT STEP 8070
WRITING COORDINATES TO DCD FILE NVT.dcd AT STEP 8080
WRITING COORDINATES TO DCD FILE NVT.dcd AT STEP 8090
WRITING COORDINATES TO DCD FILE NVT.dcd AT STEP 8100
WRITING COORDINATES TO DCD FILE NVT.dcd AT STEP 8110
WRITING COORDINATES TO DCD FILE NVT.dcd AT STEP 8120
WRITING COORDINATES TO DCD FILE NVT.dcd AT STEP 8130
WRITING COORDINATES TO DCD FILE NVT.dcd AT STEP 8140
LDB: ============= START OF LOAD BALANCING ============== 1383.85
LDB: ============== END OF LOAD BALANCING =============== 1383.85
LDB: =============== DONE WITH MIGRATION ================ 1383.85
WRITING COORDINATES TO DCD FILE NVT.dcd AT STEP 8150
WRITING COORDINATES TO DCD FILE NVT.dcd AT STEP 8160
WRITING COORDINATES TO DCD FILE NVT.dcd AT STEP 8170
WRITING COORDINATES TO DCD FILE NVT.dcd AT STEP 8180
WRITING COORDINATES TO DCD FILE NVT.dcd AT STEP 8190
LDB: ============= START OF LOAD BALANCING ============== 1392.2
LDB: ============== END OF LOAD BALANCING =============== 1392.2
LDB: =============== DONE WITH MIGRATION ================ 1392.2
WRITING COORDINATES TO DCD FILE NVT.dcd AT STEP 8200
WRITING COORDINATES TO DCD FILE NVT.dcd AT STEP 8210
WRITING COORDINATES TO DCD FILE NVT.dcd AT STEP 8220
WRITING COORDINATES TO DCD FILE NVT.dcd AT STEP 8230
WRITING COORDINATES TO DCD FILE NVT.dcd AT STEP 8240
WRITING COORDINATES TO DCD FILE NVT.dcd AT STEP 8250
WRITING COORDINATES TO DCD FILE NVT.dcd AT STEP 8260
WRITING COORDINATES TO DCD FILE NVT.dcd AT STEP 8270
WRITING COORDINATES TO DCD FILE NVT.dcd AT STEP 8280
WRITING COORDINATES TO DCD FILE NVT.dcd AT STEP 8290
WRITING COORDINATES TO DCD FILE NVT.dcd AT STEP 8300
WRITING COORDINATES TO DCD FILE NVT.dcd AT STEP 8310
WRITING COORDINATES TO DCD FILE NVT.dcd AT STEP 8320
WRITING COORDINATES TO DCD FILE NVT.dcd AT STEP 8330
WRITING COORDINATES TO DCD FILE NVT.dcd AT STEP 8340
WRITING COORDINATES TO DCD FILE NVT.dcd AT STEP 8350
WRITING COORDINATES TO DCD FILE NVT.dcd AT STEP 8360
WRITING COORDINATES TO DCD FILE NVT.dcd AT STEP 8370
WRITING COORDINATES TO DCD FILE NVT.dcd AT STEP 8380
WRITING COORDINATES TO DCD FILE NVT.dcd AT STEP 8390
WRITING COORDINATES TO DCD FILE NVT.dcd AT STEP 8400
WRITING COORDINATES TO DCD FILE NVT.dcd AT STEP 8410
WRITING COORDINATES TO DCD FILE NVT.dcd AT STEP 8420
WRITING COORDINATES TO DCD FILE NVT.dcd AT STEP 8430
WRITING COORDINATES TO DCD FILE NVT.dcd AT STEP 8440
WRITING COORDINATES TO DCD FILE NVT.dcd AT STEP 8450
WRITING COORDINATES TO DCD FILE NVT.dcd AT STEP 8460
WRITING COORDINATES TO DCD FILE NVT.dcd AT STEP 8470
WRITING COORDINATES TO DCD FILE NVT.dcd AT STEP 8480
WRITING COORDINATES TO DCD FILE NVT.dcd AT STEP 8490
WRITING COORDINATES TO DCD FILE NVT.dcd AT STEP 8500
WRITING COORDINATES TO DCD FILE NVT.dcd AT STEP 8510
WRITING COORDINATES TO DCD FILE NVT.dcd AT STEP 8520
WRITING COORDINATES TO DCD FILE NVT.dcd AT STEP 8530
WRITING COORDINATES TO DCD FILE NVT.dcd AT STEP 8540
WRITING COORDINATES TO DCD FILE NVT.dcd AT STEP 8550
WRITING COORDINATES TO DCD FILE NVT.dcd AT STEP 8560
WRITING COORDINATES TO DCD FILE NVT.dcd AT STEP 8570
WRITING COORDINATES TO DCD FILE NVT.dcd AT STEP 8580
WRITING COORDINATES TO DCD FILE NVT.dcd AT STEP 8590
WRITING COORDINATES TO DCD FILE NVT.dcd AT STEP 8600
WRITING COORDINATES TO DCD FILE NVT.dcd AT STEP 8610
WRITING COORDINATES TO DCD FILE NVT.dcd AT STEP 8620
WRITING COORDINATES TO DCD FILE NVT.dcd AT STEP 8630
WRITING COORDINATES TO DCD FILE NVT.dcd AT STEP 8640
WRITING COORDINATES TO DCD FILE NVT.dcd AT STEP 8650
WRITING COORDINATES TO DCD FILE NVT.dcd AT STEP 8660
WRITING COORDINATES TO DCD FILE NVT.dcd AT STEP 8670
WRITING COORDINATES TO DCD FILE NVT.dcd AT STEP 8680
WRITING COORDINATES TO DCD FILE NVT.dcd AT STEP 8690
WRITING COORDINATES TO DCD FILE NVT.dcd AT STEP 8700
WRITING COORDINATES TO DCD FILE NVT.dcd AT STEP 8710
WRITING COORDINATES TO DCD FILE NVT.dcd AT STEP 8720
WRITING COORDINATES TO DCD FILE NVT.dcd AT STEP 8730
WRITING COORDINATES TO DCD FILE NVT.dcd AT STEP 8740
WRITING COORDINATES TO DCD FILE NVT.dcd AT STEP 8750
WRITING COORDINATES TO DCD FILE NVT.dcd AT STEP 8760
WRITING COORDINATES TO DCD FILE NVT.dcd AT STEP 8770
WRITING COORDINATES TO DCD FILE NVT.dcd AT STEP 8780
WRITING COORDINATES TO DCD FILE NVT.dcd AT STEP 8790
WRITING COORDINATES TO DCD FILE NVT.dcd AT STEP 8800
WRITING COORDINATES TO DCD FILE NVT.dcd AT STEP 8810
WRITING COORDINATES TO DCD FILE NVT.dcd AT STEP 8820
WRITING COORDINATES TO DCD FILE NVT.dcd AT STEP 8830
WRITING COORDINATES TO DCD FILE NVT.dcd AT STEP 8840
WRITING COORDINATES TO DCD FILE NVT.dcd AT STEP 8850
WRITING COORDINATES TO DCD FILE NVT.dcd AT STEP 8860
WRITING COORDINATES TO DCD FILE NVT.dcd AT STEP 8870
WRITING COORDINATES TO DCD FILE NVT.dcd AT STEP 8880
WRITING COORDINATES TO DCD FILE NVT.dcd AT STEP 8890
WRITING COORDINATES TO DCD FILE NVT.dcd AT STEP 8900
WRITING COORDINATES TO DCD FILE NVT.dcd AT STEP 8910
WRITING COORDINATES TO DCD FILE NVT.dcd AT STEP 8920
WRITING COORDINATES TO DCD FILE NVT.dcd AT STEP 8930
WRITING COORDINATES TO DCD FILE NVT.dcd AT STEP 8940
WRITING COORDINATES TO DCD FILE NVT.dcd AT STEP 8950
WRITING COORDINATES TO DCD FILE NVT.dcd AT STEP 8960
WRITING COORDINATES TO DCD FILE NVT.dcd AT STEP 8970
WRITING COORDINATES TO DCD FILE NVT.dcd AT STEP 8980
WRITING COORDINATES TO DCD FILE NVT.dcd AT STEP 8990
PRESSURE: 9000 108.866 -61.55 -217.427 -61.55 -763.296 -417.815 -217.427 -417.815 672.436
GPRESSURE: 9000 39.1918 -77.8828 -108.68 -104.457 -633.293 -228.781 -280.801 -454.821 692.395
PRESSAVG: 9000 80.1627 64.2951 13.6943 64.2951 111.355 19.1446 13.6943 19.1446 114.23
GPRESSAVG: 9000 80.3251 64.8587 14.9254 64.0096 110.981 18.6663 12.7237 18.7268 114.241
ENERGY:    9000      1505.9443      9007.2523      5646.1441        62.5805         -61433.0206     -1292.9124         0.0000         0.0000     18200.0250         -28303.9869       293.7448    -46504.0119    -28157.2843       292.3490              6.0023        32.7646    263726.8627       101.9159       101.8489

WRITING COORDINATES TO DCD FILE NVT.dcd AT STEP 9000
WRITING COORDINATES TO DCD FILE NVT.dcd AT STEP 9010
WRITING COORDINATES TO DCD FILE NVT.dcd AT STEP 9020
WRITING COORDINATES TO DCD FILE NVT.dcd AT STEP 9030
WRITING COORDINATES TO DCD FILE NVT.dcd AT STEP 9040
WRITING COORDINATES TO DCD FILE NVT.dcd AT STEP 9050
WRITING COORDINATES TO DCD FILE NVT.dcd AT STEP 9060
WRITING COORDINATES TO DCD FILE NVT.dcd AT STEP 9070
WRITING COORDINATES TO DCD FILE NVT.dcd AT STEP 9080
WRITING COORDINATES TO DCD FILE NVT.dcd AT STEP 9090
WRITING COORDINATES TO DCD FILE NVT.dcd AT STEP 9100
WRITING COORDINATES TO DCD FILE NVT.dcd AT STEP 9110
WRITING COORDINATES TO DCD FILE NVT.dcd AT STEP 9120
WRITING COORDINATES TO DCD FILE NVT.dcd AT STEP 9130
WRITING COORDINATES TO DCD FILE NVT.dcd AT STEP 9140
WRITING COORDINATES TO DCD FILE NVT.dcd AT STEP 9150
WRITING COORDINATES TO DCD FILE NVT.dcd AT STEP 9160
WRITING COORDINATES TO DCD FILE NVT.dcd AT STEP 9170
WRITING COORDINATES TO DCD FILE NVT.dcd AT STEP 9180
WRITING COORDINATES TO DCD FILE NVT.dcd AT STEP 9190
WRITING COORDINATES TO DCD FILE NVT.dcd AT STEP 9200
WRITING COORDINATES TO DCD FILE NVT.dcd AT STEP 9210
WRITING COORDINATES TO DCD FILE NVT.dcd AT STEP 9220
WRITING COORDINATES TO DCD FILE NVT.dcd AT STEP 9230
WRITING COORDINATES TO DCD FILE NVT.dcd AT STEP 9240
WRITING COORDINATES TO DCD FILE NVT.dcd AT STEP 9250
WRITING COORDINATES TO DCD FILE NVT.dcd AT STEP 9260
WRITING COORDINATES TO DCD FILE NVT.dcd AT STEP 9270
WRITING COORDINATES TO DCD FILE NVT.dcd AT STEP 9280
WRITING COORDINATES TO DCD FILE NVT.dcd AT STEP 9290
WRITING COORDINATES TO DCD FILE NVT.dcd AT STEP 9300
WRITING COORDINATES TO DCD FILE NVT.dcd AT STEP 9310
WRITING COORDINATES TO DCD FILE NVT.dcd AT STEP 9320
WRITING COORDINATES TO DCD FILE NVT.dcd AT STEP 9330
WRITING COORDINATES TO DCD FILE NVT.dcd AT STEP 9340
WRITING COORDINATES TO DCD FILE NVT.dcd AT STEP 9350
WRITING COORDINATES TO DCD FILE NVT.dcd AT STEP 9360
WRITING COORDINATES TO DCD FILE NVT.dcd AT STEP 9370
WRITING COORDINATES TO DCD FILE NVT.dcd AT STEP 9380
WRITING COORDINATES TO DCD FILE NVT.dcd AT STEP 9390
WRITING COORDINATES TO DCD FILE NVT.dcd AT STEP 9400
WRITING COORDINATES TO DCD FILE NVT.dcd AT STEP 9410
WRITING COORDINATES TO DCD FILE NVT.dcd AT STEP 9420
WRITING COORDINATES TO DCD FILE NVT.dcd AT STEP 9430
WRITING COORDINATES TO DCD FILE NVT.dcd AT STEP 9440
WRITING COORDINATES TO DCD FILE NVT.dcd AT STEP 9450
WRITING COORDINATES TO DCD FILE NVT.dcd AT STEP 9460
WRITING COORDINATES TO DCD FILE NVT.dcd AT STEP 9470
WRITING COORDINATES TO DCD FILE NVT.dcd AT STEP 9480
WRITING COORDINATES TO DCD FILE NVT.dcd AT STEP 9490
WRITING COORDINATES TO DCD FILE NVT.dcd AT STEP 9500
WRITING COORDINATES TO DCD FILE NVT.dcd AT STEP 9510
WRITING COORDINATES TO DCD FILE NVT.dcd AT STEP 9520
WRITING COORDINATES TO DCD FILE NVT.dcd AT STEP 9530
WRITING COORDINATES TO DCD FILE NVT.dcd AT STEP 9540
WRITING COORDINATES TO DCD FILE NVT.dcd AT STEP 9550
WRITING COORDINATES TO DCD FILE NVT.dcd AT STEP 9560
WRITING COORDINATES TO DCD FILE NVT.dcd AT STEP 9570
WRITING COORDINATES TO DCD FILE NVT.dcd AT STEP 9580
WRITING COORDINATES TO DCD FILE NVT.dcd AT STEP 9590
WRITING COORDINATES TO DCD FILE NVT.dcd AT STEP 9600
WRITING COORDINATES TO DCD FILE NVT.dcd AT STEP 9610
WRITING COORDINATES TO DCD FILE NVT.dcd AT STEP 9620
WRITING COORDINATES TO DCD FILE NVT.dcd AT STEP 9630
WRITING COORDINATES TO DCD FILE NVT.dcd AT STEP 9640
WRITING COORDINATES TO DCD FILE NVT.dcd AT STEP 9650
WRITING COORDINATES TO DCD FILE NVT.dcd AT STEP 9660
WRITING COORDINATES TO DCD FILE NVT.dcd AT STEP 9670
WRITING COORDINATES TO DCD FILE NVT.dcd AT STEP 9680
WRITING COORDINATES TO DCD FILE NVT.dcd AT STEP 9690
WRITING COORDINATES TO DCD FILE NVT.dcd AT STEP 9700
WRITING COORDINATES TO DCD FILE NVT.dcd AT STEP 9710
WRITING COORDINATES TO DCD FILE NVT.dcd AT STEP 9720
WRITING COORDINATES TO DCD FILE NVT.dcd AT STEP 9730
WRITING COORDINATES TO DCD FILE NVT.dcd AT STEP 9740
WRITING COORDINATES TO DCD FILE NVT.dcd AT STEP 9750
WRITING COORDINATES TO DCD FILE NVT.dcd AT STEP 9760
WRITING COORDINATES TO DCD FILE NVT.dcd AT STEP 9770
WRITING COORDINATES TO DCD FILE NVT.dcd AT STEP 9780
WRITING COORDINATES TO DCD FILE NVT.dcd AT STEP 9790
WRITING COORDINATES TO DCD FILE NVT.dcd AT STEP 9800
WRITING COORDINATES TO DCD FILE NVT.dcd AT STEP 9810
WRITING COORDINATES TO DCD FILE NVT.dcd AT STEP 9820
WRITING COORDINATES TO DCD FILE NVT.dcd AT STEP 9830
WRITING COORDINATES TO DCD FILE NVT.dcd AT STEP 9840
WRITING COORDINATES TO DCD FILE NVT.dcd AT STEP 9850
WRITING COORDINATES TO DCD FILE NVT.dcd AT STEP 9860
WRITING COORDINATES TO DCD FILE NVT.dcd AT STEP 9870
WRITING COORDINATES TO DCD FILE NVT.dcd AT STEP 9880
WRITING COORDINATES TO DCD FILE NVT.dcd AT STEP 9890
WRITING COORDINATES TO DCD FILE NVT.dcd AT STEP 9900
WRITING COORDINATES TO DCD FILE NVT.dcd AT STEP 9910
WRITING COORDINATES TO DCD FILE NVT.dcd AT STEP 9920
WRITING COORDINATES TO DCD FILE NVT.dcd AT STEP 9930
WRITING COORDINATES TO DCD FILE NVT.dcd AT STEP 9940
WRITING COORDINATES TO DCD FILE NVT.dcd AT STEP 9950
WRITING COORDINATES TO DCD FILE NVT.dcd AT STEP 9960
WRITING COORDINATES TO DCD FILE NVT.dcd AT STEP 9970
WRITING COORDINATES TO DCD FILE NVT.dcd AT STEP 9980
WRITING COORDINATES TO DCD FILE NVT.dcd AT STEP 9990
PRESSURE: 10000 148.181 -434.902 467.546 -434.902 561.042 -299.021 467.546 -299.021 340.653
GPRESSURE: 10000 259.927 -384.572 267.228 -412.613 487.441 -203.371 571.425 -401.706 368.911
PRESSAVG: 10000 63.9854 -9.21107 3.94246 -9.21107 150.51 0.543985 3.94246 0.543985 95.4856
GPRESSAVG: 10000 63.4603 -9.91058 2.88324 -8.21254 150.772 0.292121 5.01797 0.685479 95.2718
TIMING: 10000  CPU: 1667.92, 0.166754/step  Wall: 1667.98, 0.16676/step, 1.85289 hours remaining, 841.440043 MB of memory in use.
PERFORMANCE: 10000  averaging 1.03622 ns/day, 0.16676 sec/step with standard deviation 0
ETITLE:      TS           BOND          ANGLE          DIHED          IMPRP               ELECT            VDW       BOUNDARY           MISC        KINETIC               TOTAL           TEMP      POTENTIAL         TOTAL3        TEMPAVG            PRESSURE      GPRESSURE         VOLUME       PRESSAVG      GPRESSAVG

ENERGY:   10000      1481.7812      9017.2290      5639.6457        71.0130         -61519.8275     -1227.8999         0.0000         0.0000     18085.7777         -28452.2807       291.9009    -46538.0584    -28303.1336       292.7198            349.9591       372.0931    263726.8627       103.3269       103.1679

WRITING EXTENDED SYSTEM TO RESTART FILE AT STEP 10000
WRITING COORDINATES TO DCD FILE NVT.dcd AT STEP 10000
WRITING COORDINATES TO RESTART FILE AT STEP 10000
FINISHED WRITING RESTART COORDINATES
WRITING VELOCITIES TO RESTART FILE AT STEP 10000
FINISHED WRITING RESTART VELOCITIES
The last velocity output (seq=10000) takes 0.000 seconds, 841.440 MB of memory in use
WRITING COORDINATES TO DCD FILE NVT.dcd AT STEP 10010
WRITING COORDINATES TO DCD FILE NVT.dcd AT STEP 10020
WRITING COORDINATES TO DCD FILE NVT.dcd AT STEP 10030
WRITING COORDINATES TO DCD FILE NVT.dcd AT STEP 10040
WRITING COORDINATES TO DCD FILE NVT.dcd AT STEP 10050
WRITING COORDINATES TO DCD FILE NVT.dcd AT STEP 10060
WRITING COORDINATES TO DCD FILE NVT.dcd AT STEP 10070
WRITING COORDINATES TO DCD FILE NVT.dcd AT STEP 10080
WRITING COORDINATES TO DCD FILE NVT.dcd AT STEP 10090
WRITING COORDINATES TO DCD FILE NVT.dcd AT STEP 10100
WRITING COORDINATES TO DCD FILE NVT.dcd AT STEP 10110
WRITING COORDINATES TO DCD FILE NVT.dcd AT STEP 10120
WRITING COORDINATES TO DCD FILE NVT.dcd AT STEP 10130
WRITING COORDINATES TO DCD FILE NVT.dcd AT STEP 10140
LDB: ============= START OF LOAD BALANCING ============== 1717.91
LDB: ============== END OF LOAD BALANCING =============== 1717.91
LDB: =============== DONE WITH MIGRATION ================ 1717.91
WRITING COORDINATES TO DCD FILE NVT.dcd AT STEP 10150
WRITING COORDINATES TO DCD FILE NVT.dcd AT STEP 10160
WRITING COORDINATES TO DCD FILE NVT.dcd AT STEP 10170
WRITING COORDINATES TO DCD FILE NVT.dcd AT STEP 10180
WRITING COORDINATES TO DCD FILE NVT.dcd AT STEP 10190
LDB: ============= START OF LOAD BALANCING ============== 1726.26
LDB: ============== END OF LOAD BALANCING =============== 1726.26
LDB: =============== DONE WITH MIGRATION ================ 1726.26
WRITING COORDINATES TO DCD FILE NVT.dcd AT STEP 10200
WRITING COORDINATES TO DCD FILE NVT.dcd AT STEP 10210
WRITING COORDINATES TO DCD FILE NVT.dcd AT STEP 10220
WRITING COORDINATES TO DCD FILE NVT.dcd AT STEP 10230
WRITING COORDINATES TO DCD FILE NVT.dcd AT STEP 10240
WRITING COORDINATES TO DCD FILE NVT.dcd AT STEP 10250
WRITING COORDINATES TO DCD FILE NVT.dcd AT STEP 10260
WRITING COORDINATES TO DCD FILE NVT.dcd AT STEP 10270
WRITING COORDINATES TO DCD FILE NVT.dcd AT STEP 10280
WRITING COORDINATES TO DCD FILE NVT.dcd AT STEP 10290
WRITING COORDINATES TO DCD FILE NVT.dcd AT STEP 10300
WRITING COORDINATES TO DCD FILE NVT.dcd AT STEP 10310
WRITING COORDINATES TO DCD FILE NVT.dcd AT STEP 10320
WRITING COORDINATES TO DCD FILE NVT.dcd AT STEP 10330
WRITING COORDINATES TO DCD FILE NVT.dcd AT STEP 10340
WRITING COORDINATES TO DCD FILE NVT.dcd AT STEP 10350
WRITING COORDINATES TO DCD FILE NVT.dcd AT STEP 10360
WRITING COORDINATES TO DCD FILE NVT.dcd AT STEP 10370
WRITING COORDINATES TO DCD FILE NVT.dcd AT STEP 10380
WRITING COORDINATES TO DCD FILE NVT.dcd AT STEP 10390
WRITING COORDINATES TO DCD FILE NVT.dcd AT STEP 10400
WRITING COORDINATES TO DCD FILE NVT.dcd AT STEP 10410
WRITING COORDINATES TO DCD FILE NVT.dcd AT STEP 10420
WRITING COORDINATES TO DCD FILE NVT.dcd AT STEP 10430
WRITING COORDINATES TO DCD FILE NVT.dcd AT STEP 10440
WRITING COORDINATES TO DCD FILE NVT.dcd AT STEP 10450
WRITING COORDINATES TO DCD FILE NVT.dcd AT STEP 10460
WRITING COORDINATES TO DCD FILE NVT.dcd AT STEP 10470
WRITING COORDINATES TO DCD FILE NVT.dcd AT STEP 10480
WRITING COORDINATES TO DCD FILE NVT.dcd AT STEP 10490
WRITING COORDINATES TO DCD FILE NVT.dcd AT STEP 10500
WRITING COORDINATES TO DCD FILE NVT.dcd AT STEP 10510
WRITING COORDINATES TO DCD FILE NVT.dcd AT STEP 10520
WRITING COORDINATES TO DCD FILE NVT.dcd AT STEP 10530
WRITING COORDINATES TO DCD FILE NVT.dcd AT STEP 10540
WRITING COORDINATES TO DCD FILE NVT.dcd AT STEP 10550
WRITING COORDINATES TO DCD FILE NVT.dcd AT STEP 10560
WRITING COORDINATES TO DCD FILE NVT.dcd AT STEP 10570
WRITING COORDINATES TO DCD FILE NVT.dcd AT STEP 10580
WRITING COORDINATES TO DCD FILE NVT.dcd AT STEP 10590
WRITING COORDINATES TO DCD FILE NVT.dcd AT STEP 10600
WRITING COORDINATES TO DCD FILE NVT.dcd AT STEP 10610
WRITING COORDINATES TO DCD FILE NVT.dcd AT STEP 10620
WRITING COORDINATES TO DCD FILE NVT.dcd AT STEP 10630
WRITING COORDINATES TO DCD FILE NVT.dcd AT STEP 10640
WRITING COORDINATES TO DCD FILE NVT.dcd AT STEP 10650
WRITING COORDINATES TO DCD FILE NVT.dcd AT STEP 10660
WRITING COORDINATES TO DCD FILE NVT.dcd AT STEP 10670
WRITING COORDINATES TO DCD FILE NVT.dcd AT STEP 10680
WRITING COORDINATES TO DCD FILE NVT.dcd AT STEP 10690
WRITING COORDINATES TO DCD FILE NVT.dcd AT STEP 10700
WRITING COORDINATES TO DCD FILE NVT.dcd AT STEP 10710
WRITING COORDINATES TO DCD FILE NVT.dcd AT STEP 10720
WRITING COORDINATES TO DCD FILE NVT.dcd AT STEP 10730
WRITING COORDINATES TO DCD FILE NVT.dcd AT STEP 10740
WRITING COORDINATES TO DCD FILE NVT.dcd AT STEP 10750
WRITING COORDINATES TO DCD FILE NVT.dcd AT STEP 10760
WRITING COORDINATES TO DCD FILE NVT.dcd AT STEP 10770
WRITING COORDINATES TO DCD FILE NVT.dcd AT STEP 10780
WRITING COORDINATES TO DCD FILE NVT.dcd AT STEP 10790
WRITING COORDINATES TO DCD FILE NVT.dcd AT STEP 10800
WRITING COORDINATES TO DCD FILE NVT.dcd AT STEP 10810
WRITING COORDINATES TO DCD FILE NVT.dcd AT STEP 10820
WRITING COORDINATES TO DCD FILE NVT.dcd AT STEP 10830
WRITING COORDINATES TO DCD FILE NVT.dcd AT STEP 10840
WRITING COORDINATES TO DCD FILE NVT.dcd AT STEP 10850
WRITING COORDINATES TO DCD FILE NVT.dcd AT STEP 10860
WRITING COORDINATES TO DCD FILE NVT.dcd AT STEP 10870
WRITING COORDINATES TO DCD FILE NVT.dcd AT STEP 10880
WRITING COORDINATES TO DCD FILE NVT.dcd AT STEP 10890
WRITING COORDINATES TO DCD FILE NVT.dcd AT STEP 10900
WRITING COORDINATES TO DCD FILE NVT.dcd AT STEP 10910
WRITING COORDINATES TO DCD FILE NVT.dcd AT STEP 10920
WRITING COORDINATES TO DCD FILE NVT.dcd AT STEP 10930
WRITING COORDINATES TO DCD FILE NVT.dcd AT STEP 10940
WRITING COORDINATES TO DCD FILE NVT.dcd AT STEP 10950
WRITING COORDINATES TO DCD FILE NVT.dcd AT STEP 10960
WRITING COORDINATES TO DCD FILE NVT.dcd AT STEP 10970
WRITING COORDINATES TO DCD FILE NVT.dcd AT STEP 10980
WRITING COORDINATES TO DCD FILE NVT.dcd AT STEP 10990
PRESSURE: 11000 -764.557 40.9831 -453.177 40.9831 711.934 160.858 -453.177 160.858 434.867
GPRESSURE: 11000 -764.155 161.661 -399.435 -230.409 693.226 119.142 -299.687 -102.127 445.202
PRESSAVG: 11000 35.927 -38.2327 -14.9566 -38.2327 103.66 7.81572 -14.9566 7.81572 132.531
GPRESSAVG: 11000 36.4144 -38.0745 -14.3808 -39.48 103.029 8.24749 -14.8487 7.82873 132.678
ENERGY:   11000      1511.2521      9013.1610      5629.6641        67.3733         -61423.7378     -1462.1263         0.0000         0.0000     18249.1115         -28415.3021       294.5370    -46664.4136    -28262.9375       292.3651            127.4145       124.7578    263726.8627        90.7061        90.7069

WRITING COORDINATES TO DCD FILE NVT.dcd AT STEP 11000
WRITING COORDINATES TO DCD FILE NVT.dcd AT STEP 11010
WRITING COORDINATES TO DCD FILE NVT.dcd AT STEP 11020
WRITING COORDINATES TO DCD FILE NVT.dcd AT STEP 11030
WRITING COORDINATES TO DCD FILE NVT.dcd AT STEP 11040
WRITING COORDINATES TO DCD FILE NVT.dcd AT STEP 11050
WRITING COORDINATES TO DCD FILE NVT.dcd AT STEP 11060
WRITING COORDINATES TO DCD FILE NVT.dcd AT STEP 11070
WRITING COORDINATES TO DCD FILE NVT.dcd AT STEP 11080
WRITING COORDINATES TO DCD FILE NVT.dcd AT STEP 11090
WRITING COORDINATES TO DCD FILE NVT.dcd AT STEP 11100
WRITING COORDINATES TO DCD FILE NVT.dcd AT STEP 11110
WRITING COORDINATES TO DCD FILE NVT.dcd AT STEP 11120
WRITING COORDINATES TO DCD FILE NVT.dcd AT STEP 11130
WRITING COORDINATES TO DCD FILE NVT.dcd AT STEP 11140
WRITING COORDINATES TO DCD FILE NVT.dcd AT STEP 11150
WRITING COORDINATES TO DCD FILE NVT.dcd AT STEP 11160
WRITING COORDINATES TO DCD FILE NVT.dcd AT STEP 11170
WRITING COORDINATES TO DCD FILE NVT.dcd AT STEP 11180
WRITING COORDINATES TO DCD FILE NVT.dcd AT STEP 11190
WRITING COORDINATES TO DCD FILE NVT.dcd AT STEP 11200
WRITING COORDINATES TO DCD FILE NVT.dcd AT STEP 11210
WRITING COORDINATES TO DCD FILE NVT.dcd AT STEP 11220
WRITING COORDINATES TO DCD FILE NVT.dcd AT STEP 11230
WRITING COORDINATES TO DCD FILE NVT.dcd AT STEP 11240
WRITING COORDINATES TO DCD FILE NVT.dcd AT STEP 11250
WRITING COORDINATES TO DCD FILE NVT.dcd AT STEP 11260
WRITING COORDINATES TO DCD FILE NVT.dcd AT STEP 11270
WRITING COORDINATES TO DCD FILE NVT.dcd AT STEP 11280
WRITING COORDINATES TO DCD FILE NVT.dcd AT STEP 11290
WRITING COORDINATES TO DCD FILE NVT.dcd AT STEP 11300
WRITING COORDINATES TO DCD FILE NVT.dcd AT STEP 11310
WRITING COORDINATES TO DCD FILE NVT.dcd AT STEP 11320
WRITING COORDINATES TO DCD FILE NVT.dcd AT STEP 11330
WRITING COORDINATES TO DCD FILE NVT.dcd AT STEP 11340
WRITING COORDINATES TO DCD FILE NVT.dcd AT STEP 11350
WRITING COORDINATES TO DCD FILE NVT.dcd AT STEP 11360
WRITING COORDINATES TO DCD FILE NVT.dcd AT STEP 11370
WRITING COORDINATES TO DCD FILE NVT.dcd AT STEP 11380
WRITING COORDINATES TO DCD FILE NVT.dcd AT STEP 11390
WRITING COORDINATES TO DCD FILE NVT.dcd AT STEP 11400
WRITING COORDINATES TO DCD FILE NVT.dcd AT STEP 11410
WRITING COORDINATES TO DCD FILE NVT.dcd AT STEP 11420
WRITING COORDINATES TO DCD FILE NVT.dcd AT STEP 11430
WRITING COORDINATES TO DCD FILE NVT.dcd AT STEP 11440
WRITING COORDINATES TO DCD FILE NVT.dcd AT STEP 11450
WRITING COORDINATES TO DCD FILE NVT.dcd AT STEP 11460
WRITING COORDINATES TO DCD FILE NVT.dcd AT STEP 11470
WRITING COORDINATES TO DCD FILE NVT.dcd AT STEP 11480
WRITING COORDINATES TO DCD FILE NVT.dcd AT STEP 11490
WRITING COORDINATES TO DCD FILE NVT.dcd AT STEP 11500
WRITING COORDINATES TO DCD FILE NVT.dcd AT STEP 11510
WRITING COORDINATES TO DCD FILE NVT.dcd AT STEP 11520
WRITING COORDINATES TO DCD FILE NVT.dcd AT STEP 11530
WRITING COORDINATES TO DCD FILE NVT.dcd AT STEP 11540
WRITING COORDINATES TO DCD FILE NVT.dcd AT STEP 11550
WRITING COORDINATES TO DCD FILE NVT.dcd AT STEP 11560
WRITING COORDINATES TO DCD FILE NVT.dcd AT STEP 11570
WRITING COORDINATES TO DCD FILE NVT.dcd AT STEP 11580
WRITING COORDINATES TO DCD FILE NVT.dcd AT STEP 11590
WRITING COORDINATES TO DCD FILE NVT.dcd AT STEP 11600
WRITING COORDINATES TO DCD FILE NVT.dcd AT STEP 11610
WRITING COORDINATES TO DCD FILE NVT.dcd AT STEP 11620
WRITING COORDINATES TO DCD FILE NVT.dcd AT STEP 11630
WRITING COORDINATES TO DCD FILE NVT.dcd AT STEP 11640
WRITING COORDINATES TO DCD FILE NVT.dcd AT STEP 11650
WRITING COORDINATES TO DCD FILE NVT.dcd AT STEP 11660
WRITING COORDINATES TO DCD FILE NVT.dcd AT STEP 11670
WRITING COORDINATES TO DCD FILE NVT.dcd AT STEP 11680
WRITING COORDINATES TO DCD FILE NVT.dcd AT STEP 11690
WRITING COORDINATES TO DCD FILE NVT.dcd AT STEP 11700
WRITING COORDINATES TO DCD FILE NVT.dcd AT STEP 11710
WRITING COORDINATES TO DCD FILE NVT.dcd AT STEP 11720
WRITING COORDINATES TO DCD FILE NVT.dcd AT STEP 11730
WRITING COORDINATES TO DCD FILE NVT.dcd AT STEP 11740
WRITING COORDINATES TO DCD FILE NVT.dcd AT STEP 11750
WRITING COORDINATES TO DCD FILE NVT.dcd AT STEP 11760
WRITING COORDINATES TO DCD FILE NVT.dcd AT STEP 11770
WRITING COORDINATES TO DCD FILE NVT.dcd AT STEP 11780
WRITING COORDINATES TO DCD FILE NVT.dcd AT STEP 11790
WRITING COORDINATES TO DCD FILE NVT.dcd AT STEP 11800
WRITING COORDINATES TO DCD FILE NVT.dcd AT STEP 11810
WRITING COORDINATES TO DCD FILE NVT.dcd AT STEP 11820
WRITING COORDINATES TO DCD FILE NVT.dcd AT STEP 11830
WRITING COORDINATES TO DCD FILE NVT.dcd AT STEP 11840
WRITING COORDINATES TO DCD FILE NVT.dcd AT STEP 11850
WRITING COORDINATES TO DCD FILE NVT.dcd AT STEP 11860
WRITING COORDINATES TO DCD FILE NVT.dcd AT STEP 11870
WRITING COORDINATES TO DCD FILE NVT.dcd AT STEP 11880
WRITING COORDINATES TO DCD FILE NVT.dcd AT STEP 11890
WRITING COORDINATES TO DCD FILE NVT.dcd AT STEP 11900
WRITING COORDINATES TO DCD FILE NVT.dcd AT STEP 11910
WRITING COORDINATES TO DCD FILE NVT.dcd AT STEP 11920
WRITING COORDINATES TO DCD FILE NVT.dcd AT STEP 11930
WRITING COORDINATES TO DCD FILE NVT.dcd AT STEP 11940
WRITING COORDINATES TO DCD FILE NVT.dcd AT STEP 11950
WRITING COORDINATES TO DCD FILE NVT.dcd AT STEP 11960
WRITING COORDINATES TO DCD FILE NVT.dcd AT STEP 11970
WRITING COORDINATES TO DCD FILE NVT.dcd AT STEP 11980
WRITING COORDINATES TO DCD FILE NVT.dcd AT STEP 11990
PRESSURE: 12000 -246.348 -533.19 -164.073 -533.19 835.042 -320.515 -164.073 -320.515 32.0441
GPRESSURE: 12000 -359.104 -380.693 -38.3855 -306.783 1003.9 -324.593 -205.597 -145.348 5.47475
PRESSAVG: 12000 -32.5843 23.6774 4.59088 23.6774 73.4593 15.9551 4.59088 15.9551 31.9467
GPRESSAVG: 12000 -32.9912 23.6608 4.18889 24.3235 73.8905 15.8864 3.69246 16.1785 32.1494
ENERGY:   12000      1582.4447      9002.1615      5653.6312        68.8274         -61400.1649     -1309.1683         0.0000         0.0000     18064.5539         -28337.7145       291.5583    -46402.2685    -28195.1096       291.5845            206.9126       216.7557    263726.8627        24.2739        24.3496

WRITING COORDINATES TO DCD FILE NVT.dcd AT STEP 12000
WRITING COORDINATES TO DCD FILE NVT.dcd AT STEP 12010
WRITING COORDINATES TO DCD FILE NVT.dcd AT STEP 12020
WRITING COORDINATES TO DCD FILE NVT.dcd AT STEP 12030
WRITING COORDINATES TO DCD FILE NVT.dcd AT STEP 12040
WRITING COORDINATES TO DCD FILE NVT.dcd AT STEP 12050
WRITING COORDINATES TO DCD FILE NVT.dcd AT STEP 12060
WRITING COORDINATES TO DCD FILE NVT.dcd AT STEP 12070
WRITING COORDINATES TO DCD FILE NVT.dcd AT STEP 12080
WRITING COORDINATES TO DCD FILE NVT.dcd AT STEP 12090
WRITING COORDINATES TO DCD FILE NVT.dcd AT STEP 12100
WRITING COORDINATES TO DCD FILE NVT.dcd AT STEP 12110
WRITING COORDINATES TO DCD FILE NVT.dcd AT STEP 12120
WRITING COORDINATES TO DCD FILE NVT.dcd AT STEP 12130
WRITING COORDINATES TO DCD FILE NVT.dcd AT STEP 12140
LDB: ============= START OF LOAD BALANCING ============== 2051.93
LDB: ============== END OF LOAD BALANCING =============== 2051.93
LDB: =============== DONE WITH MIGRATION ================ 2051.93
WRITING COORDINATES TO DCD FILE NVT.dcd AT STEP 12150
WRITING COORDINATES TO DCD FILE NVT.dcd AT STEP 12160
WRITING COORDINATES TO DCD FILE NVT.dcd AT STEP 12170
WRITING COORDINATES TO DCD FILE NVT.dcd AT STEP 12180
WRITING COORDINATES TO DCD FILE NVT.dcd AT STEP 12190
LDB: ============= START OF LOAD BALANCING ============== 2060.29
LDB: ============== END OF LOAD BALANCING =============== 2060.29
LDB: =============== DONE WITH MIGRATION ================ 2060.29
WRITING COORDINATES TO DCD FILE NVT.dcd AT STEP 12200
WRITING COORDINATES TO DCD FILE NVT.dcd AT STEP 12210
WRITING COORDINATES TO DCD FILE NVT.dcd AT STEP 12220
WRITING COORDINATES TO DCD FILE NVT.dcd AT STEP 12230
WRITING COORDINATES TO DCD FILE NVT.dcd AT STEP 12240
WRITING COORDINATES TO DCD FILE NVT.dcd AT STEP 12250
WRITING COORDINATES TO DCD FILE NVT.dcd AT STEP 12260
WRITING COORDINATES TO DCD FILE NVT.dcd AT STEP 12270
WRITING COORDINATES TO DCD FILE NVT.dcd AT STEP 12280
WRITING COORDINATES TO DCD FILE NVT.dcd AT STEP 12290
WRITING COORDINATES TO DCD FILE NVT.dcd AT STEP 12300
WRITING COORDINATES TO DCD FILE NVT.dcd AT STEP 12310
WRITING COORDINATES TO DCD FILE NVT.dcd AT STEP 12320
WRITING COORDINATES TO DCD FILE NVT.dcd AT STEP 12330
WRITING COORDINATES TO DCD FILE NVT.dcd AT STEP 12340
WRITING COORDINATES TO DCD FILE NVT.dcd AT STEP 12350
WRITING COORDINATES TO DCD FILE NVT.dcd AT STEP 12360
WRITING COORDINATES TO DCD FILE NVT.dcd AT STEP 12370
WRITING COORDINATES TO DCD FILE NVT.dcd AT STEP 12380
WRITING COORDINATES TO DCD FILE NVT.dcd AT STEP 12390
WRITING COORDINATES TO DCD FILE NVT.dcd AT STEP 12400
WRITING COORDINATES TO DCD FILE NVT.dcd AT STEP 12410
WRITING COORDINATES TO DCD FILE NVT.dcd AT STEP 12420
WRITING COORDINATES TO DCD FILE NVT.dcd AT STEP 12430
WRITING COORDINATES TO DCD FILE NVT.dcd AT STEP 12440
WRITING COORDINATES TO DCD FILE NVT.dcd AT STEP 12450
WRITING COORDINATES TO DCD FILE NVT.dcd AT STEP 12460
WRITING COORDINATES TO DCD FILE NVT.dcd AT STEP 12470
WRITING COORDINATES TO DCD FILE NVT.dcd AT STEP 12480
WRITING COORDINATES TO DCD FILE NVT.dcd AT STEP 12490
WRITING COORDINATES TO DCD FILE NVT.dcd AT STEP 12500
WRITING COORDINATES TO DCD FILE NVT.dcd AT STEP 12510
WRITING COORDINATES TO DCD FILE NVT.dcd AT STEP 12520
WRITING COORDINATES TO DCD FILE NVT.dcd AT STEP 12530
WRITING COORDINATES TO DCD FILE NVT.dcd AT STEP 12540
WRITING COORDINATES TO DCD FILE NVT.dcd AT STEP 12550
WRITING COORDINATES TO DCD FILE NVT.dcd AT STEP 12560
WRITING COORDINATES TO DCD FILE NVT.dcd AT STEP 12570
WRITING COORDINATES TO DCD FILE NVT.dcd AT STEP 12580
WRITING COORDINATES TO DCD FILE NVT.dcd AT STEP 12590
WRITING COORDINATES TO DCD FILE NVT.dcd AT STEP 12600
WRITING COORDINATES TO DCD FILE NVT.dcd AT STEP 12610
WRITING COORDINATES TO DCD FILE NVT.dcd AT STEP 12620
WRITING COORDINATES TO DCD FILE NVT.dcd AT STEP 12630
WRITING COORDINATES TO DCD FILE NVT.dcd AT STEP 12640
WRITING COORDINATES TO DCD FILE NVT.dcd AT STEP 12650
WRITING COORDINATES TO DCD FILE NVT.dcd AT STEP 12660
WRITING COORDINATES TO DCD FILE NVT.dcd AT STEP 12670
WRITING COORDINATES TO DCD FILE NVT.dcd AT STEP 12680
WRITING COORDINATES TO DCD FILE NVT.dcd AT STEP 12690
WRITING COORDINATES TO DCD FILE NVT.dcd AT STEP 12700
WRITING COORDINATES TO DCD FILE NVT.dcd AT STEP 12710
WRITING COORDINATES TO DCD FILE NVT.dcd AT STEP 12720
WRITING COORDINATES TO DCD FILE NVT.dcd AT STEP 12730
WRITING COORDINATES TO DCD FILE NVT.dcd AT STEP 12740
WRITING COORDINATES TO DCD FILE NVT.dcd AT STEP 12750
WRITING COORDINATES TO DCD FILE NVT.dcd AT STEP 12760
WRITING COORDINATES TO DCD FILE NVT.dcd AT STEP 12770
WRITING COORDINATES TO DCD FILE NVT.dcd AT STEP 12780
WRITING COORDINATES TO DCD FILE NVT.dcd AT STEP 12790
WRITING COORDINATES TO DCD FILE NVT.dcd AT STEP 12800
WRITING COORDINATES TO DCD FILE NVT.dcd AT STEP 12810
WRITING COORDINATES TO DCD FILE NVT.dcd AT STEP 12820
WRITING COORDINATES TO DCD FILE NVT.dcd AT STEP 12830
WRITING COORDINATES TO DCD FILE NVT.dcd AT STEP 12840
WRITING COORDINATES TO DCD FILE NVT.dcd AT STEP 12850
WRITING COORDINATES TO DCD FILE NVT.dcd AT STEP 12860
WRITING COORDINATES TO DCD FILE NVT.dcd AT STEP 12870
WRITING COORDINATES TO DCD FILE NVT.dcd AT STEP 12880
WRITING COORDINATES TO DCD FILE NVT.dcd AT STEP 12890
WRITING COORDINATES TO DCD FILE NVT.dcd AT STEP 12900
WRITING COORDINATES TO DCD FILE NVT.dcd AT STEP 12910
WRITING COORDINATES TO DCD FILE NVT.dcd AT STEP 12920
WRITING COORDINATES TO DCD FILE NVT.dcd AT STEP 12930
WRITING COORDINATES TO DCD FILE NVT.dcd AT STEP 12940
WRITING COORDINATES TO DCD FILE NVT.dcd AT STEP 12950
WRITING COORDINATES TO DCD FILE NVT.dcd AT STEP 12960
WRITING COORDINATES TO DCD FILE NVT.dcd AT STEP 12970
WRITING COORDINATES TO DCD FILE NVT.dcd AT STEP 12980
WRITING COORDINATES TO DCD FILE NVT.dcd AT STEP 12990
PRESSURE: 13000 -199.492 -1.33882 -317.801 -1.33882 121.163 -420.261 -317.801 -420.261 472.159
GPRESSURE: 13000 -136.432 191.472 -345.382 272.231 161.727 -519.362 -133.024 -393.623 378.36
PRESSAVG: 13000 115.5 9.70523 -62.7367 9.70523 24.9024 38.8273 -62.7367 38.8273 -56.9162
GPRESSAVG: 13000 115.969 9.75881 -62.7052 10.4102 24.3622 38.0872 -62.4977 39.2227 -57.1124
ENERGY:   13000      1524.3940      8964.7637      5651.5513        67.3480         -61598.5173     -1191.3838         0.0000         0.0000     18178.9435         -28402.9006       293.4046    -46581.8441    -28257.4230       292.7685            131.2770       134.5516    263726.8627        27.8288        27.7396

WRITING COORDINATES TO DCD FILE NVT.dcd AT STEP 13000
WRITING COORDINATES TO DCD FILE NVT.dcd AT STEP 13010
WRITING COORDINATES TO DCD FILE NVT.dcd AT STEP 13020
WRITING COORDINATES TO DCD FILE NVT.dcd AT STEP 13030
WRITING COORDINATES TO DCD FILE NVT.dcd AT STEP 13040
WRITING COORDINATES TO DCD FILE NVT.dcd AT STEP 13050
WRITING COORDINATES TO DCD FILE NVT.dcd AT STEP 13060
WRITING COORDINATES TO DCD FILE NVT.dcd AT STEP 13070
WRITING COORDINATES TO DCD FILE NVT.dcd AT STEP 13080
WRITING COORDINATES TO DCD FILE NVT.dcd AT STEP 13090
WRITING COORDINATES TO DCD FILE NVT.dcd AT STEP 13100
WRITING COORDINATES TO DCD FILE NVT.dcd AT STEP 13110
WRITING COORDINATES TO DCD FILE NVT.dcd AT STEP 13120
WRITING COORDINATES TO DCD FILE NVT.dcd AT STEP 13130
WRITING COORDINATES TO DCD FILE NVT.dcd AT STEP 13140
WRITING COORDINATES TO DCD FILE NVT.dcd AT STEP 13150
WRITING COORDINATES TO DCD FILE NVT.dcd AT STEP 13160
WRITING COORDINATES TO DCD FILE NVT.dcd AT STEP 13170
WRITING COORDINATES TO DCD FILE NVT.dcd AT STEP 13180
WRITING COORDINATES TO DCD FILE NVT.dcd AT STEP 13190
WRITING COORDINATES TO DCD FILE NVT.dcd AT STEP 13200
WRITING COORDINATES TO DCD FILE NVT.dcd AT STEP 13210
WRITING COORDINATES TO DCD FILE NVT.dcd AT STEP 13220
WRITING COORDINATES TO DCD FILE NVT.dcd AT STEP 13230
WRITING COORDINATES TO DCD FILE NVT.dcd AT STEP 13240
WRITING COORDINATES TO DCD FILE NVT.dcd AT STEP 13250
WRITING COORDINATES TO DCD FILE NVT.dcd AT STEP 13260
WRITING COORDINATES TO DCD FILE NVT.dcd AT STEP 13270
WRITING COORDINATES TO DCD FILE NVT.dcd AT STEP 13280
WRITING COORDINATES TO DCD FILE NVT.dcd AT STEP 13290
WRITING COORDINATES TO DCD FILE NVT.dcd AT STEP 13300
WRITING COORDINATES TO DCD FILE NVT.dcd AT STEP 13310
WRITING COORDINATES TO DCD FILE NVT.dcd AT STEP 13320
WRITING COORDINATES TO DCD FILE NVT.dcd AT STEP 13330
WRITING COORDINATES TO DCD FILE NVT.dcd AT STEP 13340
WRITING COORDINATES TO DCD FILE NVT.dcd AT STEP 13350
WRITING COORDINATES TO DCD FILE NVT.dcd AT STEP 13360
WRITING COORDINATES TO DCD FILE NVT.dcd AT STEP 13370
WRITING COORDINATES TO DCD FILE NVT.dcd AT STEP 13380
WRITING COORDINATES TO DCD FILE NVT.dcd AT STEP 13390
WRITING COORDINATES TO DCD FILE NVT.dcd AT STEP 13400
WRITING COORDINATES TO DCD FILE NVT.dcd AT STEP 13410
WRITING COORDINATES TO DCD FILE NVT.dcd AT STEP 13420
WRITING COORDINATES TO DCD FILE NVT.dcd AT STEP 13430
WRITING COORDINATES TO DCD FILE NVT.dcd AT STEP 13440
WRITING COORDINATES TO DCD FILE NVT.dcd AT STEP 13450
WRITING COORDINATES TO DCD FILE NVT.dcd AT STEP 13460
WRITING COORDINATES TO DCD FILE NVT.dcd AT STEP 13470
WRITING COORDINATES TO DCD FILE NVT.dcd AT STEP 13480
WRITING COORDINATES TO DCD FILE NVT.dcd AT STEP 13490
WRITING COORDINATES TO DCD FILE NVT.dcd AT STEP 13500
WRITING COORDINATES TO DCD FILE NVT.dcd AT STEP 13510
WRITING COORDINATES TO DCD FILE NVT.dcd AT STEP 13520
WRITING COORDINATES TO DCD FILE NVT.dcd AT STEP 13530
WRITING COORDINATES TO DCD FILE NVT.dcd AT STEP 13540
WRITING COORDINATES TO DCD FILE NVT.dcd AT STEP 13550
WRITING COORDINATES TO DCD FILE NVT.dcd AT STEP 13560
WRITING COORDINATES TO DCD FILE NVT.dcd AT STEP 13570
WRITING COORDINATES TO DCD FILE NVT.dcd AT STEP 13580
WRITING COORDINATES TO DCD FILE NVT.dcd AT STEP 13590
WRITING COORDINATES TO DCD FILE NVT.dcd AT STEP 13600
WRITING COORDINATES TO DCD FILE NVT.dcd AT STEP 13610
WRITING COORDINATES TO DCD FILE NVT.dcd AT STEP 13620
WRITING COORDINATES TO DCD FILE NVT.dcd AT STEP 13630
WRITING COORDINATES TO DCD FILE NVT.dcd AT STEP 13640
WRITING COORDINATES TO DCD FILE NVT.dcd AT STEP 13650
WRITING COORDINATES TO DCD FILE NVT.dcd AT STEP 13660
WRITING COORDINATES TO DCD FILE NVT.dcd AT STEP 13670
WRITING COORDINATES TO DCD FILE NVT.dcd AT STEP 13680
WRITING COORDINATES TO DCD FILE NVT.dcd AT STEP 13690
WRITING COORDINATES TO DCD FILE NVT.dcd AT STEP 13700
WRITING COORDINATES TO DCD FILE NVT.dcd AT STEP 13710
WRITING COORDINATES TO DCD FILE NVT.dcd AT STEP 13720
WRITING COORDINATES TO DCD FILE NVT.dcd AT STEP 13730
WRITING COORDINATES TO DCD FILE NVT.dcd AT STEP 13740
WRITING COORDINATES TO DCD FILE NVT.dcd AT STEP 13750
WRITING COORDINATES TO DCD FILE NVT.dcd AT STEP 13760
WRITING COORDINATES TO DCD FILE NVT.dcd AT STEP 13770
WRITING COORDINATES TO DCD FILE NVT.dcd AT STEP 13780
WRITING COORDINATES TO DCD FILE NVT.dcd AT STEP 13790
WRITING COORDINATES TO DCD FILE NVT.dcd AT STEP 13800
WRITING COORDINATES TO DCD FILE NVT.dcd AT STEP 13810
WRITING COORDINATES TO DCD FILE NVT.dcd AT STEP 13820
WRITING COORDINATES TO DCD FILE NVT.dcd AT STEP 13830
WRITING COORDINATES TO DCD FILE NVT.dcd AT STEP 13840
WRITING COORDINATES TO DCD FILE NVT.dcd AT STEP 13850
WRITING COORDINATES TO DCD FILE NVT.dcd AT STEP 13860
WRITING COORDINATES TO DCD FILE NVT.dcd AT STEP 13870
WRITING COORDINATES TO DCD FILE NVT.dcd AT STEP 13880
WRITING COORDINATES TO DCD FILE NVT.dcd AT STEP 13890
WRITING COORDINATES TO DCD FILE NVT.dcd AT STEP 13900
WRITING COORDINATES TO DCD FILE NVT.dcd AT STEP 13910
WRITING COORDINATES TO DCD FILE NVT.dcd AT STEP 13920
WRITING COORDINATES TO DCD FILE NVT.dcd AT STEP 13930
WRITING COORDINATES TO DCD FILE NVT.dcd AT STEP 13940
WRITING COORDINATES TO DCD FILE NVT.dcd AT STEP 13950
WRITING COORDINATES TO DCD FILE NVT.dcd AT STEP 13960
WRITING COORDINATES TO DCD FILE NVT.dcd AT STEP 13970
WRITING COORDINATES TO DCD FILE NVT.dcd AT STEP 13980
WRITING COORDINATES TO DCD FILE NVT.dcd AT STEP 13990
PRESSURE: 14000 -213.628 237.68 193.445 237.68 -130.303 -460.224 193.445 -460.224 -415.126
GPRESSURE: 14000 7.20857 336.156 101.027 472.478 -7.81363 -294.702 276.2 -353.949 -661.145
PRESSAVG: 14000 117.003 70.9889 -0.370062 70.9889 101.588 27.2019 -0.370062 27.2019 155.094
GPRESSAVG: 14000 117.056 71.1993 -0.289743 70.3568 102.293 27.3236 -0.530364 26.7075 154.752
ENERGY:   14000      1536.9464      9036.3745      5663.1085        60.5352         -61482.4545     -1319.7274         0.0000         0.0000     18067.4022         -28437.8150       291.6043    -46505.2173    -28294.5744       292.6270           -253.0189      -220.5834    263726.8627       124.5617       124.7003

WRITING COORDINATES TO DCD FILE NVT.dcd AT STEP 14000
WRITING COORDINATES TO DCD FILE NVT.dcd AT STEP 14010
WRITING COORDINATES TO DCD FILE NVT.dcd AT STEP 14020
WRITING COORDINATES TO DCD FILE NVT.dcd AT STEP 14030
WRITING COORDINATES TO DCD FILE NVT.dcd AT STEP 14040
WRITING COORDINATES TO DCD FILE NVT.dcd AT STEP 14050
WRITING COORDINATES TO DCD FILE NVT.dcd AT STEP 14060
WRITING COORDINATES TO DCD FILE NVT.dcd AT STEP 14070
WRITING COORDINATES TO DCD FILE NVT.dcd AT STEP 14080
WRITING COORDINATES TO DCD FILE NVT.dcd AT STEP 14090
WRITING COORDINATES TO DCD FILE NVT.dcd AT STEP 14100
WRITING COORDINATES TO DCD FILE NVT.dcd AT STEP 14110
WRITING COORDINATES TO DCD FILE NVT.dcd AT STEP 14120
WRITING COORDINATES TO DCD FILE NVT.dcd AT STEP 14130
WRITING COORDINATES TO DCD FILE NVT.dcd AT STEP 14140
LDB: ============= START OF LOAD BALANCING ============== 2386.1
LDB: ============== END OF LOAD BALANCING =============== 2386.1
LDB: =============== DONE WITH MIGRATION ================ 2386.1
WRITING COORDINATES TO DCD FILE NVT.dcd AT STEP 14150
WRITING COORDINATES TO DCD FILE NVT.dcd AT STEP 14160
WRITING COORDINATES TO DCD FILE NVT.dcd AT STEP 14170
WRITING COORDINATES TO DCD FILE NVT.dcd AT STEP 14180
WRITING COORDINATES TO DCD FILE NVT.dcd AT STEP 14190
LDB: ============= START OF LOAD BALANCING ============== 2394.45
LDB: ============== END OF LOAD BALANCING =============== 2394.45
LDB: =============== DONE WITH MIGRATION ================ 2394.45
WRITING COORDINATES TO DCD FILE NVT.dcd AT STEP 14200
WRITING COORDINATES TO DCD FILE NVT.dcd AT STEP 14210
WRITING COORDINATES TO DCD FILE NVT.dcd AT STEP 14220
WRITING COORDINATES TO DCD FILE NVT.dcd AT STEP 14230
WRITING COORDINATES TO DCD FILE NVT.dcd AT STEP 14240
WRITING COORDINATES TO DCD FILE NVT.dcd AT STEP 14250
WRITING COORDINATES TO DCD FILE NVT.dcd AT STEP 14260
WRITING COORDINATES TO DCD FILE NVT.dcd AT STEP 14270
WRITING COORDINATES TO DCD FILE NVT.dcd AT STEP 14280
WRITING COORDINATES TO DCD FILE NVT.dcd AT STEP 14290
WRITING COORDINATES TO DCD FILE NVT.dcd AT STEP 14300
WRITING COORDINATES TO DCD FILE NVT.dcd AT STEP 14310
WRITING COORDINATES TO DCD FILE NVT.dcd AT STEP 14320
WRITING COORDINATES TO DCD FILE NVT.dcd AT STEP 14330
WRITING COORDINATES TO DCD FILE NVT.dcd AT STEP 14340
WRITING COORDINATES TO DCD FILE NVT.dcd AT STEP 14350
WRITING COORDINATES TO DCD FILE NVT.dcd AT STEP 14360
WRITING COORDINATES TO DCD FILE NVT.dcd AT STEP 14370
WRITING COORDINATES TO DCD FILE NVT.dcd AT STEP 14380
WRITING COORDINATES TO DCD FILE NVT.dcd AT STEP 14390
WRITING COORDINATES TO DCD FILE NVT.dcd AT STEP 14400
WRITING COORDINATES TO DCD FILE NVT.dcd AT STEP 14410
WRITING COORDINATES TO DCD FILE NVT.dcd AT STEP 14420
WRITING COORDINATES TO DCD FILE NVT.dcd AT STEP 14430
WRITING COORDINATES TO DCD FILE NVT.dcd AT STEP 14440
WRITING COORDINATES TO DCD FILE NVT.dcd AT STEP 14450
WRITING COORDINATES TO DCD FILE NVT.dcd AT STEP 14460
WRITING COORDINATES TO DCD FILE NVT.dcd AT STEP 14470
WRITING COORDINATES TO DCD FILE NVT.dcd AT STEP 14480
WRITING COORDINATES TO DCD FILE NVT.dcd AT STEP 14490
WRITING COORDINATES TO DCD FILE NVT.dcd AT STEP 14500
WRITING COORDINATES TO DCD FILE NVT.dcd AT STEP 14510
WRITING COORDINATES TO DCD FILE NVT.dcd AT STEP 14520
WRITING COORDINATES TO DCD FILE NVT.dcd AT STEP 14530
WRITING COORDINATES TO DCD FILE NVT.dcd AT STEP 14540
WRITING COORDINATES TO DCD FILE NVT.dcd AT STEP 14550
WRITING COORDINATES TO DCD FILE NVT.dcd AT STEP 14560
WRITING COORDINATES TO DCD FILE NVT.dcd AT STEP 14570
WRITING COORDINATES TO DCD FILE NVT.dcd AT STEP 14580
WRITING COORDINATES TO DCD FILE NVT.dcd AT STEP 14590
WRITING COORDINATES TO DCD FILE NVT.dcd AT STEP 14600
WRITING COORDINATES TO DCD FILE NVT.dcd AT STEP 14610
WRITING COORDINATES TO DCD FILE NVT.dcd AT STEP 14620
WRITING COORDINATES TO DCD FILE NVT.dcd AT STEP 14630
WRITING COORDINATES TO DCD FILE NVT.dcd AT STEP 14640
WRITING COORDINATES TO DCD FILE NVT.dcd AT STEP 14650
WRITING COORDINATES TO DCD FILE NVT.dcd AT STEP 14660
WRITING COORDINATES TO DCD FILE NVT.dcd AT STEP 14670
WRITING COORDINATES TO DCD FILE NVT.dcd AT STEP 14680
WRITING COORDINATES TO DCD FILE NVT.dcd AT STEP 14690
WRITING COORDINATES TO DCD FILE NVT.dcd AT STEP 14700
WRITING COORDINATES TO DCD FILE NVT.dcd AT STEP 14710
WRITING COORDINATES TO DCD FILE NVT.dcd AT STEP 14720
WRITING COORDINATES TO DCD FILE NVT.dcd AT STEP 14730
WRITING COORDINATES TO DCD FILE NVT.dcd AT STEP 14740
WRITING COORDINATES TO DCD FILE NVT.dcd AT STEP 14750
WRITING COORDINATES TO DCD FILE NVT.dcd AT STEP 14760
WRITING COORDINATES TO DCD FILE NVT.dcd AT STEP 14770
WRITING COORDINATES TO DCD FILE NVT.dcd AT STEP 14780
WRITING COORDINATES TO DCD FILE NVT.dcd AT STEP 14790
WRITING COORDINATES TO DCD FILE NVT.dcd AT STEP 14800
WRITING COORDINATES TO DCD FILE NVT.dcd AT STEP 14810
WRITING COORDINATES TO DCD FILE NVT.dcd AT STEP 14820
WRITING COORDINATES TO DCD FILE NVT.dcd AT STEP 14830
WRITING COORDINATES TO DCD FILE NVT.dcd AT STEP 14840
WRITING COORDINATES TO DCD FILE NVT.dcd AT STEP 14850
WRITING COORDINATES TO DCD FILE NVT.dcd AT STEP 14860
WRITING COORDINATES TO DCD FILE NVT.dcd AT STEP 14870
WRITING COORDINATES TO DCD FILE NVT.dcd AT STEP 14880
WRITING COORDINATES TO DCD FILE NVT.dcd AT STEP 14890
WRITING COORDINATES TO DCD FILE NVT.dcd AT STEP 14900
WRITING COORDINATES TO DCD FILE NVT.dcd AT STEP 14910
WRITING COORDINATES TO DCD FILE NVT.dcd AT STEP 14920
WRITING COORDINATES TO DCD FILE NVT.dcd AT STEP 14930
WRITING COORDINATES TO DCD FILE NVT.dcd AT STEP 14940
WRITING COORDINATES TO DCD FILE NVT.dcd AT STEP 14950
WRITING COORDINATES TO DCD FILE NVT.dcd AT STEP 14960
WRITING COORDINATES TO DCD FILE NVT.dcd AT STEP 14970
WRITING COORDINATES TO DCD FILE NVT.dcd AT STEP 14980
WRITING COORDINATES TO DCD FILE NVT.dcd AT STEP 14990
PRESSURE: 15000 -265.659 -459.648 -516.364 -459.648 174.082 -47.5872 -516.364 -47.5872 623.988
GPRESSURE: 15000 -232.32 -345.008 -472.686 -379.339 14.8516 40.9143 -610.939 -24.5271 802.376
PRESSAVG: 15000 117.963 34.1336 -0.681316 34.1336 116.347 -7.55652 -0.681316 -7.55652 60.993
GPRESSAVG: 15000 118.088 34.1526 -0.628349 34.0129 115.876 -7.34858 0.0607433 -7.42451 61.5935
ENERGY:   15000      1522.8806      9064.5812      5635.6956        80.6863         -61404.9449     -1330.9817         0.0000         0.0000     18186.7070         -28245.3758       293.5299    -46432.0828    -28099.2257       292.8304            177.4704       194.9692    263726.8627        98.4345        98.5189

WRITING EXTENDED SYSTEM TO RESTART FILE AT STEP 15000
WRITING COORDINATES TO DCD FILE NVT.dcd AT STEP 15000
WRITING COORDINATES TO RESTART FILE AT STEP 15000
FINISHED WRITING RESTART COORDINATES
WRITING VELOCITIES TO RESTART FILE AT STEP 15000
FINISHED WRITING RESTART VELOCITIES
The last velocity output (seq=15000) takes 0.000 seconds, 841.440 MB of memory in use
WRITING COORDINATES TO DCD FILE NVT.dcd AT STEP 15010
WRITING COORDINATES TO DCD FILE NVT.dcd AT STEP 15020
WRITING COORDINATES TO DCD FILE NVT.dcd AT STEP 15030
WRITING COORDINATES TO DCD FILE NVT.dcd AT STEP 15040
WRITING COORDINATES TO DCD FILE NVT.dcd AT STEP 15050
WRITING COORDINATES TO DCD FILE NVT.dcd AT STEP 15060
WRITING COORDINATES TO DCD FILE NVT.dcd AT STEP 15070
WRITING COORDINATES TO DCD FILE NVT.dcd AT STEP 15080
WRITING COORDINATES TO DCD FILE NVT.dcd AT STEP 15090
WRITING COORDINATES TO DCD FILE NVT.dcd AT STEP 15100
WRITING COORDINATES TO DCD FILE NVT.dcd AT STEP 15110
WRITING COORDINATES TO DCD FILE NVT.dcd AT STEP 15120
WRITING COORDINATES TO DCD FILE NVT.dcd AT STEP 15130
WRITING COORDINATES TO DCD FILE NVT.dcd AT STEP 15140
WRITING COORDINATES TO DCD FILE NVT.dcd AT STEP 15150
WRITING COORDINATES TO DCD FILE NVT.dcd AT STEP 15160
WRITING COORDINATES TO DCD FILE NVT.dcd AT STEP 15170
WRITING COORDINATES TO DCD FILE NVT.dcd AT STEP 15180
WRITING COORDINATES TO DCD FILE NVT.dcd AT STEP 15190
WRITING COORDINATES TO DCD FILE NVT.dcd AT STEP 15200
WRITING COORDINATES TO DCD FILE NVT.dcd AT STEP 15210
WRITING COORDINATES TO DCD FILE NVT.dcd AT STEP 15220
WRITING COORDINATES TO DCD FILE NVT.dcd AT STEP 15230
WRITING COORDINATES TO DCD FILE NVT.dcd AT STEP 15240
WRITING COORDINATES TO DCD FILE NVT.dcd AT STEP 15250
WRITING COORDINATES TO DCD FILE NVT.dcd AT STEP 15260
WRITING COORDINATES TO DCD FILE NVT.dcd AT STEP 15270
WRITING COORDINATES TO DCD FILE NVT.dcd AT STEP 15280
WRITING COORDINATES TO DCD FILE NVT.dcd AT STEP 15290
WRITING COORDINATES TO DCD FILE NVT.dcd AT STEP 15300
WRITING COORDINATES TO DCD FILE NVT.dcd AT STEP 15310
WRITING COORDINATES TO DCD FILE NVT.dcd AT STEP 15320
WRITING COORDINATES TO DCD FILE NVT.dcd AT STEP 15330
WRITING COORDINATES TO DCD FILE NVT.dcd AT STEP 15340
WRITING COORDINATES TO DCD FILE NVT.dcd AT STEP 15350
WRITING COORDINATES TO DCD FILE NVT.dcd AT STEP 15360
WRITING COORDINATES TO DCD FILE NVT.dcd AT STEP 15370
WRITING COORDINATES TO DCD FILE NVT.dcd AT STEP 15380
WRITING COORDINATES TO DCD FILE NVT.dcd AT STEP 15390
WRITING COORDINATES TO DCD FILE NVT.dcd AT STEP 15400
WRITING COORDINATES TO DCD FILE NVT.dcd AT STEP 15410
WRITING COORDINATES TO DCD FILE NVT.dcd AT STEP 15420
WRITING COORDINATES TO DCD FILE NVT.dcd AT STEP 15430
WRITING COORDINATES TO DCD FILE NVT.dcd AT STEP 15440
WRITING COORDINATES TO DCD FILE NVT.dcd AT STEP 15450
WRITING COORDINATES TO DCD FILE NVT.dcd AT STEP 15460
WRITING COORDINATES TO DCD FILE NVT.dcd AT STEP 15470
WRITING COORDINATES TO DCD FILE NVT.dcd AT STEP 15480
WRITING COORDINATES TO DCD FILE NVT.dcd AT STEP 15490
WRITING COORDINATES TO DCD FILE NVT.dcd AT STEP 15500
WRITING COORDINATES TO DCD FILE NVT.dcd AT STEP 15510
WRITING COORDINATES TO DCD FILE NVT.dcd AT STEP 15520
WRITING COORDINATES TO DCD FILE NVT.dcd AT STEP 15530
WRITING COORDINATES TO DCD FILE NVT.dcd AT STEP 15540
WRITING COORDINATES TO DCD FILE NVT.dcd AT STEP 15550
WRITING COORDINATES TO DCD FILE NVT.dcd AT STEP 15560
WRITING COORDINATES TO DCD FILE NVT.dcd AT STEP 15570
WRITING COORDINATES TO DCD FILE NVT.dcd AT STEP 15580
WRITING COORDINATES TO DCD FILE NVT.dcd AT STEP 15590
WRITING COORDINATES TO DCD FILE NVT.dcd AT STEP 15600
WRITING COORDINATES TO DCD FILE NVT.dcd AT STEP 15610
WRITING COORDINATES TO DCD FILE NVT.dcd AT STEP 15620
WRITING COORDINATES TO DCD FILE NVT.dcd AT STEP 15630
WRITING COORDINATES TO DCD FILE NVT.dcd AT STEP 15640
WRITING COORDINATES TO DCD FILE NVT.dcd AT STEP 15650
WRITING COORDINATES TO DCD FILE NVT.dcd AT STEP 15660
WRITING COORDINATES TO DCD FILE NVT.dcd AT STEP 15670
WRITING COORDINATES TO DCD FILE NVT.dcd AT STEP 15680
WRITING COORDINATES TO DCD FILE NVT.dcd AT STEP 15690
WRITING COORDINATES TO DCD FILE NVT.dcd AT STEP 15700
WRITING COORDINATES TO DCD FILE NVT.dcd AT STEP 15710
WRITING COORDINATES TO DCD FILE NVT.dcd AT STEP 15720
WRITING COORDINATES TO DCD FILE NVT.dcd AT STEP 15730
WRITING COORDINATES TO DCD FILE NVT.dcd AT STEP 15740
WRITING COORDINATES TO DCD FILE NVT.dcd AT STEP 15750
WRITING COORDINATES TO DCD FILE NVT.dcd AT STEP 15760
WRITING COORDINATES TO DCD FILE NVT.dcd AT STEP 15770
WRITING COORDINATES TO DCD FILE NVT.dcd AT STEP 15780
WRITING COORDINATES TO DCD FILE NVT.dcd AT STEP 15790
WRITING COORDINATES TO DCD FILE NVT.dcd AT STEP 15800
WRITING COORDINATES TO DCD FILE NVT.dcd AT STEP 15810
WRITING COORDINATES TO DCD FILE NVT.dcd AT STEP 15820
WRITING COORDINATES TO DCD FILE NVT.dcd AT STEP 15830
WRITING COORDINATES TO DCD FILE NVT.dcd AT STEP 15840
WRITING COORDINATES TO DCD FILE NVT.dcd AT STEP 15850
WRITING COORDINATES TO DCD FILE NVT.dcd AT STEP 15860
WRITING COORDINATES TO DCD FILE NVT.dcd AT STEP 15870
WRITING COORDINATES TO DCD FILE NVT.dcd AT STEP 15880
WRITING COORDINATES TO DCD FILE NVT.dcd AT STEP 15890
WRITING COORDINATES TO DCD FILE NVT.dcd AT STEP 15900
WRITING COORDINATES TO DCD FILE NVT.dcd AT STEP 15910
WRITING COORDINATES TO DCD FILE NVT.dcd AT STEP 15920
WRITING COORDINATES TO DCD FILE NVT.dcd AT STEP 15930
WRITING COORDINATES TO DCD FILE NVT.dcd AT STEP 15940
WRITING COORDINATES TO DCD FILE NVT.dcd AT STEP 15950
WRITING COORDINATES TO DCD FILE NVT.dcd AT STEP 15960
WRITING COORDINATES TO DCD FILE NVT.dcd AT STEP 15970
WRITING COORDINATES TO DCD FILE NVT.dcd AT STEP 15980
WRITING COORDINATES TO DCD FILE NVT.dcd AT STEP 15990
PRESSURE: 16000 -40.0112 234.824 -663.686 234.824 382.69 46.6651 -663.686 46.6651 506.166
GPRESSURE: 16000 26.2199 428.468 -458.85 38.8576 259.846 52.0052 -562.878 162.774 618.875
PRESSAVG: 16000 110.265 6.7532 -23.9363 6.7532 111.838 -49.7838 -23.9363 -49.7838 98.3299
GPRESSAVG: 16000 109.533 6.46132 -24.3224 7.05634 112.053 -49.7495 -24.2651 -49.8455 98.5099
ENERGY:   16000      1614.6055      8986.4570      5635.5380        73.5873         -61545.3795     -1200.7754         0.0000         0.0000     18052.8664         -28383.1007       291.3697    -46435.9671    -28242.4346       292.4387            282.9482       301.6467    263726.8627       106.8111       106.6985

WRITING COORDINATES TO DCD FILE NVT.dcd AT STEP 16000
WRITING COORDINATES TO DCD FILE NVT.dcd AT STEP 16010
WRITING COORDINATES TO DCD FILE NVT.dcd AT STEP 16020
WRITING COORDINATES TO DCD FILE NVT.dcd AT STEP 16030
WRITING COORDINATES TO DCD FILE NVT.dcd AT STEP 16040
WRITING COORDINATES TO DCD FILE NVT.dcd AT STEP 16050
WRITING COORDINATES TO DCD FILE NVT.dcd AT STEP 16060
WRITING COORDINATES TO DCD FILE NVT.dcd AT STEP 16070
WRITING COORDINATES TO DCD FILE NVT.dcd AT STEP 16080
WRITING COORDINATES TO DCD FILE NVT.dcd AT STEP 16090
WRITING COORDINATES TO DCD FILE NVT.dcd AT STEP 16100
WRITING COORDINATES TO DCD FILE NVT.dcd AT STEP 16110
WRITING COORDINATES TO DCD FILE NVT.dcd AT STEP 16120
WRITING COORDINATES TO DCD FILE NVT.dcd AT STEP 16130
WRITING COORDINATES TO DCD FILE NVT.dcd AT STEP 16140
LDB: ============= START OF LOAD BALANCING ============== 2720.4
LDB: ============== END OF LOAD BALANCING =============== 2720.4
LDB: =============== DONE WITH MIGRATION ================ 2720.4
WRITING COORDINATES TO DCD FILE NVT.dcd AT STEP 16150
WRITING COORDINATES TO DCD FILE NVT.dcd AT STEP 16160
WRITING COORDINATES TO DCD FILE NVT.dcd AT STEP 16170
WRITING COORDINATES TO DCD FILE NVT.dcd AT STEP 16180
WRITING COORDINATES TO DCD FILE NVT.dcd AT STEP 16190
LDB: ============= START OF LOAD BALANCING ============== 2728.77
LDB: ============== END OF LOAD BALANCING =============== 2728.77
LDB: =============== DONE WITH MIGRATION ================ 2728.77
WRITING COORDINATES TO DCD FILE NVT.dcd AT STEP 16200
WRITING COORDINATES TO DCD FILE NVT.dcd AT STEP 16210
WRITING COORDINATES TO DCD FILE NVT.dcd AT STEP 16220
WRITING COORDINATES TO DCD FILE NVT.dcd AT STEP 16230
WRITING COORDINATES TO DCD FILE NVT.dcd AT STEP 16240
WRITING COORDINATES TO DCD FILE NVT.dcd AT STEP 16250
WRITING COORDINATES TO DCD FILE NVT.dcd AT STEP 16260
WRITING COORDINATES TO DCD FILE NVT.dcd AT STEP 16270
WRITING COORDINATES TO DCD FILE NVT.dcd AT STEP 16280
WRITING COORDINATES TO DCD FILE NVT.dcd AT STEP 16290
WRITING COORDINATES TO DCD FILE NVT.dcd AT STEP 16300
WRITING COORDINATES TO DCD FILE NVT.dcd AT STEP 16310
WRITING COORDINATES TO DCD FILE NVT.dcd AT STEP 16320
WRITING COORDINATES TO DCD FILE NVT.dcd AT STEP 16330
WRITING COORDINATES TO DCD FILE NVT.dcd AT STEP 16340
WRITING COORDINATES TO DCD FILE NVT.dcd AT STEP 16350
WRITING COORDINATES TO DCD FILE NVT.dcd AT STEP 16360
WRITING COORDINATES TO DCD FILE NVT.dcd AT STEP 16370
WRITING COORDINATES TO DCD FILE NVT.dcd AT STEP 16380
WRITING COORDINATES TO DCD FILE NVT.dcd AT STEP 16390
WRITING COORDINATES TO DCD FILE NVT.dcd AT STEP 16400
WRITING COORDINATES TO DCD FILE NVT.dcd AT STEP 16410
WRITING COORDINATES TO DCD FILE NVT.dcd AT STEP 16420
WRITING COORDINATES TO DCD FILE NVT.dcd AT STEP 16430
WRITING COORDINATES TO DCD FILE NVT.dcd AT STEP 16440
WRITING COORDINATES TO DCD FILE NVT.dcd AT STEP 16450
WRITING COORDINATES TO DCD FILE NVT.dcd AT STEP 16460
WRITING COORDINATES TO DCD FILE NVT.dcd AT STEP 16470
WRITING COORDINATES TO DCD FILE NVT.dcd AT STEP 16480
WRITING COORDINATES TO DCD FILE NVT.dcd AT STEP 16490
WRITING COORDINATES TO DCD FILE NVT.dcd AT STEP 16500
WRITING COORDINATES TO DCD FILE NVT.dcd AT STEP 16510
WRITING COORDINATES TO DCD FILE NVT.dcd AT STEP 16520
WRITING COORDINATES TO DCD FILE NVT.dcd AT STEP 16530
WRITING COORDINATES TO DCD FILE NVT.dcd AT STEP 16540
WRITING COORDINATES TO DCD FILE NVT.dcd AT STEP 16550
WRITING COORDINATES TO DCD FILE NVT.dcd AT STEP 16560
WRITING COORDINATES TO DCD FILE NVT.dcd AT STEP 16570
WRITING COORDINATES TO DCD FILE NVT.dcd AT STEP 16580
WRITING COORDINATES TO DCD FILE NVT.dcd AT STEP 16590
WRITING COORDINATES TO DCD FILE NVT.dcd AT STEP 16600
WRITING COORDINATES TO DCD FILE NVT.dcd AT STEP 16610
WRITING COORDINATES TO DCD FILE NVT.dcd AT STEP 16620
WRITING COORDINATES TO DCD FILE NVT.dcd AT STEP 16630
WRITING COORDINATES TO DCD FILE NVT.dcd AT STEP 16640
WRITING COORDINATES TO DCD FILE NVT.dcd AT STEP 16650
WRITING COORDINATES TO DCD FILE NVT.dcd AT STEP 16660
WRITING COORDINATES TO DCD FILE NVT.dcd AT STEP 16670
WRITING COORDINATES TO DCD FILE NVT.dcd AT STEP 16680
WRITING COORDINATES TO DCD FILE NVT.dcd AT STEP 16690
WRITING COORDINATES TO DCD FILE NVT.dcd AT STEP 16700
WRITING COORDINATES TO DCD FILE NVT.dcd AT STEP 16710
WRITING COORDINATES TO DCD FILE NVT.dcd AT STEP 16720
WRITING COORDINATES TO DCD FILE NVT.dcd AT STEP 16730
WRITING COORDINATES TO DCD FILE NVT.dcd AT STEP 16740
WRITING COORDINATES TO DCD FILE NVT.dcd AT STEP 16750
WRITING COORDINATES TO DCD FILE NVT.dcd AT STEP 16760
WRITING COORDINATES TO DCD FILE NVT.dcd AT STEP 16770
WRITING COORDINATES TO DCD FILE NVT.dcd AT STEP 16780
WRITING COORDINATES TO DCD FILE NVT.dcd AT STEP 16790
WRITING COORDINATES TO DCD FILE NVT.dcd AT STEP 16800
WRITING COORDINATES TO DCD FILE NVT.dcd AT STEP 16810
WRITING COORDINATES TO DCD FILE NVT.dcd AT STEP 16820
WRITING COORDINATES TO DCD FILE NVT.dcd AT STEP 16830
WRITING COORDINATES TO DCD FILE NVT.dcd AT STEP 16840
WRITING COORDINATES TO DCD FILE NVT.dcd AT STEP 16850
WRITING COORDINATES TO DCD FILE NVT.dcd AT STEP 16860
WRITING COORDINATES TO DCD FILE NVT.dcd AT STEP 16870
WRITING COORDINATES TO DCD FILE NVT.dcd AT STEP 16880
WRITING COORDINATES TO DCD FILE NVT.dcd AT STEP 16890
WRITING COORDINATES TO DCD FILE NVT.dcd AT STEP 16900
WRITING COORDINATES TO DCD FILE NVT.dcd AT STEP 16910
WRITING COORDINATES TO DCD FILE NVT.dcd AT STEP 16920
WRITING COORDINATES TO DCD FILE NVT.dcd AT STEP 16930
WRITING COORDINATES TO DCD FILE NVT.dcd AT STEP 16940
WRITING COORDINATES TO DCD FILE NVT.dcd AT STEP 16950
WRITING COORDINATES TO DCD FILE NVT.dcd AT STEP 16960
WRITING COORDINATES TO DCD FILE NVT.dcd AT STEP 16970
WRITING COORDINATES TO DCD FILE NVT.dcd AT STEP 16980
WRITING COORDINATES TO DCD FILE NVT.dcd AT STEP 16990
PRESSURE: 17000 -363.131 373.437 657.396 373.437 645.163 -4.69983 657.396 -4.69983 -52.0343
GPRESSURE: 17000 -245.951 286.887 527.347 244.305 630.754 -40.9085 648.455 -162.495 -91.4108
PRESSAVG: 17000 149.406 7.75634 11.712 7.75634 112.347 -68.5958 11.712 -68.5958 179.034
GPRESSAVG: 17000 149.549 7.77015 12.3273 7.80909 112.967 -68.4154 11.6909 -68.7339 178.678
ENERGY:   17000      1521.3771      8947.0879      5597.4825        69.5587         -61444.4598     -1321.0761         0.0000         0.0000     18196.3264         -28433.7034       293.6851    -46630.0298    -28287.7679       292.9516             76.6658        97.7972    263726.8627       146.9290       147.0647

WRITING COORDINATES TO DCD FILE NVT.dcd AT STEP 17000
WRITING COORDINATES TO DCD FILE NVT.dcd AT STEP 17010
WRITING COORDINATES TO DCD FILE NVT.dcd AT STEP 17020
WRITING COORDINATES TO DCD FILE NVT.dcd AT STEP 17030
WRITING COORDINATES TO DCD FILE NVT.dcd AT STEP 17040
WRITING COORDINATES TO DCD FILE NVT.dcd AT STEP 17050
WRITING COORDINATES TO DCD FILE NVT.dcd AT STEP 17060
WRITING COORDINATES TO DCD FILE NVT.dcd AT STEP 17070
WRITING COORDINATES TO DCD FILE NVT.dcd AT STEP 17080
WRITING COORDINATES TO DCD FILE NVT.dcd AT STEP 17090
WRITING COORDINATES TO DCD FILE NVT.dcd AT STEP 17100
WRITING COORDINATES TO DCD FILE NVT.dcd AT STEP 17110
WRITING COORDINATES TO DCD FILE NVT.dcd AT STEP 17120
WRITING COORDINATES TO DCD FILE NVT.dcd AT STEP 17130
WRITING COORDINATES TO DCD FILE NVT.dcd AT STEP 17140
WRITING COORDINATES TO DCD FILE NVT.dcd AT STEP 17150
WRITING COORDINATES TO DCD FILE NVT.dcd AT STEP 17160
WRITING COORDINATES TO DCD FILE NVT.dcd AT STEP 17170
WRITING COORDINATES TO DCD FILE NVT.dcd AT STEP 17180
WRITING COORDINATES TO DCD FILE NVT.dcd AT STEP 17190
WRITING COORDINATES TO DCD FILE NVT.dcd AT STEP 17200
WRITING COORDINATES TO DCD FILE NVT.dcd AT STEP 17210
WRITING COORDINATES TO DCD FILE NVT.dcd AT STEP 17220
WRITING COORDINATES TO DCD FILE NVT.dcd AT STEP 17230
WRITING COORDINATES TO DCD FILE NVT.dcd AT STEP 17240
WRITING COORDINATES TO DCD FILE NVT.dcd AT STEP 17250
WRITING COORDINATES TO DCD FILE NVT.dcd AT STEP 17260
WRITING COORDINATES TO DCD FILE NVT.dcd AT STEP 17270
WRITING COORDINATES TO DCD FILE NVT.dcd AT STEP 17280
WRITING COORDINATES TO DCD FILE NVT.dcd AT STEP 17290
WRITING COORDINATES TO DCD FILE NVT.dcd AT STEP 17300
WRITING COORDINATES TO DCD FILE NVT.dcd AT STEP 17310
WRITING COORDINATES TO DCD FILE NVT.dcd AT STEP 17320
WRITING COORDINATES TO DCD FILE NVT.dcd AT STEP 17330
WRITING COORDINATES TO DCD FILE NVT.dcd AT STEP 17340
WRITING COORDINATES TO DCD FILE NVT.dcd AT STEP 17350
WRITING COORDINATES TO DCD FILE NVT.dcd AT STEP 17360
WRITING COORDINATES TO DCD FILE NVT.dcd AT STEP 17370
WRITING COORDINATES TO DCD FILE NVT.dcd AT STEP 17380
WRITING COORDINATES TO DCD FILE NVT.dcd AT STEP 17390
WRITING COORDINATES TO DCD FILE NVT.dcd AT STEP 17400
WRITING COORDINATES TO DCD FILE NVT.dcd AT STEP 17410
WRITING COORDINATES TO DCD FILE NVT.dcd AT STEP 17420
WRITING COORDINATES TO DCD FILE NVT.dcd AT STEP 17430
WRITING COORDINATES TO DCD FILE NVT.dcd AT STEP 17440
WRITING COORDINATES TO DCD FILE NVT.dcd AT STEP 17450
WRITING COORDINATES TO DCD FILE NVT.dcd AT STEP 17460
WRITING COORDINATES TO DCD FILE NVT.dcd AT STEP 17470
WRITING COORDINATES TO DCD FILE NVT.dcd AT STEP 17480
WRITING COORDINATES TO DCD FILE NVT.dcd AT STEP 17490
WRITING COORDINATES TO DCD FILE NVT.dcd AT STEP 17500
WRITING COORDINATES TO DCD FILE NVT.dcd AT STEP 17510
WRITING COORDINATES TO DCD FILE NVT.dcd AT STEP 17520
WRITING COORDINATES TO DCD FILE NVT.dcd AT STEP 17530
WRITING COORDINATES TO DCD FILE NVT.dcd AT STEP 17540
WRITING COORDINATES TO DCD FILE NVT.dcd AT STEP 17550
WRITING COORDINATES TO DCD FILE NVT.dcd AT STEP 17560
WRITING COORDINATES TO DCD FILE NVT.dcd AT STEP 17570
WRITING COORDINATES TO DCD FILE NVT.dcd AT STEP 17580
WRITING COORDINATES TO DCD FILE NVT.dcd AT STEP 17590
WRITING COORDINATES TO DCD FILE NVT.dcd AT STEP 17600
WRITING COORDINATES TO DCD FILE NVT.dcd AT STEP 17610
WRITING COORDINATES TO DCD FILE NVT.dcd AT STEP 17620
WRITING COORDINATES TO DCD FILE NVT.dcd AT STEP 17630
WRITING COORDINATES TO DCD FILE NVT.dcd AT STEP 17640
WRITING COORDINATES TO DCD FILE NVT.dcd AT STEP 17650
WRITING COORDINATES TO DCD FILE NVT.dcd AT STEP 17660
WRITING COORDINATES TO DCD FILE NVT.dcd AT STEP 17670
WRITING COORDINATES TO DCD FILE NVT.dcd AT STEP 17680
WRITING COORDINATES TO DCD FILE NVT.dcd AT STEP 17690
WRITING COORDINATES TO DCD FILE NVT.dcd AT STEP 17700
WRITING COORDINATES TO DCD FILE NVT.dcd AT STEP 17710
WRITING COORDINATES TO DCD FILE NVT.dcd AT STEP 17720
WRITING COORDINATES TO DCD FILE NVT.dcd AT STEP 17730
WRITING COORDINATES TO DCD FILE NVT.dcd AT STEP 17740
WRITING COORDINATES TO DCD FILE NVT.dcd AT STEP 17750
WRITING COORDINATES TO DCD FILE NVT.dcd AT STEP 17760
WRITING COORDINATES TO DCD FILE NVT.dcd AT STEP 17770
WRITING COORDINATES TO DCD FILE NVT.dcd AT STEP 17780
WRITING COORDINATES TO DCD FILE NVT.dcd AT STEP 17790
WRITING COORDINATES TO DCD FILE NVT.dcd AT STEP 17800
WRITING COORDINATES TO DCD FILE NVT.dcd AT STEP 17810
WRITING COORDINATES TO DCD FILE NVT.dcd AT STEP 17820
WRITING COORDINATES TO DCD FILE NVT.dcd AT STEP 17830
WRITING COORDINATES TO DCD FILE NVT.dcd AT STEP 17840
WRITING COORDINATES TO DCD FILE NVT.dcd AT STEP 17850
WRITING COORDINATES TO DCD FILE NVT.dcd AT STEP 17860
WRITING COORDINATES TO DCD FILE NVT.dcd AT STEP 17870
WRITING COORDINATES TO DCD FILE NVT.dcd AT STEP 17880
WRITING COORDINATES TO DCD FILE NVT.dcd AT STEP 17890
WRITING COORDINATES TO DCD FILE NVT.dcd AT STEP 17900
WRITING COORDINATES TO DCD FILE NVT.dcd AT STEP 17910
WRITING COORDINATES TO DCD FILE NVT.dcd AT STEP 17920
WRITING COORDINATES TO DCD FILE NVT.dcd AT STEP 17930
WRITING COORDINATES TO DCD FILE NVT.dcd AT STEP 17940
WRITING COORDINATES TO DCD FILE NVT.dcd AT STEP 17950
WRITING COORDINATES TO DCD FILE NVT.dcd AT STEP 17960
WRITING COORDINATES TO DCD FILE NVT.dcd AT STEP 17970
WRITING COORDINATES TO DCD FILE NVT.dcd AT STEP 17980
WRITING COORDINATES TO DCD FILE NVT.dcd AT STEP 17990
PRESSURE: 18000 93.3663 97.5058 342.206 97.5058 -217.581 -116.027 342.206 -116.027 391.333
GPRESSURE: 18000 208.142 11.1401 255.327 -164.196 -225.578 48.2526 572.336 31.4959 286.677
PRESSAVG: 18000 86.6716 16.767 -62.9279 16.767 122.403 36.8502 -62.9279 36.8502 144.591
GPRESSAVG: 18000 86.6725 16.7171 -62.9156 16.9335 122.367 37.1721 -63.641 37.0492 144.448
ENERGY:   18000      1532.8105      9024.5405      5633.2743        81.2785         -61668.3040     -1130.7188         0.0000         0.0000     18095.9428         -28431.1762       292.0649    -46527.1190    -28286.1469       292.6898             89.0395        89.7469    263726.8627       117.8887       117.8293

WRITING COORDINATES TO DCD FILE NVT.dcd AT STEP 18000
WRITING COORDINATES TO DCD FILE NVT.dcd AT STEP 18010
WRITING COORDINATES TO DCD FILE NVT.dcd AT STEP 18020
WRITING COORDINATES TO DCD FILE NVT.dcd AT STEP 18030
WRITING COORDINATES TO DCD FILE NVT.dcd AT STEP 18040
WRITING COORDINATES TO DCD FILE NVT.dcd AT STEP 18050
WRITING COORDINATES TO DCD FILE NVT.dcd AT STEP 18060
WRITING COORDINATES TO DCD FILE NVT.dcd AT STEP 18070
WRITING COORDINATES TO DCD FILE NVT.dcd AT STEP 18080
WRITING COORDINATES TO DCD FILE NVT.dcd AT STEP 18090
WRITING COORDINATES TO DCD FILE NVT.dcd AT STEP 18100
WRITING COORDINATES TO DCD FILE NVT.dcd AT STEP 18110
WRITING COORDINATES TO DCD FILE NVT.dcd AT STEP 18120
WRITING COORDINATES TO DCD FILE NVT.dcd AT STEP 18130
WRITING COORDINATES TO DCD FILE NVT.dcd AT STEP 18140
LDB: ============= START OF LOAD BALANCING ============== 3054.94
LDB: ============== END OF LOAD BALANCING =============== 3054.94
LDB: =============== DONE WITH MIGRATION ================ 3054.94
WRITING COORDINATES TO DCD FILE NVT.dcd AT STEP 18150
WRITING COORDINATES TO DCD FILE NVT.dcd AT STEP 18160
WRITING COORDINATES TO DCD FILE NVT.dcd AT STEP 18170
WRITING COORDINATES TO DCD FILE NVT.dcd AT STEP 18180
WRITING COORDINATES TO DCD FILE NVT.dcd AT STEP 18190
LDB: ============= START OF LOAD BALANCING ============== 3063.3
LDB: ============== END OF LOAD BALANCING =============== 3063.3
LDB: =============== DONE WITH MIGRATION ================ 3063.3
WRITING COORDINATES TO DCD FILE NVT.dcd AT STEP 18200
WRITING COORDINATES TO DCD FILE NVT.dcd AT STEP 18210
WRITING COORDINATES TO DCD FILE NVT.dcd AT STEP 18220
WRITING COORDINATES TO DCD FILE NVT.dcd AT STEP 18230
WRITING COORDINATES TO DCD FILE NVT.dcd AT STEP 18240
WRITING COORDINATES TO DCD FILE NVT.dcd AT STEP 18250
WRITING COORDINATES TO DCD FILE NVT.dcd AT STEP 18260
WRITING COORDINATES TO DCD FILE NVT.dcd AT STEP 18270
WRITING COORDINATES TO DCD FILE NVT.dcd AT STEP 18280
WRITING COORDINATES TO DCD FILE NVT.dcd AT STEP 18290
WRITING COORDINATES TO DCD FILE NVT.dcd AT STEP 18300
WRITING COORDINATES TO DCD FILE NVT.dcd AT STEP 18310
WRITING COORDINATES TO DCD FILE NVT.dcd AT STEP 18320
WRITING COORDINATES TO DCD FILE NVT.dcd AT STEP 18330
WRITING COORDINATES TO DCD FILE NVT.dcd AT STEP 18340
WRITING COORDINATES TO DCD FILE NVT.dcd AT STEP 18350
WRITING COORDINATES TO DCD FILE NVT.dcd AT STEP 18360
WRITING COORDINATES TO DCD FILE NVT.dcd AT STEP 18370
WRITING COORDINATES TO DCD FILE NVT.dcd AT STEP 18380
WRITING COORDINATES TO DCD FILE NVT.dcd AT STEP 18390
WRITING COORDINATES TO DCD FILE NVT.dcd AT STEP 18400
WRITING COORDINATES TO DCD FILE NVT.dcd AT STEP 18410
WRITING COORDINATES TO DCD FILE NVT.dcd AT STEP 18420
WRITING COORDINATES TO DCD FILE NVT.dcd AT STEP 18430
WRITING COORDINATES TO DCD FILE NVT.dcd AT STEP 18440
WRITING COORDINATES TO DCD FILE NVT.dcd AT STEP 18450
WRITING COORDINATES TO DCD FILE NVT.dcd AT STEP 18460
WRITING COORDINATES TO DCD FILE NVT.dcd AT STEP 18470
WRITING COORDINATES TO DCD FILE NVT.dcd AT STEP 18480
WRITING COORDINATES TO DCD FILE NVT.dcd AT STEP 18490
WRITING COORDINATES TO DCD FILE NVT.dcd AT STEP 18500
WRITING COORDINATES TO DCD FILE NVT.dcd AT STEP 18510
WRITING COORDINATES TO DCD FILE NVT.dcd AT STEP 18520
WRITING COORDINATES TO DCD FILE NVT.dcd AT STEP 18530
WRITING COORDINATES TO DCD FILE NVT.dcd AT STEP 18540
WRITING COORDINATES TO DCD FILE NVT.dcd AT STEP 18550
WRITING COORDINATES TO DCD FILE NVT.dcd AT STEP 18560
WRITING COORDINATES TO DCD FILE NVT.dcd AT STEP 18570
WRITING COORDINATES TO DCD FILE NVT.dcd AT STEP 18580
WRITING COORDINATES TO DCD FILE NVT.dcd AT STEP 18590
WRITING COORDINATES TO DCD FILE NVT.dcd AT STEP 18600
WRITING COORDINATES TO DCD FILE NVT.dcd AT STEP 18610
WRITING COORDINATES TO DCD FILE NVT.dcd AT STEP 18620
WRITING COORDINATES TO DCD FILE NVT.dcd AT STEP 18630
WRITING COORDINATES TO DCD FILE NVT.dcd AT STEP 18640
WRITING COORDINATES TO DCD FILE NVT.dcd AT STEP 18650
WRITING COORDINATES TO DCD FILE NVT.dcd AT STEP 18660
WRITING COORDINATES TO DCD FILE NVT.dcd AT STEP 18670
WRITING COORDINATES TO DCD FILE NVT.dcd AT STEP 18680
WRITING COORDINATES TO DCD FILE NVT.dcd AT STEP 18690
WRITING COORDINATES TO DCD FILE NVT.dcd AT STEP 18700
WRITING COORDINATES TO DCD FILE NVT.dcd AT STEP 18710
WRITING COORDINATES TO DCD FILE NVT.dcd AT STEP 18720
WRITING COORDINATES TO DCD FILE NVT.dcd AT STEP 18730
WRITING COORDINATES TO DCD FILE NVT.dcd AT STEP 18740
WRITING COORDINATES TO DCD FILE NVT.dcd AT STEP 18750
WRITING COORDINATES TO DCD FILE NVT.dcd AT STEP 18760
WRITING COORDINATES TO DCD FILE NVT.dcd AT STEP 18770
WRITING COORDINATES TO DCD FILE NVT.dcd AT STEP 18780
WRITING COORDINATES TO DCD FILE NVT.dcd AT STEP 18790
WRITING COORDINATES TO DCD FILE NVT.dcd AT STEP 18800
WRITING COORDINATES TO DCD FILE NVT.dcd AT STEP 18810
WRITING COORDINATES TO DCD FILE NVT.dcd AT STEP 18820
WRITING COORDINATES TO DCD FILE NVT.dcd AT STEP 18830
WRITING COORDINATES TO DCD FILE NVT.dcd AT STEP 18840
WRITING COORDINATES TO DCD FILE NVT.dcd AT STEP 18850
WRITING COORDINATES TO DCD FILE NVT.dcd AT STEP 18860
WRITING COORDINATES TO DCD FILE NVT.dcd AT STEP 18870
WRITING COORDINATES TO DCD FILE NVT.dcd AT STEP 18880
WRITING COORDINATES TO DCD FILE NVT.dcd AT STEP 18890
WRITING COORDINATES TO DCD FILE NVT.dcd AT STEP 18900
WRITING COORDINATES TO DCD FILE NVT.dcd AT STEP 18910
WRITING COORDINATES TO DCD FILE NVT.dcd AT STEP 18920
WRITING COORDINATES TO DCD FILE NVT.dcd AT STEP 18930
WRITING COORDINATES TO DCD FILE NVT.dcd AT STEP 18940
WRITING COORDINATES TO DCD FILE NVT.dcd AT STEP 18950
WRITING COORDINATES TO DCD FILE NVT.dcd AT STEP 18960
WRITING COORDINATES TO DCD FILE NVT.dcd AT STEP 18970
WRITING COORDINATES TO DCD FILE NVT.dcd AT STEP 18980
WRITING COORDINATES TO DCD FILE NVT.dcd AT STEP 18990
PRESSURE: 19000 -428.924 -247.776 77.5156 -247.776 -139.868 6.12873 77.5156 6.12873 459.798
GPRESSURE: 19000 -429.161 -129.014 -85.4885 -301.829 -14.9626 42.1866 112.909 45.6522 417.399
PRESSAVG: 19000 148.562 -39.0596 51.2396 -39.0596 19.9198 -42.5007 51.2396 -42.5007 66.6258
GPRESSAVG: 19000 148.504 -38.586 50.5741 -39.4449 19.881 -42.9971 51.9568 -42.3849 66.6958
ENERGY:   19000      1517.4383      8847.1821      5639.3247        74.4501         -61405.4509     -1325.6116         0.0000         0.0000     18262.6090         -28390.0582       294.7549    -46652.6673    -28238.9750       292.8836            -36.3312        -8.9079    263726.8627        78.3693        78.3602

WRITING COORDINATES TO DCD FILE NVT.dcd AT STEP 19000
WRITING COORDINATES TO DCD FILE NVT.dcd AT STEP 19010
WRITING COORDINATES TO DCD FILE NVT.dcd AT STEP 19020
WRITING COORDINATES TO DCD FILE NVT.dcd AT STEP 19030
WRITING COORDINATES TO DCD FILE NVT.dcd AT STEP 19040
WRITING COORDINATES TO DCD FILE NVT.dcd AT STEP 19050
WRITING COORDINATES TO DCD FILE NVT.dcd AT STEP 19060
WRITING COORDINATES TO DCD FILE NVT.dcd AT STEP 19070
WRITING COORDINATES TO DCD FILE NVT.dcd AT STEP 19080
WRITING COORDINATES TO DCD FILE NVT.dcd AT STEP 19090
WRITING COORDINATES TO DCD FILE NVT.dcd AT STEP 19100
WRITING COORDINATES TO DCD FILE NVT.dcd AT STEP 19110
WRITING COORDINATES TO DCD FILE NVT.dcd AT STEP 19120
WRITING COORDINATES TO DCD FILE NVT.dcd AT STEP 19130
WRITING COORDINATES TO DCD FILE NVT.dcd AT STEP 19140
WRITING COORDINATES TO DCD FILE NVT.dcd AT STEP 19150
WRITING COORDINATES TO DCD FILE NVT.dcd AT STEP 19160
WRITING COORDINATES TO DCD FILE NVT.dcd AT STEP 19170
WRITING COORDINATES TO DCD FILE NVT.dcd AT STEP 19180
WRITING COORDINATES TO DCD FILE NVT.dcd AT STEP 19190
WRITING COORDINATES TO DCD FILE NVT.dcd AT STEP 19200
WRITING COORDINATES TO DCD FILE NVT.dcd AT STEP 19210
WRITING COORDINATES TO DCD FILE NVT.dcd AT STEP 19220
WRITING COORDINATES TO DCD FILE NVT.dcd AT STEP 19230
WRITING COORDINATES TO DCD FILE NVT.dcd AT STEP 19240
WRITING COORDINATES TO DCD FILE NVT.dcd AT STEP 19250
WRITING COORDINATES TO DCD FILE NVT.dcd AT STEP 19260
WRITING COORDINATES TO DCD FILE NVT.dcd AT STEP 19270
WRITING COORDINATES TO DCD FILE NVT.dcd AT STEP 19280
WRITING COORDINATES TO DCD FILE NVT.dcd AT STEP 19290
WRITING COORDINATES TO DCD FILE NVT.dcd AT STEP 19300
WRITING COORDINATES TO DCD FILE NVT.dcd AT STEP 19310
WRITING COORDINATES TO DCD FILE NVT.dcd AT STEP 19320
WRITING COORDINATES TO DCD FILE NVT.dcd AT STEP 19330
WRITING COORDINATES TO DCD FILE NVT.dcd AT STEP 19340
WRITING COORDINATES TO DCD FILE NVT.dcd AT STEP 19350
WRITING COORDINATES TO DCD FILE NVT.dcd AT STEP 19360
WRITING COORDINATES TO DCD FILE NVT.dcd AT STEP 19370
WRITING COORDINATES TO DCD FILE NVT.dcd AT STEP 19380
WRITING COORDINATES TO DCD FILE NVT.dcd AT STEP 19390
WRITING COORDINATES TO DCD FILE NVT.dcd AT STEP 19400
WRITING COORDINATES TO DCD FILE NVT.dcd AT STEP 19410
WRITING COORDINATES TO DCD FILE NVT.dcd AT STEP 19420
WRITING COORDINATES TO DCD FILE NVT.dcd AT STEP 19430
WRITING COORDINATES TO DCD FILE NVT.dcd AT STEP 19440
WRITING COORDINATES TO DCD FILE NVT.dcd AT STEP 19450
WRITING COORDINATES TO DCD FILE NVT.dcd AT STEP 19460
WRITING COORDINATES TO DCD FILE NVT.dcd AT STEP 19470
WRITING COORDINATES TO DCD FILE NVT.dcd AT STEP 19480
WRITING COORDINATES TO DCD FILE NVT.dcd AT STEP 19490
WRITING COORDINATES TO DCD FILE NVT.dcd AT STEP 19500
WRITING COORDINATES TO DCD FILE NVT.dcd AT STEP 19510
WRITING COORDINATES TO DCD FILE NVT.dcd AT STEP 19520
WRITING COORDINATES TO DCD FILE NVT.dcd AT STEP 19530
WRITING COORDINATES TO DCD FILE NVT.dcd AT STEP 19540
WRITING COORDINATES TO DCD FILE NVT.dcd AT STEP 19550
WRITING COORDINATES TO DCD FILE NVT.dcd AT STEP 19560
WRITING COORDINATES TO DCD FILE NVT.dcd AT STEP 19570
WRITING COORDINATES TO DCD FILE NVT.dcd AT STEP 19580
WRITING COORDINATES TO DCD FILE NVT.dcd AT STEP 19590
WRITING COORDINATES TO DCD FILE NVT.dcd AT STEP 19600
WRITING COORDINATES TO DCD FILE NVT.dcd AT STEP 19610
WRITING COORDINATES TO DCD FILE NVT.dcd AT STEP 19620
WRITING COORDINATES TO DCD FILE NVT.dcd AT STEP 19630
WRITING COORDINATES TO DCD FILE NVT.dcd AT STEP 19640
WRITING COORDINATES TO DCD FILE NVT.dcd AT STEP 19650
WRITING COORDINATES TO DCD FILE NVT.dcd AT STEP 19660
WRITING COORDINATES TO DCD FILE NVT.dcd AT STEP 19670
WRITING COORDINATES TO DCD FILE NVT.dcd AT STEP 19680
WRITING COORDINATES TO DCD FILE NVT.dcd AT STEP 19690
WRITING COORDINATES TO DCD FILE NVT.dcd AT STEP 19700
WRITING COORDINATES TO DCD FILE NVT.dcd AT STEP 19710
WRITING COORDINATES TO DCD FILE NVT.dcd AT STEP 19720
WRITING COORDINATES TO DCD FILE NVT.dcd AT STEP 19730
WRITING COORDINATES TO DCD FILE NVT.dcd AT STEP 19740
WRITING COORDINATES TO DCD FILE NVT.dcd AT STEP 19750
WRITING COORDINATES TO DCD FILE NVT.dcd AT STEP 19760
WRITING COORDINATES TO DCD FILE NVT.dcd AT STEP 19770
WRITING COORDINATES TO DCD FILE NVT.dcd AT STEP 19780
WRITING COORDINATES TO DCD FILE NVT.dcd AT STEP 19790
WRITING COORDINATES TO DCD FILE NVT.dcd AT STEP 19800
WRITING COORDINATES TO DCD FILE NVT.dcd AT STEP 19810
WRITING COORDINATES TO DCD FILE NVT.dcd AT STEP 19820
WRITING COORDINATES TO DCD FILE NVT.dcd AT STEP 19830
WRITING COORDINATES TO DCD FILE NVT.dcd AT STEP 19840
WRITING COORDINATES TO DCD FILE NVT.dcd AT STEP 19850
WRITING COORDINATES TO DCD FILE NVT.dcd AT STEP 19860
WRITING COORDINATES TO DCD FILE NVT.dcd AT STEP 19870
WRITING COORDINATES TO DCD FILE NVT.dcd AT STEP 19880
WRITING COORDINATES TO DCD FILE NVT.dcd AT STEP 19890
WRITING COORDINATES TO DCD FILE NVT.dcd AT STEP 19900
WRITING COORDINATES TO DCD FILE NVT.dcd AT STEP 19910
WRITING COORDINATES TO DCD FILE NVT.dcd AT STEP 19920
WRITING COORDINATES TO DCD FILE NVT.dcd AT STEP 19930
WRITING COORDINATES TO DCD FILE NVT.dcd AT STEP 19940
WRITING COORDINATES TO DCD FILE NVT.dcd AT STEP 19950
WRITING COORDINATES TO DCD FILE NVT.dcd AT STEP 19960
WRITING COORDINATES TO DCD FILE NVT.dcd AT STEP 19970
WRITING COORDINATES TO DCD FILE NVT.dcd AT STEP 19980
WRITING COORDINATES TO DCD FILE NVT.dcd AT STEP 19990
PRESSURE: 20000 -464.981 4.75519 -622.619 4.75519 -276.68 -280.109 -622.619 -280.109 815.374
GPRESSURE: 20000 -307.513 209.863 -701.779 59.8897 -308.7 -314.496 -487.402 -307.464 745.873
PRESSAVG: 20000 38.2104 0.469141 -75.6395 0.469141 81.6412 -16.8221 -75.6395 -16.8221 185.053
GPRESSAVG: 20000 38.4226 0.191193 -75.5659 0.72208 82.1603 -16.4133 -75.2513 -16.6133 184.714
TIMING: 20000  CPU: 3339.41, 0.167149/step  Wall: 3339.55, 0.167157/step, 1.39298 hours remaining, 841.440043 MB of memory in use.
PERFORMANCE: 20000  averaging 1.03499 ns/day, 0.166959 sec/step with standard deviation 0.000280643
ETITLE:      TS           BOND          ANGLE          DIHED          IMPRP               ELECT            VDW       BOUNDARY           MISC        KINETIC               TOTAL           TEMP      POTENTIAL         TOTAL3        TEMPAVG            PRESSURE      GPRESSURE         VOLUME       PRESSAVG      GPRESSAVG

ENERGY:   20000      1527.1584      9033.1887      5637.0142        67.8864         -61360.8482     -1286.2546         0.0000         0.0000     18075.4819         -28306.3731       291.7347    -46381.8550    -28159.4508       292.8941             24.5708        43.2203    263726.8627       101.6350       101.7657

WRITING EXTENDED SYSTEM TO RESTART FILE AT STEP 20000
WRITING COORDINATES TO DCD FILE NVT.dcd AT STEP 20000
WRITING COORDINATES TO RESTART FILE AT STEP 20000
FINISHED WRITING RESTART COORDINATES
WRITING VELOCITIES TO RESTART FILE AT STEP 20000
FINISHED WRITING RESTART VELOCITIES
The last velocity output (seq=20000) takes 0.000 seconds, 841.440 MB of memory in use
WRITING COORDINATES TO DCD FILE NVT.dcd AT STEP 20010
WRITING COORDINATES TO DCD FILE NVT.dcd AT STEP 20020
WRITING COORDINATES TO DCD FILE NVT.dcd AT STEP 20030
WRITING COORDINATES TO DCD FILE NVT.dcd AT STEP 20040
WRITING COORDINATES TO DCD FILE NVT.dcd AT STEP 20050
WRITING COORDINATES TO DCD FILE NVT.dcd AT STEP 20060
WRITING COORDINATES TO DCD FILE NVT.dcd AT STEP 20070
WRITING COORDINATES TO DCD FILE NVT.dcd AT STEP 20080
WRITING COORDINATES TO DCD FILE NVT.dcd AT STEP 20090
WRITING COORDINATES TO DCD FILE NVT.dcd AT STEP 20100
WRITING COORDINATES TO DCD FILE NVT.dcd AT STEP 20110
WRITING COORDINATES TO DCD FILE NVT.dcd AT STEP 20120
WRITING COORDINATES TO DCD FILE NVT.dcd AT STEP 20130
WRITING COORDINATES TO DCD FILE NVT.dcd AT STEP 20140
LDB: ============= START OF LOAD BALANCING ============== 3389.52
LDB: ============== END OF LOAD BALANCING =============== 3389.52
LDB: =============== DONE WITH MIGRATION ================ 3389.52
WRITING COORDINATES TO DCD FILE NVT.dcd AT STEP 20150
WRITING COORDINATES TO DCD FILE NVT.dcd AT STEP 20160
WRITING COORDINATES TO DCD FILE NVT.dcd AT STEP 20170
WRITING COORDINATES TO DCD FILE NVT.dcd AT STEP 20180
WRITING COORDINATES TO DCD FILE NVT.dcd AT STEP 20190
LDB: ============= START OF LOAD BALANCING ============== 3397.88
LDB: ============== END OF LOAD BALANCING =============== 3397.88
LDB: =============== DONE WITH MIGRATION ================ 3397.88
WRITING COORDINATES TO DCD FILE NVT.dcd AT STEP 20200
WRITING COORDINATES TO DCD FILE NVT.dcd AT STEP 20210
WRITING COORDINATES TO DCD FILE NVT.dcd AT STEP 20220
WRITING COORDINATES TO DCD FILE NVT.dcd AT STEP 20230
WRITING COORDINATES TO DCD FILE NVT.dcd AT STEP 20240
WRITING COORDINATES TO DCD FILE NVT.dcd AT STEP 20250
WRITING COORDINATES TO DCD FILE NVT.dcd AT STEP 20260
WRITING COORDINATES TO DCD FILE NVT.dcd AT STEP 20270
WRITING COORDINATES TO DCD FILE NVT.dcd AT STEP 20280
WRITING COORDINATES TO DCD FILE NVT.dcd AT STEP 20290
WRITING COORDINATES TO DCD FILE NVT.dcd AT STEP 20300
WRITING COORDINATES TO DCD FILE NVT.dcd AT STEP 20310
WRITING COORDINATES TO DCD FILE NVT.dcd AT STEP 20320
WRITING COORDINATES TO DCD FILE NVT.dcd AT STEP 20330
WRITING COORDINATES TO DCD FILE NVT.dcd AT STEP 20340
WRITING COORDINATES TO DCD FILE NVT.dcd AT STEP 20350
WRITING COORDINATES TO DCD FILE NVT.dcd AT STEP 20360
WRITING COORDINATES TO DCD FILE NVT.dcd AT STEP 20370
WRITING COORDINATES TO DCD FILE NVT.dcd AT STEP 20380
WRITING COORDINATES TO DCD FILE NVT.dcd AT STEP 20390
WRITING COORDINATES TO DCD FILE NVT.dcd AT STEP 20400
WRITING COORDINATES TO DCD FILE NVT.dcd AT STEP 20410
WRITING COORDINATES TO DCD FILE NVT.dcd AT STEP 20420
WRITING COORDINATES TO DCD FILE NVT.dcd AT STEP 20430
WRITING COORDINATES TO DCD FILE NVT.dcd AT STEP 20440
WRITING COORDINATES TO DCD FILE NVT.dcd AT STEP 20450
WRITING COORDINATES TO DCD FILE NVT.dcd AT STEP 20460
WRITING COORDINATES TO DCD FILE NVT.dcd AT STEP 20470
WRITING COORDINATES TO DCD FILE NVT.dcd AT STEP 20480
WRITING COORDINATES TO DCD FILE NVT.dcd AT STEP 20490
WRITING COORDINATES TO DCD FILE NVT.dcd AT STEP 20500
WRITING COORDINATES TO DCD FILE NVT.dcd AT STEP 20510
WRITING COORDINATES TO DCD FILE NVT.dcd AT STEP 20520
WRITING COORDINATES TO DCD FILE NVT.dcd AT STEP 20530
WRITING COORDINATES TO DCD FILE NVT.dcd AT STEP 20540
WRITING COORDINATES TO DCD FILE NVT.dcd AT STEP 20550
WRITING COORDINATES TO DCD FILE NVT.dcd AT STEP 20560
WRITING COORDINATES TO DCD FILE NVT.dcd AT STEP 20570
WRITING COORDINATES TO DCD FILE NVT.dcd AT STEP 20580
WRITING COORDINATES TO DCD FILE NVT.dcd AT STEP 20590
WRITING COORDINATES TO DCD FILE NVT.dcd AT STEP 20600
WRITING COORDINATES TO DCD FILE NVT.dcd AT STEP 20610
WRITING COORDINATES TO DCD FILE NVT.dcd AT STEP 20620
WRITING COORDINATES TO DCD FILE NVT.dcd AT STEP 20630
WRITING COORDINATES TO DCD FILE NVT.dcd AT STEP 20640
WRITING COORDINATES TO DCD FILE NVT.dcd AT STEP 20650
WRITING COORDINATES TO DCD FILE NVT.dcd AT STEP 20660
WRITING COORDINATES TO DCD FILE NVT.dcd AT STEP 20670
WRITING COORDINATES TO DCD FILE NVT.dcd AT STEP 20680
WRITING COORDINATES TO DCD FILE NVT.dcd AT STEP 20690
WRITING COORDINATES TO DCD FILE NVT.dcd AT STEP 20700
WRITING COORDINATES TO DCD FILE NVT.dcd AT STEP 20710
WRITING COORDINATES TO DCD FILE NVT.dcd AT STEP 20720
WRITING COORDINATES TO DCD FILE NVT.dcd AT STEP 20730
WRITING COORDINATES TO DCD FILE NVT.dcd AT STEP 20740
WRITING COORDINATES TO DCD FILE NVT.dcd AT STEP 20750
WRITING COORDINATES TO DCD FILE NVT.dcd AT STEP 20760
WRITING COORDINATES TO DCD FILE NVT.dcd AT STEP 20770
WRITING COORDINATES TO DCD FILE NVT.dcd AT STEP 20780
WRITING COORDINATES TO DCD FILE NVT.dcd AT STEP 20790
WRITING COORDINATES TO DCD FILE NVT.dcd AT STEP 20800
WRITING COORDINATES TO DCD FILE NVT.dcd AT STEP 20810
WRITING COORDINATES TO DCD FILE NVT.dcd AT STEP 20820
WRITING COORDINATES TO DCD FILE NVT.dcd AT STEP 20830
WRITING COORDINATES TO DCD FILE NVT.dcd AT STEP 20840
WRITING COORDINATES TO DCD FILE NVT.dcd AT STEP 20850
WRITING COORDINATES TO DCD FILE NVT.dcd AT STEP 20860
WRITING COORDINATES TO DCD FILE NVT.dcd AT STEP 20870
WRITING COORDINATES TO DCD FILE NVT.dcd AT STEP 20880
WRITING COORDINATES TO DCD FILE NVT.dcd AT STEP 20890
WRITING COORDINATES TO DCD FILE NVT.dcd AT STEP 20900
WRITING COORDINATES TO DCD FILE NVT.dcd AT STEP 20910
WRITING COORDINATES TO DCD FILE NVT.dcd AT STEP 20920
WRITING COORDINATES TO DCD FILE NVT.dcd AT STEP 20930
WRITING COORDINATES TO DCD FILE NVT.dcd AT STEP 20940
WRITING COORDINATES TO DCD FILE NVT.dcd AT STEP 20950
WRITING COORDINATES TO DCD FILE NVT.dcd AT STEP 20960
WRITING COORDINATES TO DCD FILE NVT.dcd AT STEP 20970
WRITING COORDINATES TO DCD FILE NVT.dcd AT STEP 20980
WRITING COORDINATES TO DCD FILE NVT.dcd AT STEP 20990
PRESSURE: 21000 287.676 56.1839 60.4054 56.1839 271.772 -84.4455 60.4054 -84.4455 -161.502
GPRESSURE: 21000 399.518 -9.43172 -83.5177 147.819 225.032 41.5254 42.5013 -201.839 -170.026
PRESSAVG: 21000 15.8967 57.2393 -26.8845 57.2393 15.3349 -54.2285 -26.8845 -54.2285 -29.9602
GPRESSAVG: 21000 16.0358 57.4602 -26.5615 56.9045 15.1522 -54.1601 -27.7522 -54.8875 -30.085
ENERGY:   21000      1508.3675      8957.0095      5566.9225        74.7141         -61330.4407     -1310.6231         0.0000         0.0000     18162.8435         -28371.2067       293.1447    -46534.0502    -28222.8367       292.7567            132.6482       151.5077    263726.8627         0.4238         0.3677

WRITING COORDINATES TO DCD FILE NVT.dcd AT STEP 21000
WRITING COORDINATES TO DCD FILE NVT.dcd AT STEP 21010
WRITING COORDINATES TO DCD FILE NVT.dcd AT STEP 21020
WRITING COORDINATES TO DCD FILE NVT.dcd AT STEP 21030
WRITING COORDINATES TO DCD FILE NVT.dcd AT STEP 21040
WRITING COORDINATES TO DCD FILE NVT.dcd AT STEP 21050
WRITING COORDINATES TO DCD FILE NVT.dcd AT STEP 21060
WRITING COORDINATES TO DCD FILE NVT.dcd AT STEP 21070
WRITING COORDINATES TO DCD FILE NVT.dcd AT STEP 21080
WRITING COORDINATES TO DCD FILE NVT.dcd AT STEP 21090
WRITING COORDINATES TO DCD FILE NVT.dcd AT STEP 21100
WRITING COORDINATES TO DCD FILE NVT.dcd AT STEP 21110
WRITING COORDINATES TO DCD FILE NVT.dcd AT STEP 21120
WRITING COORDINATES TO DCD FILE NVT.dcd AT STEP 21130
WRITING COORDINATES TO DCD FILE NVT.dcd AT STEP 21140
WRITING COORDINATES TO DCD FILE NVT.dcd AT STEP 21150
WRITING COORDINATES TO DCD FILE NVT.dcd AT STEP 21160
WRITING COORDINATES TO DCD FILE NVT.dcd AT STEP 21170
WRITING COORDINATES TO DCD FILE NVT.dcd AT STEP 21180
WRITING COORDINATES TO DCD FILE NVT.dcd AT STEP 21190
WRITING COORDINATES TO DCD FILE NVT.dcd AT STEP 21200
WRITING COORDINATES TO DCD FILE NVT.dcd AT STEP 21210
WRITING COORDINATES TO DCD FILE NVT.dcd AT STEP 21220
WRITING COORDINATES TO DCD FILE NVT.dcd AT STEP 21230
WRITING COORDINATES TO DCD FILE NVT.dcd AT STEP 21240
WRITING COORDINATES TO DCD FILE NVT.dcd AT STEP 21250
WRITING COORDINATES TO DCD FILE NVT.dcd AT STEP 21260
WRITING COORDINATES TO DCD FILE NVT.dcd AT STEP 21270
WRITING COORDINATES TO DCD FILE NVT.dcd AT STEP 21280
WRITING COORDINATES TO DCD FILE NVT.dcd AT STEP 21290
WRITING COORDINATES TO DCD FILE NVT.dcd AT STEP 21300
WRITING COORDINATES TO DCD FILE NVT.dcd AT STEP 21310
WRITING COORDINATES TO DCD FILE NVT.dcd AT STEP 21320
WRITING COORDINATES TO DCD FILE NVT.dcd AT STEP 21330
WRITING COORDINATES TO DCD FILE NVT.dcd AT STEP 21340
WRITING COORDINATES TO DCD FILE NVT.dcd AT STEP 21350
WRITING COORDINATES TO DCD FILE NVT.dcd AT STEP 21360
WRITING COORDINATES TO DCD FILE NVT.dcd AT STEP 21370
WRITING COORDINATES TO DCD FILE NVT.dcd AT STEP 21380
WRITING COORDINATES TO DCD FILE NVT.dcd AT STEP 21390
WRITING COORDINATES TO DCD FILE NVT.dcd AT STEP 21400
WRITING COORDINATES TO DCD FILE NVT.dcd AT STEP 21410
WRITING COORDINATES TO DCD FILE NVT.dcd AT STEP 21420
WRITING COORDINATES TO DCD FILE NVT.dcd AT STEP 21430
WRITING COORDINATES TO DCD FILE NVT.dcd AT STEP 21440
WRITING COORDINATES TO DCD FILE NVT.dcd AT STEP 21450
WRITING COORDINATES TO DCD FILE NVT.dcd AT STEP 21460
WRITING COORDINATES TO DCD FILE NVT.dcd AT STEP 21470
WRITING COORDINATES TO DCD FILE NVT.dcd AT STEP 21480
WRITING COORDINATES TO DCD FILE NVT.dcd AT STEP 21490
WRITING COORDINATES TO DCD FILE NVT.dcd AT STEP 21500
WRITING COORDINATES TO DCD FILE NVT.dcd AT STEP 21510
WRITING COORDINATES TO DCD FILE NVT.dcd AT STEP 21520
WRITING COORDINATES TO DCD FILE NVT.dcd AT STEP 21530
WRITING COORDINATES TO DCD FILE NVT.dcd AT STEP 21540
WRITING COORDINATES TO DCD FILE NVT.dcd AT STEP 21550
WRITING COORDINATES TO DCD FILE NVT.dcd AT STEP 21560
WRITING COORDINATES TO DCD FILE NVT.dcd AT STEP 21570
WRITING COORDINATES TO DCD FILE NVT.dcd AT STEP 21580
WRITING COORDINATES TO DCD FILE NVT.dcd AT STEP 21590
WRITING COORDINATES TO DCD FILE NVT.dcd AT STEP 21600
WRITING COORDINATES TO DCD FILE NVT.dcd AT STEP 21610
WRITING COORDINATES TO DCD FILE NVT.dcd AT STEP 21620
WRITING COORDINATES TO DCD FILE NVT.dcd AT STEP 21630
WRITING COORDINATES TO DCD FILE NVT.dcd AT STEP 21640
WRITING COORDINATES TO DCD FILE NVT.dcd AT STEP 21650
WRITING COORDINATES TO DCD FILE NVT.dcd AT STEP 21660
WRITING COORDINATES TO DCD FILE NVT.dcd AT STEP 21670
WRITING COORDINATES TO DCD FILE NVT.dcd AT STEP 21680
WRITING COORDINATES TO DCD FILE NVT.dcd AT STEP 21690
WRITING COORDINATES TO DCD FILE NVT.dcd AT STEP 21700
WRITING COORDINATES TO DCD FILE NVT.dcd AT STEP 21710
WRITING COORDINATES TO DCD FILE NVT.dcd AT STEP 21720
WRITING COORDINATES TO DCD FILE NVT.dcd AT STEP 21730
WRITING COORDINATES TO DCD FILE NVT.dcd AT STEP 21740
WRITING COORDINATES TO DCD FILE NVT.dcd AT STEP 21750
WRITING COORDINATES TO DCD FILE NVT.dcd AT STEP 21760
WRITING COORDINATES TO DCD FILE NVT.dcd AT STEP 21770
WRITING COORDINATES TO DCD FILE NVT.dcd AT STEP 21780
WRITING COORDINATES TO DCD FILE NVT.dcd AT STEP 21790
WRITING COORDINATES TO DCD FILE NVT.dcd AT STEP 21800
WRITING COORDINATES TO DCD FILE NVT.dcd AT STEP 21810
WRITING COORDINATES TO DCD FILE NVT.dcd AT STEP 21820
WRITING COORDINATES TO DCD FILE NVT.dcd AT STEP 21830
WRITING COORDINATES TO DCD FILE NVT.dcd AT STEP 21840
WRITING COORDINATES TO DCD FILE NVT.dcd AT STEP 21850
WRITING COORDINATES TO DCD FILE NVT.dcd AT STEP 21860
WRITING COORDINATES TO DCD FILE NVT.dcd AT STEP 21870
WRITING COORDINATES TO DCD FILE NVT.dcd AT STEP 21880
WRITING COORDINATES TO DCD FILE NVT.dcd AT STEP 21890
WRITING COORDINATES TO DCD FILE NVT.dcd AT STEP 21900
WRITING COORDINATES TO DCD FILE NVT.dcd AT STEP 21910
WRITING COORDINATES TO DCD FILE NVT.dcd AT STEP 21920
WRITING COORDINATES TO DCD FILE NVT.dcd AT STEP 21930
WRITING COORDINATES TO DCD FILE NVT.dcd AT STEP 21940
WRITING COORDINATES TO DCD FILE NVT.dcd AT STEP 21950
WRITING COORDINATES TO DCD FILE NVT.dcd AT STEP 21960
WRITING COORDINATES TO DCD FILE NVT.dcd AT STEP 21970
WRITING COORDINATES TO DCD FILE NVT.dcd AT STEP 21980
WRITING COORDINATES TO DCD FILE NVT.dcd AT STEP 21990
PRESSURE: 22000 526.098 129.437 50.9628 129.437 996.326 48.532 50.9628 48.532 -187.555
GPRESSURE: 22000 525.417 142.274 174.342 148.634 848.236 55.2718 139.597 158.515 21.0382
PRESSAVG: 22000 59.9809 71.4012 23.2186 71.4012 81.8584 -41.3569 23.2186 -41.3569 87.1784
GPRESSAVG: 22000 59.985 71.959 23.1593 70.8792 81.6128 -41.6898 23.3883 -40.4334 87.6133
ENERGY:   22000      1536.1840      9049.8499      5622.9937        70.1968         -61423.9572     -1223.1949         0.0000         0.0000     18142.7913         -28225.1362       292.8211    -46367.9276    -28088.2020       292.9715            444.9562       464.8971    263726.8627        76.3392        76.4037

WRITING COORDINATES TO DCD FILE NVT.dcd AT STEP 22000
WRITING COORDINATES TO DCD FILE NVT.dcd AT STEP 22010
WRITING COORDINATES TO DCD FILE NVT.dcd AT STEP 22020
WRITING COORDINATES TO DCD FILE NVT.dcd AT STEP 22030
WRITING COORDINATES TO DCD FILE NVT.dcd AT STEP 22040
WRITING COORDINATES TO DCD FILE NVT.dcd AT STEP 22050
WRITING COORDINATES TO DCD FILE NVT.dcd AT STEP 22060
WRITING COORDINATES TO DCD FILE NVT.dcd AT STEP 22070
WRITING COORDINATES TO DCD FILE NVT.dcd AT STEP 22080
WRITING COORDINATES TO DCD FILE NVT.dcd AT STEP 22090
WRITING COORDINATES TO DCD FILE NVT.dcd AT STEP 22100
WRITING COORDINATES TO DCD FILE NVT.dcd AT STEP 22110
WRITING COORDINATES TO DCD FILE NVT.dcd AT STEP 22120
WRITING COORDINATES TO DCD FILE NVT.dcd AT STEP 22130
WRITING COORDINATES TO DCD FILE NVT.dcd AT STEP 22140
LDB: ============= START OF LOAD BALANCING ============== 3724.05
LDB: ============== END OF LOAD BALANCING =============== 3724.05
LDB: =============== DONE WITH MIGRATION ================ 3724.05
WRITING COORDINATES TO DCD FILE NVT.dcd AT STEP 22150
WRITING COORDINATES TO DCD FILE NVT.dcd AT STEP 22160
WRITING COORDINATES TO DCD FILE NVT.dcd AT STEP 22170
WRITING COORDINATES TO DCD FILE NVT.dcd AT STEP 22180
WRITING COORDINATES TO DCD FILE NVT.dcd AT STEP 22190
LDB: ============= START OF LOAD BALANCING ============== 3732.42
LDB: ============== END OF LOAD BALANCING =============== 3732.42
LDB: =============== DONE WITH MIGRATION ================ 3732.42
WRITING COORDINATES TO DCD FILE NVT.dcd AT STEP 22200
WRITING COORDINATES TO DCD FILE NVT.dcd AT STEP 22210
WRITING COORDINATES TO DCD FILE NVT.dcd AT STEP 22220
WRITING COORDINATES TO DCD FILE NVT.dcd AT STEP 22230
WRITING COORDINATES TO DCD FILE NVT.dcd AT STEP 22240
WRITING COORDINATES TO DCD FILE NVT.dcd AT STEP 22250
WRITING COORDINATES TO DCD FILE NVT.dcd AT STEP 22260
WRITING COORDINATES TO DCD FILE NVT.dcd AT STEP 22270
WRITING COORDINATES TO DCD FILE NVT.dcd AT STEP 22280
WRITING COORDINATES TO DCD FILE NVT.dcd AT STEP 22290
WRITING COORDINATES TO DCD FILE NVT.dcd AT STEP 22300
WRITING COORDINATES TO DCD FILE NVT.dcd AT STEP 22310
WRITING COORDINATES TO DCD FILE NVT.dcd AT STEP 22320
WRITING COORDINATES TO DCD FILE NVT.dcd AT STEP 22330
WRITING COORDINATES TO DCD FILE NVT.dcd AT STEP 22340
WRITING COORDINATES TO DCD FILE NVT.dcd AT STEP 22350
WRITING COORDINATES TO DCD FILE NVT.dcd AT STEP 22360
WRITING COORDINATES TO DCD FILE NVT.dcd AT STEP 22370
WRITING COORDINATES TO DCD FILE NVT.dcd AT STEP 22380
WRITING COORDINATES TO DCD FILE NVT.dcd AT STEP 22390
WRITING COORDINATES TO DCD FILE NVT.dcd AT STEP 22400
WRITING COORDINATES TO DCD FILE NVT.dcd AT STEP 22410
WRITING COORDINATES TO DCD FILE NVT.dcd AT STEP 22420
WRITING COORDINATES TO DCD FILE NVT.dcd AT STEP 22430
WRITING COORDINATES TO DCD FILE NVT.dcd AT STEP 22440
WRITING COORDINATES TO DCD FILE NVT.dcd AT STEP 22450
WRITING COORDINATES TO DCD FILE NVT.dcd AT STEP 22460
WRITING COORDINATES TO DCD FILE NVT.dcd AT STEP 22470
WRITING COORDINATES TO DCD FILE NVT.dcd AT STEP 22480
WRITING COORDINATES TO DCD FILE NVT.dcd AT STEP 22490
WRITING COORDINATES TO DCD FILE NVT.dcd AT STEP 22500
WRITING COORDINATES TO DCD FILE NVT.dcd AT STEP 22510
WRITING COORDINATES TO DCD FILE NVT.dcd AT STEP 22520
WRITING COORDINATES TO DCD FILE NVT.dcd AT STEP 22530
WRITING COORDINATES TO DCD FILE NVT.dcd AT STEP 22540
WRITING COORDINATES TO DCD FILE NVT.dcd AT STEP 22550
WRITING COORDINATES TO DCD FILE NVT.dcd AT STEP 22560
WRITING COORDINATES TO DCD FILE NVT.dcd AT STEP 22570
WRITING COORDINATES TO DCD FILE NVT.dcd AT STEP 22580
WRITING COORDINATES TO DCD FILE NVT.dcd AT STEP 22590
WRITING COORDINATES TO DCD FILE NVT.dcd AT STEP 22600
WRITING COORDINATES TO DCD FILE NVT.dcd AT STEP 22610
WRITING COORDINATES TO DCD FILE NVT.dcd AT STEP 22620
WRITING COORDINATES TO DCD FILE NVT.dcd AT STEP 22630
WRITING COORDINATES TO DCD FILE NVT.dcd AT STEP 22640
WRITING COORDINATES TO DCD FILE NVT.dcd AT STEP 22650
WRITING COORDINATES TO DCD FILE NVT.dcd AT STEP 22660
WRITING COORDINATES TO DCD FILE NVT.dcd AT STEP 22670
WRITING COORDINATES TO DCD FILE NVT.dcd AT STEP 22680
WRITING COORDINATES TO DCD FILE NVT.dcd AT STEP 22690
WRITING COORDINATES TO DCD FILE NVT.dcd AT STEP 22700
WRITING COORDINATES TO DCD FILE NVT.dcd AT STEP 22710
WRITING COORDINATES TO DCD FILE NVT.dcd AT STEP 22720
WRITING COORDINATES TO DCD FILE NVT.dcd AT STEP 22730
WRITING COORDINATES TO DCD FILE NVT.dcd AT STEP 22740
WRITING COORDINATES TO DCD FILE NVT.dcd AT STEP 22750
WRITING COORDINATES TO DCD FILE NVT.dcd AT STEP 22760
WRITING COORDINATES TO DCD FILE NVT.dcd AT STEP 22770
WRITING COORDINATES TO DCD FILE NVT.dcd AT STEP 22780
WRITING COORDINATES TO DCD FILE NVT.dcd AT STEP 22790
WRITING COORDINATES TO DCD FILE NVT.dcd AT STEP 22800
WRITING COORDINATES TO DCD FILE NVT.dcd AT STEP 22810
WRITING COORDINATES TO DCD FILE NVT.dcd AT STEP 22820
WRITING COORDINATES TO DCD FILE NVT.dcd AT STEP 22830
WRITING COORDINATES TO DCD FILE NVT.dcd AT STEP 22840
WRITING COORDINATES TO DCD FILE NVT.dcd AT STEP 22850
WRITING COORDINATES TO DCD FILE NVT.dcd AT STEP 22860
WRITING COORDINATES TO DCD FILE NVT.dcd AT STEP 22870
WRITING COORDINATES TO DCD FILE NVT.dcd AT STEP 22880
WRITING COORDINATES TO DCD FILE NVT.dcd AT STEP 22890
WRITING COORDINATES TO DCD FILE NVT.dcd AT STEP 22900
WRITING COORDINATES TO DCD FILE NVT.dcd AT STEP 22910
WRITING COORDINATES TO DCD FILE NVT.dcd AT STEP 22920
WRITING COORDINATES TO DCD FILE NVT.dcd AT STEP 22930
WRITING COORDINATES TO DCD FILE NVT.dcd AT STEP 22940
WRITING COORDINATES TO DCD FILE NVT.dcd AT STEP 22950
WRITING COORDINATES TO DCD FILE NVT.dcd AT STEP 22960
WRITING COORDINATES TO DCD FILE NVT.dcd AT STEP 22970
WRITING COORDINATES TO DCD FILE NVT.dcd AT STEP 22980
WRITING COORDINATES TO DCD FILE NVT.dcd AT STEP 22990
PRESSURE: 23000 -430.393 49.832 -184.974 49.832 -332.903 -379.238 -184.974 -379.238 -323.402
GPRESSURE: 23000 -516.528 -237.57 -144.396 1.76147 -57.5236 -384.737 -83.3807 -482.172 -464.57
PRESSAVG: 23000 99.5723 37.4258 8.77626 37.4258 75.3124 -56.9109 8.77626 -56.9109 192.447
GPRESSAVG: 23000 100.034 36.7132 8.53545 37.153 75.3959 -56.8203 9.30305 -57.2815 191.962
ENERGY:   23000      1469.6799      8959.0170      5642.8235        71.8586         -61204.3424     -1523.8658         0.0000         0.0000     18180.8865         -28403.9428       293.4359    -46584.8293    -28253.8684       293.3230           -362.2325      -346.2070    263726.8627       122.4438       122.4640

WRITING COORDINATES TO DCD FILE NVT.dcd AT STEP 23000
WRITING COORDINATES TO DCD FILE NVT.dcd AT STEP 23010
WRITING COORDINATES TO DCD FILE NVT.dcd AT STEP 23020
WRITING COORDINATES TO DCD FILE NVT.dcd AT STEP 23030
WRITING COORDINATES TO DCD FILE NVT.dcd AT STEP 23040
WRITING COORDINATES TO DCD FILE NVT.dcd AT STEP 23050
WRITING COORDINATES TO DCD FILE NVT.dcd AT STEP 23060
WRITING COORDINATES TO DCD FILE NVT.dcd AT STEP 23070
WRITING COORDINATES TO DCD FILE NVT.dcd AT STEP 23080
WRITING COORDINATES TO DCD FILE NVT.dcd AT STEP 23090
WRITING COORDINATES TO DCD FILE NVT.dcd AT STEP 23100
WRITING COORDINATES TO DCD FILE NVT.dcd AT STEP 23110
WRITING COORDINATES TO DCD FILE NVT.dcd AT STEP 23120
WRITING COORDINATES TO DCD FILE NVT.dcd AT STEP 23130
WRITING COORDINATES TO DCD FILE NVT.dcd AT STEP 23140
WRITING COORDINATES TO DCD FILE NVT.dcd AT STEP 23150
WRITING COORDINATES TO DCD FILE NVT.dcd AT STEP 23160
WRITING COORDINATES TO DCD FILE NVT.dcd AT STEP 23170
WRITING COORDINATES TO DCD FILE NVT.dcd AT STEP 23180
WRITING COORDINATES TO DCD FILE NVT.dcd AT STEP 23190
WRITING COORDINATES TO DCD FILE NVT.dcd AT STEP 23200
WRITING COORDINATES TO DCD FILE NVT.dcd AT STEP 23210
WRITING COORDINATES TO DCD FILE NVT.dcd AT STEP 23220
WRITING COORDINATES TO DCD FILE NVT.dcd AT STEP 23230
WRITING COORDINATES TO DCD FILE NVT.dcd AT STEP 23240
WRITING COORDINATES TO DCD FILE NVT.dcd AT STEP 23250
WRITING COORDINATES TO DCD FILE NVT.dcd AT STEP 23260
WRITING COORDINATES TO DCD FILE NVT.dcd AT STEP 23270
WRITING COORDINATES TO DCD FILE NVT.dcd AT STEP 23280
WRITING COORDINATES TO DCD FILE NVT.dcd AT STEP 23290
WRITING COORDINATES TO DCD FILE NVT.dcd AT STEP 23300
WRITING COORDINATES TO DCD FILE NVT.dcd AT STEP 23310
WRITING COORDINATES TO DCD FILE NVT.dcd AT STEP 23320
WRITING COORDINATES TO DCD FILE NVT.dcd AT STEP 23330
WRITING COORDINATES TO DCD FILE NVT.dcd AT STEP 23340
WRITING COORDINATES TO DCD FILE NVT.dcd AT STEP 23350
WRITING COORDINATES TO DCD FILE NVT.dcd AT STEP 23360
WRITING COORDINATES TO DCD FILE NVT.dcd AT STEP 23370
WRITING COORDINATES TO DCD FILE NVT.dcd AT STEP 23380
WRITING COORDINATES TO DCD FILE NVT.dcd AT STEP 23390
WRITING COORDINATES TO DCD FILE NVT.dcd AT STEP 23400
WRITING COORDINATES TO DCD FILE NVT.dcd AT STEP 23410
WRITING COORDINATES TO DCD FILE NVT.dcd AT STEP 23420
WRITING COORDINATES TO DCD FILE NVT.dcd AT STEP 23430
WRITING COORDINATES TO DCD FILE NVT.dcd AT STEP 23440
WRITING COORDINATES TO DCD FILE NVT.dcd AT STEP 23450
WRITING COORDINATES TO DCD FILE NVT.dcd AT STEP 23460
WRITING COORDINATES TO DCD FILE NVT.dcd AT STEP 23470
WRITING COORDINATES TO DCD FILE NVT.dcd AT STEP 23480
WRITING COORDINATES TO DCD FILE NVT.dcd AT STEP 23490
WRITING COORDINATES TO DCD FILE NVT.dcd AT STEP 23500
WRITING COORDINATES TO DCD FILE NVT.dcd AT STEP 23510
WRITING COORDINATES TO DCD FILE NVT.dcd AT STEP 23520
WRITING COORDINATES TO DCD FILE NVT.dcd AT STEP 23530
WRITING COORDINATES TO DCD FILE NVT.dcd AT STEP 23540
WRITING COORDINATES TO DCD FILE NVT.dcd AT STEP 23550
WRITING COORDINATES TO DCD FILE NVT.dcd AT STEP 23560
WRITING COORDINATES TO DCD FILE NVT.dcd AT STEP 23570
WRITING COORDINATES TO DCD FILE NVT.dcd AT STEP 23580
WRITING COORDINATES TO DCD FILE NVT.dcd AT STEP 23590
WRITING COORDINATES TO DCD FILE NVT.dcd AT STEP 23600
WRITING COORDINATES TO DCD FILE NVT.dcd AT STEP 23610
WRITING COORDINATES TO DCD FILE NVT.dcd AT STEP 23620
WRITING COORDINATES TO DCD FILE NVT.dcd AT STEP 23630
WRITING COORDINATES TO DCD FILE NVT.dcd AT STEP 23640
WRITING COORDINATES TO DCD FILE NVT.dcd AT STEP 23650
WRITING COORDINATES TO DCD FILE NVT.dcd AT STEP 23660
WRITING COORDINATES TO DCD FILE NVT.dcd AT STEP 23670
WRITING COORDINATES TO DCD FILE NVT.dcd AT STEP 23680
WRITING COORDINATES TO DCD FILE NVT.dcd AT STEP 23690
WRITING COORDINATES TO DCD FILE NVT.dcd AT STEP 23700
WRITING COORDINATES TO DCD FILE NVT.dcd AT STEP 23710
WRITING COORDINATES TO DCD FILE NVT.dcd AT STEP 23720
WRITING COORDINATES TO DCD FILE NVT.dcd AT STEP 23730
WRITING COORDINATES TO DCD FILE NVT.dcd AT STEP 23740
WRITING COORDINATES TO DCD FILE NVT.dcd AT STEP 23750
WRITING COORDINATES TO DCD FILE NVT.dcd AT STEP 23760
WRITING COORDINATES TO DCD FILE NVT.dcd AT STEP 23770
WRITING COORDINATES TO DCD FILE NVT.dcd AT STEP 23780
WRITING COORDINATES TO DCD FILE NVT.dcd AT STEP 23790
WRITING COORDINATES TO DCD FILE NVT.dcd AT STEP 23800
WRITING COORDINATES TO DCD FILE NVT.dcd AT STEP 23810
WRITING COORDINATES TO DCD FILE NVT.dcd AT STEP 23820
WRITING COORDINATES TO DCD FILE NVT.dcd AT STEP 23830
WRITING COORDINATES TO DCD FILE NVT.dcd AT STEP 23840
WRITING COORDINATES TO DCD FILE NVT.dcd AT STEP 23850
WRITING COORDINATES TO DCD FILE NVT.dcd AT STEP 23860
WRITING COORDINATES TO DCD FILE NVT.dcd AT STEP 23870
WRITING COORDINATES TO DCD FILE NVT.dcd AT STEP 23880
WRITING COORDINATES TO DCD FILE NVT.dcd AT STEP 23890
WRITING COORDINATES TO DCD FILE NVT.dcd AT STEP 23900
WRITING COORDINATES TO DCD FILE NVT.dcd AT STEP 23910
WRITING COORDINATES TO DCD FILE NVT.dcd AT STEP 23920
WRITING COORDINATES TO DCD FILE NVT.dcd AT STEP 23930
WRITING COORDINATES TO DCD FILE NVT.dcd AT STEP 23940
WRITING COORDINATES TO DCD FILE NVT.dcd AT STEP 23950
WRITING COORDINATES TO DCD FILE NVT.dcd AT STEP 23960
WRITING COORDINATES TO DCD FILE NVT.dcd AT STEP 23970
WRITING COORDINATES TO DCD FILE NVT.dcd AT STEP 23980
WRITING COORDINATES TO DCD FILE NVT.dcd AT STEP 23990
PRESSURE: 24000 644.541 -64.6947 -93.8359 -64.6947 -116.417 250.588 -93.8359 250.588 -0.503376
GPRESSURE: 24000 695.823 -51.5681 -160.421 -22.9721 -131.381 327.73 28.5023 400.961 -7.95781
PRESSAVG: 24000 135.26 -0.107985 51.9344 -0.107985 60.5053 18.4383 51.9344 18.4383 47.5446
GPRESSAVG: 24000 135.404 -0.0494313 51.7947 -0.126622 60.0377 18.4497 51.9378 18.6133 48.0571
ENERGY:   24000      1554.6174      9048.3871      5671.1902        85.4462         -61485.4299     -1144.4582         0.0000         0.0000     18184.9470         -28085.3001       293.5014    -46270.2471    -27937.5459       292.5672            175.8738       185.4945    263726.8627        81.1032        81.1661

WRITING COORDINATES TO DCD FILE NVT.dcd AT STEP 24000
WRITING COORDINATES TO DCD FILE NVT.dcd AT STEP 24010
WRITING COORDINATES TO DCD FILE NVT.dcd AT STEP 24020
WRITING COORDINATES TO DCD FILE NVT.dcd AT STEP 24030
WRITING COORDINATES TO DCD FILE NVT.dcd AT STEP 24040
WRITING COORDINATES TO DCD FILE NVT.dcd AT STEP 24050
WRITING COORDINATES TO DCD FILE NVT.dcd AT STEP 24060
WRITING COORDINATES TO DCD FILE NVT.dcd AT STEP 24070
WRITING COORDINATES TO DCD FILE NVT.dcd AT STEP 24080
WRITING COORDINATES TO DCD FILE NVT.dcd AT STEP 24090
WRITING COORDINATES TO DCD FILE NVT.dcd AT STEP 24100
WRITING COORDINATES TO DCD FILE NVT.dcd AT STEP 24110
WRITING COORDINATES TO DCD FILE NVT.dcd AT STEP 24120
WRITING COORDINATES TO DCD FILE NVT.dcd AT STEP 24130
WRITING COORDINATES TO DCD FILE NVT.dcd AT STEP 24140
LDB: ============= START OF LOAD BALANCING ============== 4058.71
LDB: ============== END OF LOAD BALANCING =============== 4058.71
LDB: =============== DONE WITH MIGRATION ================ 4058.71
WRITING COORDINATES TO DCD FILE NVT.dcd AT STEP 24150
WRITING COORDINATES TO DCD FILE NVT.dcd AT STEP 24160
WRITING COORDINATES TO DCD FILE NVT.dcd AT STEP 24170
WRITING COORDINATES TO DCD FILE NVT.dcd AT STEP 24180
WRITING COORDINATES TO DCD FILE NVT.dcd AT STEP 24190
LDB: ============= START OF LOAD BALANCING ============== 4067.06
LDB: ============== END OF LOAD BALANCING =============== 4067.06
LDB: =============== DONE WITH MIGRATION ================ 4067.06
WRITING COORDINATES TO DCD FILE NVT.dcd AT STEP 24200
WRITING COORDINATES TO DCD FILE NVT.dcd AT STEP 24210
WRITING COORDINATES TO DCD FILE NVT.dcd AT STEP 24220
WRITING COORDINATES TO DCD FILE NVT.dcd AT STEP 24230
WRITING COORDINATES TO DCD FILE NVT.dcd AT STEP 24240
WRITING COORDINATES TO DCD FILE NVT.dcd AT STEP 24250
WRITING COORDINATES TO DCD FILE NVT.dcd AT STEP 24260
WRITING COORDINATES TO DCD FILE NVT.dcd AT STEP 24270
WRITING COORDINATES TO DCD FILE NVT.dcd AT STEP 24280
WRITING COORDINATES TO DCD FILE NVT.dcd AT STEP 24290
WRITING COORDINATES TO DCD FILE NVT.dcd AT STEP 24300
WRITING COORDINATES TO DCD FILE NVT.dcd AT STEP 24310
WRITING COORDINATES TO DCD FILE NVT.dcd AT STEP 24320
WRITING COORDINATES TO DCD FILE NVT.dcd AT STEP 24330
WRITING COORDINATES TO DCD FILE NVT.dcd AT STEP 24340
WRITING COORDINATES TO DCD FILE NVT.dcd AT STEP 24350
WRITING COORDINATES TO DCD FILE NVT.dcd AT STEP 24360
WRITING COORDINATES TO DCD FILE NVT.dcd AT STEP 24370
WRITING COORDINATES TO DCD FILE NVT.dcd AT STEP 24380
WRITING COORDINATES TO DCD FILE NVT.dcd AT STEP 24390
WRITING COORDINATES TO DCD FILE NVT.dcd AT STEP 24400
WRITING COORDINATES TO DCD FILE NVT.dcd AT STEP 24410
WRITING COORDINATES TO DCD FILE NVT.dcd AT STEP 24420
WRITING COORDINATES TO DCD FILE NVT.dcd AT STEP 24430
WRITING COORDINATES TO DCD FILE NVT.dcd AT STEP 24440
WRITING COORDINATES TO DCD FILE NVT.dcd AT STEP 24450
WRITING COORDINATES TO DCD FILE NVT.dcd AT STEP 24460
WRITING COORDINATES TO DCD FILE NVT.dcd AT STEP 24470
WRITING COORDINATES TO DCD FILE NVT.dcd AT STEP 24480
WRITING COORDINATES TO DCD FILE NVT.dcd AT STEP 24490
WRITING COORDINATES TO DCD FILE NVT.dcd AT STEP 24500
WRITING COORDINATES TO DCD FILE NVT.dcd AT STEP 24510
WRITING COORDINATES TO DCD FILE NVT.dcd AT STEP 24520
WRITING COORDINATES TO DCD FILE NVT.dcd AT STEP 24530
WRITING COORDINATES TO DCD FILE NVT.dcd AT STEP 24540
WRITING COORDINATES TO DCD FILE NVT.dcd AT STEP 24550
WRITING COORDINATES TO DCD FILE NVT.dcd AT STEP 24560
WRITING COORDINATES TO DCD FILE NVT.dcd AT STEP 24570
WRITING COORDINATES TO DCD FILE NVT.dcd AT STEP 24580
WRITING COORDINATES TO DCD FILE NVT.dcd AT STEP 24590
WRITING COORDINATES TO DCD FILE NVT.dcd AT STEP 24600
WRITING COORDINATES TO DCD FILE NVT.dcd AT STEP 24610
WRITING COORDINATES TO DCD FILE NVT.dcd AT STEP 24620
WRITING COORDINATES TO DCD FILE NVT.dcd AT STEP 24630
WRITING COORDINATES TO DCD FILE NVT.dcd AT STEP 24640
WRITING COORDINATES TO DCD FILE NVT.dcd AT STEP 24650
WRITING COORDINATES TO DCD FILE NVT.dcd AT STEP 24660
WRITING COORDINATES TO DCD FILE NVT.dcd AT STEP 24670
WRITING COORDINATES TO DCD FILE NVT.dcd AT STEP 24680
WRITING COORDINATES TO DCD FILE NVT.dcd AT STEP 24690
WRITING COORDINATES TO DCD FILE NVT.dcd AT STEP 24700
WRITING COORDINATES TO DCD FILE NVT.dcd AT STEP 24710
WRITING COORDINATES TO DCD FILE NVT.dcd AT STEP 24720
WRITING COORDINATES TO DCD FILE NVT.dcd AT STEP 24730
WRITING COORDINATES TO DCD FILE NVT.dcd AT STEP 24740
WRITING COORDINATES TO DCD FILE NVT.dcd AT STEP 24750
WRITING COORDINATES TO DCD FILE NVT.dcd AT STEP 24760
WRITING COORDINATES TO DCD FILE NVT.dcd AT STEP 24770
WRITING COORDINATES TO DCD FILE NVT.dcd AT STEP 24780
WRITING COORDINATES TO DCD FILE NVT.dcd AT STEP 24790
WRITING COORDINATES TO DCD FILE NVT.dcd AT STEP 24800
WRITING COORDINATES TO DCD FILE NVT.dcd AT STEP 24810
WRITING COORDINATES TO DCD FILE NVT.dcd AT STEP 24820
WRITING COORDINATES TO DCD FILE NVT.dcd AT STEP 24830
WRITING COORDINATES TO DCD FILE NVT.dcd AT STEP 24840
WRITING COORDINATES TO DCD FILE NVT.dcd AT STEP 24850
WRITING COORDINATES TO DCD FILE NVT.dcd AT STEP 24860
WRITING COORDINATES TO DCD FILE NVT.dcd AT STEP 24870
WRITING COORDINATES TO DCD FILE NVT.dcd AT STEP 24880
WRITING COORDINATES TO DCD FILE NVT.dcd AT STEP 24890
WRITING COORDINATES TO DCD FILE NVT.dcd AT STEP 24900
WRITING COORDINATES TO DCD FILE NVT.dcd AT STEP 24910
WRITING COORDINATES TO DCD FILE NVT.dcd AT STEP 24920
WRITING COORDINATES TO DCD FILE NVT.dcd AT STEP 24930
WRITING COORDINATES TO DCD FILE NVT.dcd AT STEP 24940
WRITING COORDINATES TO DCD FILE NVT.dcd AT STEP 24950
WRITING COORDINATES TO DCD FILE NVT.dcd AT STEP 24960
WRITING COORDINATES TO DCD FILE NVT.dcd AT STEP 24970
WRITING COORDINATES TO DCD FILE NVT.dcd AT STEP 24980
WRITING COORDINATES TO DCD FILE NVT.dcd AT STEP 24990
PRESSURE: 25000 306.544 273.578 134.98 273.578 22.5563 14.3021 134.98 14.3021 -173.191
GPRESSURE: 25000 382.993 285.138 340.79 30.3249 -80.0071 107.107 140.197 -213.817 -24.9332
PRESSAVG: 25000 135.942 13.5306 30.696 13.5306 -47.8495 -3.57642 30.696 -3.57642 78.592
GPRESSAVG: 25000 136.166 13.7603 31.0055 13.711 -47.2428 -3.76778 30.7401 -3.8809 78.1708
ENERGY:   25000      1556.1661      9058.7464      5661.3453        60.7905         -61270.4886     -1304.5426         0.0000         0.0000     18202.5830         -28035.4000       293.7861    -46237.9829    -27893.2708       294.0705             51.9700        92.6844    263726.8627        55.5615        55.6981

WRITING EXTENDED SYSTEM TO RESTART FILE AT STEP 25000
WRITING COORDINATES TO DCD FILE NVT.dcd AT STEP 25000
WRITING COORDINATES TO RESTART FILE AT STEP 25000
FINISHED WRITING RESTART COORDINATES
WRITING VELOCITIES TO RESTART FILE AT STEP 25000
FINISHED WRITING RESTART VELOCITIES
The last velocity output (seq=25000) takes 0.000 seconds, 841.440 MB of memory in use
WRITING COORDINATES TO DCD FILE NVT.dcd AT STEP 25010
WRITING COORDINATES TO DCD FILE NVT.dcd AT STEP 25020
WRITING COORDINATES TO DCD FILE NVT.dcd AT STEP 25030
WRITING COORDINATES TO DCD FILE NVT.dcd AT STEP 25040
WRITING COORDINATES TO DCD FILE NVT.dcd AT STEP 25050
WRITING COORDINATES TO DCD FILE NVT.dcd AT STEP 25060
WRITING COORDINATES TO DCD FILE NVT.dcd AT STEP 25070
WRITING COORDINATES TO DCD FILE NVT.dcd AT STEP 25080
WRITING COORDINATES TO DCD FILE NVT.dcd AT STEP 25090
WRITING COORDINATES TO DCD FILE NVT.dcd AT STEP 25100
WRITING COORDINATES TO DCD FILE NVT.dcd AT STEP 25110
WRITING COORDINATES TO DCD FILE NVT.dcd AT STEP 25120
WRITING COORDINATES TO DCD FILE NVT.dcd AT STEP 25130
WRITING COORDINATES TO DCD FILE NVT.dcd AT STEP 25140
WRITING COORDINATES TO DCD FILE NVT.dcd AT STEP 25150
WRITING COORDINATES TO DCD FILE NVT.dcd AT STEP 25160
WRITING COORDINATES TO DCD FILE NVT.dcd AT STEP 25170
WRITING COORDINATES TO DCD FILE NVT.dcd AT STEP 25180
WRITING COORDINATES TO DCD FILE NVT.dcd AT STEP 25190
WRITING COORDINATES TO DCD FILE NVT.dcd AT STEP 25200
WRITING COORDINATES TO DCD FILE NVT.dcd AT STEP 25210
WRITING COORDINATES TO DCD FILE NVT.dcd AT STEP 25220
WRITING COORDINATES TO DCD FILE NVT.dcd AT STEP 25230
WRITING COORDINATES TO DCD FILE NVT.dcd AT STEP 25240
WRITING COORDINATES TO DCD FILE NVT.dcd AT STEP 25250
WRITING COORDINATES TO DCD FILE NVT.dcd AT STEP 25260
WRITING COORDINATES TO DCD FILE NVT.dcd AT STEP 25270
WRITING COORDINATES TO DCD FILE NVT.dcd AT STEP 25280
WRITING COORDINATES TO DCD FILE NVT.dcd AT STEP 25290
WRITING COORDINATES TO DCD FILE NVT.dcd AT STEP 25300
WRITING COORDINATES TO DCD FILE NVT.dcd AT STEP 25310
WRITING COORDINATES TO DCD FILE NVT.dcd AT STEP 25320
WRITING COORDINATES TO DCD FILE NVT.dcd AT STEP 25330
WRITING COORDINATES TO DCD FILE NVT.dcd AT STEP 25340
WRITING COORDINATES TO DCD FILE NVT.dcd AT STEP 25350
WRITING COORDINATES TO DCD FILE NVT.dcd AT STEP 25360
WRITING COORDINATES TO DCD FILE NVT.dcd AT STEP 25370
WRITING COORDINATES TO DCD FILE NVT.dcd AT STEP 25380
WRITING COORDINATES TO DCD FILE NVT.dcd AT STEP 25390
WRITING COORDINATES TO DCD FILE NVT.dcd AT STEP 25400
WRITING COORDINATES TO DCD FILE NVT.dcd AT STEP 25410
WRITING COORDINATES TO DCD FILE NVT.dcd AT STEP 25420
WRITING COORDINATES TO DCD FILE NVT.dcd AT STEP 25430
WRITING COORDINATES TO DCD FILE NVT.dcd AT STEP 25440
WRITING COORDINATES TO DCD FILE NVT.dcd AT STEP 25450
WRITING COORDINATES TO DCD FILE NVT.dcd AT STEP 25460
WRITING COORDINATES TO DCD FILE NVT.dcd AT STEP 25470
WRITING COORDINATES TO DCD FILE NVT.dcd AT STEP 25480
WRITING COORDINATES TO DCD FILE NVT.dcd AT STEP 25490
WRITING COORDINATES TO DCD FILE NVT.dcd AT STEP 25500
WRITING COORDINATES TO DCD FILE NVT.dcd AT STEP 25510
WRITING COORDINATES TO DCD FILE NVT.dcd AT STEP 25520
WRITING COORDINATES TO DCD FILE NVT.dcd AT STEP 25530
WRITING COORDINATES TO DCD FILE NVT.dcd AT STEP 25540
WRITING COORDINATES TO DCD FILE NVT.dcd AT STEP 25550
WRITING COORDINATES TO DCD FILE NVT.dcd AT STEP 25560
WRITING COORDINATES TO DCD FILE NVT.dcd AT STEP 25570
WRITING COORDINATES TO DCD FILE NVT.dcd AT STEP 25580
WRITING COORDINATES TO DCD FILE NVT.dcd AT STEP 25590
WRITING COORDINATES TO DCD FILE NVT.dcd AT STEP 25600
WRITING COORDINATES TO DCD FILE NVT.dcd AT STEP 25610
WRITING COORDINATES TO DCD FILE NVT.dcd AT STEP 25620
WRITING COORDINATES TO DCD FILE NVT.dcd AT STEP 25630
WRITING COORDINATES TO DCD FILE NVT.dcd AT STEP 25640
WRITING COORDINATES TO DCD FILE NVT.dcd AT STEP 25650
WRITING COORDINATES TO DCD FILE NVT.dcd AT STEP 25660
WRITING COORDINATES TO DCD FILE NVT.dcd AT STEP 25670
WRITING COORDINATES TO DCD FILE NVT.dcd AT STEP 25680
WRITING COORDINATES TO DCD FILE NVT.dcd AT STEP 25690
WRITING COORDINATES TO DCD FILE NVT.dcd AT STEP 25700
WRITING COORDINATES TO DCD FILE NVT.dcd AT STEP 25710
WRITING COORDINATES TO DCD FILE NVT.dcd AT STEP 25720
WRITING COORDINATES TO DCD FILE NVT.dcd AT STEP 25730
WRITING COORDINATES TO DCD FILE NVT.dcd AT STEP 25740
WRITING COORDINATES TO DCD FILE NVT.dcd AT STEP 25750
WRITING COORDINATES TO DCD FILE NVT.dcd AT STEP 25760
WRITING COORDINATES TO DCD FILE NVT.dcd AT STEP 25770
WRITING COORDINATES TO DCD FILE NVT.dcd AT STEP 25780
WRITING COORDINATES TO DCD FILE NVT.dcd AT STEP 25790
WRITING COORDINATES TO DCD FILE NVT.dcd AT STEP 25800
WRITING COORDINATES TO DCD FILE NVT.dcd AT STEP 25810
WRITING COORDINATES TO DCD FILE NVT.dcd AT STEP 25820
WRITING COORDINATES TO DCD FILE NVT.dcd AT STEP 25830
WRITING COORDINATES TO DCD FILE NVT.dcd AT STEP 25840
WRITING COORDINATES TO DCD FILE NVT.dcd AT STEP 25850
WRITING COORDINATES TO DCD FILE NVT.dcd AT STEP 25860
WRITING COORDINATES TO DCD FILE NVT.dcd AT STEP 25870
WRITING COORDINATES TO DCD FILE NVT.dcd AT STEP 25880
WRITING COORDINATES TO DCD FILE NVT.dcd AT STEP 25890
WRITING COORDINATES TO DCD FILE NVT.dcd AT STEP 25900
WRITING COORDINATES TO DCD FILE NVT.dcd AT STEP 25910
WRITING COORDINATES TO DCD FILE NVT.dcd AT STEP 25920
WRITING COORDINATES TO DCD FILE NVT.dcd AT STEP 25930
WRITING COORDINATES TO DCD FILE NVT.dcd AT STEP 25940
WRITING COORDINATES TO DCD FILE NVT.dcd AT STEP 25950
WRITING COORDINATES TO DCD FILE NVT.dcd AT STEP 25960
WRITING COORDINATES TO DCD FILE NVT.dcd AT STEP 25970
WRITING COORDINATES TO DCD FILE NVT.dcd AT STEP 25980
WRITING COORDINATES TO DCD FILE NVT.dcd AT STEP 25990
PRESSURE: 26000 180.543 38.493 -36.5615 38.493 -349.503 161.098 -36.5615 161.098 -414.8
GPRESSURE: 26000 318.06 8.039 -33.3749 22.4593 -280.528 163.598 -198.013 206.134 -536.988
PRESSAVG: 26000 86.7748 45.9023 74.5836 45.9023 14.4112 -63.429 74.5836 -63.429 171.544
GPRESSAVG: 26000 86.6879 45.1616 74.1586 46.1705 14.777 -63.5771 73.9043 -64.5893 171.061
ENERGY:   26000      1542.8743      9123.3717      5650.4769        64.3439         -61686.2988     -1166.4774         0.0000         0.0000     18283.6951         -28188.0142       295.0952    -46471.7093    -28046.2340       294.8610           -194.5870      -166.4853    263726.8627        90.9098        90.8420

WRITING COORDINATES TO DCD FILE NVT.dcd AT STEP 26000
WRITING COORDINATES TO DCD FILE NVT.dcd AT STEP 26010
WRITING COORDINATES TO DCD FILE NVT.dcd AT STEP 26020
WRITING COORDINATES TO DCD FILE NVT.dcd AT STEP 26030
WRITING COORDINATES TO DCD FILE NVT.dcd AT STEP 26040
WRITING COORDINATES TO DCD FILE NVT.dcd AT STEP 26050
WRITING COORDINATES TO DCD FILE NVT.dcd AT STEP 26060
WRITING COORDINATES TO DCD FILE NVT.dcd AT STEP 26070
WRITING COORDINATES TO DCD FILE NVT.dcd AT STEP 26080
WRITING COORDINATES TO DCD FILE NVT.dcd AT STEP 26090
WRITING COORDINATES TO DCD FILE NVT.dcd AT STEP 26100
WRITING COORDINATES TO DCD FILE NVT.dcd AT STEP 26110
WRITING COORDINATES TO DCD FILE NVT.dcd AT STEP 26120
WRITING COORDINATES TO DCD FILE NVT.dcd AT STEP 26130
WRITING COORDINATES TO DCD FILE NVT.dcd AT STEP 26140
LDB: ============= START OF LOAD BALANCING ============== 4393.5
LDB: ============== END OF LOAD BALANCING =============== 4393.5
LDB: =============== DONE WITH MIGRATION ================ 4393.5
WRITING COORDINATES TO DCD FILE NVT.dcd AT STEP 26150
WRITING COORDINATES TO DCD FILE NVT.dcd AT STEP 26160
WRITING COORDINATES TO DCD FILE NVT.dcd AT STEP 26170
WRITING COORDINATES TO DCD FILE NVT.dcd AT STEP 26180
WRITING COORDINATES TO DCD FILE NVT.dcd AT STEP 26190
LDB: ============= START OF LOAD BALANCING ============== 4401.86
LDB: ============== END OF LOAD BALANCING =============== 4401.86
LDB: =============== DONE WITH MIGRATION ================ 4401.87
WRITING COORDINATES TO DCD FILE NVT.dcd AT STEP 26200
WRITING COORDINATES TO DCD FILE NVT.dcd AT STEP 26210
WRITING COORDINATES TO DCD FILE NVT.dcd AT STEP 26220
WRITING COORDINATES TO DCD FILE NVT.dcd AT STEP 26230
WRITING COORDINATES TO DCD FILE NVT.dcd AT STEP 26240
WRITING COORDINATES TO DCD FILE NVT.dcd AT STEP 26250
WRITING COORDINATES TO DCD FILE NVT.dcd AT STEP 26260
WRITING COORDINATES TO DCD FILE NVT.dcd AT STEP 26270
WRITING COORDINATES TO DCD FILE NVT.dcd AT STEP 26280
WRITING COORDINATES TO DCD FILE NVT.dcd AT STEP 26290
WRITING COORDINATES TO DCD FILE NVT.dcd AT STEP 26300
WRITING COORDINATES TO DCD FILE NVT.dcd AT STEP 26310
WRITING COORDINATES TO DCD FILE NVT.dcd AT STEP 26320
WRITING COORDINATES TO DCD FILE NVT.dcd AT STEP 26330
WRITING COORDINATES TO DCD FILE NVT.dcd AT STEP 26340
WRITING COORDINATES TO DCD FILE NVT.dcd AT STEP 26350
WRITING COORDINATES TO DCD FILE NVT.dcd AT STEP 26360
WRITING COORDINATES TO DCD FILE NVT.dcd AT STEP 26370
WRITING COORDINATES TO DCD FILE NVT.dcd AT STEP 26380
WRITING COORDINATES TO DCD FILE NVT.dcd AT STEP 26390
WRITING COORDINATES TO DCD FILE NVT.dcd AT STEP 26400
WRITING COORDINATES TO DCD FILE NVT.dcd AT STEP 26410
WRITING COORDINATES TO DCD FILE NVT.dcd AT STEP 26420
WRITING COORDINATES TO DCD FILE NVT.dcd AT STEP 26430
WRITING COORDINATES TO DCD FILE NVT.dcd AT STEP 26440
WRITING COORDINATES TO DCD FILE NVT.dcd AT STEP 26450
WRITING COORDINATES TO DCD FILE NVT.dcd AT STEP 26460
WRITING COORDINATES TO DCD FILE NVT.dcd AT STEP 26470
WRITING COORDINATES TO DCD FILE NVT.dcd AT STEP 26480
WRITING COORDINATES TO DCD FILE NVT.dcd AT STEP 26490
WRITING COORDINATES TO DCD FILE NVT.dcd AT STEP 26500
WRITING COORDINATES TO DCD FILE NVT.dcd AT STEP 26510
WRITING COORDINATES TO DCD FILE NVT.dcd AT STEP 26520
WRITING COORDINATES TO DCD FILE NVT.dcd AT STEP 26530
WRITING COORDINATES TO DCD FILE NVT.dcd AT STEP 26540
WRITING COORDINATES TO DCD FILE NVT.dcd AT STEP 26550
WRITING COORDINATES TO DCD FILE NVT.dcd AT STEP 26560
WRITING COORDINATES TO DCD FILE NVT.dcd AT STEP 26570
WRITING COORDINATES TO DCD FILE NVT.dcd AT STEP 26580
WRITING COORDINATES TO DCD FILE NVT.dcd AT STEP 26590
WRITING COORDINATES TO DCD FILE NVT.dcd AT STEP 26600
WRITING COORDINATES TO DCD FILE NVT.dcd AT STEP 26610
WRITING COORDINATES TO DCD FILE NVT.dcd AT STEP 26620
WRITING COORDINATES TO DCD FILE NVT.dcd AT STEP 26630
WRITING COORDINATES TO DCD FILE NVT.dcd AT STEP 26640
WRITING COORDINATES TO DCD FILE NVT.dcd AT STEP 26650
WRITING COORDINATES TO DCD FILE NVT.dcd AT STEP 26660
WRITING COORDINATES TO DCD FILE NVT.dcd AT STEP 26670
WRITING COORDINATES TO DCD FILE NVT.dcd AT STEP 26680
WRITING COORDINATES TO DCD FILE NVT.dcd AT STEP 26690
WRITING COORDINATES TO DCD FILE NVT.dcd AT STEP 26700
WRITING COORDINATES TO DCD FILE NVT.dcd AT STEP 26710
WRITING COORDINATES TO DCD FILE NVT.dcd AT STEP 26720
WRITING COORDINATES TO DCD FILE NVT.dcd AT STEP 26730
WRITING COORDINATES TO DCD FILE NVT.dcd AT STEP 26740
WRITING COORDINATES TO DCD FILE NVT.dcd AT STEP 26750
WRITING COORDINATES TO DCD FILE NVT.dcd AT STEP 26760
WRITING COORDINATES TO DCD FILE NVT.dcd AT STEP 26770
WRITING COORDINATES TO DCD FILE NVT.dcd AT STEP 26780
WRITING COORDINATES TO DCD FILE NVT.dcd AT STEP 26790
WRITING COORDINATES TO DCD FILE NVT.dcd AT STEP 26800
WRITING COORDINATES TO DCD FILE NVT.dcd AT STEP 26810
WRITING COORDINATES TO DCD FILE NVT.dcd AT STEP 26820
WRITING COORDINATES TO DCD FILE NVT.dcd AT STEP 26830
WRITING COORDINATES TO DCD FILE NVT.dcd AT STEP 26840
WRITING COORDINATES TO DCD FILE NVT.dcd AT STEP 26850
WRITING COORDINATES TO DCD FILE NVT.dcd AT STEP 26860
WRITING COORDINATES TO DCD FILE NVT.dcd AT STEP 26870
WRITING COORDINATES TO DCD FILE NVT.dcd AT STEP 26880
WRITING COORDINATES TO DCD FILE NVT.dcd AT STEP 26890
WRITING COORDINATES TO DCD FILE NVT.dcd AT STEP 26900
WRITING COORDINATES TO DCD FILE NVT.dcd AT STEP 26910
WRITING COORDINATES TO DCD FILE NVT.dcd AT STEP 26920
WRITING COORDINATES TO DCD FILE NVT.dcd AT STEP 26930
WRITING COORDINATES TO DCD FILE NVT.dcd AT STEP 26940
WRITING COORDINATES TO DCD FILE NVT.dcd AT STEP 26950
WRITING COORDINATES TO DCD FILE NVT.dcd AT STEP 26960
WRITING COORDINATES TO DCD FILE NVT.dcd AT STEP 26970
WRITING COORDINATES TO DCD FILE NVT.dcd AT STEP 26980
WRITING COORDINATES TO DCD FILE NVT.dcd AT STEP 26990
PRESSURE: 27000 -527.678 -170.082 289.545 -170.082 116.34 -289.979 289.545 -289.979 -272.822
GPRESSURE: 27000 -391.542 -58.3963 337.806 -137.945 46.0738 -216.359 297.247 -297.217 -300.31
PRESSAVG: 27000 57.4995 80.7087 6.82629 80.7087 -48.6138 -70.3008 6.82629 -70.3008 80.331
GPRESSAVG: 27000 58.1623 80.8158 7.38167 80.3413 -49.3862 -69.7524 6.78654 -69.9659 80.7163
ENERGY:   27000      1547.0345      9034.1093      5599.8722        76.1646         -61542.4234     -1257.9232         0.0000         0.0000     18165.7977         -28377.3682       293.1924    -46543.1659    -28229.0780       293.5522           -228.0532      -215.2593    263726.8627        29.7389        29.8308

WRITING COORDINATES TO DCD FILE NVT.dcd AT STEP 27000
WRITING COORDINATES TO DCD FILE NVT.dcd AT STEP 27010
WRITING COORDINATES TO DCD FILE NVT.dcd AT STEP 27020
WRITING COORDINATES TO DCD FILE NVT.dcd AT STEP 27030
WRITING COORDINATES TO DCD FILE NVT.dcd AT STEP 27040
WRITING COORDINATES TO DCD FILE NVT.dcd AT STEP 27050
WRITING COORDINATES TO DCD FILE NVT.dcd AT STEP 27060
WRITING COORDINATES TO DCD FILE NVT.dcd AT STEP 27070
WRITING COORDINATES TO DCD FILE NVT.dcd AT STEP 27080
WRITING COORDINATES TO DCD FILE NVT.dcd AT STEP 27090
WRITING COORDINATES TO DCD FILE NVT.dcd AT STEP 27100
WRITING COORDINATES TO DCD FILE NVT.dcd AT STEP 27110
WRITING COORDINATES TO DCD FILE NVT.dcd AT STEP 27120
WRITING COORDINATES TO DCD FILE NVT.dcd AT STEP 27130
WRITING COORDINATES TO DCD FILE NVT.dcd AT STEP 27140
WRITING COORDINATES TO DCD FILE NVT.dcd AT STEP 27150
WRITING COORDINATES TO DCD FILE NVT.dcd AT STEP 27160
WRITING COORDINATES TO DCD FILE NVT.dcd AT STEP 27170
WRITING COORDINATES TO DCD FILE NVT.dcd AT STEP 27180
WRITING COORDINATES TO DCD FILE NVT.dcd AT STEP 27190
WRITING COORDINATES TO DCD FILE NVT.dcd AT STEP 27200
WRITING COORDINATES TO DCD FILE NVT.dcd AT STEP 27210
WRITING COORDINATES TO DCD FILE NVT.dcd AT STEP 27220
WRITING COORDINATES TO DCD FILE NVT.dcd AT STEP 27230
WRITING COORDINATES TO DCD FILE NVT.dcd AT STEP 27240
WRITING COORDINATES TO DCD FILE NVT.dcd AT STEP 27250
WRITING COORDINATES TO DCD FILE NVT.dcd AT STEP 27260
WRITING COORDINATES TO DCD FILE NVT.dcd AT STEP 27270
WRITING COORDINATES TO DCD FILE NVT.dcd AT STEP 27280
WRITING COORDINATES TO DCD FILE NVT.dcd AT STEP 27290
WRITING COORDINATES TO DCD FILE NVT.dcd AT STEP 27300
WRITING COORDINATES TO DCD FILE NVT.dcd AT STEP 27310
WRITING COORDINATES TO DCD FILE NVT.dcd AT STEP 27320
WRITING COORDINATES TO DCD FILE NVT.dcd AT STEP 27330
WRITING COORDINATES TO DCD FILE NVT.dcd AT STEP 27340
WRITING COORDINATES TO DCD FILE NVT.dcd AT STEP 27350
WRITING COORDINATES TO DCD FILE NVT.dcd AT STEP 27360
WRITING COORDINATES TO DCD FILE NVT.dcd AT STEP 27370
WRITING COORDINATES TO DCD FILE NVT.dcd AT STEP 27380
WRITING COORDINATES TO DCD FILE NVT.dcd AT STEP 27390
WRITING COORDINATES TO DCD FILE NVT.dcd AT STEP 27400
WRITING COORDINATES TO DCD FILE NVT.dcd AT STEP 27410
WRITING COORDINATES TO DCD FILE NVT.dcd AT STEP 27420
WRITING COORDINATES TO DCD FILE NVT.dcd AT STEP 27430
WRITING COORDINATES TO DCD FILE NVT.dcd AT STEP 27440
WRITING COORDINATES TO DCD FILE NVT.dcd AT STEP 27450
WRITING COORDINATES TO DCD FILE NVT.dcd AT STEP 27460
WRITING COORDINATES TO DCD FILE NVT.dcd AT STEP 27470
WRITING COORDINATES TO DCD FILE NVT.dcd AT STEP 27480
WRITING COORDINATES TO DCD FILE NVT.dcd AT STEP 27490
WRITING COORDINATES TO DCD FILE NVT.dcd AT STEP 27500
WRITING COORDINATES TO DCD FILE NVT.dcd AT STEP 27510
WRITING COORDINATES TO DCD FILE NVT.dcd AT STEP 27520
WRITING COORDINATES TO DCD FILE NVT.dcd AT STEP 27530
WRITING COORDINATES TO DCD FILE NVT.dcd AT STEP 27540
WRITING COORDINATES TO DCD FILE NVT.dcd AT STEP 27550
WRITING COORDINATES TO DCD FILE NVT.dcd AT STEP 27560
WRITING COORDINATES TO DCD FILE NVT.dcd AT STEP 27570
WRITING COORDINATES TO DCD FILE NVT.dcd AT STEP 27580
WRITING COORDINATES TO DCD FILE NVT.dcd AT STEP 27590
WRITING COORDINATES TO DCD FILE NVT.dcd AT STEP 27600
WRITING COORDINATES TO DCD FILE NVT.dcd AT STEP 27610
WRITING COORDINATES TO DCD FILE NVT.dcd AT STEP 27620
WRITING COORDINATES TO DCD FILE NVT.dcd AT STEP 27630
WRITING COORDINATES TO DCD FILE NVT.dcd AT STEP 27640
WRITING COORDINATES TO DCD FILE NVT.dcd AT STEP 27650
WRITING COORDINATES TO DCD FILE NVT.dcd AT STEP 27660
WRITING COORDINATES TO DCD FILE NVT.dcd AT STEP 27670
WRITING COORDINATES TO DCD FILE NVT.dcd AT STEP 27680
WRITING COORDINATES TO DCD FILE NVT.dcd AT STEP 27690
WRITING COORDINATES TO DCD FILE NVT.dcd AT STEP 27700
WRITING COORDINATES TO DCD FILE NVT.dcd AT STEP 27710
WRITING COORDINATES TO DCD FILE NVT.dcd AT STEP 27720
WRITING COORDINATES TO DCD FILE NVT.dcd AT STEP 27730
WRITING COORDINATES TO DCD FILE NVT.dcd AT STEP 27740
WRITING COORDINATES TO DCD FILE NVT.dcd AT STEP 27750
WRITING COORDINATES TO DCD FILE NVT.dcd AT STEP 27760
WRITING COORDINATES TO DCD FILE NVT.dcd AT STEP 27770
WRITING COORDINATES TO DCD FILE NVT.dcd AT STEP 27780
WRITING COORDINATES TO DCD FILE NVT.dcd AT STEP 27790
WRITING COORDINATES TO DCD FILE NVT.dcd AT STEP 27800
WRITING COORDINATES TO DCD FILE NVT.dcd AT STEP 27810
WRITING COORDINATES TO DCD FILE NVT.dcd AT STEP 27820
WRITING COORDINATES TO DCD FILE NVT.dcd AT STEP 27830
WRITING COORDINATES TO DCD FILE NVT.dcd AT STEP 27840
WRITING COORDINATES TO DCD FILE NVT.dcd AT STEP 27850
WRITING COORDINATES TO DCD FILE NVT.dcd AT STEP 27860
WRITING COORDINATES TO DCD FILE NVT.dcd AT STEP 27870
WRITING COORDINATES TO DCD FILE NVT.dcd AT STEP 27880
WRITING COORDINATES TO DCD FILE NVT.dcd AT STEP 27890
WRITING COORDINATES TO DCD FILE NVT.dcd AT STEP 27900
WRITING COORDINATES TO DCD FILE NVT.dcd AT STEP 27910
WRITING COORDINATES TO DCD FILE NVT.dcd AT STEP 27920
WRITING COORDINATES TO DCD FILE NVT.dcd AT STEP 27930
WRITING COORDINATES TO DCD FILE NVT.dcd AT STEP 27940
WRITING COORDINATES TO DCD FILE NVT.dcd AT STEP 27950
WRITING COORDINATES TO DCD FILE NVT.dcd AT STEP 27960
WRITING COORDINATES TO DCD FILE NVT.dcd AT STEP 27970
WRITING COORDINATES TO DCD FILE NVT.dcd AT STEP 27980
WRITING COORDINATES TO DCD FILE NVT.dcd AT STEP 27990
PRESSURE: 28000 156.375 -118.326 65.6243 -118.326 35.8016 55.5351 65.6243 55.5351 597.593
GPRESSURE: 28000 341.187 -187.03 183.781 -189.89 10.2703 51.4042 202.284 227.27 486.094
PRESSAVG: 28000 74.1909 47.3726 -23.7225 47.3726 -63.397 -23.8084 -23.7225 -23.8084 13.3322
GPRESSAVG: 28000 73.7838 47.7146 -23.3702 47.2474 -63.3726 -24.293 -23.2206 -23.8139 13.0827
ENERGY:   28000      1517.2061      9076.7051      5626.7561        64.4426         -61598.2444     -1092.9534         0.0000         0.0000     17978.0136         -28428.0743       290.1616    -46406.0878    -28286.8351       292.2589            263.2565       279.1838    263726.8627         8.0420         7.8313

WRITING COORDINATES TO DCD FILE NVT.dcd AT STEP 28000
WRITING COORDINATES TO DCD FILE NVT.dcd AT STEP 28010
WRITING COORDINATES TO DCD FILE NVT.dcd AT STEP 28020
WRITING COORDINATES TO DCD FILE NVT.dcd AT STEP 28030
WRITING COORDINATES TO DCD FILE NVT.dcd AT STEP 28040
WRITING COORDINATES TO DCD FILE NVT.dcd AT STEP 28050
WRITING COORDINATES TO DCD FILE NVT.dcd AT STEP 28060
WRITING COORDINATES TO DCD FILE NVT.dcd AT STEP 28070
WRITING COORDINATES TO DCD FILE NVT.dcd AT STEP 28080
WRITING COORDINATES TO DCD FILE NVT.dcd AT STEP 28090
WRITING COORDINATES TO DCD FILE NVT.dcd AT STEP 28100
WRITING COORDINATES TO DCD FILE NVT.dcd AT STEP 28110
WRITING COORDINATES TO DCD FILE NVT.dcd AT STEP 28120
WRITING COORDINATES TO DCD FILE NVT.dcd AT STEP 28130
WRITING COORDINATES TO DCD FILE NVT.dcd AT STEP 28140
LDB: ============= START OF LOAD BALANCING ============== 4728.43
LDB: ============== END OF LOAD BALANCING =============== 4728.43
LDB: =============== DONE WITH MIGRATION ================ 4728.43
WRITING COORDINATES TO DCD FILE NVT.dcd AT STEP 28150
WRITING COORDINATES TO DCD FILE NVT.dcd AT STEP 28160
WRITING COORDINATES TO DCD FILE NVT.dcd AT STEP 28170
WRITING COORDINATES TO DCD FILE NVT.dcd AT STEP 28180
WRITING COORDINATES TO DCD FILE NVT.dcd AT STEP 28190
LDB: ============= START OF LOAD BALANCING ============== 4736.81
LDB: ============== END OF LOAD BALANCING =============== 4736.81
LDB: =============== DONE WITH MIGRATION ================ 4736.81
WRITING COORDINATES TO DCD FILE NVT.dcd AT STEP 28200
WRITING COORDINATES TO DCD FILE NVT.dcd AT STEP 28210
WRITING COORDINATES TO DCD FILE NVT.dcd AT STEP 28220
WRITING COORDINATES TO DCD FILE NVT.dcd AT STEP 28230
WRITING COORDINATES TO DCD FILE NVT.dcd AT STEP 28240
WRITING COORDINATES TO DCD FILE NVT.dcd AT STEP 28250
WRITING COORDINATES TO DCD FILE NVT.dcd AT STEP 28260
WRITING COORDINATES TO DCD FILE NVT.dcd AT STEP 28270
WRITING COORDINATES TO DCD FILE NVT.dcd AT STEP 28280
WRITING COORDINATES TO DCD FILE NVT.dcd AT STEP 28290
WRITING COORDINATES TO DCD FILE NVT.dcd AT STEP 28300
WRITING COORDINATES TO DCD FILE NVT.dcd AT STEP 28310
WRITING COORDINATES TO DCD FILE NVT.dcd AT STEP 28320
WRITING COORDINATES TO DCD FILE NVT.dcd AT STEP 28330
WRITING COORDINATES TO DCD FILE NVT.dcd AT STEP 28340
WRITING COORDINATES TO DCD FILE NVT.dcd AT STEP 28350
WRITING COORDINATES TO DCD FILE NVT.dcd AT STEP 28360
WRITING COORDINATES TO DCD FILE NVT.dcd AT STEP 28370
WRITING COORDINATES TO DCD FILE NVT.dcd AT STEP 28380
WRITING COORDINATES TO DCD FILE NVT.dcd AT STEP 28390
WRITING COORDINATES TO DCD FILE NVT.dcd AT STEP 28400
WRITING COORDINATES TO DCD FILE NVT.dcd AT STEP 28410
WRITING COORDINATES TO DCD FILE NVT.dcd AT STEP 28420
WRITING COORDINATES TO DCD FILE NVT.dcd AT STEP 28430
WRITING COORDINATES TO DCD FILE NVT.dcd AT STEP 28440
WRITING COORDINATES TO DCD FILE NVT.dcd AT STEP 28450
WRITING COORDINATES TO DCD FILE NVT.dcd AT STEP 28460
WRITING COORDINATES TO DCD FILE NVT.dcd AT STEP 28470
WRITING COORDINATES TO DCD FILE NVT.dcd AT STEP 28480
WRITING COORDINATES TO DCD FILE NVT.dcd AT STEP 28490
WRITING COORDINATES TO DCD FILE NVT.dcd AT STEP 28500
WRITING COORDINATES TO DCD FILE NVT.dcd AT STEP 28510
WRITING COORDINATES TO DCD FILE NVT.dcd AT STEP 28520
WRITING COORDINATES TO DCD FILE NVT.dcd AT STEP 28530
WRITING COORDINATES TO DCD FILE NVT.dcd AT STEP 28540
WRITING COORDINATES TO DCD FILE NVT.dcd AT STEP 28550
WRITING COORDINATES TO DCD FILE NVT.dcd AT STEP 28560
WRITING COORDINATES TO DCD FILE NVT.dcd AT STEP 28570
WRITING COORDINATES TO DCD FILE NVT.dcd AT STEP 28580
WRITING COORDINATES TO DCD FILE NVT.dcd AT STEP 28590
WRITING COORDINATES TO DCD FILE NVT.dcd AT STEP 28600
WRITING COORDINATES TO DCD FILE NVT.dcd AT STEP 28610
WRITING COORDINATES TO DCD FILE NVT.dcd AT STEP 28620
WRITING COORDINATES TO DCD FILE NVT.dcd AT STEP 28630
WRITING COORDINATES TO DCD FILE NVT.dcd AT STEP 28640
WRITING COORDINATES TO DCD FILE NVT.dcd AT STEP 28650
WRITING COORDINATES TO DCD FILE NVT.dcd AT STEP 28660
WRITING COORDINATES TO DCD FILE NVT.dcd AT STEP 28670
WRITING COORDINATES TO DCD FILE NVT.dcd AT STEP 28680
WRITING COORDINATES TO DCD FILE NVT.dcd AT STEP 28690
WRITING COORDINATES TO DCD FILE NVT.dcd AT STEP 28700
WRITING COORDINATES TO DCD FILE NVT.dcd AT STEP 28710
WRITING COORDINATES TO DCD FILE NVT.dcd AT STEP 28720
WRITING COORDINATES TO DCD FILE NVT.dcd AT STEP 28730
WRITING COORDINATES TO DCD FILE NVT.dcd AT STEP 28740
WRITING COORDINATES TO DCD FILE NVT.dcd AT STEP 28750
WRITING COORDINATES TO DCD FILE NVT.dcd AT STEP 28760
WRITING COORDINATES TO DCD FILE NVT.dcd AT STEP 28770
WRITING COORDINATES TO DCD FILE NVT.dcd AT STEP 28780
WRITING COORDINATES TO DCD FILE NVT.dcd AT STEP 28790
WRITING COORDINATES TO DCD FILE NVT.dcd AT STEP 28800
WRITING COORDINATES TO DCD FILE NVT.dcd AT STEP 28810
WRITING COORDINATES TO DCD FILE NVT.dcd AT STEP 28820
WRITING COORDINATES TO DCD FILE NVT.dcd AT STEP 28830
WRITING COORDINATES TO DCD FILE NVT.dcd AT STEP 28840
WRITING COORDINATES TO DCD FILE NVT.dcd AT STEP 28850
WRITING COORDINATES TO DCD FILE NVT.dcd AT STEP 28860
WRITING COORDINATES TO DCD FILE NVT.dcd AT STEP 28870
WRITING COORDINATES TO DCD FILE NVT.dcd AT STEP 28880
WRITING COORDINATES TO DCD FILE NVT.dcd AT STEP 28890
WRITING COORDINATES TO DCD FILE NVT.dcd AT STEP 28900
WRITING COORDINATES TO DCD FILE NVT.dcd AT STEP 28910
WRITING COORDINATES TO DCD FILE NVT.dcd AT STEP 28920
WRITING COORDINATES TO DCD FILE NVT.dcd AT STEP 28930
WRITING COORDINATES TO DCD FILE NVT.dcd AT STEP 28940
WRITING COORDINATES TO DCD FILE NVT.dcd AT STEP 28950
WRITING COORDINATES TO DCD FILE NVT.dcd AT STEP 28960
WRITING COORDINATES TO DCD FILE NVT.dcd AT STEP 28970
WRITING COORDINATES TO DCD FILE NVT.dcd AT STEP 28980
WRITING COORDINATES TO DCD FILE NVT.dcd AT STEP 28990
PRESSURE: 29000 -158.379 -34.0212 303.586 -34.0212 -55.1831 110.396 303.586 110.396 4.33961
GPRESSURE: 29000 77.1128 -161.971 228.383 123.829 -60.6708 -8.56741 504.75 240.705 -159.645
PRESSAVG: 29000 119.042 91.5928 -7.09009 91.5928 -75.6011 -13.5949 -7.09009 -13.5949 185.596
GPRESSAVG: 29000 118.597 91.3003 -7.75872 92.5549 -75.7007 -13.4025 -6.50979 -13.5157 185.892
ENERGY:   29000      1570.3068      9014.9878      5641.8933        72.8147         -61546.8754     -1249.0784         0.0000         0.0000     18283.6493         -28212.3020       295.0945    -46495.9513    -28062.5429       292.7065            -69.7409       -47.7343    263726.8627        76.3458        76.2628

WRITING COORDINATES TO DCD FILE NVT.dcd AT STEP 29000
WRITING COORDINATES TO DCD FILE NVT.dcd AT STEP 29010
WRITING COORDINATES TO DCD FILE NVT.dcd AT STEP 29020
WRITING COORDINATES TO DCD FILE NVT.dcd AT STEP 29030
WRITING COORDINATES TO DCD FILE NVT.dcd AT STEP 29040
WRITING COORDINATES TO DCD FILE NVT.dcd AT STEP 29050
WRITING COORDINATES TO DCD FILE NVT.dcd AT STEP 29060
WRITING COORDINATES TO DCD FILE NVT.dcd AT STEP 29070
WRITING COORDINATES TO DCD FILE NVT.dcd AT STEP 29080
WRITING COORDINATES TO DCD FILE NVT.dcd AT STEP 29090
WRITING COORDINATES TO DCD FILE NVT.dcd AT STEP 29100
WRITING COORDINATES TO DCD FILE NVT.dcd AT STEP 29110
WRITING COORDINATES TO DCD FILE NVT.dcd AT STEP 29120
WRITING COORDINATES TO DCD FILE NVT.dcd AT STEP 29130
WRITING COORDINATES TO DCD FILE NVT.dcd AT STEP 29140
WRITING COORDINATES TO DCD FILE NVT.dcd AT STEP 29150
WRITING COORDINATES TO DCD FILE NVT.dcd AT STEP 29160
WRITING COORDINATES TO DCD FILE NVT.dcd AT STEP 29170
WRITING COORDINATES TO DCD FILE NVT.dcd AT STEP 29180
WRITING COORDINATES TO DCD FILE NVT.dcd AT STEP 29190
WRITING COORDINATES TO DCD FILE NVT.dcd AT STEP 29200
WRITING COORDINATES TO DCD FILE NVT.dcd AT STEP 29210
WRITING COORDINATES TO DCD FILE NVT.dcd AT STEP 29220
WRITING COORDINATES TO DCD FILE NVT.dcd AT STEP 29230
WRITING COORDINATES TO DCD FILE NVT.dcd AT STEP 29240
WRITING COORDINATES TO DCD FILE NVT.dcd AT STEP 29250
WRITING COORDINATES TO DCD FILE NVT.dcd AT STEP 29260
WRITING COORDINATES TO DCD FILE NVT.dcd AT STEP 29270
WRITING COORDINATES TO DCD FILE NVT.dcd AT STEP 29280
WRITING COORDINATES TO DCD FILE NVT.dcd AT STEP 29290
WRITING COORDINATES TO DCD FILE NVT.dcd AT STEP 29300
WRITING COORDINATES TO DCD FILE NVT.dcd AT STEP 29310
WRITING COORDINATES TO DCD FILE NVT.dcd AT STEP 29320
WRITING COORDINATES TO DCD FILE NVT.dcd AT STEP 29330
WRITING COORDINATES TO DCD FILE NVT.dcd AT STEP 29340
WRITING COORDINATES TO DCD FILE NVT.dcd AT STEP 29350
WRITING COORDINATES TO DCD FILE NVT.dcd AT STEP 29360
WRITING COORDINATES TO DCD FILE NVT.dcd AT STEP 29370
WRITING COORDINATES TO DCD FILE NVT.dcd AT STEP 29380
WRITING COORDINATES TO DCD FILE NVT.dcd AT STEP 29390
WRITING COORDINATES TO DCD FILE NVT.dcd AT STEP 29400
WRITING COORDINATES TO DCD FILE NVT.dcd AT STEP 29410
WRITING COORDINATES TO DCD FILE NVT.dcd AT STEP 29420
WRITING COORDINATES TO DCD FILE NVT.dcd AT STEP 29430
WRITING COORDINATES TO DCD FILE NVT.dcd AT STEP 29440
WRITING COORDINATES TO DCD FILE NVT.dcd AT STEP 29450
WRITING COORDINATES TO DCD FILE NVT.dcd AT STEP 29460
WRITING COORDINATES TO DCD FILE NVT.dcd AT STEP 29470
WRITING COORDINATES TO DCD FILE NVT.dcd AT STEP 29480
WRITING COORDINATES TO DCD FILE NVT.dcd AT STEP 29490
WRITING COORDINATES TO DCD FILE NVT.dcd AT STEP 29500
WRITING COORDINATES TO DCD FILE NVT.dcd AT STEP 29510
WRITING COORDINATES TO DCD FILE NVT.dcd AT STEP 29520
WRITING COORDINATES TO DCD FILE NVT.dcd AT STEP 29530
WRITING COORDINATES TO DCD FILE NVT.dcd AT STEP 29540
WRITING COORDINATES TO DCD FILE NVT.dcd AT STEP 29550
WRITING COORDINATES TO DCD FILE NVT.dcd AT STEP 29560
WRITING COORDINATES TO DCD FILE NVT.dcd AT STEP 29570
WRITING COORDINATES TO DCD FILE NVT.dcd AT STEP 29580
WRITING COORDINATES TO DCD FILE NVT.dcd AT STEP 29590
WRITING COORDINATES TO DCD FILE NVT.dcd AT STEP 29600
WRITING COORDINATES TO DCD FILE NVT.dcd AT STEP 29610
WRITING COORDINATES TO DCD FILE NVT.dcd AT STEP 29620
WRITING COORDINATES TO DCD FILE NVT.dcd AT STEP 29630
WRITING COORDINATES TO DCD FILE NVT.dcd AT STEP 29640
WRITING COORDINATES TO DCD FILE NVT.dcd AT STEP 29650
WRITING COORDINATES TO DCD FILE NVT.dcd AT STEP 29660
WRITING COORDINATES TO DCD FILE NVT.dcd AT STEP 29670
WRITING COORDINATES TO DCD FILE NVT.dcd AT STEP 29680
WRITING COORDINATES TO DCD FILE NVT.dcd AT STEP 29690
WRITING COORDINATES TO DCD FILE NVT.dcd AT STEP 29700
WRITING COORDINATES TO DCD FILE NVT.dcd AT STEP 29710
WRITING COORDINATES TO DCD FILE NVT.dcd AT STEP 29720
WRITING COORDINATES TO DCD FILE NVT.dcd AT STEP 29730
WRITING COORDINATES TO DCD FILE NVT.dcd AT STEP 29740
WRITING COORDINATES TO DCD FILE NVT.dcd AT STEP 29750
WRITING COORDINATES TO DCD FILE NVT.dcd AT STEP 29760
WRITING COORDINATES TO DCD FILE NVT.dcd AT STEP 29770
WRITING COORDINATES TO DCD FILE NVT.dcd AT STEP 29780
WRITING COORDINATES TO DCD FILE NVT.dcd AT STEP 29790
WRITING COORDINATES TO DCD FILE NVT.dcd AT STEP 29800
WRITING COORDINATES TO DCD FILE NVT.dcd AT STEP 29810
WRITING COORDINATES TO DCD FILE NVT.dcd AT STEP 29820
WRITING COORDINATES TO DCD FILE NVT.dcd AT STEP 29830
WRITING COORDINATES TO DCD FILE NVT.dcd AT STEP 29840
WRITING COORDINATES TO DCD FILE NVT.dcd AT STEP 29850
WRITING COORDINATES TO DCD FILE NVT.dcd AT STEP 29860
WRITING COORDINATES TO DCD FILE NVT.dcd AT STEP 29870
WRITING COORDINATES TO DCD FILE NVT.dcd AT STEP 29880
WRITING COORDINATES TO DCD FILE NVT.dcd AT STEP 29890
WRITING COORDINATES TO DCD FILE NVT.dcd AT STEP 29900
WRITING COORDINATES TO DCD FILE NVT.dcd AT STEP 29910
WRITING COORDINATES TO DCD FILE NVT.dcd AT STEP 29920
WRITING COORDINATES TO DCD FILE NVT.dcd AT STEP 29930
WRITING COORDINATES TO DCD FILE NVT.dcd AT STEP 29940
WRITING COORDINATES TO DCD FILE NVT.dcd AT STEP 29950
WRITING COORDINATES TO DCD FILE NVT.dcd AT STEP 29960
WRITING COORDINATES TO DCD FILE NVT.dcd AT STEP 29970
WRITING COORDINATES TO DCD FILE NVT.dcd AT STEP 29980
WRITING COORDINATES TO DCD FILE NVT.dcd AT STEP 29990
PRESSURE: 30000 -182.084 38.0642 279.685 38.0642 -444.746 -64.8217 279.685 -64.8217 39.473
GPRESSURE: 30000 -205.093 247.61 291.898 -232.161 -370.364 -11.3286 386.558 83.7267 20.9491
PRESSAVG: 30000 43.5319 -3.92457 34.3803 -3.92457 35.2492 6.45042 34.3803 6.45042 160.709
GPRESSAVG: 30000 43.6284 -3.90167 35.1273 -5.54176 35.091 6.16977 33.9431 7.73563 160.918
TIMING: 30000  CPU: 5012.98, 0.167357/step  Wall: 5013.21, 0.167366/step, 0.929812 hours remaining, 841.440043 MB of memory in use.
PERFORMANCE: 30000  averaging 1.03415 ns/day, 0.167094 sec/step with standard deviation 0.000307848
ETITLE:      TS           BOND          ANGLE          DIHED          IMPRP               ELECT            VDW       BOUNDARY           MISC        KINETIC               TOTAL           TEMP      POTENTIAL         TOTAL3        TEMPAVG            PRESSURE      GPRESSURE         VOLUME       PRESSAVG      GPRESSAVG

ENERGY:   30000      1542.9510      9071.0353      5617.5112        67.6205         -61338.2547     -1258.8700         0.0000         0.0000     18137.2572         -28160.7495       292.7317    -46298.0066    -28013.6741       293.2232           -195.7855      -184.8359    263726.8627        79.8300        79.8790

WRITING EXTENDED SYSTEM TO RESTART FILE AT STEP 30000
WRITING COORDINATES TO DCD FILE NVT.dcd AT STEP 30000
WRITING COORDINATES TO RESTART FILE AT STEP 30000
FINISHED WRITING RESTART COORDINATES
WRITING VELOCITIES TO RESTART FILE AT STEP 30000
FINISHED WRITING RESTART VELOCITIES
WRITING COORDINATES TO DCD FILE NVT.dcd AT STEP 30010
WRITING COORDINATES TO DCD FILE NVT.dcd AT STEP 30020
WRITING COORDINATES TO DCD FILE NVT.dcd AT STEP 30030
WRITING COORDINATES TO DCD FILE NVT.dcd AT STEP 30040
WRITING COORDINATES TO DCD FILE NVT.dcd AT STEP 30050
WRITING COORDINATES TO DCD FILE NVT.dcd AT STEP 30060
WRITING COORDINATES TO DCD FILE NVT.dcd AT STEP 30070
WRITING COORDINATES TO DCD FILE NVT.dcd AT STEP 30080
WRITING COORDINATES TO DCD FILE NVT.dcd AT STEP 30090
WRITING COORDINATES TO DCD FILE NVT.dcd AT STEP 30100
WRITING COORDINATES TO DCD FILE NVT.dcd AT STEP 30110
WRITING COORDINATES TO DCD FILE NVT.dcd AT STEP 30120
WRITING COORDINATES TO DCD FILE NVT.dcd AT STEP 30130
WRITING COORDINATES TO DCD FILE NVT.dcd AT STEP 30140
LDB: ============= START OF LOAD BALANCING ============== 5063.18
LDB: ============== END OF LOAD BALANCING =============== 5063.18
LDB: =============== DONE WITH MIGRATION ================ 5063.18
WRITING COORDINATES TO DCD FILE NVT.dcd AT STEP 30150
WRITING COORDINATES TO DCD FILE NVT.dcd AT STEP 30160
WRITING COORDINATES TO DCD FILE NVT.dcd AT STEP 30170
WRITING COORDINATES TO DCD FILE NVT.dcd AT STEP 30180
WRITING COORDINATES TO DCD FILE NVT.dcd AT STEP 30190
LDB: ============= START OF LOAD BALANCING ============== 5071.56
LDB: ============== END OF LOAD BALANCING =============== 5071.56
LDB: =============== DONE WITH MIGRATION ================ 5071.56
WRITING COORDINATES TO DCD FILE NVT.dcd AT STEP 30200
WRITING COORDINATES TO DCD FILE NVT.dcd AT STEP 30210
WRITING COORDINATES TO DCD FILE NVT.dcd AT STEP 30220
WRITING COORDINATES TO DCD FILE NVT.dcd AT STEP 30230
WRITING COORDINATES TO DCD FILE NVT.dcd AT STEP 30240
WRITING COORDINATES TO DCD FILE NVT.dcd AT STEP 30250
WRITING COORDINATES TO DCD FILE NVT.dcd AT STEP 30260
WRITING COORDINATES TO DCD FILE NVT.dcd AT STEP 30270
WRITING COORDINATES TO DCD FILE NVT.dcd AT STEP 30280
WRITING COORDINATES TO DCD FILE NVT.dcd AT STEP 30290
WRITING COORDINATES TO DCD FILE NVT.dcd AT STEP 30300
WRITING COORDINATES TO DCD FILE NVT.dcd AT STEP 30310
WRITING COORDINATES TO DCD FILE NVT.dcd AT STEP 30320
WRITING COORDINATES TO DCD FILE NVT.dcd AT STEP 30330
WRITING COORDINATES TO DCD FILE NVT.dcd AT STEP 30340
WRITING COORDINATES TO DCD FILE NVT.dcd AT STEP 30350
WRITING COORDINATES TO DCD FILE NVT.dcd AT STEP 30360
WRITING COORDINATES TO DCD FILE NVT.dcd AT STEP 30370
WRITING COORDINATES TO DCD FILE NVT.dcd AT STEP 30380
WRITING COORDINATES TO DCD FILE NVT.dcd AT STEP 30390
WRITING COORDINATES TO DCD FILE NVT.dcd AT STEP 30400
WRITING COORDINATES TO DCD FILE NVT.dcd AT STEP 30410
WRITING COORDINATES TO DCD FILE NVT.dcd AT STEP 30420
WRITING COORDINATES TO DCD FILE NVT.dcd AT STEP 30430
WRITING COORDINATES TO DCD FILE NVT.dcd AT STEP 30440
WRITING COORDINATES TO DCD FILE NVT.dcd AT STEP 30450
WRITING COORDINATES TO DCD FILE NVT.dcd AT STEP 30460
WRITING COORDINATES TO DCD FILE NVT.dcd AT STEP 30470
WRITING COORDINATES TO DCD FILE NVT.dcd AT STEP 30480
WRITING COORDINATES TO DCD FILE NVT.dcd AT STEP 30490
WRITING COORDINATES TO DCD FILE NVT.dcd AT STEP 30500
WRITING COORDINATES TO DCD FILE NVT.dcd AT STEP 30510
WRITING COORDINATES TO DCD FILE NVT.dcd AT STEP 30520
WRITING COORDINATES TO DCD FILE NVT.dcd AT STEP 30530
WRITING COORDINATES TO DCD FILE NVT.dcd AT STEP 30540
WRITING COORDINATES TO DCD FILE NVT.dcd AT STEP 30550
WRITING COORDINATES TO DCD FILE NVT.dcd AT STEP 30560
WRITING COORDINATES TO DCD FILE NVT.dcd AT STEP 30570
WRITING COORDINATES TO DCD FILE NVT.dcd AT STEP 30580
WRITING COORDINATES TO DCD FILE NVT.dcd AT STEP 30590
WRITING COORDINATES TO DCD FILE NVT.dcd AT STEP 30600
WRITING COORDINATES TO DCD FILE NVT.dcd AT STEP 30610
WRITING COORDINATES TO DCD FILE NVT.dcd AT STEP 30620
WRITING COORDINATES TO DCD FILE NVT.dcd AT STEP 30630
WRITING COORDINATES TO DCD FILE NVT.dcd AT STEP 30640
WRITING COORDINATES TO DCD FILE NVT.dcd AT STEP 30650
WRITING COORDINATES TO DCD FILE NVT.dcd AT STEP 30660
WRITING COORDINATES TO DCD FILE NVT.dcd AT STEP 30670
WRITING COORDINATES TO DCD FILE NVT.dcd AT STEP 30680
WRITING COORDINATES TO DCD FILE NVT.dcd AT STEP 30690
WRITING COORDINATES TO DCD FILE NVT.dcd AT STEP 30700
WRITING COORDINATES TO DCD FILE NVT.dcd AT STEP 30710
WRITING COORDINATES TO DCD FILE NVT.dcd AT STEP 30720
WRITING COORDINATES TO DCD FILE NVT.dcd AT STEP 30730
WRITING COORDINATES TO DCD FILE NVT.dcd AT STEP 30740
WRITING COORDINATES TO DCD FILE NVT.dcd AT STEP 30750
WRITING COORDINATES TO DCD FILE NVT.dcd AT STEP 30760
WRITING COORDINATES TO DCD FILE NVT.dcd AT STEP 30770
WRITING COORDINATES TO DCD FILE NVT.dcd AT STEP 30780
WRITING COORDINATES TO DCD FILE NVT.dcd AT STEP 30790
WRITING COORDINATES TO DCD FILE NVT.dcd AT STEP 30800
WRITING COORDINATES TO DCD FILE NVT.dcd AT STEP 30810
WRITING COORDINATES TO DCD FILE NVT.dcd AT STEP 30820
WRITING COORDINATES TO DCD FILE NVT.dcd AT STEP 30830
WRITING COORDINATES TO DCD FILE NVT.dcd AT STEP 30840
WRITING COORDINATES TO DCD FILE NVT.dcd AT STEP 30850
WRITING COORDINATES TO DCD FILE NVT.dcd AT STEP 30860
WRITING COORDINATES TO DCD FILE NVT.dcd AT STEP 30870
WRITING COORDINATES TO DCD FILE NVT.dcd AT STEP 30880
WRITING COORDINATES TO DCD FILE NVT.dcd AT STEP 30890
WRITING COORDINATES TO DCD FILE NVT.dcd AT STEP 30900
WRITING COORDINATES TO DCD FILE NVT.dcd AT STEP 30910
WRITING COORDINATES TO DCD FILE NVT.dcd AT STEP 30920
WRITING COORDINATES TO DCD FILE NVT.dcd AT STEP 30930
WRITING COORDINATES TO DCD FILE NVT.dcd AT STEP 30940
WRITING COORDINATES TO DCD FILE NVT.dcd AT STEP 30950
WRITING COORDINATES TO DCD FILE NVT.dcd AT STEP 30960
WRITING COORDINATES TO DCD FILE NVT.dcd AT STEP 30970
WRITING COORDINATES TO DCD FILE NVT.dcd AT STEP 30980
WRITING COORDINATES TO DCD FILE NVT.dcd AT STEP 30990
PRESSURE: 31000 127.921 225.442 -325.541 225.442 -105.813 -387.077 -325.541 -387.077 -267.221
GPRESSURE: 31000 77.4238 137.583 -372.894 247.53 -228.815 -317.413 -537.524 -312.891 -56.2054
PRESSAVG: 31000 11.5531 -11.6365 14.4589 -11.6365 121.964 -10.3225 14.4589 -10.3225 115.367
GPRESSAVG: 31000 11.9192 -11.0834 13.6167 -11.1014 121.884 -10.1813 14.993 -11.1492 115.074
ENERGY:   31000      1531.0199      8967.8838      5648.8766        64.7856         -61641.6798     -1099.2937         0.0000         0.0000     18219.6394         -28308.7681       294.0614    -46528.4075    -28166.3699       292.7993            -81.7043       -69.1990    263726.8627        82.9614        82.9593

WRITING COORDINATES TO DCD FILE NVT.dcd AT STEP 31000
WRITING COORDINATES TO DCD FILE NVT.dcd AT STEP 31010
WRITING COORDINATES TO DCD FILE NVT.dcd AT STEP 31020
WRITING COORDINATES TO DCD FILE NVT.dcd AT STEP 31030
WRITING COORDINATES TO DCD FILE NVT.dcd AT STEP 31040
WRITING COORDINATES TO DCD FILE NVT.dcd AT STEP 31050
WRITING COORDINATES TO DCD FILE NVT.dcd AT STEP 31060
WRITING COORDINATES TO DCD FILE NVT.dcd AT STEP 31070
WRITING COORDINATES TO DCD FILE NVT.dcd AT STEP 31080
WRITING COORDINATES TO DCD FILE NVT.dcd AT STEP 31090
WRITING COORDINATES TO DCD FILE NVT.dcd AT STEP 31100
WRITING COORDINATES TO DCD FILE NVT.dcd AT STEP 31110
WRITING COORDINATES TO DCD FILE NVT.dcd AT STEP 31120
WRITING COORDINATES TO DCD FILE NVT.dcd AT STEP 31130
WRITING COORDINATES TO DCD FILE NVT.dcd AT STEP 31140
WRITING COORDINATES TO DCD FILE NVT.dcd AT STEP 31150
WRITING COORDINATES TO DCD FILE NVT.dcd AT STEP 31160
WRITING COORDINATES TO DCD FILE NVT.dcd AT STEP 31170
WRITING COORDINATES TO DCD FILE NVT.dcd AT STEP 31180
WRITING COORDINATES TO DCD FILE NVT.dcd AT STEP 31190
WRITING COORDINATES TO DCD FILE NVT.dcd AT STEP 31200
WRITING COORDINATES TO DCD FILE NVT.dcd AT STEP 31210
WRITING COORDINATES TO DCD FILE NVT.dcd AT STEP 31220
WRITING COORDINATES TO DCD FILE NVT.dcd AT STEP 31230
WRITING COORDINATES TO DCD FILE NVT.dcd AT STEP 31240
WRITING COORDINATES TO DCD FILE NVT.dcd AT STEP 31250
WRITING COORDINATES TO DCD FILE NVT.dcd AT STEP 31260
WRITING COORDINATES TO DCD FILE NVT.dcd AT STEP 31270
WRITING COORDINATES TO DCD FILE NVT.dcd AT STEP 31280
WRITING COORDINATES TO DCD FILE NVT.dcd AT STEP 31290
WRITING COORDINATES TO DCD FILE NVT.dcd AT STEP 31300
WRITING COORDINATES TO DCD FILE NVT.dcd AT STEP 31310
WRITING COORDINATES TO DCD FILE NVT.dcd AT STEP 31320
WRITING COORDINATES TO DCD FILE NVT.dcd AT STEP 31330
WRITING COORDINATES TO DCD FILE NVT.dcd AT STEP 31340
WRITING COORDINATES TO DCD FILE NVT.dcd AT STEP 31350
WRITING COORDINATES TO DCD FILE NVT.dcd AT STEP 31360
WRITING COORDINATES TO DCD FILE NVT.dcd AT STEP 31370
WRITING COORDINATES TO DCD FILE NVT.dcd AT STEP 31380
WRITING COORDINATES TO DCD FILE NVT.dcd AT STEP 31390
WRITING COORDINATES TO DCD FILE NVT.dcd AT STEP 31400
WRITING COORDINATES TO DCD FILE NVT.dcd AT STEP 31410
WRITING COORDINATES TO DCD FILE NVT.dcd AT STEP 31420
WRITING COORDINATES TO DCD FILE NVT.dcd AT STEP 31430
WRITING COORDINATES TO DCD FILE NVT.dcd AT STEP 31440
WRITING COORDINATES TO DCD FILE NVT.dcd AT STEP 31450
WRITING COORDINATES TO DCD FILE NVT.dcd AT STEP 31460
WRITING COORDINATES TO DCD FILE NVT.dcd AT STEP 31470
WRITING COORDINATES TO DCD FILE NVT.dcd AT STEP 31480
WRITING COORDINATES TO DCD FILE NVT.dcd AT STEP 31490
WRITING COORDINATES TO DCD FILE NVT.dcd AT STEP 31500
WRITING COORDINATES TO DCD FILE NVT.dcd AT STEP 31510
WRITING COORDINATES TO DCD FILE NVT.dcd AT STEP 31520
WRITING COORDINATES TO DCD FILE NVT.dcd AT STEP 31530
WRITING COORDINATES TO DCD FILE NVT.dcd AT STEP 31540
WRITING COORDINATES TO DCD FILE NVT.dcd AT STEP 31550
WRITING COORDINATES TO DCD FILE NVT.dcd AT STEP 31560
WRITING COORDINATES TO DCD FILE NVT.dcd AT STEP 31570
WRITING COORDINATES TO DCD FILE NVT.dcd AT STEP 31580
WRITING COORDINATES TO DCD FILE NVT.dcd AT STEP 31590
WRITING COORDINATES TO DCD FILE NVT.dcd AT STEP 31600
WRITING COORDINATES TO DCD FILE NVT.dcd AT STEP 31610
WRITING COORDINATES TO DCD FILE NVT.dcd AT STEP 31620
WRITING COORDINATES TO DCD FILE NVT.dcd AT STEP 31630
WRITING COORDINATES TO DCD FILE NVT.dcd AT STEP 31640
WRITING COORDINATES TO DCD FILE NVT.dcd AT STEP 31650
WRITING COORDINATES TO DCD FILE NVT.dcd AT STEP 31660
WRITING COORDINATES TO DCD FILE NVT.dcd AT STEP 31670
WRITING COORDINATES TO DCD FILE NVT.dcd AT STEP 31680
WRITING COORDINATES TO DCD FILE NVT.dcd AT STEP 31690
WRITING COORDINATES TO DCD FILE NVT.dcd AT STEP 31700
WRITING COORDINATES TO DCD FILE NVT.dcd AT STEP 31710
WRITING COORDINATES TO DCD FILE NVT.dcd AT STEP 31720
WRITING COORDINATES TO DCD FILE NVT.dcd AT STEP 31730
WRITING COORDINATES TO DCD FILE NVT.dcd AT STEP 31740
WRITING COORDINATES TO DCD FILE NVT.dcd AT STEP 31750
WRITING COORDINATES TO DCD FILE NVT.dcd AT STEP 31760
WRITING COORDINATES TO DCD FILE NVT.dcd AT STEP 31770
WRITING COORDINATES TO DCD FILE NVT.dcd AT STEP 31780
WRITING COORDINATES TO DCD FILE NVT.dcd AT STEP 31790
WRITING COORDINATES TO DCD FILE NVT.dcd AT STEP 31800
WRITING COORDINATES TO DCD FILE NVT.dcd AT STEP 31810
WRITING COORDINATES TO DCD FILE NVT.dcd AT STEP 31820
WRITING COORDINATES TO DCD FILE NVT.dcd AT STEP 31830
WRITING COORDINATES TO DCD FILE NVT.dcd AT STEP 31840
WRITING COORDINATES TO DCD FILE NVT.dcd AT STEP 31850
WRITING COORDINATES TO DCD FILE NVT.dcd AT STEP 31860
WRITING COORDINATES TO DCD FILE NVT.dcd AT STEP 31870
WRITING COORDINATES TO DCD FILE NVT.dcd AT STEP 31880
WRITING COORDINATES TO DCD FILE NVT.dcd AT STEP 31890
WRITING COORDINATES TO DCD FILE NVT.dcd AT STEP 31900
WRITING COORDINATES TO DCD FILE NVT.dcd AT STEP 31910
WRITING COORDINATES TO DCD FILE NVT.dcd AT STEP 31920
WRITING COORDINATES TO DCD FILE NVT.dcd AT STEP 31930
WRITING COORDINATES TO DCD FILE NVT.dcd AT STEP 31940
WRITING COORDINATES TO DCD FILE NVT.dcd AT STEP 31950
WRITING COORDINATES TO DCD FILE NVT.dcd AT STEP 31960
WRITING COORDINATES TO DCD FILE NVT.dcd AT STEP 31970
WRITING COORDINATES TO DCD FILE NVT.dcd AT STEP 31980
WRITING COORDINATES TO DCD FILE NVT.dcd AT STEP 31990
PRESSURE: 32000 -1228.32 252.405 82.3552 252.405 -80.5908 -61.6416 82.3552 -61.6416 -319.425
GPRESSURE: 32000 -1086.1 70.2361 -58.3795 35.2769 -114.739 -127.336 92.6601 -102.434 -342.108
PRESSAVG: 32000 109.325 59.1467 -42.9078 59.1467 43.7683 -2.02455 -42.9078 -2.02455 121.479
GPRESSAVG: 32000 109.45 59.4819 -43.0452 58.8057 43.9875 -2.09473 -42.8764 -2.49752 121.635
ENERGY:   32000      1559.0313      9057.7661      5634.5604        66.9758         -61302.1833     -1363.4130         0.0000         0.0000     18213.5916         -28133.6711       293.9638    -46347.2627    -27988.3822       293.7576           -542.7784      -514.3154    263726.8627        91.5240        91.6909

WRITING COORDINATES TO DCD FILE NVT.dcd AT STEP 32000
WRITING COORDINATES TO DCD FILE NVT.dcd AT STEP 32010
WRITING COORDINATES TO DCD FILE NVT.dcd AT STEP 32020
WRITING COORDINATES TO DCD FILE NVT.dcd AT STEP 32030
WRITING COORDINATES TO DCD FILE NVT.dcd AT STEP 32040
WRITING COORDINATES TO DCD FILE NVT.dcd AT STEP 32050
WRITING COORDINATES TO DCD FILE NVT.dcd AT STEP 32060
WRITING COORDINATES TO DCD FILE NVT.dcd AT STEP 32070
WRITING COORDINATES TO DCD FILE NVT.dcd AT STEP 32080
WRITING COORDINATES TO DCD FILE NVT.dcd AT STEP 32090
WRITING COORDINATES TO DCD FILE NVT.dcd AT STEP 32100
WRITING COORDINATES TO DCD FILE NVT.dcd AT STEP 32110
WRITING COORDINATES TO DCD FILE NVT.dcd AT STEP 32120
WRITING COORDINATES TO DCD FILE NVT.dcd AT STEP 32130
WRITING COORDINATES TO DCD FILE NVT.dcd AT STEP 32140
LDB: ============= START OF LOAD BALANCING ============== 5398.06
LDB: ============== END OF LOAD BALANCING =============== 5398.06
LDB: =============== DONE WITH MIGRATION ================ 5398.06
WRITING COORDINATES TO DCD FILE NVT.dcd AT STEP 32150
WRITING COORDINATES TO DCD FILE NVT.dcd AT STEP 32160
WRITING COORDINATES TO DCD FILE NVT.dcd AT STEP 32170
WRITING COORDINATES TO DCD FILE NVT.dcd AT STEP 32180
WRITING COORDINATES TO DCD FILE NVT.dcd AT STEP 32190
LDB: ============= START OF LOAD BALANCING ============== 5406.44
LDB: ============== END OF LOAD BALANCING =============== 5406.44
LDB: =============== DONE WITH MIGRATION ================ 5406.44
WRITING COORDINATES TO DCD FILE NVT.dcd AT STEP 32200
WRITING COORDINATES TO DCD FILE NVT.dcd AT STEP 32210
WRITING COORDINATES TO DCD FILE NVT.dcd AT STEP 32220
WRITING COORDINATES TO DCD FILE NVT.dcd AT STEP 32230
WRITING COORDINATES TO DCD FILE NVT.dcd AT STEP 32240
WRITING COORDINATES TO DCD FILE NVT.dcd AT STEP 32250
WRITING COORDINATES TO DCD FILE NVT.dcd AT STEP 32260
WRITING COORDINATES TO DCD FILE NVT.dcd AT STEP 32270
WRITING COORDINATES TO DCD FILE NVT.dcd AT STEP 32280
WRITING COORDINATES TO DCD FILE NVT.dcd AT STEP 32290
WRITING COORDINATES TO DCD FILE NVT.dcd AT STEP 32300
WRITING COORDINATES TO DCD FILE NVT.dcd AT STEP 32310
WRITING COORDINATES TO DCD FILE NVT.dcd AT STEP 32320
WRITING COORDINATES TO DCD FILE NVT.dcd AT STEP 32330
WRITING COORDINATES TO DCD FILE NVT.dcd AT STEP 32340
WRITING COORDINATES TO DCD FILE NVT.dcd AT STEP 32350
WRITING COORDINATES TO DCD FILE NVT.dcd AT STEP 32360
WRITING COORDINATES TO DCD FILE NVT.dcd AT STEP 32370
WRITING COORDINATES TO DCD FILE NVT.dcd AT STEP 32380
WRITING COORDINATES TO DCD FILE NVT.dcd AT STEP 32390
WRITING COORDINATES TO DCD FILE NVT.dcd AT STEP 32400
WRITING COORDINATES TO DCD FILE NVT.dcd AT STEP 32410
WRITING COORDINATES TO DCD FILE NVT.dcd AT STEP 32420
WRITING COORDINATES TO DCD FILE NVT.dcd AT STEP 32430
WRITING COORDINATES TO DCD FILE NVT.dcd AT STEP 32440
WRITING COORDINATES TO DCD FILE NVT.dcd AT STEP 32450
WRITING COORDINATES TO DCD FILE NVT.dcd AT STEP 32460
WRITING COORDINATES TO DCD FILE NVT.dcd AT STEP 32470
WRITING COORDINATES TO DCD FILE NVT.dcd AT STEP 32480
WRITING COORDINATES TO DCD FILE NVT.dcd AT STEP 32490
WRITING COORDINATES TO DCD FILE NVT.dcd AT STEP 32500
WRITING COORDINATES TO DCD FILE NVT.dcd AT STEP 32510
WRITING COORDINATES TO DCD FILE NVT.dcd AT STEP 32520
WRITING COORDINATES TO DCD FILE NVT.dcd AT STEP 32530
WRITING COORDINATES TO DCD FILE NVT.dcd AT STEP 32540
WRITING COORDINATES TO DCD FILE NVT.dcd AT STEP 32550
WRITING COORDINATES TO DCD FILE NVT.dcd AT STEP 32560
WRITING COORDINATES TO DCD FILE NVT.dcd AT STEP 32570
WRITING COORDINATES TO DCD FILE NVT.dcd AT STEP 32580
WRITING COORDINATES TO DCD FILE NVT.dcd AT STEP 32590
WRITING COORDINATES TO DCD FILE NVT.dcd AT STEP 32600
WRITING COORDINATES TO DCD FILE NVT.dcd AT STEP 32610
WRITING COORDINATES TO DCD FILE NVT.dcd AT STEP 32620
WRITING COORDINATES TO DCD FILE NVT.dcd AT STEP 32630
WRITING COORDINATES TO DCD FILE NVT.dcd AT STEP 32640
WRITING COORDINATES TO DCD FILE NVT.dcd AT STEP 32650
WRITING COORDINATES TO DCD FILE NVT.dcd AT STEP 32660
WRITING COORDINATES TO DCD FILE NVT.dcd AT STEP 32670
WRITING COORDINATES TO DCD FILE NVT.dcd AT STEP 32680
WRITING COORDINATES TO DCD FILE NVT.dcd AT STEP 32690
WRITING COORDINATES TO DCD FILE NVT.dcd AT STEP 32700
WRITING COORDINATES TO DCD FILE NVT.dcd AT STEP 32710
WRITING COORDINATES TO DCD FILE NVT.dcd AT STEP 32720
WRITING COORDINATES TO DCD FILE NVT.dcd AT STEP 32730
WRITING COORDINATES TO DCD FILE NVT.dcd AT STEP 32740
WRITING COORDINATES TO DCD FILE NVT.dcd AT STEP 32750
WRITING COORDINATES TO DCD FILE NVT.dcd AT STEP 32760
WRITING COORDINATES TO DCD FILE NVT.dcd AT STEP 32770
WRITING COORDINATES TO DCD FILE NVT.dcd AT STEP 32780
WRITING COORDINATES TO DCD FILE NVT.dcd AT STEP 32790
WRITING COORDINATES TO DCD FILE NVT.dcd AT STEP 32800
WRITING COORDINATES TO DCD FILE NVT.dcd AT STEP 32810
WRITING COORDINATES TO DCD FILE NVT.dcd AT STEP 32820
WRITING COORDINATES TO DCD FILE NVT.dcd AT STEP 32830
WRITING COORDINATES TO DCD FILE NVT.dcd AT STEP 32840
WRITING COORDINATES TO DCD FILE NVT.dcd AT STEP 32850
WRITING COORDINATES TO DCD FILE NVT.dcd AT STEP 32860
WRITING COORDINATES TO DCD FILE NVT.dcd AT STEP 32870
WRITING COORDINATES TO DCD FILE NVT.dcd AT STEP 32880
WRITING COORDINATES TO DCD FILE NVT.dcd AT STEP 32890
WRITING COORDINATES TO DCD FILE NVT.dcd AT STEP 32900
WRITING COORDINATES TO DCD FILE NVT.dcd AT STEP 32910
WRITING COORDINATES TO DCD FILE NVT.dcd AT STEP 32920
WRITING COORDINATES TO DCD FILE NVT.dcd AT STEP 32930
WRITING COORDINATES TO DCD FILE NVT.dcd AT STEP 32940
WRITING COORDINATES TO DCD FILE NVT.dcd AT STEP 32950
WRITING COORDINATES TO DCD FILE NVT.dcd AT STEP 32960
WRITING COORDINATES TO DCD FILE NVT.dcd AT STEP 32970
WRITING COORDINATES TO DCD FILE NVT.dcd AT STEP 32980
WRITING COORDINATES TO DCD FILE NVT.dcd AT STEP 32990
PRESSURE: 33000 302.052 188.321 -14.7403 188.321 292.793 -192.896 -14.7403 -192.896 -89.0141
GPRESSURE: 33000 171.48 107.273 130.921 278.949 417.423 -304.243 -263.095 -156.175 -37.4963
PRESSAVG: 33000 57.3854 41.7682 2.00331 41.7682 2.22072 -2.79678 2.00331 -2.79678 -12.3437
GPRESSAVG: 33000 57.2805 41.0286 2.31814 42.4591 2.19385 -2.28867 1.03149 -2.68116 -12.6575
ENERGY:   33000      1474.4310      8978.2528      5614.7085        66.6062         -61278.5171     -1312.7858         0.0000         0.0000     18217.0822         -28240.2221       294.0201    -46457.3043    -28102.4324       293.4219            168.6103       183.8021    263726.8627        15.7541        15.6056

WRITING COORDINATES TO DCD FILE NVT.dcd AT STEP 33000
WRITING COORDINATES TO DCD FILE NVT.dcd AT STEP 33010
WRITING COORDINATES TO DCD FILE NVT.dcd AT STEP 33020
WRITING COORDINATES TO DCD FILE NVT.dcd AT STEP 33030
WRITING COORDINATES TO DCD FILE NVT.dcd AT STEP 33040
WRITING COORDINATES TO DCD FILE NVT.dcd AT STEP 33050
WRITING COORDINATES TO DCD FILE NVT.dcd AT STEP 33060
WRITING COORDINATES TO DCD FILE NVT.dcd AT STEP 33070
WRITING COORDINATES TO DCD FILE NVT.dcd AT STEP 33080
WRITING COORDINATES TO DCD FILE NVT.dcd AT STEP 33090
WRITING COORDINATES TO DCD FILE NVT.dcd AT STEP 33100
WRITING COORDINATES TO DCD FILE NVT.dcd AT STEP 33110
WRITING COORDINATES TO DCD FILE NVT.dcd AT STEP 33120
WRITING COORDINATES TO DCD FILE NVT.dcd AT STEP 33130
WRITING COORDINATES TO DCD FILE NVT.dcd AT STEP 33140
WRITING COORDINATES TO DCD FILE NVT.dcd AT STEP 33150
WRITING COORDINATES TO DCD FILE NVT.dcd AT STEP 33160
WRITING COORDINATES TO DCD FILE NVT.dcd AT STEP 33170
WRITING COORDINATES TO DCD FILE NVT.dcd AT STEP 33180
WRITING COORDINATES TO DCD FILE NVT.dcd AT STEP 33190
WRITING COORDINATES TO DCD FILE NVT.dcd AT STEP 33200
WRITING COORDINATES TO DCD FILE NVT.dcd AT STEP 33210
WRITING COORDINATES TO DCD FILE NVT.dcd AT STEP 33220
WRITING COORDINATES TO DCD FILE NVT.dcd AT STEP 33230
WRITING COORDINATES TO DCD FILE NVT.dcd AT STEP 33240
WRITING COORDINATES TO DCD FILE NVT.dcd AT STEP 33250
WRITING COORDINATES TO DCD FILE NVT.dcd AT STEP 33260
WRITING COORDINATES TO DCD FILE NVT.dcd AT STEP 33270
WRITING COORDINATES TO DCD FILE NVT.dcd AT STEP 33280
WRITING COORDINATES TO DCD FILE NVT.dcd AT STEP 33290
WRITING COORDINATES TO DCD FILE NVT.dcd AT STEP 33300
WRITING COORDINATES TO DCD FILE NVT.dcd AT STEP 33310
WRITING COORDINATES TO DCD FILE NVT.dcd AT STEP 33320
WRITING COORDINATES TO DCD FILE NVT.dcd AT STEP 33330
WRITING COORDINATES TO DCD FILE NVT.dcd AT STEP 33340
WRITING COORDINATES TO DCD FILE NVT.dcd AT STEP 33350
WRITING COORDINATES TO DCD FILE NVT.dcd AT STEP 33360
WRITING COORDINATES TO DCD FILE NVT.dcd AT STEP 33370
WRITING COORDINATES TO DCD FILE NVT.dcd AT STEP 33380
WRITING COORDINATES TO DCD FILE NVT.dcd AT STEP 33390
WRITING COORDINATES TO DCD FILE NVT.dcd AT STEP 33400
WRITING COORDINATES TO DCD FILE NVT.dcd AT STEP 33410
WRITING COORDINATES TO DCD FILE NVT.dcd AT STEP 33420
WRITING COORDINATES TO DCD FILE NVT.dcd AT STEP 33430
WRITING COORDINATES TO DCD FILE NVT.dcd AT STEP 33440
WRITING COORDINATES TO DCD FILE NVT.dcd AT STEP 33450
WRITING COORDINATES TO DCD FILE NVT.dcd AT STEP 33460
WRITING COORDINATES TO DCD FILE NVT.dcd AT STEP 33470
WRITING COORDINATES TO DCD FILE NVT.dcd AT STEP 33480
WRITING COORDINATES TO DCD FILE NVT.dcd AT STEP 33490
WRITING COORDINATES TO DCD FILE NVT.dcd AT STEP 33500
WRITING COORDINATES TO DCD FILE NVT.dcd AT STEP 33510
WRITING COORDINATES TO DCD FILE NVT.dcd AT STEP 33520
WRITING COORDINATES TO DCD FILE NVT.dcd AT STEP 33530
WRITING COORDINATES TO DCD FILE NVT.dcd AT STEP 33540
WRITING COORDINATES TO DCD FILE NVT.dcd AT STEP 33550
WRITING COORDINATES TO DCD FILE NVT.dcd AT STEP 33560
WRITING COORDINATES TO DCD FILE NVT.dcd AT STEP 33570
WRITING COORDINATES TO DCD FILE NVT.dcd AT STEP 33580
WRITING COORDINATES TO DCD FILE NVT.dcd AT STEP 33590
WRITING COORDINATES TO DCD FILE NVT.dcd AT STEP 33600
WRITING COORDINATES TO DCD FILE NVT.dcd AT STEP 33610
WRITING COORDINATES TO DCD FILE NVT.dcd AT STEP 33620
WRITING COORDINATES TO DCD FILE NVT.dcd AT STEP 33630
WRITING COORDINATES TO DCD FILE NVT.dcd AT STEP 33640
WRITING COORDINATES TO DCD FILE NVT.dcd AT STEP 33650
WRITING COORDINATES TO DCD FILE NVT.dcd AT STEP 33660
WRITING COORDINATES TO DCD FILE NVT.dcd AT STEP 33670
WRITING COORDINATES TO DCD FILE NVT.dcd AT STEP 33680
WRITING COORDINATES TO DCD FILE NVT.dcd AT STEP 33690
WRITING COORDINATES TO DCD FILE NVT.dcd AT STEP 33700
WRITING COORDINATES TO DCD FILE NVT.dcd AT STEP 33710
WRITING COORDINATES TO DCD FILE NVT.dcd AT STEP 33720
WRITING COORDINATES TO DCD FILE NVT.dcd AT STEP 33730
WRITING COORDINATES TO DCD FILE NVT.dcd AT STEP 33740
WRITING COORDINATES TO DCD FILE NVT.dcd AT STEP 33750
WRITING COORDINATES TO DCD FILE NVT.dcd AT STEP 33760
WRITING COORDINATES TO DCD FILE NVT.dcd AT STEP 33770
WRITING COORDINATES TO DCD FILE NVT.dcd AT STEP 33780
WRITING COORDINATES TO DCD FILE NVT.dcd AT STEP 33790
WRITING COORDINATES TO DCD FILE NVT.dcd AT STEP 33800
WRITING COORDINATES TO DCD FILE NVT.dcd AT STEP 33810
WRITING COORDINATES TO DCD FILE NVT.dcd AT STEP 33820
WRITING COORDINATES TO DCD FILE NVT.dcd AT STEP 33830
WRITING COORDINATES TO DCD FILE NVT.dcd AT STEP 33840
WRITING COORDINATES TO DCD FILE NVT.dcd AT STEP 33850
WRITING COORDINATES TO DCD FILE NVT.dcd AT STEP 33860
WRITING COORDINATES TO DCD FILE NVT.dcd AT STEP 33870
WRITING COORDINATES TO DCD FILE NVT.dcd AT STEP 33880
WRITING COORDINATES TO DCD FILE NVT.dcd AT STEP 33890
WRITING COORDINATES TO DCD FILE NVT.dcd AT STEP 33900
WRITING COORDINATES TO DCD FILE NVT.dcd AT STEP 33910
WRITING COORDINATES TO DCD FILE NVT.dcd AT STEP 33920
WRITING COORDINATES TO DCD FILE NVT.dcd AT STEP 33930
WRITING COORDINATES TO DCD FILE NVT.dcd AT STEP 33940
WRITING COORDINATES TO DCD FILE NVT.dcd AT STEP 33950
WRITING COORDINATES TO DCD FILE NVT.dcd AT STEP 33960
WRITING COORDINATES TO DCD FILE NVT.dcd AT STEP 33970
WRITING COORDINATES TO DCD FILE NVT.dcd AT STEP 33980
WRITING COORDINATES TO DCD FILE NVT.dcd AT STEP 33990
PRESSURE: 34000 -451.717 360.113 -57.3235 360.113 -99.4819 1.06361 -57.3235 1.06361 381.567
GPRESSURE: 34000 -287.104 64.7195 153.872 215.301 -113.51 -77.4274 57.0721 34.2544 311.621
PRESSAVG: 34000 132.276 -34.2465 10.6014 -34.2465 140.778 -31.5321 10.6014 -31.5321 157.328
GPRESSAVG: 34000 132.161 -34.3887 10.4037 -34.3727 140.952 -31.821 11.8192 -31.6434 157.425
ENERGY:   34000      1554.1770      9053.0923      5592.3401        63.1492         -61488.2264     -1132.0469         0.0000         0.0000     18072.7033         -28284.8112       291.6899    -46357.5146    -28136.7151       292.7827            -56.5438       -29.6646    263726.8627       143.4608       143.5127

WRITING COORDINATES TO DCD FILE NVT.dcd AT STEP 34000
WRITING COORDINATES TO DCD FILE NVT.dcd AT STEP 34010
WRITING COORDINATES TO DCD FILE NVT.dcd AT STEP 34020
WRITING COORDINATES TO DCD FILE NVT.dcd AT STEP 34030
WRITING COORDINATES TO DCD FILE NVT.dcd AT STEP 34040
WRITING COORDINATES TO DCD FILE NVT.dcd AT STEP 34050
WRITING COORDINATES TO DCD FILE NVT.dcd AT STEP 34060
WRITING COORDINATES TO DCD FILE NVT.dcd AT STEP 34070
WRITING COORDINATES TO DCD FILE NVT.dcd AT STEP 34080
WRITING COORDINATES TO DCD FILE NVT.dcd AT STEP 34090
WRITING COORDINATES TO DCD FILE NVT.dcd AT STEP 34100
WRITING COORDINATES TO DCD FILE NVT.dcd AT STEP 34110
WRITING COORDINATES TO DCD FILE NVT.dcd AT STEP 34120
WRITING COORDINATES TO DCD FILE NVT.dcd AT STEP 34130
WRITING COORDINATES TO DCD FILE NVT.dcd AT STEP 34140
LDB: ============= START OF LOAD BALANCING ============== 5732.91
LDB: ============== END OF LOAD BALANCING =============== 5732.91
LDB: =============== DONE WITH MIGRATION ================ 5732.91
WRITING COORDINATES TO DCD FILE NVT.dcd AT STEP 34150
WRITING COORDINATES TO DCD FILE NVT.dcd AT STEP 34160
WRITING COORDINATES TO DCD FILE NVT.dcd AT STEP 34170
WRITING COORDINATES TO DCD FILE NVT.dcd AT STEP 34180
WRITING COORDINATES TO DCD FILE NVT.dcd AT STEP 34190
LDB: ============= START OF LOAD BALANCING ============== 5741.3
LDB: ============== END OF LOAD BALANCING =============== 5741.3
LDB: =============== DONE WITH MIGRATION ================ 5741.3
WRITING COORDINATES TO DCD FILE NVT.dcd AT STEP 34200
WRITING COORDINATES TO DCD FILE NVT.dcd AT STEP 34210
WRITING COORDINATES TO DCD FILE NVT.dcd AT STEP 34220
WRITING COORDINATES TO DCD FILE NVT.dcd AT STEP 34230
WRITING COORDINATES TO DCD FILE NVT.dcd AT STEP 34240
WRITING COORDINATES TO DCD FILE NVT.dcd AT STEP 34250
WRITING COORDINATES TO DCD FILE NVT.dcd AT STEP 34260
WRITING COORDINATES TO DCD FILE NVT.dcd AT STEP 34270
WRITING COORDINATES TO DCD FILE NVT.dcd AT STEP 34280
WRITING COORDINATES TO DCD FILE NVT.dcd AT STEP 34290
WRITING COORDINATES TO DCD FILE NVT.dcd AT STEP 34300
WRITING COORDINATES TO DCD FILE NVT.dcd AT STEP 34310
WRITING COORDINATES TO DCD FILE NVT.dcd AT STEP 34320
WRITING COORDINATES TO DCD FILE NVT.dcd AT STEP 34330
WRITING COORDINATES TO DCD FILE NVT.dcd AT STEP 34340
WRITING COORDINATES TO DCD FILE NVT.dcd AT STEP 34350
WRITING COORDINATES TO DCD FILE NVT.dcd AT STEP 34360
WRITING COORDINATES TO DCD FILE NVT.dcd AT STEP 34370
WRITING COORDINATES TO DCD FILE NVT.dcd AT STEP 34380
WRITING COORDINATES TO DCD FILE NVT.dcd AT STEP 34390
WRITING COORDINATES TO DCD FILE NVT.dcd AT STEP 34400
WRITING COORDINATES TO DCD FILE NVT.dcd AT STEP 34410
WRITING COORDINATES TO DCD FILE NVT.dcd AT STEP 34420
WRITING COORDINATES TO DCD FILE NVT.dcd AT STEP 34430
WRITING COORDINATES TO DCD FILE NVT.dcd AT STEP 34440
WRITING COORDINATES TO DCD FILE NVT.dcd AT STEP 34450
WRITING COORDINATES TO DCD FILE NVT.dcd AT STEP 34460
WRITING COORDINATES TO DCD FILE NVT.dcd AT STEP 34470
WRITING COORDINATES TO DCD FILE NVT.dcd AT STEP 34480
WRITING COORDINATES TO DCD FILE NVT.dcd AT STEP 34490
WRITING COORDINATES TO DCD FILE NVT.dcd AT STEP 34500
WRITING COORDINATES TO DCD FILE NVT.dcd AT STEP 34510
WRITING COORDINATES TO DCD FILE NVT.dcd AT STEP 34520
WRITING COORDINATES TO DCD FILE NVT.dcd AT STEP 34530
WRITING COORDINATES TO DCD FILE NVT.dcd AT STEP 34540
WRITING COORDINATES TO DCD FILE NVT.dcd AT STEP 34550
WRITING COORDINATES TO DCD FILE NVT.dcd AT STEP 34560
WRITING COORDINATES TO DCD FILE NVT.dcd AT STEP 34570
WRITING COORDINATES TO DCD FILE NVT.dcd AT STEP 34580
WRITING COORDINATES TO DCD FILE NVT.dcd AT STEP 34590
WRITING COORDINATES TO DCD FILE NVT.dcd AT STEP 34600
WRITING COORDINATES TO DCD FILE NVT.dcd AT STEP 34610
WRITING COORDINATES TO DCD FILE NVT.dcd AT STEP 34620
WRITING COORDINATES TO DCD FILE NVT.dcd AT STEP 34630
WRITING COORDINATES TO DCD FILE NVT.dcd AT STEP 34640
WRITING COORDINATES TO DCD FILE NVT.dcd AT STEP 34650
WRITING COORDINATES TO DCD FILE NVT.dcd AT STEP 34660
WRITING COORDINATES TO DCD FILE NVT.dcd AT STEP 34670
WRITING COORDINATES TO DCD FILE NVT.dcd AT STEP 34680
WRITING COORDINATES TO DCD FILE NVT.dcd AT STEP 34690
WRITING COORDINATES TO DCD FILE NVT.dcd AT STEP 34700
WRITING COORDINATES TO DCD FILE NVT.dcd AT STEP 34710
WRITING COORDINATES TO DCD FILE NVT.dcd AT STEP 34720
WRITING COORDINATES TO DCD FILE NVT.dcd AT STEP 34730
WRITING COORDINATES TO DCD FILE NVT.dcd AT STEP 34740
WRITING COORDINATES TO DCD FILE NVT.dcd AT STEP 34750
WRITING COORDINATES TO DCD FILE NVT.dcd AT STEP 34760
WRITING COORDINATES TO DCD FILE NVT.dcd AT STEP 34770
WRITING COORDINATES TO DCD FILE NVT.dcd AT STEP 34780
WRITING COORDINATES TO DCD FILE NVT.dcd AT STEP 34790
WRITING COORDINATES TO DCD FILE NVT.dcd AT STEP 34800
WRITING COORDINATES TO DCD FILE NVT.dcd AT STEP 34810
WRITING COORDINATES TO DCD FILE NVT.dcd AT STEP 34820
WRITING COORDINATES TO DCD FILE NVT.dcd AT STEP 34830
WRITING COORDINATES TO DCD FILE NVT.dcd AT STEP 34840
WRITING COORDINATES TO DCD FILE NVT.dcd AT STEP 34850
WRITING COORDINATES TO DCD FILE NVT.dcd AT STEP 34860
WRITING COORDINATES TO DCD FILE NVT.dcd AT STEP 34870
WRITING COORDINATES TO DCD FILE NVT.dcd AT STEP 34880
WRITING COORDINATES TO DCD FILE NVT.dcd AT STEP 34890
WRITING COORDINATES TO DCD FILE NVT.dcd AT STEP 34900
WRITING COORDINATES TO DCD FILE NVT.dcd AT STEP 34910
WRITING COORDINATES TO DCD FILE NVT.dcd AT STEP 34920
WRITING COORDINATES TO DCD FILE NVT.dcd AT STEP 34930
WRITING COORDINATES TO DCD FILE NVT.dcd AT STEP 34940
WRITING COORDINATES TO DCD FILE NVT.dcd AT STEP 34950
WRITING COORDINATES TO DCD FILE NVT.dcd AT STEP 34960
WRITING COORDINATES TO DCD FILE NVT.dcd AT STEP 34970
WRITING COORDINATES TO DCD FILE NVT.dcd AT STEP 34980
WRITING COORDINATES TO DCD FILE NVT.dcd AT STEP 34990
PRESSURE: 35000 -567.327 -45.2116 -59.9399 -45.2116 -679.778 54.565 -59.9399 54.565 -62.496
GPRESSURE: 35000 -560.092 24.2792 116.216 -193.09 -648.824 91.41 -212.993 105.522 -17.1574
PRESSAVG: 35000 81.1985 11.728 15.9088 11.728 25.8398 -15.8301 15.9088 -15.8301 68.9391
GPRESSAVG: 35000 81.132 12.34 16.2623 11.9694 25.7722 -15.8616 16.1258 -15.4137 69.1497
ENERGY:   35000      1573.5926      8981.8047      5642.6597        73.0426         -61365.7015     -1455.3735         0.0000         0.0000     18190.1609         -28359.8144       293.5856    -46549.9753    -28208.6742       293.0656           -436.5338      -408.6913    263726.8627        58.6592        58.6847

WRITING EXTENDED SYSTEM TO RESTART FILE AT STEP 35000
WRITING COORDINATES TO DCD FILE NVT.dcd AT STEP 35000
WRITING COORDINATES TO RESTART FILE AT STEP 35000
FINISHED WRITING RESTART COORDINATES
WRITING VELOCITIES TO RESTART FILE AT STEP 35000
FINISHED WRITING RESTART VELOCITIES
WRITING COORDINATES TO DCD FILE NVT.dcd AT STEP 35010
WRITING COORDINATES TO DCD FILE NVT.dcd AT STEP 35020
WRITING COORDINATES TO DCD FILE NVT.dcd AT STEP 35030
WRITING COORDINATES TO DCD FILE NVT.dcd AT STEP 35040
WRITING COORDINATES TO DCD FILE NVT.dcd AT STEP 35050
WRITING COORDINATES TO DCD FILE NVT.dcd AT STEP 35060
WRITING COORDINATES TO DCD FILE NVT.dcd AT STEP 35070
WRITING COORDINATES TO DCD FILE NVT.dcd AT STEP 35080
WRITING COORDINATES TO DCD FILE NVT.dcd AT STEP 35090
WRITING COORDINATES TO DCD FILE NVT.dcd AT STEP 35100
WRITING COORDINATES TO DCD FILE NVT.dcd AT STEP 35110
WRITING COORDINATES TO DCD FILE NVT.dcd AT STEP 35120
WRITING COORDINATES TO DCD FILE NVT.dcd AT STEP 35130
WRITING COORDINATES TO DCD FILE NVT.dcd AT STEP 35140
WRITING COORDINATES TO DCD FILE NVT.dcd AT STEP 35150
WRITING COORDINATES TO DCD FILE NVT.dcd AT STEP 35160
WRITING COORDINATES TO DCD FILE NVT.dcd AT STEP 35170
WRITING COORDINATES TO DCD FILE NVT.dcd AT STEP 35180
WRITING COORDINATES TO DCD FILE NVT.dcd AT STEP 35190
WRITING COORDINATES TO DCD FILE NVT.dcd AT STEP 35200
WRITING COORDINATES TO DCD FILE NVT.dcd AT STEP 35210
WRITING COORDINATES TO DCD FILE NVT.dcd AT STEP 35220
WRITING COORDINATES TO DCD FILE NVT.dcd AT STEP 35230
WRITING COORDINATES TO DCD FILE NVT.dcd AT STEP 35240
WRITING COORDINATES TO DCD FILE NVT.dcd AT STEP 35250
WRITING COORDINATES TO DCD FILE NVT.dcd AT STEP 35260
WRITING COORDINATES TO DCD FILE NVT.dcd AT STEP 35270
WRITING COORDINATES TO DCD FILE NVT.dcd AT STEP 35280
WRITING COORDINATES TO DCD FILE NVT.dcd AT STEP 35290
WRITING COORDINATES TO DCD FILE NVT.dcd AT STEP 35300
WRITING COORDINATES TO DCD FILE NVT.dcd AT STEP 35310
WRITING COORDINATES TO DCD FILE NVT.dcd AT STEP 35320
WRITING COORDINATES TO DCD FILE NVT.dcd AT STEP 35330
WRITING COORDINATES TO DCD FILE NVT.dcd AT STEP 35340
WRITING COORDINATES TO DCD FILE NVT.dcd AT STEP 35350
WRITING COORDINATES TO DCD FILE NVT.dcd AT STEP 35360
WRITING COORDINATES TO DCD FILE NVT.dcd AT STEP 35370
WRITING COORDINATES TO DCD FILE NVT.dcd AT STEP 35380
WRITING COORDINATES TO DCD FILE NVT.dcd AT STEP 35390
WRITING COORDINATES TO DCD FILE NVT.dcd AT STEP 35400
WRITING COORDINATES TO DCD FILE NVT.dcd AT STEP 35410
WRITING COORDINATES TO DCD FILE NVT.dcd AT STEP 35420
WRITING COORDINATES TO DCD FILE NVT.dcd AT STEP 35430
WRITING COORDINATES TO DCD FILE NVT.dcd AT STEP 35440
WRITING COORDINATES TO DCD FILE NVT.dcd AT STEP 35450
WRITING COORDINATES TO DCD FILE NVT.dcd AT STEP 35460
WRITING COORDINATES TO DCD FILE NVT.dcd AT STEP 35470
WRITING COORDINATES TO DCD FILE NVT.dcd AT STEP 35480
WRITING COORDINATES TO DCD FILE NVT.dcd AT STEP 35490
WRITING COORDINATES TO DCD FILE NVT.dcd AT STEP 35500
WRITING COORDINATES TO DCD FILE NVT.dcd AT STEP 35510
WRITING COORDINATES TO DCD FILE NVT.dcd AT STEP 35520
WRITING COORDINATES TO DCD FILE NVT.dcd AT STEP 35530
WRITING COORDINATES TO DCD FILE NVT.dcd AT STEP 35540
WRITING COORDINATES TO DCD FILE NVT.dcd AT STEP 35550
WRITING COORDINATES TO DCD FILE NVT.dcd AT STEP 35560
WRITING COORDINATES TO DCD FILE NVT.dcd AT STEP 35570
WRITING COORDINATES TO DCD FILE NVT.dcd AT STEP 35580
WRITING COORDINATES TO DCD FILE NVT.dcd AT STEP 35590
WRITING COORDINATES TO DCD FILE NVT.dcd AT STEP 35600
WRITING COORDINATES TO DCD FILE NVT.dcd AT STEP 35610
WRITING COORDINATES TO DCD FILE NVT.dcd AT STEP 35620
WRITING COORDINATES TO DCD FILE NVT.dcd AT STEP 35630
WRITING COORDINATES TO DCD FILE NVT.dcd AT STEP 35640
WRITING COORDINATES TO DCD FILE NVT.dcd AT STEP 35650
WRITING COORDINATES TO DCD FILE NVT.dcd AT STEP 35660
WRITING COORDINATES TO DCD FILE NVT.dcd AT STEP 35670
WRITING COORDINATES TO DCD FILE NVT.dcd AT STEP 35680
WRITING COORDINATES TO DCD FILE NVT.dcd AT STEP 35690
WRITING COORDINATES TO DCD FILE NVT.dcd AT STEP 35700
WRITING COORDINATES TO DCD FILE NVT.dcd AT STEP 35710
WRITING COORDINATES TO DCD FILE NVT.dcd AT STEP 35720
WRITING COORDINATES TO DCD FILE NVT.dcd AT STEP 35730
WRITING COORDINATES TO DCD FILE NVT.dcd AT STEP 35740
WRITING COORDINATES TO DCD FILE NVT.dcd AT STEP 35750
WRITING COORDINATES TO DCD FILE NVT.dcd AT STEP 35760
WRITING COORDINATES TO DCD FILE NVT.dcd AT STEP 35770
WRITING COORDINATES TO DCD FILE NVT.dcd AT STEP 35780
WRITING COORDINATES TO DCD FILE NVT.dcd AT STEP 35790
WRITING COORDINATES TO DCD FILE NVT.dcd AT STEP 35800
WRITING COORDINATES TO DCD FILE NVT.dcd AT STEP 35810
WRITING COORDINATES TO DCD FILE NVT.dcd AT STEP 35820
WRITING COORDINATES TO DCD FILE NVT.dcd AT STEP 35830
WRITING COORDINATES TO DCD FILE NVT.dcd AT STEP 35840
WRITING COORDINATES TO DCD FILE NVT.dcd AT STEP 35850
WRITING COORDINATES TO DCD FILE NVT.dcd AT STEP 35860
WRITING COORDINATES TO DCD FILE NVT.dcd AT STEP 35870
WRITING COORDINATES TO DCD FILE NVT.dcd AT STEP 35880
WRITING COORDINATES TO DCD FILE NVT.dcd AT STEP 35890
WRITING COORDINATES TO DCD FILE NVT.dcd AT STEP 35900
WRITING COORDINATES TO DCD FILE NVT.dcd AT STEP 35910
WRITING COORDINATES TO DCD FILE NVT.dcd AT STEP 35920
WRITING COORDINATES TO DCD FILE NVT.dcd AT STEP 35930
WRITING COORDINATES TO DCD FILE NVT.dcd AT STEP 35940
WRITING COORDINATES TO DCD FILE NVT.dcd AT STEP 35950
WRITING COORDINATES TO DCD FILE NVT.dcd AT STEP 35960
WRITING COORDINATES TO DCD FILE NVT.dcd AT STEP 35970
WRITING COORDINATES TO DCD FILE NVT.dcd AT STEP 35980
WRITING COORDINATES TO DCD FILE NVT.dcd AT STEP 35990
PRESSURE: 36000 -123.617 3.15428 -148.196 3.15428 414.195 141.592 -148.196 141.592 -326.312
GPRESSURE: 36000 -75.9167 165.789 -117.461 109.761 416.593 324.505 -126.921 131.285 -296.159
PRESSAVG: 36000 -1.5379 23.8457 -27.5082 23.8457 -79.4368 43.1902 -27.5082 43.1902 -54.6945
GPRESSAVG: 36000 -1.44732 24.2684 -27.2722 23.1656 -79.0707 43.3049 -28.1498 43.4159 -54.797
ENERGY:   36000      1575.9690      8982.9061      5642.2103        78.9446         -61508.5013     -1297.7396         0.0000         0.0000     18084.1390         -28442.0720       291.8744    -46526.2110    -28300.0135       292.2449            -11.9115        14.8390    263726.8627       -45.2231       -45.1050

WRITING COORDINATES TO DCD FILE NVT.dcd AT STEP 36000
WRITING COORDINATES TO DCD FILE NVT.dcd AT STEP 36010
WRITING COORDINATES TO DCD FILE NVT.dcd AT STEP 36020
WRITING COORDINATES TO DCD FILE NVT.dcd AT STEP 36030
WRITING COORDINATES TO DCD FILE NVT.dcd AT STEP 36040
WRITING COORDINATES TO DCD FILE NVT.dcd AT STEP 36050
WRITING COORDINATES TO DCD FILE NVT.dcd AT STEP 36060
WRITING COORDINATES TO DCD FILE NVT.dcd AT STEP 36070
WRITING COORDINATES TO DCD FILE NVT.dcd AT STEP 36080
WRITING COORDINATES TO DCD FILE NVT.dcd AT STEP 36090
WRITING COORDINATES TO DCD FILE NVT.dcd AT STEP 36100
WRITING COORDINATES TO DCD FILE NVT.dcd AT STEP 36110
WRITING COORDINATES TO DCD FILE NVT.dcd AT STEP 36120
WRITING COORDINATES TO DCD FILE NVT.dcd AT STEP 36130
WRITING COORDINATES TO DCD FILE NVT.dcd AT STEP 36140
LDB: ============= START OF LOAD BALANCING ============== 6067.82
LDB: ============== END OF LOAD BALANCING =============== 6067.82
LDB: =============== DONE WITH MIGRATION ================ 6067.82
WRITING COORDINATES TO DCD FILE NVT.dcd AT STEP 36150
WRITING COORDINATES TO DCD FILE NVT.dcd AT STEP 36160
WRITING COORDINATES TO DCD FILE NVT.dcd AT STEP 36170
WRITING COORDINATES TO DCD FILE NVT.dcd AT STEP 36180
WRITING COORDINATES TO DCD FILE NVT.dcd AT STEP 36190
LDB: ============= START OF LOAD BALANCING ============== 6076.2
LDB: ============== END OF LOAD BALANCING =============== 6076.2
LDB: =============== DONE WITH MIGRATION ================ 6076.2
WRITING COORDINATES TO DCD FILE NVT.dcd AT STEP 36200
WRITING COORDINATES TO DCD FILE NVT.dcd AT STEP 36210
WRITING COORDINATES TO DCD FILE NVT.dcd AT STEP 36220
WRITING COORDINATES TO DCD FILE NVT.dcd AT STEP 36230
WRITING COORDINATES TO DCD FILE NVT.dcd AT STEP 36240
WRITING COORDINATES TO DCD FILE NVT.dcd AT STEP 36250
WRITING COORDINATES TO DCD FILE NVT.dcd AT STEP 36260
WRITING COORDINATES TO DCD FILE NVT.dcd AT STEP 36270
WRITING COORDINATES TO DCD FILE NVT.dcd AT STEP 36280
WRITING COORDINATES TO DCD FILE NVT.dcd AT STEP 36290
WRITING COORDINATES TO DCD FILE NVT.dcd AT STEP 36300
WRITING COORDINATES TO DCD FILE NVT.dcd AT STEP 36310
WRITING COORDINATES TO DCD FILE NVT.dcd AT STEP 36320
WRITING COORDINATES TO DCD FILE NVT.dcd AT STEP 36330
WRITING COORDINATES TO DCD FILE NVT.dcd AT STEP 36340
WRITING COORDINATES TO DCD FILE NVT.dcd AT STEP 36350
WRITING COORDINATES TO DCD FILE NVT.dcd AT STEP 36360
WRITING COORDINATES TO DCD FILE NVT.dcd AT STEP 36370
WRITING COORDINATES TO DCD FILE NVT.dcd AT STEP 36380
WRITING COORDINATES TO DCD FILE NVT.dcd AT STEP 36390
WRITING COORDINATES TO DCD FILE NVT.dcd AT STEP 36400
WRITING COORDINATES TO DCD FILE NVT.dcd AT STEP 36410
WRITING COORDINATES TO DCD FILE NVT.dcd AT STEP 36420
WRITING COORDINATES TO DCD FILE NVT.dcd AT STEP 36430
WRITING COORDINATES TO DCD FILE NVT.dcd AT STEP 36440
WRITING COORDINATES TO DCD FILE NVT.dcd AT STEP 36450
WRITING COORDINATES TO DCD FILE NVT.dcd AT STEP 36460
WRITING COORDINATES TO DCD FILE NVT.dcd AT STEP 36470
WRITING COORDINATES TO DCD FILE NVT.dcd AT STEP 36480
WRITING COORDINATES TO DCD FILE NVT.dcd AT STEP 36490
WRITING COORDINATES TO DCD FILE NVT.dcd AT STEP 36500
WRITING COORDINATES TO DCD FILE NVT.dcd AT STEP 36510
WRITING COORDINATES TO DCD FILE NVT.dcd AT STEP 36520
WRITING COORDINATES TO DCD FILE NVT.dcd AT STEP 36530
WRITING COORDINATES TO DCD FILE NVT.dcd AT STEP 36540
WRITING COORDINATES TO DCD FILE NVT.dcd AT STEP 36550
WRITING COORDINATES TO DCD FILE NVT.dcd AT STEP 36560
WRITING COORDINATES TO DCD FILE NVT.dcd AT STEP 36570
WRITING COORDINATES TO DCD FILE NVT.dcd AT STEP 36580
WRITING COORDINATES TO DCD FILE NVT.dcd AT STEP 36590
WRITING COORDINATES TO DCD FILE NVT.dcd AT STEP 36600
WRITING COORDINATES TO DCD FILE NVT.dcd AT STEP 36610
WRITING COORDINATES TO DCD FILE NVT.dcd AT STEP 36620
WRITING COORDINATES TO DCD FILE NVT.dcd AT STEP 36630
WRITING COORDINATES TO DCD FILE NVT.dcd AT STEP 36640
WRITING COORDINATES TO DCD FILE NVT.dcd AT STEP 36650
WRITING COORDINATES TO DCD FILE NVT.dcd AT STEP 36660
WRITING COORDINATES TO DCD FILE NVT.dcd AT STEP 36670
WRITING COORDINATES TO DCD FILE NVT.dcd AT STEP 36680
WRITING COORDINATES TO DCD FILE NVT.dcd AT STEP 36690
WRITING COORDINATES TO DCD FILE NVT.dcd AT STEP 36700
WRITING COORDINATES TO DCD FILE NVT.dcd AT STEP 36710
WRITING COORDINATES TO DCD FILE NVT.dcd AT STEP 36720
WRITING COORDINATES TO DCD FILE NVT.dcd AT STEP 36730
WRITING COORDINATES TO DCD FILE NVT.dcd AT STEP 36740
WRITING COORDINATES TO DCD FILE NVT.dcd AT STEP 36750
WRITING COORDINATES TO DCD FILE NVT.dcd AT STEP 36760
WRITING COORDINATES TO DCD FILE NVT.dcd AT STEP 36770
WRITING COORDINATES TO DCD FILE NVT.dcd AT STEP 36780
WRITING COORDINATES TO DCD FILE NVT.dcd AT STEP 36790
WRITING COORDINATES TO DCD FILE NVT.dcd AT STEP 36800
WRITING COORDINATES TO DCD FILE NVT.dcd AT STEP 36810
WRITING COORDINATES TO DCD FILE NVT.dcd AT STEP 36820
WRITING COORDINATES TO DCD FILE NVT.dcd AT STEP 36830
WRITING COORDINATES TO DCD FILE NVT.dcd AT STEP 36840
WRITING COORDINATES TO DCD FILE NVT.dcd AT STEP 36850
WRITING COORDINATES TO DCD FILE NVT.dcd AT STEP 36860
WRITING COORDINATES TO DCD FILE NVT.dcd AT STEP 36870
WRITING COORDINATES TO DCD FILE NVT.dcd AT STEP 36880
WRITING COORDINATES TO DCD FILE NVT.dcd AT STEP 36890
WRITING COORDINATES TO DCD FILE NVT.dcd AT STEP 36900
WRITING COORDINATES TO DCD FILE NVT.dcd AT STEP 36910
WRITING COORDINATES TO DCD FILE NVT.dcd AT STEP 36920
WRITING COORDINATES TO DCD FILE NVT.dcd AT STEP 36930
WRITING COORDINATES TO DCD FILE NVT.dcd AT STEP 36940
WRITING COORDINATES TO DCD FILE NVT.dcd AT STEP 36950
WRITING COORDINATES TO DCD FILE NVT.dcd AT STEP 36960
WRITING COORDINATES TO DCD FILE NVT.dcd AT STEP 36970
WRITING COORDINATES TO DCD FILE NVT.dcd AT STEP 36980
WRITING COORDINATES TO DCD FILE NVT.dcd AT STEP 36990
PRESSURE: 37000 -322.194 -254.134 -290.778 -254.134 -36.6404 217.735 -290.778 217.735 -655.581
GPRESSURE: 37000 -288.532 -421.128 -75.0365 21.1129 -133.348 135.441 -286.122 272.334 -481.278
PRESSAVG: 37000 62.0131 58.8122 -5.04529 58.8122 -55.2772 -23.2448 -5.04529 -23.2448 -65.549
GPRESSAVG: 37000 61.7898 59.2656 -5.13844 58.9365 -55.5166 -23.0659 -4.35815 -23.6676 -64.9884
ENERGY:   37000      1521.9197      8996.2024      5664.2786        65.5265         -61234.6853     -1550.7202         0.0000         0.0000     18104.5013         -28432.9769       292.2031    -46537.4783    -28291.2175       291.7771           -338.1383      -301.0529    263726.8627       -19.6044       -19.5717

WRITING COORDINATES TO DCD FILE NVT.dcd AT STEP 37000
WRITING COORDINATES TO DCD FILE NVT.dcd AT STEP 37010
WRITING COORDINATES TO DCD FILE NVT.dcd AT STEP 37020
WRITING COORDINATES TO DCD FILE NVT.dcd AT STEP 37030
WRITING COORDINATES TO DCD FILE NVT.dcd AT STEP 37040
WRITING COORDINATES TO DCD FILE NVT.dcd AT STEP 37050
WRITING COORDINATES TO DCD FILE NVT.dcd AT STEP 37060
WRITING COORDINATES TO DCD FILE NVT.dcd AT STEP 37070
WRITING COORDINATES TO DCD FILE NVT.dcd AT STEP 37080
WRITING COORDINATES TO DCD FILE NVT.dcd AT STEP 37090
WRITING COORDINATES TO DCD FILE NVT.dcd AT STEP 37100
WRITING COORDINATES TO DCD FILE NVT.dcd AT STEP 37110
WRITING COORDINATES TO DCD FILE NVT.dcd AT STEP 37120
WRITING COORDINATES TO DCD FILE NVT.dcd AT STEP 37130
WRITING COORDINATES TO DCD FILE NVT.dcd AT STEP 37140
WRITING COORDINATES TO DCD FILE NVT.dcd AT STEP 37150
WRITING COORDINATES TO DCD FILE NVT.dcd AT STEP 37160
WRITING COORDINATES TO DCD FILE NVT.dcd AT STEP 37170
WRITING COORDINATES TO DCD FILE NVT.dcd AT STEP 37180
WRITING COORDINATES TO DCD FILE NVT.dcd AT STEP 37190
WRITING COORDINATES TO DCD FILE NVT.dcd AT STEP 37200
WRITING COORDINATES TO DCD FILE NVT.dcd AT STEP 37210
WRITING COORDINATES TO DCD FILE NVT.dcd AT STEP 37220
WRITING COORDINATES TO DCD FILE NVT.dcd AT STEP 37230
WRITING COORDINATES TO DCD FILE NVT.dcd AT STEP 37240
WRITING COORDINATES TO DCD FILE NVT.dcd AT STEP 37250
WRITING COORDINATES TO DCD FILE NVT.dcd AT STEP 37260
WRITING COORDINATES TO DCD FILE NVT.dcd AT STEP 37270
WRITING COORDINATES TO DCD FILE NVT.dcd AT STEP 37280
WRITING COORDINATES TO DCD FILE NVT.dcd AT STEP 37290
WRITING COORDINATES TO DCD FILE NVT.dcd AT STEP 37300
WRITING COORDINATES TO DCD FILE NVT.dcd AT STEP 37310
WRITING COORDINATES TO DCD FILE NVT.dcd AT STEP 37320
WRITING COORDINATES TO DCD FILE NVT.dcd AT STEP 37330
WRITING COORDINATES TO DCD FILE NVT.dcd AT STEP 37340
WRITING COORDINATES TO DCD FILE NVT.dcd AT STEP 37350
WRITING COORDINATES TO DCD FILE NVT.dcd AT STEP 37360
WRITING COORDINATES TO DCD FILE NVT.dcd AT STEP 37370
WRITING COORDINATES TO DCD FILE NVT.dcd AT STEP 37380
WRITING COORDINATES TO DCD FILE NVT.dcd AT STEP 37390
WRITING COORDINATES TO DCD FILE NVT.dcd AT STEP 37400
WRITING COORDINATES TO DCD FILE NVT.dcd AT STEP 37410
WRITING COORDINATES TO DCD FILE NVT.dcd AT STEP 37420
WRITING COORDINATES TO DCD FILE NVT.dcd AT STEP 37430
WRITING COORDINATES TO DCD FILE NVT.dcd AT STEP 37440
WRITING COORDINATES TO DCD FILE NVT.dcd AT STEP 37450
WRITING COORDINATES TO DCD FILE NVT.dcd AT STEP 37460
WRITING COORDINATES TO DCD FILE NVT.dcd AT STEP 37470
WRITING COORDINATES TO DCD FILE NVT.dcd AT STEP 37480
WRITING COORDINATES TO DCD FILE NVT.dcd AT STEP 37490
WRITING COORDINATES TO DCD FILE NVT.dcd AT STEP 37500
WRITING COORDINATES TO DCD FILE NVT.dcd AT STEP 37510
WRITING COORDINATES TO DCD FILE NVT.dcd AT STEP 37520
WRITING COORDINATES TO DCD FILE NVT.dcd AT STEP 37530
WRITING COORDINATES TO DCD FILE NVT.dcd AT STEP 37540
WRITING COORDINATES TO DCD FILE NVT.dcd AT STEP 37550
WRITING COORDINATES TO DCD FILE NVT.dcd AT STEP 37560
WRITING COORDINATES TO DCD FILE NVT.dcd AT STEP 37570
WRITING COORDINATES TO DCD FILE NVT.dcd AT STEP 37580
WRITING COORDINATES TO DCD FILE NVT.dcd AT STEP 37590
WRITING COORDINATES TO DCD FILE NVT.dcd AT STEP 37600
WRITING COORDINATES TO DCD FILE NVT.dcd AT STEP 37610
WRITING COORDINATES TO DCD FILE NVT.dcd AT STEP 37620
WRITING COORDINATES TO DCD FILE NVT.dcd AT STEP 37630
WRITING COORDINATES TO DCD FILE NVT.dcd AT STEP 37640
WRITING COORDINATES TO DCD FILE NVT.dcd AT STEP 37650
WRITING COORDINATES TO DCD FILE NVT.dcd AT STEP 37660
WRITING COORDINATES TO DCD FILE NVT.dcd AT STEP 37670
WRITING COORDINATES TO DCD FILE NVT.dcd AT STEP 37680
WRITING COORDINATES TO DCD FILE NVT.dcd AT STEP 37690
WRITING COORDINATES TO DCD FILE NVT.dcd AT STEP 37700
WRITING COORDINATES TO DCD FILE NVT.dcd AT STEP 37710
WRITING COORDINATES TO DCD FILE NVT.dcd AT STEP 37720
WRITING COORDINATES TO DCD FILE NVT.dcd AT STEP 37730
WRITING COORDINATES TO DCD FILE NVT.dcd AT STEP 37740
WRITING COORDINATES TO DCD FILE NVT.dcd AT STEP 37750
WRITING COORDINATES TO DCD FILE NVT.dcd AT STEP 37760
WRITING COORDINATES TO DCD FILE NVT.dcd AT STEP 37770
WRITING COORDINATES TO DCD FILE NVT.dcd AT STEP 37780
WRITING COORDINATES TO DCD FILE NVT.dcd AT STEP 37790
WRITING COORDINATES TO DCD FILE NVT.dcd AT STEP 37800
WRITING COORDINATES TO DCD FILE NVT.dcd AT STEP 37810
WRITING COORDINATES TO DCD FILE NVT.dcd AT STEP 37820
WRITING COORDINATES TO DCD FILE NVT.dcd AT STEP 37830
WRITING COORDINATES TO DCD FILE NVT.dcd AT STEP 37840
WRITING COORDINATES TO DCD FILE NVT.dcd AT STEP 37850
WRITING COORDINATES TO DCD FILE NVT.dcd AT STEP 37860
WRITING COORDINATES TO DCD FILE NVT.dcd AT STEP 37870
WRITING COORDINATES TO DCD FILE NVT.dcd AT STEP 37880
WRITING COORDINATES TO DCD FILE NVT.dcd AT STEP 37890
WRITING COORDINATES TO DCD FILE NVT.dcd AT STEP 37900
WRITING COORDINATES TO DCD FILE NVT.dcd AT STEP 37910
WRITING COORDINATES TO DCD FILE NVT.dcd AT STEP 37920
WRITING COORDINATES TO DCD FILE NVT.dcd AT STEP 37930
WRITING COORDINATES TO DCD FILE NVT.dcd AT STEP 37940
WRITING COORDINATES TO DCD FILE NVT.dcd AT STEP 37950
WRITING COORDINATES TO DCD FILE NVT.dcd AT STEP 37960
WRITING COORDINATES TO DCD FILE NVT.dcd AT STEP 37970
WRITING COORDINATES TO DCD FILE NVT.dcd AT STEP 37980
WRITING COORDINATES TO DCD FILE NVT.dcd AT STEP 37990
PRESSURE: 38000 -231.374 138.625 -10.3182 138.625 -525.756 -4.61009 -10.3182 -4.61009 -339.97
GPRESSURE: 38000 -210.241 -58.0776 -117.032 367.446 -612.388 10.0307 175.206 101.366 -221.663
PRESSAVG: 38000 17.844 56.1345 -23.2528 56.1345 -10.2249 -22.0564 -23.2528 -22.0564 4.28054
GPRESSAVG: 38000 17.5957 55.0174 -23.9564 56.7035 -9.85324 -22.0315 -23.431 -21.9148 4.07277
ENERGY:   38000      1540.3701      8995.1308      5663.1105        70.5493         -61371.9343     -1341.9354         0.0000         0.0000     18034.2935         -28410.4155       291.0699    -46444.7089    -28261.8040       292.4865           -365.6996      -348.0975    263726.8627         3.9665         3.9384

WRITING COORDINATES TO DCD FILE NVT.dcd AT STEP 38000
WRITING COORDINATES TO DCD FILE NVT.dcd AT STEP 38010
WRITING COORDINATES TO DCD FILE NVT.dcd AT STEP 38020
WRITING COORDINATES TO DCD FILE NVT.dcd AT STEP 38030
WRITING COORDINATES TO DCD FILE NVT.dcd AT STEP 38040
WRITING COORDINATES TO DCD FILE NVT.dcd AT STEP 38050
WRITING COORDINATES TO DCD FILE NVT.dcd AT STEP 38060
WRITING COORDINATES TO DCD FILE NVT.dcd AT STEP 38070
WRITING COORDINATES TO DCD FILE NVT.dcd AT STEP 38080
WRITING COORDINATES TO DCD FILE NVT.dcd AT STEP 38090
WRITING COORDINATES TO DCD FILE NVT.dcd AT STEP 38100
WRITING COORDINATES TO DCD FILE NVT.dcd AT STEP 38110
WRITING COORDINATES TO DCD FILE NVT.dcd AT STEP 38120
WRITING COORDINATES TO DCD FILE NVT.dcd AT STEP 38130
WRITING COORDINATES TO DCD FILE NVT.dcd AT STEP 38140
LDB: ============= START OF LOAD BALANCING ============== 6402.51
LDB: ============== END OF LOAD BALANCING =============== 6402.51
LDB: =============== DONE WITH MIGRATION ================ 6402.51
WRITING COORDINATES TO DCD FILE NVT.dcd AT STEP 38150
WRITING COORDINATES TO DCD FILE NVT.dcd AT STEP 38160
WRITING COORDINATES TO DCD FILE NVT.dcd AT STEP 38170
WRITING COORDINATES TO DCD FILE NVT.dcd AT STEP 38180
WRITING COORDINATES TO DCD FILE NVT.dcd AT STEP 38190
LDB: ============= START OF LOAD BALANCING ============== 6410.88
LDB: ============== END OF LOAD BALANCING =============== 6410.88
LDB: =============== DONE WITH MIGRATION ================ 6410.88
WRITING COORDINATES TO DCD FILE NVT.dcd AT STEP 38200
WRITING COORDINATES TO DCD FILE NVT.dcd AT STEP 38210
WRITING COORDINATES TO DCD FILE NVT.dcd AT STEP 38220
WRITING COORDINATES TO DCD FILE NVT.dcd AT STEP 38230
WRITING COORDINATES TO DCD FILE NVT.dcd AT STEP 38240
WRITING COORDINATES TO DCD FILE NVT.dcd AT STEP 38250
WRITING COORDINATES TO DCD FILE NVT.dcd AT STEP 38260
WRITING COORDINATES TO DCD FILE NVT.dcd AT STEP 38270
WRITING COORDINATES TO DCD FILE NVT.dcd AT STEP 38280
WRITING COORDINATES TO DCD FILE NVT.dcd AT STEP 38290
WRITING COORDINATES TO DCD FILE NVT.dcd AT STEP 38300
WRITING COORDINATES TO DCD FILE NVT.dcd AT STEP 38310
WRITING COORDINATES TO DCD FILE NVT.dcd AT STEP 38320
WRITING COORDINATES TO DCD FILE NVT.dcd AT STEP 38330
WRITING COORDINATES TO DCD FILE NVT.dcd AT STEP 38340
WRITING COORDINATES TO DCD FILE NVT.dcd AT STEP 38350
WRITING COORDINATES TO DCD FILE NVT.dcd AT STEP 38360
WRITING COORDINATES TO DCD FILE NVT.dcd AT STEP 38370
WRITING COORDINATES TO DCD FILE NVT.dcd AT STEP 38380
WRITING COORDINATES TO DCD FILE NVT.dcd AT STEP 38390
WRITING COORDINATES TO DCD FILE NVT.dcd AT STEP 38400
WRITING COORDINATES TO DCD FILE NVT.dcd AT STEP 38410
WRITING COORDINATES TO DCD FILE NVT.dcd AT STEP 38420
WRITING COORDINATES TO DCD FILE NVT.dcd AT STEP 38430
WRITING COORDINATES TO DCD FILE NVT.dcd AT STEP 38440
WRITING COORDINATES TO DCD FILE NVT.dcd AT STEP 38450
WRITING COORDINATES TO DCD FILE NVT.dcd AT STEP 38460
WRITING COORDINATES TO DCD FILE NVT.dcd AT STEP 38470
WRITING COORDINATES TO DCD FILE NVT.dcd AT STEP 38480
WRITING COORDINATES TO DCD FILE NVT.dcd AT STEP 38490
WRITING COORDINATES TO DCD FILE NVT.dcd AT STEP 38500
WRITING COORDINATES TO DCD FILE NVT.dcd AT STEP 38510
WRITING COORDINATES TO DCD FILE NVT.dcd AT STEP 38520
WRITING COORDINATES TO DCD FILE NVT.dcd AT STEP 38530
WRITING COORDINATES TO DCD FILE NVT.dcd AT STEP 38540
WRITING COORDINATES TO DCD FILE NVT.dcd AT STEP 38550
WRITING COORDINATES TO DCD FILE NVT.dcd AT STEP 38560
WRITING COORDINATES TO DCD FILE NVT.dcd AT STEP 38570
WRITING COORDINATES TO DCD FILE NVT.dcd AT STEP 38580
WRITING COORDINATES TO DCD FILE NVT.dcd AT STEP 38590
WRITING COORDINATES TO DCD FILE NVT.dcd AT STEP 38600
WRITING COORDINATES TO DCD FILE NVT.dcd AT STEP 38610
WRITING COORDINATES TO DCD FILE NVT.dcd AT STEP 38620
WRITING COORDINATES TO DCD FILE NVT.dcd AT STEP 38630
WRITING COORDINATES TO DCD FILE NVT.dcd AT STEP 38640
WRITING COORDINATES TO DCD FILE NVT.dcd AT STEP 38650
WRITING COORDINATES TO DCD FILE NVT.dcd AT STEP 38660
WRITING COORDINATES TO DCD FILE NVT.dcd AT STEP 38670
WRITING COORDINATES TO DCD FILE NVT.dcd AT STEP 38680
WRITING COORDINATES TO DCD FILE NVT.dcd AT STEP 38690
WRITING COORDINATES TO DCD FILE NVT.dcd AT STEP 38700
WRITING COORDINATES TO DCD FILE NVT.dcd AT STEP 38710
WRITING COORDINATES TO DCD FILE NVT.dcd AT STEP 38720
WRITING COORDINATES TO DCD FILE NVT.dcd AT STEP 38730
WRITING COORDINATES TO DCD FILE NVT.dcd AT STEP 38740
WRITING COORDINATES TO DCD FILE NVT.dcd AT STEP 38750
WRITING COORDINATES TO DCD FILE NVT.dcd AT STEP 38760
WRITING COORDINATES TO DCD FILE NVT.dcd AT STEP 38770
WRITING COORDINATES TO DCD FILE NVT.dcd AT STEP 38780
WRITING COORDINATES TO DCD FILE NVT.dcd AT STEP 38790
WRITING COORDINATES TO DCD FILE NVT.dcd AT STEP 38800
WRITING COORDINATES TO DCD FILE NVT.dcd AT STEP 38810
WRITING COORDINATES TO DCD FILE NVT.dcd AT STEP 38820
WRITING COORDINATES TO DCD FILE NVT.dcd AT STEP 38830
WRITING COORDINATES TO DCD FILE NVT.dcd AT STEP 38840
WRITING COORDINATES TO DCD FILE NVT.dcd AT STEP 38850
WRITING COORDINATES TO DCD FILE NVT.dcd AT STEP 38860
WRITING COORDINATES TO DCD FILE NVT.dcd AT STEP 38870
WRITING COORDINATES TO DCD FILE NVT.dcd AT STEP 38880
WRITING COORDINATES TO DCD FILE NVT.dcd AT STEP 38890
WRITING COORDINATES TO DCD FILE NVT.dcd AT STEP 38900
WRITING COORDINATES TO DCD FILE NVT.dcd AT STEP 38910
WRITING COORDINATES TO DCD FILE NVT.dcd AT STEP 38920
WRITING COORDINATES TO DCD FILE NVT.dcd AT STEP 38930
WRITING COORDINATES TO DCD FILE NVT.dcd AT STEP 38940
WRITING COORDINATES TO DCD FILE NVT.dcd AT STEP 38950
WRITING COORDINATES TO DCD FILE NVT.dcd AT STEP 38960
WRITING COORDINATES TO DCD FILE NVT.dcd AT STEP 38970
WRITING COORDINATES TO DCD FILE NVT.dcd AT STEP 38980
WRITING COORDINATES TO DCD FILE NVT.dcd AT STEP 38990
PRESSURE: 39000 -138.887 -22.1752 -153.515 -22.1752 52.2291 -117.691 -153.515 -117.691 -273.505
GPRESSURE: 39000 123.714 48.8244 -173.282 -116.101 -93.2729 -265.368 -95.4494 -206.756 -356.246
PRESSAVG: 39000 -11.4656 -15.623 1.26309 -15.623 -134.274 -37.8004 1.26309 -37.8004 -13.3381
GPRESSAVG: 39000 -10.6167 -14.5863 1.69259 -16.868 -134.435 -38.2977 1.75289 -37.3214 -13.5354
ENERGY:   39000      1517.4765      8948.8389      5642.8777        63.4094         -61232.8139     -1463.2035         0.0000         0.0000     18163.2928         -28360.1220       293.1520    -46523.4149    -28217.6764       292.2858           -120.0541      -108.6017    263726.8627       -53.0259       -52.8623

WRITING COORDINATES TO DCD FILE NVT.dcd AT STEP 39000
WRITING COORDINATES TO DCD FILE NVT.dcd AT STEP 39010
WRITING COORDINATES TO DCD FILE NVT.dcd AT STEP 39020
WRITING COORDINATES TO DCD FILE NVT.dcd AT STEP 39030
WRITING COORDINATES TO DCD FILE NVT.dcd AT STEP 39040
WRITING COORDINATES TO DCD FILE NVT.dcd AT STEP 39050
WRITING COORDINATES TO DCD FILE NVT.dcd AT STEP 39060
WRITING COORDINATES TO DCD FILE NVT.dcd AT STEP 39070
WRITING COORDINATES TO DCD FILE NVT.dcd AT STEP 39080
WRITING COORDINATES TO DCD FILE NVT.dcd AT STEP 39090
WRITING COORDINATES TO DCD FILE NVT.dcd AT STEP 39100
WRITING COORDINATES TO DCD FILE NVT.dcd AT STEP 39110
WRITING COORDINATES TO DCD FILE NVT.dcd AT STEP 39120
WRITING COORDINATES TO DCD FILE NVT.dcd AT STEP 39130
WRITING COORDINATES TO DCD FILE NVT.dcd AT STEP 39140
WRITING COORDINATES TO DCD FILE NVT.dcd AT STEP 39150
WRITING COORDINATES TO DCD FILE NVT.dcd AT STEP 39160
WRITING COORDINATES TO DCD FILE NVT.dcd AT STEP 39170
WRITING COORDINATES TO DCD FILE NVT.dcd AT STEP 39180
WRITING COORDINATES TO DCD FILE NVT.dcd AT STEP 39190
WRITING COORDINATES TO DCD FILE NVT.dcd AT STEP 39200
WRITING COORDINATES TO DCD FILE NVT.dcd AT STEP 39210
WRITING COORDINATES TO DCD FILE NVT.dcd AT STEP 39220
WRITING COORDINATES TO DCD FILE NVT.dcd AT STEP 39230
WRITING COORDINATES TO DCD FILE NVT.dcd AT STEP 39240
WRITING COORDINATES TO DCD FILE NVT.dcd AT STEP 39250
WRITING COORDINATES TO DCD FILE NVT.dcd AT STEP 39260
WRITING COORDINATES TO DCD FILE NVT.dcd AT STEP 39270
WRITING COORDINATES TO DCD FILE NVT.dcd AT STEP 39280
WRITING COORDINATES TO DCD FILE NVT.dcd AT STEP 39290
WRITING COORDINATES TO DCD FILE NVT.dcd AT STEP 39300
WRITING COORDINATES TO DCD FILE NVT.dcd AT STEP 39310
WRITING COORDINATES TO DCD FILE NVT.dcd AT STEP 39320
WRITING COORDINATES TO DCD FILE NVT.dcd AT STEP 39330
WRITING COORDINATES TO DCD FILE NVT.dcd AT STEP 39340
WRITING COORDINATES TO DCD FILE NVT.dcd AT STEP 39350
WRITING COORDINATES TO DCD FILE NVT.dcd AT STEP 39360
WRITING COORDINATES TO DCD FILE NVT.dcd AT STEP 39370
WRITING COORDINATES TO DCD FILE NVT.dcd AT STEP 39380
WRITING COORDINATES TO DCD FILE NVT.dcd AT STEP 39390
WRITING COORDINATES TO DCD FILE NVT.dcd AT STEP 39400
WRITING COORDINATES TO DCD FILE NVT.dcd AT STEP 39410
WRITING COORDINATES TO DCD FILE NVT.dcd AT STEP 39420
WRITING COORDINATES TO DCD FILE NVT.dcd AT STEP 39430
WRITING COORDINATES TO DCD FILE NVT.dcd AT STEP 39440
WRITING COORDINATES TO DCD FILE NVT.dcd AT STEP 39450
WRITING COORDINATES TO DCD FILE NVT.dcd AT STEP 39460
WRITING COORDINATES TO DCD FILE NVT.dcd AT STEP 39470
WRITING COORDINATES TO DCD FILE NVT.dcd AT STEP 39480
WRITING COORDINATES TO DCD FILE NVT.dcd AT STEP 39490
WRITING COORDINATES TO DCD FILE NVT.dcd AT STEP 39500
WRITING COORDINATES TO DCD FILE NVT.dcd AT STEP 39510
WRITING COORDINATES TO DCD FILE NVT.dcd AT STEP 39520
WRITING COORDINATES TO DCD FILE NVT.dcd AT STEP 39530
WRITING COORDINATES TO DCD FILE NVT.dcd AT STEP 39540
WRITING COORDINATES TO DCD FILE NVT.dcd AT STEP 39550
WRITING COORDINATES TO DCD FILE NVT.dcd AT STEP 39560
WRITING COORDINATES TO DCD FILE NVT.dcd AT STEP 39570
WRITING COORDINATES TO DCD FILE NVT.dcd AT STEP 39580
WRITING COORDINATES TO DCD FILE NVT.dcd AT STEP 39590
WRITING COORDINATES TO DCD FILE NVT.dcd AT STEP 39600
WRITING COORDINATES TO DCD FILE NVT.dcd AT STEP 39610
WRITING COORDINATES TO DCD FILE NVT.dcd AT STEP 39620
WRITING COORDINATES TO DCD FILE NVT.dcd AT STEP 39630
WRITING COORDINATES TO DCD FILE NVT.dcd AT STEP 39640
WRITING COORDINATES TO DCD FILE NVT.dcd AT STEP 39650
WRITING COORDINATES TO DCD FILE NVT.dcd AT STEP 39660
WRITING COORDINATES TO DCD FILE NVT.dcd AT STEP 39670
WRITING COORDINATES TO DCD FILE NVT.dcd AT STEP 39680
WRITING COORDINATES TO DCD FILE NVT.dcd AT STEP 39690
WRITING COORDINATES TO DCD FILE NVT.dcd AT STEP 39700
WRITING COORDINATES TO DCD FILE NVT.dcd AT STEP 39710
WRITING COORDINATES TO DCD FILE NVT.dcd AT STEP 39720
WRITING COORDINATES TO DCD FILE NVT.dcd AT STEP 39730
WRITING COORDINATES TO DCD FILE NVT.dcd AT STEP 39740
WRITING COORDINATES TO DCD FILE NVT.dcd AT STEP 39750
WRITING COORDINATES TO DCD FILE NVT.dcd AT STEP 39760
WRITING COORDINATES TO DCD FILE NVT.dcd AT STEP 39770
WRITING COORDINATES TO DCD FILE NVT.dcd AT STEP 39780
WRITING COORDINATES TO DCD FILE NVT.dcd AT STEP 39790
WRITING COORDINATES TO DCD FILE NVT.dcd AT STEP 39800
WRITING COORDINATES TO DCD FILE NVT.dcd AT STEP 39810
WRITING COORDINATES TO DCD FILE NVT.dcd AT STEP 39820
WRITING COORDINATES TO DCD FILE NVT.dcd AT STEP 39830
WRITING COORDINATES TO DCD FILE NVT.dcd AT STEP 39840
WRITING COORDINATES TO DCD FILE NVT.dcd AT STEP 39850
WRITING COORDINATES TO DCD FILE NVT.dcd AT STEP 39860
WRITING COORDINATES TO DCD FILE NVT.dcd AT STEP 39870
WRITING COORDINATES TO DCD FILE NVT.dcd AT STEP 39880
WRITING COORDINATES TO DCD FILE NVT.dcd AT STEP 39890
WRITING COORDINATES TO DCD FILE NVT.dcd AT STEP 39900
WRITING COORDINATES TO DCD FILE NVT.dcd AT STEP 39910
WRITING COORDINATES TO DCD FILE NVT.dcd AT STEP 39920
WRITING COORDINATES TO DCD FILE NVT.dcd AT STEP 39930
WRITING COORDINATES TO DCD FILE NVT.dcd AT STEP 39940
WRITING COORDINATES TO DCD FILE NVT.dcd AT STEP 39950
WRITING COORDINATES TO DCD FILE NVT.dcd AT STEP 39960
WRITING COORDINATES TO DCD FILE NVT.dcd AT STEP 39970
WRITING COORDINATES TO DCD FILE NVT.dcd AT STEP 39980
WRITING COORDINATES TO DCD FILE NVT.dcd AT STEP 39990
PRESSURE: 40000 119.506 292.252 46.6066 292.252 163.814 217.042 46.6066 217.042 250.012
GPRESSURE: 40000 398.764 77.4796 86.8513 539.151 103.472 225.164 253.584 185.179 68.5406
PRESSAVG: 40000 30.043 85.3706 -88.757 85.3706 -14.3798 -17.1971 -88.757 -17.1971 -3.70413
GPRESSAVG: 40000 29.5682 85.1773 -88.012 86.1609 -13.4703 -17.2058 -89.4236 -17.5008 -4.04469
TIMING: 40000  CPU: 6686.91, 0.167393/step  Wall: 6687.23, 0.167401/step, 0.465003 hours remaining, 841.440043 MB of memory in use.
PERFORMANCE: 40000  averaging 1.03367 ns/day, 0.167171 sec/step with standard deviation 0.000294424
ETITLE:      TS           BOND          ANGLE          DIHED          IMPRP               ELECT            VDW       BOUNDARY           MISC        KINETIC               TOTAL           TEMP      POTENTIAL         TOTAL3        TEMPAVG            PRESSURE      GPRESSURE         VOLUME       PRESSAVG      GPRESSAVG

ENERGY:   40000      1568.0725      9006.1219      5678.3943        68.8662         -61384.5402     -1176.6857         0.0000         0.0000     18128.9629         -28110.8081       292.5979    -46239.7710    -27966.5002       292.8036            177.7774       190.2587    263726.8627         3.9863         4.0177

WRITING EXTENDED SYSTEM TO RESTART FILE AT STEP 40000
WRITING COORDINATES TO DCD FILE NVT.dcd AT STEP 40000
WRITING COORDINATES TO RESTART FILE AT STEP 40000
FINISHED WRITING RESTART COORDINATES
WRITING VELOCITIES TO RESTART FILE AT STEP 40000
FINISHED WRITING RESTART VELOCITIES
WRITING COORDINATES TO DCD FILE NVT.dcd AT STEP 40010
WRITING COORDINATES TO DCD FILE NVT.dcd AT STEP 40020
WRITING COORDINATES TO DCD FILE NVT.dcd AT STEP 40030
WRITING COORDINATES TO DCD FILE NVT.dcd AT STEP 40040
WRITING COORDINATES TO DCD FILE NVT.dcd AT STEP 40050
WRITING COORDINATES TO DCD FILE NVT.dcd AT STEP 40060
WRITING COORDINATES TO DCD FILE NVT.dcd AT STEP 40070
WRITING COORDINATES TO DCD FILE NVT.dcd AT STEP 40080
WRITING COORDINATES TO DCD FILE NVT.dcd AT STEP 40090
WRITING COORDINATES TO DCD FILE NVT.dcd AT STEP 40100
WRITING COORDINATES TO DCD FILE NVT.dcd AT STEP 40110
WRITING COORDINATES TO DCD FILE NVT.dcd AT STEP 40120
WRITING COORDINATES TO DCD FILE NVT.dcd AT STEP 40130
WRITING COORDINATES TO DCD FILE NVT.dcd AT STEP 40140
LDB: ============= START OF LOAD BALANCING ============== 6737.18
LDB: ============== END OF LOAD BALANCING =============== 6737.18
LDB: =============== DONE WITH MIGRATION ================ 6737.18
WRITING COORDINATES TO DCD FILE NVT.dcd AT STEP 40150
WRITING COORDINATES TO DCD FILE NVT.dcd AT STEP 40160
WRITING COORDINATES TO DCD FILE NVT.dcd AT STEP 40170
WRITING COORDINATES TO DCD FILE NVT.dcd AT STEP 40180
WRITING COORDINATES TO DCD FILE NVT.dcd AT STEP 40190
LDB: ============= START OF LOAD BALANCING ============== 6745.56
LDB: ============== END OF LOAD BALANCING =============== 6745.56
LDB: =============== DONE WITH MIGRATION ================ 6745.56
WRITING COORDINATES TO DCD FILE NVT.dcd AT STEP 40200
WRITING COORDINATES TO DCD FILE NVT.dcd AT STEP 40210
WRITING COORDINATES TO DCD FILE NVT.dcd AT STEP 40220
WRITING COORDINATES TO DCD FILE NVT.dcd AT STEP 40230
WRITING COORDINATES TO DCD FILE NVT.dcd AT STEP 40240
WRITING COORDINATES TO DCD FILE NVT.dcd AT STEP 40250
WRITING COORDINATES TO DCD FILE NVT.dcd AT STEP 40260
WRITING COORDINATES TO DCD FILE NVT.dcd AT STEP 40270
WRITING COORDINATES TO DCD FILE NVT.dcd AT STEP 40280
WRITING COORDINATES TO DCD FILE NVT.dcd AT STEP 40290
WRITING COORDINATES TO DCD FILE NVT.dcd AT STEP 40300
WRITING COORDINATES TO DCD FILE NVT.dcd AT STEP 40310
WRITING COORDINATES TO DCD FILE NVT.dcd AT STEP 40320
WRITING COORDINATES TO DCD FILE NVT.dcd AT STEP 40330
WRITING COORDINATES TO DCD FILE NVT.dcd AT STEP 40340
WRITING COORDINATES TO DCD FILE NVT.dcd AT STEP 40350
WRITING COORDINATES TO DCD FILE NVT.dcd AT STEP 40360
WRITING COORDINATES TO DCD FILE NVT.dcd AT STEP 40370
WRITING COORDINATES TO DCD FILE NVT.dcd AT STEP 40380
WRITING COORDINATES TO DCD FILE NVT.dcd AT STEP 40390
WRITING COORDINATES TO DCD FILE NVT.dcd AT STEP 40400
WRITING COORDINATES TO DCD FILE NVT.dcd AT STEP 40410
WRITING COORDINATES TO DCD FILE NVT.dcd AT STEP 40420
WRITING COORDINATES TO DCD FILE NVT.dcd AT STEP 40430
WRITING COORDINATES TO DCD FILE NVT.dcd AT STEP 40440
WRITING COORDINATES TO DCD FILE NVT.dcd AT STEP 40450
WRITING COORDINATES TO DCD FILE NVT.dcd AT STEP 40460
WRITING COORDINATES TO DCD FILE NVT.dcd AT STEP 40470
WRITING COORDINATES TO DCD FILE NVT.dcd AT STEP 40480
WRITING COORDINATES TO DCD FILE NVT.dcd AT STEP 40490
WRITING COORDINATES TO DCD FILE NVT.dcd AT STEP 40500
WRITING COORDINATES TO DCD FILE NVT.dcd AT STEP 40510
WRITING COORDINATES TO DCD FILE NVT.dcd AT STEP 40520
WRITING COORDINATES TO DCD FILE NVT.dcd AT STEP 40530
WRITING COORDINATES TO DCD FILE NVT.dcd AT STEP 40540
WRITING COORDINATES TO DCD FILE NVT.dcd AT STEP 40550
WRITING COORDINATES TO DCD FILE NVT.dcd AT STEP 40560
WRITING COORDINATES TO DCD FILE NVT.dcd AT STEP 40570
WRITING COORDINATES TO DCD FILE NVT.dcd AT STEP 40580
WRITING COORDINATES TO DCD FILE NVT.dcd AT STEP 40590
WRITING COORDINATES TO DCD FILE NVT.dcd AT STEP 40600
WRITING COORDINATES TO DCD FILE NVT.dcd AT STEP 40610
WRITING COORDINATES TO DCD FILE NVT.dcd AT STEP 40620
WRITING COORDINATES TO DCD FILE NVT.dcd AT STEP 40630
WRITING COORDINATES TO DCD FILE NVT.dcd AT STEP 40640
WRITING COORDINATES TO DCD FILE NVT.dcd AT STEP 40650
WRITING COORDINATES TO DCD FILE NVT.dcd AT STEP 40660
WRITING COORDINATES TO DCD FILE NVT.dcd AT STEP 40670
WRITING COORDINATES TO DCD FILE NVT.dcd AT STEP 40680
WRITING COORDINATES TO DCD FILE NVT.dcd AT STEP 40690
WRITING COORDINATES TO DCD FILE NVT.dcd AT STEP 40700
WRITING COORDINATES TO DCD FILE NVT.dcd AT STEP 40710
WRITING COORDINATES TO DCD FILE NVT.dcd AT STEP 40720
WRITING COORDINATES TO DCD FILE NVT.dcd AT STEP 40730
WRITING COORDINATES TO DCD FILE NVT.dcd AT STEP 40740
WRITING COORDINATES TO DCD FILE NVT.dcd AT STEP 40750
WRITING COORDINATES TO DCD FILE NVT.dcd AT STEP 40760
WRITING COORDINATES TO DCD FILE NVT.dcd AT STEP 40770
WRITING COORDINATES TO DCD FILE NVT.dcd AT STEP 40780
WRITING COORDINATES TO DCD FILE NVT.dcd AT STEP 40790
WRITING COORDINATES TO DCD FILE NVT.dcd AT STEP 40800
WRITING COORDINATES TO DCD FILE NVT.dcd AT STEP 40810
WRITING COORDINATES TO DCD FILE NVT.dcd AT STEP 40820
WRITING COORDINATES TO DCD FILE NVT.dcd AT STEP 40830
WRITING COORDINATES TO DCD FILE NVT.dcd AT STEP 40840
WRITING COORDINATES TO DCD FILE NVT.dcd AT STEP 40850
WRITING COORDINATES TO DCD FILE NVT.dcd AT STEP 40860
WRITING COORDINATES TO DCD FILE NVT.dcd AT STEP 40870
WRITING COORDINATES TO DCD FILE NVT.dcd AT STEP 40880
WRITING COORDINATES TO DCD FILE NVT.dcd AT STEP 40890
WRITING COORDINATES TO DCD FILE NVT.dcd AT STEP 40900
WRITING COORDINATES TO DCD FILE NVT.dcd AT STEP 40910
WRITING COORDINATES TO DCD FILE NVT.dcd AT STEP 40920
WRITING COORDINATES TO DCD FILE NVT.dcd AT STEP 40930
WRITING COORDINATES TO DCD FILE NVT.dcd AT STEP 40940
WRITING COORDINATES TO DCD FILE NVT.dcd AT STEP 40950
WRITING COORDINATES TO DCD FILE NVT.dcd AT STEP 40960
WRITING COORDINATES TO DCD FILE NVT.dcd AT STEP 40970
WRITING COORDINATES TO DCD FILE NVT.dcd AT STEP 40980
WRITING COORDINATES TO DCD FILE NVT.dcd AT STEP 40990
PRESSURE: 41000 557.726 -113.221 26.9129 -113.221 -216.916 131.738 26.9129 131.738 293.806
GPRESSURE: 41000 533.621 -118.556 165.889 -144.827 -186.566 139.957 140.573 116.069 337.613
PRESSAVG: 41000 17.5016 63.9494 15.2663 63.9494 41.095 66.5206 15.2663 66.5206 58.5758
GPRESSAVG: 41000 17.1547 64.2319 14.8191 63.7484 41.3263 66.8134 16.5785 66.7624 59.0652
ENERGY:   41000      1578.7767      9042.5223      5621.3545        68.5619         -61278.4677     -1338.2834         0.0000         0.0000     18151.7392         -28153.7965       292.9655    -46305.5358    -28009.9404       293.0895            211.5385       228.2228    263726.8627        39.0574        39.1821

WRITING COORDINATES TO DCD FILE NVT.dcd AT STEP 41000
WRITING COORDINATES TO DCD FILE NVT.dcd AT STEP 41010
WRITING COORDINATES TO DCD FILE NVT.dcd AT STEP 41020
WRITING COORDINATES TO DCD FILE NVT.dcd AT STEP 41030
WRITING COORDINATES TO DCD FILE NVT.dcd AT STEP 41040
WRITING COORDINATES TO DCD FILE NVT.dcd AT STEP 41050
WRITING COORDINATES TO DCD FILE NVT.dcd AT STEP 41060
WRITING COORDINATES TO DCD FILE NVT.dcd AT STEP 41070
WRITING COORDINATES TO DCD FILE NVT.dcd AT STEP 41080
WRITING COORDINATES TO DCD FILE NVT.dcd AT STEP 41090
WRITING COORDINATES TO DCD FILE NVT.dcd AT STEP 41100
WRITING COORDINATES TO DCD FILE NVT.dcd AT STEP 41110
WRITING COORDINATES TO DCD FILE NVT.dcd AT STEP 41120
WRITING COORDINATES TO DCD FILE NVT.dcd AT STEP 41130
WRITING COORDINATES TO DCD FILE NVT.dcd AT STEP 41140
WRITING COORDINATES TO DCD FILE NVT.dcd AT STEP 41150
WRITING COORDINATES TO DCD FILE NVT.dcd AT STEP 41160
WRITING COORDINATES TO DCD FILE NVT.dcd AT STEP 41170
WRITING COORDINATES TO DCD FILE NVT.dcd AT STEP 41180
WRITING COORDINATES TO DCD FILE NVT.dcd AT STEP 41190
WRITING COORDINATES TO DCD FILE NVT.dcd AT STEP 41200
WRITING COORDINATES TO DCD FILE NVT.dcd AT STEP 41210
WRITING COORDINATES TO DCD FILE NVT.dcd AT STEP 41220
WRITING COORDINATES TO DCD FILE NVT.dcd AT STEP 41230
WRITING COORDINATES TO DCD FILE NVT.dcd AT STEP 41240
WRITING COORDINATES TO DCD FILE NVT.dcd AT STEP 41250
WRITING COORDINATES TO DCD FILE NVT.dcd AT STEP 41260
WRITING COORDINATES TO DCD FILE NVT.dcd AT STEP 41270
WRITING COORDINATES TO DCD FILE NVT.dcd AT STEP 41280
WRITING COORDINATES TO DCD FILE NVT.dcd AT STEP 41290
WRITING COORDINATES TO DCD FILE NVT.dcd AT STEP 41300
WRITING COORDINATES TO DCD FILE NVT.dcd AT STEP 41310
WRITING COORDINATES TO DCD FILE NVT.dcd AT STEP 41320
WRITING COORDINATES TO DCD FILE NVT.dcd AT STEP 41330
WRITING COORDINATES TO DCD FILE NVT.dcd AT STEP 41340
WRITING COORDINATES TO DCD FILE NVT.dcd AT STEP 41350
WRITING COORDINATES TO DCD FILE NVT.dcd AT STEP 41360
WRITING COORDINATES TO DCD FILE NVT.dcd AT STEP 41370
WRITING COORDINATES TO DCD FILE NVT.dcd AT STEP 41380
WRITING COORDINATES TO DCD FILE NVT.dcd AT STEP 41390
WRITING COORDINATES TO DCD FILE NVT.dcd AT STEP 41400
WRITING COORDINATES TO DCD FILE NVT.dcd AT STEP 41410
WRITING COORDINATES TO DCD FILE NVT.dcd AT STEP 41420
WRITING COORDINATES TO DCD FILE NVT.dcd AT STEP 41430
WRITING COORDINATES TO DCD FILE NVT.dcd AT STEP 41440
WRITING COORDINATES TO DCD FILE NVT.dcd AT STEP 41450
WRITING COORDINATES TO DCD FILE NVT.dcd AT STEP 41460
WRITING COORDINATES TO DCD FILE NVT.dcd AT STEP 41470
WRITING COORDINATES TO DCD FILE NVT.dcd AT STEP 41480
WRITING COORDINATES TO DCD FILE NVT.dcd AT STEP 41490
WRITING COORDINATES TO DCD FILE NVT.dcd AT STEP 41500
WRITING COORDINATES TO DCD FILE NVT.dcd AT STEP 41510
WRITING COORDINATES TO DCD FILE NVT.dcd AT STEP 41520
WRITING COORDINATES TO DCD FILE NVT.dcd AT STEP 41530
WRITING COORDINATES TO DCD FILE NVT.dcd AT STEP 41540
WRITING COORDINATES TO DCD FILE NVT.dcd AT STEP 41550
WRITING COORDINATES TO DCD FILE NVT.dcd AT STEP 41560
WRITING COORDINATES TO DCD FILE NVT.dcd AT STEP 41570
WRITING COORDINATES TO DCD FILE NVT.dcd AT STEP 41580
WRITING COORDINATES TO DCD FILE NVT.dcd AT STEP 41590
WRITING COORDINATES TO DCD FILE NVT.dcd AT STEP 41600
WRITING COORDINATES TO DCD FILE NVT.dcd AT STEP 41610
WRITING COORDINATES TO DCD FILE NVT.dcd AT STEP 41620
WRITING COORDINATES TO DCD FILE NVT.dcd AT STEP 41630
WRITING COORDINATES TO DCD FILE NVT.dcd AT STEP 41640
WRITING COORDINATES TO DCD FILE NVT.dcd AT STEP 41650
WRITING COORDINATES TO DCD FILE NVT.dcd AT STEP 41660
WRITING COORDINATES TO DCD FILE NVT.dcd AT STEP 41670
WRITING COORDINATES TO DCD FILE NVT.dcd AT STEP 41680
WRITING COORDINATES TO DCD FILE NVT.dcd AT STEP 41690
WRITING COORDINATES TO DCD FILE NVT.dcd AT STEP 41700
WRITING COORDINATES TO DCD FILE NVT.dcd AT STEP 41710
WRITING COORDINATES TO DCD FILE NVT.dcd AT STEP 41720
WRITING COORDINATES TO DCD FILE NVT.dcd AT STEP 41730
WRITING COORDINATES TO DCD FILE NVT.dcd AT STEP 41740
WRITING COORDINATES TO DCD FILE NVT.dcd AT STEP 41750
WRITING COORDINATES TO DCD FILE NVT.dcd AT STEP 41760
WRITING COORDINATES TO DCD FILE NVT.dcd AT STEP 41770
WRITING COORDINATES TO DCD FILE NVT.dcd AT STEP 41780
WRITING COORDINATES TO DCD FILE NVT.dcd AT STEP 41790
WRITING COORDINATES TO DCD FILE NVT.dcd AT STEP 41800
WRITING COORDINATES TO DCD FILE NVT.dcd AT STEP 41810
WRITING COORDINATES TO DCD FILE NVT.dcd AT STEP 41820
WRITING COORDINATES TO DCD FILE NVT.dcd AT STEP 41830
WRITING COORDINATES TO DCD FILE NVT.dcd AT STEP 41840
WRITING COORDINATES TO DCD FILE NVT.dcd AT STEP 41850
WRITING COORDINATES TO DCD FILE NVT.dcd AT STEP 41860
WRITING COORDINATES TO DCD FILE NVT.dcd AT STEP 41870
WRITING COORDINATES TO DCD FILE NVT.dcd AT STEP 41880
WRITING COORDINATES TO DCD FILE NVT.dcd AT STEP 41890
WRITING COORDINATES TO DCD FILE NVT.dcd AT STEP 41900
WRITING COORDINATES TO DCD FILE NVT.dcd AT STEP 41910
WRITING COORDINATES TO DCD FILE NVT.dcd AT STEP 41920
WRITING COORDINATES TO DCD FILE NVT.dcd AT STEP 41930
WRITING COORDINATES TO DCD FILE NVT.dcd AT STEP 41940
WRITING COORDINATES TO DCD FILE NVT.dcd AT STEP 41950
WRITING COORDINATES TO DCD FILE NVT.dcd AT STEP 41960
WRITING COORDINATES TO DCD FILE NVT.dcd AT STEP 41970
WRITING COORDINATES TO DCD FILE NVT.dcd AT STEP 41980
WRITING COORDINATES TO DCD FILE NVT.dcd AT STEP 41990
PRESSURE: 42000 213.22 177.27 135.45 177.27 326.34 -387.366 135.45 -387.366 881.714
GPRESSURE: 42000 210.335 106.159 477.064 510.816 412.937 -359.131 212.429 -322.017 854.376
PRESSAVG: 42000 27.6037 31.3948 13.4316 31.3948 109.308 -5.09252 13.4316 -5.09252 99.6132
GPRESSAVG: 42000 28.518 30.1663 13.4436 31.3087 108.456 -4.63287 13.5549 -5.39533 99.3715
ENERGY:   42000      1528.6048      8973.8326      5649.1222        73.2181         -61710.3034     -1176.3151         0.0000         0.0000     18105.7371         -28556.1038       292.2230    -46661.8409    -28411.2449       292.5566            473.7582       492.5494    263726.8627        78.8416        78.7819

WRITING COORDINATES TO DCD FILE NVT.dcd AT STEP 42000
WRITING COORDINATES TO DCD FILE NVT.dcd AT STEP 42010
WRITING COORDINATES TO DCD FILE NVT.dcd AT STEP 42020
WRITING COORDINATES TO DCD FILE NVT.dcd AT STEP 42030
WRITING COORDINATES TO DCD FILE NVT.dcd AT STEP 42040
WRITING COORDINATES TO DCD FILE NVT.dcd AT STEP 42050
WRITING COORDINATES TO DCD FILE NVT.dcd AT STEP 42060
WRITING COORDINATES TO DCD FILE NVT.dcd AT STEP 42070
WRITING COORDINATES TO DCD FILE NVT.dcd AT STEP 42080
WRITING COORDINATES TO DCD FILE NVT.dcd AT STEP 42090
WRITING COORDINATES TO DCD FILE NVT.dcd AT STEP 42100
WRITING COORDINATES TO DCD FILE NVT.dcd AT STEP 42110
WRITING COORDINATES TO DCD FILE NVT.dcd AT STEP 42120
WRITING COORDINATES TO DCD FILE NVT.dcd AT STEP 42130
WRITING COORDINATES TO DCD FILE NVT.dcd AT STEP 42140
LDB: ============= START OF LOAD BALANCING ============== 7071.93
LDB: ============== END OF LOAD BALANCING =============== 7071.93
LDB: =============== DONE WITH MIGRATION ================ 7071.93
WRITING COORDINATES TO DCD FILE NVT.dcd AT STEP 42150
WRITING COORDINATES TO DCD FILE NVT.dcd AT STEP 42160
WRITING COORDINATES TO DCD FILE NVT.dcd AT STEP 42170
WRITING COORDINATES TO DCD FILE NVT.dcd AT STEP 42180
WRITING COORDINATES TO DCD FILE NVT.dcd AT STEP 42190
LDB: ============= START OF LOAD BALANCING ============== 7080.28
LDB: ============== END OF LOAD BALANCING =============== 7080.28
LDB: =============== DONE WITH MIGRATION ================ 7080.28
WRITING COORDINATES TO DCD FILE NVT.dcd AT STEP 42200
WRITING COORDINATES TO DCD FILE NVT.dcd AT STEP 42210
WRITING COORDINATES TO DCD FILE NVT.dcd AT STEP 42220
WRITING COORDINATES TO DCD FILE NVT.dcd AT STEP 42230
WRITING COORDINATES TO DCD FILE NVT.dcd AT STEP 42240
WRITING COORDINATES TO DCD FILE NVT.dcd AT STEP 42250
WRITING COORDINATES TO DCD FILE NVT.dcd AT STEP 42260
WRITING COORDINATES TO DCD FILE NVT.dcd AT STEP 42270
WRITING COORDINATES TO DCD FILE NVT.dcd AT STEP 42280
WRITING COORDINATES TO DCD FILE NVT.dcd AT STEP 42290
WRITING COORDINATES TO DCD FILE NVT.dcd AT STEP 42300
WRITING COORDINATES TO DCD FILE NVT.dcd AT STEP 42310
WRITING COORDINATES TO DCD FILE NVT.dcd AT STEP 42320
WRITING COORDINATES TO DCD FILE NVT.dcd AT STEP 42330
WRITING COORDINATES TO DCD FILE NVT.dcd AT STEP 42340
WRITING COORDINATES TO DCD FILE NVT.dcd AT STEP 42350
WRITING COORDINATES TO DCD FILE NVT.dcd AT STEP 42360
WRITING COORDINATES TO DCD FILE NVT.dcd AT STEP 42370
WRITING COORDINATES TO DCD FILE NVT.dcd AT STEP 42380
WRITING COORDINATES TO DCD FILE NVT.dcd AT STEP 42390
WRITING COORDINATES TO DCD FILE NVT.dcd AT STEP 42400
WRITING COORDINATES TO DCD FILE NVT.dcd AT STEP 42410
WRITING COORDINATES TO DCD FILE NVT.dcd AT STEP 42420
WRITING COORDINATES TO DCD FILE NVT.dcd AT STEP 42430
WRITING COORDINATES TO DCD FILE NVT.dcd AT STEP 42440
WRITING COORDINATES TO DCD FILE NVT.dcd AT STEP 42450
WRITING COORDINATES TO DCD FILE NVT.dcd AT STEP 42460
WRITING COORDINATES TO DCD FILE NVT.dcd AT STEP 42470
WRITING COORDINATES TO DCD FILE NVT.dcd AT STEP 42480
WRITING COORDINATES TO DCD FILE NVT.dcd AT STEP 42490
WRITING COORDINATES TO DCD FILE NVT.dcd AT STEP 42500
WRITING COORDINATES TO DCD FILE NVT.dcd AT STEP 42510
WRITING COORDINATES TO DCD FILE NVT.dcd AT STEP 42520
WRITING COORDINATES TO DCD FILE NVT.dcd AT STEP 42530
WRITING COORDINATES TO DCD FILE NVT.dcd AT STEP 42540
WRITING COORDINATES TO DCD FILE NVT.dcd AT STEP 42550
WRITING COORDINATES TO DCD FILE NVT.dcd AT STEP 42560
WRITING COORDINATES TO DCD FILE NVT.dcd AT STEP 42570
WRITING COORDINATES TO DCD FILE NVT.dcd AT STEP 42580
WRITING COORDINATES TO DCD FILE NVT.dcd AT STEP 42590
WRITING COORDINATES TO DCD FILE NVT.dcd AT STEP 42600
WRITING COORDINATES TO DCD FILE NVT.dcd AT STEP 42610
WRITING COORDINATES TO DCD FILE NVT.dcd AT STEP 42620
WRITING COORDINATES TO DCD FILE NVT.dcd AT STEP 42630
WRITING COORDINATES TO DCD FILE NVT.dcd AT STEP 42640
WRITING COORDINATES TO DCD FILE NVT.dcd AT STEP 42650
WRITING COORDINATES TO DCD FILE NVT.dcd AT STEP 42660
WRITING COORDINATES TO DCD FILE NVT.dcd AT STEP 42670
WRITING COORDINATES TO DCD FILE NVT.dcd AT STEP 42680
WRITING COORDINATES TO DCD FILE NVT.dcd AT STEP 42690
WRITING COORDINATES TO DCD FILE NVT.dcd AT STEP 42700
WRITING COORDINATES TO DCD FILE NVT.dcd AT STEP 42710
WRITING COORDINATES TO DCD FILE NVT.dcd AT STEP 42720
WRITING COORDINATES TO DCD FILE NVT.dcd AT STEP 42730
WRITING COORDINATES TO DCD FILE NVT.dcd AT STEP 42740
WRITING COORDINATES TO DCD FILE NVT.dcd AT STEP 42750
WRITING COORDINATES TO DCD FILE NVT.dcd AT STEP 42760
WRITING COORDINATES TO DCD FILE NVT.dcd AT STEP 42770
WRITING COORDINATES TO DCD FILE NVT.dcd AT STEP 42780
WRITING COORDINATES TO DCD FILE NVT.dcd AT STEP 42790
WRITING COORDINATES TO DCD FILE NVT.dcd AT STEP 42800
WRITING COORDINATES TO DCD FILE NVT.dcd AT STEP 42810
WRITING COORDINATES TO DCD FILE NVT.dcd AT STEP 42820
WRITING COORDINATES TO DCD FILE NVT.dcd AT STEP 42830
WRITING COORDINATES TO DCD FILE NVT.dcd AT STEP 42840
WRITING COORDINATES TO DCD FILE NVT.dcd AT STEP 42850
WRITING COORDINATES TO DCD FILE NVT.dcd AT STEP 42860
WRITING COORDINATES TO DCD FILE NVT.dcd AT STEP 42870
WRITING COORDINATES TO DCD FILE NVT.dcd AT STEP 42880
WRITING COORDINATES TO DCD FILE NVT.dcd AT STEP 42890
WRITING COORDINATES TO DCD FILE NVT.dcd AT STEP 42900
WRITING COORDINATES TO DCD FILE NVT.dcd AT STEP 42910
WRITING COORDINATES TO DCD FILE NVT.dcd AT STEP 42920
WRITING COORDINATES TO DCD FILE NVT.dcd AT STEP 42930
WRITING COORDINATES TO DCD FILE NVT.dcd AT STEP 42940
WRITING COORDINATES TO DCD FILE NVT.dcd AT STEP 42950
WRITING COORDINATES TO DCD FILE NVT.dcd AT STEP 42960
WRITING COORDINATES TO DCD FILE NVT.dcd AT STEP 42970
WRITING COORDINATES TO DCD FILE NVT.dcd AT STEP 42980
WRITING COORDINATES TO DCD FILE NVT.dcd AT STEP 42990
PRESSURE: 43000 -92.1704 371.456 248.379 371.456 -59.3835 -434.574 248.379 -434.574 -42.9539
GPRESSURE: 43000 -114.948 480.724 262.274 257.351 -9.09288 -300.572 199.457 -361.393 4.93917
PRESSAVG: 43000 55.772 44.4442 24.1594 44.4442 82.7027 13.4702 24.1594 13.4702 114.067
GPRESSAVG: 43000 55.3068 44.4835 24.1412 44.113 83.2248 13.4968 23.7481 13.0461 114.162
ENERGY:   43000      1510.7365      8893.7765      5660.9655        70.1451         -61165.3034     -1386.8152         0.0000         0.0000     18259.3628         -28157.1322       294.7025    -46416.4950    -28009.7406       292.4812            -64.8359       -39.7007    263726.8627        84.1805        84.2311

WRITING COORDINATES TO DCD FILE NVT.dcd AT STEP 43000
WRITING COORDINATES TO DCD FILE NVT.dcd AT STEP 43010
WRITING COORDINATES TO DCD FILE NVT.dcd AT STEP 43020
WRITING COORDINATES TO DCD FILE NVT.dcd AT STEP 43030
WRITING COORDINATES TO DCD FILE NVT.dcd AT STEP 43040
WRITING COORDINATES TO DCD FILE NVT.dcd AT STEP 43050
WRITING COORDINATES TO DCD FILE NVT.dcd AT STEP 43060
WRITING COORDINATES TO DCD FILE NVT.dcd AT STEP 43070
WRITING COORDINATES TO DCD FILE NVT.dcd AT STEP 43080
WRITING COORDINATES TO DCD FILE NVT.dcd AT STEP 43090
WRITING COORDINATES TO DCD FILE NVT.dcd AT STEP 43100
WRITING COORDINATES TO DCD FILE NVT.dcd AT STEP 43110
WRITING COORDINATES TO DCD FILE NVT.dcd AT STEP 43120
WRITING COORDINATES TO DCD FILE NVT.dcd AT STEP 43130
WRITING COORDINATES TO DCD FILE NVT.dcd AT STEP 43140
WRITING COORDINATES TO DCD FILE NVT.dcd AT STEP 43150
WRITING COORDINATES TO DCD FILE NVT.dcd AT STEP 43160
WRITING COORDINATES TO DCD FILE NVT.dcd AT STEP 43170
WRITING COORDINATES TO DCD FILE NVT.dcd AT STEP 43180
WRITING COORDINATES TO DCD FILE NVT.dcd AT STEP 43190
WRITING COORDINATES TO DCD FILE NVT.dcd AT STEP 43200
WRITING COORDINATES TO DCD FILE NVT.dcd AT STEP 43210
WRITING COORDINATES TO DCD FILE NVT.dcd AT STEP 43220
WRITING COORDINATES TO DCD FILE NVT.dcd AT STEP 43230
WRITING COORDINATES TO DCD FILE NVT.dcd AT STEP 43240
WRITING COORDINATES TO DCD FILE NVT.dcd AT STEP 43250
WRITING COORDINATES TO DCD FILE NVT.dcd AT STEP 43260
WRITING COORDINATES TO DCD FILE NVT.dcd AT STEP 43270
WRITING COORDINATES TO DCD FILE NVT.dcd AT STEP 43280
WRITING COORDINATES TO DCD FILE NVT.dcd AT STEP 43290
WRITING COORDINATES TO DCD FILE NVT.dcd AT STEP 43300
WRITING COORDINATES TO DCD FILE NVT.dcd AT STEP 43310
WRITING COORDINATES TO DCD FILE NVT.dcd AT STEP 43320
WRITING COORDINATES TO DCD FILE NVT.dcd AT STEP 43330
WRITING COORDINATES TO DCD FILE NVT.dcd AT STEP 43340
WRITING COORDINATES TO DCD FILE NVT.dcd AT STEP 43350
WRITING COORDINATES TO DCD FILE NVT.dcd AT STEP 43360
WRITING COORDINATES TO DCD FILE NVT.dcd AT STEP 43370
WRITING COORDINATES TO DCD FILE NVT.dcd AT STEP 43380
WRITING COORDINATES TO DCD FILE NVT.dcd AT STEP 43390
WRITING COORDINATES TO DCD FILE NVT.dcd AT STEP 43400
WRITING COORDINATES TO DCD FILE NVT.dcd AT STEP 43410
WRITING COORDINATES TO DCD FILE NVT.dcd AT STEP 43420
WRITING COORDINATES TO DCD FILE NVT.dcd AT STEP 43430
WRITING COORDINATES TO DCD FILE NVT.dcd AT STEP 43440
WRITING COORDINATES TO DCD FILE NVT.dcd AT STEP 43450
WRITING COORDINATES TO DCD FILE NVT.dcd AT STEP 43460
WRITING COORDINATES TO DCD FILE NVT.dcd AT STEP 43470
WRITING COORDINATES TO DCD FILE NVT.dcd AT STEP 43480
WRITING COORDINATES TO DCD FILE NVT.dcd AT STEP 43490
WRITING COORDINATES TO DCD FILE NVT.dcd AT STEP 43500
WRITING COORDINATES TO DCD FILE NVT.dcd AT STEP 43510
WRITING COORDINATES TO DCD FILE NVT.dcd AT STEP 43520
WRITING COORDINATES TO DCD FILE NVT.dcd AT STEP 43530
WRITING COORDINATES TO DCD FILE NVT.dcd AT STEP 43540
WRITING COORDINATES TO DCD FILE NVT.dcd AT STEP 43550
WRITING COORDINATES TO DCD FILE NVT.dcd AT STEP 43560
WRITING COORDINATES TO DCD FILE NVT.dcd AT STEP 43570
WRITING COORDINATES TO DCD FILE NVT.dcd AT STEP 43580
WRITING COORDINATES TO DCD FILE NVT.dcd AT STEP 43590
WRITING COORDINATES TO DCD FILE NVT.dcd AT STEP 43600
WRITING COORDINATES TO DCD FILE NVT.dcd AT STEP 43610
WRITING COORDINATES TO DCD FILE NVT.dcd AT STEP 43620
WRITING COORDINATES TO DCD FILE NVT.dcd AT STEP 43630
WRITING COORDINATES TO DCD FILE NVT.dcd AT STEP 43640
WRITING COORDINATES TO DCD FILE NVT.dcd AT STEP 43650
WRITING COORDINATES TO DCD FILE NVT.dcd AT STEP 43660
WRITING COORDINATES TO DCD FILE NVT.dcd AT STEP 43670
WRITING COORDINATES TO DCD FILE NVT.dcd AT STEP 43680
WRITING COORDINATES TO DCD FILE NVT.dcd AT STEP 43690
WRITING COORDINATES TO DCD FILE NVT.dcd AT STEP 43700
WRITING COORDINATES TO DCD FILE NVT.dcd AT STEP 43710
WRITING COORDINATES TO DCD FILE NVT.dcd AT STEP 43720
WRITING COORDINATES TO DCD FILE NVT.dcd AT STEP 43730
WRITING COORDINATES TO DCD FILE NVT.dcd AT STEP 43740
WRITING COORDINATES TO DCD FILE NVT.dcd AT STEP 43750
WRITING COORDINATES TO DCD FILE NVT.dcd AT STEP 43760
WRITING COORDINATES TO DCD FILE NVT.dcd AT STEP 43770
WRITING COORDINATES TO DCD FILE NVT.dcd AT STEP 43780
WRITING COORDINATES TO DCD FILE NVT.dcd AT STEP 43790
WRITING COORDINATES TO DCD FILE NVT.dcd AT STEP 43800
WRITING COORDINATES TO DCD FILE NVT.dcd AT STEP 43810
WRITING COORDINATES TO DCD FILE NVT.dcd AT STEP 43820
WRITING COORDINATES TO DCD FILE NVT.dcd AT STEP 43830
WRITING COORDINATES TO DCD FILE NVT.dcd AT STEP 43840
WRITING COORDINATES TO DCD FILE NVT.dcd AT STEP 43850
WRITING COORDINATES TO DCD FILE NVT.dcd AT STEP 43860
WRITING COORDINATES TO DCD FILE NVT.dcd AT STEP 43870
WRITING COORDINATES TO DCD FILE NVT.dcd AT STEP 43880
WRITING COORDINATES TO DCD FILE NVT.dcd AT STEP 43890
WRITING COORDINATES TO DCD FILE NVT.dcd AT STEP 43900
WRITING COORDINATES TO DCD FILE NVT.dcd AT STEP 43910
WRITING COORDINATES TO DCD FILE NVT.dcd AT STEP 43920
WRITING COORDINATES TO DCD FILE NVT.dcd AT STEP 43930
WRITING COORDINATES TO DCD FILE NVT.dcd AT STEP 43940
WRITING COORDINATES TO DCD FILE NVT.dcd AT STEP 43950
WRITING COORDINATES TO DCD FILE NVT.dcd AT STEP 43960
WRITING COORDINATES TO DCD FILE NVT.dcd AT STEP 43970
WRITING COORDINATES TO DCD FILE NVT.dcd AT STEP 43980
WRITING COORDINATES TO DCD FILE NVT.dcd AT STEP 43990
PRESSURE: 44000 421.119 -211.287 -111.737 -211.287 116.457 -56.3055 -111.737 -56.3055 201.369
GPRESSURE: 44000 359.725 29.9331 54.6153 -13.5072 143.274 -283.291 -180.286 110.49 249.889
PRESSAVG: 44000 89.9278 41.6185 -22.3942 41.6185 4.8759 8.26524 -22.3942 8.26524 63.9683
GPRESSAVG: 44000 89.8514 41.2983 -22.9319 41.6183 4.61318 8.04721 -22.4929 9.07443 64.3795
ENERGY:   44000      1512.0672      9062.1165      5672.4462        70.4804         -61412.8067     -1300.0349         0.0000         0.0000     18155.0848         -28240.6466       293.0195    -46395.7314    -28097.5608       293.4680            246.3148       250.9627    263726.8627        52.9240        52.9480

WRITING COORDINATES TO DCD FILE NVT.dcd AT STEP 44000
WRITING COORDINATES TO DCD FILE NVT.dcd AT STEP 44010
WRITING COORDINATES TO DCD FILE NVT.dcd AT STEP 44020
WRITING COORDINATES TO DCD FILE NVT.dcd AT STEP 44030
WRITING COORDINATES TO DCD FILE NVT.dcd AT STEP 44040
WRITING COORDINATES TO DCD FILE NVT.dcd AT STEP 44050
WRITING COORDINATES TO DCD FILE NVT.dcd AT STEP 44060
WRITING COORDINATES TO DCD FILE NVT.dcd AT STEP 44070
WRITING COORDINATES TO DCD FILE NVT.dcd AT STEP 44080
WRITING COORDINATES TO DCD FILE NVT.dcd AT STEP 44090
WRITING COORDINATES TO DCD FILE NVT.dcd AT STEP 44100
WRITING COORDINATES TO DCD FILE NVT.dcd AT STEP 44110
WRITING COORDINATES TO DCD FILE NVT.dcd AT STEP 44120
WRITING COORDINATES TO DCD FILE NVT.dcd AT STEP 44130
WRITING COORDINATES TO DCD FILE NVT.dcd AT STEP 44140
LDB: ============= START OF LOAD BALANCING ============== 7406.11
LDB: ============== END OF LOAD BALANCING =============== 7406.11
LDB: =============== DONE WITH MIGRATION ================ 7406.11
WRITING COORDINATES TO DCD FILE NVT.dcd AT STEP 44150
WRITING COORDINATES TO DCD FILE NVT.dcd AT STEP 44160
WRITING COORDINATES TO DCD FILE NVT.dcd AT STEP 44170
WRITING COORDINATES TO DCD FILE NVT.dcd AT STEP 44180
WRITING COORDINATES TO DCD FILE NVT.dcd AT STEP 44190
LDB: ============= START OF LOAD BALANCING ============== 7414.45
LDB: ============== END OF LOAD BALANCING =============== 7414.45
LDB: =============== DONE WITH MIGRATION ================ 7414.45
WRITING COORDINATES TO DCD FILE NVT.dcd AT STEP 44200
WRITING COORDINATES TO DCD FILE NVT.dcd AT STEP 44210
WRITING COORDINATES TO DCD FILE NVT.dcd AT STEP 44220
WRITING COORDINATES TO DCD FILE NVT.dcd AT STEP 44230
WRITING COORDINATES TO DCD FILE NVT.dcd AT STEP 44240
WRITING COORDINATES TO DCD FILE NVT.dcd AT STEP 44250
WRITING COORDINATES TO DCD FILE NVT.dcd AT STEP 44260
WRITING COORDINATES TO DCD FILE NVT.dcd AT STEP 44270
WRITING COORDINATES TO DCD FILE NVT.dcd AT STEP 44280
WRITING COORDINATES TO DCD FILE NVT.dcd AT STEP 44290
WRITING COORDINATES TO DCD FILE NVT.dcd AT STEP 44300
WRITING COORDINATES TO DCD FILE NVT.dcd AT STEP 44310
WRITING COORDINATES TO DCD FILE NVT.dcd AT STEP 44320
WRITING COORDINATES TO DCD FILE NVT.dcd AT STEP 44330
WRITING COORDINATES TO DCD FILE NVT.dcd AT STEP 44340
WRITING COORDINATES TO DCD FILE NVT.dcd AT STEP 44350
WRITING COORDINATES TO DCD FILE NVT.dcd AT STEP 44360
WRITING COORDINATES TO DCD FILE NVT.dcd AT STEP 44370
WRITING COORDINATES TO DCD FILE NVT.dcd AT STEP 44380
WRITING COORDINATES TO DCD FILE NVT.dcd AT STEP 44390
WRITING COORDINATES TO DCD FILE NVT.dcd AT STEP 44400
WRITING COORDINATES TO DCD FILE NVT.dcd AT STEP 44410
WRITING COORDINATES TO DCD FILE NVT.dcd AT STEP 44420
WRITING COORDINATES TO DCD FILE NVT.dcd AT STEP 44430
WRITING COORDINATES TO DCD FILE NVT.dcd AT STEP 44440
WRITING COORDINATES TO DCD FILE NVT.dcd AT STEP 44450
WRITING COORDINATES TO DCD FILE NVT.dcd AT STEP 44460
WRITING COORDINATES TO DCD FILE NVT.dcd AT STEP 44470
WRITING COORDINATES TO DCD FILE NVT.dcd AT STEP 44480
WRITING COORDINATES TO DCD FILE NVT.dcd AT STEP 44490
WRITING COORDINATES TO DCD FILE NVT.dcd AT STEP 44500
WRITING COORDINATES TO DCD FILE NVT.dcd AT STEP 44510
WRITING COORDINATES TO DCD FILE NVT.dcd AT STEP 44520
WRITING COORDINATES TO DCD FILE NVT.dcd AT STEP 44530
WRITING COORDINATES TO DCD FILE NVT.dcd AT STEP 44540
WRITING COORDINATES TO DCD FILE NVT.dcd AT STEP 44550
WRITING COORDINATES TO DCD FILE NVT.dcd AT STEP 44560
WRITING COORDINATES TO DCD FILE NVT.dcd AT STEP 44570
WRITING COORDINATES TO DCD FILE NVT.dcd AT STEP 44580
WRITING COORDINATES TO DCD FILE NVT.dcd AT STEP 44590
WRITING COORDINATES TO DCD FILE NVT.dcd AT STEP 44600
WRITING COORDINATES TO DCD FILE NVT.dcd AT STEP 44610
WRITING COORDINATES TO DCD FILE NVT.dcd AT STEP 44620
WRITING COORDINATES TO DCD FILE NVT.dcd AT STEP 44630
WRITING COORDINATES TO DCD FILE NVT.dcd AT STEP 44640
WRITING COORDINATES TO DCD FILE NVT.dcd AT STEP 44650
WRITING COORDINATES TO DCD FILE NVT.dcd AT STEP 44660
WRITING COORDINATES TO DCD FILE NVT.dcd AT STEP 44670
WRITING COORDINATES TO DCD FILE NVT.dcd AT STEP 44680
WRITING COORDINATES TO DCD FILE NVT.dcd AT STEP 44690
WRITING COORDINATES TO DCD FILE NVT.dcd AT STEP 44700
WRITING COORDINATES TO DCD FILE NVT.dcd AT STEP 44710
WRITING COORDINATES TO DCD FILE NVT.dcd AT STEP 44720
WRITING COORDINATES TO DCD FILE NVT.dcd AT STEP 44730
WRITING COORDINATES TO DCD FILE NVT.dcd AT STEP 44740
WRITING COORDINATES TO DCD FILE NVT.dcd AT STEP 44750
WRITING COORDINATES TO DCD FILE NVT.dcd AT STEP 44760
WRITING COORDINATES TO DCD FILE NVT.dcd AT STEP 44770
WRITING COORDINATES TO DCD FILE NVT.dcd AT STEP 44780
WRITING COORDINATES TO DCD FILE NVT.dcd AT STEP 44790
WRITING COORDINATES TO DCD FILE NVT.dcd AT STEP 44800
WRITING COORDINATES TO DCD FILE NVT.dcd AT STEP 44810
WRITING COORDINATES TO DCD FILE NVT.dcd AT STEP 44820
WRITING COORDINATES TO DCD FILE NVT.dcd AT STEP 44830
WRITING COORDINATES TO DCD FILE NVT.dcd AT STEP 44840
WRITING COORDINATES TO DCD FILE NVT.dcd AT STEP 44850
WRITING COORDINATES TO DCD FILE NVT.dcd AT STEP 44860
WRITING COORDINATES TO DCD FILE NVT.dcd AT STEP 44870
WRITING COORDINATES TO DCD FILE NVT.dcd AT STEP 44880
WRITING COORDINATES TO DCD FILE NVT.dcd AT STEP 44890
WRITING COORDINATES TO DCD FILE NVT.dcd AT STEP 44900
WRITING COORDINATES TO DCD FILE NVT.dcd AT STEP 44910
WRITING COORDINATES TO DCD FILE NVT.dcd AT STEP 44920
WRITING COORDINATES TO DCD FILE NVT.dcd AT STEP 44930
WRITING COORDINATES TO DCD FILE NVT.dcd AT STEP 44940
WRITING COORDINATES TO DCD FILE NVT.dcd AT STEP 44950
WRITING COORDINATES TO DCD FILE NVT.dcd AT STEP 44960
WRITING COORDINATES TO DCD FILE NVT.dcd AT STEP 44970
WRITING COORDINATES TO DCD FILE NVT.dcd AT STEP 44980
WRITING COORDINATES TO DCD FILE NVT.dcd AT STEP 44990
PRESSURE: 45000 -82.2396 399.21 353.437 399.21 -481.443 242.785 353.437 242.785 -320.065
GPRESSURE: 45000 36.1126 491.088 77.5433 297.23 -482.167 246.698 213.753 411.267 -398.827
PRESSAVG: 45000 76.5452 -7.10569 22.5662 -7.10569 21.3179 2.5246 22.5662 2.5246 58.7097
GPRESSAVG: 45000 76.7942 -6.96517 22.557 -6.52963 21.2045 1.827 22.3629 1.99687 58.697
ENERGY:   45000      1543.9638      9077.3428      5682.2967        63.2419         -61436.3002     -1311.8070         0.0000         0.0000     18233.6681         -28147.5940       294.2878    -46381.2621    -28004.8332       293.0025           -294.5822      -281.6273    263726.8627        52.1909        52.2319

WRITING EXTENDED SYSTEM TO RESTART FILE AT STEP 45000
WRITING COORDINATES TO DCD FILE NVT.dcd AT STEP 45000
WRITING COORDINATES TO RESTART FILE AT STEP 45000
FINISHED WRITING RESTART COORDINATES
WRITING VELOCITIES TO RESTART FILE AT STEP 45000
FINISHED WRITING RESTART VELOCITIES
WRITING COORDINATES TO DCD FILE NVT.dcd AT STEP 45010
WRITING COORDINATES TO DCD FILE NVT.dcd AT STEP 45020
WRITING COORDINATES TO DCD FILE NVT.dcd AT STEP 45030
WRITING COORDINATES TO DCD FILE NVT.dcd AT STEP 45040
WRITING COORDINATES TO DCD FILE NVT.dcd AT STEP 45050
WRITING COORDINATES TO DCD FILE NVT.dcd AT STEP 45060
WRITING COORDINATES TO DCD FILE NVT.dcd AT STEP 45070
WRITING COORDINATES TO DCD FILE NVT.dcd AT STEP 45080
WRITING COORDINATES TO DCD FILE NVT.dcd AT STEP 45090
WRITING COORDINATES TO DCD FILE NVT.dcd AT STEP 45100
WRITING COORDINATES TO DCD FILE NVT.dcd AT STEP 45110
WRITING COORDINATES TO DCD FILE NVT.dcd AT STEP 45120
WRITING COORDINATES TO DCD FILE NVT.dcd AT STEP 45130
WRITING COORDINATES TO DCD FILE NVT.dcd AT STEP 45140
WRITING COORDINATES TO DCD FILE NVT.dcd AT STEP 45150
WRITING COORDINATES TO DCD FILE NVT.dcd AT STEP 45160
WRITING COORDINATES TO DCD FILE NVT.dcd AT STEP 45170
WRITING COORDINATES TO DCD FILE NVT.dcd AT STEP 45180
WRITING COORDINATES TO DCD FILE NVT.dcd AT STEP 45190
WRITING COORDINATES TO DCD FILE NVT.dcd AT STEP 45200
WRITING COORDINATES TO DCD FILE NVT.dcd AT STEP 45210
WRITING COORDINATES TO DCD FILE NVT.dcd AT STEP 45220
WRITING COORDINATES TO DCD FILE NVT.dcd AT STEP 45230
WRITING COORDINATES TO DCD FILE NVT.dcd AT STEP 45240
WRITING COORDINATES TO DCD FILE NVT.dcd AT STEP 45250
WRITING COORDINATES TO DCD FILE NVT.dcd AT STEP 45260
WRITING COORDINATES TO DCD FILE NVT.dcd AT STEP 45270
WRITING COORDINATES TO DCD FILE NVT.dcd AT STEP 45280
WRITING COORDINATES TO DCD FILE NVT.dcd AT STEP 45290
WRITING COORDINATES TO DCD FILE NVT.dcd AT STEP 45300
WRITING COORDINATES TO DCD FILE NVT.dcd AT STEP 45310
WRITING COORDINATES TO DCD FILE NVT.dcd AT STEP 45320
WRITING COORDINATES TO DCD FILE NVT.dcd AT STEP 45330
WRITING COORDINATES TO DCD FILE NVT.dcd AT STEP 45340
WRITING COORDINATES TO DCD FILE NVT.dcd AT STEP 45350
WRITING COORDINATES TO DCD FILE NVT.dcd AT STEP 45360
WRITING COORDINATES TO DCD FILE NVT.dcd AT STEP 45370
WRITING COORDINATES TO DCD FILE NVT.dcd AT STEP 45380
WRITING COORDINATES TO DCD FILE NVT.dcd AT STEP 45390
WRITING COORDINATES TO DCD FILE NVT.dcd AT STEP 45400
WRITING COORDINATES TO DCD FILE NVT.dcd AT STEP 45410
WRITING COORDINATES TO DCD FILE NVT.dcd AT STEP 45420
WRITING COORDINATES TO DCD FILE NVT.dcd AT STEP 45430
WRITING COORDINATES TO DCD FILE NVT.dcd AT STEP 45440
WRITING COORDINATES TO DCD FILE NVT.dcd AT STEP 45450
WRITING COORDINATES TO DCD FILE NVT.dcd AT STEP 45460
WRITING COORDINATES TO DCD FILE NVT.dcd AT STEP 45470
WRITING COORDINATES TO DCD FILE NVT.dcd AT STEP 45480
WRITING COORDINATES TO DCD FILE NVT.dcd AT STEP 45490
WRITING COORDINATES TO DCD FILE NVT.dcd AT STEP 45500
WRITING COORDINATES TO DCD FILE NVT.dcd AT STEP 45510
WRITING COORDINATES TO DCD FILE NVT.dcd AT STEP 45520
WRITING COORDINATES TO DCD FILE NVT.dcd AT STEP 45530
WRITING COORDINATES TO DCD FILE NVT.dcd AT STEP 45540
WRITING COORDINATES TO DCD FILE NVT.dcd AT STEP 45550
WRITING COORDINATES TO DCD FILE NVT.dcd AT STEP 45560
WRITING COORDINATES TO DCD FILE NVT.dcd AT STEP 45570
WRITING COORDINATES TO DCD FILE NVT.dcd AT STEP 45580
WRITING COORDINATES TO DCD FILE NVT.dcd AT STEP 45590
WRITING COORDINATES TO DCD FILE NVT.dcd AT STEP 45600
WRITING COORDINATES TO DCD FILE NVT.dcd AT STEP 45610
WRITING COORDINATES TO DCD FILE NVT.dcd AT STEP 45620
WRITING COORDINATES TO DCD FILE NVT.dcd AT STEP 45630
WRITING COORDINATES TO DCD FILE NVT.dcd AT STEP 45640
WRITING COORDINATES TO DCD FILE NVT.dcd AT STEP 45650
WRITING COORDINATES TO DCD FILE NVT.dcd AT STEP 45660
WRITING COORDINATES TO DCD FILE NVT.dcd AT STEP 45670
WRITING COORDINATES TO DCD FILE NVT.dcd AT STEP 45680
WRITING COORDINATES TO DCD FILE NVT.dcd AT STEP 45690
WRITING COORDINATES TO DCD FILE NVT.dcd AT STEP 45700
WRITING COORDINATES TO DCD FILE NVT.dcd AT STEP 45710
WRITING COORDINATES TO DCD FILE NVT.dcd AT STEP 45720
WRITING COORDINATES TO DCD FILE NVT.dcd AT STEP 45730
WRITING COORDINATES TO DCD FILE NVT.dcd AT STEP 45740
WRITING COORDINATES TO DCD FILE NVT.dcd AT STEP 45750
WRITING COORDINATES TO DCD FILE NVT.dcd AT STEP 45760
WRITING COORDINATES TO DCD FILE NVT.dcd AT STEP 45770
WRITING COORDINATES TO DCD FILE NVT.dcd AT STEP 45780
WRITING COORDINATES TO DCD FILE NVT.dcd AT STEP 45790
WRITING COORDINATES TO DCD FILE NVT.dcd AT STEP 45800
WRITING COORDINATES TO DCD FILE NVT.dcd AT STEP 45810
WRITING COORDINATES TO DCD FILE NVT.dcd AT STEP 45820
WRITING COORDINATES TO DCD FILE NVT.dcd AT STEP 45830
WRITING COORDINATES TO DCD FILE NVT.dcd AT STEP 45840
WRITING COORDINATES TO DCD FILE NVT.dcd AT STEP 45850
WRITING COORDINATES TO DCD FILE NVT.dcd AT STEP 45860
WRITING COORDINATES TO DCD FILE NVT.dcd AT STEP 45870
WRITING COORDINATES TO DCD FILE NVT.dcd AT STEP 45880
WRITING COORDINATES TO DCD FILE NVT.dcd AT STEP 45890
WRITING COORDINATES TO DCD FILE NVT.dcd AT STEP 45900
WRITING COORDINATES TO DCD FILE NVT.dcd AT STEP 45910
WRITING COORDINATES TO DCD FILE NVT.dcd AT STEP 45920
WRITING COORDINATES TO DCD FILE NVT.dcd AT STEP 45930
WRITING COORDINATES TO DCD FILE NVT.dcd AT STEP 45940
WRITING COORDINATES TO DCD FILE NVT.dcd AT STEP 45950
WRITING COORDINATES TO DCD FILE NVT.dcd AT STEP 45960
WRITING COORDINATES TO DCD FILE NVT.dcd AT STEP 45970
WRITING COORDINATES TO DCD FILE NVT.dcd AT STEP 45980
WRITING COORDINATES TO DCD FILE NVT.dcd AT STEP 45990
PRESSURE: 46000 -406.534 -138.972 281.373 -138.972 -570.089 124.548 281.373 124.548 -318.081
GPRESSURE: 46000 -538.659 -287.956 249.491 -127.315 -488.485 118.875 96.5935 337.163 -228.659
PRESSAVG: 46000 27.6061 -41.2554 10.3435 -41.2554 48.3093 9.34276 10.3435 9.34276 50.2553
GPRESSAVG: 46000 27.5899 -41.5825 10.6724 -41.2156 48.0928 9.12613 10.8306 9.78954 50.3622
ENERGY:   46000      1501.7105      8907.5875      5681.2192        71.5345         -61250.5386     -1416.3449         0.0000         0.0000     18145.0311         -28359.8005       292.8572    -46504.8316    -28213.1563       293.4734           -431.5678      -418.6009    263726.8627        42.0569        42.0150

WRITING COORDINATES TO DCD FILE NVT.dcd AT STEP 46000
WRITING COORDINATES TO DCD FILE NVT.dcd AT STEP 46010
WRITING COORDINATES TO DCD FILE NVT.dcd AT STEP 46020
WRITING COORDINATES TO DCD FILE NVT.dcd AT STEP 46030
WRITING COORDINATES TO DCD FILE NVT.dcd AT STEP 46040
WRITING COORDINATES TO DCD FILE NVT.dcd AT STEP 46050
WRITING COORDINATES TO DCD FILE NVT.dcd AT STEP 46060
WRITING COORDINATES TO DCD FILE NVT.dcd AT STEP 46070
WRITING COORDINATES TO DCD FILE NVT.dcd AT STEP 46080
WRITING COORDINATES TO DCD FILE NVT.dcd AT STEP 46090
WRITING COORDINATES TO DCD FILE NVT.dcd AT STEP 46100
WRITING COORDINATES TO DCD FILE NVT.dcd AT STEP 46110
WRITING COORDINATES TO DCD FILE NVT.dcd AT STEP 46120
WRITING COORDINATES TO DCD FILE NVT.dcd AT STEP 46130
WRITING COORDINATES TO DCD FILE NVT.dcd AT STEP 46140
LDB: ============= START OF LOAD BALANCING ============== 7740.42
LDB: ============== END OF LOAD BALANCING =============== 7740.42
LDB: =============== DONE WITH MIGRATION ================ 7740.42
WRITING COORDINATES TO DCD FILE NVT.dcd AT STEP 46150
WRITING COORDINATES TO DCD FILE NVT.dcd AT STEP 46160
WRITING COORDINATES TO DCD FILE NVT.dcd AT STEP 46170
WRITING COORDINATES TO DCD FILE NVT.dcd AT STEP 46180
WRITING COORDINATES TO DCD FILE NVT.dcd AT STEP 46190
LDB: ============= START OF LOAD BALANCING ============== 7748.78
LDB: ============== END OF LOAD BALANCING =============== 7748.78
LDB: =============== DONE WITH MIGRATION ================ 7748.78
WRITING COORDINATES TO DCD FILE NVT.dcd AT STEP 46200
WRITING COORDINATES TO DCD FILE NVT.dcd AT STEP 46210
WRITING COORDINATES TO DCD FILE NVT.dcd AT STEP 46220
WRITING COORDINATES TO DCD FILE NVT.dcd AT STEP 46230
WRITING COORDINATES TO DCD FILE NVT.dcd AT STEP 46240
WRITING COORDINATES TO DCD FILE NVT.dcd AT STEP 46250
WRITING COORDINATES TO DCD FILE NVT.dcd AT STEP 46260
WRITING COORDINATES TO DCD FILE NVT.dcd AT STEP 46270
WRITING COORDINATES TO DCD FILE NVT.dcd AT STEP 46280
WRITING COORDINATES TO DCD FILE NVT.dcd AT STEP 46290
WRITING COORDINATES TO DCD FILE NVT.dcd AT STEP 46300
WRITING COORDINATES TO DCD FILE NVT.dcd AT STEP 46310
WRITING COORDINATES TO DCD FILE NVT.dcd AT STEP 46320
WRITING COORDINATES TO DCD FILE NVT.dcd AT STEP 46330
WRITING COORDINATES TO DCD FILE NVT.dcd AT STEP 46340
WRITING COORDINATES TO DCD FILE NVT.dcd AT STEP 46350
WRITING COORDINATES TO DCD FILE NVT.dcd AT STEP 46360
WRITING COORDINATES TO DCD FILE NVT.dcd AT STEP 46370
WRITING COORDINATES TO DCD FILE NVT.dcd AT STEP 46380
WRITING COORDINATES TO DCD FILE NVT.dcd AT STEP 46390
WRITING COORDINATES TO DCD FILE NVT.dcd AT STEP 46400
WRITING COORDINATES TO DCD FILE NVT.dcd AT STEP 46410
WRITING COORDINATES TO DCD FILE NVT.dcd AT STEP 46420
WRITING COORDINATES TO DCD FILE NVT.dcd AT STEP 46430
WRITING COORDINATES TO DCD FILE NVT.dcd AT STEP 46440
WRITING COORDINATES TO DCD FILE NVT.dcd AT STEP 46450
WRITING COORDINATES TO DCD FILE NVT.dcd AT STEP 46460
WRITING COORDINATES TO DCD FILE NVT.dcd AT STEP 46470
WRITING COORDINATES TO DCD FILE NVT.dcd AT STEP 46480
WRITING COORDINATES TO DCD FILE NVT.dcd AT STEP 46490
WRITING COORDINATES TO DCD FILE NVT.dcd AT STEP 46500
WRITING COORDINATES TO DCD FILE NVT.dcd AT STEP 46510
WRITING COORDINATES TO DCD FILE NVT.dcd AT STEP 46520
WRITING COORDINATES TO DCD FILE NVT.dcd AT STEP 46530
WRITING COORDINATES TO DCD FILE NVT.dcd AT STEP 46540
WRITING COORDINATES TO DCD FILE NVT.dcd AT STEP 46550
WRITING COORDINATES TO DCD FILE NVT.dcd AT STEP 46560
WRITING COORDINATES TO DCD FILE NVT.dcd AT STEP 46570
WRITING COORDINATES TO DCD FILE NVT.dcd AT STEP 46580
WRITING COORDINATES TO DCD FILE NVT.dcd AT STEP 46590
WRITING COORDINATES TO DCD FILE NVT.dcd AT STEP 46600
WRITING COORDINATES TO DCD FILE NVT.dcd AT STEP 46610
WRITING COORDINATES TO DCD FILE NVT.dcd AT STEP 46620
WRITING COORDINATES TO DCD FILE NVT.dcd AT STEP 46630
WRITING COORDINATES TO DCD FILE NVT.dcd AT STEP 46640
WRITING COORDINATES TO DCD FILE NVT.dcd AT STEP 46650
WRITING COORDINATES TO DCD FILE NVT.dcd AT STEP 46660
WRITING COORDINATES TO DCD FILE NVT.dcd AT STEP 46670
WRITING COORDINATES TO DCD FILE NVT.dcd AT STEP 46680
WRITING COORDINATES TO DCD FILE NVT.dcd AT STEP 46690
WRITING COORDINATES TO DCD FILE NVT.dcd AT STEP 46700
WRITING COORDINATES TO DCD FILE NVT.dcd AT STEP 46710
WRITING COORDINATES TO DCD FILE NVT.dcd AT STEP 46720
WRITING COORDINATES TO DCD FILE NVT.dcd AT STEP 46730
WRITING COORDINATES TO DCD FILE NVT.dcd AT STEP 46740
WRITING COORDINATES TO DCD FILE NVT.dcd AT STEP 46750
WRITING COORDINATES TO DCD FILE NVT.dcd AT STEP 46760
WRITING COORDINATES TO DCD FILE NVT.dcd AT STEP 46770
WRITING COORDINATES TO DCD FILE NVT.dcd AT STEP 46780
WRITING COORDINATES TO DCD FILE NVT.dcd AT STEP 46790
WRITING COORDINATES TO DCD FILE NVT.dcd AT STEP 46800
WRITING COORDINATES TO DCD FILE NVT.dcd AT STEP 46810
WRITING COORDINATES TO DCD FILE NVT.dcd AT STEP 46820
WRITING COORDINATES TO DCD FILE NVT.dcd AT STEP 46830
WRITING COORDINATES TO DCD FILE NVT.dcd AT STEP 46840
WRITING COORDINATES TO DCD FILE NVT.dcd AT STEP 46850
WRITING COORDINATES TO DCD FILE NVT.dcd AT STEP 46860
WRITING COORDINATES TO DCD FILE NVT.dcd AT STEP 46870
WRITING COORDINATES TO DCD FILE NVT.dcd AT STEP 46880
WRITING COORDINATES TO DCD FILE NVT.dcd AT STEP 46890
WRITING COORDINATES TO DCD FILE NVT.dcd AT STEP 46900
WRITING COORDINATES TO DCD FILE NVT.dcd AT STEP 46910
WRITING COORDINATES TO DCD FILE NVT.dcd AT STEP 46920
WRITING COORDINATES TO DCD FILE NVT.dcd AT STEP 46930
WRITING COORDINATES TO DCD FILE NVT.dcd AT STEP 46940
WRITING COORDINATES TO DCD FILE NVT.dcd AT STEP 46950
WRITING COORDINATES TO DCD FILE NVT.dcd AT STEP 46960
WRITING COORDINATES TO DCD FILE NVT.dcd AT STEP 46970
WRITING COORDINATES TO DCD FILE NVT.dcd AT STEP 46980
WRITING COORDINATES TO DCD FILE NVT.dcd AT STEP 46990
PRESSURE: 47000 -274.303 246.736 125.736 246.736 790.928 89.1648 125.736 89.1648 458.714
GPRESSURE: 47000 -91.2507 159.831 12.6064 135.753 540.771 -147.78 74.7295 32.5302 576.792
PRESSAVG: 47000 92.2214 -37.629 -46.0556 -37.629 99.7449 -0.755874 -46.0556 -0.755874 95.434
GPRESSAVG: 47000 92.4452 -38.2173 -45.4531 -37.6846 99.6024 -0.253582 -46.5841 -1.61733 95.6184
ENERGY:   47000      1521.2147      8927.9434      5671.3167        64.6629         -61642.9424     -1123.1178         0.0000         0.0000     18346.0894         -28234.8332       296.1023    -46580.9226    -28091.0281       293.1983            325.1130       342.1041    263726.8627        95.8001        95.8887

WRITING COORDINATES TO DCD FILE NVT.dcd AT STEP 47000
WRITING COORDINATES TO DCD FILE NVT.dcd AT STEP 47010
WRITING COORDINATES TO DCD FILE NVT.dcd AT STEP 47020
WRITING COORDINATES TO DCD FILE NVT.dcd AT STEP 47030
WRITING COORDINATES TO DCD FILE NVT.dcd AT STEP 47040
WRITING COORDINATES TO DCD FILE NVT.dcd AT STEP 47050
WRITING COORDINATES TO DCD FILE NVT.dcd AT STEP 47060
WRITING COORDINATES TO DCD FILE NVT.dcd AT STEP 47070
WRITING COORDINATES TO DCD FILE NVT.dcd AT STEP 47080
WRITING COORDINATES TO DCD FILE NVT.dcd AT STEP 47090
WRITING COORDINATES TO DCD FILE NVT.dcd AT STEP 47100
WRITING COORDINATES TO DCD FILE NVT.dcd AT STEP 47110
WRITING COORDINATES TO DCD FILE NVT.dcd AT STEP 47120
WRITING COORDINATES TO DCD FILE NVT.dcd AT STEP 47130
WRITING COORDINATES TO DCD FILE NVT.dcd AT STEP 47140
WRITING COORDINATES TO DCD FILE NVT.dcd AT STEP 47150
WRITING COORDINATES TO DCD FILE NVT.dcd AT STEP 47160
WRITING COORDINATES TO DCD FILE NVT.dcd AT STEP 47170
WRITING COORDINATES TO DCD FILE NVT.dcd AT STEP 47180
WRITING COORDINATES TO DCD FILE NVT.dcd AT STEP 47190
WRITING COORDINATES TO DCD FILE NVT.dcd AT STEP 47200
WRITING COORDINATES TO DCD FILE NVT.dcd AT STEP 47210
WRITING COORDINATES TO DCD FILE NVT.dcd AT STEP 47220
WRITING COORDINATES TO DCD FILE NVT.dcd AT STEP 47230
WRITING COORDINATES TO DCD FILE NVT.dcd AT STEP 47240
WRITING COORDINATES TO DCD FILE NVT.dcd AT STEP 47250
WRITING COORDINATES TO DCD FILE NVT.dcd AT STEP 47260
WRITING COORDINATES TO DCD FILE NVT.dcd AT STEP 47270
WRITING COORDINATES TO DCD FILE NVT.dcd AT STEP 47280
WRITING COORDINATES TO DCD FILE NVT.dcd AT STEP 47290
WRITING COORDINATES TO DCD FILE NVT.dcd AT STEP 47300
WRITING COORDINATES TO DCD FILE NVT.dcd AT STEP 47310
WRITING COORDINATES TO DCD FILE NVT.dcd AT STEP 47320
WRITING COORDINATES TO DCD FILE NVT.dcd AT STEP 47330
WRITING COORDINATES TO DCD FILE NVT.dcd AT STEP 47340
WRITING COORDINATES TO DCD FILE NVT.dcd AT STEP 47350
WRITING COORDINATES TO DCD FILE NVT.dcd AT STEP 47360
WRITING COORDINATES TO DCD FILE NVT.dcd AT STEP 47370
WRITING COORDINATES TO DCD FILE NVT.dcd AT STEP 47380
WRITING COORDINATES TO DCD FILE NVT.dcd AT STEP 47390
WRITING COORDINATES TO DCD FILE NVT.dcd AT STEP 47400
WRITING COORDINATES TO DCD FILE NVT.dcd AT STEP 47410
WRITING COORDINATES TO DCD FILE NVT.dcd AT STEP 47420
WRITING COORDINATES TO DCD FILE NVT.dcd AT STEP 47430
WRITING COORDINATES TO DCD FILE NVT.dcd AT STEP 47440
WRITING COORDINATES TO DCD FILE NVT.dcd AT STEP 47450
WRITING COORDINATES TO DCD FILE NVT.dcd AT STEP 47460
WRITING COORDINATES TO DCD FILE NVT.dcd AT STEP 47470
WRITING COORDINATES TO DCD FILE NVT.dcd AT STEP 47480
WRITING COORDINATES TO DCD FILE NVT.dcd AT STEP 47490
WRITING COORDINATES TO DCD FILE NVT.dcd AT STEP 47500
WRITING COORDINATES TO DCD FILE NVT.dcd AT STEP 47510
WRITING COORDINATES TO DCD FILE NVT.dcd AT STEP 47520
WRITING COORDINATES TO DCD FILE NVT.dcd AT STEP 47530
WRITING COORDINATES TO DCD FILE NVT.dcd AT STEP 47540
WRITING COORDINATES TO DCD FILE NVT.dcd AT STEP 47550
WRITING COORDINATES TO DCD FILE NVT.dcd AT STEP 47560
WRITING COORDINATES TO DCD FILE NVT.dcd AT STEP 47570
WRITING COORDINATES TO DCD FILE NVT.dcd AT STEP 47580
WRITING COORDINATES TO DCD FILE NVT.dcd AT STEP 47590
WRITING COORDINATES TO DCD FILE NVT.dcd AT STEP 47600
WRITING COORDINATES TO DCD FILE NVT.dcd AT STEP 47610
WRITING COORDINATES TO DCD FILE NVT.dcd AT STEP 47620
WRITING COORDINATES TO DCD FILE NVT.dcd AT STEP 47630
WRITING COORDINATES TO DCD FILE NVT.dcd AT STEP 47640
WRITING COORDINATES TO DCD FILE NVT.dcd AT STEP 47650
WRITING COORDINATES TO DCD FILE NVT.dcd AT STEP 47660
WRITING COORDINATES TO DCD FILE NVT.dcd AT STEP 47670
WRITING COORDINATES TO DCD FILE NVT.dcd AT STEP 47680
WRITING COORDINATES TO DCD FILE NVT.dcd AT STEP 47690
WRITING COORDINATES TO DCD FILE NVT.dcd AT STEP 47700
WRITING COORDINATES TO DCD FILE NVT.dcd AT STEP 47710
WRITING COORDINATES TO DCD FILE NVT.dcd AT STEP 47720
WRITING COORDINATES TO DCD FILE NVT.dcd AT STEP 47730
WRITING COORDINATES TO DCD FILE NVT.dcd AT STEP 47740
WRITING COORDINATES TO DCD FILE NVT.dcd AT STEP 47750
WRITING COORDINATES TO DCD FILE NVT.dcd AT STEP 47760
WRITING COORDINATES TO DCD FILE NVT.dcd AT STEP 47770
WRITING COORDINATES TO DCD FILE NVT.dcd AT STEP 47780
WRITING COORDINATES TO DCD FILE NVT.dcd AT STEP 47790
WRITING COORDINATES TO DCD FILE NVT.dcd AT STEP 47800
WRITING COORDINATES TO DCD FILE NVT.dcd AT STEP 47810
WRITING COORDINATES TO DCD FILE NVT.dcd AT STEP 47820
WRITING COORDINATES TO DCD FILE NVT.dcd AT STEP 47830
WRITING COORDINATES TO DCD FILE NVT.dcd AT STEP 47840
WRITING COORDINATES TO DCD FILE NVT.dcd AT STEP 47850
WRITING COORDINATES TO DCD FILE NVT.dcd AT STEP 47860
WRITING COORDINATES TO DCD FILE NVT.dcd AT STEP 47870
WRITING COORDINATES TO DCD FILE NVT.dcd AT STEP 47880
WRITING COORDINATES TO DCD FILE NVT.dcd AT STEP 47890
WRITING COORDINATES TO DCD FILE NVT.dcd AT STEP 47900
WRITING COORDINATES TO DCD FILE NVT.dcd AT STEP 47910
WRITING COORDINATES TO DCD FILE NVT.dcd AT STEP 47920
WRITING COORDINATES TO DCD FILE NVT.dcd AT STEP 47930
WRITING COORDINATES TO DCD FILE NVT.dcd AT STEP 47940
WRITING COORDINATES TO DCD FILE NVT.dcd AT STEP 47950
WRITING COORDINATES TO DCD FILE NVT.dcd AT STEP 47960
WRITING COORDINATES TO DCD FILE NVT.dcd AT STEP 47970
WRITING COORDINATES TO DCD FILE NVT.dcd AT STEP 47980
WRITING COORDINATES TO DCD FILE NVT.dcd AT STEP 47990
PRESSURE: 48000 -514.164 417.053 -203.187 417.053 196.635 -308.9 -203.187 -308.9 -735.832
GPRESSURE: 48000 -351.018 319.261 13.4447 285.734 33.0146 -282.293 -188.551 -265.774 -664.256
PRESSAVG: 48000 64.9452 -18.484 -13.6603 -18.484 -39.9868 -15.9576 -13.6603 -15.9576 85.9329
GPRESSAVG: 48000 64.7204 -17.8751 -13.7864 -18.6644 -40.2843 -16.0917 -13.2551 -16.2982 85.8449
ENERGY:   48000      1529.1590      8993.8366      5684.8397        75.2878         -61512.3740     -1201.0347         0.0000         0.0000     18346.6179         -28083.6677       296.1108    -46430.2856    -27940.5157       293.9463           -351.1203      -327.4197    263726.8627        36.9638        36.7603

WRITING COORDINATES TO DCD FILE NVT.dcd AT STEP 48000
WRITING COORDINATES TO DCD FILE NVT.dcd AT STEP 48010
WRITING COORDINATES TO DCD FILE NVT.dcd AT STEP 48020
WRITING COORDINATES TO DCD FILE NVT.dcd AT STEP 48030
WRITING COORDINATES TO DCD FILE NVT.dcd AT STEP 48040
WRITING COORDINATES TO DCD FILE NVT.dcd AT STEP 48050
WRITING COORDINATES TO DCD FILE NVT.dcd AT STEP 48060
WRITING COORDINATES TO DCD FILE NVT.dcd AT STEP 48070
WRITING COORDINATES TO DCD FILE NVT.dcd AT STEP 48080
WRITING COORDINATES TO DCD FILE NVT.dcd AT STEP 48090
WRITING COORDINATES TO DCD FILE NVT.dcd AT STEP 48100
WRITING COORDINATES TO DCD FILE NVT.dcd AT STEP 48110
WRITING COORDINATES TO DCD FILE NVT.dcd AT STEP 48120
WRITING COORDINATES TO DCD FILE NVT.dcd AT STEP 48130
WRITING COORDINATES TO DCD FILE NVT.dcd AT STEP 48140
LDB: ============= START OF LOAD BALANCING ============== 8074.75
LDB: ============== END OF LOAD BALANCING =============== 8074.75
LDB: =============== DONE WITH MIGRATION ================ 8074.75
WRITING COORDINATES TO DCD FILE NVT.dcd AT STEP 48150
WRITING COORDINATES TO DCD FILE NVT.dcd AT STEP 48160
WRITING COORDINATES TO DCD FILE NVT.dcd AT STEP 48170
WRITING COORDINATES TO DCD FILE NVT.dcd AT STEP 48180
WRITING COORDINATES TO DCD FILE NVT.dcd AT STEP 48190
LDB: ============= START OF LOAD BALANCING ============== 8083.11
LDB: ============== END OF LOAD BALANCING =============== 8083.11
LDB: =============== DONE WITH MIGRATION ================ 8083.11
WRITING COORDINATES TO DCD FILE NVT.dcd AT STEP 48200
WRITING COORDINATES TO DCD FILE NVT.dcd AT STEP 48210
WRITING COORDINATES TO DCD FILE NVT.dcd AT STEP 48220
WRITING COORDINATES TO DCD FILE NVT.dcd AT STEP 48230
WRITING COORDINATES TO DCD FILE NVT.dcd AT STEP 48240
WRITING COORDINATES TO DCD FILE NVT.dcd AT STEP 48250
WRITING COORDINATES TO DCD FILE NVT.dcd AT STEP 48260
WRITING COORDINATES TO DCD FILE NVT.dcd AT STEP 48270
WRITING COORDINATES TO DCD FILE NVT.dcd AT STEP 48280
WRITING COORDINATES TO DCD FILE NVT.dcd AT STEP 48290
WRITING COORDINATES TO DCD FILE NVT.dcd AT STEP 48300
WRITING COORDINATES TO DCD FILE NVT.dcd AT STEP 48310
WRITING COORDINATES TO DCD FILE NVT.dcd AT STEP 48320
WRITING COORDINATES TO DCD FILE NVT.dcd AT STEP 48330
WRITING COORDINATES TO DCD FILE NVT.dcd AT STEP 48340
WRITING COORDINATES TO DCD FILE NVT.dcd AT STEP 48350
WRITING COORDINATES TO DCD FILE NVT.dcd AT STEP 48360
WRITING COORDINATES TO DCD FILE NVT.dcd AT STEP 48370
WRITING COORDINATES TO DCD FILE NVT.dcd AT STEP 48380
WRITING COORDINATES TO DCD FILE NVT.dcd AT STEP 48390
WRITING COORDINATES TO DCD FILE NVT.dcd AT STEP 48400
WRITING COORDINATES TO DCD FILE NVT.dcd AT STEP 48410
WRITING COORDINATES TO DCD FILE NVT.dcd AT STEP 48420
WRITING COORDINATES TO DCD FILE NVT.dcd AT STEP 48430
WRITING COORDINATES TO DCD FILE NVT.dcd AT STEP 48440
WRITING COORDINATES TO DCD FILE NVT.dcd AT STEP 48450
WRITING COORDINATES TO DCD FILE NVT.dcd AT STEP 48460
WRITING COORDINATES TO DCD FILE NVT.dcd AT STEP 48470
WRITING COORDINATES TO DCD FILE NVT.dcd AT STEP 48480
WRITING COORDINATES TO DCD FILE NVT.dcd AT STEP 48490
WRITING COORDINATES TO DCD FILE NVT.dcd AT STEP 48500
WRITING COORDINATES TO DCD FILE NVT.dcd AT STEP 48510
WRITING COORDINATES TO DCD FILE NVT.dcd AT STEP 48520
WRITING COORDINATES TO DCD FILE NVT.dcd AT STEP 48530
WRITING COORDINATES TO DCD FILE NVT.dcd AT STEP 48540
WRITING COORDINATES TO DCD FILE NVT.dcd AT STEP 48550
WRITING COORDINATES TO DCD FILE NVT.dcd AT STEP 48560
WRITING COORDINATES TO DCD FILE NVT.dcd AT STEP 48570
WRITING COORDINATES TO DCD FILE NVT.dcd AT STEP 48580
WRITING COORDINATES TO DCD FILE NVT.dcd AT STEP 48590
WRITING COORDINATES TO DCD FILE NVT.dcd AT STEP 48600
WRITING COORDINATES TO DCD FILE NVT.dcd AT STEP 48610
WRITING COORDINATES TO DCD FILE NVT.dcd AT STEP 48620
WRITING COORDINATES TO DCD FILE NVT.dcd AT STEP 48630
WRITING COORDINATES TO DCD FILE NVT.dcd AT STEP 48640
WRITING COORDINATES TO DCD FILE NVT.dcd AT STEP 48650
WRITING COORDINATES TO DCD FILE NVT.dcd AT STEP 48660
WRITING COORDINATES TO DCD FILE NVT.dcd AT STEP 48670
WRITING COORDINATES TO DCD FILE NVT.dcd AT STEP 48680
WRITING COORDINATES TO DCD FILE NVT.dcd AT STEP 48690
WRITING COORDINATES TO DCD FILE NVT.dcd AT STEP 48700
WRITING COORDINATES TO DCD FILE NVT.dcd AT STEP 48710
WRITING COORDINATES TO DCD FILE NVT.dcd AT STEP 48720
WRITING COORDINATES TO DCD FILE NVT.dcd AT STEP 48730
WRITING COORDINATES TO DCD FILE NVT.dcd AT STEP 48740
WRITING COORDINATES TO DCD FILE NVT.dcd AT STEP 48750
WRITING COORDINATES TO DCD FILE NVT.dcd AT STEP 48760
WRITING COORDINATES TO DCD FILE NVT.dcd AT STEP 48770
WRITING COORDINATES TO DCD FILE NVT.dcd AT STEP 48780
WRITING COORDINATES TO DCD FILE NVT.dcd AT STEP 48790
WRITING COORDINATES TO DCD FILE NVT.dcd AT STEP 48800
WRITING COORDINATES TO DCD FILE NVT.dcd AT STEP 48810
WRITING COORDINATES TO DCD FILE NVT.dcd AT STEP 48820
WRITING COORDINATES TO DCD FILE NVT.dcd AT STEP 48830
WRITING COORDINATES TO DCD FILE NVT.dcd AT STEP 48840
WRITING COORDINATES TO DCD FILE NVT.dcd AT STEP 48850
WRITING COORDINATES TO DCD FILE NVT.dcd AT STEP 48860
WRITING COORDINATES TO DCD FILE NVT.dcd AT STEP 48870
WRITING COORDINATES TO DCD FILE NVT.dcd AT STEP 48880
WRITING COORDINATES TO DCD FILE NVT.dcd AT STEP 48890
WRITING COORDINATES TO DCD FILE NVT.dcd AT STEP 48900
WRITING COORDINATES TO DCD FILE NVT.dcd AT STEP 48910
WRITING COORDINATES TO DCD FILE NVT.dcd AT STEP 48920
WRITING COORDINATES TO DCD FILE NVT.dcd AT STEP 48930
WRITING COORDINATES TO DCD FILE NVT.dcd AT STEP 48940
WRITING COORDINATES TO DCD FILE NVT.dcd AT STEP 48950
WRITING COORDINATES TO DCD FILE NVT.dcd AT STEP 48960
WRITING COORDINATES TO DCD FILE NVT.dcd AT STEP 48970
WRITING COORDINATES TO DCD FILE NVT.dcd AT STEP 48980
WRITING COORDINATES TO DCD FILE NVT.dcd AT STEP 48990
PRESSURE: 49000 751.082 121.061 139.954 121.061 567.869 291.148 139.954 291.148 -19.522
GPRESSURE: 49000 813.932 100.266 153.124 -24.277 568.434 214.177 132.636 209.594 -26.972
PRESSAVG: 49000 94.8975 32.8776 6.16151 32.8776 4.80824 -7.25643 6.16151 -7.25643 93.338
GPRESSAVG: 49000 94.5243 32.3469 6.19678 32.949 5.54597 -7.94633 5.93798 -6.36317 93.0361
ENERGY:   49000      1521.2719      8934.0395      5695.5917        76.6732         -61394.5586     -1204.0832         0.0000         0.0000     18306.1031         -28064.9625       295.4569    -46371.0656    -27913.7407       293.7716            433.1430       451.7982    263726.8627        64.3479        64.3688

WRITING COORDINATES TO DCD FILE NVT.dcd AT STEP 49000
WRITING COORDINATES TO DCD FILE NVT.dcd AT STEP 49010
WRITING COORDINATES TO DCD FILE NVT.dcd AT STEP 49020
WRITING COORDINATES TO DCD FILE NVT.dcd AT STEP 49030
WRITING COORDINATES TO DCD FILE NVT.dcd AT STEP 49040
WRITING COORDINATES TO DCD FILE NVT.dcd AT STEP 49050
WRITING COORDINATES TO DCD FILE NVT.dcd AT STEP 49060
WRITING COORDINATES TO DCD FILE NVT.dcd AT STEP 49070
WRITING COORDINATES TO DCD FILE NVT.dcd AT STEP 49080
WRITING COORDINATES TO DCD FILE NVT.dcd AT STEP 49090
WRITING COORDINATES TO DCD FILE NVT.dcd AT STEP 49100
WRITING COORDINATES TO DCD FILE NVT.dcd AT STEP 49110
WRITING COORDINATES TO DCD FILE NVT.dcd AT STEP 49120
WRITING COORDINATES TO DCD FILE NVT.dcd AT STEP 49130
WRITING COORDINATES TO DCD FILE NVT.dcd AT STEP 49140
WRITING COORDINATES TO DCD FILE NVT.dcd AT STEP 49150
WRITING COORDINATES TO DCD FILE NVT.dcd AT STEP 49160
WRITING COORDINATES TO DCD FILE NVT.dcd AT STEP 49170
WRITING COORDINATES TO DCD FILE NVT.dcd AT STEP 49180
WRITING COORDINATES TO DCD FILE NVT.dcd AT STEP 49190
WRITING COORDINATES TO DCD FILE NVT.dcd AT STEP 49200
WRITING COORDINATES TO DCD FILE NVT.dcd AT STEP 49210
WRITING COORDINATES TO DCD FILE NVT.dcd AT STEP 49220
WRITING COORDINATES TO DCD FILE NVT.dcd AT STEP 49230
WRITING COORDINATES TO DCD FILE NVT.dcd AT STEP 49240
WRITING COORDINATES TO DCD FILE NVT.dcd AT STEP 49250
WRITING COORDINATES TO DCD FILE NVT.dcd AT STEP 49260
WRITING COORDINATES TO DCD FILE NVT.dcd AT STEP 49270
WRITING COORDINATES TO DCD FILE NVT.dcd AT STEP 49280
WRITING COORDINATES TO DCD FILE NVT.dcd AT STEP 49290
WRITING COORDINATES TO DCD FILE NVT.dcd AT STEP 49300
WRITING COORDINATES TO DCD FILE NVT.dcd AT STEP 49310
WRITING COORDINATES TO DCD FILE NVT.dcd AT STEP 49320
WRITING COORDINATES TO DCD FILE NVT.dcd AT STEP 49330
WRITING COORDINATES TO DCD FILE NVT.dcd AT STEP 49340
WRITING COORDINATES TO DCD FILE NVT.dcd AT STEP 49350
WRITING COORDINATES TO DCD FILE NVT.dcd AT STEP 49360
WRITING COORDINATES TO DCD FILE NVT.dcd AT STEP 49370
WRITING COORDINATES TO DCD FILE NVT.dcd AT STEP 49380
WRITING COORDINATES TO DCD FILE NVT.dcd AT STEP 49390
WRITING COORDINATES TO DCD FILE NVT.dcd AT STEP 49400
WRITING COORDINATES TO DCD FILE NVT.dcd AT STEP 49410
WRITING COORDINATES TO DCD FILE NVT.dcd AT STEP 49420
WRITING COORDINATES TO DCD FILE NVT.dcd AT STEP 49430
WRITING COORDINATES TO DCD FILE NVT.dcd AT STEP 49440
WRITING COORDINATES TO DCD FILE NVT.dcd AT STEP 49450
WRITING COORDINATES TO DCD FILE NVT.dcd AT STEP 49460
WRITING COORDINATES TO DCD FILE NVT.dcd AT STEP 49470
WRITING COORDINATES TO DCD FILE NVT.dcd AT STEP 49480
WRITING COORDINATES TO DCD FILE NVT.dcd AT STEP 49490
WRITING COORDINATES TO DCD FILE NVT.dcd AT STEP 49500
WRITING COORDINATES TO DCD FILE NVT.dcd AT STEP 49510
WRITING COORDINATES TO DCD FILE NVT.dcd AT STEP 49520
WRITING COORDINATES TO DCD FILE NVT.dcd AT STEP 49530
WRITING COORDINATES TO DCD FILE NVT.dcd AT STEP 49540
WRITING COORDINATES TO DCD FILE NVT.dcd AT STEP 49550
WRITING COORDINATES TO DCD FILE NVT.dcd AT STEP 49560
WRITING COORDINATES TO DCD FILE NVT.dcd AT STEP 49570
WRITING COORDINATES TO DCD FILE NVT.dcd AT STEP 49580
WRITING COORDINATES TO DCD FILE NVT.dcd AT STEP 49590
WRITING COORDINATES TO DCD FILE NVT.dcd AT STEP 49600
WRITING COORDINATES TO DCD FILE NVT.dcd AT STEP 49610
WRITING COORDINATES TO DCD FILE NVT.dcd AT STEP 49620
WRITING COORDINATES TO DCD FILE NVT.dcd AT STEP 49630
WRITING COORDINATES TO DCD FILE NVT.dcd AT STEP 49640
WRITING COORDINATES TO DCD FILE NVT.dcd AT STEP 49650
WRITING COORDINATES TO DCD FILE NVT.dcd AT STEP 49660
WRITING COORDINATES TO DCD FILE NVT.dcd AT STEP 49670
WRITING COORDINATES TO DCD FILE NVT.dcd AT STEP 49680
WRITING COORDINATES TO DCD FILE NVT.dcd AT STEP 49690
WRITING COORDINATES TO DCD FILE NVT.dcd AT STEP 49700
WRITING COORDINATES TO DCD FILE NVT.dcd AT STEP 49710
WRITING COORDINATES TO DCD FILE NVT.dcd AT STEP 49720
WRITING COORDINATES TO DCD FILE NVT.dcd AT STEP 49730
WRITING COORDINATES TO DCD FILE NVT.dcd AT STEP 49740
WRITING COORDINATES TO DCD FILE NVT.dcd AT STEP 49750
WRITING COORDINATES TO DCD FILE NVT.dcd AT STEP 49760
WRITING COORDINATES TO DCD FILE NVT.dcd AT STEP 49770
WRITING COORDINATES TO DCD FILE NVT.dcd AT STEP 49780
WRITING COORDINATES TO DCD FILE NVT.dcd AT STEP 49790
WRITING COORDINATES TO DCD FILE NVT.dcd AT STEP 49800
WRITING COORDINATES TO DCD FILE NVT.dcd AT STEP 49810
WRITING COORDINATES TO DCD FILE NVT.dcd AT STEP 49820
WRITING COORDINATES TO DCD FILE NVT.dcd AT STEP 49830
WRITING COORDINATES TO DCD FILE NVT.dcd AT STEP 49840
WRITING COORDINATES TO DCD FILE NVT.dcd AT STEP 49850
WRITING COORDINATES TO DCD FILE NVT.dcd AT STEP 49860
WRITING COORDINATES TO DCD FILE NVT.dcd AT STEP 49870
WRITING COORDINATES TO DCD FILE NVT.dcd AT STEP 49880
WRITING COORDINATES TO DCD FILE NVT.dcd AT STEP 49890
WRITING COORDINATES TO DCD FILE NVT.dcd AT STEP 49900
WRITING COORDINATES TO DCD FILE NVT.dcd AT STEP 49910
WRITING COORDINATES TO DCD FILE NVT.dcd AT STEP 49920
WRITING COORDINATES TO DCD FILE NVT.dcd AT STEP 49930
WRITING COORDINATES TO DCD FILE NVT.dcd AT STEP 49940
WRITING COORDINATES TO DCD FILE NVT.dcd AT STEP 49950
WRITING COORDINATES TO DCD FILE NVT.dcd AT STEP 49960
WRITING COORDINATES TO DCD FILE NVT.dcd AT STEP 49970
WRITING COORDINATES TO DCD FILE NVT.dcd AT STEP 49980
WRITING COORDINATES TO DCD FILE NVT.dcd AT STEP 49990
PRESSURE: 50000 -490.59 95.0204 118.997 95.0204 -255.916 -81.1588 118.997 -81.1588 157.668
GPRESSURE: 50000 -475.27 65.4785 43.5741 215.526 -331.154 68.5278 378.824 162.916 284.502
PRESSAVG: 50000 80.0058 -14.4745 13.7837 -14.4745 10.8023 -5.48573 13.7837 -5.48573 61.779
GPRESSAVG: 50000 80.3495 -14.1288 13.9677 -14.0793 10.7011 -4.59233 14.1264 -5.39425 61.5299
TIMING: 50000  CPU: 8358.43, 0.167152/step  Wall: 8358.82, 0.16716/step, 0 hours remaining, 841.440043 MB of memory in use.
PERFORMANCE: 50000  averaging 1.03369 ns/day, 0.167169 sec/step with standard deviation 0.00025503
ETITLE:      TS           BOND          ANGLE          DIHED          IMPRP               ELECT            VDW       BOUNDARY           MISC        KINETIC               TOTAL           TEMP      POTENTIAL         TOTAL3        TEMPAVG            PRESSURE      GPRESSURE         VOLUME       PRESSAVG      GPRESSAVG

ENERGY:   50000      1533.8507      9038.2737      5645.9376        84.8625         -61137.4374     -1473.5385         0.0000         0.0000     18203.3956         -28104.6558       293.7992    -46308.0514    -27957.9768       293.8076           -196.2794      -173.9742    263726.8627        50.8624        50.8602

WRITING EXTENDED SYSTEM TO RESTART FILE AT STEP 50000
WRITING COORDINATES TO DCD FILE NVT.dcd AT STEP 50000
WRITING COORDINATES TO RESTART FILE AT STEP 50000
FINISHED WRITING RESTART COORDINATES
WRITING VELOCITIES TO RESTART FILE AT STEP 50000
FINISHED WRITING RESTART VELOCITIES
WRITING EXTENDED SYSTEM TO OUTPUT FILE AT STEP 50000
CLOSING EXTENDED SYSTEM TRAJECTORY FILE
WRITING COORDINATES TO OUTPUT FILE AT STEP 50000
CLOSING COORDINATE DCD FILE NVT.dcd
WRITING VELOCITIES TO OUTPUT FILE AT STEP 50000
====================================================

WallClock: 8383.997070  CPUTime: 8383.598633  Memory: 841.440043 MB
[Partition 0][Node 0] End of program
