Charm++> No provisioning arguments specified. Running with a single PE.
         Use +auto-provision to fully subscribe resources or +p1 to silence this message.
Charm++: standalone mode (not using charmrun)
Charm++> Running in Multicore mode: 1 threads (PEs)
Charm++> Using recursive bisection (scheme 3) for topology aware partitions
Converse/Charm++ Commit ID: 
CharmLB> Load balancer assumes all CPUs are same.
Charm++> Running on 1 hosts (1 sockets x 20 cores x 2 PUs = 40-way SMP)
Charm++> cpu topology info is gathered in 0.000 seconds.
CharmLB> Load balancing instrumentation for communication is off.
Info: NAMD Git-2025-12-04 for Linux-x86_64-multicore
Info: 
Info: Please visit http://www.ks.uiuc.edu/Research/namd/
Info: for updates, documentation, and support information.
Info: 
Info: Please cite Phillips et al., J. Chem. Phys. 153:044130 (2020) doi:10.1063/5.0014475
Info: in all publications reporting results obtained with NAMD.
Info: 
Info: Based on Charm++/Converse 80000 for multicore-linux-x86_64-gcc
Info: Built Thu Dec 4 09:25:02 CST 2025 by dhardy on athine.ks.uiuc.edu
Info: Source code at Git commit ID b856a9378ca44bcf5aa708d4b681af4ceb86d8ca
Info: 1 NAMD  Git-2025-12-04  Linux-x86_64-multicore  1    vivi01  cmm11
Info: Running on 1 processors, 1 nodes, 1 physical nodes.
Info: CPU topology information available.
Info: Charm++/Converse parallel runtime startup completed at 0.00613917 s
CkLoopLib is used in SMP with simple dynamic scheduling (converse-level notification)
Info: 25.0547 MB of memory in use based on /proc/self/stat
Info: Configuration file is simNVT.conf
Info: Working in the current directory /scratch/168129.1.cerqt03.q
TCL: Suspending until startup complete.
Warning: Option "1-4scaling" has been deprecated. Instead use "oneFourScaling".
Info: EXTENDED SYSTEM FILE   NPT.restart.xsc
Warning: The Langevin gamma parameters differ over the particles,
Warning: requiring extra work per step to constrain rigid bonds.
Info: SIMULATION PARAMETERS:
Info: TIMESTEP               2
Info: NUMBER OF STEPS        50000
Info: STEPS PER CYCLE        10
Info: PERIODIC CELL BASIS 1  67.406 0 0
Info: PERIODIC CELL BASIS 2  0 57.2957 0
Info: PERIODIC CELL BASIS 3  0 0 69.2168
Info: PERIODIC CELL CENTER   0 0 0
Info: WRAPPING WATERS AROUND PERIODIC BOUNDARIES ON OUTPUT.
Info: WRAPPING ALL CLUSTERS AROUND PERIODIC BOUNDARIES ON OUTPUT.
Info: LOAD BALANCER  Centralized
Info: LOAD BALANCING STRATEGY  New Load Balancers -- DEFAULT
Info: LDB PERIOD             2000 steps
Info: FIRST LDB TIMESTEP     50
Info: LAST LDB TIMESTEP     -1
Info: LDB BACKGROUND SCALING 1
Info: HOM BACKGROUND SCALING 1
Info: PME BACKGROUND SCALING 1
Info: MIN ATOMS PER PATCH    40
Info: EMPTY PATCH LOAD       40 ATOMS
Info: VELOCITY FILE          NPT.restart.vel
Info: CENTER OF MASS MOVING INITIALLY? NO
Info: DIELECTRIC             1
Info: EXCLUDE                SCALED ONE-FOUR
Info: 1-4 ELECTROSTATICS SCALED BY 1
Info: MODIFIED 1-4 VDW PARAMETERS WILL BE USED
Info: DCD FILENAME           NVT.dcd
Info: DCD FREQUENCY          10
Info: DCD FIRST STEP         10
Info: DCD FILE WILL CONTAIN UNIT CELL DATA
Info: XST FILENAME           NVT.xst
Info: XST FREQUENCY          5000
Info: NO VELOCITY DCD OUTPUT
Info: NO FORCE DCD OUTPUT
Info: OUTPUT FILENAME        NVT
Info: BINARY OUTPUT FILES WILL BE USED
Info: RESTART FILENAME       NVT.restart
Info: RESTART FREQUENCY      5000
Info: BINARY RESTART FILES WILL BE USED
Info: NAMD will save positions and velocities to NVT.crash.csv when  atoms are moving too fast.
Info: SWITCHING ACTIVE
Info: SWITCHING ON           10
Info: SWITCHING OFF          12
Info: PAIRLIST DISTANCE      13.5
Info: PAIRLIST SHRINK RATE   0.01
Info: PAIRLIST GROW RATE     0.01
Info: PAIRLIST TRIGGER       0.3
Info: PAIRLISTS PER CYCLE    2
Info: PAIRLISTS ENABLED
Info: MARGIN                 0
Info: HYDROGEN GROUP CUTOFF  2.5
Info: PATCH DIMENSION        16
Info: ENERGY OUTPUT STEPS    1000
Info: ENERGY EVALUATION STEPS    1000
Info: OUTPUT ENERGY PRECISION 4
Info: CROSSTERM ENERGY INCLUDED IN DIHEDRAL
Info: TIMING OUTPUT STEPS    10000
Info: PRESSURE OUTPUT STEPS  1000
Info: LANGEVIN DYNAMICS ACTIVE
Info: LANGEVIN TEMPERATURE   307.5
Info: LANGEVIN USING BBK INTEGRATOR
Info: LANGEVIN DAMPING COEFFICIENT IS 1 INVERSE PS
Info: LANGEVIN DYNAMICS NOT APPLIED TO HYDROGENS
Info: PARTICLE MESH EWALD (PME) ACTIVE
Info: PME TOLERANCE               1e-06
Info: PME EWALD COEFFICIENT       0.257952
Info: PME INTERPOLATION ORDER     4
Info: PME GRID DIMENSIONS         72 60 72
Info: PME MAXIMUM GRID SPACING    1.5
Info: Attempting to read FFTW data from FFTW_NAMD_Git-2025-12-04_Linux-x86_64-multicore.txt
Info: Optimizing 6 FFT steps.  1... 2... 3... 4... 5... 6...   Done.
Info: Writing FFTW data to FFTW_NAMD_Git-2025-12-04_Linux-x86_64-multicore.txt
Info: FULL ELECTROSTATIC EVALUATION FREQUENCY      2
Info: USING VERLET I (r-RESPA) MTS SCHEME.
Info: C1 SPLITTING OF LONG RANGE ELECTROSTATICS
Info: PLACING ATOMS IN PATCHES BY HYDROGEN GROUPS
Info: RIGID BONDS TO HYDROGEN : ALL
Info:         ERROR TOLERANCE : 1e-08
Info:          MAX ITERATIONS : 100
Info: RIGID WATER USING SETTLE ALGORITHM
Info: RANDOM NUMBER SEED     1781897536
Info: USE HYDROGEN BONDS?    NO
Info: COORDINATE PDB         coordenades_inicials.pdb
Info: STRUCTURE FILE         estructura_membranaDMPC.psf
Info: PARAMETER file: CHARMM format! 
Info: PARAMETERS             parametres.prm
Info: USING ARITHMETIC MEAN TO COMBINE L-J SIGMA PARAMETERS
Info: BINARY COORDINATES     NPT.restart.coor
Info: SUMMARY OF PARAMETERS:
Info: 52 BONDS
Info: 132 ANGLES
Info: 176 DIHEDRAL
Info: 4 IMPROPER
Info: 0 CROSSTERM
Info: 37 VDW
Info: 0 VDW_PAIRS
Info: 0 NBTHOLE_PAIRS
Info: TIME FOR READING PSF FILE: 0.150056
Info: Reading pdb file coordenades_inicials.pdb
Info: TIME FOR READING PDB FILE: 0.0236293
Info: 
Info: ****************************
Info: STRUCTURE SUMMARY:
Info: 28235 ATOMS
Info: 23730 BONDS
Info: 33305 ANGLES
Info: 40064 DIHEDRALS
Info: 256 IMPROPERS
Info: 0 CROSSTERMS
Info: 0 EXCLUSIONS
Info: 22347 RIGID BONDS
Info: 62358 DEGREES OF FREEDOM
Info: 10265 HYDROGEN GROUPS
Info: 4 ATOMS IN LARGEST HYDROGEN GROUP
Info: 10265 MIGRATION GROUPS
Info: 4 ATOMS IN LARGEST MIGRATION GROUP
Info: TOTAL MASS = 165628 amu
Info: TOTAL CHARGE = 6.67572e-06 e
Info: MASS DENSITY = 1.02887 g/cm^3
Info: ATOM DENSITY = 0.105622 atoms/A^3
Info: *****************************
Info: Reading from binary file NPT.restart.coor
Info: 
Info: Entering startup at 25.0401 s, 876.24 MB of memory in use
Info: Startup phase 0 took 4.1933e-05 s, 876.24 MB of memory in use
Info: ADDED 97099 IMPLICIT EXCLUSIONS
Info: Startup phase 1 took 0.0141111 s, 876.24 MB of memory in use
Info: NONBONDED TABLE R-SQUARED SPACING: 0.0625
Info: NONBONDED TABLE SIZE: 769 POINTS
Info: INCONSISTENCY IN FAST TABLE ENERGY VS FORCE: 0.000325096 AT 11.9556
Info: INCONSISTENCY IN SCOR TABLE ENERGY VS FORCE: 0.000324844 AT 11.9556
Info: INCONSISTENCY IN VDWA TABLE ENERGY VS FORCE: 0.0040507 AT 0.251946
Info: INCONSISTENCY IN VDWB TABLE ENERGY VS FORCE: 0.00150189 AT 0.251946
Info: Startup phase 2 took 0.0001919 s, 876.24 MB of memory in use
Info: Startup phase 3 took 1.3603e-05 s, 876.24 MB of memory in use
Info: Startup phase 4 took 3.4826e-05 s, 876.24 MB of memory in use
Info: Startup phase 5 took 1.0453e-05 s, 876.24 MB of memory in use
Info: PATCH GRID IS 4 (PERIODIC) BY 3 (PERIODIC) BY 4 (PERIODIC)
Info: PATCH GRID IS 1-AWAY BY 1-AWAY BY 1-AWAY
Info: Reading from binary file NPT.restart.vel
Info: REMOVING COM VELOCITY -0.0328535 -0.00505136 -0.0116057
Info: LARGEST PATCH (3) HAS 643 ATOMS
Info: TORUS A SIZE 1 USING 0
Info: TORUS B SIZE 1 USING 0
Info: TORUS C SIZE 1 USING 0
Info: TORUS MINIMAL MESH SIZE IS 1 BY 1 BY 1
Info: Placed 100% of base nodes on same physical node as patch
Info: Startup phase 6 took 0.00337432 s, 876.24 MB of memory in use
Info: PME using 1 and 1 processors for FFT and reciprocal sum.
Info: PME GRID LOCATIONS: 0
Info: PME TRANS LOCATIONS: 0
Info: PME USING 1 GRID NODES AND 1 TRANS NODES
Info: Optimizing 4 FFT steps.  1... 2... 3... 4...   Done.
Info: Startup phase 7 took 0.000342777 s, 876.24 MB of memory in use
Info: Startup phase 8 took 1.532e-05 s, 876.24 MB of memory in use
Info: Startup phase 9 took 1.5955e-05 s, 876.24 MB of memory in use
Info: Startup phase 10 took 9.013e-06 s, 876.24 MB of memory in use
Info: Startup phase 11 took 9.425e-06 s, 876.24 MB of memory in use
LDB: Central LB being created...
Info: Startup phase 12 took 2.6432e-05 s, 876.24 MB of memory in use
Info: Startup phase 13 took 9.289e-06 s, 876.24 MB of memory in use
Info: Startup phase 14 took 8.222e-06 s, 876.24 MB of memory in use
Info: Startup phase 15 took 8.202e-06 s, 876.24 MB of memory in use
Info: CREATING 965 COMPUTE OBJECTS
Info: Startup phase 16 took 0.00148237 s, 876.24 MB of memory in use
Info: Startup phase 17 took 2.3208e-05 s, 876.24 MB of memory in use
Info: Startup phase 18 took 0.000101071 s, 876.24 MB of memory in use
Info: Finished startup at 25.0599 s, 876.24 MB of memory in use

PRESSURE: 0 -989.107 46.4799 228.342 46.4799 -268.159 -307.805 228.342 -307.805 -190.988
GPRESSURE: 0 -708.83 -52.2843 215.399 116.725 -406.581 -143.201 251.363 -362.975 -288.555
ETITLE:      TS           BOND          ANGLE          DIHED          IMPRP               ELECT            VDW       BOUNDARY           MISC        KINETIC               TOTAL           TEMP      POTENTIAL         TOTAL3        TEMPAVG            PRESSURE      GPRESSURE         VOLUME       PRESSAVG      GPRESSAVG

ENERGY:       0      1579.2121      9338.5941      5732.8589        75.8840         -60203.9111     -1492.5768         0.0000         0.0000     18856.3436         -26113.5952       304.3377    -44969.9388    -25962.7661       304.3377           -482.7514      -467.9885    267320.2643      -482.7514      -467.9885

OPENING EXTENDED SYSTEM TRAJECTORY FILE
LDB: ============= START OF LOAD BALANCING ============== 26.797
LDB: ============== END OF LOAD BALANCING =============== 26.7971
LDB: =============== DONE WITH MIGRATION ================ 26.7971
OPENING COORDINATE DCD FILE
WRITING COORDINATES TO DCD FILE NVT.dcd AT STEP 10
The last position output (seq=10) takes 0.001 seconds, 876.240 MB of memory in use
WRITING COORDINATES TO DCD FILE NVT.dcd AT STEP 20
The last position output (seq=20) takes 0.000 seconds, 876.240 MB of memory in use
WRITING COORDINATES TO DCD FILE NVT.dcd AT STEP 30
The last position output (seq=30) takes 0.000 seconds, 876.240 MB of memory in use
WRITING COORDINATES TO DCD FILE NVT.dcd AT STEP 40
The last position output (seq=40) takes 0.000 seconds, 876.240 MB of memory in use
LDB: ============= START OF LOAD BALANCING ============== 33.4219
LDB: ============== END OF LOAD BALANCING =============== 33.4219
LDB: =============== DONE WITH MIGRATION ================ 33.422
Info: Initial time: 1 CPUs 0.165592 s/step 0.958288 days/ns 876.24 MB memory
WRITING COORDINATES TO DCD FILE NVT.dcd AT STEP 50
The last position output (seq=50) takes 0.000 seconds, 876.240 MB of memory in use
LDB: ============= START OF LOAD BALANCING ============== 35.0707
LDB: ============== END OF LOAD BALANCING =============== 35.0707
LDB: =============== DONE WITH MIGRATION ================ 35.0708
WRITING COORDINATES TO DCD FILE NVT.dcd AT STEP 60
The last position output (seq=60) takes 0.000 seconds, 876.240 MB of memory in use
WRITING COORDINATES TO DCD FILE NVT.dcd AT STEP 70
The last position output (seq=70) takes 0.000 seconds, 876.240 MB of memory in use
WRITING COORDINATES TO DCD FILE NVT.dcd AT STEP 80
The last position output (seq=80) takes 0.000 seconds, 876.240 MB of memory in use
WRITING COORDINATES TO DCD FILE NVT.dcd AT STEP 90
The last position output (seq=90) takes 0.000 seconds, 876.240 MB of memory in use
LDB: ============= START OF LOAD BALANCING ============== 41.6591
LDB: ============== END OF LOAD BALANCING =============== 41.6592
LDB: =============== DONE WITH MIGRATION ================ 41.6592
Info: Initial time: 1 CPUs 0.164699 s/step 0.953121 days/ns 876.24 MB memory
WRITING COORDINATES TO DCD FILE NVT.dcd AT STEP 100
The last position output (seq=100) takes 0.000 seconds, 876.240 MB of memory in use
WRITING COORDINATES TO DCD FILE NVT.dcd AT STEP 110
WRITING COORDINATES TO DCD FILE NVT.dcd AT STEP 120
WRITING COORDINATES TO DCD FILE NVT.dcd AT STEP 130
WRITING COORDINATES TO DCD FILE NVT.dcd AT STEP 140
LDB: ============= START OF LOAD BALANCING ============== 49.8692
LDB: ============== END OF LOAD BALANCING =============== 49.8692
LDB: =============== DONE WITH MIGRATION ================ 49.8693
Info: Initial time: 1 CPUs 0.164184 s/step 0.950139 days/ns 876.24 MB memory
WRITING COORDINATES TO DCD FILE NVT.dcd AT STEP 150
WRITING COORDINATES TO DCD FILE NVT.dcd AT STEP 160
WRITING COORDINATES TO DCD FILE NVT.dcd AT STEP 170
WRITING COORDINATES TO DCD FILE NVT.dcd AT STEP 180
WRITING COORDINATES TO DCD FILE NVT.dcd AT STEP 190
LDB: ============= START OF LOAD BALANCING ============== 58.0623
LDB: ============== END OF LOAD BALANCING =============== 58.0623
LDB: =============== DONE WITH MIGRATION ================ 58.0624
Info: Benchmark time: 1 CPUs 0.163842 s/step 0.94816 days/ns 876.24 MB memory
WRITING COORDINATES TO DCD FILE NVT.dcd AT STEP 200
WRITING COORDINATES TO DCD FILE NVT.dcd AT STEP 210
WRITING COORDINATES TO DCD FILE NVT.dcd AT STEP 220
WRITING COORDINATES TO DCD FILE NVT.dcd AT STEP 230
WRITING COORDINATES TO DCD FILE NVT.dcd AT STEP 240
Info: Benchmark time: 1 CPUs 0.16364 s/step 0.946993 days/ns 876.24 MB memory
WRITING COORDINATES TO DCD FILE NVT.dcd AT STEP 250
WRITING COORDINATES TO DCD FILE NVT.dcd AT STEP 260
WRITING COORDINATES TO DCD FILE NVT.dcd AT STEP 270
WRITING COORDINATES TO DCD FILE NVT.dcd AT STEP 280
WRITING COORDINATES TO DCD FILE NVT.dcd AT STEP 290
Info: Benchmark time: 1 CPUs 0.163634 s/step 0.946957 days/ns 876.24 MB memory
WRITING COORDINATES TO DCD FILE NVT.dcd AT STEP 300
WRITING COORDINATES TO DCD FILE NVT.dcd AT STEP 310
WRITING COORDINATES TO DCD FILE NVT.dcd AT STEP 320
WRITING COORDINATES TO DCD FILE NVT.dcd AT STEP 330
WRITING COORDINATES TO DCD FILE NVT.dcd AT STEP 340
Info: Benchmark time: 1 CPUs 0.163559 s/step 0.946522 days/ns 876.24 MB memory
WRITING COORDINATES TO DCD FILE NVT.dcd AT STEP 350
WRITING COORDINATES TO DCD FILE NVT.dcd AT STEP 360
WRITING COORDINATES TO DCD FILE NVT.dcd AT STEP 370
WRITING COORDINATES TO DCD FILE NVT.dcd AT STEP 380
WRITING COORDINATES TO DCD FILE NVT.dcd AT STEP 390
Info: Benchmark time: 1 CPUs 0.163815 s/step 0.948004 days/ns 876.24 MB memory
WRITING COORDINATES TO DCD FILE NVT.dcd AT STEP 400
WRITING COORDINATES TO DCD FILE NVT.dcd AT STEP 410
WRITING COORDINATES TO DCD FILE NVT.dcd AT STEP 420
WRITING COORDINATES TO DCD FILE NVT.dcd AT STEP 430
WRITING COORDINATES TO DCD FILE NVT.dcd AT STEP 440
Info: Benchmark time: 1 CPUs 0.163848 s/step 0.948192 days/ns 876.24 MB memory
WRITING COORDINATES TO DCD FILE NVT.dcd AT STEP 450
WRITING COORDINATES TO DCD FILE NVT.dcd AT STEP 460
WRITING COORDINATES TO DCD FILE NVT.dcd AT STEP 470
WRITING COORDINATES TO DCD FILE NVT.dcd AT STEP 480
WRITING COORDINATES TO DCD FILE NVT.dcd AT STEP 490
WRITING COORDINATES TO DCD FILE NVT.dcd AT STEP 500
WRITING COORDINATES TO DCD FILE NVT.dcd AT STEP 510
WRITING COORDINATES TO DCD FILE NVT.dcd AT STEP 520
WRITING COORDINATES TO DCD FILE NVT.dcd AT STEP 530
WRITING COORDINATES TO DCD FILE NVT.dcd AT STEP 540
WRITING COORDINATES TO DCD FILE NVT.dcd AT STEP 550
WRITING COORDINATES TO DCD FILE NVT.dcd AT STEP 560
WRITING COORDINATES TO DCD FILE NVT.dcd AT STEP 570
WRITING COORDINATES TO DCD FILE NVT.dcd AT STEP 580
WRITING COORDINATES TO DCD FILE NVT.dcd AT STEP 590
WRITING COORDINATES TO DCD FILE NVT.dcd AT STEP 600
WRITING COORDINATES TO DCD FILE NVT.dcd AT STEP 610
WRITING COORDINATES TO DCD FILE NVT.dcd AT STEP 620
WRITING COORDINATES TO DCD FILE NVT.dcd AT STEP 630
WRITING COORDINATES TO DCD FILE NVT.dcd AT STEP 640
WRITING COORDINATES TO DCD FILE NVT.dcd AT STEP 650
WRITING COORDINATES TO DCD FILE NVT.dcd AT STEP 660
WRITING COORDINATES TO DCD FILE NVT.dcd AT STEP 670
WRITING COORDINATES TO DCD FILE NVT.dcd AT STEP 680
WRITING COORDINATES TO DCD FILE NVT.dcd AT STEP 690
WRITING COORDINATES TO DCD FILE NVT.dcd AT STEP 700
WRITING COORDINATES TO DCD FILE NVT.dcd AT STEP 710
WRITING COORDINATES TO DCD FILE NVT.dcd AT STEP 720
WRITING COORDINATES TO DCD FILE NVT.dcd AT STEP 730
WRITING COORDINATES TO DCD FILE NVT.dcd AT STEP 740
WRITING COORDINATES TO DCD FILE NVT.dcd AT STEP 750
WRITING COORDINATES TO DCD FILE NVT.dcd AT STEP 760
WRITING COORDINATES TO DCD FILE NVT.dcd AT STEP 770
WRITING COORDINATES TO DCD FILE NVT.dcd AT STEP 780
WRITING COORDINATES TO DCD FILE NVT.dcd AT STEP 790
WRITING COORDINATES TO DCD FILE NVT.dcd AT STEP 800
WRITING COORDINATES TO DCD FILE NVT.dcd AT STEP 810
WRITING COORDINATES TO DCD FILE NVT.dcd AT STEP 820
WRITING COORDINATES TO DCD FILE NVT.dcd AT STEP 830
WRITING COORDINATES TO DCD FILE NVT.dcd AT STEP 840
WRITING COORDINATES TO DCD FILE NVT.dcd AT STEP 850
WRITING COORDINATES TO DCD FILE NVT.dcd AT STEP 860
WRITING COORDINATES TO DCD FILE NVT.dcd AT STEP 870
WRITING COORDINATES TO DCD FILE NVT.dcd AT STEP 880
WRITING COORDINATES TO DCD FILE NVT.dcd AT STEP 890
WRITING COORDINATES TO DCD FILE NVT.dcd AT STEP 900
WRITING COORDINATES TO DCD FILE NVT.dcd AT STEP 910
WRITING COORDINATES TO DCD FILE NVT.dcd AT STEP 920
WRITING COORDINATES TO DCD FILE NVT.dcd AT STEP 930
WRITING COORDINATES TO DCD FILE NVT.dcd AT STEP 940
WRITING COORDINATES TO DCD FILE NVT.dcd AT STEP 950
WRITING COORDINATES TO DCD FILE NVT.dcd AT STEP 960
WRITING COORDINATES TO DCD FILE NVT.dcd AT STEP 970
WRITING COORDINATES TO DCD FILE NVT.dcd AT STEP 980
WRITING COORDINATES TO DCD FILE NVT.dcd AT STEP 990
PRESSURE: 1000 -493.864 -410.462 229.47 -410.462 -645.173 221.195 229.47 221.195 -581.94
GPRESSURE: 1000 -417.13 -474.543 223.679 -272.719 -545.576 93.8071 286.106 310.176 -709.316
PRESSAVG: 1000 -41.1481 -23.9199 -8.05474 -23.9199 -26.2483 -2.53858 -8.05474 -2.53858 10.1423
GPRESSAVG: 1000 -40.6335 -22.9893 -8.17358 -24.2928 -26.1566 -2.58202 -7.85691 -2.23526 9.51441
ENERGY:    1000      1604.3164      9221.3499      5752.3045        82.1885         -60192.9137     -1429.5172         0.0000         0.0000     19129.7978         -25832.4738       308.7512    -44962.2715    -25670.3608       305.9697           -573.6590      -557.3404    267320.2643       -19.0847       -19.0919

WRITING COORDINATES TO DCD FILE NVT.dcd AT STEP 1000
WRITING COORDINATES TO DCD FILE NVT.dcd AT STEP 1010
WRITING COORDINATES TO DCD FILE NVT.dcd AT STEP 1020
WRITING COORDINATES TO DCD FILE NVT.dcd AT STEP 1030
WRITING COORDINATES TO DCD FILE NVT.dcd AT STEP 1040
WRITING COORDINATES TO DCD FILE NVT.dcd AT STEP 1050
WRITING COORDINATES TO DCD FILE NVT.dcd AT STEP 1060
WRITING COORDINATES TO DCD FILE NVT.dcd AT STEP 1070
WRITING COORDINATES TO DCD FILE NVT.dcd AT STEP 1080
WRITING COORDINATES TO DCD FILE NVT.dcd AT STEP 1090
WRITING COORDINATES TO DCD FILE NVT.dcd AT STEP 1100
WRITING COORDINATES TO DCD FILE NVT.dcd AT STEP 1110
WRITING COORDINATES TO DCD FILE NVT.dcd AT STEP 1120
WRITING COORDINATES TO DCD FILE NVT.dcd AT STEP 1130
WRITING COORDINATES TO DCD FILE NVT.dcd AT STEP 1140
WRITING COORDINATES TO DCD FILE NVT.dcd AT STEP 1150
WRITING COORDINATES TO DCD FILE NVT.dcd AT STEP 1160
WRITING COORDINATES TO DCD FILE NVT.dcd AT STEP 1170
WRITING COORDINATES TO DCD FILE NVT.dcd AT STEP 1180
WRITING COORDINATES TO DCD FILE NVT.dcd AT STEP 1190
WRITING COORDINATES TO DCD FILE NVT.dcd AT STEP 1200
WRITING COORDINATES TO DCD FILE NVT.dcd AT STEP 1210
WRITING COORDINATES TO DCD FILE NVT.dcd AT STEP 1220
WRITING COORDINATES TO DCD FILE NVT.dcd AT STEP 1230
WRITING COORDINATES TO DCD FILE NVT.dcd AT STEP 1240
WRITING COORDINATES TO DCD FILE NVT.dcd AT STEP 1250
WRITING COORDINATES TO DCD FILE NVT.dcd AT STEP 1260
WRITING COORDINATES TO DCD FILE NVT.dcd AT STEP 1270
WRITING COORDINATES TO DCD FILE NVT.dcd AT STEP 1280
WRITING COORDINATES TO DCD FILE NVT.dcd AT STEP 1290
WRITING COORDINATES TO DCD FILE NVT.dcd AT STEP 1300
WRITING COORDINATES TO DCD FILE NVT.dcd AT STEP 1310
WRITING COORDINATES TO DCD FILE NVT.dcd AT STEP 1320
WRITING COORDINATES TO DCD FILE NVT.dcd AT STEP 1330
WRITING COORDINATES TO DCD FILE NVT.dcd AT STEP 1340
WRITING COORDINATES TO DCD FILE NVT.dcd AT STEP 1350
WRITING COORDINATES TO DCD FILE NVT.dcd AT STEP 1360
WRITING COORDINATES TO DCD FILE NVT.dcd AT STEP 1370
WRITING COORDINATES TO DCD FILE NVT.dcd AT STEP 1380
WRITING COORDINATES TO DCD FILE NVT.dcd AT STEP 1390
WRITING COORDINATES TO DCD FILE NVT.dcd AT STEP 1400
WRITING COORDINATES TO DCD FILE NVT.dcd AT STEP 1410
WRITING COORDINATES TO DCD FILE NVT.dcd AT STEP 1420
WRITING COORDINATES TO DCD FILE NVT.dcd AT STEP 1430
WRITING COORDINATES TO DCD FILE NVT.dcd AT STEP 1440
WRITING COORDINATES TO DCD FILE NVT.dcd AT STEP 1450
WRITING COORDINATES TO DCD FILE NVT.dcd AT STEP 1460
WRITING COORDINATES TO DCD FILE NVT.dcd AT STEP 1470
WRITING COORDINATES TO DCD FILE NVT.dcd AT STEP 1480
WRITING COORDINATES TO DCD FILE NVT.dcd AT STEP 1490
WRITING COORDINATES TO DCD FILE NVT.dcd AT STEP 1500
WRITING COORDINATES TO DCD FILE NVT.dcd AT STEP 1510
WRITING COORDINATES TO DCD FILE NVT.dcd AT STEP 1520
WRITING COORDINATES TO DCD FILE NVT.dcd AT STEP 1530
WRITING COORDINATES TO DCD FILE NVT.dcd AT STEP 1540
WRITING COORDINATES TO DCD FILE NVT.dcd AT STEP 1550
WRITING COORDINATES TO DCD FILE NVT.dcd AT STEP 1560
WRITING COORDINATES TO DCD FILE NVT.dcd AT STEP 1570
WRITING COORDINATES TO DCD FILE NVT.dcd AT STEP 1580
WRITING COORDINATES TO DCD FILE NVT.dcd AT STEP 1590
WRITING COORDINATES TO DCD FILE NVT.dcd AT STEP 1600
WRITING COORDINATES TO DCD FILE NVT.dcd AT STEP 1610
WRITING COORDINATES TO DCD FILE NVT.dcd AT STEP 1620
WRITING COORDINATES TO DCD FILE NVT.dcd AT STEP 1630
WRITING COORDINATES TO DCD FILE NVT.dcd AT STEP 1640
WRITING COORDINATES TO DCD FILE NVT.dcd AT STEP 1650
WRITING COORDINATES TO DCD FILE NVT.dcd AT STEP 1660
WRITING COORDINATES TO DCD FILE NVT.dcd AT STEP 1670
WRITING COORDINATES TO DCD FILE NVT.dcd AT STEP 1680
WRITING COORDINATES TO DCD FILE NVT.dcd AT STEP 1690
WRITING COORDINATES TO DCD FILE NVT.dcd AT STEP 1700
WRITING COORDINATES TO DCD FILE NVT.dcd AT STEP 1710
WRITING COORDINATES TO DCD FILE NVT.dcd AT STEP 1720
WRITING COORDINATES TO DCD FILE NVT.dcd AT STEP 1730
WRITING COORDINATES TO DCD FILE NVT.dcd AT STEP 1740
WRITING COORDINATES TO DCD FILE NVT.dcd AT STEP 1750
WRITING COORDINATES TO DCD FILE NVT.dcd AT STEP 1760
WRITING COORDINATES TO DCD FILE NVT.dcd AT STEP 1770
WRITING COORDINATES TO DCD FILE NVT.dcd AT STEP 1780
WRITING COORDINATES TO DCD FILE NVT.dcd AT STEP 1790
WRITING COORDINATES TO DCD FILE NVT.dcd AT STEP 1800
WRITING COORDINATES TO DCD FILE NVT.dcd AT STEP 1810
WRITING COORDINATES TO DCD FILE NVT.dcd AT STEP 1820
WRITING COORDINATES TO DCD FILE NVT.dcd AT STEP 1830
WRITING COORDINATES TO DCD FILE NVT.dcd AT STEP 1840
WRITING COORDINATES TO DCD FILE NVT.dcd AT STEP 1850
WRITING COORDINATES TO DCD FILE NVT.dcd AT STEP 1860
WRITING COORDINATES TO DCD FILE NVT.dcd AT STEP 1870
WRITING COORDINATES TO DCD FILE NVT.dcd AT STEP 1880
WRITING COORDINATES TO DCD FILE NVT.dcd AT STEP 1890
WRITING COORDINATES TO DCD FILE NVT.dcd AT STEP 1900
WRITING COORDINATES TO DCD FILE NVT.dcd AT STEP 1910
WRITING COORDINATES TO DCD FILE NVT.dcd AT STEP 1920
WRITING COORDINATES TO DCD FILE NVT.dcd AT STEP 1930
WRITING COORDINATES TO DCD FILE NVT.dcd AT STEP 1940
WRITING COORDINATES TO DCD FILE NVT.dcd AT STEP 1950
WRITING COORDINATES TO DCD FILE NVT.dcd AT STEP 1960
WRITING COORDINATES TO DCD FILE NVT.dcd AT STEP 1970
WRITING COORDINATES TO DCD FILE NVT.dcd AT STEP 1980
WRITING COORDINATES TO DCD FILE NVT.dcd AT STEP 1990
PRESSURE: 2000 1.25009 -97.4894 -218.896 -97.4894 199.237 353.471 -218.896 353.471 -29.734
GPRESSURE: 2000 -109.768 -235.15 -250.296 -331.938 425.411 232.847 -114.659 237.083 -49.8893
PRESSAVG: 2000 -37.8698 -9.38713 -16.1276 -9.38713 -29.6475 11.8237 -16.1276 11.8237 7.11839
GPRESSAVG: 2000 -38.3021 -9.59732 -16.4091 -9.51479 -29.4588 11.4953 -16.9184 11.6292 7.46417
ENERGY:    2000      1610.0182      9277.0583      5760.0021        66.1875         -60434.9774     -1278.1268         0.0000         0.0000     19105.2166         -25894.6216       308.3544    -44999.8381    -25733.7369       306.6422             56.9176        88.5844    267320.2643       -20.1330       -20.0989

WRITING COORDINATES TO DCD FILE NVT.dcd AT STEP 2000
WRITING COORDINATES TO DCD FILE NVT.dcd AT STEP 2010
WRITING COORDINATES TO DCD FILE NVT.dcd AT STEP 2020
WRITING COORDINATES TO DCD FILE NVT.dcd AT STEP 2030
WRITING COORDINATES TO DCD FILE NVT.dcd AT STEP 2040
WRITING COORDINATES TO DCD FILE NVT.dcd AT STEP 2050
WRITING COORDINATES TO DCD FILE NVT.dcd AT STEP 2060
WRITING COORDINATES TO DCD FILE NVT.dcd AT STEP 2070
WRITING COORDINATES TO DCD FILE NVT.dcd AT STEP 2080
WRITING COORDINATES TO DCD FILE NVT.dcd AT STEP 2090
WRITING COORDINATES TO DCD FILE NVT.dcd AT STEP 2100
WRITING COORDINATES TO DCD FILE NVT.dcd AT STEP 2110
WRITING COORDINATES TO DCD FILE NVT.dcd AT STEP 2120
WRITING COORDINATES TO DCD FILE NVT.dcd AT STEP 2130
WRITING COORDINATES TO DCD FILE NVT.dcd AT STEP 2140
LDB: ============= START OF LOAD BALANCING ============== 378.389
LDB: ============== END OF LOAD BALANCING =============== 378.39
LDB: =============== DONE WITH MIGRATION ================ 378.39
WRITING COORDINATES TO DCD FILE NVT.dcd AT STEP 2150
WRITING COORDINATES TO DCD FILE NVT.dcd AT STEP 2160
WRITING COORDINATES TO DCD FILE NVT.dcd AT STEP 2170
WRITING COORDINATES TO DCD FILE NVT.dcd AT STEP 2180
WRITING COORDINATES TO DCD FILE NVT.dcd AT STEP 2190
LDB: ============= START OF LOAD BALANCING ============== 386.616
LDB: ============== END OF LOAD BALANCING =============== 386.616
LDB: =============== DONE WITH MIGRATION ================ 386.617
WRITING COORDINATES TO DCD FILE NVT.dcd AT STEP 2200
WRITING COORDINATES TO DCD FILE NVT.dcd AT STEP 2210
WRITING COORDINATES TO DCD FILE NVT.dcd AT STEP 2220
WRITING COORDINATES TO DCD FILE NVT.dcd AT STEP 2230
WRITING COORDINATES TO DCD FILE NVT.dcd AT STEP 2240
WRITING COORDINATES TO DCD FILE NVT.dcd AT STEP 2250
WRITING COORDINATES TO DCD FILE NVT.dcd AT STEP 2260
WRITING COORDINATES TO DCD FILE NVT.dcd AT STEP 2270
WRITING COORDINATES TO DCD FILE NVT.dcd AT STEP 2280
WRITING COORDINATES TO DCD FILE NVT.dcd AT STEP 2290
WRITING COORDINATES TO DCD FILE NVT.dcd AT STEP 2300
WRITING COORDINATES TO DCD FILE NVT.dcd AT STEP 2310
WRITING COORDINATES TO DCD FILE NVT.dcd AT STEP 2320
WRITING COORDINATES TO DCD FILE NVT.dcd AT STEP 2330
WRITING COORDINATES TO DCD FILE NVT.dcd AT STEP 2340
WRITING COORDINATES TO DCD FILE NVT.dcd AT STEP 2350
WRITING COORDINATES TO DCD FILE NVT.dcd AT STEP 2360
WRITING COORDINATES TO DCD FILE NVT.dcd AT STEP 2370
WRITING COORDINATES TO DCD FILE NVT.dcd AT STEP 2380
WRITING COORDINATES TO DCD FILE NVT.dcd AT STEP 2390
WRITING COORDINATES TO DCD FILE NVT.dcd AT STEP 2400
WRITING COORDINATES TO DCD FILE NVT.dcd AT STEP 2410
WRITING COORDINATES TO DCD FILE NVT.dcd AT STEP 2420
WRITING COORDINATES TO DCD FILE NVT.dcd AT STEP 2430
WRITING COORDINATES TO DCD FILE NVT.dcd AT STEP 2440
WRITING COORDINATES TO DCD FILE NVT.dcd AT STEP 2450
WRITING COORDINATES TO DCD FILE NVT.dcd AT STEP 2460
WRITING COORDINATES TO DCD FILE NVT.dcd AT STEP 2470
WRITING COORDINATES TO DCD FILE NVT.dcd AT STEP 2480
WRITING COORDINATES TO DCD FILE NVT.dcd AT STEP 2490
WRITING COORDINATES TO DCD FILE NVT.dcd AT STEP 2500
WRITING COORDINATES TO DCD FILE NVT.dcd AT STEP 2510
WRITING COORDINATES TO DCD FILE NVT.dcd AT STEP 2520
WRITING COORDINATES TO DCD FILE NVT.dcd AT STEP 2530
WRITING COORDINATES TO DCD FILE NVT.dcd AT STEP 2540
WRITING COORDINATES TO DCD FILE NVT.dcd AT STEP 2550
WRITING COORDINATES TO DCD FILE NVT.dcd AT STEP 2560
WRITING COORDINATES TO DCD FILE NVT.dcd AT STEP 2570
WRITING COORDINATES TO DCD FILE NVT.dcd AT STEP 2580
WRITING COORDINATES TO DCD FILE NVT.dcd AT STEP 2590
WRITING COORDINATES TO DCD FILE NVT.dcd AT STEP 2600
WRITING COORDINATES TO DCD FILE NVT.dcd AT STEP 2610
WRITING COORDINATES TO DCD FILE NVT.dcd AT STEP 2620
WRITING COORDINATES TO DCD FILE NVT.dcd AT STEP 2630
WRITING COORDINATES TO DCD FILE NVT.dcd AT STEP 2640
WRITING COORDINATES TO DCD FILE NVT.dcd AT STEP 2650
WRITING COORDINATES TO DCD FILE NVT.dcd AT STEP 2660
WRITING COORDINATES TO DCD FILE NVT.dcd AT STEP 2670
WRITING COORDINATES TO DCD FILE NVT.dcd AT STEP 2680
WRITING COORDINATES TO DCD FILE NVT.dcd AT STEP 2690
WRITING COORDINATES TO DCD FILE NVT.dcd AT STEP 2700
WRITING COORDINATES TO DCD FILE NVT.dcd AT STEP 2710
WRITING COORDINATES TO DCD FILE NVT.dcd AT STEP 2720
WRITING COORDINATES TO DCD FILE NVT.dcd AT STEP 2730
WRITING COORDINATES TO DCD FILE NVT.dcd AT STEP 2740
WRITING COORDINATES TO DCD FILE NVT.dcd AT STEP 2750
WRITING COORDINATES TO DCD FILE NVT.dcd AT STEP 2760
WRITING COORDINATES TO DCD FILE NVT.dcd AT STEP 2770
WRITING COORDINATES TO DCD FILE NVT.dcd AT STEP 2780
WRITING COORDINATES TO DCD FILE NVT.dcd AT STEP 2790
WRITING COORDINATES TO DCD FILE NVT.dcd AT STEP 2800
WRITING COORDINATES TO DCD FILE NVT.dcd AT STEP 2810
WRITING COORDINATES TO DCD FILE NVT.dcd AT STEP 2820
WRITING COORDINATES TO DCD FILE NVT.dcd AT STEP 2830
WRITING COORDINATES TO DCD FILE NVT.dcd AT STEP 2840
WRITING COORDINATES TO DCD FILE NVT.dcd AT STEP 2850
WRITING COORDINATES TO DCD FILE NVT.dcd AT STEP 2860
WRITING COORDINATES TO DCD FILE NVT.dcd AT STEP 2870
WRITING COORDINATES TO DCD FILE NVT.dcd AT STEP 2880
WRITING COORDINATES TO DCD FILE NVT.dcd AT STEP 2890
WRITING COORDINATES TO DCD FILE NVT.dcd AT STEP 2900
WRITING COORDINATES TO DCD FILE NVT.dcd AT STEP 2910
WRITING COORDINATES TO DCD FILE NVT.dcd AT STEP 2920
WRITING COORDINATES TO DCD FILE NVT.dcd AT STEP 2930
WRITING COORDINATES TO DCD FILE NVT.dcd AT STEP 2940
WRITING COORDINATES TO DCD FILE NVT.dcd AT STEP 2950
WRITING COORDINATES TO DCD FILE NVT.dcd AT STEP 2960
WRITING COORDINATES TO DCD FILE NVT.dcd AT STEP 2970
WRITING COORDINATES TO DCD FILE NVT.dcd AT STEP 2980
WRITING COORDINATES TO DCD FILE NVT.dcd AT STEP 2990
PRESSURE: 3000 -84.7027 -67.8159 244.233 -67.8159 -784.852 235.647 244.233 235.647 28.0506
GPRESSURE: 3000 -197.521 132.913 337.696 -146.026 -657.1 164.411 83.4508 181.584 80.1534
PRESSAVG: 3000 -39.6054 -12.7582 -7.24771 -12.7582 -34.0548 -13.8638 -7.24771 -13.8638 -0.068903
GPRESSAVG: 3000 -39.8129 -13.6952 -6.40328 -12.6733 -34.0971 -14.1985 -7.67298 -14.0322 0.195565
ENERGY:    3000      1601.0589      9566.2836      5784.5662        85.5358         -60335.6394     -1390.8808         0.0000         0.0000     19065.7489         -25623.3269       307.7174    -44689.0758    -25475.0471       307.9651           -280.5015      -258.1561    267320.2643       -24.5764       -24.5715

WRITING COORDINATES TO DCD FILE NVT.dcd AT STEP 3000
WRITING COORDINATES TO DCD FILE NVT.dcd AT STEP 3010
WRITING COORDINATES TO DCD FILE NVT.dcd AT STEP 3020
WRITING COORDINATES TO DCD FILE NVT.dcd AT STEP 3030
WRITING COORDINATES TO DCD FILE NVT.dcd AT STEP 3040
WRITING COORDINATES TO DCD FILE NVT.dcd AT STEP 3050
WRITING COORDINATES TO DCD FILE NVT.dcd AT STEP 3060
WRITING COORDINATES TO DCD FILE NVT.dcd AT STEP 3070
WRITING COORDINATES TO DCD FILE NVT.dcd AT STEP 3080
WRITING COORDINATES TO DCD FILE NVT.dcd AT STEP 3090
WRITING COORDINATES TO DCD FILE NVT.dcd AT STEP 3100
WRITING COORDINATES TO DCD FILE NVT.dcd AT STEP 3110
WRITING COORDINATES TO DCD FILE NVT.dcd AT STEP 3120
WRITING COORDINATES TO DCD FILE NVT.dcd AT STEP 3130
WRITING COORDINATES TO DCD FILE NVT.dcd AT STEP 3140
WRITING COORDINATES TO DCD FILE NVT.dcd AT STEP 3150
WRITING COORDINATES TO DCD FILE NVT.dcd AT STEP 3160
WRITING COORDINATES TO DCD FILE NVT.dcd AT STEP 3170
WRITING COORDINATES TO DCD FILE NVT.dcd AT STEP 3180
WRITING COORDINATES TO DCD FILE NVT.dcd AT STEP 3190
WRITING COORDINATES TO DCD FILE NVT.dcd AT STEP 3200
WRITING COORDINATES TO DCD FILE NVT.dcd AT STEP 3210
WRITING COORDINATES TO DCD FILE NVT.dcd AT STEP 3220
WRITING COORDINATES TO DCD FILE NVT.dcd AT STEP 3230
WRITING COORDINATES TO DCD FILE NVT.dcd AT STEP 3240
WRITING COORDINATES TO DCD FILE NVT.dcd AT STEP 3250
WRITING COORDINATES TO DCD FILE NVT.dcd AT STEP 3260
WRITING COORDINATES TO DCD FILE NVT.dcd AT STEP 3270
WRITING COORDINATES TO DCD FILE NVT.dcd AT STEP 3280
WRITING COORDINATES TO DCD FILE NVT.dcd AT STEP 3290
WRITING COORDINATES TO DCD FILE NVT.dcd AT STEP 3300
WRITING COORDINATES TO DCD FILE NVT.dcd AT STEP 3310
WRITING COORDINATES TO DCD FILE NVT.dcd AT STEP 3320
WRITING COORDINATES TO DCD FILE NVT.dcd AT STEP 3330
WRITING COORDINATES TO DCD FILE NVT.dcd AT STEP 3340
WRITING COORDINATES TO DCD FILE NVT.dcd AT STEP 3350
WRITING COORDINATES TO DCD FILE NVT.dcd AT STEP 3360
WRITING COORDINATES TO DCD FILE NVT.dcd AT STEP 3370
WRITING COORDINATES TO DCD FILE NVT.dcd AT STEP 3380
WRITING COORDINATES TO DCD FILE NVT.dcd AT STEP 3390
WRITING COORDINATES TO DCD FILE NVT.dcd AT STEP 3400
WRITING COORDINATES TO DCD FILE NVT.dcd AT STEP 3410
WRITING COORDINATES TO DCD FILE NVT.dcd AT STEP 3420
WRITING COORDINATES TO DCD FILE NVT.dcd AT STEP 3430
WRITING COORDINATES TO DCD FILE NVT.dcd AT STEP 3440
WRITING COORDINATES TO DCD FILE NVT.dcd AT STEP 3450
WRITING COORDINATES TO DCD FILE NVT.dcd AT STEP 3460
WRITING COORDINATES TO DCD FILE NVT.dcd AT STEP 3470
WRITING COORDINATES TO DCD FILE NVT.dcd AT STEP 3480
WRITING COORDINATES TO DCD FILE NVT.dcd AT STEP 3490
WRITING COORDINATES TO DCD FILE NVT.dcd AT STEP 3500
WRITING COORDINATES TO DCD FILE NVT.dcd AT STEP 3510
WRITING COORDINATES TO DCD FILE NVT.dcd AT STEP 3520
WRITING COORDINATES TO DCD FILE NVT.dcd AT STEP 3530
WRITING COORDINATES TO DCD FILE NVT.dcd AT STEP 3540
WRITING COORDINATES TO DCD FILE NVT.dcd AT STEP 3550
WRITING COORDINATES TO DCD FILE NVT.dcd AT STEP 3560
WRITING COORDINATES TO DCD FILE NVT.dcd AT STEP 3570
WRITING COORDINATES TO DCD FILE NVT.dcd AT STEP 3580
WRITING COORDINATES TO DCD FILE NVT.dcd AT STEP 3590
WRITING COORDINATES TO DCD FILE NVT.dcd AT STEP 3600
WRITING COORDINATES TO DCD FILE NVT.dcd AT STEP 3610
WRITING COORDINATES TO DCD FILE NVT.dcd AT STEP 3620
WRITING COORDINATES TO DCD FILE NVT.dcd AT STEP 3630
WRITING COORDINATES TO DCD FILE NVT.dcd AT STEP 3640
WRITING COORDINATES TO DCD FILE NVT.dcd AT STEP 3650
WRITING COORDINATES TO DCD FILE NVT.dcd AT STEP 3660
WRITING COORDINATES TO DCD FILE NVT.dcd AT STEP 3670
WRITING COORDINATES TO DCD FILE NVT.dcd AT STEP 3680
WRITING COORDINATES TO DCD FILE NVT.dcd AT STEP 3690
WRITING COORDINATES TO DCD FILE NVT.dcd AT STEP 3700
WRITING COORDINATES TO DCD FILE NVT.dcd AT STEP 3710
WRITING COORDINATES TO DCD FILE NVT.dcd AT STEP 3720
WRITING COORDINATES TO DCD FILE NVT.dcd AT STEP 3730
WRITING COORDINATES TO DCD FILE NVT.dcd AT STEP 3740
WRITING COORDINATES TO DCD FILE NVT.dcd AT STEP 3750
WRITING COORDINATES TO DCD FILE NVT.dcd AT STEP 3760
WRITING COORDINATES TO DCD FILE NVT.dcd AT STEP 3770
WRITING COORDINATES TO DCD FILE NVT.dcd AT STEP 3780
WRITING COORDINATES TO DCD FILE NVT.dcd AT STEP 3790
WRITING COORDINATES TO DCD FILE NVT.dcd AT STEP 3800
WRITING COORDINATES TO DCD FILE NVT.dcd AT STEP 3810
WRITING COORDINATES TO DCD FILE NVT.dcd AT STEP 3820
WRITING COORDINATES TO DCD FILE NVT.dcd AT STEP 3830
WRITING COORDINATES TO DCD FILE NVT.dcd AT STEP 3840
WRITING COORDINATES TO DCD FILE NVT.dcd AT STEP 3850
WRITING COORDINATES TO DCD FILE NVT.dcd AT STEP 3860
WRITING COORDINATES TO DCD FILE NVT.dcd AT STEP 3870
WRITING COORDINATES TO DCD FILE NVT.dcd AT STEP 3880
WRITING COORDINATES TO DCD FILE NVT.dcd AT STEP 3890
WRITING COORDINATES TO DCD FILE NVT.dcd AT STEP 3900
WRITING COORDINATES TO DCD FILE NVT.dcd AT STEP 3910
WRITING COORDINATES TO DCD FILE NVT.dcd AT STEP 3920
WRITING COORDINATES TO DCD FILE NVT.dcd AT STEP 3930
WRITING COORDINATES TO DCD FILE NVT.dcd AT STEP 3940
WRITING COORDINATES TO DCD FILE NVT.dcd AT STEP 3950
WRITING COORDINATES TO DCD FILE NVT.dcd AT STEP 3960
WRITING COORDINATES TO DCD FILE NVT.dcd AT STEP 3970
WRITING COORDINATES TO DCD FILE NVT.dcd AT STEP 3980
WRITING COORDINATES TO DCD FILE NVT.dcd AT STEP 3990
PRESSURE: 4000 -10.2101 -125.047 642.066 -125.047 261.443 311.838 642.066 311.838 541.519
GPRESSURE: 4000 52.693 -68.6809 505.971 166.288 269.796 464.247 617.303 196.583 530.956
PRESSAVG: 4000 16.4672 23.1339 10.033 23.1339 -16.1448 -21.3143 10.033 -21.3143 -11.5089
GPRESSAVG: 4000 17.0114 23.4859 9.80927 23.3437 -16.2519 -20.8764 10.9201 -20.8909 -11.7359
ENERGY:    4000      1576.8568      9304.4709      5748.4721        74.1909         -60435.8988     -1315.3145         0.0000         0.0000     19010.5258         -26036.6968       306.8261    -45047.2226    -25885.4462       306.8395            264.2505       284.4817    267320.2643        -3.7288        -3.6588

WRITING COORDINATES TO DCD FILE NVT.dcd AT STEP 4000
WRITING COORDINATES TO DCD FILE NVT.dcd AT STEP 4010
WRITING COORDINATES TO DCD FILE NVT.dcd AT STEP 4020
WRITING COORDINATES TO DCD FILE NVT.dcd AT STEP 4030
WRITING COORDINATES TO DCD FILE NVT.dcd AT STEP 4040
WRITING COORDINATES TO DCD FILE NVT.dcd AT STEP 4050
WRITING COORDINATES TO DCD FILE NVT.dcd AT STEP 4060
WRITING COORDINATES TO DCD FILE NVT.dcd AT STEP 4070
WRITING COORDINATES TO DCD FILE NVT.dcd AT STEP 4080
WRITING COORDINATES TO DCD FILE NVT.dcd AT STEP 4090
WRITING COORDINATES TO DCD FILE NVT.dcd AT STEP 4100
WRITING COORDINATES TO DCD FILE NVT.dcd AT STEP 4110
WRITING COORDINATES TO DCD FILE NVT.dcd AT STEP 4120
WRITING COORDINATES TO DCD FILE NVT.dcd AT STEP 4130
WRITING COORDINATES TO DCD FILE NVT.dcd AT STEP 4140
LDB: ============= START OF LOAD BALANCING ============== 707.556
LDB: ============== END OF LOAD BALANCING =============== 707.556
LDB: =============== DONE WITH MIGRATION ================ 707.556
WRITING COORDINATES TO DCD FILE NVT.dcd AT STEP 4150
WRITING COORDINATES TO DCD FILE NVT.dcd AT STEP 4160
WRITING COORDINATES TO DCD FILE NVT.dcd AT STEP 4170
WRITING COORDINATES TO DCD FILE NVT.dcd AT STEP 4180
WRITING COORDINATES TO DCD FILE NVT.dcd AT STEP 4190
LDB: ============= START OF LOAD BALANCING ============== 715.789
LDB: ============== END OF LOAD BALANCING =============== 715.789
LDB: =============== DONE WITH MIGRATION ================ 715.789
WRITING COORDINATES TO DCD FILE NVT.dcd AT STEP 4200
WRITING COORDINATES TO DCD FILE NVT.dcd AT STEP 4210
WRITING COORDINATES TO DCD FILE NVT.dcd AT STEP 4220
WRITING COORDINATES TO DCD FILE NVT.dcd AT STEP 4230
WRITING COORDINATES TO DCD FILE NVT.dcd AT STEP 4240
WRITING COORDINATES TO DCD FILE NVT.dcd AT STEP 4250
WRITING COORDINATES TO DCD FILE NVT.dcd AT STEP 4260
WRITING COORDINATES TO DCD FILE NVT.dcd AT STEP 4270
WRITING COORDINATES TO DCD FILE NVT.dcd AT STEP 4280
WRITING COORDINATES TO DCD FILE NVT.dcd AT STEP 4290
WRITING COORDINATES TO DCD FILE NVT.dcd AT STEP 4300
WRITING COORDINATES TO DCD FILE NVT.dcd AT STEP 4310
WRITING COORDINATES TO DCD FILE NVT.dcd AT STEP 4320
WRITING COORDINATES TO DCD FILE NVT.dcd AT STEP 4330
WRITING COORDINATES TO DCD FILE NVT.dcd AT STEP 4340
WRITING COORDINATES TO DCD FILE NVT.dcd AT STEP 4350
WRITING COORDINATES TO DCD FILE NVT.dcd AT STEP 4360
WRITING COORDINATES TO DCD FILE NVT.dcd AT STEP 4370
WRITING COORDINATES TO DCD FILE NVT.dcd AT STEP 4380
WRITING COORDINATES TO DCD FILE NVT.dcd AT STEP 4390
WRITING COORDINATES TO DCD FILE NVT.dcd AT STEP 4400
WRITING COORDINATES TO DCD FILE NVT.dcd AT STEP 4410
WRITING COORDINATES TO DCD FILE NVT.dcd AT STEP 4420
WRITING COORDINATES TO DCD FILE NVT.dcd AT STEP 4430
WRITING COORDINATES TO DCD FILE NVT.dcd AT STEP 4440
WRITING COORDINATES TO DCD FILE NVT.dcd AT STEP 4450
WRITING COORDINATES TO DCD FILE NVT.dcd AT STEP 4460
WRITING COORDINATES TO DCD FILE NVT.dcd AT STEP 4470
WRITING COORDINATES TO DCD FILE NVT.dcd AT STEP 4480
WRITING COORDINATES TO DCD FILE NVT.dcd AT STEP 4490
WRITING COORDINATES TO DCD FILE NVT.dcd AT STEP 4500
WRITING COORDINATES TO DCD FILE NVT.dcd AT STEP 4510
WRITING COORDINATES TO DCD FILE NVT.dcd AT STEP 4520
WRITING COORDINATES TO DCD FILE NVT.dcd AT STEP 4530
WRITING COORDINATES TO DCD FILE NVT.dcd AT STEP 4540
WRITING COORDINATES TO DCD FILE NVT.dcd AT STEP 4550
WRITING COORDINATES TO DCD FILE NVT.dcd AT STEP 4560
WRITING COORDINATES TO DCD FILE NVT.dcd AT STEP 4570
WRITING COORDINATES TO DCD FILE NVT.dcd AT STEP 4580
WRITING COORDINATES TO DCD FILE NVT.dcd AT STEP 4590
WRITING COORDINATES TO DCD FILE NVT.dcd AT STEP 4600
WRITING COORDINATES TO DCD FILE NVT.dcd AT STEP 4610
WRITING COORDINATES TO DCD FILE NVT.dcd AT STEP 4620
WRITING COORDINATES TO DCD FILE NVT.dcd AT STEP 4630
WRITING COORDINATES TO DCD FILE NVT.dcd AT STEP 4640
WRITING COORDINATES TO DCD FILE NVT.dcd AT STEP 4650
WRITING COORDINATES TO DCD FILE NVT.dcd AT STEP 4660
WRITING COORDINATES TO DCD FILE NVT.dcd AT STEP 4670
WRITING COORDINATES TO DCD FILE NVT.dcd AT STEP 4680
WRITING COORDINATES TO DCD FILE NVT.dcd AT STEP 4690
WRITING COORDINATES TO DCD FILE NVT.dcd AT STEP 4700
WRITING COORDINATES TO DCD FILE NVT.dcd AT STEP 4710
WRITING COORDINATES TO DCD FILE NVT.dcd AT STEP 4720
WRITING COORDINATES TO DCD FILE NVT.dcd AT STEP 4730
WRITING COORDINATES TO DCD FILE NVT.dcd AT STEP 4740
WRITING COORDINATES TO DCD FILE NVT.dcd AT STEP 4750
WRITING COORDINATES TO DCD FILE NVT.dcd AT STEP 4760
WRITING COORDINATES TO DCD FILE NVT.dcd AT STEP 4770
WRITING COORDINATES TO DCD FILE NVT.dcd AT STEP 4780
WRITING COORDINATES TO DCD FILE NVT.dcd AT STEP 4790
WRITING COORDINATES TO DCD FILE NVT.dcd AT STEP 4800
WRITING COORDINATES TO DCD FILE NVT.dcd AT STEP 4810
WRITING COORDINATES TO DCD FILE NVT.dcd AT STEP 4820
WRITING COORDINATES TO DCD FILE NVT.dcd AT STEP 4830
WRITING COORDINATES TO DCD FILE NVT.dcd AT STEP 4840
WRITING COORDINATES TO DCD FILE NVT.dcd AT STEP 4850
WRITING COORDINATES TO DCD FILE NVT.dcd AT STEP 4860
WRITING COORDINATES TO DCD FILE NVT.dcd AT STEP 4870
WRITING COORDINATES TO DCD FILE NVT.dcd AT STEP 4880
WRITING COORDINATES TO DCD FILE NVT.dcd AT STEP 4890
WRITING COORDINATES TO DCD FILE NVT.dcd AT STEP 4900
WRITING COORDINATES TO DCD FILE NVT.dcd AT STEP 4910
WRITING COORDINATES TO DCD FILE NVT.dcd AT STEP 4920
WRITING COORDINATES TO DCD FILE NVT.dcd AT STEP 4930
WRITING COORDINATES TO DCD FILE NVT.dcd AT STEP 4940
WRITING COORDINATES TO DCD FILE NVT.dcd AT STEP 4950
WRITING COORDINATES TO DCD FILE NVT.dcd AT STEP 4960
WRITING COORDINATES TO DCD FILE NVT.dcd AT STEP 4970
WRITING COORDINATES TO DCD FILE NVT.dcd AT STEP 4980
WRITING COORDINATES TO DCD FILE NVT.dcd AT STEP 4990
PRESSURE: 5000 241.19 -113.136 39.5119 -113.136 608.087 -243.455 39.5119 -243.455 -518.561
GPRESSURE: 5000 187.815 63.0122 55.0977 -55.5188 677.274 -115.497 68.6433 -173.067 -538.12
PRESSAVG: 5000 32.3275 28.6067 -0.251541 28.6067 12.279 6.49758 -0.251541 6.49758 44.2212
GPRESSAVG: 5000 32.2487 28.1908 -0.519167 29.0978 12.11 6.34213 0.49533 6.26437 44.3083
ENERGY:    5000      1641.8850      9231.7298      5725.4539        63.6578         -60447.3022     -1224.6721         0.0000         0.0000     18951.8754         -26057.3723       305.8795    -45009.2477    -25903.4633       305.7814            110.2385       108.9897    267320.2643        29.6092        29.5557

WRITING EXTENDED SYSTEM TO RESTART FILE AT STEP 5000
WRITING COORDINATES TO DCD FILE NVT.dcd AT STEP 5000
WRITING COORDINATES TO RESTART FILE AT STEP 5000
FINISHED WRITING RESTART COORDINATES
WRITING VELOCITIES TO RESTART FILE AT STEP 5000
FINISHED WRITING RESTART VELOCITIES
The last velocity output (seq=5000) takes 0.000 seconds, 876.240 MB of memory in use
WRITING COORDINATES TO DCD FILE NVT.dcd AT STEP 5010
WRITING COORDINATES TO DCD FILE NVT.dcd AT STEP 5020
WRITING COORDINATES TO DCD FILE NVT.dcd AT STEP 5030
WRITING COORDINATES TO DCD FILE NVT.dcd AT STEP 5040
WRITING COORDINATES TO DCD FILE NVT.dcd AT STEP 5050
WRITING COORDINATES TO DCD FILE NVT.dcd AT STEP 5060
WRITING COORDINATES TO DCD FILE NVT.dcd AT STEP 5070
WRITING COORDINATES TO DCD FILE NVT.dcd AT STEP 5080
WRITING COORDINATES TO DCD FILE NVT.dcd AT STEP 5090
WRITING COORDINATES TO DCD FILE NVT.dcd AT STEP 5100
WRITING COORDINATES TO DCD FILE NVT.dcd AT STEP 5110
WRITING COORDINATES TO DCD FILE NVT.dcd AT STEP 5120
WRITING COORDINATES TO DCD FILE NVT.dcd AT STEP 5130
WRITING COORDINATES TO DCD FILE NVT.dcd AT STEP 5140
WRITING COORDINATES TO DCD FILE NVT.dcd AT STEP 5150
WRITING COORDINATES TO DCD FILE NVT.dcd AT STEP 5160
WRITING COORDINATES TO DCD FILE NVT.dcd AT STEP 5170
WRITING COORDINATES TO DCD FILE NVT.dcd AT STEP 5180
WRITING COORDINATES TO DCD FILE NVT.dcd AT STEP 5190
WRITING COORDINATES TO DCD FILE NVT.dcd AT STEP 5200
WRITING COORDINATES TO DCD FILE NVT.dcd AT STEP 5210
WRITING COORDINATES TO DCD FILE NVT.dcd AT STEP 5220
WRITING COORDINATES TO DCD FILE NVT.dcd AT STEP 5230
WRITING COORDINATES TO DCD FILE NVT.dcd AT STEP 5240
WRITING COORDINATES TO DCD FILE NVT.dcd AT STEP 5250
WRITING COORDINATES TO DCD FILE NVT.dcd AT STEP 5260
WRITING COORDINATES TO DCD FILE NVT.dcd AT STEP 5270
WRITING COORDINATES TO DCD FILE NVT.dcd AT STEP 5280
WRITING COORDINATES TO DCD FILE NVT.dcd AT STEP 5290
WRITING COORDINATES TO DCD FILE NVT.dcd AT STEP 5300
WRITING COORDINATES TO DCD FILE NVT.dcd AT STEP 5310
WRITING COORDINATES TO DCD FILE NVT.dcd AT STEP 5320
WRITING COORDINATES TO DCD FILE NVT.dcd AT STEP 5330
WRITING COORDINATES TO DCD FILE NVT.dcd AT STEP 5340
WRITING COORDINATES TO DCD FILE NVT.dcd AT STEP 5350
WRITING COORDINATES TO DCD FILE NVT.dcd AT STEP 5360
WRITING COORDINATES TO DCD FILE NVT.dcd AT STEP 5370
WRITING COORDINATES TO DCD FILE NVT.dcd AT STEP 5380
WRITING COORDINATES TO DCD FILE NVT.dcd AT STEP 5390
WRITING COORDINATES TO DCD FILE NVT.dcd AT STEP 5400
WRITING COORDINATES TO DCD FILE NVT.dcd AT STEP 5410
WRITING COORDINATES TO DCD FILE NVT.dcd AT STEP 5420
WRITING COORDINATES TO DCD FILE NVT.dcd AT STEP 5430
WRITING COORDINATES TO DCD FILE NVT.dcd AT STEP 5440
WRITING COORDINATES TO DCD FILE NVT.dcd AT STEP 5450
WRITING COORDINATES TO DCD FILE NVT.dcd AT STEP 5460
WRITING COORDINATES TO DCD FILE NVT.dcd AT STEP 5470
WRITING COORDINATES TO DCD FILE NVT.dcd AT STEP 5480
WRITING COORDINATES TO DCD FILE NVT.dcd AT STEP 5490
WRITING COORDINATES TO DCD FILE NVT.dcd AT STEP 5500
WRITING COORDINATES TO DCD FILE NVT.dcd AT STEP 5510
WRITING COORDINATES TO DCD FILE NVT.dcd AT STEP 5520
WRITING COORDINATES TO DCD FILE NVT.dcd AT STEP 5530
WRITING COORDINATES TO DCD FILE NVT.dcd AT STEP 5540
WRITING COORDINATES TO DCD FILE NVT.dcd AT STEP 5550
WRITING COORDINATES TO DCD FILE NVT.dcd AT STEP 5560
WRITING COORDINATES TO DCD FILE NVT.dcd AT STEP 5570
WRITING COORDINATES TO DCD FILE NVT.dcd AT STEP 5580
WRITING COORDINATES TO DCD FILE NVT.dcd AT STEP 5590
WRITING COORDINATES TO DCD FILE NVT.dcd AT STEP 5600
WRITING COORDINATES TO DCD FILE NVT.dcd AT STEP 5610
WRITING COORDINATES TO DCD FILE NVT.dcd AT STEP 5620
WRITING COORDINATES TO DCD FILE NVT.dcd AT STEP 5630
WRITING COORDINATES TO DCD FILE NVT.dcd AT STEP 5640
WRITING COORDINATES TO DCD FILE NVT.dcd AT STEP 5650
WRITING COORDINATES TO DCD FILE NVT.dcd AT STEP 5660
WRITING COORDINATES TO DCD FILE NVT.dcd AT STEP 5670
WRITING COORDINATES TO DCD FILE NVT.dcd AT STEP 5680
WRITING COORDINATES TO DCD FILE NVT.dcd AT STEP 5690
WRITING COORDINATES TO DCD FILE NVT.dcd AT STEP 5700
WRITING COORDINATES TO DCD FILE NVT.dcd AT STEP 5710
WRITING COORDINATES TO DCD FILE NVT.dcd AT STEP 5720
WRITING COORDINATES TO DCD FILE NVT.dcd AT STEP 5730
WRITING COORDINATES TO DCD FILE NVT.dcd AT STEP 5740
WRITING COORDINATES TO DCD FILE NVT.dcd AT STEP 5750
WRITING COORDINATES TO DCD FILE NVT.dcd AT STEP 5760
WRITING COORDINATES TO DCD FILE NVT.dcd AT STEP 5770
WRITING COORDINATES TO DCD FILE NVT.dcd AT STEP 5780
WRITING COORDINATES TO DCD FILE NVT.dcd AT STEP 5790
WRITING COORDINATES TO DCD FILE NVT.dcd AT STEP 5800
WRITING COORDINATES TO DCD FILE NVT.dcd AT STEP 5810
WRITING COORDINATES TO DCD FILE NVT.dcd AT STEP 5820
WRITING COORDINATES TO DCD FILE NVT.dcd AT STEP 5830
WRITING COORDINATES TO DCD FILE NVT.dcd AT STEP 5840
WRITING COORDINATES TO DCD FILE NVT.dcd AT STEP 5850
WRITING COORDINATES TO DCD FILE NVT.dcd AT STEP 5860
WRITING COORDINATES TO DCD FILE NVT.dcd AT STEP 5870
WRITING COORDINATES TO DCD FILE NVT.dcd AT STEP 5880
WRITING COORDINATES TO DCD FILE NVT.dcd AT STEP 5890
WRITING COORDINATES TO DCD FILE NVT.dcd AT STEP 5900
WRITING COORDINATES TO DCD FILE NVT.dcd AT STEP 5910
WRITING COORDINATES TO DCD FILE NVT.dcd AT STEP 5920
WRITING COORDINATES TO DCD FILE NVT.dcd AT STEP 5930
WRITING COORDINATES TO DCD FILE NVT.dcd AT STEP 5940
WRITING COORDINATES TO DCD FILE NVT.dcd AT STEP 5950
WRITING COORDINATES TO DCD FILE NVT.dcd AT STEP 5960
WRITING COORDINATES TO DCD FILE NVT.dcd AT STEP 5970
WRITING COORDINATES TO DCD FILE NVT.dcd AT STEP 5980
WRITING COORDINATES TO DCD FILE NVT.dcd AT STEP 5990
PRESSURE: 6000 127.305 -412.353 133.696 -412.353 91.1968 345.597 133.696 345.597 595.152
GPRESSURE: 6000 174.444 -454.25 236.752 -278.838 180.942 121.149 236.828 128.12 540.557
PRESSAVG: 6000 21.7693 4.52245 1.01006 4.52245 29.0089 -20.7637 1.01006 -20.7637 -15.846
GPRESSAVG: 6000 21.8845 4.33613 1.42852 4.9607 29.2451 -21.0545 0.628519 -21.2835 -16.6474
ENERGY:    6000      1593.2012      9334.4027      5722.8821        65.5323         -60649.9944     -1143.3296         0.0000         0.0000     19104.3577         -25972.9479       308.3406    -45077.3056    -25819.0672       305.6238            271.2179       298.6475    267320.2643        11.6441        11.4941

WRITING COORDINATES TO DCD FILE NVT.dcd AT STEP 6000
WRITING COORDINATES TO DCD FILE NVT.dcd AT STEP 6010
WRITING COORDINATES TO DCD FILE NVT.dcd AT STEP 6020
WRITING COORDINATES TO DCD FILE NVT.dcd AT STEP 6030
WRITING COORDINATES TO DCD FILE NVT.dcd AT STEP 6040
WRITING COORDINATES TO DCD FILE NVT.dcd AT STEP 6050
WRITING COORDINATES TO DCD FILE NVT.dcd AT STEP 6060
WRITING COORDINATES TO DCD FILE NVT.dcd AT STEP 6070
WRITING COORDINATES TO DCD FILE NVT.dcd AT STEP 6080
WRITING COORDINATES TO DCD FILE NVT.dcd AT STEP 6090
WRITING COORDINATES TO DCD FILE NVT.dcd AT STEP 6100
WRITING COORDINATES TO DCD FILE NVT.dcd AT STEP 6110
WRITING COORDINATES TO DCD FILE NVT.dcd AT STEP 6120
WRITING COORDINATES TO DCD FILE NVT.dcd AT STEP 6130
WRITING COORDINATES TO DCD FILE NVT.dcd AT STEP 6140
LDB: ============= START OF LOAD BALANCING ============== 1037.1
LDB: ============== END OF LOAD BALANCING =============== 1037.1
LDB: =============== DONE WITH MIGRATION ================ 1037.1
WRITING COORDINATES TO DCD FILE NVT.dcd AT STEP 6150
WRITING COORDINATES TO DCD FILE NVT.dcd AT STEP 6160
WRITING COORDINATES TO DCD FILE NVT.dcd AT STEP 6170
WRITING COORDINATES TO DCD FILE NVT.dcd AT STEP 6180
WRITING COORDINATES TO DCD FILE NVT.dcd AT STEP 6190
LDB: ============= START OF LOAD BALANCING ============== 1045.36
LDB: ============== END OF LOAD BALANCING =============== 1045.36
LDB: =============== DONE WITH MIGRATION ================ 1045.36
WRITING COORDINATES TO DCD FILE NVT.dcd AT STEP 6200
WRITING COORDINATES TO DCD FILE NVT.dcd AT STEP 6210
WRITING COORDINATES TO DCD FILE NVT.dcd AT STEP 6220
WRITING COORDINATES TO DCD FILE NVT.dcd AT STEP 6230
WRITING COORDINATES TO DCD FILE NVT.dcd AT STEP 6240
WRITING COORDINATES TO DCD FILE NVT.dcd AT STEP 6250
WRITING COORDINATES TO DCD FILE NVT.dcd AT STEP 6260
WRITING COORDINATES TO DCD FILE NVT.dcd AT STEP 6270
WRITING COORDINATES TO DCD FILE NVT.dcd AT STEP 6280
WRITING COORDINATES TO DCD FILE NVT.dcd AT STEP 6290
WRITING COORDINATES TO DCD FILE NVT.dcd AT STEP 6300
WRITING COORDINATES TO DCD FILE NVT.dcd AT STEP 6310
WRITING COORDINATES TO DCD FILE NVT.dcd AT STEP 6320
WRITING COORDINATES TO DCD FILE NVT.dcd AT STEP 6330
WRITING COORDINATES TO DCD FILE NVT.dcd AT STEP 6340
WRITING COORDINATES TO DCD FILE NVT.dcd AT STEP 6350
WRITING COORDINATES TO DCD FILE NVT.dcd AT STEP 6360
WRITING COORDINATES TO DCD FILE NVT.dcd AT STEP 6370
WRITING COORDINATES TO DCD FILE NVT.dcd AT STEP 6380
WRITING COORDINATES TO DCD FILE NVT.dcd AT STEP 6390
WRITING COORDINATES TO DCD FILE NVT.dcd AT STEP 6400
WRITING COORDINATES TO DCD FILE NVT.dcd AT STEP 6410
WRITING COORDINATES TO DCD FILE NVT.dcd AT STEP 6420
WRITING COORDINATES TO DCD FILE NVT.dcd AT STEP 6430
WRITING COORDINATES TO DCD FILE NVT.dcd AT STEP 6440
WRITING COORDINATES TO DCD FILE NVT.dcd AT STEP 6450
WRITING COORDINATES TO DCD FILE NVT.dcd AT STEP 6460
WRITING COORDINATES TO DCD FILE NVT.dcd AT STEP 6470
WRITING COORDINATES TO DCD FILE NVT.dcd AT STEP 6480
WRITING COORDINATES TO DCD FILE NVT.dcd AT STEP 6490
WRITING COORDINATES TO DCD FILE NVT.dcd AT STEP 6500
WRITING COORDINATES TO DCD FILE NVT.dcd AT STEP 6510
WRITING COORDINATES TO DCD FILE NVT.dcd AT STEP 6520
WRITING COORDINATES TO DCD FILE NVT.dcd AT STEP 6530
WRITING COORDINATES TO DCD FILE NVT.dcd AT STEP 6540
WRITING COORDINATES TO DCD FILE NVT.dcd AT STEP 6550
WRITING COORDINATES TO DCD FILE NVT.dcd AT STEP 6560
WRITING COORDINATES TO DCD FILE NVT.dcd AT STEP 6570
WRITING COORDINATES TO DCD FILE NVT.dcd AT STEP 6580
WRITING COORDINATES TO DCD FILE NVT.dcd AT STEP 6590
WRITING COORDINATES TO DCD FILE NVT.dcd AT STEP 6600
WRITING COORDINATES TO DCD FILE NVT.dcd AT STEP 6610
WRITING COORDINATES TO DCD FILE NVT.dcd AT STEP 6620
WRITING COORDINATES TO DCD FILE NVT.dcd AT STEP 6630
WRITING COORDINATES TO DCD FILE NVT.dcd AT STEP 6640
WRITING COORDINATES TO DCD FILE NVT.dcd AT STEP 6650
WRITING COORDINATES TO DCD FILE NVT.dcd AT STEP 6660
WRITING COORDINATES TO DCD FILE NVT.dcd AT STEP 6670
WRITING COORDINATES TO DCD FILE NVT.dcd AT STEP 6680
WRITING COORDINATES TO DCD FILE NVT.dcd AT STEP 6690
WRITING COORDINATES TO DCD FILE NVT.dcd AT STEP 6700
WRITING COORDINATES TO DCD FILE NVT.dcd AT STEP 6710
WRITING COORDINATES TO DCD FILE NVT.dcd AT STEP 6720
WRITING COORDINATES TO DCD FILE NVT.dcd AT STEP 6730
WRITING COORDINATES TO DCD FILE NVT.dcd AT STEP 6740
WRITING COORDINATES TO DCD FILE NVT.dcd AT STEP 6750
WRITING COORDINATES TO DCD FILE NVT.dcd AT STEP 6760
WRITING COORDINATES TO DCD FILE NVT.dcd AT STEP 6770
WRITING COORDINATES TO DCD FILE NVT.dcd AT STEP 6780
WRITING COORDINATES TO DCD FILE NVT.dcd AT STEP 6790
WRITING COORDINATES TO DCD FILE NVT.dcd AT STEP 6800
WRITING COORDINATES TO DCD FILE NVT.dcd AT STEP 6810
WRITING COORDINATES TO DCD FILE NVT.dcd AT STEP 6820
WRITING COORDINATES TO DCD FILE NVT.dcd AT STEP 6830
WRITING COORDINATES TO DCD FILE NVT.dcd AT STEP 6840
WRITING COORDINATES TO DCD FILE NVT.dcd AT STEP 6850
WRITING COORDINATES TO DCD FILE NVT.dcd AT STEP 6860
WRITING COORDINATES TO DCD FILE NVT.dcd AT STEP 6870
WRITING COORDINATES TO DCD FILE NVT.dcd AT STEP 6880
WRITING COORDINATES TO DCD FILE NVT.dcd AT STEP 6890
WRITING COORDINATES TO DCD FILE NVT.dcd AT STEP 6900
WRITING COORDINATES TO DCD FILE NVT.dcd AT STEP 6910
WRITING COORDINATES TO DCD FILE NVT.dcd AT STEP 6920
WRITING COORDINATES TO DCD FILE NVT.dcd AT STEP 6930
WRITING COORDINATES TO DCD FILE NVT.dcd AT STEP 6940
WRITING COORDINATES TO DCD FILE NVT.dcd AT STEP 6950
WRITING COORDINATES TO DCD FILE NVT.dcd AT STEP 6960
WRITING COORDINATES TO DCD FILE NVT.dcd AT STEP 6970
WRITING COORDINATES TO DCD FILE NVT.dcd AT STEP 6980
WRITING COORDINATES TO DCD FILE NVT.dcd AT STEP 6990
PRESSURE: 7000 110.022 89.7808 -242.756 89.7808 179.473 3.72589 -242.756 3.72589 -325.785
GPRESSURE: 7000 83.188 93.6403 -187.565 169.659 257.174 -170.457 -102.935 -46.8323 -327.358
PRESSAVG: 7000 -47.7112 45.5937 -4.07049 45.5937 96.8994 -30.3602 -4.07049 -30.3602 2.19255
GPRESSAVG: 7000 -48.2019 45.7808 -5.15912 44.9483 96.6894 -29.9693 -4.14669 -29.6197 3.05066
ENERGY:    7000      1664.8456      9352.4220      5725.1997        74.6818         -60555.4652     -1245.9816         0.0000         0.0000     18942.2481         -26042.0496       305.7241    -44984.2978    -25889.6526       306.6229            -12.0967         4.3347    267320.2643        17.1269        17.1794

WRITING COORDINATES TO DCD FILE NVT.dcd AT STEP 7000
WRITING COORDINATES TO DCD FILE NVT.dcd AT STEP 7010
WRITING COORDINATES TO DCD FILE NVT.dcd AT STEP 7020
WRITING COORDINATES TO DCD FILE NVT.dcd AT STEP 7030
WRITING COORDINATES TO DCD FILE NVT.dcd AT STEP 7040
WRITING COORDINATES TO DCD FILE NVT.dcd AT STEP 7050
WRITING COORDINATES TO DCD FILE NVT.dcd AT STEP 7060
WRITING COORDINATES TO DCD FILE NVT.dcd AT STEP 7070
WRITING COORDINATES TO DCD FILE NVT.dcd AT STEP 7080
WRITING COORDINATES TO DCD FILE NVT.dcd AT STEP 7090
WRITING COORDINATES TO DCD FILE NVT.dcd AT STEP 7100
WRITING COORDINATES TO DCD FILE NVT.dcd AT STEP 7110
WRITING COORDINATES TO DCD FILE NVT.dcd AT STEP 7120
WRITING COORDINATES TO DCD FILE NVT.dcd AT STEP 7130
WRITING COORDINATES TO DCD FILE NVT.dcd AT STEP 7140
WRITING COORDINATES TO DCD FILE NVT.dcd AT STEP 7150
WRITING COORDINATES TO DCD FILE NVT.dcd AT STEP 7160
WRITING COORDINATES TO DCD FILE NVT.dcd AT STEP 7170
WRITING COORDINATES TO DCD FILE NVT.dcd AT STEP 7180
WRITING COORDINATES TO DCD FILE NVT.dcd AT STEP 7190
WRITING COORDINATES TO DCD FILE NVT.dcd AT STEP 7200
WRITING COORDINATES TO DCD FILE NVT.dcd AT STEP 7210
WRITING COORDINATES TO DCD FILE NVT.dcd AT STEP 7220
WRITING COORDINATES TO DCD FILE NVT.dcd AT STEP 7230
WRITING COORDINATES TO DCD FILE NVT.dcd AT STEP 7240
WRITING COORDINATES TO DCD FILE NVT.dcd AT STEP 7250
WRITING COORDINATES TO DCD FILE NVT.dcd AT STEP 7260
WRITING COORDINATES TO DCD FILE NVT.dcd AT STEP 7270
WRITING COORDINATES TO DCD FILE NVT.dcd AT STEP 7280
WRITING COORDINATES TO DCD FILE NVT.dcd AT STEP 7290
WRITING COORDINATES TO DCD FILE NVT.dcd AT STEP 7300
WRITING COORDINATES TO DCD FILE NVT.dcd AT STEP 7310
WRITING COORDINATES TO DCD FILE NVT.dcd AT STEP 7320
WRITING COORDINATES TO DCD FILE NVT.dcd AT STEP 7330
WRITING COORDINATES TO DCD FILE NVT.dcd AT STEP 7340
WRITING COORDINATES TO DCD FILE NVT.dcd AT STEP 7350
WRITING COORDINATES TO DCD FILE NVT.dcd AT STEP 7360
WRITING COORDINATES TO DCD FILE NVT.dcd AT STEP 7370
WRITING COORDINATES TO DCD FILE NVT.dcd AT STEP 7380
WRITING COORDINATES TO DCD FILE NVT.dcd AT STEP 7390
WRITING COORDINATES TO DCD FILE NVT.dcd AT STEP 7400
WRITING COORDINATES TO DCD FILE NVT.dcd AT STEP 7410
WRITING COORDINATES TO DCD FILE NVT.dcd AT STEP 7420
WRITING COORDINATES TO DCD FILE NVT.dcd AT STEP 7430
WRITING COORDINATES TO DCD FILE NVT.dcd AT STEP 7440
WRITING COORDINATES TO DCD FILE NVT.dcd AT STEP 7450
WRITING COORDINATES TO DCD FILE NVT.dcd AT STEP 7460
WRITING COORDINATES TO DCD FILE NVT.dcd AT STEP 7470
WRITING COORDINATES TO DCD FILE NVT.dcd AT STEP 7480
WRITING COORDINATES TO DCD FILE NVT.dcd AT STEP 7490
WRITING COORDINATES TO DCD FILE NVT.dcd AT STEP 7500
WRITING COORDINATES TO DCD FILE NVT.dcd AT STEP 7510
WRITING COORDINATES TO DCD FILE NVT.dcd AT STEP 7520
WRITING COORDINATES TO DCD FILE NVT.dcd AT STEP 7530
WRITING COORDINATES TO DCD FILE NVT.dcd AT STEP 7540
WRITING COORDINATES TO DCD FILE NVT.dcd AT STEP 7550
WRITING COORDINATES TO DCD FILE NVT.dcd AT STEP 7560
WRITING COORDINATES TO DCD FILE NVT.dcd AT STEP 7570
WRITING COORDINATES TO DCD FILE NVT.dcd AT STEP 7580
WRITING COORDINATES TO DCD FILE NVT.dcd AT STEP 7590
WRITING COORDINATES TO DCD FILE NVT.dcd AT STEP 7600
WRITING COORDINATES TO DCD FILE NVT.dcd AT STEP 7610
WRITING COORDINATES TO DCD FILE NVT.dcd AT STEP 7620
WRITING COORDINATES TO DCD FILE NVT.dcd AT STEP 7630
WRITING COORDINATES TO DCD FILE NVT.dcd AT STEP 7640
WRITING COORDINATES TO DCD FILE NVT.dcd AT STEP 7650
WRITING COORDINATES TO DCD FILE NVT.dcd AT STEP 7660
WRITING COORDINATES TO DCD FILE NVT.dcd AT STEP 7670
WRITING COORDINATES TO DCD FILE NVT.dcd AT STEP 7680
WRITING COORDINATES TO DCD FILE NVT.dcd AT STEP 7690
WRITING COORDINATES TO DCD FILE NVT.dcd AT STEP 7700
WRITING COORDINATES TO DCD FILE NVT.dcd AT STEP 7710
WRITING COORDINATES TO DCD FILE NVT.dcd AT STEP 7720
WRITING COORDINATES TO DCD FILE NVT.dcd AT STEP 7730
WRITING COORDINATES TO DCD FILE NVT.dcd AT STEP 7740
WRITING COORDINATES TO DCD FILE NVT.dcd AT STEP 7750
WRITING COORDINATES TO DCD FILE NVT.dcd AT STEP 7760
WRITING COORDINATES TO DCD FILE NVT.dcd AT STEP 7770
WRITING COORDINATES TO DCD FILE NVT.dcd AT STEP 7780
WRITING COORDINATES TO DCD FILE NVT.dcd AT STEP 7790
WRITING COORDINATES TO DCD FILE NVT.dcd AT STEP 7800
WRITING COORDINATES TO DCD FILE NVT.dcd AT STEP 7810
WRITING COORDINATES TO DCD FILE NVT.dcd AT STEP 7820
WRITING COORDINATES TO DCD FILE NVT.dcd AT STEP 7830
WRITING COORDINATES TO DCD FILE NVT.dcd AT STEP 7840
WRITING COORDINATES TO DCD FILE NVT.dcd AT STEP 7850
WRITING COORDINATES TO DCD FILE NVT.dcd AT STEP 7860
WRITING COORDINATES TO DCD FILE NVT.dcd AT STEP 7870
WRITING COORDINATES TO DCD FILE NVT.dcd AT STEP 7880
WRITING COORDINATES TO DCD FILE NVT.dcd AT STEP 7890
WRITING COORDINATES TO DCD FILE NVT.dcd AT STEP 7900
WRITING COORDINATES TO DCD FILE NVT.dcd AT STEP 7910
WRITING COORDINATES TO DCD FILE NVT.dcd AT STEP 7920
WRITING COORDINATES TO DCD FILE NVT.dcd AT STEP 7930
WRITING COORDINATES TO DCD FILE NVT.dcd AT STEP 7940
WRITING COORDINATES TO DCD FILE NVT.dcd AT STEP 7950
WRITING COORDINATES TO DCD FILE NVT.dcd AT STEP 7960
WRITING COORDINATES TO DCD FILE NVT.dcd AT STEP 7970
WRITING COORDINATES TO DCD FILE NVT.dcd AT STEP 7980
WRITING COORDINATES TO DCD FILE NVT.dcd AT STEP 7990
PRESSURE: 8000 -252.459 -2.08003 587.064 -2.08003 -505.386 16.1299 587.064 16.1299 -166.219
GPRESSURE: 8000 -286.167 34.4843 690.229 -70.1588 -444.426 -117.148 490.05 45.4295 -126.067
PRESSAVG: 8000 11.0224 69.1345 15.8005 69.1345 67.2876 5.0217 15.8005 5.0217 29.5944
GPRESSAVG: 8000 11.2177 68.979 16.5464 69.886 67.2953 5.33304 15.5811 4.50927 29.6601
ENERGY:    8000      1607.3289      9322.9990      5764.1550        78.6299         -60499.4319     -1286.8198         0.0000         0.0000     19022.9468         -25990.1920       307.0266    -45013.1388    -25834.6876       306.4196           -308.0214      -285.5535    267320.2643        35.9681        36.0577

WRITING COORDINATES TO DCD FILE NVT.dcd AT STEP 8000
WRITING COORDINATES TO DCD FILE NVT.dcd AT STEP 8010
WRITING COORDINATES TO DCD FILE NVT.dcd AT STEP 8020
WRITING COORDINATES TO DCD FILE NVT.dcd AT STEP 8030
WRITING COORDINATES TO DCD FILE NVT.dcd AT STEP 8040
WRITING COORDINATES TO DCD FILE NVT.dcd AT STEP 8050
WRITING COORDINATES TO DCD FILE NVT.dcd AT STEP 8060
WRITING COORDINATES TO DCD FILE NVT.dcd AT STEP 8070
WRITING COORDINATES TO DCD FILE NVT.dcd AT STEP 8080
WRITING COORDINATES TO DCD FILE NVT.dcd AT STEP 8090
WRITING COORDINATES TO DCD FILE NVT.dcd AT STEP 8100
WRITING COORDINATES TO DCD FILE NVT.dcd AT STEP 8110
WRITING COORDINATES TO DCD FILE NVT.dcd AT STEP 8120
WRITING COORDINATES TO DCD FILE NVT.dcd AT STEP 8130
WRITING COORDINATES TO DCD FILE NVT.dcd AT STEP 8140
LDB: ============= START OF LOAD BALANCING ============== 1367.03
LDB: ============== END OF LOAD BALANCING =============== 1367.03
LDB: =============== DONE WITH MIGRATION ================ 1367.03
WRITING COORDINATES TO DCD FILE NVT.dcd AT STEP 8150
WRITING COORDINATES TO DCD FILE NVT.dcd AT STEP 8160
WRITING COORDINATES TO DCD FILE NVT.dcd AT STEP 8170
WRITING COORDINATES TO DCD FILE NVT.dcd AT STEP 8180
WRITING COORDINATES TO DCD FILE NVT.dcd AT STEP 8190
LDB: ============= START OF LOAD BALANCING ============== 1375.27
LDB: ============== END OF LOAD BALANCING =============== 1375.27
LDB: =============== DONE WITH MIGRATION ================ 1375.27
WRITING COORDINATES TO DCD FILE NVT.dcd AT STEP 8200
WRITING COORDINATES TO DCD FILE NVT.dcd AT STEP 8210
WRITING COORDINATES TO DCD FILE NVT.dcd AT STEP 8220
WRITING COORDINATES TO DCD FILE NVT.dcd AT STEP 8230
WRITING COORDINATES TO DCD FILE NVT.dcd AT STEP 8240
WRITING COORDINATES TO DCD FILE NVT.dcd AT STEP 8250
WRITING COORDINATES TO DCD FILE NVT.dcd AT STEP 8260
WRITING COORDINATES TO DCD FILE NVT.dcd AT STEP 8270
WRITING COORDINATES TO DCD FILE NVT.dcd AT STEP 8280
WRITING COORDINATES TO DCD FILE NVT.dcd AT STEP 8290
WRITING COORDINATES TO DCD FILE NVT.dcd AT STEP 8300
WRITING COORDINATES TO DCD FILE NVT.dcd AT STEP 8310
WRITING COORDINATES TO DCD FILE NVT.dcd AT STEP 8320
WRITING COORDINATES TO DCD FILE NVT.dcd AT STEP 8330
WRITING COORDINATES TO DCD FILE NVT.dcd AT STEP 8340
WRITING COORDINATES TO DCD FILE NVT.dcd AT STEP 8350
WRITING COORDINATES TO DCD FILE NVT.dcd AT STEP 8360
WRITING COORDINATES TO DCD FILE NVT.dcd AT STEP 8370
WRITING COORDINATES TO DCD FILE NVT.dcd AT STEP 8380
WRITING COORDINATES TO DCD FILE NVT.dcd AT STEP 8390
WRITING COORDINATES TO DCD FILE NVT.dcd AT STEP 8400
WRITING COORDINATES TO DCD FILE NVT.dcd AT STEP 8410
WRITING COORDINATES TO DCD FILE NVT.dcd AT STEP 8420
WRITING COORDINATES TO DCD FILE NVT.dcd AT STEP 8430
WRITING COORDINATES TO DCD FILE NVT.dcd AT STEP 8440
WRITING COORDINATES TO DCD FILE NVT.dcd AT STEP 8450
WRITING COORDINATES TO DCD FILE NVT.dcd AT STEP 8460
WRITING COORDINATES TO DCD FILE NVT.dcd AT STEP 8470
WRITING COORDINATES TO DCD FILE NVT.dcd AT STEP 8480
WRITING COORDINATES TO DCD FILE NVT.dcd AT STEP 8490
WRITING COORDINATES TO DCD FILE NVT.dcd AT STEP 8500
WRITING COORDINATES TO DCD FILE NVT.dcd AT STEP 8510
WRITING COORDINATES TO DCD FILE NVT.dcd AT STEP 8520
WRITING COORDINATES TO DCD FILE NVT.dcd AT STEP 8530
WRITING COORDINATES TO DCD FILE NVT.dcd AT STEP 8540
WRITING COORDINATES TO DCD FILE NVT.dcd AT STEP 8550
WRITING COORDINATES TO DCD FILE NVT.dcd AT STEP 8560
WRITING COORDINATES TO DCD FILE NVT.dcd AT STEP 8570
WRITING COORDINATES TO DCD FILE NVT.dcd AT STEP 8580
WRITING COORDINATES TO DCD FILE NVT.dcd AT STEP 8590
WRITING COORDINATES TO DCD FILE NVT.dcd AT STEP 8600
WRITING COORDINATES TO DCD FILE NVT.dcd AT STEP 8610
WRITING COORDINATES TO DCD FILE NVT.dcd AT STEP 8620
WRITING COORDINATES TO DCD FILE NVT.dcd AT STEP 8630
WRITING COORDINATES TO DCD FILE NVT.dcd AT STEP 8640
WRITING COORDINATES TO DCD FILE NVT.dcd AT STEP 8650
WRITING COORDINATES TO DCD FILE NVT.dcd AT STEP 8660
WRITING COORDINATES TO DCD FILE NVT.dcd AT STEP 8670
WRITING COORDINATES TO DCD FILE NVT.dcd AT STEP 8680
WRITING COORDINATES TO DCD FILE NVT.dcd AT STEP 8690
WRITING COORDINATES TO DCD FILE NVT.dcd AT STEP 8700
WRITING COORDINATES TO DCD FILE NVT.dcd AT STEP 8710
WRITING COORDINATES TO DCD FILE NVT.dcd AT STEP 8720
WRITING COORDINATES TO DCD FILE NVT.dcd AT STEP 8730
WRITING COORDINATES TO DCD FILE NVT.dcd AT STEP 8740
WRITING COORDINATES TO DCD FILE NVT.dcd AT STEP 8750
WRITING COORDINATES TO DCD FILE NVT.dcd AT STEP 8760
WRITING COORDINATES TO DCD FILE NVT.dcd AT STEP 8770
WRITING COORDINATES TO DCD FILE NVT.dcd AT STEP 8780
WRITING COORDINATES TO DCD FILE NVT.dcd AT STEP 8790
WRITING COORDINATES TO DCD FILE NVT.dcd AT STEP 8800
WRITING COORDINATES TO DCD FILE NVT.dcd AT STEP 8810
WRITING COORDINATES TO DCD FILE NVT.dcd AT STEP 8820
WRITING COORDINATES TO DCD FILE NVT.dcd AT STEP 8830
WRITING COORDINATES TO DCD FILE NVT.dcd AT STEP 8840
WRITING COORDINATES TO DCD FILE NVT.dcd AT STEP 8850
WRITING COORDINATES TO DCD FILE NVT.dcd AT STEP 8860
WRITING COORDINATES TO DCD FILE NVT.dcd AT STEP 8870
WRITING COORDINATES TO DCD FILE NVT.dcd AT STEP 8880
WRITING COORDINATES TO DCD FILE NVT.dcd AT STEP 8890
WRITING COORDINATES TO DCD FILE NVT.dcd AT STEP 8900
WRITING COORDINATES TO DCD FILE NVT.dcd AT STEP 8910
WRITING COORDINATES TO DCD FILE NVT.dcd AT STEP 8920
WRITING COORDINATES TO DCD FILE NVT.dcd AT STEP 8930
WRITING COORDINATES TO DCD FILE NVT.dcd AT STEP 8940
WRITING COORDINATES TO DCD FILE NVT.dcd AT STEP 8950
WRITING COORDINATES TO DCD FILE NVT.dcd AT STEP 8960
WRITING COORDINATES TO DCD FILE NVT.dcd AT STEP 8970
WRITING COORDINATES TO DCD FILE NVT.dcd AT STEP 8980
WRITING COORDINATES TO DCD FILE NVT.dcd AT STEP 8990
PRESSURE: 9000 -391.586 68.5667 -115.38 68.5667 -314.386 152.712 -115.38 152.712 99.8608
GPRESSURE: 9000 -259.936 195.268 -1.12818 16.7571 -299.533 246.365 -93.5686 396.835 37.433
PRESSAVG: 9000 -11.2514 10.845 29.1253 10.845 56.8033 -37.0593 29.1253 -37.0593 37.1903
GPRESSAVG: 9000 -11.3686 11.4045 28.3084 10.0559 56.9216 -37.5294 29.8804 -36.5088 36.9618
ENERGY:    9000      1611.4941      9411.5672      5770.9103        77.4582         -60429.2707     -1341.2797         0.0000         0.0000     19029.6901         -25869.4304       307.1354    -44899.1206    -25722.1406       306.9557           -202.0372      -174.0117    267320.2643        27.5807        27.5049

WRITING COORDINATES TO DCD FILE NVT.dcd AT STEP 9000
WRITING COORDINATES TO DCD FILE NVT.dcd AT STEP 9010
WRITING COORDINATES TO DCD FILE NVT.dcd AT STEP 9020
WRITING COORDINATES TO DCD FILE NVT.dcd AT STEP 9030
WRITING COORDINATES TO DCD FILE NVT.dcd AT STEP 9040
WRITING COORDINATES TO DCD FILE NVT.dcd AT STEP 9050
WRITING COORDINATES TO DCD FILE NVT.dcd AT STEP 9060
WRITING COORDINATES TO DCD FILE NVT.dcd AT STEP 9070
WRITING COORDINATES TO DCD FILE NVT.dcd AT STEP 9080
WRITING COORDINATES TO DCD FILE NVT.dcd AT STEP 9090
WRITING COORDINATES TO DCD FILE NVT.dcd AT STEP 9100
WRITING COORDINATES TO DCD FILE NVT.dcd AT STEP 9110
WRITING COORDINATES TO DCD FILE NVT.dcd AT STEP 9120
WRITING COORDINATES TO DCD FILE NVT.dcd AT STEP 9130
WRITING COORDINATES TO DCD FILE NVT.dcd AT STEP 9140
WRITING COORDINATES TO DCD FILE NVT.dcd AT STEP 9150
WRITING COORDINATES TO DCD FILE NVT.dcd AT STEP 9160
WRITING COORDINATES TO DCD FILE NVT.dcd AT STEP 9170
WRITING COORDINATES TO DCD FILE NVT.dcd AT STEP 9180
WRITING COORDINATES TO DCD FILE NVT.dcd AT STEP 9190
WRITING COORDINATES TO DCD FILE NVT.dcd AT STEP 9200
WRITING COORDINATES TO DCD FILE NVT.dcd AT STEP 9210
WRITING COORDINATES TO DCD FILE NVT.dcd AT STEP 9220
WRITING COORDINATES TO DCD FILE NVT.dcd AT STEP 9230
WRITING COORDINATES TO DCD FILE NVT.dcd AT STEP 9240
WRITING COORDINATES TO DCD FILE NVT.dcd AT STEP 9250
WRITING COORDINATES TO DCD FILE NVT.dcd AT STEP 9260
WRITING COORDINATES TO DCD FILE NVT.dcd AT STEP 9270
WRITING COORDINATES TO DCD FILE NVT.dcd AT STEP 9280
WRITING COORDINATES TO DCD FILE NVT.dcd AT STEP 9290
WRITING COORDINATES TO DCD FILE NVT.dcd AT STEP 9300
WRITING COORDINATES TO DCD FILE NVT.dcd AT STEP 9310
WRITING COORDINATES TO DCD FILE NVT.dcd AT STEP 9320
WRITING COORDINATES TO DCD FILE NVT.dcd AT STEP 9330
WRITING COORDINATES TO DCD FILE NVT.dcd AT STEP 9340
WRITING COORDINATES TO DCD FILE NVT.dcd AT STEP 9350
WRITING COORDINATES TO DCD FILE NVT.dcd AT STEP 9360
WRITING COORDINATES TO DCD FILE NVT.dcd AT STEP 9370
WRITING COORDINATES TO DCD FILE NVT.dcd AT STEP 9380
WRITING COORDINATES TO DCD FILE NVT.dcd AT STEP 9390
WRITING COORDINATES TO DCD FILE NVT.dcd AT STEP 9400
WRITING COORDINATES TO DCD FILE NVT.dcd AT STEP 9410
WRITING COORDINATES TO DCD FILE NVT.dcd AT STEP 9420
WRITING COORDINATES TO DCD FILE NVT.dcd AT STEP 9430
WRITING COORDINATES TO DCD FILE NVT.dcd AT STEP 9440
WRITING COORDINATES TO DCD FILE NVT.dcd AT STEP 9450
WRITING COORDINATES TO DCD FILE NVT.dcd AT STEP 9460
WRITING COORDINATES TO DCD FILE NVT.dcd AT STEP 9470
WRITING COORDINATES TO DCD FILE NVT.dcd AT STEP 9480
WRITING COORDINATES TO DCD FILE NVT.dcd AT STEP 9490
WRITING COORDINATES TO DCD FILE NVT.dcd AT STEP 9500
WRITING COORDINATES TO DCD FILE NVT.dcd AT STEP 9510
WRITING COORDINATES TO DCD FILE NVT.dcd AT STEP 9520
WRITING COORDINATES TO DCD FILE NVT.dcd AT STEP 9530
WRITING COORDINATES TO DCD FILE NVT.dcd AT STEP 9540
WRITING COORDINATES TO DCD FILE NVT.dcd AT STEP 9550
WRITING COORDINATES TO DCD FILE NVT.dcd AT STEP 9560
WRITING COORDINATES TO DCD FILE NVT.dcd AT STEP 9570
WRITING COORDINATES TO DCD FILE NVT.dcd AT STEP 9580
WRITING COORDINATES TO DCD FILE NVT.dcd AT STEP 9590
WRITING COORDINATES TO DCD FILE NVT.dcd AT STEP 9600
WRITING COORDINATES TO DCD FILE NVT.dcd AT STEP 9610
WRITING COORDINATES TO DCD FILE NVT.dcd AT STEP 9620
WRITING COORDINATES TO DCD FILE NVT.dcd AT STEP 9630
WRITING COORDINATES TO DCD FILE NVT.dcd AT STEP 9640
WRITING COORDINATES TO DCD FILE NVT.dcd AT STEP 9650
WRITING COORDINATES TO DCD FILE NVT.dcd AT STEP 9660
WRITING COORDINATES TO DCD FILE NVT.dcd AT STEP 9670
WRITING COORDINATES TO DCD FILE NVT.dcd AT STEP 9680
WRITING COORDINATES TO DCD FILE NVT.dcd AT STEP 9690
WRITING COORDINATES TO DCD FILE NVT.dcd AT STEP 9700
WRITING COORDINATES TO DCD FILE NVT.dcd AT STEP 9710
WRITING COORDINATES TO DCD FILE NVT.dcd AT STEP 9720
WRITING COORDINATES TO DCD FILE NVT.dcd AT STEP 9730
WRITING COORDINATES TO DCD FILE NVT.dcd AT STEP 9740
WRITING COORDINATES TO DCD FILE NVT.dcd AT STEP 9750
WRITING COORDINATES TO DCD FILE NVT.dcd AT STEP 9760
WRITING COORDINATES TO DCD FILE NVT.dcd AT STEP 9770
WRITING COORDINATES TO DCD FILE NVT.dcd AT STEP 9780
WRITING COORDINATES TO DCD FILE NVT.dcd AT STEP 9790
WRITING COORDINATES TO DCD FILE NVT.dcd AT STEP 9800
WRITING COORDINATES TO DCD FILE NVT.dcd AT STEP 9810
WRITING COORDINATES TO DCD FILE NVT.dcd AT STEP 9820
WRITING COORDINATES TO DCD FILE NVT.dcd AT STEP 9830
WRITING COORDINATES TO DCD FILE NVT.dcd AT STEP 9840
WRITING COORDINATES TO DCD FILE NVT.dcd AT STEP 9850
WRITING COORDINATES TO DCD FILE NVT.dcd AT STEP 9860
WRITING COORDINATES TO DCD FILE NVT.dcd AT STEP 9870
WRITING COORDINATES TO DCD FILE NVT.dcd AT STEP 9880
WRITING COORDINATES TO DCD FILE NVT.dcd AT STEP 9890
WRITING COORDINATES TO DCD FILE NVT.dcd AT STEP 9900
WRITING COORDINATES TO DCD FILE NVT.dcd AT STEP 9910
WRITING COORDINATES TO DCD FILE NVT.dcd AT STEP 9920
WRITING COORDINATES TO DCD FILE NVT.dcd AT STEP 9930
WRITING COORDINATES TO DCD FILE NVT.dcd AT STEP 9940
WRITING COORDINATES TO DCD FILE NVT.dcd AT STEP 9950
WRITING COORDINATES TO DCD FILE NVT.dcd AT STEP 9960
WRITING COORDINATES TO DCD FILE NVT.dcd AT STEP 9970
WRITING COORDINATES TO DCD FILE NVT.dcd AT STEP 9980
WRITING COORDINATES TO DCD FILE NVT.dcd AT STEP 9990
PRESSURE: 10000 -232.362 445.211 183.223 445.211 -27.1974 161.987 183.223 161.987 521.998
GPRESSURE: 10000 -278.551 443.965 18.2764 355.957 99.7625 178.996 270.833 -26.1705 499.009
PRESSAVG: 10000 5.97616 52.6036 14.9152 52.6036 20.4699 -37.7906 14.9152 -37.7906 7.44497
GPRESSAVG: 10000 6.2792 52.4151 15.2981 52.527 19.9791 -38.0861 15.0694 -38.7226 7.89756
TIMING: 10000  CPU: 1647.45, 0.164707/step  Wall: 1647.5, 0.164712/step, 1.83014 hours remaining, 876.239546 MB of memory in use.
PERFORMANCE: 10000  averaging 1.0491 ns/day, 0.164712 sec/step with standard deviation 0
ETITLE:      TS           BOND          ANGLE          DIHED          IMPRP               ELECT            VDW       BOUNDARY           MISC        KINETIC               TOTAL           TEMP      POTENTIAL         TOTAL3        TEMPAVG            PRESSURE      GPRESSURE         VOLUME       PRESSAVG      GPRESSAVG

ENERGY:   10000      1579.0695      9205.0004      5766.0812        70.4537         -60157.4039     -1330.9915         0.0000         0.0000     18966.9545         -25900.8361       306.1229    -44867.7906    -25746.1960       308.3609             87.4795       106.7402    267320.2643        11.2970        11.3853

WRITING EXTENDED SYSTEM TO RESTART FILE AT STEP 10000
WRITING COORDINATES TO DCD FILE NVT.dcd AT STEP 10000
WRITING COORDINATES TO RESTART FILE AT STEP 10000
FINISHED WRITING RESTART COORDINATES
WRITING VELOCITIES TO RESTART FILE AT STEP 10000
FINISHED WRITING RESTART VELOCITIES
The last velocity output (seq=10000) takes 0.000 seconds, 876.240 MB of memory in use
WRITING COORDINATES TO DCD FILE NVT.dcd AT STEP 10010
WRITING COORDINATES TO DCD FILE NVT.dcd AT STEP 10020
WRITING COORDINATES TO DCD FILE NVT.dcd AT STEP 10030
WRITING COORDINATES TO DCD FILE NVT.dcd AT STEP 10040
WRITING COORDINATES TO DCD FILE NVT.dcd AT STEP 10050
WRITING COORDINATES TO DCD FILE NVT.dcd AT STEP 10060
WRITING COORDINATES TO DCD FILE NVT.dcd AT STEP 10070
WRITING COORDINATES TO DCD FILE NVT.dcd AT STEP 10080
WRITING COORDINATES TO DCD FILE NVT.dcd AT STEP 10090
WRITING COORDINATES TO DCD FILE NVT.dcd AT STEP 10100
WRITING COORDINATES TO DCD FILE NVT.dcd AT STEP 10110
WRITING COORDINATES TO DCD FILE NVT.dcd AT STEP 10120
WRITING COORDINATES TO DCD FILE NVT.dcd AT STEP 10130
WRITING COORDINATES TO DCD FILE NVT.dcd AT STEP 10140
LDB: ============= START OF LOAD BALANCING ============== 1697.01
LDB: ============== END OF LOAD BALANCING =============== 1697.01
LDB: =============== DONE WITH MIGRATION ================ 1697.01
WRITING COORDINATES TO DCD FILE NVT.dcd AT STEP 10150
WRITING COORDINATES TO DCD FILE NVT.dcd AT STEP 10160
WRITING COORDINATES TO DCD FILE NVT.dcd AT STEP 10170
WRITING COORDINATES TO DCD FILE NVT.dcd AT STEP 10180
WRITING COORDINATES TO DCD FILE NVT.dcd AT STEP 10190
LDB: ============= START OF LOAD BALANCING ============== 1705.26
LDB: ============== END OF LOAD BALANCING =============== 1705.26
LDB: =============== DONE WITH MIGRATION ================ 1705.26
WRITING COORDINATES TO DCD FILE NVT.dcd AT STEP 10200
WRITING COORDINATES TO DCD FILE NVT.dcd AT STEP 10210
WRITING COORDINATES TO DCD FILE NVT.dcd AT STEP 10220
WRITING COORDINATES TO DCD FILE NVT.dcd AT STEP 10230
WRITING COORDINATES TO DCD FILE NVT.dcd AT STEP 10240
WRITING COORDINATES TO DCD FILE NVT.dcd AT STEP 10250
WRITING COORDINATES TO DCD FILE NVT.dcd AT STEP 10260
WRITING COORDINATES TO DCD FILE NVT.dcd AT STEP 10270
WRITING COORDINATES TO DCD FILE NVT.dcd AT STEP 10280
WRITING COORDINATES TO DCD FILE NVT.dcd AT STEP 10290
WRITING COORDINATES TO DCD FILE NVT.dcd AT STEP 10300
WRITING COORDINATES TO DCD FILE NVT.dcd AT STEP 10310
WRITING COORDINATES TO DCD FILE NVT.dcd AT STEP 10320
WRITING COORDINATES TO DCD FILE NVT.dcd AT STEP 10330
WRITING COORDINATES TO DCD FILE NVT.dcd AT STEP 10340
WRITING COORDINATES TO DCD FILE NVT.dcd AT STEP 10350
WRITING COORDINATES TO DCD FILE NVT.dcd AT STEP 10360
WRITING COORDINATES TO DCD FILE NVT.dcd AT STEP 10370
WRITING COORDINATES TO DCD FILE NVT.dcd AT STEP 10380
WRITING COORDINATES TO DCD FILE NVT.dcd AT STEP 10390
WRITING COORDINATES TO DCD FILE NVT.dcd AT STEP 10400
WRITING COORDINATES TO DCD FILE NVT.dcd AT STEP 10410
WRITING COORDINATES TO DCD FILE NVT.dcd AT STEP 10420
WRITING COORDINATES TO DCD FILE NVT.dcd AT STEP 10430
WRITING COORDINATES TO DCD FILE NVT.dcd AT STEP 10440
WRITING COORDINATES TO DCD FILE NVT.dcd AT STEP 10450
WRITING COORDINATES TO DCD FILE NVT.dcd AT STEP 10460
WRITING COORDINATES TO DCD FILE NVT.dcd AT STEP 10470
WRITING COORDINATES TO DCD FILE NVT.dcd AT STEP 10480
WRITING COORDINATES TO DCD FILE NVT.dcd AT STEP 10490
WRITING COORDINATES TO DCD FILE NVT.dcd AT STEP 10500
WRITING COORDINATES TO DCD FILE NVT.dcd AT STEP 10510
WRITING COORDINATES TO DCD FILE NVT.dcd AT STEP 10520
WRITING COORDINATES TO DCD FILE NVT.dcd AT STEP 10530
WRITING COORDINATES TO DCD FILE NVT.dcd AT STEP 10540
WRITING COORDINATES TO DCD FILE NVT.dcd AT STEP 10550
WRITING COORDINATES TO DCD FILE NVT.dcd AT STEP 10560
WRITING COORDINATES TO DCD FILE NVT.dcd AT STEP 10570
WRITING COORDINATES TO DCD FILE NVT.dcd AT STEP 10580
WRITING COORDINATES TO DCD FILE NVT.dcd AT STEP 10590
WRITING COORDINATES TO DCD FILE NVT.dcd AT STEP 10600
WRITING COORDINATES TO DCD FILE NVT.dcd AT STEP 10610
WRITING COORDINATES TO DCD FILE NVT.dcd AT STEP 10620
WRITING COORDINATES TO DCD FILE NVT.dcd AT STEP 10630
WRITING COORDINATES TO DCD FILE NVT.dcd AT STEP 10640
WRITING COORDINATES TO DCD FILE NVT.dcd AT STEP 10650
WRITING COORDINATES TO DCD FILE NVT.dcd AT STEP 10660
WRITING COORDINATES TO DCD FILE NVT.dcd AT STEP 10670
WRITING COORDINATES TO DCD FILE NVT.dcd AT STEP 10680
WRITING COORDINATES TO DCD FILE NVT.dcd AT STEP 10690
WRITING COORDINATES TO DCD FILE NVT.dcd AT STEP 10700
WRITING COORDINATES TO DCD FILE NVT.dcd AT STEP 10710
WRITING COORDINATES TO DCD FILE NVT.dcd AT STEP 10720
WRITING COORDINATES TO DCD FILE NVT.dcd AT STEP 10730
WRITING COORDINATES TO DCD FILE NVT.dcd AT STEP 10740
WRITING COORDINATES TO DCD FILE NVT.dcd AT STEP 10750
WRITING COORDINATES TO DCD FILE NVT.dcd AT STEP 10760
WRITING COORDINATES TO DCD FILE NVT.dcd AT STEP 10770
WRITING COORDINATES TO DCD FILE NVT.dcd AT STEP 10780
WRITING COORDINATES TO DCD FILE NVT.dcd AT STEP 10790
WRITING COORDINATES TO DCD FILE NVT.dcd AT STEP 10800
WRITING COORDINATES TO DCD FILE NVT.dcd AT STEP 10810
WRITING COORDINATES TO DCD FILE NVT.dcd AT STEP 10820
WRITING COORDINATES TO DCD FILE NVT.dcd AT STEP 10830
WRITING COORDINATES TO DCD FILE NVT.dcd AT STEP 10840
WRITING COORDINATES TO DCD FILE NVT.dcd AT STEP 10850
WRITING COORDINATES TO DCD FILE NVT.dcd AT STEP 10860
WRITING COORDINATES TO DCD FILE NVT.dcd AT STEP 10870
WRITING COORDINATES TO DCD FILE NVT.dcd AT STEP 10880
WRITING COORDINATES TO DCD FILE NVT.dcd AT STEP 10890
WRITING COORDINATES TO DCD FILE NVT.dcd AT STEP 10900
WRITING COORDINATES TO DCD FILE NVT.dcd AT STEP 10910
WRITING COORDINATES TO DCD FILE NVT.dcd AT STEP 10920
WRITING COORDINATES TO DCD FILE NVT.dcd AT STEP 10930
WRITING COORDINATES TO DCD FILE NVT.dcd AT STEP 10940
WRITING COORDINATES TO DCD FILE NVT.dcd AT STEP 10950
WRITING COORDINATES TO DCD FILE NVT.dcd AT STEP 10960
WRITING COORDINATES TO DCD FILE NVT.dcd AT STEP 10970
WRITING COORDINATES TO DCD FILE NVT.dcd AT STEP 10980
WRITING COORDINATES TO DCD FILE NVT.dcd AT STEP 10990
PRESSURE: 11000 329.767 -197.734 -287.561 -197.734 -228.035 69.6055 -287.561 69.6055 -379.168
GPRESSURE: 11000 652.394 -212.159 -189.879 -273.671 -288.126 187.107 -156.636 79.7435 -586.225
PRESSAVG: 11000 -26.4989 15.5147 16.4087 15.5147 2.88918 -25.7493 16.4087 -25.7493 -62.2824
GPRESSAVG: 11000 -26.8462 15.0783 16.2583 15.4044 2.62684 -25.411 16.3855 -24.7206 -62.0932
ENERGY:   11000      1593.5291      9302.8294      5728.3795        68.8856         -60331.8389     -1400.2019         0.0000         0.0000     19051.5547         -25986.8625       307.4883    -45038.4172    -25834.8329       306.6471            -92.4785       -73.9859    267320.2643       -28.6307       -28.7709

WRITING COORDINATES TO DCD FILE NVT.dcd AT STEP 11000
WRITING COORDINATES TO DCD FILE NVT.dcd AT STEP 11010
WRITING COORDINATES TO DCD FILE NVT.dcd AT STEP 11020
WRITING COORDINATES TO DCD FILE NVT.dcd AT STEP 11030
WRITING COORDINATES TO DCD FILE NVT.dcd AT STEP 11040
WRITING COORDINATES TO DCD FILE NVT.dcd AT STEP 11050
WRITING COORDINATES TO DCD FILE NVT.dcd AT STEP 11060
WRITING COORDINATES TO DCD FILE NVT.dcd AT STEP 11070
WRITING COORDINATES TO DCD FILE NVT.dcd AT STEP 11080
WRITING COORDINATES TO DCD FILE NVT.dcd AT STEP 11090
WRITING COORDINATES TO DCD FILE NVT.dcd AT STEP 11100
WRITING COORDINATES TO DCD FILE NVT.dcd AT STEP 11110
WRITING COORDINATES TO DCD FILE NVT.dcd AT STEP 11120
WRITING COORDINATES TO DCD FILE NVT.dcd AT STEP 11130
WRITING COORDINATES TO DCD FILE NVT.dcd AT STEP 11140
WRITING COORDINATES TO DCD FILE NVT.dcd AT STEP 11150
WRITING COORDINATES TO DCD FILE NVT.dcd AT STEP 11160
WRITING COORDINATES TO DCD FILE NVT.dcd AT STEP 11170
WRITING COORDINATES TO DCD FILE NVT.dcd AT STEP 11180
WRITING COORDINATES TO DCD FILE NVT.dcd AT STEP 11190
WRITING COORDINATES TO DCD FILE NVT.dcd AT STEP 11200
WRITING COORDINATES TO DCD FILE NVT.dcd AT STEP 11210
WRITING COORDINATES TO DCD FILE NVT.dcd AT STEP 11220
WRITING COORDINATES TO DCD FILE NVT.dcd AT STEP 11230
WRITING COORDINATES TO DCD FILE NVT.dcd AT STEP 11240
WRITING COORDINATES TO DCD FILE NVT.dcd AT STEP 11250
WRITING COORDINATES TO DCD FILE NVT.dcd AT STEP 11260
WRITING COORDINATES TO DCD FILE NVT.dcd AT STEP 11270
WRITING COORDINATES TO DCD FILE NVT.dcd AT STEP 11280
WRITING COORDINATES TO DCD FILE NVT.dcd AT STEP 11290
WRITING COORDINATES TO DCD FILE NVT.dcd AT STEP 11300
WRITING COORDINATES TO DCD FILE NVT.dcd AT STEP 11310
WRITING COORDINATES TO DCD FILE NVT.dcd AT STEP 11320
WRITING COORDINATES TO DCD FILE NVT.dcd AT STEP 11330
WRITING COORDINATES TO DCD FILE NVT.dcd AT STEP 11340
WRITING COORDINATES TO DCD FILE NVT.dcd AT STEP 11350
WRITING COORDINATES TO DCD FILE NVT.dcd AT STEP 11360
WRITING COORDINATES TO DCD FILE NVT.dcd AT STEP 11370
WRITING COORDINATES TO DCD FILE NVT.dcd AT STEP 11380
WRITING COORDINATES TO DCD FILE NVT.dcd AT STEP 11390
WRITING COORDINATES TO DCD FILE NVT.dcd AT STEP 11400
WRITING COORDINATES TO DCD FILE NVT.dcd AT STEP 11410
WRITING COORDINATES TO DCD FILE NVT.dcd AT STEP 11420
WRITING COORDINATES TO DCD FILE NVT.dcd AT STEP 11430
WRITING COORDINATES TO DCD FILE NVT.dcd AT STEP 11440
WRITING COORDINATES TO DCD FILE NVT.dcd AT STEP 11450
WRITING COORDINATES TO DCD FILE NVT.dcd AT STEP 11460
WRITING COORDINATES TO DCD FILE NVT.dcd AT STEP 11470
WRITING COORDINATES TO DCD FILE NVT.dcd AT STEP 11480
WRITING COORDINATES TO DCD FILE NVT.dcd AT STEP 11490
WRITING COORDINATES TO DCD FILE NVT.dcd AT STEP 11500
WRITING COORDINATES TO DCD FILE NVT.dcd AT STEP 11510
WRITING COORDINATES TO DCD FILE NVT.dcd AT STEP 11520
WRITING COORDINATES TO DCD FILE NVT.dcd AT STEP 11530
WRITING COORDINATES TO DCD FILE NVT.dcd AT STEP 11540
WRITING COORDINATES TO DCD FILE NVT.dcd AT STEP 11550
WRITING COORDINATES TO DCD FILE NVT.dcd AT STEP 11560
WRITING COORDINATES TO DCD FILE NVT.dcd AT STEP 11570
WRITING COORDINATES TO DCD FILE NVT.dcd AT STEP 11580
WRITING COORDINATES TO DCD FILE NVT.dcd AT STEP 11590
WRITING COORDINATES TO DCD FILE NVT.dcd AT STEP 11600
WRITING COORDINATES TO DCD FILE NVT.dcd AT STEP 11610
WRITING COORDINATES TO DCD FILE NVT.dcd AT STEP 11620
WRITING COORDINATES TO DCD FILE NVT.dcd AT STEP 11630
WRITING COORDINATES TO DCD FILE NVT.dcd AT STEP 11640
WRITING COORDINATES TO DCD FILE NVT.dcd AT STEP 11650
WRITING COORDINATES TO DCD FILE NVT.dcd AT STEP 11660
WRITING COORDINATES TO DCD FILE NVT.dcd AT STEP 11670
WRITING COORDINATES TO DCD FILE NVT.dcd AT STEP 11680
WRITING COORDINATES TO DCD FILE NVT.dcd AT STEP 11690
WRITING COORDINATES TO DCD FILE NVT.dcd AT STEP 11700
WRITING COORDINATES TO DCD FILE NVT.dcd AT STEP 11710
WRITING COORDINATES TO DCD FILE NVT.dcd AT STEP 11720
WRITING COORDINATES TO DCD FILE NVT.dcd AT STEP 11730
WRITING COORDINATES TO DCD FILE NVT.dcd AT STEP 11740
WRITING COORDINATES TO DCD FILE NVT.dcd AT STEP 11750
WRITING COORDINATES TO DCD FILE NVT.dcd AT STEP 11760
WRITING COORDINATES TO DCD FILE NVT.dcd AT STEP 11770
WRITING COORDINATES TO DCD FILE NVT.dcd AT STEP 11780
WRITING COORDINATES TO DCD FILE NVT.dcd AT STEP 11790
WRITING COORDINATES TO DCD FILE NVT.dcd AT STEP 11800
WRITING COORDINATES TO DCD FILE NVT.dcd AT STEP 11810
WRITING COORDINATES TO DCD FILE NVT.dcd AT STEP 11820
WRITING COORDINATES TO DCD FILE NVT.dcd AT STEP 11830
WRITING COORDINATES TO DCD FILE NVT.dcd AT STEP 11840
WRITING COORDINATES TO DCD FILE NVT.dcd AT STEP 11850
WRITING COORDINATES TO DCD FILE NVT.dcd AT STEP 11860
WRITING COORDINATES TO DCD FILE NVT.dcd AT STEP 11870
WRITING COORDINATES TO DCD FILE NVT.dcd AT STEP 11880
WRITING COORDINATES TO DCD FILE NVT.dcd AT STEP 11890
WRITING COORDINATES TO DCD FILE NVT.dcd AT STEP 11900
WRITING COORDINATES TO DCD FILE NVT.dcd AT STEP 11910
WRITING COORDINATES TO DCD FILE NVT.dcd AT STEP 11920
WRITING COORDINATES TO DCD FILE NVT.dcd AT STEP 11930
WRITING COORDINATES TO DCD FILE NVT.dcd AT STEP 11940
WRITING COORDINATES TO DCD FILE NVT.dcd AT STEP 11950
WRITING COORDINATES TO DCD FILE NVT.dcd AT STEP 11960
WRITING COORDINATES TO DCD FILE NVT.dcd AT STEP 11970
WRITING COORDINATES TO DCD FILE NVT.dcd AT STEP 11980
WRITING COORDINATES TO DCD FILE NVT.dcd AT STEP 11990
PRESSURE: 12000 -204.218 296.738 -275.489 296.738 70.804 -85.8219 -275.489 -85.8219 -55.4947
GPRESSURE: 12000 -69.6436 465.67 -501.321 122.966 41.6186 -333.313 -109.501 -262.588 -127.333
PRESSAVG: 12000 61.3442 -1.9504 39.59 -1.9504 109.669 -25.2977 39.59 -25.2977 70.3741
GPRESSAVG: 12000 61.1892 -2.12221 39.5352 -1.2628 109.786 -25.761 40.337 -25.8023 70.2175
ENERGY:   12000      1596.2524      9306.9910      5712.9609        71.2459         -60522.4854     -1179.5751         0.0000         0.0000     18941.0413         -26073.5689       305.7047    -45014.6102    -25918.2724       305.4973            -62.9696       -51.7860    267320.2643        80.4624        80.3974

WRITING COORDINATES TO DCD FILE NVT.dcd AT STEP 12000
WRITING COORDINATES TO DCD FILE NVT.dcd AT STEP 12010
WRITING COORDINATES TO DCD FILE NVT.dcd AT STEP 12020
WRITING COORDINATES TO DCD FILE NVT.dcd AT STEP 12030
WRITING COORDINATES TO DCD FILE NVT.dcd AT STEP 12040
WRITING COORDINATES TO DCD FILE NVT.dcd AT STEP 12050
WRITING COORDINATES TO DCD FILE NVT.dcd AT STEP 12060
WRITING COORDINATES TO DCD FILE NVT.dcd AT STEP 12070
WRITING COORDINATES TO DCD FILE NVT.dcd AT STEP 12080
WRITING COORDINATES TO DCD FILE NVT.dcd AT STEP 12090
WRITING COORDINATES TO DCD FILE NVT.dcd AT STEP 12100
WRITING COORDINATES TO DCD FILE NVT.dcd AT STEP 12110
WRITING COORDINATES TO DCD FILE NVT.dcd AT STEP 12120
WRITING COORDINATES TO DCD FILE NVT.dcd AT STEP 12130
WRITING COORDINATES TO DCD FILE NVT.dcd AT STEP 12140
LDB: ============= START OF LOAD BALANCING ============== 2028.59
LDB: ============== END OF LOAD BALANCING =============== 2028.59
LDB: =============== DONE WITH MIGRATION ================ 2028.59
WRITING COORDINATES TO DCD FILE NVT.dcd AT STEP 12150
WRITING COORDINATES TO DCD FILE NVT.dcd AT STEP 12160
WRITING COORDINATES TO DCD FILE NVT.dcd AT STEP 12170
WRITING COORDINATES TO DCD FILE NVT.dcd AT STEP 12180
WRITING COORDINATES TO DCD FILE NVT.dcd AT STEP 12190
LDB: ============= START OF LOAD BALANCING ============== 2036.86
LDB: ============== END OF LOAD BALANCING =============== 2036.86
LDB: =============== DONE WITH MIGRATION ================ 2036.86
WRITING COORDINATES TO DCD FILE NVT.dcd AT STEP 12200
WRITING COORDINATES TO DCD FILE NVT.dcd AT STEP 12210
WRITING COORDINATES TO DCD FILE NVT.dcd AT STEP 12220
WRITING COORDINATES TO DCD FILE NVT.dcd AT STEP 12230
WRITING COORDINATES TO DCD FILE NVT.dcd AT STEP 12240
WRITING COORDINATES TO DCD FILE NVT.dcd AT STEP 12250
WRITING COORDINATES TO DCD FILE NVT.dcd AT STEP 12260
WRITING COORDINATES TO DCD FILE NVT.dcd AT STEP 12270
WRITING COORDINATES TO DCD FILE NVT.dcd AT STEP 12280
WRITING COORDINATES TO DCD FILE NVT.dcd AT STEP 12290
WRITING COORDINATES TO DCD FILE NVT.dcd AT STEP 12300
WRITING COORDINATES TO DCD FILE NVT.dcd AT STEP 12310
WRITING COORDINATES TO DCD FILE NVT.dcd AT STEP 12320
WRITING COORDINATES TO DCD FILE NVT.dcd AT STEP 12330
WRITING COORDINATES TO DCD FILE NVT.dcd AT STEP 12340
WRITING COORDINATES TO DCD FILE NVT.dcd AT STEP 12350
WRITING COORDINATES TO DCD FILE NVT.dcd AT STEP 12360
WRITING COORDINATES TO DCD FILE NVT.dcd AT STEP 12370
WRITING COORDINATES TO DCD FILE NVT.dcd AT STEP 12380
WRITING COORDINATES TO DCD FILE NVT.dcd AT STEP 12390
WRITING COORDINATES TO DCD FILE NVT.dcd AT STEP 12400
WRITING COORDINATES TO DCD FILE NVT.dcd AT STEP 12410
WRITING COORDINATES TO DCD FILE NVT.dcd AT STEP 12420
WRITING COORDINATES TO DCD FILE NVT.dcd AT STEP 12430
WRITING COORDINATES TO DCD FILE NVT.dcd AT STEP 12440
WRITING COORDINATES TO DCD FILE NVT.dcd AT STEP 12450
WRITING COORDINATES TO DCD FILE NVT.dcd AT STEP 12460
WRITING COORDINATES TO DCD FILE NVT.dcd AT STEP 12470
WRITING COORDINATES TO DCD FILE NVT.dcd AT STEP 12480
WRITING COORDINATES TO DCD FILE NVT.dcd AT STEP 12490
WRITING COORDINATES TO DCD FILE NVT.dcd AT STEP 12500
WRITING COORDINATES TO DCD FILE NVT.dcd AT STEP 12510
WRITING COORDINATES TO DCD FILE NVT.dcd AT STEP 12520
WRITING COORDINATES TO DCD FILE NVT.dcd AT STEP 12530
WRITING COORDINATES TO DCD FILE NVT.dcd AT STEP 12540
WRITING COORDINATES TO DCD FILE NVT.dcd AT STEP 12550
WRITING COORDINATES TO DCD FILE NVT.dcd AT STEP 12560
WRITING COORDINATES TO DCD FILE NVT.dcd AT STEP 12570
WRITING COORDINATES TO DCD FILE NVT.dcd AT STEP 12580
WRITING COORDINATES TO DCD FILE NVT.dcd AT STEP 12590
WRITING COORDINATES TO DCD FILE NVT.dcd AT STEP 12600
WRITING COORDINATES TO DCD FILE NVT.dcd AT STEP 12610
WRITING COORDINATES TO DCD FILE NVT.dcd AT STEP 12620
WRITING COORDINATES TO DCD FILE NVT.dcd AT STEP 12630
WRITING COORDINATES TO DCD FILE NVT.dcd AT STEP 12640
WRITING COORDINATES TO DCD FILE NVT.dcd AT STEP 12650
WRITING COORDINATES TO DCD FILE NVT.dcd AT STEP 12660
WRITING COORDINATES TO DCD FILE NVT.dcd AT STEP 12670
WRITING COORDINATES TO DCD FILE NVT.dcd AT STEP 12680
WRITING COORDINATES TO DCD FILE NVT.dcd AT STEP 12690
WRITING COORDINATES TO DCD FILE NVT.dcd AT STEP 12700
WRITING COORDINATES TO DCD FILE NVT.dcd AT STEP 12710
WRITING COORDINATES TO DCD FILE NVT.dcd AT STEP 12720
WRITING COORDINATES TO DCD FILE NVT.dcd AT STEP 12730
WRITING COORDINATES TO DCD FILE NVT.dcd AT STEP 12740
WRITING COORDINATES TO DCD FILE NVT.dcd AT STEP 12750
WRITING COORDINATES TO DCD FILE NVT.dcd AT STEP 12760
WRITING COORDINATES TO DCD FILE NVT.dcd AT STEP 12770
WRITING COORDINATES TO DCD FILE NVT.dcd AT STEP 12780
WRITING COORDINATES TO DCD FILE NVT.dcd AT STEP 12790
WRITING COORDINATES TO DCD FILE NVT.dcd AT STEP 12800
WRITING COORDINATES TO DCD FILE NVT.dcd AT STEP 12810
WRITING COORDINATES TO DCD FILE NVT.dcd AT STEP 12820
WRITING COORDINATES TO DCD FILE NVT.dcd AT STEP 12830
WRITING COORDINATES TO DCD FILE NVT.dcd AT STEP 12840
WRITING COORDINATES TO DCD FILE NVT.dcd AT STEP 12850
WRITING COORDINATES TO DCD FILE NVT.dcd AT STEP 12860
WRITING COORDINATES TO DCD FILE NVT.dcd AT STEP 12870
WRITING COORDINATES TO DCD FILE NVT.dcd AT STEP 12880
WRITING COORDINATES TO DCD FILE NVT.dcd AT STEP 12890
WRITING COORDINATES TO DCD FILE NVT.dcd AT STEP 12900
WRITING COORDINATES TO DCD FILE NVT.dcd AT STEP 12910
WRITING COORDINATES TO DCD FILE NVT.dcd AT STEP 12920
WRITING COORDINATES TO DCD FILE NVT.dcd AT STEP 12930
WRITING COORDINATES TO DCD FILE NVT.dcd AT STEP 12940
WRITING COORDINATES TO DCD FILE NVT.dcd AT STEP 12950
WRITING COORDINATES TO DCD FILE NVT.dcd AT STEP 12960
WRITING COORDINATES TO DCD FILE NVT.dcd AT STEP 12970
WRITING COORDINATES TO DCD FILE NVT.dcd AT STEP 12980
WRITING COORDINATES TO DCD FILE NVT.dcd AT STEP 12990
PRESSURE: 13000 -28.3235 141.498 -113.505 141.498 -614.52 301.012 -113.505 301.012 70.0136
GPRESSURE: 13000 31.7989 170.314 -144.829 -13.6072 -584.083 228.93 119.369 178.215 33.6792
PRESSAVG: 13000 75.6791 3.15537 -38.5591 3.15537 194.941 23.0467 -38.5591 23.0467 122.607
GPRESSAVG: 13000 75.5737 3.99939 -39.1043 2.7798 194.966 24.2752 -38.9873 22.5169 122.661
ENERGY:   13000      1590.2396      9233.5745      5777.2330        72.7376         -60636.0810     -1152.1370         0.0000         0.0000     19031.0175         -26083.4157       307.1569    -45114.4332    -25928.0395       305.7767           -190.9433      -172.8682    267320.2643       131.0755       131.0672

WRITING COORDINATES TO DCD FILE NVT.dcd AT STEP 13000
WRITING COORDINATES TO DCD FILE NVT.dcd AT STEP 13010
WRITING COORDINATES TO DCD FILE NVT.dcd AT STEP 13020
WRITING COORDINATES TO DCD FILE NVT.dcd AT STEP 13030
WRITING COORDINATES TO DCD FILE NVT.dcd AT STEP 13040
WRITING COORDINATES TO DCD FILE NVT.dcd AT STEP 13050
WRITING COORDINATES TO DCD FILE NVT.dcd AT STEP 13060
WRITING COORDINATES TO DCD FILE NVT.dcd AT STEP 13070
WRITING COORDINATES TO DCD FILE NVT.dcd AT STEP 13080
WRITING COORDINATES TO DCD FILE NVT.dcd AT STEP 13090
WRITING COORDINATES TO DCD FILE NVT.dcd AT STEP 13100
WRITING COORDINATES TO DCD FILE NVT.dcd AT STEP 13110
WRITING COORDINATES TO DCD FILE NVT.dcd AT STEP 13120
WRITING COORDINATES TO DCD FILE NVT.dcd AT STEP 13130
WRITING COORDINATES TO DCD FILE NVT.dcd AT STEP 13140
WRITING COORDINATES TO DCD FILE NVT.dcd AT STEP 13150
WRITING COORDINATES TO DCD FILE NVT.dcd AT STEP 13160
WRITING COORDINATES TO DCD FILE NVT.dcd AT STEP 13170
WRITING COORDINATES TO DCD FILE NVT.dcd AT STEP 13180
WRITING COORDINATES TO DCD FILE NVT.dcd AT STEP 13190
WRITING COORDINATES TO DCD FILE NVT.dcd AT STEP 13200
WRITING COORDINATES TO DCD FILE NVT.dcd AT STEP 13210
WRITING COORDINATES TO DCD FILE NVT.dcd AT STEP 13220
WRITING COORDINATES TO DCD FILE NVT.dcd AT STEP 13230
WRITING COORDINATES TO DCD FILE NVT.dcd AT STEP 13240
WRITING COORDINATES TO DCD FILE NVT.dcd AT STEP 13250
WRITING COORDINATES TO DCD FILE NVT.dcd AT STEP 13260
WRITING COORDINATES TO DCD FILE NVT.dcd AT STEP 13270
WRITING COORDINATES TO DCD FILE NVT.dcd AT STEP 13280
WRITING COORDINATES TO DCD FILE NVT.dcd AT STEP 13290
WRITING COORDINATES TO DCD FILE NVT.dcd AT STEP 13300
WRITING COORDINATES TO DCD FILE NVT.dcd AT STEP 13310
WRITING COORDINATES TO DCD FILE NVT.dcd AT STEP 13320
WRITING COORDINATES TO DCD FILE NVT.dcd AT STEP 13330
WRITING COORDINATES TO DCD FILE NVT.dcd AT STEP 13340
WRITING COORDINATES TO DCD FILE NVT.dcd AT STEP 13350
WRITING COORDINATES TO DCD FILE NVT.dcd AT STEP 13360
WRITING COORDINATES TO DCD FILE NVT.dcd AT STEP 13370
WRITING COORDINATES TO DCD FILE NVT.dcd AT STEP 13380
WRITING COORDINATES TO DCD FILE NVT.dcd AT STEP 13390
WRITING COORDINATES TO DCD FILE NVT.dcd AT STEP 13400
WRITING COORDINATES TO DCD FILE NVT.dcd AT STEP 13410
WRITING COORDINATES TO DCD FILE NVT.dcd AT STEP 13420
WRITING COORDINATES TO DCD FILE NVT.dcd AT STEP 13430
WRITING COORDINATES TO DCD FILE NVT.dcd AT STEP 13440
WRITING COORDINATES TO DCD FILE NVT.dcd AT STEP 13450
WRITING COORDINATES TO DCD FILE NVT.dcd AT STEP 13460
WRITING COORDINATES TO DCD FILE NVT.dcd AT STEP 13470
WRITING COORDINATES TO DCD FILE NVT.dcd AT STEP 13480
WRITING COORDINATES TO DCD FILE NVT.dcd AT STEP 13490
WRITING COORDINATES TO DCD FILE NVT.dcd AT STEP 13500
WRITING COORDINATES TO DCD FILE NVT.dcd AT STEP 13510
WRITING COORDINATES TO DCD FILE NVT.dcd AT STEP 13520
WRITING COORDINATES TO DCD FILE NVT.dcd AT STEP 13530
WRITING COORDINATES TO DCD FILE NVT.dcd AT STEP 13540
WRITING COORDINATES TO DCD FILE NVT.dcd AT STEP 13550
WRITING COORDINATES TO DCD FILE NVT.dcd AT STEP 13560
WRITING COORDINATES TO DCD FILE NVT.dcd AT STEP 13570
WRITING COORDINATES TO DCD FILE NVT.dcd AT STEP 13580
WRITING COORDINATES TO DCD FILE NVT.dcd AT STEP 13590
WRITING COORDINATES TO DCD FILE NVT.dcd AT STEP 13600
WRITING COORDINATES TO DCD FILE NVT.dcd AT STEP 13610
WRITING COORDINATES TO DCD FILE NVT.dcd AT STEP 13620
WRITING COORDINATES TO DCD FILE NVT.dcd AT STEP 13630
WRITING COORDINATES TO DCD FILE NVT.dcd AT STEP 13640
WRITING COORDINATES TO DCD FILE NVT.dcd AT STEP 13650
WRITING COORDINATES TO DCD FILE NVT.dcd AT STEP 13660
WRITING COORDINATES TO DCD FILE NVT.dcd AT STEP 13670
WRITING COORDINATES TO DCD FILE NVT.dcd AT STEP 13680
WRITING COORDINATES TO DCD FILE NVT.dcd AT STEP 13690
WRITING COORDINATES TO DCD FILE NVT.dcd AT STEP 13700
WRITING COORDINATES TO DCD FILE NVT.dcd AT STEP 13710
WRITING COORDINATES TO DCD FILE NVT.dcd AT STEP 13720
WRITING COORDINATES TO DCD FILE NVT.dcd AT STEP 13730
WRITING COORDINATES TO DCD FILE NVT.dcd AT STEP 13740
WRITING COORDINATES TO DCD FILE NVT.dcd AT STEP 13750
WRITING COORDINATES TO DCD FILE NVT.dcd AT STEP 13760
WRITING COORDINATES TO DCD FILE NVT.dcd AT STEP 13770
WRITING COORDINATES TO DCD FILE NVT.dcd AT STEP 13780
WRITING COORDINATES TO DCD FILE NVT.dcd AT STEP 13790
WRITING COORDINATES TO DCD FILE NVT.dcd AT STEP 13800
WRITING COORDINATES TO DCD FILE NVT.dcd AT STEP 13810
WRITING COORDINATES TO DCD FILE NVT.dcd AT STEP 13820
WRITING COORDINATES TO DCD FILE NVT.dcd AT STEP 13830
WRITING COORDINATES TO DCD FILE NVT.dcd AT STEP 13840
WRITING COORDINATES TO DCD FILE NVT.dcd AT STEP 13850
WRITING COORDINATES TO DCD FILE NVT.dcd AT STEP 13860
WRITING COORDINATES TO DCD FILE NVT.dcd AT STEP 13870
WRITING COORDINATES TO DCD FILE NVT.dcd AT STEP 13880
WRITING COORDINATES TO DCD FILE NVT.dcd AT STEP 13890
WRITING COORDINATES TO DCD FILE NVT.dcd AT STEP 13900
WRITING COORDINATES TO DCD FILE NVT.dcd AT STEP 13910
WRITING COORDINATES TO DCD FILE NVT.dcd AT STEP 13920
WRITING COORDINATES TO DCD FILE NVT.dcd AT STEP 13930
WRITING COORDINATES TO DCD FILE NVT.dcd AT STEP 13940
WRITING COORDINATES TO DCD FILE NVT.dcd AT STEP 13950
WRITING COORDINATES TO DCD FILE NVT.dcd AT STEP 13960
WRITING COORDINATES TO DCD FILE NVT.dcd AT STEP 13970
WRITING COORDINATES TO DCD FILE NVT.dcd AT STEP 13980
WRITING COORDINATES TO DCD FILE NVT.dcd AT STEP 13990
PRESSURE: 14000 -354.661 -96.939 162.077 -96.939 -657.022 -274.524 162.077 -274.524 -379.426
GPRESSURE: 14000 -300.501 -106.592 150.497 106.032 -632.511 -58.7265 125.15 -478.648 -426.932
PRESSAVG: 14000 31.1024 17.4743 0.200038 17.4743 33.7711 28.609 0.200038 28.609 3.50869
GPRESSAVG: 14000 31.5381 16.7328 1.18946 17.7496 33.9427 27.7767 -0.741557 28.5841 3.18872
ENERGY:   14000      1598.6009      9248.4629      5775.0250        83.8955         -60490.3189     -1326.9402         0.0000         0.0000     18772.3670         -26338.9079       302.9823    -45111.2749    -26183.9231       304.3923           -463.7031      -453.3147    267320.2643        22.7940        22.8898

WRITING COORDINATES TO DCD FILE NVT.dcd AT STEP 14000
WRITING COORDINATES TO DCD FILE NVT.dcd AT STEP 14010
WRITING COORDINATES TO DCD FILE NVT.dcd AT STEP 14020
WRITING COORDINATES TO DCD FILE NVT.dcd AT STEP 14030
WRITING COORDINATES TO DCD FILE NVT.dcd AT STEP 14040
WRITING COORDINATES TO DCD FILE NVT.dcd AT STEP 14050
WRITING COORDINATES TO DCD FILE NVT.dcd AT STEP 14060
WRITING COORDINATES TO DCD FILE NVT.dcd AT STEP 14070
WRITING COORDINATES TO DCD FILE NVT.dcd AT STEP 14080
WRITING COORDINATES TO DCD FILE NVT.dcd AT STEP 14090
WRITING COORDINATES TO DCD FILE NVT.dcd AT STEP 14100
WRITING COORDINATES TO DCD FILE NVT.dcd AT STEP 14110
WRITING COORDINATES TO DCD FILE NVT.dcd AT STEP 14120
WRITING COORDINATES TO DCD FILE NVT.dcd AT STEP 14130
WRITING COORDINATES TO DCD FILE NVT.dcd AT STEP 14140
LDB: ============= START OF LOAD BALANCING ============== 2359.45
LDB: ============== END OF LOAD BALANCING =============== 2359.45
LDB: =============== DONE WITH MIGRATION ================ 2359.45
WRITING COORDINATES TO DCD FILE NVT.dcd AT STEP 14150
WRITING COORDINATES TO DCD FILE NVT.dcd AT STEP 14160
WRITING COORDINATES TO DCD FILE NVT.dcd AT STEP 14170
WRITING COORDINATES TO DCD FILE NVT.dcd AT STEP 14180
WRITING COORDINATES TO DCD FILE NVT.dcd AT STEP 14190
LDB: ============= START OF LOAD BALANCING ============== 2367.71
LDB: ============== END OF LOAD BALANCING =============== 2367.71
LDB: =============== DONE WITH MIGRATION ================ 2367.71
WRITING COORDINATES TO DCD FILE NVT.dcd AT STEP 14200
WRITING COORDINATES TO DCD FILE NVT.dcd AT STEP 14210
WRITING COORDINATES TO DCD FILE NVT.dcd AT STEP 14220
WRITING COORDINATES TO DCD FILE NVT.dcd AT STEP 14230
WRITING COORDINATES TO DCD FILE NVT.dcd AT STEP 14240
WRITING COORDINATES TO DCD FILE NVT.dcd AT STEP 14250
WRITING COORDINATES TO DCD FILE NVT.dcd AT STEP 14260
WRITING COORDINATES TO DCD FILE NVT.dcd AT STEP 14270
WRITING COORDINATES TO DCD FILE NVT.dcd AT STEP 14280
WRITING COORDINATES TO DCD FILE NVT.dcd AT STEP 14290
WRITING COORDINATES TO DCD FILE NVT.dcd AT STEP 14300
WRITING COORDINATES TO DCD FILE NVT.dcd AT STEP 14310
WRITING COORDINATES TO DCD FILE NVT.dcd AT STEP 14320
WRITING COORDINATES TO DCD FILE NVT.dcd AT STEP 14330
WRITING COORDINATES TO DCD FILE NVT.dcd AT STEP 14340
WRITING COORDINATES TO DCD FILE NVT.dcd AT STEP 14350
WRITING COORDINATES TO DCD FILE NVT.dcd AT STEP 14360
WRITING COORDINATES TO DCD FILE NVT.dcd AT STEP 14370
WRITING COORDINATES TO DCD FILE NVT.dcd AT STEP 14380
WRITING COORDINATES TO DCD FILE NVT.dcd AT STEP 14390
WRITING COORDINATES TO DCD FILE NVT.dcd AT STEP 14400
WRITING COORDINATES TO DCD FILE NVT.dcd AT STEP 14410
WRITING COORDINATES TO DCD FILE NVT.dcd AT STEP 14420
WRITING COORDINATES TO DCD FILE NVT.dcd AT STEP 14430
WRITING COORDINATES TO DCD FILE NVT.dcd AT STEP 14440
WRITING COORDINATES TO DCD FILE NVT.dcd AT STEP 14450
WRITING COORDINATES TO DCD FILE NVT.dcd AT STEP 14460
WRITING COORDINATES TO DCD FILE NVT.dcd AT STEP 14470
WRITING COORDINATES TO DCD FILE NVT.dcd AT STEP 14480
WRITING COORDINATES TO DCD FILE NVT.dcd AT STEP 14490
WRITING COORDINATES TO DCD FILE NVT.dcd AT STEP 14500
WRITING COORDINATES TO DCD FILE NVT.dcd AT STEP 14510
WRITING COORDINATES TO DCD FILE NVT.dcd AT STEP 14520
WRITING COORDINATES TO DCD FILE NVT.dcd AT STEP 14530
WRITING COORDINATES TO DCD FILE NVT.dcd AT STEP 14540
WRITING COORDINATES TO DCD FILE NVT.dcd AT STEP 14550
WRITING COORDINATES TO DCD FILE NVT.dcd AT STEP 14560
WRITING COORDINATES TO DCD FILE NVT.dcd AT STEP 14570
WRITING COORDINATES TO DCD FILE NVT.dcd AT STEP 14580
WRITING COORDINATES TO DCD FILE NVT.dcd AT STEP 14590
WRITING COORDINATES TO DCD FILE NVT.dcd AT STEP 14600
WRITING COORDINATES TO DCD FILE NVT.dcd AT STEP 14610
WRITING COORDINATES TO DCD FILE NVT.dcd AT STEP 14620
WRITING COORDINATES TO DCD FILE NVT.dcd AT STEP 14630
WRITING COORDINATES TO DCD FILE NVT.dcd AT STEP 14640
WRITING COORDINATES TO DCD FILE NVT.dcd AT STEP 14650
WRITING COORDINATES TO DCD FILE NVT.dcd AT STEP 14660
WRITING COORDINATES TO DCD FILE NVT.dcd AT STEP 14670
WRITING COORDINATES TO DCD FILE NVT.dcd AT STEP 14680
WRITING COORDINATES TO DCD FILE NVT.dcd AT STEP 14690
WRITING COORDINATES TO DCD FILE NVT.dcd AT STEP 14700
WRITING COORDINATES TO DCD FILE NVT.dcd AT STEP 14710
WRITING COORDINATES TO DCD FILE NVT.dcd AT STEP 14720
WRITING COORDINATES TO DCD FILE NVT.dcd AT STEP 14730
WRITING COORDINATES TO DCD FILE NVT.dcd AT STEP 14740
WRITING COORDINATES TO DCD FILE NVT.dcd AT STEP 14750
WRITING COORDINATES TO DCD FILE NVT.dcd AT STEP 14760
WRITING COORDINATES TO DCD FILE NVT.dcd AT STEP 14770
WRITING COORDINATES TO DCD FILE NVT.dcd AT STEP 14780
WRITING COORDINATES TO DCD FILE NVT.dcd AT STEP 14790
WRITING COORDINATES TO DCD FILE NVT.dcd AT STEP 14800
WRITING COORDINATES TO DCD FILE NVT.dcd AT STEP 14810
WRITING COORDINATES TO DCD FILE NVT.dcd AT STEP 14820
WRITING COORDINATES TO DCD FILE NVT.dcd AT STEP 14830
WRITING COORDINATES TO DCD FILE NVT.dcd AT STEP 14840
WRITING COORDINATES TO DCD FILE NVT.dcd AT STEP 14850
WRITING COORDINATES TO DCD FILE NVT.dcd AT STEP 14860
WRITING COORDINATES TO DCD FILE NVT.dcd AT STEP 14870
WRITING COORDINATES TO DCD FILE NVT.dcd AT STEP 14880
WRITING COORDINATES TO DCD FILE NVT.dcd AT STEP 14890
WRITING COORDINATES TO DCD FILE NVT.dcd AT STEP 14900
WRITING COORDINATES TO DCD FILE NVT.dcd AT STEP 14910
WRITING COORDINATES TO DCD FILE NVT.dcd AT STEP 14920
WRITING COORDINATES TO DCD FILE NVT.dcd AT STEP 14930
WRITING COORDINATES TO DCD FILE NVT.dcd AT STEP 14940
WRITING COORDINATES TO DCD FILE NVT.dcd AT STEP 14950
WRITING COORDINATES TO DCD FILE NVT.dcd AT STEP 14960
WRITING COORDINATES TO DCD FILE NVT.dcd AT STEP 14970
WRITING COORDINATES TO DCD FILE NVT.dcd AT STEP 14980
WRITING COORDINATES TO DCD FILE NVT.dcd AT STEP 14990
PRESSURE: 15000 214.618 16.7408 252.363 16.7408 68.6186 -184.357 252.363 -184.357 -295.384
GPRESSURE: 15000 280.245 44.7314 310.493 73.8196 49.4036 -92.1718 326.319 -91.4429 -280.415
PRESSAVG: 15000 52.5028 -0.882701 -19.1714 -0.882701 91.2033 -13.843 -19.1714 -13.843 14.8897
GPRESSAVG: 15000 52.2787 0.0484276 -19.088 -1.31693 91.4611 -13.5862 -18.4484 -14.6075 15.0815
ENERGY:   15000      1594.4978      9240.0201      5763.4795        91.9596         -60596.1901     -1185.5646         0.0000         0.0000     19141.0843         -25950.7135       308.9333    -45091.7978    -25797.5922       305.4872             -4.0490        16.4112    267320.2643        52.8653        52.9404

WRITING EXTENDED SYSTEM TO RESTART FILE AT STEP 15000
WRITING COORDINATES TO DCD FILE NVT.dcd AT STEP 15000
WRITING COORDINATES TO RESTART FILE AT STEP 15000
FINISHED WRITING RESTART COORDINATES
WRITING VELOCITIES TO RESTART FILE AT STEP 15000
FINISHED WRITING RESTART VELOCITIES
The last velocity output (seq=15000) takes 0.000 seconds, 876.240 MB of memory in use
WRITING COORDINATES TO DCD FILE NVT.dcd AT STEP 15010
WRITING COORDINATES TO DCD FILE NVT.dcd AT STEP 15020
WRITING COORDINATES TO DCD FILE NVT.dcd AT STEP 15030
WRITING COORDINATES TO DCD FILE NVT.dcd AT STEP 15040
WRITING COORDINATES TO DCD FILE NVT.dcd AT STEP 15050
WRITING COORDINATES TO DCD FILE NVT.dcd AT STEP 15060
WRITING COORDINATES TO DCD FILE NVT.dcd AT STEP 15070
WRITING COORDINATES TO DCD FILE NVT.dcd AT STEP 15080
WRITING COORDINATES TO DCD FILE NVT.dcd AT STEP 15090
WRITING COORDINATES TO DCD FILE NVT.dcd AT STEP 15100
WRITING COORDINATES TO DCD FILE NVT.dcd AT STEP 15110
WRITING COORDINATES TO DCD FILE NVT.dcd AT STEP 15120
WRITING COORDINATES TO DCD FILE NVT.dcd AT STEP 15130
WRITING COORDINATES TO DCD FILE NVT.dcd AT STEP 15140
WRITING COORDINATES TO DCD FILE NVT.dcd AT STEP 15150
WRITING COORDINATES TO DCD FILE NVT.dcd AT STEP 15160
WRITING COORDINATES TO DCD FILE NVT.dcd AT STEP 15170
WRITING COORDINATES TO DCD FILE NVT.dcd AT STEP 15180
WRITING COORDINATES TO DCD FILE NVT.dcd AT STEP 15190
WRITING COORDINATES TO DCD FILE NVT.dcd AT STEP 15200
WRITING COORDINATES TO DCD FILE NVT.dcd AT STEP 15210
WRITING COORDINATES TO DCD FILE NVT.dcd AT STEP 15220
WRITING COORDINATES TO DCD FILE NVT.dcd AT STEP 15230
WRITING COORDINATES TO DCD FILE NVT.dcd AT STEP 15240
WRITING COORDINATES TO DCD FILE NVT.dcd AT STEP 15250
WRITING COORDINATES TO DCD FILE NVT.dcd AT STEP 15260
WRITING COORDINATES TO DCD FILE NVT.dcd AT STEP 15270
WRITING COORDINATES TO DCD FILE NVT.dcd AT STEP 15280
WRITING COORDINATES TO DCD FILE NVT.dcd AT STEP 15290
WRITING COORDINATES TO DCD FILE NVT.dcd AT STEP 15300
WRITING COORDINATES TO DCD FILE NVT.dcd AT STEP 15310
WRITING COORDINATES TO DCD FILE NVT.dcd AT STEP 15320
WRITING COORDINATES TO DCD FILE NVT.dcd AT STEP 15330
WRITING COORDINATES TO DCD FILE NVT.dcd AT STEP 15340
WRITING COORDINATES TO DCD FILE NVT.dcd AT STEP 15350
WRITING COORDINATES TO DCD FILE NVT.dcd AT STEP 15360
WRITING COORDINATES TO DCD FILE NVT.dcd AT STEP 15370
WRITING COORDINATES TO DCD FILE NVT.dcd AT STEP 15380
WRITING COORDINATES TO DCD FILE NVT.dcd AT STEP 15390
WRITING COORDINATES TO DCD FILE NVT.dcd AT STEP 15400
WRITING COORDINATES TO DCD FILE NVT.dcd AT STEP 15410
WRITING COORDINATES TO DCD FILE NVT.dcd AT STEP 15420
WRITING COORDINATES TO DCD FILE NVT.dcd AT STEP 15430
WRITING COORDINATES TO DCD FILE NVT.dcd AT STEP 15440
WRITING COORDINATES TO DCD FILE NVT.dcd AT STEP 15450
WRITING COORDINATES TO DCD FILE NVT.dcd AT STEP 15460
WRITING COORDINATES TO DCD FILE NVT.dcd AT STEP 15470
WRITING COORDINATES TO DCD FILE NVT.dcd AT STEP 15480
WRITING COORDINATES TO DCD FILE NVT.dcd AT STEP 15490
WRITING COORDINATES TO DCD FILE NVT.dcd AT STEP 15500
WRITING COORDINATES TO DCD FILE NVT.dcd AT STEP 15510
WRITING COORDINATES TO DCD FILE NVT.dcd AT STEP 15520
WRITING COORDINATES TO DCD FILE NVT.dcd AT STEP 15530
WRITING COORDINATES TO DCD FILE NVT.dcd AT STEP 15540
WRITING COORDINATES TO DCD FILE NVT.dcd AT STEP 15550
WRITING COORDINATES TO DCD FILE NVT.dcd AT STEP 15560
WRITING COORDINATES TO DCD FILE NVT.dcd AT STEP 15570
WRITING COORDINATES TO DCD FILE NVT.dcd AT STEP 15580
WRITING COORDINATES TO DCD FILE NVT.dcd AT STEP 15590
WRITING COORDINATES TO DCD FILE NVT.dcd AT STEP 15600
WRITING COORDINATES TO DCD FILE NVT.dcd AT STEP 15610
WRITING COORDINATES TO DCD FILE NVT.dcd AT STEP 15620
WRITING COORDINATES TO DCD FILE NVT.dcd AT STEP 15630
WRITING COORDINATES TO DCD FILE NVT.dcd AT STEP 15640
WRITING COORDINATES TO DCD FILE NVT.dcd AT STEP 15650
WRITING COORDINATES TO DCD FILE NVT.dcd AT STEP 15660
WRITING COORDINATES TO DCD FILE NVT.dcd AT STEP 15670
WRITING COORDINATES TO DCD FILE NVT.dcd AT STEP 15680
WRITING COORDINATES TO DCD FILE NVT.dcd AT STEP 15690
WRITING COORDINATES TO DCD FILE NVT.dcd AT STEP 15700
WRITING COORDINATES TO DCD FILE NVT.dcd AT STEP 15710
WRITING COORDINATES TO DCD FILE NVT.dcd AT STEP 15720
WRITING COORDINATES TO DCD FILE NVT.dcd AT STEP 15730
WRITING COORDINATES TO DCD FILE NVT.dcd AT STEP 15740
WRITING COORDINATES TO DCD FILE NVT.dcd AT STEP 15750
WRITING COORDINATES TO DCD FILE NVT.dcd AT STEP 15760
WRITING COORDINATES TO DCD FILE NVT.dcd AT STEP 15770
WRITING COORDINATES TO DCD FILE NVT.dcd AT STEP 15780
WRITING COORDINATES TO DCD FILE NVT.dcd AT STEP 15790
WRITING COORDINATES TO DCD FILE NVT.dcd AT STEP 15800
WRITING COORDINATES TO DCD FILE NVT.dcd AT STEP 15810
WRITING COORDINATES TO DCD FILE NVT.dcd AT STEP 15820
WRITING COORDINATES TO DCD FILE NVT.dcd AT STEP 15830
WRITING COORDINATES TO DCD FILE NVT.dcd AT STEP 15840
WRITING COORDINATES TO DCD FILE NVT.dcd AT STEP 15850
WRITING COORDINATES TO DCD FILE NVT.dcd AT STEP 15860
WRITING COORDINATES TO DCD FILE NVT.dcd AT STEP 15870
WRITING COORDINATES TO DCD FILE NVT.dcd AT STEP 15880
WRITING COORDINATES TO DCD FILE NVT.dcd AT STEP 15890
WRITING COORDINATES TO DCD FILE NVT.dcd AT STEP 15900
WRITING COORDINATES TO DCD FILE NVT.dcd AT STEP 15910
WRITING COORDINATES TO DCD FILE NVT.dcd AT STEP 15920
WRITING COORDINATES TO DCD FILE NVT.dcd AT STEP 15930
WRITING COORDINATES TO DCD FILE NVT.dcd AT STEP 15940
WRITING COORDINATES TO DCD FILE NVT.dcd AT STEP 15950
WRITING COORDINATES TO DCD FILE NVT.dcd AT STEP 15960
WRITING COORDINATES TO DCD FILE NVT.dcd AT STEP 15970
WRITING COORDINATES TO DCD FILE NVT.dcd AT STEP 15980
WRITING COORDINATES TO DCD FILE NVT.dcd AT STEP 15990
PRESSURE: 16000 52.8374 242.027 -42.7661 242.027 308.401 -105.057 -42.7661 -105.057 197.734
GPRESSURE: 16000 137.193 296.796 -21.4602 80.7725 122.773 -164.113 -106.954 -128.551 344.788
PRESSAVG: 16000 97.3256 48.9542 12.0507 48.9542 131.982 55.7156 12.0507 55.7156 29.6647
GPRESSAVG: 16000 98.1516 48.7947 11.606 48.1684 131.447 55.9311 12.466 55.8545 29.2838
ENERGY:   16000      1644.7726      9288.4514      5759.2837        71.5361         -60362.2176     -1235.1775         0.0000         0.0000     18719.3533         -26113.9979       302.1267    -44833.3512    -25962.7796       305.5863            186.3240       201.5846    267320.2643        86.3239        86.2942

WRITING COORDINATES TO DCD FILE NVT.dcd AT STEP 16000
WRITING COORDINATES TO DCD FILE NVT.dcd AT STEP 16010
WRITING COORDINATES TO DCD FILE NVT.dcd AT STEP 16020
WRITING COORDINATES TO DCD FILE NVT.dcd AT STEP 16030
WRITING COORDINATES TO DCD FILE NVT.dcd AT STEP 16040
WRITING COORDINATES TO DCD FILE NVT.dcd AT STEP 16050
WRITING COORDINATES TO DCD FILE NVT.dcd AT STEP 16060
WRITING COORDINATES TO DCD FILE NVT.dcd AT STEP 16070
WRITING COORDINATES TO DCD FILE NVT.dcd AT STEP 16080
WRITING COORDINATES TO DCD FILE NVT.dcd AT STEP 16090
WRITING COORDINATES TO DCD FILE NVT.dcd AT STEP 16100
WRITING COORDINATES TO DCD FILE NVT.dcd AT STEP 16110
WRITING COORDINATES TO DCD FILE NVT.dcd AT STEP 16120
WRITING COORDINATES TO DCD FILE NVT.dcd AT STEP 16130
WRITING COORDINATES TO DCD FILE NVT.dcd AT STEP 16140
LDB: ============= START OF LOAD BALANCING ============== 2690.4
LDB: ============== END OF LOAD BALANCING =============== 2690.4
LDB: =============== DONE WITH MIGRATION ================ 2690.4
WRITING COORDINATES TO DCD FILE NVT.dcd AT STEP 16150
WRITING COORDINATES TO DCD FILE NVT.dcd AT STEP 16160
WRITING COORDINATES TO DCD FILE NVT.dcd AT STEP 16170
WRITING COORDINATES TO DCD FILE NVT.dcd AT STEP 16180
WRITING COORDINATES TO DCD FILE NVT.dcd AT STEP 16190
LDB: ============= START OF LOAD BALANCING ============== 2698.67
LDB: ============== END OF LOAD BALANCING =============== 2698.67
LDB: =============== DONE WITH MIGRATION ================ 2698.67
WRITING COORDINATES TO DCD FILE NVT.dcd AT STEP 16200
WRITING COORDINATES TO DCD FILE NVT.dcd AT STEP 16210
WRITING COORDINATES TO DCD FILE NVT.dcd AT STEP 16220
WRITING COORDINATES TO DCD FILE NVT.dcd AT STEP 16230
WRITING COORDINATES TO DCD FILE NVT.dcd AT STEP 16240
WRITING COORDINATES TO DCD FILE NVT.dcd AT STEP 16250
WRITING COORDINATES TO DCD FILE NVT.dcd AT STEP 16260
WRITING COORDINATES TO DCD FILE NVT.dcd AT STEP 16270
WRITING COORDINATES TO DCD FILE NVT.dcd AT STEP 16280
WRITING COORDINATES TO DCD FILE NVT.dcd AT STEP 16290
WRITING COORDINATES TO DCD FILE NVT.dcd AT STEP 16300
WRITING COORDINATES TO DCD FILE NVT.dcd AT STEP 16310
WRITING COORDINATES TO DCD FILE NVT.dcd AT STEP 16320
WRITING COORDINATES TO DCD FILE NVT.dcd AT STEP 16330
WRITING COORDINATES TO DCD FILE NVT.dcd AT STEP 16340
WRITING COORDINATES TO DCD FILE NVT.dcd AT STEP 16350
WRITING COORDINATES TO DCD FILE NVT.dcd AT STEP 16360
WRITING COORDINATES TO DCD FILE NVT.dcd AT STEP 16370
WRITING COORDINATES TO DCD FILE NVT.dcd AT STEP 16380
WRITING COORDINATES TO DCD FILE NVT.dcd AT STEP 16390
WRITING COORDINATES TO DCD FILE NVT.dcd AT STEP 16400
WRITING COORDINATES TO DCD FILE NVT.dcd AT STEP 16410
WRITING COORDINATES TO DCD FILE NVT.dcd AT STEP 16420
WRITING COORDINATES TO DCD FILE NVT.dcd AT STEP 16430
WRITING COORDINATES TO DCD FILE NVT.dcd AT STEP 16440
WRITING COORDINATES TO DCD FILE NVT.dcd AT STEP 16450
WRITING COORDINATES TO DCD FILE NVT.dcd AT STEP 16460
WRITING COORDINATES TO DCD FILE NVT.dcd AT STEP 16470
WRITING COORDINATES TO DCD FILE NVT.dcd AT STEP 16480
WRITING COORDINATES TO DCD FILE NVT.dcd AT STEP 16490
WRITING COORDINATES TO DCD FILE NVT.dcd AT STEP 16500
WRITING COORDINATES TO DCD FILE NVT.dcd AT STEP 16510
WRITING COORDINATES TO DCD FILE NVT.dcd AT STEP 16520
WRITING COORDINATES TO DCD FILE NVT.dcd AT STEP 16530
WRITING COORDINATES TO DCD FILE NVT.dcd AT STEP 16540
WRITING COORDINATES TO DCD FILE NVT.dcd AT STEP 16550
WRITING COORDINATES TO DCD FILE NVT.dcd AT STEP 16560
WRITING COORDINATES TO DCD FILE NVT.dcd AT STEP 16570
WRITING COORDINATES TO DCD FILE NVT.dcd AT STEP 16580
WRITING COORDINATES TO DCD FILE NVT.dcd AT STEP 16590
WRITING COORDINATES TO DCD FILE NVT.dcd AT STEP 16600
WRITING COORDINATES TO DCD FILE NVT.dcd AT STEP 16610
WRITING COORDINATES TO DCD FILE NVT.dcd AT STEP 16620
WRITING COORDINATES TO DCD FILE NVT.dcd AT STEP 16630
WRITING COORDINATES TO DCD FILE NVT.dcd AT STEP 16640
WRITING COORDINATES TO DCD FILE NVT.dcd AT STEP 16650
WRITING COORDINATES TO DCD FILE NVT.dcd AT STEP 16660
WRITING COORDINATES TO DCD FILE NVT.dcd AT STEP 16670
WRITING COORDINATES TO DCD FILE NVT.dcd AT STEP 16680
WRITING COORDINATES TO DCD FILE NVT.dcd AT STEP 16690
WRITING COORDINATES TO DCD FILE NVT.dcd AT STEP 16700
WRITING COORDINATES TO DCD FILE NVT.dcd AT STEP 16710
WRITING COORDINATES TO DCD FILE NVT.dcd AT STEP 16720
WRITING COORDINATES TO DCD FILE NVT.dcd AT STEP 16730
WRITING COORDINATES TO DCD FILE NVT.dcd AT STEP 16740
WRITING COORDINATES TO DCD FILE NVT.dcd AT STEP 16750
WRITING COORDINATES TO DCD FILE NVT.dcd AT STEP 16760
WRITING COORDINATES TO DCD FILE NVT.dcd AT STEP 16770
WRITING COORDINATES TO DCD FILE NVT.dcd AT STEP 16780
WRITING COORDINATES TO DCD FILE NVT.dcd AT STEP 16790
WRITING COORDINATES TO DCD FILE NVT.dcd AT STEP 16800
WRITING COORDINATES TO DCD FILE NVT.dcd AT STEP 16810
WRITING COORDINATES TO DCD FILE NVT.dcd AT STEP 16820
WRITING COORDINATES TO DCD FILE NVT.dcd AT STEP 16830
WRITING COORDINATES TO DCD FILE NVT.dcd AT STEP 16840
WRITING COORDINATES TO DCD FILE NVT.dcd AT STEP 16850
WRITING COORDINATES TO DCD FILE NVT.dcd AT STEP 16860
WRITING COORDINATES TO DCD FILE NVT.dcd AT STEP 16870
WRITING COORDINATES TO DCD FILE NVT.dcd AT STEP 16880
WRITING COORDINATES TO DCD FILE NVT.dcd AT STEP 16890
WRITING COORDINATES TO DCD FILE NVT.dcd AT STEP 16900
WRITING COORDINATES TO DCD FILE NVT.dcd AT STEP 16910
WRITING COORDINATES TO DCD FILE NVT.dcd AT STEP 16920
WRITING COORDINATES TO DCD FILE NVT.dcd AT STEP 16930
WRITING COORDINATES TO DCD FILE NVT.dcd AT STEP 16940
WRITING COORDINATES TO DCD FILE NVT.dcd AT STEP 16950
WRITING COORDINATES TO DCD FILE NVT.dcd AT STEP 16960
WRITING COORDINATES TO DCD FILE NVT.dcd AT STEP 16970
WRITING COORDINATES TO DCD FILE NVT.dcd AT STEP 16980
WRITING COORDINATES TO DCD FILE NVT.dcd AT STEP 16990
PRESSURE: 17000 706.774 -427.691 382.907 -427.691 54.2291 54.6608 382.907 54.6608 -940.629
GPRESSURE: 17000 770.022 -291.387 371.707 -418.83 -4.86828 157.719 100.927 -93.3174 -841.706
PRESSAVG: 17000 5.69126 -18.8284 26.0384 -18.8284 121.304 5.6889 26.0384 5.6889 97.8629
GPRESSAVG: 17000 5.73043 -18.4899 26.2079 -18.0462 121.944 5.38974 25.8474 5.90146 97.9184
ENERGY:   17000      1615.8685      9344.1403      5771.8767        71.6429         -60569.4313     -1125.8058         0.0000         0.0000     18843.6928         -26048.0160       304.1335    -44891.7087    -25905.5302       305.3687            -59.8752       -25.5175    267320.2643        74.9528        75.1976

WRITING COORDINATES TO DCD FILE NVT.dcd AT STEP 17000
WRITING COORDINATES TO DCD FILE NVT.dcd AT STEP 17010
WRITING COORDINATES TO DCD FILE NVT.dcd AT STEP 17020
WRITING COORDINATES TO DCD FILE NVT.dcd AT STEP 17030
WRITING COORDINATES TO DCD FILE NVT.dcd AT STEP 17040
WRITING COORDINATES TO DCD FILE NVT.dcd AT STEP 17050
WRITING COORDINATES TO DCD FILE NVT.dcd AT STEP 17060
WRITING COORDINATES TO DCD FILE NVT.dcd AT STEP 17070
WRITING COORDINATES TO DCD FILE NVT.dcd AT STEP 17080
WRITING COORDINATES TO DCD FILE NVT.dcd AT STEP 17090
WRITING COORDINATES TO DCD FILE NVT.dcd AT STEP 17100
WRITING COORDINATES TO DCD FILE NVT.dcd AT STEP 17110
WRITING COORDINATES TO DCD FILE NVT.dcd AT STEP 17120
WRITING COORDINATES TO DCD FILE NVT.dcd AT STEP 17130
WRITING COORDINATES TO DCD FILE NVT.dcd AT STEP 17140
WRITING COORDINATES TO DCD FILE NVT.dcd AT STEP 17150
WRITING COORDINATES TO DCD FILE NVT.dcd AT STEP 17160
WRITING COORDINATES TO DCD FILE NVT.dcd AT STEP 17170
WRITING COORDINATES TO DCD FILE NVT.dcd AT STEP 17180
WRITING COORDINATES TO DCD FILE NVT.dcd AT STEP 17190
WRITING COORDINATES TO DCD FILE NVT.dcd AT STEP 17200
WRITING COORDINATES TO DCD FILE NVT.dcd AT STEP 17210
WRITING COORDINATES TO DCD FILE NVT.dcd AT STEP 17220
WRITING COORDINATES TO DCD FILE NVT.dcd AT STEP 17230
WRITING COORDINATES TO DCD FILE NVT.dcd AT STEP 17240
WRITING COORDINATES TO DCD FILE NVT.dcd AT STEP 17250
WRITING COORDINATES TO DCD FILE NVT.dcd AT STEP 17260
WRITING COORDINATES TO DCD FILE NVT.dcd AT STEP 17270
WRITING COORDINATES TO DCD FILE NVT.dcd AT STEP 17280
WRITING COORDINATES TO DCD FILE NVT.dcd AT STEP 17290
WRITING COORDINATES TO DCD FILE NVT.dcd AT STEP 17300
WRITING COORDINATES TO DCD FILE NVT.dcd AT STEP 17310
WRITING COORDINATES TO DCD FILE NVT.dcd AT STEP 17320
WRITING COORDINATES TO DCD FILE NVT.dcd AT STEP 17330
WRITING COORDINATES TO DCD FILE NVT.dcd AT STEP 17340
WRITING COORDINATES TO DCD FILE NVT.dcd AT STEP 17350
WRITING COORDINATES TO DCD FILE NVT.dcd AT STEP 17360
WRITING COORDINATES TO DCD FILE NVT.dcd AT STEP 17370
WRITING COORDINATES TO DCD FILE NVT.dcd AT STEP 17380
WRITING COORDINATES TO DCD FILE NVT.dcd AT STEP 17390
WRITING COORDINATES TO DCD FILE NVT.dcd AT STEP 17400
WRITING COORDINATES TO DCD FILE NVT.dcd AT STEP 17410
WRITING COORDINATES TO DCD FILE NVT.dcd AT STEP 17420
WRITING COORDINATES TO DCD FILE NVT.dcd AT STEP 17430
WRITING COORDINATES TO DCD FILE NVT.dcd AT STEP 17440
WRITING COORDINATES TO DCD FILE NVT.dcd AT STEP 17450
WRITING COORDINATES TO DCD FILE NVT.dcd AT STEP 17460
WRITING COORDINATES TO DCD FILE NVT.dcd AT STEP 17470
WRITING COORDINATES TO DCD FILE NVT.dcd AT STEP 17480
WRITING COORDINATES TO DCD FILE NVT.dcd AT STEP 17490
WRITING COORDINATES TO DCD FILE NVT.dcd AT STEP 17500
WRITING COORDINATES TO DCD FILE NVT.dcd AT STEP 17510
WRITING COORDINATES TO DCD FILE NVT.dcd AT STEP 17520
WRITING COORDINATES TO DCD FILE NVT.dcd AT STEP 17530
WRITING COORDINATES TO DCD FILE NVT.dcd AT STEP 17540
WRITING COORDINATES TO DCD FILE NVT.dcd AT STEP 17550
WRITING COORDINATES TO DCD FILE NVT.dcd AT STEP 17560
WRITING COORDINATES TO DCD FILE NVT.dcd AT STEP 17570
WRITING COORDINATES TO DCD FILE NVT.dcd AT STEP 17580
WRITING COORDINATES TO DCD FILE NVT.dcd AT STEP 17590
WRITING COORDINATES TO DCD FILE NVT.dcd AT STEP 17600
WRITING COORDINATES TO DCD FILE NVT.dcd AT STEP 17610
WRITING COORDINATES TO DCD FILE NVT.dcd AT STEP 17620
WRITING COORDINATES TO DCD FILE NVT.dcd AT STEP 17630
WRITING COORDINATES TO DCD FILE NVT.dcd AT STEP 17640
WRITING COORDINATES TO DCD FILE NVT.dcd AT STEP 17650
WRITING COORDINATES TO DCD FILE NVT.dcd AT STEP 17660
WRITING COORDINATES TO DCD FILE NVT.dcd AT STEP 17670
WRITING COORDINATES TO DCD FILE NVT.dcd AT STEP 17680
WRITING COORDINATES TO DCD FILE NVT.dcd AT STEP 17690
WRITING COORDINATES TO DCD FILE NVT.dcd AT STEP 17700
WRITING COORDINATES TO DCD FILE NVT.dcd AT STEP 17710
WRITING COORDINATES TO DCD FILE NVT.dcd AT STEP 17720
WRITING COORDINATES TO DCD FILE NVT.dcd AT STEP 17730
WRITING COORDINATES TO DCD FILE NVT.dcd AT STEP 17740
WRITING COORDINATES TO DCD FILE NVT.dcd AT STEP 17750
WRITING COORDINATES TO DCD FILE NVT.dcd AT STEP 17760
WRITING COORDINATES TO DCD FILE NVT.dcd AT STEP 17770
WRITING COORDINATES TO DCD FILE NVT.dcd AT STEP 17780
WRITING COORDINATES TO DCD FILE NVT.dcd AT STEP 17790
WRITING COORDINATES TO DCD FILE NVT.dcd AT STEP 17800
WRITING COORDINATES TO DCD FILE NVT.dcd AT STEP 17810
WRITING COORDINATES TO DCD FILE NVT.dcd AT STEP 17820
WRITING COORDINATES TO DCD FILE NVT.dcd AT STEP 17830
WRITING COORDINATES TO DCD FILE NVT.dcd AT STEP 17840
WRITING COORDINATES TO DCD FILE NVT.dcd AT STEP 17850
WRITING COORDINATES TO DCD FILE NVT.dcd AT STEP 17860
WRITING COORDINATES TO DCD FILE NVT.dcd AT STEP 17870
WRITING COORDINATES TO DCD FILE NVT.dcd AT STEP 17880
WRITING COORDINATES TO DCD FILE NVT.dcd AT STEP 17890
WRITING COORDINATES TO DCD FILE NVT.dcd AT STEP 17900
WRITING COORDINATES TO DCD FILE NVT.dcd AT STEP 17910
WRITING COORDINATES TO DCD FILE NVT.dcd AT STEP 17920
WRITING COORDINATES TO DCD FILE NVT.dcd AT STEP 17930
WRITING COORDINATES TO DCD FILE NVT.dcd AT STEP 17940
WRITING COORDINATES TO DCD FILE NVT.dcd AT STEP 17950
WRITING COORDINATES TO DCD FILE NVT.dcd AT STEP 17960
WRITING COORDINATES TO DCD FILE NVT.dcd AT STEP 17970
WRITING COORDINATES TO DCD FILE NVT.dcd AT STEP 17980
WRITING COORDINATES TO DCD FILE NVT.dcd AT STEP 17990
PRESSURE: 18000 -124.194 -385.358 -74.6856 -385.358 161.167 219.212 -74.6856 219.212 -14.6801
GPRESSURE: 18000 -102.224 -229.712 -164.401 -457.587 213.946 224.308 -121.25 -64.4504 -68.1048
PRESSAVG: 18000 29.3472 7.82425 -2.8524 7.82425 -9.58812 -6.65353 -2.8524 -6.65353 -11.8472
GPRESSAVG: 18000 28.9826 6.97354 -2.73936 8.05482 -9.58316 -7.12563 -3.85098 -6.76168 -11.6429
ENERGY:   18000      1630.8727      9325.1777      5761.4474        73.9997         -60585.7118     -1212.9018         0.0000         0.0000     18919.0533         -26088.0628       305.3498    -45007.1161    -25937.5614       305.4428              7.4309        14.5390    267320.2643         2.6373         2.5855

WRITING COORDINATES TO DCD FILE NVT.dcd AT STEP 18000
WRITING COORDINATES TO DCD FILE NVT.dcd AT STEP 18010
WRITING COORDINATES TO DCD FILE NVT.dcd AT STEP 18020
WRITING COORDINATES TO DCD FILE NVT.dcd AT STEP 18030
WRITING COORDINATES TO DCD FILE NVT.dcd AT STEP 18040
WRITING COORDINATES TO DCD FILE NVT.dcd AT STEP 18050
WRITING COORDINATES TO DCD FILE NVT.dcd AT STEP 18060
WRITING COORDINATES TO DCD FILE NVT.dcd AT STEP 18070
WRITING COORDINATES TO DCD FILE NVT.dcd AT STEP 18080
WRITING COORDINATES TO DCD FILE NVT.dcd AT STEP 18090
WRITING COORDINATES TO DCD FILE NVT.dcd AT STEP 18100
WRITING COORDINATES TO DCD FILE NVT.dcd AT STEP 18110
WRITING COORDINATES TO DCD FILE NVT.dcd AT STEP 18120
WRITING COORDINATES TO DCD FILE NVT.dcd AT STEP 18130
WRITING COORDINATES TO DCD FILE NVT.dcd AT STEP 18140
LDB: ============= START OF LOAD BALANCING ============== 3021.56
LDB: ============== END OF LOAD BALANCING =============== 3021.56
LDB: =============== DONE WITH MIGRATION ================ 3021.56
WRITING COORDINATES TO DCD FILE NVT.dcd AT STEP 18150
WRITING COORDINATES TO DCD FILE NVT.dcd AT STEP 18160
WRITING COORDINATES TO DCD FILE NVT.dcd AT STEP 18170
WRITING COORDINATES TO DCD FILE NVT.dcd AT STEP 18180
WRITING COORDINATES TO DCD FILE NVT.dcd AT STEP 18190
LDB: ============= START OF LOAD BALANCING ============== 3029.86
LDB: ============== END OF LOAD BALANCING =============== 3029.86
LDB: =============== DONE WITH MIGRATION ================ 3029.86
WRITING COORDINATES TO DCD FILE NVT.dcd AT STEP 18200
WRITING COORDINATES TO DCD FILE NVT.dcd AT STEP 18210
WRITING COORDINATES TO DCD FILE NVT.dcd AT STEP 18220
WRITING COORDINATES TO DCD FILE NVT.dcd AT STEP 18230
WRITING COORDINATES TO DCD FILE NVT.dcd AT STEP 18240
WRITING COORDINATES TO DCD FILE NVT.dcd AT STEP 18250
WRITING COORDINATES TO DCD FILE NVT.dcd AT STEP 18260
WRITING COORDINATES TO DCD FILE NVT.dcd AT STEP 18270
WRITING COORDINATES TO DCD FILE NVT.dcd AT STEP 18280
WRITING COORDINATES TO DCD FILE NVT.dcd AT STEP 18290
WRITING COORDINATES TO DCD FILE NVT.dcd AT STEP 18300
WRITING COORDINATES TO DCD FILE NVT.dcd AT STEP 18310
WRITING COORDINATES TO DCD FILE NVT.dcd AT STEP 18320
WRITING COORDINATES TO DCD FILE NVT.dcd AT STEP 18330
WRITING COORDINATES TO DCD FILE NVT.dcd AT STEP 18340
WRITING COORDINATES TO DCD FILE NVT.dcd AT STEP 18350
WRITING COORDINATES TO DCD FILE NVT.dcd AT STEP 18360
WRITING COORDINATES TO DCD FILE NVT.dcd AT STEP 18370
WRITING COORDINATES TO DCD FILE NVT.dcd AT STEP 18380
WRITING COORDINATES TO DCD FILE NVT.dcd AT STEP 18390
WRITING COORDINATES TO DCD FILE NVT.dcd AT STEP 18400
WRITING COORDINATES TO DCD FILE NVT.dcd AT STEP 18410
WRITING COORDINATES TO DCD FILE NVT.dcd AT STEP 18420
WRITING COORDINATES TO DCD FILE NVT.dcd AT STEP 18430
WRITING COORDINATES TO DCD FILE NVT.dcd AT STEP 18440
WRITING COORDINATES TO DCD FILE NVT.dcd AT STEP 18450
WRITING COORDINATES TO DCD FILE NVT.dcd AT STEP 18460
WRITING COORDINATES TO DCD FILE NVT.dcd AT STEP 18470
WRITING COORDINATES TO DCD FILE NVT.dcd AT STEP 18480
WRITING COORDINATES TO DCD FILE NVT.dcd AT STEP 18490
WRITING COORDINATES TO DCD FILE NVT.dcd AT STEP 18500
WRITING COORDINATES TO DCD FILE NVT.dcd AT STEP 18510
WRITING COORDINATES TO DCD FILE NVT.dcd AT STEP 18520
WRITING COORDINATES TO DCD FILE NVT.dcd AT STEP 18530
WRITING COORDINATES TO DCD FILE NVT.dcd AT STEP 18540
WRITING COORDINATES TO DCD FILE NVT.dcd AT STEP 18550
WRITING COORDINATES TO DCD FILE NVT.dcd AT STEP 18560
WRITING COORDINATES TO DCD FILE NVT.dcd AT STEP 18570
WRITING COORDINATES TO DCD FILE NVT.dcd AT STEP 18580
WRITING COORDINATES TO DCD FILE NVT.dcd AT STEP 18590
WRITING COORDINATES TO DCD FILE NVT.dcd AT STEP 18600
WRITING COORDINATES TO DCD FILE NVT.dcd AT STEP 18610
WRITING COORDINATES TO DCD FILE NVT.dcd AT STEP 18620
WRITING COORDINATES TO DCD FILE NVT.dcd AT STEP 18630
WRITING COORDINATES TO DCD FILE NVT.dcd AT STEP 18640
WRITING COORDINATES TO DCD FILE NVT.dcd AT STEP 18650
WRITING COORDINATES TO DCD FILE NVT.dcd AT STEP 18660
WRITING COORDINATES TO DCD FILE NVT.dcd AT STEP 18670
WRITING COORDINATES TO DCD FILE NVT.dcd AT STEP 18680
WRITING COORDINATES TO DCD FILE NVT.dcd AT STEP 18690
WRITING COORDINATES TO DCD FILE NVT.dcd AT STEP 18700
WRITING COORDINATES TO DCD FILE NVT.dcd AT STEP 18710
WRITING COORDINATES TO DCD FILE NVT.dcd AT STEP 18720
WRITING COORDINATES TO DCD FILE NVT.dcd AT STEP 18730
WRITING COORDINATES TO DCD FILE NVT.dcd AT STEP 18740
WRITING COORDINATES TO DCD FILE NVT.dcd AT STEP 18750
WRITING COORDINATES TO DCD FILE NVT.dcd AT STEP 18760
WRITING COORDINATES TO DCD FILE NVT.dcd AT STEP 18770
WRITING COORDINATES TO DCD FILE NVT.dcd AT STEP 18780
WRITING COORDINATES TO DCD FILE NVT.dcd AT STEP 18790
WRITING COORDINATES TO DCD FILE NVT.dcd AT STEP 18800
WRITING COORDINATES TO DCD FILE NVT.dcd AT STEP 18810
WRITING COORDINATES TO DCD FILE NVT.dcd AT STEP 18820
WRITING COORDINATES TO DCD FILE NVT.dcd AT STEP 18830
WRITING COORDINATES TO DCD FILE NVT.dcd AT STEP 18840
WRITING COORDINATES TO DCD FILE NVT.dcd AT STEP 18850
WRITING COORDINATES TO DCD FILE NVT.dcd AT STEP 18860
WRITING COORDINATES TO DCD FILE NVT.dcd AT STEP 18870
WRITING COORDINATES TO DCD FILE NVT.dcd AT STEP 18880
WRITING COORDINATES TO DCD FILE NVT.dcd AT STEP 18890
WRITING COORDINATES TO DCD FILE NVT.dcd AT STEP 18900
WRITING COORDINATES TO DCD FILE NVT.dcd AT STEP 18910
WRITING COORDINATES TO DCD FILE NVT.dcd AT STEP 18920
WRITING COORDINATES TO DCD FILE NVT.dcd AT STEP 18930
WRITING COORDINATES TO DCD FILE NVT.dcd AT STEP 18940
WRITING COORDINATES TO DCD FILE NVT.dcd AT STEP 18950
WRITING COORDINATES TO DCD FILE NVT.dcd AT STEP 18960
WRITING COORDINATES TO DCD FILE NVT.dcd AT STEP 18970
WRITING COORDINATES TO DCD FILE NVT.dcd AT STEP 18980
WRITING COORDINATES TO DCD FILE NVT.dcd AT STEP 18990
PRESSURE: 19000 141.296 331.88 287.604 331.88 -246.992 300.828 287.604 300.828 419.236
GPRESSURE: 19000 191.123 180.411 229.331 222.009 -246.274 284.162 252.406 230.853 431.7
PRESSAVG: 19000 44.8272 -27.7018 55.3139 -27.7018 -35.0882 -5.74402 55.3139 -5.74402 -28.2659
GPRESSAVG: 19000 45.027 -27.39 55.6266 -27.2859 -35.4262 -5.17659 55.6286 -5.66992 -28.5756
ENERGY:   19000      1602.6589      9328.9052      5767.9040        73.2997         -60398.9751     -1211.6904         0.0000         0.0000     18869.2107         -25968.6871       304.5453    -44837.8978    -25819.6407       306.4723            104.5135       125.5166    267320.2643        -6.1756        -6.3249

WRITING COORDINATES TO DCD FILE NVT.dcd AT STEP 19000
WRITING COORDINATES TO DCD FILE NVT.dcd AT STEP 19010
WRITING COORDINATES TO DCD FILE NVT.dcd AT STEP 19020
WRITING COORDINATES TO DCD FILE NVT.dcd AT STEP 19030
WRITING COORDINATES TO DCD FILE NVT.dcd AT STEP 19040
WRITING COORDINATES TO DCD FILE NVT.dcd AT STEP 19050
WRITING COORDINATES TO DCD FILE NVT.dcd AT STEP 19060
WRITING COORDINATES TO DCD FILE NVT.dcd AT STEP 19070
WRITING COORDINATES TO DCD FILE NVT.dcd AT STEP 19080
WRITING COORDINATES TO DCD FILE NVT.dcd AT STEP 19090
WRITING COORDINATES TO DCD FILE NVT.dcd AT STEP 19100
WRITING COORDINATES TO DCD FILE NVT.dcd AT STEP 19110
WRITING COORDINATES TO DCD FILE NVT.dcd AT STEP 19120
WRITING COORDINATES TO DCD FILE NVT.dcd AT STEP 19130
WRITING COORDINATES TO DCD FILE NVT.dcd AT STEP 19140
WRITING COORDINATES TO DCD FILE NVT.dcd AT STEP 19150
WRITING COORDINATES TO DCD FILE NVT.dcd AT STEP 19160
WRITING COORDINATES TO DCD FILE NVT.dcd AT STEP 19170
WRITING COORDINATES TO DCD FILE NVT.dcd AT STEP 19180
WRITING COORDINATES TO DCD FILE NVT.dcd AT STEP 19190
WRITING COORDINATES TO DCD FILE NVT.dcd AT STEP 19200
WRITING COORDINATES TO DCD FILE NVT.dcd AT STEP 19210
WRITING COORDINATES TO DCD FILE NVT.dcd AT STEP 19220
WRITING COORDINATES TO DCD FILE NVT.dcd AT STEP 19230
WRITING COORDINATES TO DCD FILE NVT.dcd AT STEP 19240
WRITING COORDINATES TO DCD FILE NVT.dcd AT STEP 19250
WRITING COORDINATES TO DCD FILE NVT.dcd AT STEP 19260
WRITING COORDINATES TO DCD FILE NVT.dcd AT STEP 19270
WRITING COORDINATES TO DCD FILE NVT.dcd AT STEP 19280
WRITING COORDINATES TO DCD FILE NVT.dcd AT STEP 19290
WRITING COORDINATES TO DCD FILE NVT.dcd AT STEP 19300
WRITING COORDINATES TO DCD FILE NVT.dcd AT STEP 19310
WRITING COORDINATES TO DCD FILE NVT.dcd AT STEP 19320
WRITING COORDINATES TO DCD FILE NVT.dcd AT STEP 19330
WRITING COORDINATES TO DCD FILE NVT.dcd AT STEP 19340
WRITING COORDINATES TO DCD FILE NVT.dcd AT STEP 19350
WRITING COORDINATES TO DCD FILE NVT.dcd AT STEP 19360
WRITING COORDINATES TO DCD FILE NVT.dcd AT STEP 19370
WRITING COORDINATES TO DCD FILE NVT.dcd AT STEP 19380
WRITING COORDINATES TO DCD FILE NVT.dcd AT STEP 19390
WRITING COORDINATES TO DCD FILE NVT.dcd AT STEP 19400
WRITING COORDINATES TO DCD FILE NVT.dcd AT STEP 19410
WRITING COORDINATES TO DCD FILE NVT.dcd AT STEP 19420
WRITING COORDINATES TO DCD FILE NVT.dcd AT STEP 19430
WRITING COORDINATES TO DCD FILE NVT.dcd AT STEP 19440
WRITING COORDINATES TO DCD FILE NVT.dcd AT STEP 19450
WRITING COORDINATES TO DCD FILE NVT.dcd AT STEP 19460
WRITING COORDINATES TO DCD FILE NVT.dcd AT STEP 19470
WRITING COORDINATES TO DCD FILE NVT.dcd AT STEP 19480
WRITING COORDINATES TO DCD FILE NVT.dcd AT STEP 19490
WRITING COORDINATES TO DCD FILE NVT.dcd AT STEP 19500
WRITING COORDINATES TO DCD FILE NVT.dcd AT STEP 19510
WRITING COORDINATES TO DCD FILE NVT.dcd AT STEP 19520
WRITING COORDINATES TO DCD FILE NVT.dcd AT STEP 19530
WRITING COORDINATES TO DCD FILE NVT.dcd AT STEP 19540
WRITING COORDINATES TO DCD FILE NVT.dcd AT STEP 19550
WRITING COORDINATES TO DCD FILE NVT.dcd AT STEP 19560
WRITING COORDINATES TO DCD FILE NVT.dcd AT STEP 19570
WRITING COORDINATES TO DCD FILE NVT.dcd AT STEP 19580
WRITING COORDINATES TO DCD FILE NVT.dcd AT STEP 19590
WRITING COORDINATES TO DCD FILE NVT.dcd AT STEP 19600
WRITING COORDINATES TO DCD FILE NVT.dcd AT STEP 19610
WRITING COORDINATES TO DCD FILE NVT.dcd AT STEP 19620
WRITING COORDINATES TO DCD FILE NVT.dcd AT STEP 19630
WRITING COORDINATES TO DCD FILE NVT.dcd AT STEP 19640
WRITING COORDINATES TO DCD FILE NVT.dcd AT STEP 19650
WRITING COORDINATES TO DCD FILE NVT.dcd AT STEP 19660
WRITING COORDINATES TO DCD FILE NVT.dcd AT STEP 19670
WRITING COORDINATES TO DCD FILE NVT.dcd AT STEP 19680
WRITING COORDINATES TO DCD FILE NVT.dcd AT STEP 19690
WRITING COORDINATES TO DCD FILE NVT.dcd AT STEP 19700
WRITING COORDINATES TO DCD FILE NVT.dcd AT STEP 19710
WRITING COORDINATES TO DCD FILE NVT.dcd AT STEP 19720
WRITING COORDINATES TO DCD FILE NVT.dcd AT STEP 19730
WRITING COORDINATES TO DCD FILE NVT.dcd AT STEP 19740
WRITING COORDINATES TO DCD FILE NVT.dcd AT STEP 19750
WRITING COORDINATES TO DCD FILE NVT.dcd AT STEP 19760
WRITING COORDINATES TO DCD FILE NVT.dcd AT STEP 19770
WRITING COORDINATES TO DCD FILE NVT.dcd AT STEP 19780
WRITING COORDINATES TO DCD FILE NVT.dcd AT STEP 19790
WRITING COORDINATES TO DCD FILE NVT.dcd AT STEP 19800
WRITING COORDINATES TO DCD FILE NVT.dcd AT STEP 19810
WRITING COORDINATES TO DCD FILE NVT.dcd AT STEP 19820
WRITING COORDINATES TO DCD FILE NVT.dcd AT STEP 19830
WRITING COORDINATES TO DCD FILE NVT.dcd AT STEP 19840
WRITING COORDINATES TO DCD FILE NVT.dcd AT STEP 19850
WRITING COORDINATES TO DCD FILE NVT.dcd AT STEP 19860
WRITING COORDINATES TO DCD FILE NVT.dcd AT STEP 19870
WRITING COORDINATES TO DCD FILE NVT.dcd AT STEP 19880
WRITING COORDINATES TO DCD FILE NVT.dcd AT STEP 19890
WRITING COORDINATES TO DCD FILE NVT.dcd AT STEP 19900
WRITING COORDINATES TO DCD FILE NVT.dcd AT STEP 19910
WRITING COORDINATES TO DCD FILE NVT.dcd AT STEP 19920
WRITING COORDINATES TO DCD FILE NVT.dcd AT STEP 19930
WRITING COORDINATES TO DCD FILE NVT.dcd AT STEP 19940
WRITING COORDINATES TO DCD FILE NVT.dcd AT STEP 19950
WRITING COORDINATES TO DCD FILE NVT.dcd AT STEP 19960
WRITING COORDINATES TO DCD FILE NVT.dcd AT STEP 19970
WRITING COORDINATES TO DCD FILE NVT.dcd AT STEP 19980
WRITING COORDINATES TO DCD FILE NVT.dcd AT STEP 19990
PRESSURE: 20000 30.1333 -164.469 372.169 -164.469 -326.516 27.9372 372.169 27.9372 1159.95
GPRESSURE: 20000 67.5065 -157.425 420.565 -425.384 -245.598 0.841234 258.833 -23.7837 1088.49
PRESSAVG: 20000 29.0009 6.99106 -0.527602 6.99106 18.318 -7.7055 -0.527602 -7.7055 50.375
GPRESSAVG: 20000 29.0783 6.29314 -0.897282 6.82175 18.4814 -8.11677 -0.410343 -7.38782 49.9747
TIMING: 20000  CPU: 3302.84, 0.165539/step  Wall: 3303.26, 0.165576/step, 1.3798 hours remaining, 876.239546 MB of memory in use.
PERFORMANCE: 20000  averaging 1.04636 ns/day, 0.165144 sec/step with standard deviation 0.000610661
ETITLE:      TS           BOND          ANGLE          DIHED          IMPRP               ELECT            VDW       BOUNDARY           MISC        KINETIC               TOTAL           TEMP      POTENTIAL         TOTAL3        TEMPAVG            PRESSURE      GPRESSURE         VOLUME       PRESSAVG      GPRESSAVG

ENERGY:   20000      1646.1759      9460.7974      5687.8840        80.2814         -60313.3828     -1242.0062         0.0000         0.0000     18857.8833         -25822.3669       304.3625    -44680.2502    -25683.5402       306.8483            287.8567       303.4661    267320.2643        32.5646        32.5115

WRITING EXTENDED SYSTEM TO RESTART FILE AT STEP 20000
WRITING COORDINATES TO DCD FILE NVT.dcd AT STEP 20000
WRITING COORDINATES TO RESTART FILE AT STEP 20000
FINISHED WRITING RESTART COORDINATES
WRITING VELOCITIES TO RESTART FILE AT STEP 20000
FINISHED WRITING RESTART VELOCITIES
The last velocity output (seq=20000) takes 0.000 seconds, 876.240 MB of memory in use
WRITING COORDINATES TO DCD FILE NVT.dcd AT STEP 20010
WRITING COORDINATES TO DCD FILE NVT.dcd AT STEP 20020
WRITING COORDINATES TO DCD FILE NVT.dcd AT STEP 20030
WRITING COORDINATES TO DCD FILE NVT.dcd AT STEP 20040
WRITING COORDINATES TO DCD FILE NVT.dcd AT STEP 20050
WRITING COORDINATES TO DCD FILE NVT.dcd AT STEP 20060
WRITING COORDINATES TO DCD FILE NVT.dcd AT STEP 20070
WRITING COORDINATES TO DCD FILE NVT.dcd AT STEP 20080
WRITING COORDINATES TO DCD FILE NVT.dcd AT STEP 20090
WRITING COORDINATES TO DCD FILE NVT.dcd AT STEP 20100
WRITING COORDINATES TO DCD FILE NVT.dcd AT STEP 20110
WRITING COORDINATES TO DCD FILE NVT.dcd AT STEP 20120
WRITING COORDINATES TO DCD FILE NVT.dcd AT STEP 20130
WRITING COORDINATES TO DCD FILE NVT.dcd AT STEP 20140
LDB: ============= START OF LOAD BALANCING ============== 3352.82
LDB: ============== END OF LOAD BALANCING =============== 3352.82
LDB: =============== DONE WITH MIGRATION ================ 3352.82
WRITING COORDINATES TO DCD FILE NVT.dcd AT STEP 20150
WRITING COORDINATES TO DCD FILE NVT.dcd AT STEP 20160
WRITING COORDINATES TO DCD FILE NVT.dcd AT STEP 20170
WRITING COORDINATES TO DCD FILE NVT.dcd AT STEP 20180
WRITING COORDINATES TO DCD FILE NVT.dcd AT STEP 20190
LDB: ============= START OF LOAD BALANCING ============== 3361.11
LDB: ============== END OF LOAD BALANCING =============== 3361.11
LDB: =============== DONE WITH MIGRATION ================ 3361.11
WRITING COORDINATES TO DCD FILE NVT.dcd AT STEP 20200
WRITING COORDINATES TO DCD FILE NVT.dcd AT STEP 20210
WRITING COORDINATES TO DCD FILE NVT.dcd AT STEP 20220
WRITING COORDINATES TO DCD FILE NVT.dcd AT STEP 20230
WRITING COORDINATES TO DCD FILE NVT.dcd AT STEP 20240
WRITING COORDINATES TO DCD FILE NVT.dcd AT STEP 20250
WRITING COORDINATES TO DCD FILE NVT.dcd AT STEP 20260
WRITING COORDINATES TO DCD FILE NVT.dcd AT STEP 20270
WRITING COORDINATES TO DCD FILE NVT.dcd AT STEP 20280
WRITING COORDINATES TO DCD FILE NVT.dcd AT STEP 20290
WRITING COORDINATES TO DCD FILE NVT.dcd AT STEP 20300
WRITING COORDINATES TO DCD FILE NVT.dcd AT STEP 20310
WRITING COORDINATES TO DCD FILE NVT.dcd AT STEP 20320
WRITING COORDINATES TO DCD FILE NVT.dcd AT STEP 20330
WRITING COORDINATES TO DCD FILE NVT.dcd AT STEP 20340
WRITING COORDINATES TO DCD FILE NVT.dcd AT STEP 20350
WRITING COORDINATES TO DCD FILE NVT.dcd AT STEP 20360
WRITING COORDINATES TO DCD FILE NVT.dcd AT STEP 20370
WRITING COORDINATES TO DCD FILE NVT.dcd AT STEP 20380
WRITING COORDINATES TO DCD FILE NVT.dcd AT STEP 20390
WRITING COORDINATES TO DCD FILE NVT.dcd AT STEP 20400
WRITING COORDINATES TO DCD FILE NVT.dcd AT STEP 20410
WRITING COORDINATES TO DCD FILE NVT.dcd AT STEP 20420
WRITING COORDINATES TO DCD FILE NVT.dcd AT STEP 20430
WRITING COORDINATES TO DCD FILE NVT.dcd AT STEP 20440
WRITING COORDINATES TO DCD FILE NVT.dcd AT STEP 20450
WRITING COORDINATES TO DCD FILE NVT.dcd AT STEP 20460
WRITING COORDINATES TO DCD FILE NVT.dcd AT STEP 20470
WRITING COORDINATES TO DCD FILE NVT.dcd AT STEP 20480
WRITING COORDINATES TO DCD FILE NVT.dcd AT STEP 20490
WRITING COORDINATES TO DCD FILE NVT.dcd AT STEP 20500
WRITING COORDINATES TO DCD FILE NVT.dcd AT STEP 20510
WRITING COORDINATES TO DCD FILE NVT.dcd AT STEP 20520
WRITING COORDINATES TO DCD FILE NVT.dcd AT STEP 20530
WRITING COORDINATES TO DCD FILE NVT.dcd AT STEP 20540
WRITING COORDINATES TO DCD FILE NVT.dcd AT STEP 20550
WRITING COORDINATES TO DCD FILE NVT.dcd AT STEP 20560
WRITING COORDINATES TO DCD FILE NVT.dcd AT STEP 20570
WRITING COORDINATES TO DCD FILE NVT.dcd AT STEP 20580
WRITING COORDINATES TO DCD FILE NVT.dcd AT STEP 20590
WRITING COORDINATES TO DCD FILE NVT.dcd AT STEP 20600
WRITING COORDINATES TO DCD FILE NVT.dcd AT STEP 20610
WRITING COORDINATES TO DCD FILE NVT.dcd AT STEP 20620
WRITING COORDINATES TO DCD FILE NVT.dcd AT STEP 20630
WRITING COORDINATES TO DCD FILE NVT.dcd AT STEP 20640
WRITING COORDINATES TO DCD FILE NVT.dcd AT STEP 20650
WRITING COORDINATES TO DCD FILE NVT.dcd AT STEP 20660
WRITING COORDINATES TO DCD FILE NVT.dcd AT STEP 20670
WRITING COORDINATES TO DCD FILE NVT.dcd AT STEP 20680
WRITING COORDINATES TO DCD FILE NVT.dcd AT STEP 20690
WRITING COORDINATES TO DCD FILE NVT.dcd AT STEP 20700
WRITING COORDINATES TO DCD FILE NVT.dcd AT STEP 20710
WRITING COORDINATES TO DCD FILE NVT.dcd AT STEP 20720
WRITING COORDINATES TO DCD FILE NVT.dcd AT STEP 20730
WRITING COORDINATES TO DCD FILE NVT.dcd AT STEP 20740
WRITING COORDINATES TO DCD FILE NVT.dcd AT STEP 20750
WRITING COORDINATES TO DCD FILE NVT.dcd AT STEP 20760
WRITING COORDINATES TO DCD FILE NVT.dcd AT STEP 20770
WRITING COORDINATES TO DCD FILE NVT.dcd AT STEP 20780
WRITING COORDINATES TO DCD FILE NVT.dcd AT STEP 20790
WRITING COORDINATES TO DCD FILE NVT.dcd AT STEP 20800
WRITING COORDINATES TO DCD FILE NVT.dcd AT STEP 20810
WRITING COORDINATES TO DCD FILE NVT.dcd AT STEP 20820
WRITING COORDINATES TO DCD FILE NVT.dcd AT STEP 20830
WRITING COORDINATES TO DCD FILE NVT.dcd AT STEP 20840
WRITING COORDINATES TO DCD FILE NVT.dcd AT STEP 20850
WRITING COORDINATES TO DCD FILE NVT.dcd AT STEP 20860
WRITING COORDINATES TO DCD FILE NVT.dcd AT STEP 20870
WRITING COORDINATES TO DCD FILE NVT.dcd AT STEP 20880
WRITING COORDINATES TO DCD FILE NVT.dcd AT STEP 20890
WRITING COORDINATES TO DCD FILE NVT.dcd AT STEP 20900
WRITING COORDINATES TO DCD FILE NVT.dcd AT STEP 20910
WRITING COORDINATES TO DCD FILE NVT.dcd AT STEP 20920
WRITING COORDINATES TO DCD FILE NVT.dcd AT STEP 20930
WRITING COORDINATES TO DCD FILE NVT.dcd AT STEP 20940
WRITING COORDINATES TO DCD FILE NVT.dcd AT STEP 20950
WRITING COORDINATES TO DCD FILE NVT.dcd AT STEP 20960
WRITING COORDINATES TO DCD FILE NVT.dcd AT STEP 20970
WRITING COORDINATES TO DCD FILE NVT.dcd AT STEP 20980
WRITING COORDINATES TO DCD FILE NVT.dcd AT STEP 20990
PRESSURE: 21000 63.6931 -439.362 225.557 -439.362 -764.456 -186.57 225.557 -186.57 37.6847
GPRESSURE: 21000 83.3261 -287.349 226.294 -281.042 -722.547 -57.3827 26.0959 -74.2742 50.5946
PRESSAVG: 21000 144.641 43.9598 3.28464 43.9598 81.4694 -7.35003 3.28464 -7.35003 151.714
GPRESSAVG: 21000 144.28 44.2222 3.17446 44.0321 81.6887 -6.90545 3.3717 -7.5472 151.786
ENERGY:   21000      1648.6779      9393.0153      5677.5275        85.4476         -60246.3522     -1316.4760         0.0000         0.0000     19024.7243         -25733.4356       307.0553    -44758.1599    -25579.1014       307.8674           -221.0261      -196.2088    267320.2643       125.9416       125.9183

WRITING COORDINATES TO DCD FILE NVT.dcd AT STEP 21000
WRITING COORDINATES TO DCD FILE NVT.dcd AT STEP 21010
WRITING COORDINATES TO DCD FILE NVT.dcd AT STEP 21020
WRITING COORDINATES TO DCD FILE NVT.dcd AT STEP 21030
WRITING COORDINATES TO DCD FILE NVT.dcd AT STEP 21040
WRITING COORDINATES TO DCD FILE NVT.dcd AT STEP 21050
WRITING COORDINATES TO DCD FILE NVT.dcd AT STEP 21060
WRITING COORDINATES TO DCD FILE NVT.dcd AT STEP 21070
WRITING COORDINATES TO DCD FILE NVT.dcd AT STEP 21080
WRITING COORDINATES TO DCD FILE NVT.dcd AT STEP 21090
WRITING COORDINATES TO DCD FILE NVT.dcd AT STEP 21100
WRITING COORDINATES TO DCD FILE NVT.dcd AT STEP 21110
WRITING COORDINATES TO DCD FILE NVT.dcd AT STEP 21120
WRITING COORDINATES TO DCD FILE NVT.dcd AT STEP 21130
WRITING COORDINATES TO DCD FILE NVT.dcd AT STEP 21140
WRITING COORDINATES TO DCD FILE NVT.dcd AT STEP 21150
WRITING COORDINATES TO DCD FILE NVT.dcd AT STEP 21160
WRITING COORDINATES TO DCD FILE NVT.dcd AT STEP 21170
WRITING COORDINATES TO DCD FILE NVT.dcd AT STEP 21180
WRITING COORDINATES TO DCD FILE NVT.dcd AT STEP 21190
WRITING COORDINATES TO DCD FILE NVT.dcd AT STEP 21200
WRITING COORDINATES TO DCD FILE NVT.dcd AT STEP 21210
WRITING COORDINATES TO DCD FILE NVT.dcd AT STEP 21220
WRITING COORDINATES TO DCD FILE NVT.dcd AT STEP 21230
WRITING COORDINATES TO DCD FILE NVT.dcd AT STEP 21240
WRITING COORDINATES TO DCD FILE NVT.dcd AT STEP 21250
WRITING COORDINATES TO DCD FILE NVT.dcd AT STEP 21260
WRITING COORDINATES TO DCD FILE NVT.dcd AT STEP 21270
WRITING COORDINATES TO DCD FILE NVT.dcd AT STEP 21280
WRITING COORDINATES TO DCD FILE NVT.dcd AT STEP 21290
WRITING COORDINATES TO DCD FILE NVT.dcd AT STEP 21300
WRITING COORDINATES TO DCD FILE NVT.dcd AT STEP 21310
WRITING COORDINATES TO DCD FILE NVT.dcd AT STEP 21320
WRITING COORDINATES TO DCD FILE NVT.dcd AT STEP 21330
WRITING COORDINATES TO DCD FILE NVT.dcd AT STEP 21340
WRITING COORDINATES TO DCD FILE NVT.dcd AT STEP 21350
WRITING COORDINATES TO DCD FILE NVT.dcd AT STEP 21360
WRITING COORDINATES TO DCD FILE NVT.dcd AT STEP 21370
WRITING COORDINATES TO DCD FILE NVT.dcd AT STEP 21380
WRITING COORDINATES TO DCD FILE NVT.dcd AT STEP 21390
WRITING COORDINATES TO DCD FILE NVT.dcd AT STEP 21400
WRITING COORDINATES TO DCD FILE NVT.dcd AT STEP 21410
WRITING COORDINATES TO DCD FILE NVT.dcd AT STEP 21420
WRITING COORDINATES TO DCD FILE NVT.dcd AT STEP 21430
WRITING COORDINATES TO DCD FILE NVT.dcd AT STEP 21440
WRITING COORDINATES TO DCD FILE NVT.dcd AT STEP 21450
WRITING COORDINATES TO DCD FILE NVT.dcd AT STEP 21460
WRITING COORDINATES TO DCD FILE NVT.dcd AT STEP 21470
WRITING COORDINATES TO DCD FILE NVT.dcd AT STEP 21480
WRITING COORDINATES TO DCD FILE NVT.dcd AT STEP 21490
WRITING COORDINATES TO DCD FILE NVT.dcd AT STEP 21500
WRITING COORDINATES TO DCD FILE NVT.dcd AT STEP 21510
WRITING COORDINATES TO DCD FILE NVT.dcd AT STEP 21520
WRITING COORDINATES TO DCD FILE NVT.dcd AT STEP 21530
WRITING COORDINATES TO DCD FILE NVT.dcd AT STEP 21540
WRITING COORDINATES TO DCD FILE NVT.dcd AT STEP 21550
WRITING COORDINATES TO DCD FILE NVT.dcd AT STEP 21560
WRITING COORDINATES TO DCD FILE NVT.dcd AT STEP 21570
WRITING COORDINATES TO DCD FILE NVT.dcd AT STEP 21580
WRITING COORDINATES TO DCD FILE NVT.dcd AT STEP 21590
WRITING COORDINATES TO DCD FILE NVT.dcd AT STEP 21600
WRITING COORDINATES TO DCD FILE NVT.dcd AT STEP 21610
WRITING COORDINATES TO DCD FILE NVT.dcd AT STEP 21620
WRITING COORDINATES TO DCD FILE NVT.dcd AT STEP 21630
WRITING COORDINATES TO DCD FILE NVT.dcd AT STEP 21640
WRITING COORDINATES TO DCD FILE NVT.dcd AT STEP 21650
WRITING COORDINATES TO DCD FILE NVT.dcd AT STEP 21660
WRITING COORDINATES TO DCD FILE NVT.dcd AT STEP 21670
WRITING COORDINATES TO DCD FILE NVT.dcd AT STEP 21680
WRITING COORDINATES TO DCD FILE NVT.dcd AT STEP 21690
WRITING COORDINATES TO DCD FILE NVT.dcd AT STEP 21700
WRITING COORDINATES TO DCD FILE NVT.dcd AT STEP 21710
WRITING COORDINATES TO DCD FILE NVT.dcd AT STEP 21720
WRITING COORDINATES TO DCD FILE NVT.dcd AT STEP 21730
WRITING COORDINATES TO DCD FILE NVT.dcd AT STEP 21740
WRITING COORDINATES TO DCD FILE NVT.dcd AT STEP 21750
WRITING COORDINATES TO DCD FILE NVT.dcd AT STEP 21760
WRITING COORDINATES TO DCD FILE NVT.dcd AT STEP 21770
WRITING COORDINATES TO DCD FILE NVT.dcd AT STEP 21780
WRITING COORDINATES TO DCD FILE NVT.dcd AT STEP 21790
WRITING COORDINATES TO DCD FILE NVT.dcd AT STEP 21800
WRITING COORDINATES TO DCD FILE NVT.dcd AT STEP 21810
WRITING COORDINATES TO DCD FILE NVT.dcd AT STEP 21820
WRITING COORDINATES TO DCD FILE NVT.dcd AT STEP 21830
WRITING COORDINATES TO DCD FILE NVT.dcd AT STEP 21840
WRITING COORDINATES TO DCD FILE NVT.dcd AT STEP 21850
WRITING COORDINATES TO DCD FILE NVT.dcd AT STEP 21860
WRITING COORDINATES TO DCD FILE NVT.dcd AT STEP 21870
WRITING COORDINATES TO DCD FILE NVT.dcd AT STEP 21880
WRITING COORDINATES TO DCD FILE NVT.dcd AT STEP 21890
WRITING COORDINATES TO DCD FILE NVT.dcd AT STEP 21900
WRITING COORDINATES TO DCD FILE NVT.dcd AT STEP 21910
WRITING COORDINATES TO DCD FILE NVT.dcd AT STEP 21920
WRITING COORDINATES TO DCD FILE NVT.dcd AT STEP 21930
WRITING COORDINATES TO DCD FILE NVT.dcd AT STEP 21940
WRITING COORDINATES TO DCD FILE NVT.dcd AT STEP 21950
WRITING COORDINATES TO DCD FILE NVT.dcd AT STEP 21960
WRITING COORDINATES TO DCD FILE NVT.dcd AT STEP 21970
WRITING COORDINATES TO DCD FILE NVT.dcd AT STEP 21980
WRITING COORDINATES TO DCD FILE NVT.dcd AT STEP 21990
PRESSURE: 22000 -698.147 -39.1615 134.59 -39.1615 243.154 -387.977 134.59 -387.977 295.474
GPRESSURE: 22000 -634.02 -29.3303 132.209 -52.1104 298.534 -187.7 173.216 -239.039 216.172
PRESSAVG: 22000 16.2313 -10.5714 -16.6286 -10.5714 -20.9918 18.4202 -16.6286 18.4202 20.3177
GPRESSAVG: 22000 15.8354 -10.6132 -16.2092 -10.51 -21.0394 17.8867 -16.9949 18.1785 20.1647
ENERGY:   22000      1613.6700      9212.8021      5764.7715        89.0131         -60412.8324     -1327.8992         0.0000         0.0000     18983.8514         -26076.6234       306.3956    -45060.4748    -25922.5866       305.9947            -53.1734       -39.7713    267320.2643         5.1857         4.9869

WRITING COORDINATES TO DCD FILE NVT.dcd AT STEP 22000
WRITING COORDINATES TO DCD FILE NVT.dcd AT STEP 22010
WRITING COORDINATES TO DCD FILE NVT.dcd AT STEP 22020
WRITING COORDINATES TO DCD FILE NVT.dcd AT STEP 22030
WRITING COORDINATES TO DCD FILE NVT.dcd AT STEP 22040
WRITING COORDINATES TO DCD FILE NVT.dcd AT STEP 22050
WRITING COORDINATES TO DCD FILE NVT.dcd AT STEP 22060
WRITING COORDINATES TO DCD FILE NVT.dcd AT STEP 22070
WRITING COORDINATES TO DCD FILE NVT.dcd AT STEP 22080
WRITING COORDINATES TO DCD FILE NVT.dcd AT STEP 22090
WRITING COORDINATES TO DCD FILE NVT.dcd AT STEP 22100
WRITING COORDINATES TO DCD FILE NVT.dcd AT STEP 22110
WRITING COORDINATES TO DCD FILE NVT.dcd AT STEP 22120
WRITING COORDINATES TO DCD FILE NVT.dcd AT STEP 22130
WRITING COORDINATES TO DCD FILE NVT.dcd AT STEP 22140
LDB: ============= START OF LOAD BALANCING ============== 3684.31
LDB: ============== END OF LOAD BALANCING =============== 3684.31
LDB: =============== DONE WITH MIGRATION ================ 3684.31
WRITING COORDINATES TO DCD FILE NVT.dcd AT STEP 22150
WRITING COORDINATES TO DCD FILE NVT.dcd AT STEP 22160
WRITING COORDINATES TO DCD FILE NVT.dcd AT STEP 22170
WRITING COORDINATES TO DCD FILE NVT.dcd AT STEP 22180
WRITING COORDINATES TO DCD FILE NVT.dcd AT STEP 22190
LDB: ============= START OF LOAD BALANCING ============== 3692.6
LDB: ============== END OF LOAD BALANCING =============== 3692.6
LDB: =============== DONE WITH MIGRATION ================ 3692.6
WRITING COORDINATES TO DCD FILE NVT.dcd AT STEP 22200
WRITING COORDINATES TO DCD FILE NVT.dcd AT STEP 22210
WRITING COORDINATES TO DCD FILE NVT.dcd AT STEP 22220
WRITING COORDINATES TO DCD FILE NVT.dcd AT STEP 22230
WRITING COORDINATES TO DCD FILE NVT.dcd AT STEP 22240
WRITING COORDINATES TO DCD FILE NVT.dcd AT STEP 22250
WRITING COORDINATES TO DCD FILE NVT.dcd AT STEP 22260
WRITING COORDINATES TO DCD FILE NVT.dcd AT STEP 22270
WRITING COORDINATES TO DCD FILE NVT.dcd AT STEP 22280
WRITING COORDINATES TO DCD FILE NVT.dcd AT STEP 22290
WRITING COORDINATES TO DCD FILE NVT.dcd AT STEP 22300
WRITING COORDINATES TO DCD FILE NVT.dcd AT STEP 22310
WRITING COORDINATES TO DCD FILE NVT.dcd AT STEP 22320
WRITING COORDINATES TO DCD FILE NVT.dcd AT STEP 22330
WRITING COORDINATES TO DCD FILE NVT.dcd AT STEP 22340
WRITING COORDINATES TO DCD FILE NVT.dcd AT STEP 22350
WRITING COORDINATES TO DCD FILE NVT.dcd AT STEP 22360
WRITING COORDINATES TO DCD FILE NVT.dcd AT STEP 22370
WRITING COORDINATES TO DCD FILE NVT.dcd AT STEP 22380
WRITING COORDINATES TO DCD FILE NVT.dcd AT STEP 22390
WRITING COORDINATES TO DCD FILE NVT.dcd AT STEP 22400
WRITING COORDINATES TO DCD FILE NVT.dcd AT STEP 22410
WRITING COORDINATES TO DCD FILE NVT.dcd AT STEP 22420
WRITING COORDINATES TO DCD FILE NVT.dcd AT STEP 22430
WRITING COORDINATES TO DCD FILE NVT.dcd AT STEP 22440
WRITING COORDINATES TO DCD FILE NVT.dcd AT STEP 22450
WRITING COORDINATES TO DCD FILE NVT.dcd AT STEP 22460
WRITING COORDINATES TO DCD FILE NVT.dcd AT STEP 22470
WRITING COORDINATES TO DCD FILE NVT.dcd AT STEP 22480
WRITING COORDINATES TO DCD FILE NVT.dcd AT STEP 22490
WRITING COORDINATES TO DCD FILE NVT.dcd AT STEP 22500
WRITING COORDINATES TO DCD FILE NVT.dcd AT STEP 22510
WRITING COORDINATES TO DCD FILE NVT.dcd AT STEP 22520
WRITING COORDINATES TO DCD FILE NVT.dcd AT STEP 22530
WRITING COORDINATES TO DCD FILE NVT.dcd AT STEP 22540
WRITING COORDINATES TO DCD FILE NVT.dcd AT STEP 22550
WRITING COORDINATES TO DCD FILE NVT.dcd AT STEP 22560
WRITING COORDINATES TO DCD FILE NVT.dcd AT STEP 22570
WRITING COORDINATES TO DCD FILE NVT.dcd AT STEP 22580
WRITING COORDINATES TO DCD FILE NVT.dcd AT STEP 22590
WRITING COORDINATES TO DCD FILE NVT.dcd AT STEP 22600
WRITING COORDINATES TO DCD FILE NVT.dcd AT STEP 22610
WRITING COORDINATES TO DCD FILE NVT.dcd AT STEP 22620
WRITING COORDINATES TO DCD FILE NVT.dcd AT STEP 22630
WRITING COORDINATES TO DCD FILE NVT.dcd AT STEP 22640
WRITING COORDINATES TO DCD FILE NVT.dcd AT STEP 22650
WRITING COORDINATES TO DCD FILE NVT.dcd AT STEP 22660
WRITING COORDINATES TO DCD FILE NVT.dcd AT STEP 22670
WRITING COORDINATES TO DCD FILE NVT.dcd AT STEP 22680
WRITING COORDINATES TO DCD FILE NVT.dcd AT STEP 22690
WRITING COORDINATES TO DCD FILE NVT.dcd AT STEP 22700
WRITING COORDINATES TO DCD FILE NVT.dcd AT STEP 22710
WRITING COORDINATES TO DCD FILE NVT.dcd AT STEP 22720
WRITING COORDINATES TO DCD FILE NVT.dcd AT STEP 22730
WRITING COORDINATES TO DCD FILE NVT.dcd AT STEP 22740
WRITING COORDINATES TO DCD FILE NVT.dcd AT STEP 22750
WRITING COORDINATES TO DCD FILE NVT.dcd AT STEP 22760
WRITING COORDINATES TO DCD FILE NVT.dcd AT STEP 22770
WRITING COORDINATES TO DCD FILE NVT.dcd AT STEP 22780
WRITING COORDINATES TO DCD FILE NVT.dcd AT STEP 22790
WRITING COORDINATES TO DCD FILE NVT.dcd AT STEP 22800
WRITING COORDINATES TO DCD FILE NVT.dcd AT STEP 22810
WRITING COORDINATES TO DCD FILE NVT.dcd AT STEP 22820
WRITING COORDINATES TO DCD FILE NVT.dcd AT STEP 22830
WRITING COORDINATES TO DCD FILE NVT.dcd AT STEP 22840
WRITING COORDINATES TO DCD FILE NVT.dcd AT STEP 22850
WRITING COORDINATES TO DCD FILE NVT.dcd AT STEP 22860
WRITING COORDINATES TO DCD FILE NVT.dcd AT STEP 22870
WRITING COORDINATES TO DCD FILE NVT.dcd AT STEP 22880
WRITING COORDINATES TO DCD FILE NVT.dcd AT STEP 22890
WRITING COORDINATES TO DCD FILE NVT.dcd AT STEP 22900
WRITING COORDINATES TO DCD FILE NVT.dcd AT STEP 22910
WRITING COORDINATES TO DCD FILE NVT.dcd AT STEP 22920
WRITING COORDINATES TO DCD FILE NVT.dcd AT STEP 22930
WRITING COORDINATES TO DCD FILE NVT.dcd AT STEP 22940
WRITING COORDINATES TO DCD FILE NVT.dcd AT STEP 22950
WRITING COORDINATES TO DCD FILE NVT.dcd AT STEP 22960
WRITING COORDINATES TO DCD FILE NVT.dcd AT STEP 22970
WRITING COORDINATES TO DCD FILE NVT.dcd AT STEP 22980
WRITING COORDINATES TO DCD FILE NVT.dcd AT STEP 22990
PRESSURE: 23000 -160.193 145.059 -372.347 145.059 -71.6513 -272.131 -372.347 -272.131 -52.4385
GPRESSURE: 23000 -202.87 25.9498 -272.244 273.133 4.26399 -345.066 -464.003 -75.522 -76.6163
PRESSAVG: 23000 -21.4744 28.5555 -1.72452 28.5555 34.4554 21.4349 -1.72452 21.4349 -0.990028
GPRESSAVG: 23000 -21.1017 29.139 -1.54419 27.7244 34.5814 21.1795 -2.1819 22.7816 -1.0162
ENERGY:   23000      1536.5276      9212.8150      5777.6807        71.1715         -60149.2010     -1467.1095         0.0000         0.0000     18697.2673         -26320.8483       301.7702    -45018.1156    -26165.5493       304.2484            -94.7608       -91.7406    267320.2643         3.9970         4.1545

WRITING COORDINATES TO DCD FILE NVT.dcd AT STEP 23000
WRITING COORDINATES TO DCD FILE NVT.dcd AT STEP 23010
WRITING COORDINATES TO DCD FILE NVT.dcd AT STEP 23020
WRITING COORDINATES TO DCD FILE NVT.dcd AT STEP 23030
WRITING COORDINATES TO DCD FILE NVT.dcd AT STEP 23040
WRITING COORDINATES TO DCD FILE NVT.dcd AT STEP 23050
WRITING COORDINATES TO DCD FILE NVT.dcd AT STEP 23060
WRITING COORDINATES TO DCD FILE NVT.dcd AT STEP 23070
WRITING COORDINATES TO DCD FILE NVT.dcd AT STEP 23080
WRITING COORDINATES TO DCD FILE NVT.dcd AT STEP 23090
WRITING COORDINATES TO DCD FILE NVT.dcd AT STEP 23100
WRITING COORDINATES TO DCD FILE NVT.dcd AT STEP 23110
WRITING COORDINATES TO DCD FILE NVT.dcd AT STEP 23120
WRITING COORDINATES TO DCD FILE NVT.dcd AT STEP 23130
WRITING COORDINATES TO DCD FILE NVT.dcd AT STEP 23140
WRITING COORDINATES TO DCD FILE NVT.dcd AT STEP 23150
WRITING COORDINATES TO DCD FILE NVT.dcd AT STEP 23160
WRITING COORDINATES TO DCD FILE NVT.dcd AT STEP 23170
WRITING COORDINATES TO DCD FILE NVT.dcd AT STEP 23180
WRITING COORDINATES TO DCD FILE NVT.dcd AT STEP 23190
WRITING COORDINATES TO DCD FILE NVT.dcd AT STEP 23200
WRITING COORDINATES TO DCD FILE NVT.dcd AT STEP 23210
WRITING COORDINATES TO DCD FILE NVT.dcd AT STEP 23220
WRITING COORDINATES TO DCD FILE NVT.dcd AT STEP 23230
WRITING COORDINATES TO DCD FILE NVT.dcd AT STEP 23240
WRITING COORDINATES TO DCD FILE NVT.dcd AT STEP 23250
WRITING COORDINATES TO DCD FILE NVT.dcd AT STEP 23260
WRITING COORDINATES TO DCD FILE NVT.dcd AT STEP 23270
WRITING COORDINATES TO DCD FILE NVT.dcd AT STEP 23280
WRITING COORDINATES TO DCD FILE NVT.dcd AT STEP 23290
WRITING COORDINATES TO DCD FILE NVT.dcd AT STEP 23300
WRITING COORDINATES TO DCD FILE NVT.dcd AT STEP 23310
WRITING COORDINATES TO DCD FILE NVT.dcd AT STEP 23320
WRITING COORDINATES TO DCD FILE NVT.dcd AT STEP 23330
WRITING COORDINATES TO DCD FILE NVT.dcd AT STEP 23340
WRITING COORDINATES TO DCD FILE NVT.dcd AT STEP 23350
WRITING COORDINATES TO DCD FILE NVT.dcd AT STEP 23360
WRITING COORDINATES TO DCD FILE NVT.dcd AT STEP 23370
WRITING COORDINATES TO DCD FILE NVT.dcd AT STEP 23380
WRITING COORDINATES TO DCD FILE NVT.dcd AT STEP 23390
WRITING COORDINATES TO DCD FILE NVT.dcd AT STEP 23400
WRITING COORDINATES TO DCD FILE NVT.dcd AT STEP 23410
WRITING COORDINATES TO DCD FILE NVT.dcd AT STEP 23420
WRITING COORDINATES TO DCD FILE NVT.dcd AT STEP 23430
WRITING COORDINATES TO DCD FILE NVT.dcd AT STEP 23440
WRITING COORDINATES TO DCD FILE NVT.dcd AT STEP 23450
WRITING COORDINATES TO DCD FILE NVT.dcd AT STEP 23460
WRITING COORDINATES TO DCD FILE NVT.dcd AT STEP 23470
WRITING COORDINATES TO DCD FILE NVT.dcd AT STEP 23480
WRITING COORDINATES TO DCD FILE NVT.dcd AT STEP 23490
WRITING COORDINATES TO DCD FILE NVT.dcd AT STEP 23500
WRITING COORDINATES TO DCD FILE NVT.dcd AT STEP 23510
WRITING COORDINATES TO DCD FILE NVT.dcd AT STEP 23520
WRITING COORDINATES TO DCD FILE NVT.dcd AT STEP 23530
WRITING COORDINATES TO DCD FILE NVT.dcd AT STEP 23540
WRITING COORDINATES TO DCD FILE NVT.dcd AT STEP 23550
WRITING COORDINATES TO DCD FILE NVT.dcd AT STEP 23560
WRITING COORDINATES TO DCD FILE NVT.dcd AT STEP 23570
WRITING COORDINATES TO DCD FILE NVT.dcd AT STEP 23580
WRITING COORDINATES TO DCD FILE NVT.dcd AT STEP 23590
WRITING COORDINATES TO DCD FILE NVT.dcd AT STEP 23600
WRITING COORDINATES TO DCD FILE NVT.dcd AT STEP 23610
WRITING COORDINATES TO DCD FILE NVT.dcd AT STEP 23620
WRITING COORDINATES TO DCD FILE NVT.dcd AT STEP 23630
WRITING COORDINATES TO DCD FILE NVT.dcd AT STEP 23640
WRITING COORDINATES TO DCD FILE NVT.dcd AT STEP 23650
WRITING COORDINATES TO DCD FILE NVT.dcd AT STEP 23660
WRITING COORDINATES TO DCD FILE NVT.dcd AT STEP 23670
WRITING COORDINATES TO DCD FILE NVT.dcd AT STEP 23680
WRITING COORDINATES TO DCD FILE NVT.dcd AT STEP 23690
WRITING COORDINATES TO DCD FILE NVT.dcd AT STEP 23700
WRITING COORDINATES TO DCD FILE NVT.dcd AT STEP 23710
WRITING COORDINATES TO DCD FILE NVT.dcd AT STEP 23720
WRITING COORDINATES TO DCD FILE NVT.dcd AT STEP 23730
WRITING COORDINATES TO DCD FILE NVT.dcd AT STEP 23740
WRITING COORDINATES TO DCD FILE NVT.dcd AT STEP 23750
WRITING COORDINATES TO DCD FILE NVT.dcd AT STEP 23760
WRITING COORDINATES TO DCD FILE NVT.dcd AT STEP 23770
WRITING COORDINATES TO DCD FILE NVT.dcd AT STEP 23780
WRITING COORDINATES TO DCD FILE NVT.dcd AT STEP 23790
WRITING COORDINATES TO DCD FILE NVT.dcd AT STEP 23800
WRITING COORDINATES TO DCD FILE NVT.dcd AT STEP 23810
WRITING COORDINATES TO DCD FILE NVT.dcd AT STEP 23820
WRITING COORDINATES TO DCD FILE NVT.dcd AT STEP 23830
WRITING COORDINATES TO DCD FILE NVT.dcd AT STEP 23840
WRITING COORDINATES TO DCD FILE NVT.dcd AT STEP 23850
WRITING COORDINATES TO DCD FILE NVT.dcd AT STEP 23860
WRITING COORDINATES TO DCD FILE NVT.dcd AT STEP 23870
WRITING COORDINATES TO DCD FILE NVT.dcd AT STEP 23880
WRITING COORDINATES TO DCD FILE NVT.dcd AT STEP 23890
WRITING COORDINATES TO DCD FILE NVT.dcd AT STEP 23900
WRITING COORDINATES TO DCD FILE NVT.dcd AT STEP 23910
WRITING COORDINATES TO DCD FILE NVT.dcd AT STEP 23920
WRITING COORDINATES TO DCD FILE NVT.dcd AT STEP 23930
WRITING COORDINATES TO DCD FILE NVT.dcd AT STEP 23940
WRITING COORDINATES TO DCD FILE NVT.dcd AT STEP 23950
WRITING COORDINATES TO DCD FILE NVT.dcd AT STEP 23960
WRITING COORDINATES TO DCD FILE NVT.dcd AT STEP 23970
WRITING COORDINATES TO DCD FILE NVT.dcd AT STEP 23980
WRITING COORDINATES TO DCD FILE NVT.dcd AT STEP 23990
PRESSURE: 24000 -264.2 -562.257 -558.622 -562.257 -96.4193 -18.3979 -558.622 -18.3979 -249.827
GPRESSURE: 24000 -240.485 -397.592 -382.333 -669.312 -228.18 60.1649 -645.501 56.299 -65.2169
PRESSAVG: 24000 -156.139 13.894 -3.6124 13.894 -106.809 -8.5992 -3.6124 -8.5992 -49.5513
GPRESSAVG: 24000 -156.218 13.2537 -3.82508 14.2461 -106.49 -7.85271 -4.28957 -9.37396 -49.3471
ENERGY:   24000      1608.0511      9233.7040      5666.4408        69.9612         -60356.8541     -1331.9446         0.0000         0.0000     18941.8455         -26168.7961       305.7176    -45110.6416    -26012.2869       305.0411           -203.4822      -177.9607    267320.2643      -104.1664      -104.0182

WRITING COORDINATES TO DCD FILE NVT.dcd AT STEP 24000
WRITING COORDINATES TO DCD FILE NVT.dcd AT STEP 24010
WRITING COORDINATES TO DCD FILE NVT.dcd AT STEP 24020
WRITING COORDINATES TO DCD FILE NVT.dcd AT STEP 24030
WRITING COORDINATES TO DCD FILE NVT.dcd AT STEP 24040
WRITING COORDINATES TO DCD FILE NVT.dcd AT STEP 24050
WRITING COORDINATES TO DCD FILE NVT.dcd AT STEP 24060
WRITING COORDINATES TO DCD FILE NVT.dcd AT STEP 24070
WRITING COORDINATES TO DCD FILE NVT.dcd AT STEP 24080
WRITING COORDINATES TO DCD FILE NVT.dcd AT STEP 24090
WRITING COORDINATES TO DCD FILE NVT.dcd AT STEP 24100
WRITING COORDINATES TO DCD FILE NVT.dcd AT STEP 24110
WRITING COORDINATES TO DCD FILE NVT.dcd AT STEP 24120
WRITING COORDINATES TO DCD FILE NVT.dcd AT STEP 24130
WRITING COORDINATES TO DCD FILE NVT.dcd AT STEP 24140
LDB: ============= START OF LOAD BALANCING ============== 4015.59
LDB: ============== END OF LOAD BALANCING =============== 4015.59
LDB: =============== DONE WITH MIGRATION ================ 4015.59
WRITING COORDINATES TO DCD FILE NVT.dcd AT STEP 24150
WRITING COORDINATES TO DCD FILE NVT.dcd AT STEP 24160
WRITING COORDINATES TO DCD FILE NVT.dcd AT STEP 24170
WRITING COORDINATES TO DCD FILE NVT.dcd AT STEP 24180
WRITING COORDINATES TO DCD FILE NVT.dcd AT STEP 24190
LDB: ============= START OF LOAD BALANCING ============== 4023.87
LDB: ============== END OF LOAD BALANCING =============== 4023.87
LDB: =============== DONE WITH MIGRATION ================ 4023.87
WRITING COORDINATES TO DCD FILE NVT.dcd AT STEP 24200
WRITING COORDINATES TO DCD FILE NVT.dcd AT STEP 24210
WRITING COORDINATES TO DCD FILE NVT.dcd AT STEP 24220
WRITING COORDINATES TO DCD FILE NVT.dcd AT STEP 24230
WRITING COORDINATES TO DCD FILE NVT.dcd AT STEP 24240
WRITING COORDINATES TO DCD FILE NVT.dcd AT STEP 24250
WRITING COORDINATES TO DCD FILE NVT.dcd AT STEP 24260
WRITING COORDINATES TO DCD FILE NVT.dcd AT STEP 24270
WRITING COORDINATES TO DCD FILE NVT.dcd AT STEP 24280
WRITING COORDINATES TO DCD FILE NVT.dcd AT STEP 24290
WRITING COORDINATES TO DCD FILE NVT.dcd AT STEP 24300
WRITING COORDINATES TO DCD FILE NVT.dcd AT STEP 24310
WRITING COORDINATES TO DCD FILE NVT.dcd AT STEP 24320
WRITING COORDINATES TO DCD FILE NVT.dcd AT STEP 24330
WRITING COORDINATES TO DCD FILE NVT.dcd AT STEP 24340
WRITING COORDINATES TO DCD FILE NVT.dcd AT STEP 24350
WRITING COORDINATES TO DCD FILE NVT.dcd AT STEP 24360
WRITING COORDINATES TO DCD FILE NVT.dcd AT STEP 24370
WRITING COORDINATES TO DCD FILE NVT.dcd AT STEP 24380
WRITING COORDINATES TO DCD FILE NVT.dcd AT STEP 24390
WRITING COORDINATES TO DCD FILE NVT.dcd AT STEP 24400
WRITING COORDINATES TO DCD FILE NVT.dcd AT STEP 24410
WRITING COORDINATES TO DCD FILE NVT.dcd AT STEP 24420
WRITING COORDINATES TO DCD FILE NVT.dcd AT STEP 24430
WRITING COORDINATES TO DCD FILE NVT.dcd AT STEP 24440
WRITING COORDINATES TO DCD FILE NVT.dcd AT STEP 24450
WRITING COORDINATES TO DCD FILE NVT.dcd AT STEP 24460
WRITING COORDINATES TO DCD FILE NVT.dcd AT STEP 24470
WRITING COORDINATES TO DCD FILE NVT.dcd AT STEP 24480
WRITING COORDINATES TO DCD FILE NVT.dcd AT STEP 24490
WRITING COORDINATES TO DCD FILE NVT.dcd AT STEP 24500
WRITING COORDINATES TO DCD FILE NVT.dcd AT STEP 24510
WRITING COORDINATES TO DCD FILE NVT.dcd AT STEP 24520
WRITING COORDINATES TO DCD FILE NVT.dcd AT STEP 24530
WRITING COORDINATES TO DCD FILE NVT.dcd AT STEP 24540
WRITING COORDINATES TO DCD FILE NVT.dcd AT STEP 24550
WRITING COORDINATES TO DCD FILE NVT.dcd AT STEP 24560
WRITING COORDINATES TO DCD FILE NVT.dcd AT STEP 24570
WRITING COORDINATES TO DCD FILE NVT.dcd AT STEP 24580
WRITING COORDINATES TO DCD FILE NVT.dcd AT STEP 24590
WRITING COORDINATES TO DCD FILE NVT.dcd AT STEP 24600
WRITING COORDINATES TO DCD FILE NVT.dcd AT STEP 24610
WRITING COORDINATES TO DCD FILE NVT.dcd AT STEP 24620
WRITING COORDINATES TO DCD FILE NVT.dcd AT STEP 24630
WRITING COORDINATES TO DCD FILE NVT.dcd AT STEP 24640
WRITING COORDINATES TO DCD FILE NVT.dcd AT STEP 24650
WRITING COORDINATES TO DCD FILE NVT.dcd AT STEP 24660
WRITING COORDINATES TO DCD FILE NVT.dcd AT STEP 24670
WRITING COORDINATES TO DCD FILE NVT.dcd AT STEP 24680
WRITING COORDINATES TO DCD FILE NVT.dcd AT STEP 24690
WRITING COORDINATES TO DCD FILE NVT.dcd AT STEP 24700
WRITING COORDINATES TO DCD FILE NVT.dcd AT STEP 24710
WRITING COORDINATES TO DCD FILE NVT.dcd AT STEP 24720
WRITING COORDINATES TO DCD FILE NVT.dcd AT STEP 24730
WRITING COORDINATES TO DCD FILE NVT.dcd AT STEP 24740
WRITING COORDINATES TO DCD FILE NVT.dcd AT STEP 24750
WRITING COORDINATES TO DCD FILE NVT.dcd AT STEP 24760
WRITING COORDINATES TO DCD FILE NVT.dcd AT STEP 24770
WRITING COORDINATES TO DCD FILE NVT.dcd AT STEP 24780
WRITING COORDINATES TO DCD FILE NVT.dcd AT STEP 24790
WRITING COORDINATES TO DCD FILE NVT.dcd AT STEP 24800
WRITING COORDINATES TO DCD FILE NVT.dcd AT STEP 24810
WRITING COORDINATES TO DCD FILE NVT.dcd AT STEP 24820
WRITING COORDINATES TO DCD FILE NVT.dcd AT STEP 24830
WRITING COORDINATES TO DCD FILE NVT.dcd AT STEP 24840
WRITING COORDINATES TO DCD FILE NVT.dcd AT STEP 24850
WRITING COORDINATES TO DCD FILE NVT.dcd AT STEP 24860
WRITING COORDINATES TO DCD FILE NVT.dcd AT STEP 24870
WRITING COORDINATES TO DCD FILE NVT.dcd AT STEP 24880
WRITING COORDINATES TO DCD FILE NVT.dcd AT STEP 24890
WRITING COORDINATES TO DCD FILE NVT.dcd AT STEP 24900
WRITING COORDINATES TO DCD FILE NVT.dcd AT STEP 24910
WRITING COORDINATES TO DCD FILE NVT.dcd AT STEP 24920
WRITING COORDINATES TO DCD FILE NVT.dcd AT STEP 24930
WRITING COORDINATES TO DCD FILE NVT.dcd AT STEP 24940
WRITING COORDINATES TO DCD FILE NVT.dcd AT STEP 24950
WRITING COORDINATES TO DCD FILE NVT.dcd AT STEP 24960
WRITING COORDINATES TO DCD FILE NVT.dcd AT STEP 24970
WRITING COORDINATES TO DCD FILE NVT.dcd AT STEP 24980
WRITING COORDINATES TO DCD FILE NVT.dcd AT STEP 24990
PRESSURE: 25000 -244.693 287.62 -25.1827 287.62 -476.61 142.207 -25.1827 142.207 -1037.07
GPRESSURE: 25000 -245.147 496.665 -136.304 34.1932 -478.306 226.981 83.8031 117.944 -986.788
PRESSAVG: 25000 -110.795 11.7183 -40.0609 11.7183 -74.2744 30.0686 -40.0609 30.0686 -3.09401
GPRESSAVG: 25000 -111.17 11.8091 -39.8509 11.4199 -73.9458 29.2366 -39.0433 30.2557 -3.22904
ENERGY:   25000      1626.8870      9368.0178      5717.7887        82.4061         -60470.9013     -1290.8035         0.0000         0.0000     18961.9811         -26004.6241       306.0426    -44966.6052    -25849.7032       306.1872           -586.1233      -570.0804    267320.2643       -62.7212       -62.7816

WRITING EXTENDED SYSTEM TO RESTART FILE AT STEP 25000
WRITING COORDINATES TO DCD FILE NVT.dcd AT STEP 25000
WRITING COORDINATES TO RESTART FILE AT STEP 25000
FINISHED WRITING RESTART COORDINATES
WRITING VELOCITIES TO RESTART FILE AT STEP 25000
FINISHED WRITING RESTART VELOCITIES
The last velocity output (seq=25000) takes 0.000 seconds, 876.240 MB of memory in use
WRITING COORDINATES TO DCD FILE NVT.dcd AT STEP 25010
WRITING COORDINATES TO DCD FILE NVT.dcd AT STEP 25020
WRITING COORDINATES TO DCD FILE NVT.dcd AT STEP 25030
WRITING COORDINATES TO DCD FILE NVT.dcd AT STEP 25040
WRITING COORDINATES TO DCD FILE NVT.dcd AT STEP 25050
WRITING COORDINATES TO DCD FILE NVT.dcd AT STEP 25060
WRITING COORDINATES TO DCD FILE NVT.dcd AT STEP 25070
WRITING COORDINATES TO DCD FILE NVT.dcd AT STEP 25080
WRITING COORDINATES TO DCD FILE NVT.dcd AT STEP 25090
WRITING COORDINATES TO DCD FILE NVT.dcd AT STEP 25100
WRITING COORDINATES TO DCD FILE NVT.dcd AT STEP 25110
WRITING COORDINATES TO DCD FILE NVT.dcd AT STEP 25120
WRITING COORDINATES TO DCD FILE NVT.dcd AT STEP 25130
WRITING COORDINATES TO DCD FILE NVT.dcd AT STEP 25140
WRITING COORDINATES TO DCD FILE NVT.dcd AT STEP 25150
WRITING COORDINATES TO DCD FILE NVT.dcd AT STEP 25160
WRITING COORDINATES TO DCD FILE NVT.dcd AT STEP 25170
WRITING COORDINATES TO DCD FILE NVT.dcd AT STEP 25180
WRITING COORDINATES TO DCD FILE NVT.dcd AT STEP 25190
WRITING COORDINATES TO DCD FILE NVT.dcd AT STEP 25200
WRITING COORDINATES TO DCD FILE NVT.dcd AT STEP 25210
WRITING COORDINATES TO DCD FILE NVT.dcd AT STEP 25220
WRITING COORDINATES TO DCD FILE NVT.dcd AT STEP 25230
WRITING COORDINATES TO DCD FILE NVT.dcd AT STEP 25240
WRITING COORDINATES TO DCD FILE NVT.dcd AT STEP 25250
WRITING COORDINATES TO DCD FILE NVT.dcd AT STEP 25260
WRITING COORDINATES TO DCD FILE NVT.dcd AT STEP 25270
WRITING COORDINATES TO DCD FILE NVT.dcd AT STEP 25280
WRITING COORDINATES TO DCD FILE NVT.dcd AT STEP 25290
WRITING COORDINATES TO DCD FILE NVT.dcd AT STEP 25300
WRITING COORDINATES TO DCD FILE NVT.dcd AT STEP 25310
WRITING COORDINATES TO DCD FILE NVT.dcd AT STEP 25320
WRITING COORDINATES TO DCD FILE NVT.dcd AT STEP 25330
WRITING COORDINATES TO DCD FILE NVT.dcd AT STEP 25340
WRITING COORDINATES TO DCD FILE NVT.dcd AT STEP 25350
WRITING COORDINATES TO DCD FILE NVT.dcd AT STEP 25360
WRITING COORDINATES TO DCD FILE NVT.dcd AT STEP 25370
WRITING COORDINATES TO DCD FILE NVT.dcd AT STEP 25380
WRITING COORDINATES TO DCD FILE NVT.dcd AT STEP 25390
WRITING COORDINATES TO DCD FILE NVT.dcd AT STEP 25400
WRITING COORDINATES TO DCD FILE NVT.dcd AT STEP 25410
WRITING COORDINATES TO DCD FILE NVT.dcd AT STEP 25420
WRITING COORDINATES TO DCD FILE NVT.dcd AT STEP 25430
WRITING COORDINATES TO DCD FILE NVT.dcd AT STEP 25440
WRITING COORDINATES TO DCD FILE NVT.dcd AT STEP 25450
WRITING COORDINATES TO DCD FILE NVT.dcd AT STEP 25460
WRITING COORDINATES TO DCD FILE NVT.dcd AT STEP 25470
WRITING COORDINATES TO DCD FILE NVT.dcd AT STEP 25480
WRITING COORDINATES TO DCD FILE NVT.dcd AT STEP 25490
WRITING COORDINATES TO DCD FILE NVT.dcd AT STEP 25500
WRITING COORDINATES TO DCD FILE NVT.dcd AT STEP 25510
WRITING COORDINATES TO DCD FILE NVT.dcd AT STEP 25520
WRITING COORDINATES TO DCD FILE NVT.dcd AT STEP 25530
WRITING COORDINATES TO DCD FILE NVT.dcd AT STEP 25540
WRITING COORDINATES TO DCD FILE NVT.dcd AT STEP 25550
WRITING COORDINATES TO DCD FILE NVT.dcd AT STEP 25560
WRITING COORDINATES TO DCD FILE NVT.dcd AT STEP 25570
WRITING COORDINATES TO DCD FILE NVT.dcd AT STEP 25580
WRITING COORDINATES TO DCD FILE NVT.dcd AT STEP 25590
WRITING COORDINATES TO DCD FILE NVT.dcd AT STEP 25600
WRITING COORDINATES TO DCD FILE NVT.dcd AT STEP 25610
WRITING COORDINATES TO DCD FILE NVT.dcd AT STEP 25620
WRITING COORDINATES TO DCD FILE NVT.dcd AT STEP 25630
WRITING COORDINATES TO DCD FILE NVT.dcd AT STEP 25640
WRITING COORDINATES TO DCD FILE NVT.dcd AT STEP 25650
WRITING COORDINATES TO DCD FILE NVT.dcd AT STEP 25660
WRITING COORDINATES TO DCD FILE NVT.dcd AT STEP 25670
WRITING COORDINATES TO DCD FILE NVT.dcd AT STEP 25680
WRITING COORDINATES TO DCD FILE NVT.dcd AT STEP 25690
WRITING COORDINATES TO DCD FILE NVT.dcd AT STEP 25700
WRITING COORDINATES TO DCD FILE NVT.dcd AT STEP 25710
WRITING COORDINATES TO DCD FILE NVT.dcd AT STEP 25720
WRITING COORDINATES TO DCD FILE NVT.dcd AT STEP 25730
WRITING COORDINATES TO DCD FILE NVT.dcd AT STEP 25740
WRITING COORDINATES TO DCD FILE NVT.dcd AT STEP 25750
WRITING COORDINATES TO DCD FILE NVT.dcd AT STEP 25760
WRITING COORDINATES TO DCD FILE NVT.dcd AT STEP 25770
WRITING COORDINATES TO DCD FILE NVT.dcd AT STEP 25780
WRITING COORDINATES TO DCD FILE NVT.dcd AT STEP 25790
WRITING COORDINATES TO DCD FILE NVT.dcd AT STEP 25800
WRITING COORDINATES TO DCD FILE NVT.dcd AT STEP 25810
WRITING COORDINATES TO DCD FILE NVT.dcd AT STEP 25820
WRITING COORDINATES TO DCD FILE NVT.dcd AT STEP 25830
WRITING COORDINATES TO DCD FILE NVT.dcd AT STEP 25840
WRITING COORDINATES TO DCD FILE NVT.dcd AT STEP 25850
WRITING COORDINATES TO DCD FILE NVT.dcd AT STEP 25860
WRITING COORDINATES TO DCD FILE NVT.dcd AT STEP 25870
WRITING COORDINATES TO DCD FILE NVT.dcd AT STEP 25880
WRITING COORDINATES TO DCD FILE NVT.dcd AT STEP 25890
WRITING COORDINATES TO DCD FILE NVT.dcd AT STEP 25900
WRITING COORDINATES TO DCD FILE NVT.dcd AT STEP 25910
WRITING COORDINATES TO DCD FILE NVT.dcd AT STEP 25920
WRITING COORDINATES TO DCD FILE NVT.dcd AT STEP 25930
WRITING COORDINATES TO DCD FILE NVT.dcd AT STEP 25940
WRITING COORDINATES TO DCD FILE NVT.dcd AT STEP 25950
WRITING COORDINATES TO DCD FILE NVT.dcd AT STEP 25960
WRITING COORDINATES TO DCD FILE NVT.dcd AT STEP 25970
WRITING COORDINATES TO DCD FILE NVT.dcd AT STEP 25980
WRITING COORDINATES TO DCD FILE NVT.dcd AT STEP 25990
PRESSURE: 26000 61.784 207.956 315.439 207.956 299.498 -189.876 315.439 -189.876 71.012
GPRESSURE: 26000 25.9503 196.689 345.713 115.1 363.151 -85.3784 181.513 -187.908 107.05
PRESSAVG: 26000 -156.075 0.897263 30.3633 0.897263 -62.0929 -18.2302 30.3633 -18.2302 -111.211
GPRESSAVG: 26000 -155.909 0.807604 30.9601 1.13972 -62.693 -17.7206 30.2451 -19.3243 -111.119
ENERGY:   26000      1607.1950      9285.1087      5728.7232        81.9957         -60360.6360     -1364.4945         0.0000         0.0000     19086.7961         -25935.3118       308.0571    -45022.1079    -25777.4324       306.7347            144.0980       165.3839    267320.2643      -109.7930      -109.9070

WRITING COORDINATES TO DCD FILE NVT.dcd AT STEP 26000
WRITING COORDINATES TO DCD FILE NVT.dcd AT STEP 26010
WRITING COORDINATES TO DCD FILE NVT.dcd AT STEP 26020
WRITING COORDINATES TO DCD FILE NVT.dcd AT STEP 26030
WRITING COORDINATES TO DCD FILE NVT.dcd AT STEP 26040
WRITING COORDINATES TO DCD FILE NVT.dcd AT STEP 26050
WRITING COORDINATES TO DCD FILE NVT.dcd AT STEP 26060
WRITING COORDINATES TO DCD FILE NVT.dcd AT STEP 26070
WRITING COORDINATES TO DCD FILE NVT.dcd AT STEP 26080
WRITING COORDINATES TO DCD FILE NVT.dcd AT STEP 26090
WRITING COORDINATES TO DCD FILE NVT.dcd AT STEP 26100
WRITING COORDINATES TO DCD FILE NVT.dcd AT STEP 26110
WRITING COORDINATES TO DCD FILE NVT.dcd AT STEP 26120
WRITING COORDINATES TO DCD FILE NVT.dcd AT STEP 26130
WRITING COORDINATES TO DCD FILE NVT.dcd AT STEP 26140
LDB: ============= START OF LOAD BALANCING ============== 4346.99
LDB: ============== END OF LOAD BALANCING =============== 4346.99
LDB: =============== DONE WITH MIGRATION ================ 4346.99
WRITING COORDINATES TO DCD FILE NVT.dcd AT STEP 26150
WRITING COORDINATES TO DCD FILE NVT.dcd AT STEP 26160
WRITING COORDINATES TO DCD FILE NVT.dcd AT STEP 26170
WRITING COORDINATES TO DCD FILE NVT.dcd AT STEP 26180
WRITING COORDINATES TO DCD FILE NVT.dcd AT STEP 26190
LDB: ============= START OF LOAD BALANCING ============== 4355.27
LDB: ============== END OF LOAD BALANCING =============== 4355.27
LDB: =============== DONE WITH MIGRATION ================ 4355.27
WRITING COORDINATES TO DCD FILE NVT.dcd AT STEP 26200
WRITING COORDINATES TO DCD FILE NVT.dcd AT STEP 26210
WRITING COORDINATES TO DCD FILE NVT.dcd AT STEP 26220
WRITING COORDINATES TO DCD FILE NVT.dcd AT STEP 26230
WRITING COORDINATES TO DCD FILE NVT.dcd AT STEP 26240
WRITING COORDINATES TO DCD FILE NVT.dcd AT STEP 26250
WRITING COORDINATES TO DCD FILE NVT.dcd AT STEP 26260
WRITING COORDINATES TO DCD FILE NVT.dcd AT STEP 26270
WRITING COORDINATES TO DCD FILE NVT.dcd AT STEP 26280
WRITING COORDINATES TO DCD FILE NVT.dcd AT STEP 26290
WRITING COORDINATES TO DCD FILE NVT.dcd AT STEP 26300
WRITING COORDINATES TO DCD FILE NVT.dcd AT STEP 26310
WRITING COORDINATES TO DCD FILE NVT.dcd AT STEP 26320
WRITING COORDINATES TO DCD FILE NVT.dcd AT STEP 26330
WRITING COORDINATES TO DCD FILE NVT.dcd AT STEP 26340
WRITING COORDINATES TO DCD FILE NVT.dcd AT STEP 26350
WRITING COORDINATES TO DCD FILE NVT.dcd AT STEP 26360
WRITING COORDINATES TO DCD FILE NVT.dcd AT STEP 26370
WRITING COORDINATES TO DCD FILE NVT.dcd AT STEP 26380
WRITING COORDINATES TO DCD FILE NVT.dcd AT STEP 26390
WRITING COORDINATES TO DCD FILE NVT.dcd AT STEP 26400
WRITING COORDINATES TO DCD FILE NVT.dcd AT STEP 26410
WRITING COORDINATES TO DCD FILE NVT.dcd AT STEP 26420
WRITING COORDINATES TO DCD FILE NVT.dcd AT STEP 26430
WRITING COORDINATES TO DCD FILE NVT.dcd AT STEP 26440
WRITING COORDINATES TO DCD FILE NVT.dcd AT STEP 26450
WRITING COORDINATES TO DCD FILE NVT.dcd AT STEP 26460
WRITING COORDINATES TO DCD FILE NVT.dcd AT STEP 26470
WRITING COORDINATES TO DCD FILE NVT.dcd AT STEP 26480
WRITING COORDINATES TO DCD FILE NVT.dcd AT STEP 26490
WRITING COORDINATES TO DCD FILE NVT.dcd AT STEP 26500
WRITING COORDINATES TO DCD FILE NVT.dcd AT STEP 26510
WRITING COORDINATES TO DCD FILE NVT.dcd AT STEP 26520
WRITING COORDINATES TO DCD FILE NVT.dcd AT STEP 26530
WRITING COORDINATES TO DCD FILE NVT.dcd AT STEP 26540
WRITING COORDINATES TO DCD FILE NVT.dcd AT STEP 26550
WRITING COORDINATES TO DCD FILE NVT.dcd AT STEP 26560
WRITING COORDINATES TO DCD FILE NVT.dcd AT STEP 26570
WRITING COORDINATES TO DCD FILE NVT.dcd AT STEP 26580
WRITING COORDINATES TO DCD FILE NVT.dcd AT STEP 26590
WRITING COORDINATES TO DCD FILE NVT.dcd AT STEP 26600
WRITING COORDINATES TO DCD FILE NVT.dcd AT STEP 26610
WRITING COORDINATES TO DCD FILE NVT.dcd AT STEP 26620
WRITING COORDINATES TO DCD FILE NVT.dcd AT STEP 26630
WRITING COORDINATES TO DCD FILE NVT.dcd AT STEP 26640
WRITING COORDINATES TO DCD FILE NVT.dcd AT STEP 26650
WRITING COORDINATES TO DCD FILE NVT.dcd AT STEP 26660
WRITING COORDINATES TO DCD FILE NVT.dcd AT STEP 26670
WRITING COORDINATES TO DCD FILE NVT.dcd AT STEP 26680
WRITING COORDINATES TO DCD FILE NVT.dcd AT STEP 26690
WRITING COORDINATES TO DCD FILE NVT.dcd AT STEP 26700
WRITING COORDINATES TO DCD FILE NVT.dcd AT STEP 26710
WRITING COORDINATES TO DCD FILE NVT.dcd AT STEP 26720
WRITING COORDINATES TO DCD FILE NVT.dcd AT STEP 26730
WRITING COORDINATES TO DCD FILE NVT.dcd AT STEP 26740
WRITING COORDINATES TO DCD FILE NVT.dcd AT STEP 26750
WRITING COORDINATES TO DCD FILE NVT.dcd AT STEP 26760
WRITING COORDINATES TO DCD FILE NVT.dcd AT STEP 26770
WRITING COORDINATES TO DCD FILE NVT.dcd AT STEP 26780
WRITING COORDINATES TO DCD FILE NVT.dcd AT STEP 26790
WRITING COORDINATES TO DCD FILE NVT.dcd AT STEP 26800
WRITING COORDINATES TO DCD FILE NVT.dcd AT STEP 26810
WRITING COORDINATES TO DCD FILE NVT.dcd AT STEP 26820
WRITING COORDINATES TO DCD FILE NVT.dcd AT STEP 26830
WRITING COORDINATES TO DCD FILE NVT.dcd AT STEP 26840
WRITING COORDINATES TO DCD FILE NVT.dcd AT STEP 26850
WRITING COORDINATES TO DCD FILE NVT.dcd AT STEP 26860
WRITING COORDINATES TO DCD FILE NVT.dcd AT STEP 26870
WRITING COORDINATES TO DCD FILE NVT.dcd AT STEP 26880
WRITING COORDINATES TO DCD FILE NVT.dcd AT STEP 26890
WRITING COORDINATES TO DCD FILE NVT.dcd AT STEP 26900
WRITING COORDINATES TO DCD FILE NVT.dcd AT STEP 26910
WRITING COORDINATES TO DCD FILE NVT.dcd AT STEP 26920
WRITING COORDINATES TO DCD FILE NVT.dcd AT STEP 26930
WRITING COORDINATES TO DCD FILE NVT.dcd AT STEP 26940
WRITING COORDINATES TO DCD FILE NVT.dcd AT STEP 26950
WRITING COORDINATES TO DCD FILE NVT.dcd AT STEP 26960
WRITING COORDINATES TO DCD FILE NVT.dcd AT STEP 26970
WRITING COORDINATES TO DCD FILE NVT.dcd AT STEP 26980
WRITING COORDINATES TO DCD FILE NVT.dcd AT STEP 26990
PRESSURE: 27000 -1272.13 348.473 -176.346 348.473 -636.898 -18.7541 -176.346 -18.7541 -646.184
GPRESSURE: 27000 -1111.54 342.665 -185.629 259.565 -691.55 -119.025 -133.434 -265.672 -736.987
PRESSAVG: 27000 -18.9919 4.0144 -38.1858 4.0144 111.903 -15.153 -38.1858 -15.153 -16.0583
GPRESSAVG: 27000 -18.4186 4.23254 -38.8008 3.13699 111.663 -15.0594 -37.8667 -14.6129 -16.237
ENERGY:   27000      1576.2460      9229.3474      5767.0410        71.9031         -60387.9925     -1350.4178         0.0000         0.0000     19014.0306         -26079.8422       306.8827    -45093.8728    -25917.5923       305.8355           -851.7361      -846.6921    267320.2643        25.6176        25.6693

WRITING COORDINATES TO DCD FILE NVT.dcd AT STEP 27000
WRITING COORDINATES TO DCD FILE NVT.dcd AT STEP 27010
WRITING COORDINATES TO DCD FILE NVT.dcd AT STEP 27020
WRITING COORDINATES TO DCD FILE NVT.dcd AT STEP 27030
WRITING COORDINATES TO DCD FILE NVT.dcd AT STEP 27040
WRITING COORDINATES TO DCD FILE NVT.dcd AT STEP 27050
WRITING COORDINATES TO DCD FILE NVT.dcd AT STEP 27060
WRITING COORDINATES TO DCD FILE NVT.dcd AT STEP 27070
WRITING COORDINATES TO DCD FILE NVT.dcd AT STEP 27080
WRITING COORDINATES TO DCD FILE NVT.dcd AT STEP 27090
WRITING COORDINATES TO DCD FILE NVT.dcd AT STEP 27100
WRITING COORDINATES TO DCD FILE NVT.dcd AT STEP 27110
WRITING COORDINATES TO DCD FILE NVT.dcd AT STEP 27120
WRITING COORDINATES TO DCD FILE NVT.dcd AT STEP 27130
WRITING COORDINATES TO DCD FILE NVT.dcd AT STEP 27140
WRITING COORDINATES TO DCD FILE NVT.dcd AT STEP 27150
WRITING COORDINATES TO DCD FILE NVT.dcd AT STEP 27160
WRITING COORDINATES TO DCD FILE NVT.dcd AT STEP 27170
WRITING COORDINATES TO DCD FILE NVT.dcd AT STEP 27180
WRITING COORDINATES TO DCD FILE NVT.dcd AT STEP 27190
WRITING COORDINATES TO DCD FILE NVT.dcd AT STEP 27200
WRITING COORDINATES TO DCD FILE NVT.dcd AT STEP 27210
WRITING COORDINATES TO DCD FILE NVT.dcd AT STEP 27220
WRITING COORDINATES TO DCD FILE NVT.dcd AT STEP 27230
WRITING COORDINATES TO DCD FILE NVT.dcd AT STEP 27240
WRITING COORDINATES TO DCD FILE NVT.dcd AT STEP 27250
WRITING COORDINATES TO DCD FILE NVT.dcd AT STEP 27260
WRITING COORDINATES TO DCD FILE NVT.dcd AT STEP 27270
WRITING COORDINATES TO DCD FILE NVT.dcd AT STEP 27280
WRITING COORDINATES TO DCD FILE NVT.dcd AT STEP 27290
WRITING COORDINATES TO DCD FILE NVT.dcd AT STEP 27300
WRITING COORDINATES TO DCD FILE NVT.dcd AT STEP 27310
WRITING COORDINATES TO DCD FILE NVT.dcd AT STEP 27320
WRITING COORDINATES TO DCD FILE NVT.dcd AT STEP 27330
WRITING COORDINATES TO DCD FILE NVT.dcd AT STEP 27340
WRITING COORDINATES TO DCD FILE NVT.dcd AT STEP 27350
WRITING COORDINATES TO DCD FILE NVT.dcd AT STEP 27360
WRITING COORDINATES TO DCD FILE NVT.dcd AT STEP 27370
WRITING COORDINATES TO DCD FILE NVT.dcd AT STEP 27380
WRITING COORDINATES TO DCD FILE NVT.dcd AT STEP 27390
WRITING COORDINATES TO DCD FILE NVT.dcd AT STEP 27400
WRITING COORDINATES TO DCD FILE NVT.dcd AT STEP 27410
WRITING COORDINATES TO DCD FILE NVT.dcd AT STEP 27420
WRITING COORDINATES TO DCD FILE NVT.dcd AT STEP 27430
WRITING COORDINATES TO DCD FILE NVT.dcd AT STEP 27440
WRITING COORDINATES TO DCD FILE NVT.dcd AT STEP 27450
WRITING COORDINATES TO DCD FILE NVT.dcd AT STEP 27460
WRITING COORDINATES TO DCD FILE NVT.dcd AT STEP 27470
WRITING COORDINATES TO DCD FILE NVT.dcd AT STEP 27480
WRITING COORDINATES TO DCD FILE NVT.dcd AT STEP 27490
WRITING COORDINATES TO DCD FILE NVT.dcd AT STEP 27500
WRITING COORDINATES TO DCD FILE NVT.dcd AT STEP 27510
WRITING COORDINATES TO DCD FILE NVT.dcd AT STEP 27520
WRITING COORDINATES TO DCD FILE NVT.dcd AT STEP 27530
WRITING COORDINATES TO DCD FILE NVT.dcd AT STEP 27540
WRITING COORDINATES TO DCD FILE NVT.dcd AT STEP 27550
WRITING COORDINATES TO DCD FILE NVT.dcd AT STEP 27560
WRITING COORDINATES TO DCD FILE NVT.dcd AT STEP 27570
WRITING COORDINATES TO DCD FILE NVT.dcd AT STEP 27580
WRITING COORDINATES TO DCD FILE NVT.dcd AT STEP 27590
WRITING COORDINATES TO DCD FILE NVT.dcd AT STEP 27600
WRITING COORDINATES TO DCD FILE NVT.dcd AT STEP 27610
WRITING COORDINATES TO DCD FILE NVT.dcd AT STEP 27620
WRITING COORDINATES TO DCD FILE NVT.dcd AT STEP 27630
WRITING COORDINATES TO DCD FILE NVT.dcd AT STEP 27640
WRITING COORDINATES TO DCD FILE NVT.dcd AT STEP 27650
WRITING COORDINATES TO DCD FILE NVT.dcd AT STEP 27660
WRITING COORDINATES TO DCD FILE NVT.dcd AT STEP 27670
WRITING COORDINATES TO DCD FILE NVT.dcd AT STEP 27680
WRITING COORDINATES TO DCD FILE NVT.dcd AT STEP 27690
WRITING COORDINATES TO DCD FILE NVT.dcd AT STEP 27700
WRITING COORDINATES TO DCD FILE NVT.dcd AT STEP 27710
WRITING COORDINATES TO DCD FILE NVT.dcd AT STEP 27720
WRITING COORDINATES TO DCD FILE NVT.dcd AT STEP 27730
WRITING COORDINATES TO DCD FILE NVT.dcd AT STEP 27740
WRITING COORDINATES TO DCD FILE NVT.dcd AT STEP 27750
WRITING COORDINATES TO DCD FILE NVT.dcd AT STEP 27760
WRITING COORDINATES TO DCD FILE NVT.dcd AT STEP 27770
WRITING COORDINATES TO DCD FILE NVT.dcd AT STEP 27780
WRITING COORDINATES TO DCD FILE NVT.dcd AT STEP 27790
WRITING COORDINATES TO DCD FILE NVT.dcd AT STEP 27800
WRITING COORDINATES TO DCD FILE NVT.dcd AT STEP 27810
WRITING COORDINATES TO DCD FILE NVT.dcd AT STEP 27820
WRITING COORDINATES TO DCD FILE NVT.dcd AT STEP 27830
WRITING COORDINATES TO DCD FILE NVT.dcd AT STEP 27840
WRITING COORDINATES TO DCD FILE NVT.dcd AT STEP 27850
WRITING COORDINATES TO DCD FILE NVT.dcd AT STEP 27860
WRITING COORDINATES TO DCD FILE NVT.dcd AT STEP 27870
WRITING COORDINATES TO DCD FILE NVT.dcd AT STEP 27880
WRITING COORDINATES TO DCD FILE NVT.dcd AT STEP 27890
WRITING COORDINATES TO DCD FILE NVT.dcd AT STEP 27900
WRITING COORDINATES TO DCD FILE NVT.dcd AT STEP 27910
WRITING COORDINATES TO DCD FILE NVT.dcd AT STEP 27920
WRITING COORDINATES TO DCD FILE NVT.dcd AT STEP 27930
WRITING COORDINATES TO DCD FILE NVT.dcd AT STEP 27940
WRITING COORDINATES TO DCD FILE NVT.dcd AT STEP 27950
WRITING COORDINATES TO DCD FILE NVT.dcd AT STEP 27960
WRITING COORDINATES TO DCD FILE NVT.dcd AT STEP 27970
WRITING COORDINATES TO DCD FILE NVT.dcd AT STEP 27980
WRITING COORDINATES TO DCD FILE NVT.dcd AT STEP 27990
PRESSURE: 28000 -16.3165 425.869 29.8071 425.869 -317.948 -593.271 29.8071 -593.271 -253.67
GPRESSURE: 28000 8.73237 451.9 179.423 409.641 -238.682 -607.18 -50.7891 -470.165 -250.159
PRESSAVG: 28000 -44.91 -16.9202 7.4924 -16.9202 106.765 -59.2814 7.4924 -59.2814 35.2212
GPRESSAVG: 28000 -45.1182 -17.0982 7.44708 -16.1117 107.162 -59.2013 7.37888 -59.8517 35.1678
ENERGY:   28000      1648.4433      9358.6876      5744.3428        73.5416         -60129.6410     -1424.6656         0.0000         0.0000     18937.6137         -25791.6775       305.6493    -44729.2913    -25639.0789       306.2486           -195.9783      -160.0364    267320.2643        32.3586        32.4038

WRITING COORDINATES TO DCD FILE NVT.dcd AT STEP 28000
WRITING COORDINATES TO DCD FILE NVT.dcd AT STEP 28010
WRITING COORDINATES TO DCD FILE NVT.dcd AT STEP 28020
WRITING COORDINATES TO DCD FILE NVT.dcd AT STEP 28030
WRITING COORDINATES TO DCD FILE NVT.dcd AT STEP 28040
WRITING COORDINATES TO DCD FILE NVT.dcd AT STEP 28050
WRITING COORDINATES TO DCD FILE NVT.dcd AT STEP 28060
WRITING COORDINATES TO DCD FILE NVT.dcd AT STEP 28070
WRITING COORDINATES TO DCD FILE NVT.dcd AT STEP 28080
WRITING COORDINATES TO DCD FILE NVT.dcd AT STEP 28090
WRITING COORDINATES TO DCD FILE NVT.dcd AT STEP 28100
WRITING COORDINATES TO DCD FILE NVT.dcd AT STEP 28110
WRITING COORDINATES TO DCD FILE NVT.dcd AT STEP 28120
WRITING COORDINATES TO DCD FILE NVT.dcd AT STEP 28130
WRITING COORDINATES TO DCD FILE NVT.dcd AT STEP 28140
LDB: ============= START OF LOAD BALANCING ============== 4678.87
LDB: ============== END OF LOAD BALANCING =============== 4678.87
LDB: =============== DONE WITH MIGRATION ================ 4678.87
WRITING COORDINATES TO DCD FILE NVT.dcd AT STEP 28150
WRITING COORDINATES TO DCD FILE NVT.dcd AT STEP 28160
WRITING COORDINATES TO DCD FILE NVT.dcd AT STEP 28170
WRITING COORDINATES TO DCD FILE NVT.dcd AT STEP 28180
WRITING COORDINATES TO DCD FILE NVT.dcd AT STEP 28190
LDB: ============= START OF LOAD BALANCING ============== 4687.19
LDB: ============== END OF LOAD BALANCING =============== 4687.19
LDB: =============== DONE WITH MIGRATION ================ 4687.19
WRITING COORDINATES TO DCD FILE NVT.dcd AT STEP 28200
WRITING COORDINATES TO DCD FILE NVT.dcd AT STEP 28210
WRITING COORDINATES TO DCD FILE NVT.dcd AT STEP 28220
WRITING COORDINATES TO DCD FILE NVT.dcd AT STEP 28230
WRITING COORDINATES TO DCD FILE NVT.dcd AT STEP 28240
WRITING COORDINATES TO DCD FILE NVT.dcd AT STEP 28250
WRITING COORDINATES TO DCD FILE NVT.dcd AT STEP 28260
WRITING COORDINATES TO DCD FILE NVT.dcd AT STEP 28270
WRITING COORDINATES TO DCD FILE NVT.dcd AT STEP 28280
WRITING COORDINATES TO DCD FILE NVT.dcd AT STEP 28290
WRITING COORDINATES TO DCD FILE NVT.dcd AT STEP 28300
WRITING COORDINATES TO DCD FILE NVT.dcd AT STEP 28310
WRITING COORDINATES TO DCD FILE NVT.dcd AT STEP 28320
WRITING COORDINATES TO DCD FILE NVT.dcd AT STEP 28330
WRITING COORDINATES TO DCD FILE NVT.dcd AT STEP 28340
WRITING COORDINATES TO DCD FILE NVT.dcd AT STEP 28350
WRITING COORDINATES TO DCD FILE NVT.dcd AT STEP 28360
WRITING COORDINATES TO DCD FILE NVT.dcd AT STEP 28370
WRITING COORDINATES TO DCD FILE NVT.dcd AT STEP 28380
WRITING COORDINATES TO DCD FILE NVT.dcd AT STEP 28390
WRITING COORDINATES TO DCD FILE NVT.dcd AT STEP 28400
WRITING COORDINATES TO DCD FILE NVT.dcd AT STEP 28410
WRITING COORDINATES TO DCD FILE NVT.dcd AT STEP 28420
WRITING COORDINATES TO DCD FILE NVT.dcd AT STEP 28430
WRITING COORDINATES TO DCD FILE NVT.dcd AT STEP 28440
WRITING COORDINATES TO DCD FILE NVT.dcd AT STEP 28450
WRITING COORDINATES TO DCD FILE NVT.dcd AT STEP 28460
WRITING COORDINATES TO DCD FILE NVT.dcd AT STEP 28470
WRITING COORDINATES TO DCD FILE NVT.dcd AT STEP 28480
WRITING COORDINATES TO DCD FILE NVT.dcd AT STEP 28490
WRITING COORDINATES TO DCD FILE NVT.dcd AT STEP 28500
WRITING COORDINATES TO DCD FILE NVT.dcd AT STEP 28510
WRITING COORDINATES TO DCD FILE NVT.dcd AT STEP 28520
WRITING COORDINATES TO DCD FILE NVT.dcd AT STEP 28530
WRITING COORDINATES TO DCD FILE NVT.dcd AT STEP 28540
WRITING COORDINATES TO DCD FILE NVT.dcd AT STEP 28550
WRITING COORDINATES TO DCD FILE NVT.dcd AT STEP 28560
WRITING COORDINATES TO DCD FILE NVT.dcd AT STEP 28570
WRITING COORDINATES TO DCD FILE NVT.dcd AT STEP 28580
WRITING COORDINATES TO DCD FILE NVT.dcd AT STEP 28590
WRITING COORDINATES TO DCD FILE NVT.dcd AT STEP 28600
WRITING COORDINATES TO DCD FILE NVT.dcd AT STEP 28610
WRITING COORDINATES TO DCD FILE NVT.dcd AT STEP 28620
WRITING COORDINATES TO DCD FILE NVT.dcd AT STEP 28630
WRITING COORDINATES TO DCD FILE NVT.dcd AT STEP 28640
WRITING COORDINATES TO DCD FILE NVT.dcd AT STEP 28650
WRITING COORDINATES TO DCD FILE NVT.dcd AT STEP 28660
WRITING COORDINATES TO DCD FILE NVT.dcd AT STEP 28670
WRITING COORDINATES TO DCD FILE NVT.dcd AT STEP 28680
WRITING COORDINATES TO DCD FILE NVT.dcd AT STEP 28690
WRITING COORDINATES TO DCD FILE NVT.dcd AT STEP 28700
WRITING COORDINATES TO DCD FILE NVT.dcd AT STEP 28710
WRITING COORDINATES TO DCD FILE NVT.dcd AT STEP 28720
WRITING COORDINATES TO DCD FILE NVT.dcd AT STEP 28730
WRITING COORDINATES TO DCD FILE NVT.dcd AT STEP 28740
WRITING COORDINATES TO DCD FILE NVT.dcd AT STEP 28750
WRITING COORDINATES TO DCD FILE NVT.dcd AT STEP 28760
WRITING COORDINATES TO DCD FILE NVT.dcd AT STEP 28770
WRITING COORDINATES TO DCD FILE NVT.dcd AT STEP 28780
WRITING COORDINATES TO DCD FILE NVT.dcd AT STEP 28790
WRITING COORDINATES TO DCD FILE NVT.dcd AT STEP 28800
WRITING COORDINATES TO DCD FILE NVT.dcd AT STEP 28810
WRITING COORDINATES TO DCD FILE NVT.dcd AT STEP 28820
WRITING COORDINATES TO DCD FILE NVT.dcd AT STEP 28830
WRITING COORDINATES TO DCD FILE NVT.dcd AT STEP 28840
WRITING COORDINATES TO DCD FILE NVT.dcd AT STEP 28850
WRITING COORDINATES TO DCD FILE NVT.dcd AT STEP 28860
WRITING COORDINATES TO DCD FILE NVT.dcd AT STEP 28870
WRITING COORDINATES TO DCD FILE NVT.dcd AT STEP 28880
WRITING COORDINATES TO DCD FILE NVT.dcd AT STEP 28890
WRITING COORDINATES TO DCD FILE NVT.dcd AT STEP 28900
WRITING COORDINATES TO DCD FILE NVT.dcd AT STEP 28910
WRITING COORDINATES TO DCD FILE NVT.dcd AT STEP 28920
WRITING COORDINATES TO DCD FILE NVT.dcd AT STEP 28930
WRITING COORDINATES TO DCD FILE NVT.dcd AT STEP 28940
WRITING COORDINATES TO DCD FILE NVT.dcd AT STEP 28950
WRITING COORDINATES TO DCD FILE NVT.dcd AT STEP 28960
WRITING COORDINATES TO DCD FILE NVT.dcd AT STEP 28970
WRITING COORDINATES TO DCD FILE NVT.dcd AT STEP 28980
WRITING COORDINATES TO DCD FILE NVT.dcd AT STEP 28990
PRESSURE: 29000 182.235 -159.44 56.1153 -159.44 63.0607 -149.917 56.1153 -149.917 120.033
GPRESSURE: 29000 169.832 -88.8801 -12.3097 -258.355 144.064 10.0112 65.0701 -86.8357 102
PRESSAVG: 29000 58.713 0.0123933 -23.3963 0.0123933 105.742 -27.6927 -23.3963 -27.6927 -62.0704
GPRESSAVG: 29000 57.7852 0.366258 -23.7371 -0.0188125 105.761 -27.7483 -23.2241 -27.4709 -61.4996
ENERGY:   29000      1606.3711      9381.0009      5718.8652        75.8648         -60650.2215     -1052.8446         0.0000         0.0000     18890.1205         -26030.8435       304.8828    -44920.9641    -25886.0855       306.7341            121.7765       138.6321    267320.2643        34.1282        34.0155

WRITING COORDINATES TO DCD FILE NVT.dcd AT STEP 29000
WRITING COORDINATES TO DCD FILE NVT.dcd AT STEP 29010
WRITING COORDINATES TO DCD FILE NVT.dcd AT STEP 29020
WRITING COORDINATES TO DCD FILE NVT.dcd AT STEP 29030
WRITING COORDINATES TO DCD FILE NVT.dcd AT STEP 29040
WRITING COORDINATES TO DCD FILE NVT.dcd AT STEP 29050
WRITING COORDINATES TO DCD FILE NVT.dcd AT STEP 29060
WRITING COORDINATES TO DCD FILE NVT.dcd AT STEP 29070
WRITING COORDINATES TO DCD FILE NVT.dcd AT STEP 29080
WRITING COORDINATES TO DCD FILE NVT.dcd AT STEP 29090
WRITING COORDINATES TO DCD FILE NVT.dcd AT STEP 29100
WRITING COORDINATES TO DCD FILE NVT.dcd AT STEP 29110
WRITING COORDINATES TO DCD FILE NVT.dcd AT STEP 29120
WRITING COORDINATES TO DCD FILE NVT.dcd AT STEP 29130
WRITING COORDINATES TO DCD FILE NVT.dcd AT STEP 29140
WRITING COORDINATES TO DCD FILE NVT.dcd AT STEP 29150
WRITING COORDINATES TO DCD FILE NVT.dcd AT STEP 29160
WRITING COORDINATES TO DCD FILE NVT.dcd AT STEP 29170
WRITING COORDINATES TO DCD FILE NVT.dcd AT STEP 29180
WRITING COORDINATES TO DCD FILE NVT.dcd AT STEP 29190
WRITING COORDINATES TO DCD FILE NVT.dcd AT STEP 29200
WRITING COORDINATES TO DCD FILE NVT.dcd AT STEP 29210
WRITING COORDINATES TO DCD FILE NVT.dcd AT STEP 29220
WRITING COORDINATES TO DCD FILE NVT.dcd AT STEP 29230
WRITING COORDINATES TO DCD FILE NVT.dcd AT STEP 29240
WRITING COORDINATES TO DCD FILE NVT.dcd AT STEP 29250
WRITING COORDINATES TO DCD FILE NVT.dcd AT STEP 29260
WRITING COORDINATES TO DCD FILE NVT.dcd AT STEP 29270
WRITING COORDINATES TO DCD FILE NVT.dcd AT STEP 29280
WRITING COORDINATES TO DCD FILE NVT.dcd AT STEP 29290
WRITING COORDINATES TO DCD FILE NVT.dcd AT STEP 29300
WRITING COORDINATES TO DCD FILE NVT.dcd AT STEP 29310
WRITING COORDINATES TO DCD FILE NVT.dcd AT STEP 29320
WRITING COORDINATES TO DCD FILE NVT.dcd AT STEP 29330
WRITING COORDINATES TO DCD FILE NVT.dcd AT STEP 29340
WRITING COORDINATES TO DCD FILE NVT.dcd AT STEP 29350
WRITING COORDINATES TO DCD FILE NVT.dcd AT STEP 29360
WRITING COORDINATES TO DCD FILE NVT.dcd AT STEP 29370
WRITING COORDINATES TO DCD FILE NVT.dcd AT STEP 29380
WRITING COORDINATES TO DCD FILE NVT.dcd AT STEP 29390
WRITING COORDINATES TO DCD FILE NVT.dcd AT STEP 29400
WRITING COORDINATES TO DCD FILE NVT.dcd AT STEP 29410
WRITING COORDINATES TO DCD FILE NVT.dcd AT STEP 29420
WRITING COORDINATES TO DCD FILE NVT.dcd AT STEP 29430
WRITING COORDINATES TO DCD FILE NVT.dcd AT STEP 29440
WRITING COORDINATES TO DCD FILE NVT.dcd AT STEP 29450
WRITING COORDINATES TO DCD FILE NVT.dcd AT STEP 29460
WRITING COORDINATES TO DCD FILE NVT.dcd AT STEP 29470
WRITING COORDINATES TO DCD FILE NVT.dcd AT STEP 29480
WRITING COORDINATES TO DCD FILE NVT.dcd AT STEP 29490
WRITING COORDINATES TO DCD FILE NVT.dcd AT STEP 29500
WRITING COORDINATES TO DCD FILE NVT.dcd AT STEP 29510
WRITING COORDINATES TO DCD FILE NVT.dcd AT STEP 29520
WRITING COORDINATES TO DCD FILE NVT.dcd AT STEP 29530
WRITING COORDINATES TO DCD FILE NVT.dcd AT STEP 29540
WRITING COORDINATES TO DCD FILE NVT.dcd AT STEP 29550
WRITING COORDINATES TO DCD FILE NVT.dcd AT STEP 29560
WRITING COORDINATES TO DCD FILE NVT.dcd AT STEP 29570
WRITING COORDINATES TO DCD FILE NVT.dcd AT STEP 29580
WRITING COORDINATES TO DCD FILE NVT.dcd AT STEP 29590
WRITING COORDINATES TO DCD FILE NVT.dcd AT STEP 29600
WRITING COORDINATES TO DCD FILE NVT.dcd AT STEP 29610
WRITING COORDINATES TO DCD FILE NVT.dcd AT STEP 29620
WRITING COORDINATES TO DCD FILE NVT.dcd AT STEP 29630
WRITING COORDINATES TO DCD FILE NVT.dcd AT STEP 29640
WRITING COORDINATES TO DCD FILE NVT.dcd AT STEP 29650
WRITING COORDINATES TO DCD FILE NVT.dcd AT STEP 29660
WRITING COORDINATES TO DCD FILE NVT.dcd AT STEP 29670
WRITING COORDINATES TO DCD FILE NVT.dcd AT STEP 29680
WRITING COORDINATES TO DCD FILE NVT.dcd AT STEP 29690
WRITING COORDINATES TO DCD FILE NVT.dcd AT STEP 29700
WRITING COORDINATES TO DCD FILE NVT.dcd AT STEP 29710
WRITING COORDINATES TO DCD FILE NVT.dcd AT STEP 29720
WRITING COORDINATES TO DCD FILE NVT.dcd AT STEP 29730
WRITING COORDINATES TO DCD FILE NVT.dcd AT STEP 29740
WRITING COORDINATES TO DCD FILE NVT.dcd AT STEP 29750
WRITING COORDINATES TO DCD FILE NVT.dcd AT STEP 29760
WRITING COORDINATES TO DCD FILE NVT.dcd AT STEP 29770
WRITING COORDINATES TO DCD FILE NVT.dcd AT STEP 29780
WRITING COORDINATES TO DCD FILE NVT.dcd AT STEP 29790
WRITING COORDINATES TO DCD FILE NVT.dcd AT STEP 29800
WRITING COORDINATES TO DCD FILE NVT.dcd AT STEP 29810
WRITING COORDINATES TO DCD FILE NVT.dcd AT STEP 29820
WRITING COORDINATES TO DCD FILE NVT.dcd AT STEP 29830
WRITING COORDINATES TO DCD FILE NVT.dcd AT STEP 29840
WRITING COORDINATES TO DCD FILE NVT.dcd AT STEP 29850
WRITING COORDINATES TO DCD FILE NVT.dcd AT STEP 29860
WRITING COORDINATES TO DCD FILE NVT.dcd AT STEP 29870
WRITING COORDINATES TO DCD FILE NVT.dcd AT STEP 29880
WRITING COORDINATES TO DCD FILE NVT.dcd AT STEP 29890
WRITING COORDINATES TO DCD FILE NVT.dcd AT STEP 29900
WRITING COORDINATES TO DCD FILE NVT.dcd AT STEP 29910
WRITING COORDINATES TO DCD FILE NVT.dcd AT STEP 29920
WRITING COORDINATES TO DCD FILE NVT.dcd AT STEP 29930
WRITING COORDINATES TO DCD FILE NVT.dcd AT STEP 29940
WRITING COORDINATES TO DCD FILE NVT.dcd AT STEP 29950
WRITING COORDINATES TO DCD FILE NVT.dcd AT STEP 29960
WRITING COORDINATES TO DCD FILE NVT.dcd AT STEP 29970
WRITING COORDINATES TO DCD FILE NVT.dcd AT STEP 29980
WRITING COORDINATES TO DCD FILE NVT.dcd AT STEP 29990
PRESSURE: 30000 -282 -95.6285 -182.169 -95.6285 -26.3835 27.7729 -182.169 27.7729 -736.021
GPRESSURE: 30000 -331.107 -111.434 -341.411 209.46 -40.8131 27.0415 -137.221 -88.294 -653.651
PRESSAVG: 30000 72.2219 18.6484 -79.1997 18.6484 73.767 -19.8318 -79.1997 -19.8318 -42.6312
GPRESSAVG: 30000 72.6957 18.8439 -79.2003 18.899 73.53 -19.7429 -79.3648 -20.0596 -42.8044
TIMING: 30000  CPU: 4960.58, 0.165774/step  Wall: 4961.42, 0.165816/step, 0.921199 hours remaining, 876.239546 MB of memory in use.
PERFORMANCE: 30000  averaging 1.04494 ns/day, 0.165368 sec/step with standard deviation 0.000580321
ETITLE:      TS           BOND          ANGLE          DIHED          IMPRP               ELECT            VDW       BOUNDARY           MISC        KINETIC               TOTAL           TEMP      POTENTIAL         TOTAL3        TEMPAVG            PRESSURE      GPRESSURE         VOLUME       PRESSAVG      GPRESSAVG

ENERGY:   30000      1601.9624      9167.6115      5775.2582        82.3825         -60387.4735     -1267.7625         0.0000         0.0000     19045.9829         -25982.0383       307.3984    -45028.0212    -25832.2439       306.1792           -348.1346      -341.8570    267320.2643        34.4526        34.4738

WRITING EXTENDED SYSTEM TO RESTART FILE AT STEP 30000
WRITING COORDINATES TO DCD FILE NVT.dcd AT STEP 30000
WRITING COORDINATES TO RESTART FILE AT STEP 30000
FINISHED WRITING RESTART COORDINATES
WRITING VELOCITIES TO RESTART FILE AT STEP 30000
FINISHED WRITING RESTART VELOCITIES
WRITING COORDINATES TO DCD FILE NVT.dcd AT STEP 30010
WRITING COORDINATES TO DCD FILE NVT.dcd AT STEP 30020
WRITING COORDINATES TO DCD FILE NVT.dcd AT STEP 30030
WRITING COORDINATES TO DCD FILE NVT.dcd AT STEP 30040
WRITING COORDINATES TO DCD FILE NVT.dcd AT STEP 30050
WRITING COORDINATES TO DCD FILE NVT.dcd AT STEP 30060
WRITING COORDINATES TO DCD FILE NVT.dcd AT STEP 30070
WRITING COORDINATES TO DCD FILE NVT.dcd AT STEP 30080
WRITING COORDINATES TO DCD FILE NVT.dcd AT STEP 30090
WRITING COORDINATES TO DCD FILE NVT.dcd AT STEP 30100
WRITING COORDINATES TO DCD FILE NVT.dcd AT STEP 30110
WRITING COORDINATES TO DCD FILE NVT.dcd AT STEP 30120
WRITING COORDINATES TO DCD FILE NVT.dcd AT STEP 30130
WRITING COORDINATES TO DCD FILE NVT.dcd AT STEP 30140
LDB: ============= START OF LOAD BALANCING ============== 5011.02
LDB: ============== END OF LOAD BALANCING =============== 5011.02
LDB: =============== DONE WITH MIGRATION ================ 5011.02
WRITING COORDINATES TO DCD FILE NVT.dcd AT STEP 30150
WRITING COORDINATES TO DCD FILE NVT.dcd AT STEP 30160
WRITING COORDINATES TO DCD FILE NVT.dcd AT STEP 30170
WRITING COORDINATES TO DCD FILE NVT.dcd AT STEP 30180
WRITING COORDINATES TO DCD FILE NVT.dcd AT STEP 30190
LDB: ============= START OF LOAD BALANCING ============== 5019.32
LDB: ============== END OF LOAD BALANCING =============== 5019.32
LDB: =============== DONE WITH MIGRATION ================ 5019.32
WRITING COORDINATES TO DCD FILE NVT.dcd AT STEP 30200
WRITING COORDINATES TO DCD FILE NVT.dcd AT STEP 30210
WRITING COORDINATES TO DCD FILE NVT.dcd AT STEP 30220
WRITING COORDINATES TO DCD FILE NVT.dcd AT STEP 30230
WRITING COORDINATES TO DCD FILE NVT.dcd AT STEP 30240
WRITING COORDINATES TO DCD FILE NVT.dcd AT STEP 30250
WRITING COORDINATES TO DCD FILE NVT.dcd AT STEP 30260
WRITING COORDINATES TO DCD FILE NVT.dcd AT STEP 30270
WRITING COORDINATES TO DCD FILE NVT.dcd AT STEP 30280
WRITING COORDINATES TO DCD FILE NVT.dcd AT STEP 30290
WRITING COORDINATES TO DCD FILE NVT.dcd AT STEP 30300
WRITING COORDINATES TO DCD FILE NVT.dcd AT STEP 30310
WRITING COORDINATES TO DCD FILE NVT.dcd AT STEP 30320
WRITING COORDINATES TO DCD FILE NVT.dcd AT STEP 30330
WRITING COORDINATES TO DCD FILE NVT.dcd AT STEP 30340
WRITING COORDINATES TO DCD FILE NVT.dcd AT STEP 30350
WRITING COORDINATES TO DCD FILE NVT.dcd AT STEP 30360
WRITING COORDINATES TO DCD FILE NVT.dcd AT STEP 30370
WRITING COORDINATES TO DCD FILE NVT.dcd AT STEP 30380
WRITING COORDINATES TO DCD FILE NVT.dcd AT STEP 30390
WRITING COORDINATES TO DCD FILE NVT.dcd AT STEP 30400
WRITING COORDINATES TO DCD FILE NVT.dcd AT STEP 30410
WRITING COORDINATES TO DCD FILE NVT.dcd AT STEP 30420
WRITING COORDINATES TO DCD FILE NVT.dcd AT STEP 30430
WRITING COORDINATES TO DCD FILE NVT.dcd AT STEP 30440
WRITING COORDINATES TO DCD FILE NVT.dcd AT STEP 30450
WRITING COORDINATES TO DCD FILE NVT.dcd AT STEP 30460
WRITING COORDINATES TO DCD FILE NVT.dcd AT STEP 30470
WRITING COORDINATES TO DCD FILE NVT.dcd AT STEP 30480
WRITING COORDINATES TO DCD FILE NVT.dcd AT STEP 30490
WRITING COORDINATES TO DCD FILE NVT.dcd AT STEP 30500
WRITING COORDINATES TO DCD FILE NVT.dcd AT STEP 30510
WRITING COORDINATES TO DCD FILE NVT.dcd AT STEP 30520
WRITING COORDINATES TO DCD FILE NVT.dcd AT STEP 30530
WRITING COORDINATES TO DCD FILE NVT.dcd AT STEP 30540
WRITING COORDINATES TO DCD FILE NVT.dcd AT STEP 30550
WRITING COORDINATES TO DCD FILE NVT.dcd AT STEP 30560
WRITING COORDINATES TO DCD FILE NVT.dcd AT STEP 30570
WRITING COORDINATES TO DCD FILE NVT.dcd AT STEP 30580
WRITING COORDINATES TO DCD FILE NVT.dcd AT STEP 30590
WRITING COORDINATES TO DCD FILE NVT.dcd AT STEP 30600
WRITING COORDINATES TO DCD FILE NVT.dcd AT STEP 30610
WRITING COORDINATES TO DCD FILE NVT.dcd AT STEP 30620
WRITING COORDINATES TO DCD FILE NVT.dcd AT STEP 30630
WRITING COORDINATES TO DCD FILE NVT.dcd AT STEP 30640
WRITING COORDINATES TO DCD FILE NVT.dcd AT STEP 30650
WRITING COORDINATES TO DCD FILE NVT.dcd AT STEP 30660
WRITING COORDINATES TO DCD FILE NVT.dcd AT STEP 30670
WRITING COORDINATES TO DCD FILE NVT.dcd AT STEP 30680
WRITING COORDINATES TO DCD FILE NVT.dcd AT STEP 30690
WRITING COORDINATES TO DCD FILE NVT.dcd AT STEP 30700
WRITING COORDINATES TO DCD FILE NVT.dcd AT STEP 30710
WRITING COORDINATES TO DCD FILE NVT.dcd AT STEP 30720
WRITING COORDINATES TO DCD FILE NVT.dcd AT STEP 30730
WRITING COORDINATES TO DCD FILE NVT.dcd AT STEP 30740
WRITING COORDINATES TO DCD FILE NVT.dcd AT STEP 30750
WRITING COORDINATES TO DCD FILE NVT.dcd AT STEP 30760
WRITING COORDINATES TO DCD FILE NVT.dcd AT STEP 30770
WRITING COORDINATES TO DCD FILE NVT.dcd AT STEP 30780
WRITING COORDINATES TO DCD FILE NVT.dcd AT STEP 30790
WRITING COORDINATES TO DCD FILE NVT.dcd AT STEP 30800
WRITING COORDINATES TO DCD FILE NVT.dcd AT STEP 30810
WRITING COORDINATES TO DCD FILE NVT.dcd AT STEP 30820
WRITING COORDINATES TO DCD FILE NVT.dcd AT STEP 30830
WRITING COORDINATES TO DCD FILE NVT.dcd AT STEP 30840
WRITING COORDINATES TO DCD FILE NVT.dcd AT STEP 30850
WRITING COORDINATES TO DCD FILE NVT.dcd AT STEP 30860
WRITING COORDINATES TO DCD FILE NVT.dcd AT STEP 30870
WRITING COORDINATES TO DCD FILE NVT.dcd AT STEP 30880
WRITING COORDINATES TO DCD FILE NVT.dcd AT STEP 30890
WRITING COORDINATES TO DCD FILE NVT.dcd AT STEP 30900
WRITING COORDINATES TO DCD FILE NVT.dcd AT STEP 30910
WRITING COORDINATES TO DCD FILE NVT.dcd AT STEP 30920
WRITING COORDINATES TO DCD FILE NVT.dcd AT STEP 30930
WRITING COORDINATES TO DCD FILE NVT.dcd AT STEP 30940
WRITING COORDINATES TO DCD FILE NVT.dcd AT STEP 30950
WRITING COORDINATES TO DCD FILE NVT.dcd AT STEP 30960
WRITING COORDINATES TO DCD FILE NVT.dcd AT STEP 30970
WRITING COORDINATES TO DCD FILE NVT.dcd AT STEP 30980
WRITING COORDINATES TO DCD FILE NVT.dcd AT STEP 30990
PRESSURE: 31000 -103.224 341.674 -394.182 341.674 126.897 -593.303 -394.182 -593.303 377.638
GPRESSURE: 31000 7.3169 140.35 -314.612 279.641 98.5682 -731.806 -433.497 -408.601 391.147
PRESSAVG: 31000 129.102 10.8147 -32.4459 10.8147 121.136 -16.8285 -32.4459 -16.8285 -5.46029
GPRESSAVG: 31000 128.714 10.3871 -32.5299 10.489 121.243 -16.5791 -32.0052 -16.3941 -5.36073
ENERGY:   31000      1607.3467      9279.5917      5787.2654        75.7423         -60191.3050     -1369.6658         0.0000         0.0000     19021.0372         -25789.9874       306.9958    -44811.0246    -25635.2464       306.1520            133.7703       165.6773    267320.2643        81.5927        81.5320

WRITING COORDINATES TO DCD FILE NVT.dcd AT STEP 31000
WRITING COORDINATES TO DCD FILE NVT.dcd AT STEP 31010
WRITING COORDINATES TO DCD FILE NVT.dcd AT STEP 31020
WRITING COORDINATES TO DCD FILE NVT.dcd AT STEP 31030
WRITING COORDINATES TO DCD FILE NVT.dcd AT STEP 31040
WRITING COORDINATES TO DCD FILE NVT.dcd AT STEP 31050
WRITING COORDINATES TO DCD FILE NVT.dcd AT STEP 31060
WRITING COORDINATES TO DCD FILE NVT.dcd AT STEP 31070
WRITING COORDINATES TO DCD FILE NVT.dcd AT STEP 31080
WRITING COORDINATES TO DCD FILE NVT.dcd AT STEP 31090
WRITING COORDINATES TO DCD FILE NVT.dcd AT STEP 31100
WRITING COORDINATES TO DCD FILE NVT.dcd AT STEP 31110
WRITING COORDINATES TO DCD FILE NVT.dcd AT STEP 31120
WRITING COORDINATES TO DCD FILE NVT.dcd AT STEP 31130
WRITING COORDINATES TO DCD FILE NVT.dcd AT STEP 31140
WRITING COORDINATES TO DCD FILE NVT.dcd AT STEP 31150
WRITING COORDINATES TO DCD FILE NVT.dcd AT STEP 31160
WRITING COORDINATES TO DCD FILE NVT.dcd AT STEP 31170
WRITING COORDINATES TO DCD FILE NVT.dcd AT STEP 31180
WRITING COORDINATES TO DCD FILE NVT.dcd AT STEP 31190
WRITING COORDINATES TO DCD FILE NVT.dcd AT STEP 31200
WRITING COORDINATES TO DCD FILE NVT.dcd AT STEP 31210
WRITING COORDINATES TO DCD FILE NVT.dcd AT STEP 31220
WRITING COORDINATES TO DCD FILE NVT.dcd AT STEP 31230
WRITING COORDINATES TO DCD FILE NVT.dcd AT STEP 31240
WRITING COORDINATES TO DCD FILE NVT.dcd AT STEP 31250
WRITING COORDINATES TO DCD FILE NVT.dcd AT STEP 31260
WRITING COORDINATES TO DCD FILE NVT.dcd AT STEP 31270
WRITING COORDINATES TO DCD FILE NVT.dcd AT STEP 31280
WRITING COORDINATES TO DCD FILE NVT.dcd AT STEP 31290
WRITING COORDINATES TO DCD FILE NVT.dcd AT STEP 31300
WRITING COORDINATES TO DCD FILE NVT.dcd AT STEP 31310
WRITING COORDINATES TO DCD FILE NVT.dcd AT STEP 31320
WRITING COORDINATES TO DCD FILE NVT.dcd AT STEP 31330
WRITING COORDINATES TO DCD FILE NVT.dcd AT STEP 31340
WRITING COORDINATES TO DCD FILE NVT.dcd AT STEP 31350
WRITING COORDINATES TO DCD FILE NVT.dcd AT STEP 31360
WRITING COORDINATES TO DCD FILE NVT.dcd AT STEP 31370
WRITING COORDINATES TO DCD FILE NVT.dcd AT STEP 31380
WRITING COORDINATES TO DCD FILE NVT.dcd AT STEP 31390
WRITING COORDINATES TO DCD FILE NVT.dcd AT STEP 31400
WRITING COORDINATES TO DCD FILE NVT.dcd AT STEP 31410
WRITING COORDINATES TO DCD FILE NVT.dcd AT STEP 31420
WRITING COORDINATES TO DCD FILE NVT.dcd AT STEP 31430
WRITING COORDINATES TO DCD FILE NVT.dcd AT STEP 31440
WRITING COORDINATES TO DCD FILE NVT.dcd AT STEP 31450
WRITING COORDINATES TO DCD FILE NVT.dcd AT STEP 31460
WRITING COORDINATES TO DCD FILE NVT.dcd AT STEP 31470
WRITING COORDINATES TO DCD FILE NVT.dcd AT STEP 31480
WRITING COORDINATES TO DCD FILE NVT.dcd AT STEP 31490
WRITING COORDINATES TO DCD FILE NVT.dcd AT STEP 31500
WRITING COORDINATES TO DCD FILE NVT.dcd AT STEP 31510
WRITING COORDINATES TO DCD FILE NVT.dcd AT STEP 31520
WRITING COORDINATES TO DCD FILE NVT.dcd AT STEP 31530
WRITING COORDINATES TO DCD FILE NVT.dcd AT STEP 31540
WRITING COORDINATES TO DCD FILE NVT.dcd AT STEP 31550
WRITING COORDINATES TO DCD FILE NVT.dcd AT STEP 31560
WRITING COORDINATES TO DCD FILE NVT.dcd AT STEP 31570
WRITING COORDINATES TO DCD FILE NVT.dcd AT STEP 31580
WRITING COORDINATES TO DCD FILE NVT.dcd AT STEP 31590
WRITING COORDINATES TO DCD FILE NVT.dcd AT STEP 31600
WRITING COORDINATES TO DCD FILE NVT.dcd AT STEP 31610
WRITING COORDINATES TO DCD FILE NVT.dcd AT STEP 31620
WRITING COORDINATES TO DCD FILE NVT.dcd AT STEP 31630
WRITING COORDINATES TO DCD FILE NVT.dcd AT STEP 31640
WRITING COORDINATES TO DCD FILE NVT.dcd AT STEP 31650
WRITING COORDINATES TO DCD FILE NVT.dcd AT STEP 31660
WRITING COORDINATES TO DCD FILE NVT.dcd AT STEP 31670
WRITING COORDINATES TO DCD FILE NVT.dcd AT STEP 31680
WRITING COORDINATES TO DCD FILE NVT.dcd AT STEP 31690
WRITING COORDINATES TO DCD FILE NVT.dcd AT STEP 31700
WRITING COORDINATES TO DCD FILE NVT.dcd AT STEP 31710
WRITING COORDINATES TO DCD FILE NVT.dcd AT STEP 31720
WRITING COORDINATES TO DCD FILE NVT.dcd AT STEP 31730
WRITING COORDINATES TO DCD FILE NVT.dcd AT STEP 31740
WRITING COORDINATES TO DCD FILE NVT.dcd AT STEP 31750
WRITING COORDINATES TO DCD FILE NVT.dcd AT STEP 31760
WRITING COORDINATES TO DCD FILE NVT.dcd AT STEP 31770
WRITING COORDINATES TO DCD FILE NVT.dcd AT STEP 31780
WRITING COORDINATES TO DCD FILE NVT.dcd AT STEP 31790
WRITING COORDINATES TO DCD FILE NVT.dcd AT STEP 31800
WRITING COORDINATES TO DCD FILE NVT.dcd AT STEP 31810
WRITING COORDINATES TO DCD FILE NVT.dcd AT STEP 31820
WRITING COORDINATES TO DCD FILE NVT.dcd AT STEP 31830
WRITING COORDINATES TO DCD FILE NVT.dcd AT STEP 31840
WRITING COORDINATES TO DCD FILE NVT.dcd AT STEP 31850
WRITING COORDINATES TO DCD FILE NVT.dcd AT STEP 31860
WRITING COORDINATES TO DCD FILE NVT.dcd AT STEP 31870
WRITING COORDINATES TO DCD FILE NVT.dcd AT STEP 31880
WRITING COORDINATES TO DCD FILE NVT.dcd AT STEP 31890
WRITING COORDINATES TO DCD FILE NVT.dcd AT STEP 31900
WRITING COORDINATES TO DCD FILE NVT.dcd AT STEP 31910
WRITING COORDINATES TO DCD FILE NVT.dcd AT STEP 31920
WRITING COORDINATES TO DCD FILE NVT.dcd AT STEP 31930
WRITING COORDINATES TO DCD FILE NVT.dcd AT STEP 31940
WRITING COORDINATES TO DCD FILE NVT.dcd AT STEP 31950
WRITING COORDINATES TO DCD FILE NVT.dcd AT STEP 31960
WRITING COORDINATES TO DCD FILE NVT.dcd AT STEP 31970
WRITING COORDINATES TO DCD FILE NVT.dcd AT STEP 31980
WRITING COORDINATES TO DCD FILE NVT.dcd AT STEP 31990
PRESSURE: 32000 362.581 655.959 -197.869 655.959 334.155 -245.538 -197.869 -245.538 545.958
GPRESSURE: 32000 434.453 528.7 -161.066 455.572 283.839 -95.6505 -126.384 -180.803 572.236
PRESSAVG: 32000 -8.61429 26.4328 -3.38361 26.4328 170.84 -57.0507 -3.38361 -57.0507 115.643
GPRESSAVG: 32000 -8.53572 26.0384 -3.23426 26.6721 171.105 -56.5752 -3.05165 -57.4772 115.509
ENERGY:   32000      1549.3940      9246.8648      5770.1795        84.9677         -60456.9214     -1224.2291         0.0000         0.0000     19022.6050         -26007.1395       307.0211    -45029.7445    -25852.4609       306.8295            414.2315       430.1760    267320.2643        92.6230        92.6928

WRITING COORDINATES TO DCD FILE NVT.dcd AT STEP 32000
WRITING COORDINATES TO DCD FILE NVT.dcd AT STEP 32010
WRITING COORDINATES TO DCD FILE NVT.dcd AT STEP 32020
WRITING COORDINATES TO DCD FILE NVT.dcd AT STEP 32030
WRITING COORDINATES TO DCD FILE NVT.dcd AT STEP 32040
WRITING COORDINATES TO DCD FILE NVT.dcd AT STEP 32050
WRITING COORDINATES TO DCD FILE NVT.dcd AT STEP 32060
WRITING COORDINATES TO DCD FILE NVT.dcd AT STEP 32070
WRITING COORDINATES TO DCD FILE NVT.dcd AT STEP 32080
WRITING COORDINATES TO DCD FILE NVT.dcd AT STEP 32090
WRITING COORDINATES TO DCD FILE NVT.dcd AT STEP 32100
WRITING COORDINATES TO DCD FILE NVT.dcd AT STEP 32110
WRITING COORDINATES TO DCD FILE NVT.dcd AT STEP 32120
WRITING COORDINATES TO DCD FILE NVT.dcd AT STEP 32130
WRITING COORDINATES TO DCD FILE NVT.dcd AT STEP 32140
LDB: ============= START OF LOAD BALANCING ============== 5342.52
LDB: ============== END OF LOAD BALANCING =============== 5342.52
LDB: =============== DONE WITH MIGRATION ================ 5342.52
WRITING COORDINATES TO DCD FILE NVT.dcd AT STEP 32150
WRITING COORDINATES TO DCD FILE NVT.dcd AT STEP 32160
WRITING COORDINATES TO DCD FILE NVT.dcd AT STEP 32170
WRITING COORDINATES TO DCD FILE NVT.dcd AT STEP 32180
WRITING COORDINATES TO DCD FILE NVT.dcd AT STEP 32190
LDB: ============= START OF LOAD BALANCING ============== 5350.83
LDB: ============== END OF LOAD BALANCING =============== 5350.83
LDB: =============== DONE WITH MIGRATION ================ 5350.83
WRITING COORDINATES TO DCD FILE NVT.dcd AT STEP 32200
WRITING COORDINATES TO DCD FILE NVT.dcd AT STEP 32210
WRITING COORDINATES TO DCD FILE NVT.dcd AT STEP 32220
WRITING COORDINATES TO DCD FILE NVT.dcd AT STEP 32230
WRITING COORDINATES TO DCD FILE NVT.dcd AT STEP 32240
WRITING COORDINATES TO DCD FILE NVT.dcd AT STEP 32250
WRITING COORDINATES TO DCD FILE NVT.dcd AT STEP 32260
WRITING COORDINATES TO DCD FILE NVT.dcd AT STEP 32270
WRITING COORDINATES TO DCD FILE NVT.dcd AT STEP 32280
WRITING COORDINATES TO DCD FILE NVT.dcd AT STEP 32290
WRITING COORDINATES TO DCD FILE NVT.dcd AT STEP 32300
WRITING COORDINATES TO DCD FILE NVT.dcd AT STEP 32310
WRITING COORDINATES TO DCD FILE NVT.dcd AT STEP 32320
WRITING COORDINATES TO DCD FILE NVT.dcd AT STEP 32330
WRITING COORDINATES TO DCD FILE NVT.dcd AT STEP 32340
WRITING COORDINATES TO DCD FILE NVT.dcd AT STEP 32350
WRITING COORDINATES TO DCD FILE NVT.dcd AT STEP 32360
WRITING COORDINATES TO DCD FILE NVT.dcd AT STEP 32370
WRITING COORDINATES TO DCD FILE NVT.dcd AT STEP 32380
WRITING COORDINATES TO DCD FILE NVT.dcd AT STEP 32390
WRITING COORDINATES TO DCD FILE NVT.dcd AT STEP 32400
WRITING COORDINATES TO DCD FILE NVT.dcd AT STEP 32410
WRITING COORDINATES TO DCD FILE NVT.dcd AT STEP 32420
WRITING COORDINATES TO DCD FILE NVT.dcd AT STEP 32430
WRITING COORDINATES TO DCD FILE NVT.dcd AT STEP 32440
WRITING COORDINATES TO DCD FILE NVT.dcd AT STEP 32450
WRITING COORDINATES TO DCD FILE NVT.dcd AT STEP 32460
WRITING COORDINATES TO DCD FILE NVT.dcd AT STEP 32470
WRITING COORDINATES TO DCD FILE NVT.dcd AT STEP 32480
WRITING COORDINATES TO DCD FILE NVT.dcd AT STEP 32490
WRITING COORDINATES TO DCD FILE NVT.dcd AT STEP 32500
WRITING COORDINATES TO DCD FILE NVT.dcd AT STEP 32510
WRITING COORDINATES TO DCD FILE NVT.dcd AT STEP 32520
WRITING COORDINATES TO DCD FILE NVT.dcd AT STEP 32530
WRITING COORDINATES TO DCD FILE NVT.dcd AT STEP 32540
WRITING COORDINATES TO DCD FILE NVT.dcd AT STEP 32550
WRITING COORDINATES TO DCD FILE NVT.dcd AT STEP 32560
WRITING COORDINATES TO DCD FILE NVT.dcd AT STEP 32570
WRITING COORDINATES TO DCD FILE NVT.dcd AT STEP 32580
WRITING COORDINATES TO DCD FILE NVT.dcd AT STEP 32590
WRITING COORDINATES TO DCD FILE NVT.dcd AT STEP 32600
WRITING COORDINATES TO DCD FILE NVT.dcd AT STEP 32610
WRITING COORDINATES TO DCD FILE NVT.dcd AT STEP 32620
WRITING COORDINATES TO DCD FILE NVT.dcd AT STEP 32630
WRITING COORDINATES TO DCD FILE NVT.dcd AT STEP 32640
WRITING COORDINATES TO DCD FILE NVT.dcd AT STEP 32650
WRITING COORDINATES TO DCD FILE NVT.dcd AT STEP 32660
WRITING COORDINATES TO DCD FILE NVT.dcd AT STEP 32670
WRITING COORDINATES TO DCD FILE NVT.dcd AT STEP 32680
WRITING COORDINATES TO DCD FILE NVT.dcd AT STEP 32690
WRITING COORDINATES TO DCD FILE NVT.dcd AT STEP 32700
WRITING COORDINATES TO DCD FILE NVT.dcd AT STEP 32710
WRITING COORDINATES TO DCD FILE NVT.dcd AT STEP 32720
WRITING COORDINATES TO DCD FILE NVT.dcd AT STEP 32730
WRITING COORDINATES TO DCD FILE NVT.dcd AT STEP 32740
WRITING COORDINATES TO DCD FILE NVT.dcd AT STEP 32750
WRITING COORDINATES TO DCD FILE NVT.dcd AT STEP 32760
WRITING COORDINATES TO DCD FILE NVT.dcd AT STEP 32770
WRITING COORDINATES TO DCD FILE NVT.dcd AT STEP 32780
WRITING COORDINATES TO DCD FILE NVT.dcd AT STEP 32790
WRITING COORDINATES TO DCD FILE NVT.dcd AT STEP 32800
WRITING COORDINATES TO DCD FILE NVT.dcd AT STEP 32810
WRITING COORDINATES TO DCD FILE NVT.dcd AT STEP 32820
WRITING COORDINATES TO DCD FILE NVT.dcd AT STEP 32830
WRITING COORDINATES TO DCD FILE NVT.dcd AT STEP 32840
WRITING COORDINATES TO DCD FILE NVT.dcd AT STEP 32850
WRITING COORDINATES TO DCD FILE NVT.dcd AT STEP 32860
WRITING COORDINATES TO DCD FILE NVT.dcd AT STEP 32870
WRITING COORDINATES TO DCD FILE NVT.dcd AT STEP 32880
WRITING COORDINATES TO DCD FILE NVT.dcd AT STEP 32890
WRITING COORDINATES TO DCD FILE NVT.dcd AT STEP 32900
WRITING COORDINATES TO DCD FILE NVT.dcd AT STEP 32910
WRITING COORDINATES TO DCD FILE NVT.dcd AT STEP 32920
WRITING COORDINATES TO DCD FILE NVT.dcd AT STEP 32930
WRITING COORDINATES TO DCD FILE NVT.dcd AT STEP 32940
WRITING COORDINATES TO DCD FILE NVT.dcd AT STEP 32950
WRITING COORDINATES TO DCD FILE NVT.dcd AT STEP 32960
WRITING COORDINATES TO DCD FILE NVT.dcd AT STEP 32970
WRITING COORDINATES TO DCD FILE NVT.dcd AT STEP 32980
WRITING COORDINATES TO DCD FILE NVT.dcd AT STEP 32990
PRESSURE: 33000 49.6386 110.123 -335.538 110.123 -253.362 8.95084 -335.538 8.95084 241.409
GPRESSURE: 33000 159.435 168.303 -160.477 39.0117 -240.914 133.052 -300.505 36.8144 135.025
PRESSAVG: 33000 109.639 22.4334 -15.8997 22.4334 73.7735 50.1116 -15.8997 50.1116 30.2904
GPRESSAVG: 33000 109.243 22.839 -16.0537 22.0797 73.5741 49.7835 -16.0357 51.0709 30.4042
ENERGY:   33000      1605.1717      9351.9205      5783.7094        71.3846         -60572.7667     -1175.8244         0.0000         0.0000     19050.4948         -25885.9100       307.4712    -44936.4048    -25735.4487       306.1494             12.5619        17.8488    267320.2643        71.2345        71.0739

WRITING COORDINATES TO DCD FILE NVT.dcd AT STEP 33000
WRITING COORDINATES TO DCD FILE NVT.dcd AT STEP 33010
WRITING COORDINATES TO DCD FILE NVT.dcd AT STEP 33020
WRITING COORDINATES TO DCD FILE NVT.dcd AT STEP 33030
WRITING COORDINATES TO DCD FILE NVT.dcd AT STEP 33040
WRITING COORDINATES TO DCD FILE NVT.dcd AT STEP 33050
WRITING COORDINATES TO DCD FILE NVT.dcd AT STEP 33060
WRITING COORDINATES TO DCD FILE NVT.dcd AT STEP 33070
WRITING COORDINATES TO DCD FILE NVT.dcd AT STEP 33080
WRITING COORDINATES TO DCD FILE NVT.dcd AT STEP 33090
WRITING COORDINATES TO DCD FILE NVT.dcd AT STEP 33100
WRITING COORDINATES TO DCD FILE NVT.dcd AT STEP 33110
WRITING COORDINATES TO DCD FILE NVT.dcd AT STEP 33120
WRITING COORDINATES TO DCD FILE NVT.dcd AT STEP 33130
WRITING COORDINATES TO DCD FILE NVT.dcd AT STEP 33140
WRITING COORDINATES TO DCD FILE NVT.dcd AT STEP 33150
WRITING COORDINATES TO DCD FILE NVT.dcd AT STEP 33160
WRITING COORDINATES TO DCD FILE NVT.dcd AT STEP 33170
WRITING COORDINATES TO DCD FILE NVT.dcd AT STEP 33180
WRITING COORDINATES TO DCD FILE NVT.dcd AT STEP 33190
WRITING COORDINATES TO DCD FILE NVT.dcd AT STEP 33200
WRITING COORDINATES TO DCD FILE NVT.dcd AT STEP 33210
WRITING COORDINATES TO DCD FILE NVT.dcd AT STEP 33220
WRITING COORDINATES TO DCD FILE NVT.dcd AT STEP 33230
WRITING COORDINATES TO DCD FILE NVT.dcd AT STEP 33240
WRITING COORDINATES TO DCD FILE NVT.dcd AT STEP 33250
WRITING COORDINATES TO DCD FILE NVT.dcd AT STEP 33260
WRITING COORDINATES TO DCD FILE NVT.dcd AT STEP 33270
WRITING COORDINATES TO DCD FILE NVT.dcd AT STEP 33280
WRITING COORDINATES TO DCD FILE NVT.dcd AT STEP 33290
WRITING COORDINATES TO DCD FILE NVT.dcd AT STEP 33300
WRITING COORDINATES TO DCD FILE NVT.dcd AT STEP 33310
WRITING COORDINATES TO DCD FILE NVT.dcd AT STEP 33320
WRITING COORDINATES TO DCD FILE NVT.dcd AT STEP 33330
WRITING COORDINATES TO DCD FILE NVT.dcd AT STEP 33340
WRITING COORDINATES TO DCD FILE NVT.dcd AT STEP 33350
WRITING COORDINATES TO DCD FILE NVT.dcd AT STEP 33360
WRITING COORDINATES TO DCD FILE NVT.dcd AT STEP 33370
WRITING COORDINATES TO DCD FILE NVT.dcd AT STEP 33380
WRITING COORDINATES TO DCD FILE NVT.dcd AT STEP 33390
WRITING COORDINATES TO DCD FILE NVT.dcd AT STEP 33400
WRITING COORDINATES TO DCD FILE NVT.dcd AT STEP 33410
WRITING COORDINATES TO DCD FILE NVT.dcd AT STEP 33420
WRITING COORDINATES TO DCD FILE NVT.dcd AT STEP 33430
WRITING COORDINATES TO DCD FILE NVT.dcd AT STEP 33440
WRITING COORDINATES TO DCD FILE NVT.dcd AT STEP 33450
WRITING COORDINATES TO DCD FILE NVT.dcd AT STEP 33460
WRITING COORDINATES TO DCD FILE NVT.dcd AT STEP 33470
WRITING COORDINATES TO DCD FILE NVT.dcd AT STEP 33480
WRITING COORDINATES TO DCD FILE NVT.dcd AT STEP 33490
WRITING COORDINATES TO DCD FILE NVT.dcd AT STEP 33500
WRITING COORDINATES TO DCD FILE NVT.dcd AT STEP 33510
WRITING COORDINATES TO DCD FILE NVT.dcd AT STEP 33520
WRITING COORDINATES TO DCD FILE NVT.dcd AT STEP 33530
WRITING COORDINATES TO DCD FILE NVT.dcd AT STEP 33540
WRITING COORDINATES TO DCD FILE NVT.dcd AT STEP 33550
WRITING COORDINATES TO DCD FILE NVT.dcd AT STEP 33560
WRITING COORDINATES TO DCD FILE NVT.dcd AT STEP 33570
WRITING COORDINATES TO DCD FILE NVT.dcd AT STEP 33580
WRITING COORDINATES TO DCD FILE NVT.dcd AT STEP 33590
WRITING COORDINATES TO DCD FILE NVT.dcd AT STEP 33600
WRITING COORDINATES TO DCD FILE NVT.dcd AT STEP 33610
WRITING COORDINATES TO DCD FILE NVT.dcd AT STEP 33620
WRITING COORDINATES TO DCD FILE NVT.dcd AT STEP 33630
WRITING COORDINATES TO DCD FILE NVT.dcd AT STEP 33640
WRITING COORDINATES TO DCD FILE NVT.dcd AT STEP 33650
WRITING COORDINATES TO DCD FILE NVT.dcd AT STEP 33660
WRITING COORDINATES TO DCD FILE NVT.dcd AT STEP 33670
WRITING COORDINATES TO DCD FILE NVT.dcd AT STEP 33680
WRITING COORDINATES TO DCD FILE NVT.dcd AT STEP 33690
WRITING COORDINATES TO DCD FILE NVT.dcd AT STEP 33700
WRITING COORDINATES TO DCD FILE NVT.dcd AT STEP 33710
WRITING COORDINATES TO DCD FILE NVT.dcd AT STEP 33720
WRITING COORDINATES TO DCD FILE NVT.dcd AT STEP 33730
WRITING COORDINATES TO DCD FILE NVT.dcd AT STEP 33740
WRITING COORDINATES TO DCD FILE NVT.dcd AT STEP 33750
WRITING COORDINATES TO DCD FILE NVT.dcd AT STEP 33760
WRITING COORDINATES TO DCD FILE NVT.dcd AT STEP 33770
WRITING COORDINATES TO DCD FILE NVT.dcd AT STEP 33780
WRITING COORDINATES TO DCD FILE NVT.dcd AT STEP 33790
WRITING COORDINATES TO DCD FILE NVT.dcd AT STEP 33800
WRITING COORDINATES TO DCD FILE NVT.dcd AT STEP 33810
WRITING COORDINATES TO DCD FILE NVT.dcd AT STEP 33820
WRITING COORDINATES TO DCD FILE NVT.dcd AT STEP 33830
WRITING COORDINATES TO DCD FILE NVT.dcd AT STEP 33840
WRITING COORDINATES TO DCD FILE NVT.dcd AT STEP 33850
WRITING COORDINATES TO DCD FILE NVT.dcd AT STEP 33860
WRITING COORDINATES TO DCD FILE NVT.dcd AT STEP 33870
WRITING COORDINATES TO DCD FILE NVT.dcd AT STEP 33880
WRITING COORDINATES TO DCD FILE NVT.dcd AT STEP 33890
WRITING COORDINATES TO DCD FILE NVT.dcd AT STEP 33900
WRITING COORDINATES TO DCD FILE NVT.dcd AT STEP 33910
WRITING COORDINATES TO DCD FILE NVT.dcd AT STEP 33920
WRITING COORDINATES TO DCD FILE NVT.dcd AT STEP 33930
WRITING COORDINATES TO DCD FILE NVT.dcd AT STEP 33940
WRITING COORDINATES TO DCD FILE NVT.dcd AT STEP 33950
WRITING COORDINATES TO DCD FILE NVT.dcd AT STEP 33960
WRITING COORDINATES TO DCD FILE NVT.dcd AT STEP 33970
WRITING COORDINATES TO DCD FILE NVT.dcd AT STEP 33980
WRITING COORDINATES TO DCD FILE NVT.dcd AT STEP 33990
PRESSURE: 34000 131.414 -37.4279 73.8189 -37.4279 -171.283 -67.2945 73.8189 -67.2945 712.846
GPRESSURE: 34000 215.137 17.7973 221.029 -86.7409 -156.692 24.6981 100.292 -33.9666 634.638
PRESSAVG: 34000 -39.3104 -4.0236 7.089 -4.0236 -47.6954 9.15858 7.089 9.15858 39.2297
GPRESSAVG: 34000 -39.113 -4.2363 7.52977 -3.92922 -48.0466 9.44021 6.04221 8.27935 39.2883
ENERGY:   34000      1565.7008      9470.4662      5794.6190        81.0815         -60407.2052     -1153.3832         0.0000         0.0000     18982.4254         -25666.2956       306.3726    -44648.7210    -25509.0016       307.2839            224.3255       231.0275    267320.2643       -15.9253       -15.9571

WRITING COORDINATES TO DCD FILE NVT.dcd AT STEP 34000
WRITING COORDINATES TO DCD FILE NVT.dcd AT STEP 34010
WRITING COORDINATES TO DCD FILE NVT.dcd AT STEP 34020
WRITING COORDINATES TO DCD FILE NVT.dcd AT STEP 34030
WRITING COORDINATES TO DCD FILE NVT.dcd AT STEP 34040
WRITING COORDINATES TO DCD FILE NVT.dcd AT STEP 34050
WRITING COORDINATES TO DCD FILE NVT.dcd AT STEP 34060
WRITING COORDINATES TO DCD FILE NVT.dcd AT STEP 34070
WRITING COORDINATES TO DCD FILE NVT.dcd AT STEP 34080
WRITING COORDINATES TO DCD FILE NVT.dcd AT STEP 34090
WRITING COORDINATES TO DCD FILE NVT.dcd AT STEP 34100
WRITING COORDINATES TO DCD FILE NVT.dcd AT STEP 34110
WRITING COORDINATES TO DCD FILE NVT.dcd AT STEP 34120
WRITING COORDINATES TO DCD FILE NVT.dcd AT STEP 34130
WRITING COORDINATES TO DCD FILE NVT.dcd AT STEP 34140
LDB: ============= START OF LOAD BALANCING ============== 5674.3
LDB: ============== END OF LOAD BALANCING =============== 5674.3
LDB: =============== DONE WITH MIGRATION ================ 5674.3
WRITING COORDINATES TO DCD FILE NVT.dcd AT STEP 34150
WRITING COORDINATES TO DCD FILE NVT.dcd AT STEP 34160
WRITING COORDINATES TO DCD FILE NVT.dcd AT STEP 34170
WRITING COORDINATES TO DCD FILE NVT.dcd AT STEP 34180
WRITING COORDINATES TO DCD FILE NVT.dcd AT STEP 34190
LDB: ============= START OF LOAD BALANCING ============== 5682.63
LDB: ============== END OF LOAD BALANCING =============== 5682.63
LDB: =============== DONE WITH MIGRATION ================ 5682.63
WRITING COORDINATES TO DCD FILE NVT.dcd AT STEP 34200
WRITING COORDINATES TO DCD FILE NVT.dcd AT STEP 34210
WRITING COORDINATES TO DCD FILE NVT.dcd AT STEP 34220
WRITING COORDINATES TO DCD FILE NVT.dcd AT STEP 34230
WRITING COORDINATES TO DCD FILE NVT.dcd AT STEP 34240
WRITING COORDINATES TO DCD FILE NVT.dcd AT STEP 34250
WRITING COORDINATES TO DCD FILE NVT.dcd AT STEP 34260
WRITING COORDINATES TO DCD FILE NVT.dcd AT STEP 34270
WRITING COORDINATES TO DCD FILE NVT.dcd AT STEP 34280
WRITING COORDINATES TO DCD FILE NVT.dcd AT STEP 34290
WRITING COORDINATES TO DCD FILE NVT.dcd AT STEP 34300
WRITING COORDINATES TO DCD FILE NVT.dcd AT STEP 34310
WRITING COORDINATES TO DCD FILE NVT.dcd AT STEP 34320
WRITING COORDINATES TO DCD FILE NVT.dcd AT STEP 34330
WRITING COORDINATES TO DCD FILE NVT.dcd AT STEP 34340
WRITING COORDINATES TO DCD FILE NVT.dcd AT STEP 34350
WRITING COORDINATES TO DCD FILE NVT.dcd AT STEP 34360
WRITING COORDINATES TO DCD FILE NVT.dcd AT STEP 34370
WRITING COORDINATES TO DCD FILE NVT.dcd AT STEP 34380
WRITING COORDINATES TO DCD FILE NVT.dcd AT STEP 34390
WRITING COORDINATES TO DCD FILE NVT.dcd AT STEP 34400
WRITING COORDINATES TO DCD FILE NVT.dcd AT STEP 34410
WRITING COORDINATES TO DCD FILE NVT.dcd AT STEP 34420
WRITING COORDINATES TO DCD FILE NVT.dcd AT STEP 34430
WRITING COORDINATES TO DCD FILE NVT.dcd AT STEP 34440
WRITING COORDINATES TO DCD FILE NVT.dcd AT STEP 34450
WRITING COORDINATES TO DCD FILE NVT.dcd AT STEP 34460
WRITING COORDINATES TO DCD FILE NVT.dcd AT STEP 34470
WRITING COORDINATES TO DCD FILE NVT.dcd AT STEP 34480
WRITING COORDINATES TO DCD FILE NVT.dcd AT STEP 34490
WRITING COORDINATES TO DCD FILE NVT.dcd AT STEP 34500
WRITING COORDINATES TO DCD FILE NVT.dcd AT STEP 34510
WRITING COORDINATES TO DCD FILE NVT.dcd AT STEP 34520
WRITING COORDINATES TO DCD FILE NVT.dcd AT STEP 34530
WRITING COORDINATES TO DCD FILE NVT.dcd AT STEP 34540
WRITING COORDINATES TO DCD FILE NVT.dcd AT STEP 34550
WRITING COORDINATES TO DCD FILE NVT.dcd AT STEP 34560
WRITING COORDINATES TO DCD FILE NVT.dcd AT STEP 34570
WRITING COORDINATES TO DCD FILE NVT.dcd AT STEP 34580
WRITING COORDINATES TO DCD FILE NVT.dcd AT STEP 34590
WRITING COORDINATES TO DCD FILE NVT.dcd AT STEP 34600
WRITING COORDINATES TO DCD FILE NVT.dcd AT STEP 34610
WRITING COORDINATES TO DCD FILE NVT.dcd AT STEP 34620
WRITING COORDINATES TO DCD FILE NVT.dcd AT STEP 34630
WRITING COORDINATES TO DCD FILE NVT.dcd AT STEP 34640
WRITING COORDINATES TO DCD FILE NVT.dcd AT STEP 34650
WRITING COORDINATES TO DCD FILE NVT.dcd AT STEP 34660
WRITING COORDINATES TO DCD FILE NVT.dcd AT STEP 34670
WRITING COORDINATES TO DCD FILE NVT.dcd AT STEP 34680
WRITING COORDINATES TO DCD FILE NVT.dcd AT STEP 34690
WRITING COORDINATES TO DCD FILE NVT.dcd AT STEP 34700
WRITING COORDINATES TO DCD FILE NVT.dcd AT STEP 34710
WRITING COORDINATES TO DCD FILE NVT.dcd AT STEP 34720
WRITING COORDINATES TO DCD FILE NVT.dcd AT STEP 34730
WRITING COORDINATES TO DCD FILE NVT.dcd AT STEP 34740
WRITING COORDINATES TO DCD FILE NVT.dcd AT STEP 34750
WRITING COORDINATES TO DCD FILE NVT.dcd AT STEP 34760
WRITING COORDINATES TO DCD FILE NVT.dcd AT STEP 34770
WRITING COORDINATES TO DCD FILE NVT.dcd AT STEP 34780
WRITING COORDINATES TO DCD FILE NVT.dcd AT STEP 34790
WRITING COORDINATES TO DCD FILE NVT.dcd AT STEP 34800
WRITING COORDINATES TO DCD FILE NVT.dcd AT STEP 34810
WRITING COORDINATES TO DCD FILE NVT.dcd AT STEP 34820
WRITING COORDINATES TO DCD FILE NVT.dcd AT STEP 34830
WRITING COORDINATES TO DCD FILE NVT.dcd AT STEP 34840
WRITING COORDINATES TO DCD FILE NVT.dcd AT STEP 34850
WRITING COORDINATES TO DCD FILE NVT.dcd AT STEP 34860
WRITING COORDINATES TO DCD FILE NVT.dcd AT STEP 34870
WRITING COORDINATES TO DCD FILE NVT.dcd AT STEP 34880
WRITING COORDINATES TO DCD FILE NVT.dcd AT STEP 34890
WRITING COORDINATES TO DCD FILE NVT.dcd AT STEP 34900
WRITING COORDINATES TO DCD FILE NVT.dcd AT STEP 34910
WRITING COORDINATES TO DCD FILE NVT.dcd AT STEP 34920
WRITING COORDINATES TO DCD FILE NVT.dcd AT STEP 34930
WRITING COORDINATES TO DCD FILE NVT.dcd AT STEP 34940
WRITING COORDINATES TO DCD FILE NVT.dcd AT STEP 34950
WRITING COORDINATES TO DCD FILE NVT.dcd AT STEP 34960
WRITING COORDINATES TO DCD FILE NVT.dcd AT STEP 34970
WRITING COORDINATES TO DCD FILE NVT.dcd AT STEP 34980
WRITING COORDINATES TO DCD FILE NVT.dcd AT STEP 34990
PRESSURE: 35000 -209.408 -1.4655 -439.743 -1.4655 -75.632 21.8579 -439.743 21.8579 313.824
GPRESSURE: 35000 -227.727 56.518 -355.759 -174.917 -104.881 144.303 -330.355 187.13 419.769
PRESSAVG: 35000 57.55 31.6141 -16.6796 31.6141 68.3004 -4.84597 -16.6796 -4.84597 95.4876
GPRESSAVG: 35000 57.7337 32.3124 -16.6659 31.4961 67.9045 -4.77288 -16.4527 -4.21755 95.0645
ENERGY:   35000      1654.3118      9447.6086      5808.7590        73.8604         -60045.4016     -1432.9519         0.0000         0.0000     19109.2749         -25384.5389       308.4199    -44493.8138    -25231.7243       308.7402              9.5947        29.0537    267320.2643        73.7793        73.5676

WRITING EXTENDED SYSTEM TO RESTART FILE AT STEP 35000
WRITING COORDINATES TO DCD FILE NVT.dcd AT STEP 35000
WRITING COORDINATES TO RESTART FILE AT STEP 35000
FINISHED WRITING RESTART COORDINATES
WRITING VELOCITIES TO RESTART FILE AT STEP 35000
FINISHED WRITING RESTART VELOCITIES
WRITING COORDINATES TO DCD FILE NVT.dcd AT STEP 35010
WRITING COORDINATES TO DCD FILE NVT.dcd AT STEP 35020
WRITING COORDINATES TO DCD FILE NVT.dcd AT STEP 35030
WRITING COORDINATES TO DCD FILE NVT.dcd AT STEP 35040
WRITING COORDINATES TO DCD FILE NVT.dcd AT STEP 35050
WRITING COORDINATES TO DCD FILE NVT.dcd AT STEP 35060
WRITING COORDINATES TO DCD FILE NVT.dcd AT STEP 35070
WRITING COORDINATES TO DCD FILE NVT.dcd AT STEP 35080
WRITING COORDINATES TO DCD FILE NVT.dcd AT STEP 35090
WRITING COORDINATES TO DCD FILE NVT.dcd AT STEP 35100
WRITING COORDINATES TO DCD FILE NVT.dcd AT STEP 35110
WRITING COORDINATES TO DCD FILE NVT.dcd AT STEP 35120
WRITING COORDINATES TO DCD FILE NVT.dcd AT STEP 35130
WRITING COORDINATES TO DCD FILE NVT.dcd AT STEP 35140
WRITING COORDINATES TO DCD FILE NVT.dcd AT STEP 35150
WRITING COORDINATES TO DCD FILE NVT.dcd AT STEP 35160
WRITING COORDINATES TO DCD FILE NVT.dcd AT STEP 35170
WRITING COORDINATES TO DCD FILE NVT.dcd AT STEP 35180
WRITING COORDINATES TO DCD FILE NVT.dcd AT STEP 35190
WRITING COORDINATES TO DCD FILE NVT.dcd AT STEP 35200
WRITING COORDINATES TO DCD FILE NVT.dcd AT STEP 35210
WRITING COORDINATES TO DCD FILE NVT.dcd AT STEP 35220
WRITING COORDINATES TO DCD FILE NVT.dcd AT STEP 35230
WRITING COORDINATES TO DCD FILE NVT.dcd AT STEP 35240
WRITING COORDINATES TO DCD FILE NVT.dcd AT STEP 35250
WRITING COORDINATES TO DCD FILE NVT.dcd AT STEP 35260
WRITING COORDINATES TO DCD FILE NVT.dcd AT STEP 35270
WRITING COORDINATES TO DCD FILE NVT.dcd AT STEP 35280
WRITING COORDINATES TO DCD FILE NVT.dcd AT STEP 35290
WRITING COORDINATES TO DCD FILE NVT.dcd AT STEP 35300
WRITING COORDINATES TO DCD FILE NVT.dcd AT STEP 35310
WRITING COORDINATES TO DCD FILE NVT.dcd AT STEP 35320
WRITING COORDINATES TO DCD FILE NVT.dcd AT STEP 35330
WRITING COORDINATES TO DCD FILE NVT.dcd AT STEP 35340
WRITING COORDINATES TO DCD FILE NVT.dcd AT STEP 35350
WRITING COORDINATES TO DCD FILE NVT.dcd AT STEP 35360
WRITING COORDINATES TO DCD FILE NVT.dcd AT STEP 35370
WRITING COORDINATES TO DCD FILE NVT.dcd AT STEP 35380
WRITING COORDINATES TO DCD FILE NVT.dcd AT STEP 35390
WRITING COORDINATES TO DCD FILE NVT.dcd AT STEP 35400
WRITING COORDINATES TO DCD FILE NVT.dcd AT STEP 35410
WRITING COORDINATES TO DCD FILE NVT.dcd AT STEP 35420
WRITING COORDINATES TO DCD FILE NVT.dcd AT STEP 35430
WRITING COORDINATES TO DCD FILE NVT.dcd AT STEP 35440
WRITING COORDINATES TO DCD FILE NVT.dcd AT STEP 35450
WRITING COORDINATES TO DCD FILE NVT.dcd AT STEP 35460
WRITING COORDINATES TO DCD FILE NVT.dcd AT STEP 35470
WRITING COORDINATES TO DCD FILE NVT.dcd AT STEP 35480
WRITING COORDINATES TO DCD FILE NVT.dcd AT STEP 35490
WRITING COORDINATES TO DCD FILE NVT.dcd AT STEP 35500
WRITING COORDINATES TO DCD FILE NVT.dcd AT STEP 35510
WRITING COORDINATES TO DCD FILE NVT.dcd AT STEP 35520
WRITING COORDINATES TO DCD FILE NVT.dcd AT STEP 35530
WRITING COORDINATES TO DCD FILE NVT.dcd AT STEP 35540
WRITING COORDINATES TO DCD FILE NVT.dcd AT STEP 35550
WRITING COORDINATES TO DCD FILE NVT.dcd AT STEP 35560
WRITING COORDINATES TO DCD FILE NVT.dcd AT STEP 35570
WRITING COORDINATES TO DCD FILE NVT.dcd AT STEP 35580
WRITING COORDINATES TO DCD FILE NVT.dcd AT STEP 35590
WRITING COORDINATES TO DCD FILE NVT.dcd AT STEP 35600
WRITING COORDINATES TO DCD FILE NVT.dcd AT STEP 35610
WRITING COORDINATES TO DCD FILE NVT.dcd AT STEP 35620
WRITING COORDINATES TO DCD FILE NVT.dcd AT STEP 35630
WRITING COORDINATES TO DCD FILE NVT.dcd AT STEP 35640
WRITING COORDINATES TO DCD FILE NVT.dcd AT STEP 35650
WRITING COORDINATES TO DCD FILE NVT.dcd AT STEP 35660
WRITING COORDINATES TO DCD FILE NVT.dcd AT STEP 35670
WRITING COORDINATES TO DCD FILE NVT.dcd AT STEP 35680
WRITING COORDINATES TO DCD FILE NVT.dcd AT STEP 35690
WRITING COORDINATES TO DCD FILE NVT.dcd AT STEP 35700
WRITING COORDINATES TO DCD FILE NVT.dcd AT STEP 35710
WRITING COORDINATES TO DCD FILE NVT.dcd AT STEP 35720
WRITING COORDINATES TO DCD FILE NVT.dcd AT STEP 35730
WRITING COORDINATES TO DCD FILE NVT.dcd AT STEP 35740
WRITING COORDINATES TO DCD FILE NVT.dcd AT STEP 35750
WRITING COORDINATES TO DCD FILE NVT.dcd AT STEP 35760
WRITING COORDINATES TO DCD FILE NVT.dcd AT STEP 35770
WRITING COORDINATES TO DCD FILE NVT.dcd AT STEP 35780
WRITING COORDINATES TO DCD FILE NVT.dcd AT STEP 35790
WRITING COORDINATES TO DCD FILE NVT.dcd AT STEP 35800
WRITING COORDINATES TO DCD FILE NVT.dcd AT STEP 35810
WRITING COORDINATES TO DCD FILE NVT.dcd AT STEP 35820
WRITING COORDINATES TO DCD FILE NVT.dcd AT STEP 35830
WRITING COORDINATES TO DCD FILE NVT.dcd AT STEP 35840
WRITING COORDINATES TO DCD FILE NVT.dcd AT STEP 35850
WRITING COORDINATES TO DCD FILE NVT.dcd AT STEP 35860
WRITING COORDINATES TO DCD FILE NVT.dcd AT STEP 35870
WRITING COORDINATES TO DCD FILE NVT.dcd AT STEP 35880
WRITING COORDINATES TO DCD FILE NVT.dcd AT STEP 35890
WRITING COORDINATES TO DCD FILE NVT.dcd AT STEP 35900
WRITING COORDINATES TO DCD FILE NVT.dcd AT STEP 35910
WRITING COORDINATES TO DCD FILE NVT.dcd AT STEP 35920
WRITING COORDINATES TO DCD FILE NVT.dcd AT STEP 35930
WRITING COORDINATES TO DCD FILE NVT.dcd AT STEP 35940
WRITING COORDINATES TO DCD FILE NVT.dcd AT STEP 35950
WRITING COORDINATES TO DCD FILE NVT.dcd AT STEP 35960
WRITING COORDINATES TO DCD FILE NVT.dcd AT STEP 35970
WRITING COORDINATES TO DCD FILE NVT.dcd AT STEP 35980
WRITING COORDINATES TO DCD FILE NVT.dcd AT STEP 35990
PRESSURE: 36000 509.22 205.859 312.957 205.859 -19.2487 221.004 312.957 221.004 417.681
GPRESSURE: 36000 681.218 445.116 199.896 206.061 -81.3256 107.886 440.664 238.254 336.166
PRESSAVG: 36000 57.1801 16.0771 11.0249 16.0771 -8.85938 -63.9976 11.0249 -63.9976 39.6081
GPRESSAVG: 36000 57.1406 15.3653 10.5774 16.8698 -8.82879 -64.3667 11.556 -64.3271 39.4821
ENERGY:   36000      1616.6528      9489.6199      5751.7952        83.0612         -60219.7062     -1322.7970         0.0000         0.0000     19110.8707         -25490.5035       308.4457    -44601.3741    -25338.2491       308.8060            302.5508       312.0195    267320.2643        29.3096        29.2646

WRITING COORDINATES TO DCD FILE NVT.dcd AT STEP 36000
WRITING COORDINATES TO DCD FILE NVT.dcd AT STEP 36010
WRITING COORDINATES TO DCD FILE NVT.dcd AT STEP 36020
WRITING COORDINATES TO DCD FILE NVT.dcd AT STEP 36030
WRITING COORDINATES TO DCD FILE NVT.dcd AT STEP 36040
WRITING COORDINATES TO DCD FILE NVT.dcd AT STEP 36050
WRITING COORDINATES TO DCD FILE NVT.dcd AT STEP 36060
WRITING COORDINATES TO DCD FILE NVT.dcd AT STEP 36070
WRITING COORDINATES TO DCD FILE NVT.dcd AT STEP 36080
WRITING COORDINATES TO DCD FILE NVT.dcd AT STEP 36090
WRITING COORDINATES TO DCD FILE NVT.dcd AT STEP 36100
WRITING COORDINATES TO DCD FILE NVT.dcd AT STEP 36110
WRITING COORDINATES TO DCD FILE NVT.dcd AT STEP 36120
WRITING COORDINATES TO DCD FILE NVT.dcd AT STEP 36130
WRITING COORDINATES TO DCD FILE NVT.dcd AT STEP 36140
LDB: ============= START OF LOAD BALANCING ============== 6006.43
LDB: ============== END OF LOAD BALANCING =============== 6006.43
LDB: =============== DONE WITH MIGRATION ================ 6006.43
WRITING COORDINATES TO DCD FILE NVT.dcd AT STEP 36150
WRITING COORDINATES TO DCD FILE NVT.dcd AT STEP 36160
WRITING COORDINATES TO DCD FILE NVT.dcd AT STEP 36170
WRITING COORDINATES TO DCD FILE NVT.dcd AT STEP 36180
WRITING COORDINATES TO DCD FILE NVT.dcd AT STEP 36190
LDB: ============= START OF LOAD BALANCING ============== 6014.72
LDB: ============== END OF LOAD BALANCING =============== 6014.72
LDB: =============== DONE WITH MIGRATION ================ 6014.72
WRITING COORDINATES TO DCD FILE NVT.dcd AT STEP 36200
WRITING COORDINATES TO DCD FILE NVT.dcd AT STEP 36210
WRITING COORDINATES TO DCD FILE NVT.dcd AT STEP 36220
WRITING COORDINATES TO DCD FILE NVT.dcd AT STEP 36230
WRITING COORDINATES TO DCD FILE NVT.dcd AT STEP 36240
WRITING COORDINATES TO DCD FILE NVT.dcd AT STEP 36250
WRITING COORDINATES TO DCD FILE NVT.dcd AT STEP 36260
WRITING COORDINATES TO DCD FILE NVT.dcd AT STEP 36270
WRITING COORDINATES TO DCD FILE NVT.dcd AT STEP 36280
WRITING COORDINATES TO DCD FILE NVT.dcd AT STEP 36290
WRITING COORDINATES TO DCD FILE NVT.dcd AT STEP 36300
WRITING COORDINATES TO DCD FILE NVT.dcd AT STEP 36310
WRITING COORDINATES TO DCD FILE NVT.dcd AT STEP 36320
WRITING COORDINATES TO DCD FILE NVT.dcd AT STEP 36330
WRITING COORDINATES TO DCD FILE NVT.dcd AT STEP 36340
WRITING COORDINATES TO DCD FILE NVT.dcd AT STEP 36350
WRITING COORDINATES TO DCD FILE NVT.dcd AT STEP 36360
WRITING COORDINATES TO DCD FILE NVT.dcd AT STEP 36370
WRITING COORDINATES TO DCD FILE NVT.dcd AT STEP 36380
WRITING COORDINATES TO DCD FILE NVT.dcd AT STEP 36390
WRITING COORDINATES TO DCD FILE NVT.dcd AT STEP 36400
WRITING COORDINATES TO DCD FILE NVT.dcd AT STEP 36410
WRITING COORDINATES TO DCD FILE NVT.dcd AT STEP 36420
WRITING COORDINATES TO DCD FILE NVT.dcd AT STEP 36430
WRITING COORDINATES TO DCD FILE NVT.dcd AT STEP 36440
WRITING COORDINATES TO DCD FILE NVT.dcd AT STEP 36450
WRITING COORDINATES TO DCD FILE NVT.dcd AT STEP 36460
WRITING COORDINATES TO DCD FILE NVT.dcd AT STEP 36470
WRITING COORDINATES TO DCD FILE NVT.dcd AT STEP 36480
WRITING COORDINATES TO DCD FILE NVT.dcd AT STEP 36490
WRITING COORDINATES TO DCD FILE NVT.dcd AT STEP 36500
WRITING COORDINATES TO DCD FILE NVT.dcd AT STEP 36510
WRITING COORDINATES TO DCD FILE NVT.dcd AT STEP 36520
WRITING COORDINATES TO DCD FILE NVT.dcd AT STEP 36530
WRITING COORDINATES TO DCD FILE NVT.dcd AT STEP 36540
WRITING COORDINATES TO DCD FILE NVT.dcd AT STEP 36550
WRITING COORDINATES TO DCD FILE NVT.dcd AT STEP 36560
WRITING COORDINATES TO DCD FILE NVT.dcd AT STEP 36570
WRITING COORDINATES TO DCD FILE NVT.dcd AT STEP 36580
WRITING COORDINATES TO DCD FILE NVT.dcd AT STEP 36590
WRITING COORDINATES TO DCD FILE NVT.dcd AT STEP 36600
WRITING COORDINATES TO DCD FILE NVT.dcd AT STEP 36610
WRITING COORDINATES TO DCD FILE NVT.dcd AT STEP 36620
WRITING COORDINATES TO DCD FILE NVT.dcd AT STEP 36630
WRITING COORDINATES TO DCD FILE NVT.dcd AT STEP 36640
WRITING COORDINATES TO DCD FILE NVT.dcd AT STEP 36650
WRITING COORDINATES TO DCD FILE NVT.dcd AT STEP 36660
WRITING COORDINATES TO DCD FILE NVT.dcd AT STEP 36670
WRITING COORDINATES TO DCD FILE NVT.dcd AT STEP 36680
WRITING COORDINATES TO DCD FILE NVT.dcd AT STEP 36690
WRITING COORDINATES TO DCD FILE NVT.dcd AT STEP 36700
WRITING COORDINATES TO DCD FILE NVT.dcd AT STEP 36710
WRITING COORDINATES TO DCD FILE NVT.dcd AT STEP 36720
WRITING COORDINATES TO DCD FILE NVT.dcd AT STEP 36730
WRITING COORDINATES TO DCD FILE NVT.dcd AT STEP 36740
WRITING COORDINATES TO DCD FILE NVT.dcd AT STEP 36750
WRITING COORDINATES TO DCD FILE NVT.dcd AT STEP 36760
WRITING COORDINATES TO DCD FILE NVT.dcd AT STEP 36770
WRITING COORDINATES TO DCD FILE NVT.dcd AT STEP 36780
WRITING COORDINATES TO DCD FILE NVT.dcd AT STEP 36790
WRITING COORDINATES TO DCD FILE NVT.dcd AT STEP 36800
WRITING COORDINATES TO DCD FILE NVT.dcd AT STEP 36810
WRITING COORDINATES TO DCD FILE NVT.dcd AT STEP 36820
WRITING COORDINATES TO DCD FILE NVT.dcd AT STEP 36830
WRITING COORDINATES TO DCD FILE NVT.dcd AT STEP 36840
WRITING COORDINATES TO DCD FILE NVT.dcd AT STEP 36850
WRITING COORDINATES TO DCD FILE NVT.dcd AT STEP 36860
WRITING COORDINATES TO DCD FILE NVT.dcd AT STEP 36870
WRITING COORDINATES TO DCD FILE NVT.dcd AT STEP 36880
WRITING COORDINATES TO DCD FILE NVT.dcd AT STEP 36890
WRITING COORDINATES TO DCD FILE NVT.dcd AT STEP 36900
WRITING COORDINATES TO DCD FILE NVT.dcd AT STEP 36910
WRITING COORDINATES TO DCD FILE NVT.dcd AT STEP 36920
WRITING COORDINATES TO DCD FILE NVT.dcd AT STEP 36930
WRITING COORDINATES TO DCD FILE NVT.dcd AT STEP 36940
WRITING COORDINATES TO DCD FILE NVT.dcd AT STEP 36950
WRITING COORDINATES TO DCD FILE NVT.dcd AT STEP 36960
WRITING COORDINATES TO DCD FILE NVT.dcd AT STEP 36970
WRITING COORDINATES TO DCD FILE NVT.dcd AT STEP 36980
WRITING COORDINATES TO DCD FILE NVT.dcd AT STEP 36990
PRESSURE: 37000 273.116 -4.21721 111.791 -4.21721 -109.072 -50.8444 111.791 -50.8444 275.333
GPRESSURE: 37000 354.361 -81.6968 329.182 -66.6898 -66.4555 -102.782 -31.646 71.5409 191.166
PRESSAVG: 37000 119.623 -16.1615 25.5545 -16.1615 108.758 -2.09507 25.5545 -2.09507 46.747
GPRESSAVG: 37000 119.489 -16.0418 26.1887 -16.0227 109 -2.23622 25.4817 -2.10264 46.9032
ENERGY:   37000      1554.4377      9460.3146      5813.9957        71.4750         -60316.8848     -1188.3800         0.0000         0.0000     19098.0685         -25506.9733       308.2390    -44605.0418    -25350.1490       308.8887            146.4589       159.6905    267320.2643        91.7094        91.7977

WRITING COORDINATES TO DCD FILE NVT.dcd AT STEP 37000
WRITING COORDINATES TO DCD FILE NVT.dcd AT STEP 37010
WRITING COORDINATES TO DCD FILE NVT.dcd AT STEP 37020
WRITING COORDINATES TO DCD FILE NVT.dcd AT STEP 37030
WRITING COORDINATES TO DCD FILE NVT.dcd AT STEP 37040
WRITING COORDINATES TO DCD FILE NVT.dcd AT STEP 37050
WRITING COORDINATES TO DCD FILE NVT.dcd AT STEP 37060
WRITING COORDINATES TO DCD FILE NVT.dcd AT STEP 37070
WRITING COORDINATES TO DCD FILE NVT.dcd AT STEP 37080
WRITING COORDINATES TO DCD FILE NVT.dcd AT STEP 37090
WRITING COORDINATES TO DCD FILE NVT.dcd AT STEP 37100
WRITING COORDINATES TO DCD FILE NVT.dcd AT STEP 37110
WRITING COORDINATES TO DCD FILE NVT.dcd AT STEP 37120
WRITING COORDINATES TO DCD FILE NVT.dcd AT STEP 37130
WRITING COORDINATES TO DCD FILE NVT.dcd AT STEP 37140
WRITING COORDINATES TO DCD FILE NVT.dcd AT STEP 37150
WRITING COORDINATES TO DCD FILE NVT.dcd AT STEP 37160
WRITING COORDINATES TO DCD FILE NVT.dcd AT STEP 37170
WRITING COORDINATES TO DCD FILE NVT.dcd AT STEP 37180
WRITING COORDINATES TO DCD FILE NVT.dcd AT STEP 37190
WRITING COORDINATES TO DCD FILE NVT.dcd AT STEP 37200
WRITING COORDINATES TO DCD FILE NVT.dcd AT STEP 37210
WRITING COORDINATES TO DCD FILE NVT.dcd AT STEP 37220
WRITING COORDINATES TO DCD FILE NVT.dcd AT STEP 37230
WRITING COORDINATES TO DCD FILE NVT.dcd AT STEP 37240
WRITING COORDINATES TO DCD FILE NVT.dcd AT STEP 37250
WRITING COORDINATES TO DCD FILE NVT.dcd AT STEP 37260
WRITING COORDINATES TO DCD FILE NVT.dcd AT STEP 37270
WRITING COORDINATES TO DCD FILE NVT.dcd AT STEP 37280
WRITING COORDINATES TO DCD FILE NVT.dcd AT STEP 37290
WRITING COORDINATES TO DCD FILE NVT.dcd AT STEP 37300
WRITING COORDINATES TO DCD FILE NVT.dcd AT STEP 37310
WRITING COORDINATES TO DCD FILE NVT.dcd AT STEP 37320
WRITING COORDINATES TO DCD FILE NVT.dcd AT STEP 37330
WRITING COORDINATES TO DCD FILE NVT.dcd AT STEP 37340
WRITING COORDINATES TO DCD FILE NVT.dcd AT STEP 37350
WRITING COORDINATES TO DCD FILE NVT.dcd AT STEP 37360
WRITING COORDINATES TO DCD FILE NVT.dcd AT STEP 37370
WRITING COORDINATES TO DCD FILE NVT.dcd AT STEP 37380
WRITING COORDINATES TO DCD FILE NVT.dcd AT STEP 37390
WRITING COORDINATES TO DCD FILE NVT.dcd AT STEP 37400
WRITING COORDINATES TO DCD FILE NVT.dcd AT STEP 37410
WRITING COORDINATES TO DCD FILE NVT.dcd AT STEP 37420
WRITING COORDINATES TO DCD FILE NVT.dcd AT STEP 37430
WRITING COORDINATES TO DCD FILE NVT.dcd AT STEP 37440
WRITING COORDINATES TO DCD FILE NVT.dcd AT STEP 37450
WRITING COORDINATES TO DCD FILE NVT.dcd AT STEP 37460
WRITING COORDINATES TO DCD FILE NVT.dcd AT STEP 37470
WRITING COORDINATES TO DCD FILE NVT.dcd AT STEP 37480
WRITING COORDINATES TO DCD FILE NVT.dcd AT STEP 37490
WRITING COORDINATES TO DCD FILE NVT.dcd AT STEP 37500
WRITING COORDINATES TO DCD FILE NVT.dcd AT STEP 37510
WRITING COORDINATES TO DCD FILE NVT.dcd AT STEP 37520
WRITING COORDINATES TO DCD FILE NVT.dcd AT STEP 37530
WRITING COORDINATES TO DCD FILE NVT.dcd AT STEP 37540
WRITING COORDINATES TO DCD FILE NVT.dcd AT STEP 37550
WRITING COORDINATES TO DCD FILE NVT.dcd AT STEP 37560
WRITING COORDINATES TO DCD FILE NVT.dcd AT STEP 37570
WRITING COORDINATES TO DCD FILE NVT.dcd AT STEP 37580
WRITING COORDINATES TO DCD FILE NVT.dcd AT STEP 37590
WRITING COORDINATES TO DCD FILE NVT.dcd AT STEP 37600
WRITING COORDINATES TO DCD FILE NVT.dcd AT STEP 37610
WRITING COORDINATES TO DCD FILE NVT.dcd AT STEP 37620
WRITING COORDINATES TO DCD FILE NVT.dcd AT STEP 37630
WRITING COORDINATES TO DCD FILE NVT.dcd AT STEP 37640
WRITING COORDINATES TO DCD FILE NVT.dcd AT STEP 37650
WRITING COORDINATES TO DCD FILE NVT.dcd AT STEP 37660
WRITING COORDINATES TO DCD FILE NVT.dcd AT STEP 37670
WRITING COORDINATES TO DCD FILE NVT.dcd AT STEP 37680
WRITING COORDINATES TO DCD FILE NVT.dcd AT STEP 37690
WRITING COORDINATES TO DCD FILE NVT.dcd AT STEP 37700
WRITING COORDINATES TO DCD FILE NVT.dcd AT STEP 37710
WRITING COORDINATES TO DCD FILE NVT.dcd AT STEP 37720
WRITING COORDINATES TO DCD FILE NVT.dcd AT STEP 37730
WRITING COORDINATES TO DCD FILE NVT.dcd AT STEP 37740
WRITING COORDINATES TO DCD FILE NVT.dcd AT STEP 37750
WRITING COORDINATES TO DCD FILE NVT.dcd AT STEP 37760
WRITING COORDINATES TO DCD FILE NVT.dcd AT STEP 37770
WRITING COORDINATES TO DCD FILE NVT.dcd AT STEP 37780
WRITING COORDINATES TO DCD FILE NVT.dcd AT STEP 37790
WRITING COORDINATES TO DCD FILE NVT.dcd AT STEP 37800
WRITING COORDINATES TO DCD FILE NVT.dcd AT STEP 37810
WRITING COORDINATES TO DCD FILE NVT.dcd AT STEP 37820
WRITING COORDINATES TO DCD FILE NVT.dcd AT STEP 37830
WRITING COORDINATES TO DCD FILE NVT.dcd AT STEP 37840
WRITING COORDINATES TO DCD FILE NVT.dcd AT STEP 37850
WRITING COORDINATES TO DCD FILE NVT.dcd AT STEP 37860
WRITING COORDINATES TO DCD FILE NVT.dcd AT STEP 37870
WRITING COORDINATES TO DCD FILE NVT.dcd AT STEP 37880
WRITING COORDINATES TO DCD FILE NVT.dcd AT STEP 37890
WRITING COORDINATES TO DCD FILE NVT.dcd AT STEP 37900
WRITING COORDINATES TO DCD FILE NVT.dcd AT STEP 37910
WRITING COORDINATES TO DCD FILE NVT.dcd AT STEP 37920
WRITING COORDINATES TO DCD FILE NVT.dcd AT STEP 37930
WRITING COORDINATES TO DCD FILE NVT.dcd AT STEP 37940
WRITING COORDINATES TO DCD FILE NVT.dcd AT STEP 37950
WRITING COORDINATES TO DCD FILE NVT.dcd AT STEP 37960
WRITING COORDINATES TO DCD FILE NVT.dcd AT STEP 37970
WRITING COORDINATES TO DCD FILE NVT.dcd AT STEP 37980
WRITING COORDINATES TO DCD FILE NVT.dcd AT STEP 37990
PRESSURE: 38000 -97.0821 231.2 22.7857 231.2 -200.821 -117.598 22.7857 -117.598 185.957
GPRESSURE: 38000 -143.738 147.972 -50.2622 269.991 -77.7501 -225.36 -319.259 -48.9278 166.823
PRESSAVG: 38000 97.5673 -80.7645 -14.921 -80.7645 24.5168 41.3808 -14.921 41.3808 62.8514
GPRESSAVG: 38000 96.7663 -80.6217 -15.6444 -81.5537 24.578 42.0028 -15.6759 41.0261 63.4213
ENERGY:   38000      1641.2732      9245.2174      5793.0497        79.6560         -60012.1208     -1432.4317         0.0000         0.0000     19067.6953         -25617.6609       307.7488    -44685.3561    -25461.4980       308.5863            -37.3156       -18.2217    267320.2643        61.6452        61.5885

WRITING COORDINATES TO DCD FILE NVT.dcd AT STEP 38000
WRITING COORDINATES TO DCD FILE NVT.dcd AT STEP 38010
WRITING COORDINATES TO DCD FILE NVT.dcd AT STEP 38020
WRITING COORDINATES TO DCD FILE NVT.dcd AT STEP 38030
WRITING COORDINATES TO DCD FILE NVT.dcd AT STEP 38040
WRITING COORDINATES TO DCD FILE NVT.dcd AT STEP 38050
WRITING COORDINATES TO DCD FILE NVT.dcd AT STEP 38060
WRITING COORDINATES TO DCD FILE NVT.dcd AT STEP 38070
WRITING COORDINATES TO DCD FILE NVT.dcd AT STEP 38080
WRITING COORDINATES TO DCD FILE NVT.dcd AT STEP 38090
WRITING COORDINATES TO DCD FILE NVT.dcd AT STEP 38100
WRITING COORDINATES TO DCD FILE NVT.dcd AT STEP 38110
WRITING COORDINATES TO DCD FILE NVT.dcd AT STEP 38120
WRITING COORDINATES TO DCD FILE NVT.dcd AT STEP 38130
WRITING COORDINATES TO DCD FILE NVT.dcd AT STEP 38140
LDB: ============= START OF LOAD BALANCING ============== 6338.21
LDB: ============== END OF LOAD BALANCING =============== 6338.21
LDB: =============== DONE WITH MIGRATION ================ 6338.21
WRITING COORDINATES TO DCD FILE NVT.dcd AT STEP 38150
WRITING COORDINATES TO DCD FILE NVT.dcd AT STEP 38160
WRITING COORDINATES TO DCD FILE NVT.dcd AT STEP 38170
WRITING COORDINATES TO DCD FILE NVT.dcd AT STEP 38180
WRITING COORDINATES TO DCD FILE NVT.dcd AT STEP 38190
LDB: ============= START OF LOAD BALANCING ============== 6346.54
LDB: ============== END OF LOAD BALANCING =============== 6346.54
LDB: =============== DONE WITH MIGRATION ================ 6346.54
WRITING COORDINATES TO DCD FILE NVT.dcd AT STEP 38200
WRITING COORDINATES TO DCD FILE NVT.dcd AT STEP 38210
WRITING COORDINATES TO DCD FILE NVT.dcd AT STEP 38220
WRITING COORDINATES TO DCD FILE NVT.dcd AT STEP 38230
WRITING COORDINATES TO DCD FILE NVT.dcd AT STEP 38240
WRITING COORDINATES TO DCD FILE NVT.dcd AT STEP 38250
WRITING COORDINATES TO DCD FILE NVT.dcd AT STEP 38260
WRITING COORDINATES TO DCD FILE NVT.dcd AT STEP 38270
WRITING COORDINATES TO DCD FILE NVT.dcd AT STEP 38280
WRITING COORDINATES TO DCD FILE NVT.dcd AT STEP 38290
WRITING COORDINATES TO DCD FILE NVT.dcd AT STEP 38300
WRITING COORDINATES TO DCD FILE NVT.dcd AT STEP 38310
WRITING COORDINATES TO DCD FILE NVT.dcd AT STEP 38320
WRITING COORDINATES TO DCD FILE NVT.dcd AT STEP 38330
WRITING COORDINATES TO DCD FILE NVT.dcd AT STEP 38340
WRITING COORDINATES TO DCD FILE NVT.dcd AT STEP 38350
WRITING COORDINATES TO DCD FILE NVT.dcd AT STEP 38360
WRITING COORDINATES TO DCD FILE NVT.dcd AT STEP 38370
WRITING COORDINATES TO DCD FILE NVT.dcd AT STEP 38380
WRITING COORDINATES TO DCD FILE NVT.dcd AT STEP 38390
WRITING COORDINATES TO DCD FILE NVT.dcd AT STEP 38400
WRITING COORDINATES TO DCD FILE NVT.dcd AT STEP 38410
WRITING COORDINATES TO DCD FILE NVT.dcd AT STEP 38420
WRITING COORDINATES TO DCD FILE NVT.dcd AT STEP 38430
WRITING COORDINATES TO DCD FILE NVT.dcd AT STEP 38440
WRITING COORDINATES TO DCD FILE NVT.dcd AT STEP 38450
WRITING COORDINATES TO DCD FILE NVT.dcd AT STEP 38460
WRITING COORDINATES TO DCD FILE NVT.dcd AT STEP 38470
WRITING COORDINATES TO DCD FILE NVT.dcd AT STEP 38480
WRITING COORDINATES TO DCD FILE NVT.dcd AT STEP 38490
WRITING COORDINATES TO DCD FILE NVT.dcd AT STEP 38500
WRITING COORDINATES TO DCD FILE NVT.dcd AT STEP 38510
WRITING COORDINATES TO DCD FILE NVT.dcd AT STEP 38520
WRITING COORDINATES TO DCD FILE NVT.dcd AT STEP 38530
WRITING COORDINATES TO DCD FILE NVT.dcd AT STEP 38540
WRITING COORDINATES TO DCD FILE NVT.dcd AT STEP 38550
WRITING COORDINATES TO DCD FILE NVT.dcd AT STEP 38560
WRITING COORDINATES TO DCD FILE NVT.dcd AT STEP 38570
WRITING COORDINATES TO DCD FILE NVT.dcd AT STEP 38580
WRITING COORDINATES TO DCD FILE NVT.dcd AT STEP 38590
WRITING COORDINATES TO DCD FILE NVT.dcd AT STEP 38600
WRITING COORDINATES TO DCD FILE NVT.dcd AT STEP 38610
WRITING COORDINATES TO DCD FILE NVT.dcd AT STEP 38620
WRITING COORDINATES TO DCD FILE NVT.dcd AT STEP 38630
WRITING COORDINATES TO DCD FILE NVT.dcd AT STEP 38640
WRITING COORDINATES TO DCD FILE NVT.dcd AT STEP 38650
WRITING COORDINATES TO DCD FILE NVT.dcd AT STEP 38660
WRITING COORDINATES TO DCD FILE NVT.dcd AT STEP 38670
WRITING COORDINATES TO DCD FILE NVT.dcd AT STEP 38680
WRITING COORDINATES TO DCD FILE NVT.dcd AT STEP 38690
WRITING COORDINATES TO DCD FILE NVT.dcd AT STEP 38700
WRITING COORDINATES TO DCD FILE NVT.dcd AT STEP 38710
WRITING COORDINATES TO DCD FILE NVT.dcd AT STEP 38720
WRITING COORDINATES TO DCD FILE NVT.dcd AT STEP 38730
WRITING COORDINATES TO DCD FILE NVT.dcd AT STEP 38740
WRITING COORDINATES TO DCD FILE NVT.dcd AT STEP 38750
WRITING COORDINATES TO DCD FILE NVT.dcd AT STEP 38760
WRITING COORDINATES TO DCD FILE NVT.dcd AT STEP 38770
WRITING COORDINATES TO DCD FILE NVT.dcd AT STEP 38780
WRITING COORDINATES TO DCD FILE NVT.dcd AT STEP 38790
WRITING COORDINATES TO DCD FILE NVT.dcd AT STEP 38800
WRITING COORDINATES TO DCD FILE NVT.dcd AT STEP 38810
WRITING COORDINATES TO DCD FILE NVT.dcd AT STEP 38820
WRITING COORDINATES TO DCD FILE NVT.dcd AT STEP 38830
WRITING COORDINATES TO DCD FILE NVT.dcd AT STEP 38840
WRITING COORDINATES TO DCD FILE NVT.dcd AT STEP 38850
WRITING COORDINATES TO DCD FILE NVT.dcd AT STEP 38860
WRITING COORDINATES TO DCD FILE NVT.dcd AT STEP 38870
WRITING COORDINATES TO DCD FILE NVT.dcd AT STEP 38880
WRITING COORDINATES TO DCD FILE NVT.dcd AT STEP 38890
WRITING COORDINATES TO DCD FILE NVT.dcd AT STEP 38900
WRITING COORDINATES TO DCD FILE NVT.dcd AT STEP 38910
WRITING COORDINATES TO DCD FILE NVT.dcd AT STEP 38920
WRITING COORDINATES TO DCD FILE NVT.dcd AT STEP 38930
WRITING COORDINATES TO DCD FILE NVT.dcd AT STEP 38940
WRITING COORDINATES TO DCD FILE NVT.dcd AT STEP 38950
WRITING COORDINATES TO DCD FILE NVT.dcd AT STEP 38960
WRITING COORDINATES TO DCD FILE NVT.dcd AT STEP 38970
WRITING COORDINATES TO DCD FILE NVT.dcd AT STEP 38980
WRITING COORDINATES TO DCD FILE NVT.dcd AT STEP 38990
PRESSURE: 39000 -858.746 3.10696 -600.81 3.10696 -443.684 164.978 -600.81 164.978 216.58
GPRESSURE: 39000 -877.131 -71.9961 -533.551 -100.628 -449.198 196.3 -408.38 335.212 271.659
PRESSAVG: 39000 96.7661 -32.7623 -12.3124 -32.7623 26.3323 -58.2493 -12.3124 -58.2493 39.8581
GPRESSAVG: 39000 97.3604 -32.5999 -11.8938 -32.3591 25.8799 -58.3792 -12.0813 -57.9525 39.7293
ENERGY:   39000      1571.5991      9390.3959      5757.4598        80.3130         -60048.3775     -1467.1695         0.0000         0.0000     19103.2815         -25612.4977       308.3232    -44715.7792    -25458.6686       308.3546           -361.9499      -351.5567    267320.2643        54.3188        54.3232

WRITING COORDINATES TO DCD FILE NVT.dcd AT STEP 39000
WRITING COORDINATES TO DCD FILE NVT.dcd AT STEP 39010
WRITING COORDINATES TO DCD FILE NVT.dcd AT STEP 39020
WRITING COORDINATES TO DCD FILE NVT.dcd AT STEP 39030
WRITING COORDINATES TO DCD FILE NVT.dcd AT STEP 39040
WRITING COORDINATES TO DCD FILE NVT.dcd AT STEP 39050
WRITING COORDINATES TO DCD FILE NVT.dcd AT STEP 39060
WRITING COORDINATES TO DCD FILE NVT.dcd AT STEP 39070
WRITING COORDINATES TO DCD FILE NVT.dcd AT STEP 39080
WRITING COORDINATES TO DCD FILE NVT.dcd AT STEP 39090
WRITING COORDINATES TO DCD FILE NVT.dcd AT STEP 39100
WRITING COORDINATES TO DCD FILE NVT.dcd AT STEP 39110
WRITING COORDINATES TO DCD FILE NVT.dcd AT STEP 39120
WRITING COORDINATES TO DCD FILE NVT.dcd AT STEP 39130
WRITING COORDINATES TO DCD FILE NVT.dcd AT STEP 39140
WRITING COORDINATES TO DCD FILE NVT.dcd AT STEP 39150
WRITING COORDINATES TO DCD FILE NVT.dcd AT STEP 39160
WRITING COORDINATES TO DCD FILE NVT.dcd AT STEP 39170
WRITING COORDINATES TO DCD FILE NVT.dcd AT STEP 39180
WRITING COORDINATES TO DCD FILE NVT.dcd AT STEP 39190
WRITING COORDINATES TO DCD FILE NVT.dcd AT STEP 39200
WRITING COORDINATES TO DCD FILE NVT.dcd AT STEP 39210
WRITING COORDINATES TO DCD FILE NVT.dcd AT STEP 39220
WRITING COORDINATES TO DCD FILE NVT.dcd AT STEP 39230
WRITING COORDINATES TO DCD FILE NVT.dcd AT STEP 39240
WRITING COORDINATES TO DCD FILE NVT.dcd AT STEP 39250
WRITING COORDINATES TO DCD FILE NVT.dcd AT STEP 39260
WRITING COORDINATES TO DCD FILE NVT.dcd AT STEP 39270
WRITING COORDINATES TO DCD FILE NVT.dcd AT STEP 39280
WRITING COORDINATES TO DCD FILE NVT.dcd AT STEP 39290
WRITING COORDINATES TO DCD FILE NVT.dcd AT STEP 39300
WRITING COORDINATES TO DCD FILE NVT.dcd AT STEP 39310
WRITING COORDINATES TO DCD FILE NVT.dcd AT STEP 39320
WRITING COORDINATES TO DCD FILE NVT.dcd AT STEP 39330
WRITING COORDINATES TO DCD FILE NVT.dcd AT STEP 39340
WRITING COORDINATES TO DCD FILE NVT.dcd AT STEP 39350
WRITING COORDINATES TO DCD FILE NVT.dcd AT STEP 39360
WRITING COORDINATES TO DCD FILE NVT.dcd AT STEP 39370
WRITING COORDINATES TO DCD FILE NVT.dcd AT STEP 39380
WRITING COORDINATES TO DCD FILE NVT.dcd AT STEP 39390
WRITING COORDINATES TO DCD FILE NVT.dcd AT STEP 39400
WRITING COORDINATES TO DCD FILE NVT.dcd AT STEP 39410
WRITING COORDINATES TO DCD FILE NVT.dcd AT STEP 39420
WRITING COORDINATES TO DCD FILE NVT.dcd AT STEP 39430
WRITING COORDINATES TO DCD FILE NVT.dcd AT STEP 39440
WRITING COORDINATES TO DCD FILE NVT.dcd AT STEP 39450
WRITING COORDINATES TO DCD FILE NVT.dcd AT STEP 39460
WRITING COORDINATES TO DCD FILE NVT.dcd AT STEP 39470
WRITING COORDINATES TO DCD FILE NVT.dcd AT STEP 39480
WRITING COORDINATES TO DCD FILE NVT.dcd AT STEP 39490
WRITING COORDINATES TO DCD FILE NVT.dcd AT STEP 39500
WRITING COORDINATES TO DCD FILE NVT.dcd AT STEP 39510
WRITING COORDINATES TO DCD FILE NVT.dcd AT STEP 39520
WRITING COORDINATES TO DCD FILE NVT.dcd AT STEP 39530
WRITING COORDINATES TO DCD FILE NVT.dcd AT STEP 39540
WRITING COORDINATES TO DCD FILE NVT.dcd AT STEP 39550
WRITING COORDINATES TO DCD FILE NVT.dcd AT STEP 39560
WRITING COORDINATES TO DCD FILE NVT.dcd AT STEP 39570
WRITING COORDINATES TO DCD FILE NVT.dcd AT STEP 39580
WRITING COORDINATES TO DCD FILE NVT.dcd AT STEP 39590
WRITING COORDINATES TO DCD FILE NVT.dcd AT STEP 39600
WRITING COORDINATES TO DCD FILE NVT.dcd AT STEP 39610
WRITING COORDINATES TO DCD FILE NVT.dcd AT STEP 39620
WRITING COORDINATES TO DCD FILE NVT.dcd AT STEP 39630
WRITING COORDINATES TO DCD FILE NVT.dcd AT STEP 39640
WRITING COORDINATES TO DCD FILE NVT.dcd AT STEP 39650
WRITING COORDINATES TO DCD FILE NVT.dcd AT STEP 39660
WRITING COORDINATES TO DCD FILE NVT.dcd AT STEP 39670
WRITING COORDINATES TO DCD FILE NVT.dcd AT STEP 39680
WRITING COORDINATES TO DCD FILE NVT.dcd AT STEP 39690
WRITING COORDINATES TO DCD FILE NVT.dcd AT STEP 39700
WRITING COORDINATES TO DCD FILE NVT.dcd AT STEP 39710
WRITING COORDINATES TO DCD FILE NVT.dcd AT STEP 39720
WRITING COORDINATES TO DCD FILE NVT.dcd AT STEP 39730
WRITING COORDINATES TO DCD FILE NVT.dcd AT STEP 39740
WRITING COORDINATES TO DCD FILE NVT.dcd AT STEP 39750
WRITING COORDINATES TO DCD FILE NVT.dcd AT STEP 39760
WRITING COORDINATES TO DCD FILE NVT.dcd AT STEP 39770
WRITING COORDINATES TO DCD FILE NVT.dcd AT STEP 39780
WRITING COORDINATES TO DCD FILE NVT.dcd AT STEP 39790
WRITING COORDINATES TO DCD FILE NVT.dcd AT STEP 39800
WRITING COORDINATES TO DCD FILE NVT.dcd AT STEP 39810
WRITING COORDINATES TO DCD FILE NVT.dcd AT STEP 39820
WRITING COORDINATES TO DCD FILE NVT.dcd AT STEP 39830
WRITING COORDINATES TO DCD FILE NVT.dcd AT STEP 39840
WRITING COORDINATES TO DCD FILE NVT.dcd AT STEP 39850
WRITING COORDINATES TO DCD FILE NVT.dcd AT STEP 39860
WRITING COORDINATES TO DCD FILE NVT.dcd AT STEP 39870
WRITING COORDINATES TO DCD FILE NVT.dcd AT STEP 39880
WRITING COORDINATES TO DCD FILE NVT.dcd AT STEP 39890
WRITING COORDINATES TO DCD FILE NVT.dcd AT STEP 39900
WRITING COORDINATES TO DCD FILE NVT.dcd AT STEP 39910
WRITING COORDINATES TO DCD FILE NVT.dcd AT STEP 39920
WRITING COORDINATES TO DCD FILE NVT.dcd AT STEP 39930
WRITING COORDINATES TO DCD FILE NVT.dcd AT STEP 39940
WRITING COORDINATES TO DCD FILE NVT.dcd AT STEP 39950
WRITING COORDINATES TO DCD FILE NVT.dcd AT STEP 39960
WRITING COORDINATES TO DCD FILE NVT.dcd AT STEP 39970
WRITING COORDINATES TO DCD FILE NVT.dcd AT STEP 39980
WRITING COORDINATES TO DCD FILE NVT.dcd AT STEP 39990
PRESSURE: 40000 -13.7264 1.69723 343.735 1.69723 -91.8965 -421.64 343.735 -421.64 496.416
GPRESSURE: 40000 72.7016 48.0718 394.513 -44.0741 -172.165 -363.216 120.144 -252.535 562.375
PRESSAVG: 40000 46.8147 -45.9382 5.88851 -45.9382 12.453 -6.05645 5.88851 -6.05645 181.974
GPRESSAVG: 40000 47.0136 -45.819 5.82085 -45.8368 12.7913 -6.65614 5.84292 -5.89164 181.612
TIMING: 40000  CPU: 6619.08, 0.16585/step  Wall: 6620.39, 0.165897/step, 0.460825 hours remaining, 876.239546 MB of memory in use.
PERFORMANCE: 40000  averaging 1.04411 ns/day, 0.1655 sec/step with standard deviation 0.000542624
ETITLE:      TS           BOND          ANGLE          DIHED          IMPRP               ELECT            VDW       BOUNDARY           MISC        KINETIC               TOTAL           TEMP      POTENTIAL         TOTAL3        TEMPAVG            PRESSURE      GPRESSURE         VOLUME       PRESSAVG      GPRESSAVG

ENERGY:   40000      1591.2419      9328.3972      5772.0777        79.9081         -60360.1359     -1238.7350         0.0000         0.0000     19160.1997         -25667.0462       309.2418    -44827.2459    -25511.4371       308.0375            130.2645       154.3036    267320.2643        80.4139        80.4724

WRITING EXTENDED SYSTEM TO RESTART FILE AT STEP 40000
WRITING COORDINATES TO DCD FILE NVT.dcd AT STEP 40000
WRITING COORDINATES TO RESTART FILE AT STEP 40000
FINISHED WRITING RESTART COORDINATES
WRITING VELOCITIES TO RESTART FILE AT STEP 40000
FINISHED WRITING RESTART VELOCITIES
WRITING COORDINATES TO DCD FILE NVT.dcd AT STEP 40010
WRITING COORDINATES TO DCD FILE NVT.dcd AT STEP 40020
WRITING COORDINATES TO DCD FILE NVT.dcd AT STEP 40030
WRITING COORDINATES TO DCD FILE NVT.dcd AT STEP 40040
WRITING COORDINATES TO DCD FILE NVT.dcd AT STEP 40050
WRITING COORDINATES TO DCD FILE NVT.dcd AT STEP 40060
WRITING COORDINATES TO DCD FILE NVT.dcd AT STEP 40070
WRITING COORDINATES TO DCD FILE NVT.dcd AT STEP 40080
WRITING COORDINATES TO DCD FILE NVT.dcd AT STEP 40090
WRITING COORDINATES TO DCD FILE NVT.dcd AT STEP 40100
WRITING COORDINATES TO DCD FILE NVT.dcd AT STEP 40110
WRITING COORDINATES TO DCD FILE NVT.dcd AT STEP 40120
WRITING COORDINATES TO DCD FILE NVT.dcd AT STEP 40130
WRITING COORDINATES TO DCD FILE NVT.dcd AT STEP 40140
LDB: ============= START OF LOAD BALANCING ============== 6670.04
LDB: ============== END OF LOAD BALANCING =============== 6670.04
LDB: =============== DONE WITH MIGRATION ================ 6670.04
WRITING COORDINATES TO DCD FILE NVT.dcd AT STEP 40150
WRITING COORDINATES TO DCD FILE NVT.dcd AT STEP 40160
WRITING COORDINATES TO DCD FILE NVT.dcd AT STEP 40170
WRITING COORDINATES TO DCD FILE NVT.dcd AT STEP 40180
WRITING COORDINATES TO DCD FILE NVT.dcd AT STEP 40190
LDB: ============= START OF LOAD BALANCING ============== 6678.33
LDB: ============== END OF LOAD BALANCING =============== 6678.33
LDB: =============== DONE WITH MIGRATION ================ 6678.33
WRITING COORDINATES TO DCD FILE NVT.dcd AT STEP 40200
WRITING COORDINATES TO DCD FILE NVT.dcd AT STEP 40210
WRITING COORDINATES TO DCD FILE NVT.dcd AT STEP 40220
WRITING COORDINATES TO DCD FILE NVT.dcd AT STEP 40230
WRITING COORDINATES TO DCD FILE NVT.dcd AT STEP 40240
WRITING COORDINATES TO DCD FILE NVT.dcd AT STEP 40250
WRITING COORDINATES TO DCD FILE NVT.dcd AT STEP 40260
WRITING COORDINATES TO DCD FILE NVT.dcd AT STEP 40270
WRITING COORDINATES TO DCD FILE NVT.dcd AT STEP 40280
WRITING COORDINATES TO DCD FILE NVT.dcd AT STEP 40290
WRITING COORDINATES TO DCD FILE NVT.dcd AT STEP 40300
WRITING COORDINATES TO DCD FILE NVT.dcd AT STEP 40310
WRITING COORDINATES TO DCD FILE NVT.dcd AT STEP 40320
WRITING COORDINATES TO DCD FILE NVT.dcd AT STEP 40330
WRITING COORDINATES TO DCD FILE NVT.dcd AT STEP 40340
WRITING COORDINATES TO DCD FILE NVT.dcd AT STEP 40350
WRITING COORDINATES TO DCD FILE NVT.dcd AT STEP 40360
WRITING COORDINATES TO DCD FILE NVT.dcd AT STEP 40370
WRITING COORDINATES TO DCD FILE NVT.dcd AT STEP 40380
WRITING COORDINATES TO DCD FILE NVT.dcd AT STEP 40390
WRITING COORDINATES TO DCD FILE NVT.dcd AT STEP 40400
WRITING COORDINATES TO DCD FILE NVT.dcd AT STEP 40410
WRITING COORDINATES TO DCD FILE NVT.dcd AT STEP 40420
WRITING COORDINATES TO DCD FILE NVT.dcd AT STEP 40430
WRITING COORDINATES TO DCD FILE NVT.dcd AT STEP 40440
WRITING COORDINATES TO DCD FILE NVT.dcd AT STEP 40450
WRITING COORDINATES TO DCD FILE NVT.dcd AT STEP 40460
WRITING COORDINATES TO DCD FILE NVT.dcd AT STEP 40470
WRITING COORDINATES TO DCD FILE NVT.dcd AT STEP 40480
WRITING COORDINATES TO DCD FILE NVT.dcd AT STEP 40490
WRITING COORDINATES TO DCD FILE NVT.dcd AT STEP 40500
WRITING COORDINATES TO DCD FILE NVT.dcd AT STEP 40510
WRITING COORDINATES TO DCD FILE NVT.dcd AT STEP 40520
WRITING COORDINATES TO DCD FILE NVT.dcd AT STEP 40530
WRITING COORDINATES TO DCD FILE NVT.dcd AT STEP 40540
WRITING COORDINATES TO DCD FILE NVT.dcd AT STEP 40550
WRITING COORDINATES TO DCD FILE NVT.dcd AT STEP 40560
WRITING COORDINATES TO DCD FILE NVT.dcd AT STEP 40570
WRITING COORDINATES TO DCD FILE NVT.dcd AT STEP 40580
WRITING COORDINATES TO DCD FILE NVT.dcd AT STEP 40590
WRITING COORDINATES TO DCD FILE NVT.dcd AT STEP 40600
WRITING COORDINATES TO DCD FILE NVT.dcd AT STEP 40610
WRITING COORDINATES TO DCD FILE NVT.dcd AT STEP 40620
WRITING COORDINATES TO DCD FILE NVT.dcd AT STEP 40630
WRITING COORDINATES TO DCD FILE NVT.dcd AT STEP 40640
WRITING COORDINATES TO DCD FILE NVT.dcd AT STEP 40650
WRITING COORDINATES TO DCD FILE NVT.dcd AT STEP 40660
WRITING COORDINATES TO DCD FILE NVT.dcd AT STEP 40670
WRITING COORDINATES TO DCD FILE NVT.dcd AT STEP 40680
WRITING COORDINATES TO DCD FILE NVT.dcd AT STEP 40690
WRITING COORDINATES TO DCD FILE NVT.dcd AT STEP 40700
WRITING COORDINATES TO DCD FILE NVT.dcd AT STEP 40710
WRITING COORDINATES TO DCD FILE NVT.dcd AT STEP 40720
WRITING COORDINATES TO DCD FILE NVT.dcd AT STEP 40730
WRITING COORDINATES TO DCD FILE NVT.dcd AT STEP 40740
WRITING COORDINATES TO DCD FILE NVT.dcd AT STEP 40750
WRITING COORDINATES TO DCD FILE NVT.dcd AT STEP 40760
WRITING COORDINATES TO DCD FILE NVT.dcd AT STEP 40770
WRITING COORDINATES TO DCD FILE NVT.dcd AT STEP 40780
WRITING COORDINATES TO DCD FILE NVT.dcd AT STEP 40790
WRITING COORDINATES TO DCD FILE NVT.dcd AT STEP 40800
WRITING COORDINATES TO DCD FILE NVT.dcd AT STEP 40810
WRITING COORDINATES TO DCD FILE NVT.dcd AT STEP 40820
WRITING COORDINATES TO DCD FILE NVT.dcd AT STEP 40830
WRITING COORDINATES TO DCD FILE NVT.dcd AT STEP 40840
WRITING COORDINATES TO DCD FILE NVT.dcd AT STEP 40850
WRITING COORDINATES TO DCD FILE NVT.dcd AT STEP 40860
WRITING COORDINATES TO DCD FILE NVT.dcd AT STEP 40870
WRITING COORDINATES TO DCD FILE NVT.dcd AT STEP 40880
WRITING COORDINATES TO DCD FILE NVT.dcd AT STEP 40890
WRITING COORDINATES TO DCD FILE NVT.dcd AT STEP 40900
WRITING COORDINATES TO DCD FILE NVT.dcd AT STEP 40910
WRITING COORDINATES TO DCD FILE NVT.dcd AT STEP 40920
WRITING COORDINATES TO DCD FILE NVT.dcd AT STEP 40930
WRITING COORDINATES TO DCD FILE NVT.dcd AT STEP 40940
WRITING COORDINATES TO DCD FILE NVT.dcd AT STEP 40950
WRITING COORDINATES TO DCD FILE NVT.dcd AT STEP 40960
WRITING COORDINATES TO DCD FILE NVT.dcd AT STEP 40970
WRITING COORDINATES TO DCD FILE NVT.dcd AT STEP 40980
WRITING COORDINATES TO DCD FILE NVT.dcd AT STEP 40990
PRESSURE: 41000 84.5598 450.429 316.964 450.429 -214.761 -186.409 316.964 -186.409 452.109
GPRESSURE: 41000 158.7 463.662 272.045 207.477 -89.7693 -307.193 282.607 -142.944 266.368
PRESSAVG: 41000 57.7743 0.106237 77.7882 0.106237 60.0257 -33.3153 77.7882 -33.3153 107.082
GPRESSAVG: 41000 57.7686 -0.524572 77.7948 0.510172 59.985 -32.9796 78.0314 -33.1428 107.241
ENERGY:   41000      1633.8818      9471.1194      5766.8522        76.4833         -60291.6373     -1335.7404         0.0000         0.0000     19082.2286         -25596.8123       307.9834    -44679.0410    -25435.8565       308.1875            107.3025       111.7665    267320.2643        74.9606        74.9983

WRITING COORDINATES TO DCD FILE NVT.dcd AT STEP 41000
WRITING COORDINATES TO DCD FILE NVT.dcd AT STEP 41010
WRITING COORDINATES TO DCD FILE NVT.dcd AT STEP 41020
WRITING COORDINATES TO DCD FILE NVT.dcd AT STEP 41030
WRITING COORDINATES TO DCD FILE NVT.dcd AT STEP 41040
WRITING COORDINATES TO DCD FILE NVT.dcd AT STEP 41050
WRITING COORDINATES TO DCD FILE NVT.dcd AT STEP 41060
WRITING COORDINATES TO DCD FILE NVT.dcd AT STEP 41070
WRITING COORDINATES TO DCD FILE NVT.dcd AT STEP 41080
WRITING COORDINATES TO DCD FILE NVT.dcd AT STEP 41090
WRITING COORDINATES TO DCD FILE NVT.dcd AT STEP 41100
WRITING COORDINATES TO DCD FILE NVT.dcd AT STEP 41110
WRITING COORDINATES TO DCD FILE NVT.dcd AT STEP 41120
WRITING COORDINATES TO DCD FILE NVT.dcd AT STEP 41130
WRITING COORDINATES TO DCD FILE NVT.dcd AT STEP 41140
WRITING COORDINATES TO DCD FILE NVT.dcd AT STEP 41150
WRITING COORDINATES TO DCD FILE NVT.dcd AT STEP 41160
WRITING COORDINATES TO DCD FILE NVT.dcd AT STEP 41170
WRITING COORDINATES TO DCD FILE NVT.dcd AT STEP 41180
WRITING COORDINATES TO DCD FILE NVT.dcd AT STEP 41190
WRITING COORDINATES TO DCD FILE NVT.dcd AT STEP 41200
WRITING COORDINATES TO DCD FILE NVT.dcd AT STEP 41210
WRITING COORDINATES TO DCD FILE NVT.dcd AT STEP 41220
WRITING COORDINATES TO DCD FILE NVT.dcd AT STEP 41230
WRITING COORDINATES TO DCD FILE NVT.dcd AT STEP 41240
WRITING COORDINATES TO DCD FILE NVT.dcd AT STEP 41250
WRITING COORDINATES TO DCD FILE NVT.dcd AT STEP 41260
WRITING COORDINATES TO DCD FILE NVT.dcd AT STEP 41270
WRITING COORDINATES TO DCD FILE NVT.dcd AT STEP 41280
WRITING COORDINATES TO DCD FILE NVT.dcd AT STEP 41290
WRITING COORDINATES TO DCD FILE NVT.dcd AT STEP 41300
WRITING COORDINATES TO DCD FILE NVT.dcd AT STEP 41310
WRITING COORDINATES TO DCD FILE NVT.dcd AT STEP 41320
WRITING COORDINATES TO DCD FILE NVT.dcd AT STEP 41330
WRITING COORDINATES TO DCD FILE NVT.dcd AT STEP 41340
WRITING COORDINATES TO DCD FILE NVT.dcd AT STEP 41350
WRITING COORDINATES TO DCD FILE NVT.dcd AT STEP 41360
WRITING COORDINATES TO DCD FILE NVT.dcd AT STEP 41370
WRITING COORDINATES TO DCD FILE NVT.dcd AT STEP 41380
WRITING COORDINATES TO DCD FILE NVT.dcd AT STEP 41390
WRITING COORDINATES TO DCD FILE NVT.dcd AT STEP 41400
WRITING COORDINATES TO DCD FILE NVT.dcd AT STEP 41410
WRITING COORDINATES TO DCD FILE NVT.dcd AT STEP 41420
WRITING COORDINATES TO DCD FILE NVT.dcd AT STEP 41430
WRITING COORDINATES TO DCD FILE NVT.dcd AT STEP 41440
WRITING COORDINATES TO DCD FILE NVT.dcd AT STEP 41450
WRITING COORDINATES TO DCD FILE NVT.dcd AT STEP 41460
WRITING COORDINATES TO DCD FILE NVT.dcd AT STEP 41470
WRITING COORDINATES TO DCD FILE NVT.dcd AT STEP 41480
WRITING COORDINATES TO DCD FILE NVT.dcd AT STEP 41490
WRITING COORDINATES TO DCD FILE NVT.dcd AT STEP 41500
WRITING COORDINATES TO DCD FILE NVT.dcd AT STEP 41510
WRITING COORDINATES TO DCD FILE NVT.dcd AT STEP 41520
WRITING COORDINATES TO DCD FILE NVT.dcd AT STEP 41530
WRITING COORDINATES TO DCD FILE NVT.dcd AT STEP 41540
WRITING COORDINATES TO DCD FILE NVT.dcd AT STEP 41550
WRITING COORDINATES TO DCD FILE NVT.dcd AT STEP 41560
WRITING COORDINATES TO DCD FILE NVT.dcd AT STEP 41570
WRITING COORDINATES TO DCD FILE NVT.dcd AT STEP 41580
WRITING COORDINATES TO DCD FILE NVT.dcd AT STEP 41590
WRITING COORDINATES TO DCD FILE NVT.dcd AT STEP 41600
WRITING COORDINATES TO DCD FILE NVT.dcd AT STEP 41610
WRITING COORDINATES TO DCD FILE NVT.dcd AT STEP 41620
WRITING COORDINATES TO DCD FILE NVT.dcd AT STEP 41630
WRITING COORDINATES TO DCD FILE NVT.dcd AT STEP 41640
WRITING COORDINATES TO DCD FILE NVT.dcd AT STEP 41650
WRITING COORDINATES TO DCD FILE NVT.dcd AT STEP 41660
WRITING COORDINATES TO DCD FILE NVT.dcd AT STEP 41670
WRITING COORDINATES TO DCD FILE NVT.dcd AT STEP 41680
WRITING COORDINATES TO DCD FILE NVT.dcd AT STEP 41690
WRITING COORDINATES TO DCD FILE NVT.dcd AT STEP 41700
WRITING COORDINATES TO DCD FILE NVT.dcd AT STEP 41710
WRITING COORDINATES TO DCD FILE NVT.dcd AT STEP 41720
WRITING COORDINATES TO DCD FILE NVT.dcd AT STEP 41730
WRITING COORDINATES TO DCD FILE NVT.dcd AT STEP 41740
WRITING COORDINATES TO DCD FILE NVT.dcd AT STEP 41750
WRITING COORDINATES TO DCD FILE NVT.dcd AT STEP 41760
WRITING COORDINATES TO DCD FILE NVT.dcd AT STEP 41770
WRITING COORDINATES TO DCD FILE NVT.dcd AT STEP 41780
WRITING COORDINATES TO DCD FILE NVT.dcd AT STEP 41790
WRITING COORDINATES TO DCD FILE NVT.dcd AT STEP 41800
WRITING COORDINATES TO DCD FILE NVT.dcd AT STEP 41810
WRITING COORDINATES TO DCD FILE NVT.dcd AT STEP 41820
WRITING COORDINATES TO DCD FILE NVT.dcd AT STEP 41830
WRITING COORDINATES TO DCD FILE NVT.dcd AT STEP 41840
WRITING COORDINATES TO DCD FILE NVT.dcd AT STEP 41850
WRITING COORDINATES TO DCD FILE NVT.dcd AT STEP 41860
WRITING COORDINATES TO DCD FILE NVT.dcd AT STEP 41870
WRITING COORDINATES TO DCD FILE NVT.dcd AT STEP 41880
WRITING COORDINATES TO DCD FILE NVT.dcd AT STEP 41890
WRITING COORDINATES TO DCD FILE NVT.dcd AT STEP 41900
WRITING COORDINATES TO DCD FILE NVT.dcd AT STEP 41910
WRITING COORDINATES TO DCD FILE NVT.dcd AT STEP 41920
WRITING COORDINATES TO DCD FILE NVT.dcd AT STEP 41930
WRITING COORDINATES TO DCD FILE NVT.dcd AT STEP 41940
WRITING COORDINATES TO DCD FILE NVT.dcd AT STEP 41950
WRITING COORDINATES TO DCD FILE NVT.dcd AT STEP 41960
WRITING COORDINATES TO DCD FILE NVT.dcd AT STEP 41970
WRITING COORDINATES TO DCD FILE NVT.dcd AT STEP 41980
WRITING COORDINATES TO DCD FILE NVT.dcd AT STEP 41990
PRESSURE: 42000 140.351 -185.976 21.3553 -185.976 -121.579 -303.605 21.3553 -303.605 277.047
GPRESSURE: 42000 52.1969 -31.8864 46.7185 -250.972 146 -424.714 -3.1127 -55.5622 174.423
PRESSAVG: 42000 1.48286 1.32341 -7.48282 1.32341 -87.7402 -47.449 -7.48282 -47.449 8.24248
GPRESSAVG: 42000 1.17055 1.76659 -7.50666 0.583679 -87.0892 -47.855 -7.05252 -48.6434 8.20497
ENERGY:   42000      1597.9151      9418.8804      5746.2234        79.9662         -60223.7214     -1485.2287         0.0000         0.0000     19122.0556         -25743.9095       308.6262    -44865.9650    -25590.8969       308.6122             98.6064       124.2066    267320.2643       -26.0049       -25.9046

WRITING COORDINATES TO DCD FILE NVT.dcd AT STEP 42000
WRITING COORDINATES TO DCD FILE NVT.dcd AT STEP 42010
WRITING COORDINATES TO DCD FILE NVT.dcd AT STEP 42020
WRITING COORDINATES TO DCD FILE NVT.dcd AT STEP 42030
WRITING COORDINATES TO DCD FILE NVT.dcd AT STEP 42040
WRITING COORDINATES TO DCD FILE NVT.dcd AT STEP 42050
WRITING COORDINATES TO DCD FILE NVT.dcd AT STEP 42060
WRITING COORDINATES TO DCD FILE NVT.dcd AT STEP 42070
WRITING COORDINATES TO DCD FILE NVT.dcd AT STEP 42080
WRITING COORDINATES TO DCD FILE NVT.dcd AT STEP 42090
WRITING COORDINATES TO DCD FILE NVT.dcd AT STEP 42100
WRITING COORDINATES TO DCD FILE NVT.dcd AT STEP 42110
WRITING COORDINATES TO DCD FILE NVT.dcd AT STEP 42120
WRITING COORDINATES TO DCD FILE NVT.dcd AT STEP 42130
WRITING COORDINATES TO DCD FILE NVT.dcd AT STEP 42140
LDB: ============= START OF LOAD BALANCING ============== 7001.69
LDB: ============== END OF LOAD BALANCING =============== 7001.69
LDB: =============== DONE WITH MIGRATION ================ 7001.69
WRITING COORDINATES TO DCD FILE NVT.dcd AT STEP 42150
WRITING COORDINATES TO DCD FILE NVT.dcd AT STEP 42160
WRITING COORDINATES TO DCD FILE NVT.dcd AT STEP 42170
WRITING COORDINATES TO DCD FILE NVT.dcd AT STEP 42180
WRITING COORDINATES TO DCD FILE NVT.dcd AT STEP 42190
LDB: ============= START OF LOAD BALANCING ============== 7009.99
LDB: ============== END OF LOAD BALANCING =============== 7009.99
LDB: =============== DONE WITH MIGRATION ================ 7009.99
WRITING COORDINATES TO DCD FILE NVT.dcd AT STEP 42200
WRITING COORDINATES TO DCD FILE NVT.dcd AT STEP 42210
WRITING COORDINATES TO DCD FILE NVT.dcd AT STEP 42220
WRITING COORDINATES TO DCD FILE NVT.dcd AT STEP 42230
WRITING COORDINATES TO DCD FILE NVT.dcd AT STEP 42240
WRITING COORDINATES TO DCD FILE NVT.dcd AT STEP 42250
WRITING COORDINATES TO DCD FILE NVT.dcd AT STEP 42260
WRITING COORDINATES TO DCD FILE NVT.dcd AT STEP 42270
WRITING COORDINATES TO DCD FILE NVT.dcd AT STEP 42280
WRITING COORDINATES TO DCD FILE NVT.dcd AT STEP 42290
WRITING COORDINATES TO DCD FILE NVT.dcd AT STEP 42300
WRITING COORDINATES TO DCD FILE NVT.dcd AT STEP 42310
WRITING COORDINATES TO DCD FILE NVT.dcd AT STEP 42320
WRITING COORDINATES TO DCD FILE NVT.dcd AT STEP 42330
WRITING COORDINATES TO DCD FILE NVT.dcd AT STEP 42340
WRITING COORDINATES TO DCD FILE NVT.dcd AT STEP 42350
WRITING COORDINATES TO DCD FILE NVT.dcd AT STEP 42360
WRITING COORDINATES TO DCD FILE NVT.dcd AT STEP 42370
WRITING COORDINATES TO DCD FILE NVT.dcd AT STEP 42380
WRITING COORDINATES TO DCD FILE NVT.dcd AT STEP 42390
WRITING COORDINATES TO DCD FILE NVT.dcd AT STEP 42400
WRITING COORDINATES TO DCD FILE NVT.dcd AT STEP 42410
WRITING COORDINATES TO DCD FILE NVT.dcd AT STEP 42420
WRITING COORDINATES TO DCD FILE NVT.dcd AT STEP 42430
WRITING COORDINATES TO DCD FILE NVT.dcd AT STEP 42440
WRITING COORDINATES TO DCD FILE NVT.dcd AT STEP 42450
WRITING COORDINATES TO DCD FILE NVT.dcd AT STEP 42460
WRITING COORDINATES TO DCD FILE NVT.dcd AT STEP 42470
WRITING COORDINATES TO DCD FILE NVT.dcd AT STEP 42480
WRITING COORDINATES TO DCD FILE NVT.dcd AT STEP 42490
WRITING COORDINATES TO DCD FILE NVT.dcd AT STEP 42500
WRITING COORDINATES TO DCD FILE NVT.dcd AT STEP 42510
WRITING COORDINATES TO DCD FILE NVT.dcd AT STEP 42520
WRITING COORDINATES TO DCD FILE NVT.dcd AT STEP 42530
WRITING COORDINATES TO DCD FILE NVT.dcd AT STEP 42540
WRITING COORDINATES TO DCD FILE NVT.dcd AT STEP 42550
WRITING COORDINATES TO DCD FILE NVT.dcd AT STEP 42560
WRITING COORDINATES TO DCD FILE NVT.dcd AT STEP 42570
WRITING COORDINATES TO DCD FILE NVT.dcd AT STEP 42580
WRITING COORDINATES TO DCD FILE NVT.dcd AT STEP 42590
WRITING COORDINATES TO DCD FILE NVT.dcd AT STEP 42600
WRITING COORDINATES TO DCD FILE NVT.dcd AT STEP 42610
WRITING COORDINATES TO DCD FILE NVT.dcd AT STEP 42620
WRITING COORDINATES TO DCD FILE NVT.dcd AT STEP 42630
WRITING COORDINATES TO DCD FILE NVT.dcd AT STEP 42640
WRITING COORDINATES TO DCD FILE NVT.dcd AT STEP 42650
WRITING COORDINATES TO DCD FILE NVT.dcd AT STEP 42660
WRITING COORDINATES TO DCD FILE NVT.dcd AT STEP 42670
WRITING COORDINATES TO DCD FILE NVT.dcd AT STEP 42680
WRITING COORDINATES TO DCD FILE NVT.dcd AT STEP 42690
WRITING COORDINATES TO DCD FILE NVT.dcd AT STEP 42700
WRITING COORDINATES TO DCD FILE NVT.dcd AT STEP 42710
WRITING COORDINATES TO DCD FILE NVT.dcd AT STEP 42720
WRITING COORDINATES TO DCD FILE NVT.dcd AT STEP 42730
WRITING COORDINATES TO DCD FILE NVT.dcd AT STEP 42740
WRITING COORDINATES TO DCD FILE NVT.dcd AT STEP 42750
WRITING COORDINATES TO DCD FILE NVT.dcd AT STEP 42760
WRITING COORDINATES TO DCD FILE NVT.dcd AT STEP 42770
WRITING COORDINATES TO DCD FILE NVT.dcd AT STEP 42780
WRITING COORDINATES TO DCD FILE NVT.dcd AT STEP 42790
WRITING COORDINATES TO DCD FILE NVT.dcd AT STEP 42800
WRITING COORDINATES TO DCD FILE NVT.dcd AT STEP 42810
WRITING COORDINATES TO DCD FILE NVT.dcd AT STEP 42820
WRITING COORDINATES TO DCD FILE NVT.dcd AT STEP 42830
WRITING COORDINATES TO DCD FILE NVT.dcd AT STEP 42840
WRITING COORDINATES TO DCD FILE NVT.dcd AT STEP 42850
WRITING COORDINATES TO DCD FILE NVT.dcd AT STEP 42860
WRITING COORDINATES TO DCD FILE NVT.dcd AT STEP 42870
WRITING COORDINATES TO DCD FILE NVT.dcd AT STEP 42880
WRITING COORDINATES TO DCD FILE NVT.dcd AT STEP 42890
WRITING COORDINATES TO DCD FILE NVT.dcd AT STEP 42900
WRITING COORDINATES TO DCD FILE NVT.dcd AT STEP 42910
WRITING COORDINATES TO DCD FILE NVT.dcd AT STEP 42920
WRITING COORDINATES TO DCD FILE NVT.dcd AT STEP 42930
WRITING COORDINATES TO DCD FILE NVT.dcd AT STEP 42940
WRITING COORDINATES TO DCD FILE NVT.dcd AT STEP 42950
WRITING COORDINATES TO DCD FILE NVT.dcd AT STEP 42960
WRITING COORDINATES TO DCD FILE NVT.dcd AT STEP 42970
WRITING COORDINATES TO DCD FILE NVT.dcd AT STEP 42980
WRITING COORDINATES TO DCD FILE NVT.dcd AT STEP 42990
PRESSURE: 43000 -215.902 -29.2507 -13.5983 -29.2507 -322.285 -10.563 -13.5983 -10.563 124.634
GPRESSURE: 43000 -229.047 46.4322 116.532 4.61373 -92.3249 -102.278 -160.231 -112.755 -6.27523
PRESSAVG: 43000 -4.86295 -0.813384 36.3813 -0.813384 29.163 -50.6753 36.3813 -50.6753 49.7393
GPRESSAVG: 43000 -4.86529 -0.713918 36.3726 -1.1861 29.2984 -50.3273 36.7559 -50.2841 49.5996
ENERGY:   43000      1648.5828      9353.0155      5730.8899        73.4768         -60234.6329     -1394.5880         0.0000         0.0000     19125.4584         -25697.7976       308.6811    -44823.2560    -25543.8930       307.6113           -137.8509      -109.2157    267320.2643        24.6798        24.6776

WRITING COORDINATES TO DCD FILE NVT.dcd AT STEP 43000
WRITING COORDINATES TO DCD FILE NVT.dcd AT STEP 43010
WRITING COORDINATES TO DCD FILE NVT.dcd AT STEP 43020
WRITING COORDINATES TO DCD FILE NVT.dcd AT STEP 43030
WRITING COORDINATES TO DCD FILE NVT.dcd AT STEP 43040
WRITING COORDINATES TO DCD FILE NVT.dcd AT STEP 43050
WRITING COORDINATES TO DCD FILE NVT.dcd AT STEP 43060
WRITING COORDINATES TO DCD FILE NVT.dcd AT STEP 43070
WRITING COORDINATES TO DCD FILE NVT.dcd AT STEP 43080
WRITING COORDINATES TO DCD FILE NVT.dcd AT STEP 43090
WRITING COORDINATES TO DCD FILE NVT.dcd AT STEP 43100
WRITING COORDINATES TO DCD FILE NVT.dcd AT STEP 43110
WRITING COORDINATES TO DCD FILE NVT.dcd AT STEP 43120
WRITING COORDINATES TO DCD FILE NVT.dcd AT STEP 43130
WRITING COORDINATES TO DCD FILE NVT.dcd AT STEP 43140
WRITING COORDINATES TO DCD FILE NVT.dcd AT STEP 43150
WRITING COORDINATES TO DCD FILE NVT.dcd AT STEP 43160
WRITING COORDINATES TO DCD FILE NVT.dcd AT STEP 43170
WRITING COORDINATES TO DCD FILE NVT.dcd AT STEP 43180
WRITING COORDINATES TO DCD FILE NVT.dcd AT STEP 43190
WRITING COORDINATES TO DCD FILE NVT.dcd AT STEP 43200
WRITING COORDINATES TO DCD FILE NVT.dcd AT STEP 43210
WRITING COORDINATES TO DCD FILE NVT.dcd AT STEP 43220
WRITING COORDINATES TO DCD FILE NVT.dcd AT STEP 43230
WRITING COORDINATES TO DCD FILE NVT.dcd AT STEP 43240
WRITING COORDINATES TO DCD FILE NVT.dcd AT STEP 43250
WRITING COORDINATES TO DCD FILE NVT.dcd AT STEP 43260
WRITING COORDINATES TO DCD FILE NVT.dcd AT STEP 43270
WRITING COORDINATES TO DCD FILE NVT.dcd AT STEP 43280
WRITING COORDINATES TO DCD FILE NVT.dcd AT STEP 43290
WRITING COORDINATES TO DCD FILE NVT.dcd AT STEP 43300
WRITING COORDINATES TO DCD FILE NVT.dcd AT STEP 43310
WRITING COORDINATES TO DCD FILE NVT.dcd AT STEP 43320
WRITING COORDINATES TO DCD FILE NVT.dcd AT STEP 43330
WRITING COORDINATES TO DCD FILE NVT.dcd AT STEP 43340
WRITING COORDINATES TO DCD FILE NVT.dcd AT STEP 43350
WRITING COORDINATES TO DCD FILE NVT.dcd AT STEP 43360
WRITING COORDINATES TO DCD FILE NVT.dcd AT STEP 43370
WRITING COORDINATES TO DCD FILE NVT.dcd AT STEP 43380
WRITING COORDINATES TO DCD FILE NVT.dcd AT STEP 43390
WRITING COORDINATES TO DCD FILE NVT.dcd AT STEP 43400
WRITING COORDINATES TO DCD FILE NVT.dcd AT STEP 43410
WRITING COORDINATES TO DCD FILE NVT.dcd AT STEP 43420
WRITING COORDINATES TO DCD FILE NVT.dcd AT STEP 43430
WRITING COORDINATES TO DCD FILE NVT.dcd AT STEP 43440
WRITING COORDINATES TO DCD FILE NVT.dcd AT STEP 43450
WRITING COORDINATES TO DCD FILE NVT.dcd AT STEP 43460
WRITING COORDINATES TO DCD FILE NVT.dcd AT STEP 43470
WRITING COORDINATES TO DCD FILE NVT.dcd AT STEP 43480
WRITING COORDINATES TO DCD FILE NVT.dcd AT STEP 43490
WRITING COORDINATES TO DCD FILE NVT.dcd AT STEP 43500
WRITING COORDINATES TO DCD FILE NVT.dcd AT STEP 43510
WRITING COORDINATES TO DCD FILE NVT.dcd AT STEP 43520
WRITING COORDINATES TO DCD FILE NVT.dcd AT STEP 43530
WRITING COORDINATES TO DCD FILE NVT.dcd AT STEP 43540
WRITING COORDINATES TO DCD FILE NVT.dcd AT STEP 43550
WRITING COORDINATES TO DCD FILE NVT.dcd AT STEP 43560
WRITING COORDINATES TO DCD FILE NVT.dcd AT STEP 43570
WRITING COORDINATES TO DCD FILE NVT.dcd AT STEP 43580
WRITING COORDINATES TO DCD FILE NVT.dcd AT STEP 43590
WRITING COORDINATES TO DCD FILE NVT.dcd AT STEP 43600
WRITING COORDINATES TO DCD FILE NVT.dcd AT STEP 43610
WRITING COORDINATES TO DCD FILE NVT.dcd AT STEP 43620
WRITING COORDINATES TO DCD FILE NVT.dcd AT STEP 43630
WRITING COORDINATES TO DCD FILE NVT.dcd AT STEP 43640
WRITING COORDINATES TO DCD FILE NVT.dcd AT STEP 43650
WRITING COORDINATES TO DCD FILE NVT.dcd AT STEP 43660
WRITING COORDINATES TO DCD FILE NVT.dcd AT STEP 43670
WRITING COORDINATES TO DCD FILE NVT.dcd AT STEP 43680
WRITING COORDINATES TO DCD FILE NVT.dcd AT STEP 43690
WRITING COORDINATES TO DCD FILE NVT.dcd AT STEP 43700
WRITING COORDINATES TO DCD FILE NVT.dcd AT STEP 43710
WRITING COORDINATES TO DCD FILE NVT.dcd AT STEP 43720
WRITING COORDINATES TO DCD FILE NVT.dcd AT STEP 43730
WRITING COORDINATES TO DCD FILE NVT.dcd AT STEP 43740
WRITING COORDINATES TO DCD FILE NVT.dcd AT STEP 43750
WRITING COORDINATES TO DCD FILE NVT.dcd AT STEP 43760
WRITING COORDINATES TO DCD FILE NVT.dcd AT STEP 43770
WRITING COORDINATES TO DCD FILE NVT.dcd AT STEP 43780
WRITING COORDINATES TO DCD FILE NVT.dcd AT STEP 43790
WRITING COORDINATES TO DCD FILE NVT.dcd AT STEP 43800
WRITING COORDINATES TO DCD FILE NVT.dcd AT STEP 43810
WRITING COORDINATES TO DCD FILE NVT.dcd AT STEP 43820
WRITING COORDINATES TO DCD FILE NVT.dcd AT STEP 43830
WRITING COORDINATES TO DCD FILE NVT.dcd AT STEP 43840
WRITING COORDINATES TO DCD FILE NVT.dcd AT STEP 43850
WRITING COORDINATES TO DCD FILE NVT.dcd AT STEP 43860
WRITING COORDINATES TO DCD FILE NVT.dcd AT STEP 43870
WRITING COORDINATES TO DCD FILE NVT.dcd AT STEP 43880
WRITING COORDINATES TO DCD FILE NVT.dcd AT STEP 43890
WRITING COORDINATES TO DCD FILE NVT.dcd AT STEP 43900
WRITING COORDINATES TO DCD FILE NVT.dcd AT STEP 43910
WRITING COORDINATES TO DCD FILE NVT.dcd AT STEP 43920
WRITING COORDINATES TO DCD FILE NVT.dcd AT STEP 43930
WRITING COORDINATES TO DCD FILE NVT.dcd AT STEP 43940
WRITING COORDINATES TO DCD FILE NVT.dcd AT STEP 43950
WRITING COORDINATES TO DCD FILE NVT.dcd AT STEP 43960
WRITING COORDINATES TO DCD FILE NVT.dcd AT STEP 43970
WRITING COORDINATES TO DCD FILE NVT.dcd AT STEP 43980
WRITING COORDINATES TO DCD FILE NVT.dcd AT STEP 43990
PRESSURE: 44000 -192.802 -126.7 285.035 -126.7 -93.3711 -32.0673 285.035 -32.0673 -318.746
GPRESSURE: 44000 -201.156 -92.5353 310.713 -168.841 36.8609 -217.987 121.275 175.879 -396.23
PRESSAVG: 44000 2.41909 3.15536 -28.9826 3.15536 -64.695 26.5334 -28.9826 26.5334 49.1063
GPRESSAVG: 44000 3.16223 2.79994 -28.4212 3.55655 -65.3845 26.1645 -29.4991 25.9724 48.7167
ENERGY:   44000      1588.1523      9332.7114      5801.4921        80.0380         -60582.8532     -1234.8783         0.0000         0.0000     19114.1935         -25901.1443       308.4993    -45015.3377    -25750.3811       306.6688           -201.6395      -186.8415    267320.2643        -4.3899        -4.5018

WRITING COORDINATES TO DCD FILE NVT.dcd AT STEP 44000
WRITING COORDINATES TO DCD FILE NVT.dcd AT STEP 44010
WRITING COORDINATES TO DCD FILE NVT.dcd AT STEP 44020
WRITING COORDINATES TO DCD FILE NVT.dcd AT STEP 44030
WRITING COORDINATES TO DCD FILE NVT.dcd AT STEP 44040
WRITING COORDINATES TO DCD FILE NVT.dcd AT STEP 44050
WRITING COORDINATES TO DCD FILE NVT.dcd AT STEP 44060
WRITING COORDINATES TO DCD FILE NVT.dcd AT STEP 44070
WRITING COORDINATES TO DCD FILE NVT.dcd AT STEP 44080
WRITING COORDINATES TO DCD FILE NVT.dcd AT STEP 44090
WRITING COORDINATES TO DCD FILE NVT.dcd AT STEP 44100
WRITING COORDINATES TO DCD FILE NVT.dcd AT STEP 44110
WRITING COORDINATES TO DCD FILE NVT.dcd AT STEP 44120
WRITING COORDINATES TO DCD FILE NVT.dcd AT STEP 44130
WRITING COORDINATES TO DCD FILE NVT.dcd AT STEP 44140
LDB: ============= START OF LOAD BALANCING ============== 7333.39
LDB: ============== END OF LOAD BALANCING =============== 7333.39
LDB: =============== DONE WITH MIGRATION ================ 7333.39
WRITING COORDINATES TO DCD FILE NVT.dcd AT STEP 44150
WRITING COORDINATES TO DCD FILE NVT.dcd AT STEP 44160
WRITING COORDINATES TO DCD FILE NVT.dcd AT STEP 44170
WRITING COORDINATES TO DCD FILE NVT.dcd AT STEP 44180
WRITING COORDINATES TO DCD FILE NVT.dcd AT STEP 44190
LDB: ============= START OF LOAD BALANCING ============== 7341.7
LDB: ============== END OF LOAD BALANCING =============== 7341.7
LDB: =============== DONE WITH MIGRATION ================ 7341.7
WRITING COORDINATES TO DCD FILE NVT.dcd AT STEP 44200
WRITING COORDINATES TO DCD FILE NVT.dcd AT STEP 44210
WRITING COORDINATES TO DCD FILE NVT.dcd AT STEP 44220
WRITING COORDINATES TO DCD FILE NVT.dcd AT STEP 44230
WRITING COORDINATES TO DCD FILE NVT.dcd AT STEP 44240
WRITING COORDINATES TO DCD FILE NVT.dcd AT STEP 44250
WRITING COORDINATES TO DCD FILE NVT.dcd AT STEP 44260
WRITING COORDINATES TO DCD FILE NVT.dcd AT STEP 44270
WRITING COORDINATES TO DCD FILE NVT.dcd AT STEP 44280
WRITING COORDINATES TO DCD FILE NVT.dcd AT STEP 44290
WRITING COORDINATES TO DCD FILE NVT.dcd AT STEP 44300
WRITING COORDINATES TO DCD FILE NVT.dcd AT STEP 44310
WRITING COORDINATES TO DCD FILE NVT.dcd AT STEP 44320
WRITING COORDINATES TO DCD FILE NVT.dcd AT STEP 44330
WRITING COORDINATES TO DCD FILE NVT.dcd AT STEP 44340
WRITING COORDINATES TO DCD FILE NVT.dcd AT STEP 44350
WRITING COORDINATES TO DCD FILE NVT.dcd AT STEP 44360
WRITING COORDINATES TO DCD FILE NVT.dcd AT STEP 44370
WRITING COORDINATES TO DCD FILE NVT.dcd AT STEP 44380
WRITING COORDINATES TO DCD FILE NVT.dcd AT STEP 44390
WRITING COORDINATES TO DCD FILE NVT.dcd AT STEP 44400
WRITING COORDINATES TO DCD FILE NVT.dcd AT STEP 44410
WRITING COORDINATES TO DCD FILE NVT.dcd AT STEP 44420
WRITING COORDINATES TO DCD FILE NVT.dcd AT STEP 44430
WRITING COORDINATES TO DCD FILE NVT.dcd AT STEP 44440
WRITING COORDINATES TO DCD FILE NVT.dcd AT STEP 44450
WRITING COORDINATES TO DCD FILE NVT.dcd AT STEP 44460
WRITING COORDINATES TO DCD FILE NVT.dcd AT STEP 44470
WRITING COORDINATES TO DCD FILE NVT.dcd AT STEP 44480
WRITING COORDINATES TO DCD FILE NVT.dcd AT STEP 44490
WRITING COORDINATES TO DCD FILE NVT.dcd AT STEP 44500
WRITING COORDINATES TO DCD FILE NVT.dcd AT STEP 44510
WRITING COORDINATES TO DCD FILE NVT.dcd AT STEP 44520
WRITING COORDINATES TO DCD FILE NVT.dcd AT STEP 44530
WRITING COORDINATES TO DCD FILE NVT.dcd AT STEP 44540
WRITING COORDINATES TO DCD FILE NVT.dcd AT STEP 44550
WRITING COORDINATES TO DCD FILE NVT.dcd AT STEP 44560
WRITING COORDINATES TO DCD FILE NVT.dcd AT STEP 44570
WRITING COORDINATES TO DCD FILE NVT.dcd AT STEP 44580
WRITING COORDINATES TO DCD FILE NVT.dcd AT STEP 44590
WRITING COORDINATES TO DCD FILE NVT.dcd AT STEP 44600
WRITING COORDINATES TO DCD FILE NVT.dcd AT STEP 44610
WRITING COORDINATES TO DCD FILE NVT.dcd AT STEP 44620
WRITING COORDINATES TO DCD FILE NVT.dcd AT STEP 44630
WRITING COORDINATES TO DCD FILE NVT.dcd AT STEP 44640
WRITING COORDINATES TO DCD FILE NVT.dcd AT STEP 44650
WRITING COORDINATES TO DCD FILE NVT.dcd AT STEP 44660
WRITING COORDINATES TO DCD FILE NVT.dcd AT STEP 44670
WRITING COORDINATES TO DCD FILE NVT.dcd AT STEP 44680
WRITING COORDINATES TO DCD FILE NVT.dcd AT STEP 44690
WRITING COORDINATES TO DCD FILE NVT.dcd AT STEP 44700
WRITING COORDINATES TO DCD FILE NVT.dcd AT STEP 44710
WRITING COORDINATES TO DCD FILE NVT.dcd AT STEP 44720
WRITING COORDINATES TO DCD FILE NVT.dcd AT STEP 44730
WRITING COORDINATES TO DCD FILE NVT.dcd AT STEP 44740
WRITING COORDINATES TO DCD FILE NVT.dcd AT STEP 44750
WRITING COORDINATES TO DCD FILE NVT.dcd AT STEP 44760
WRITING COORDINATES TO DCD FILE NVT.dcd AT STEP 44770
WRITING COORDINATES TO DCD FILE NVT.dcd AT STEP 44780
WRITING COORDINATES TO DCD FILE NVT.dcd AT STEP 44790
WRITING COORDINATES TO DCD FILE NVT.dcd AT STEP 44800
WRITING COORDINATES TO DCD FILE NVT.dcd AT STEP 44810
WRITING COORDINATES TO DCD FILE NVT.dcd AT STEP 44820
WRITING COORDINATES TO DCD FILE NVT.dcd AT STEP 44830
WRITING COORDINATES TO DCD FILE NVT.dcd AT STEP 44840
WRITING COORDINATES TO DCD FILE NVT.dcd AT STEP 44850
WRITING COORDINATES TO DCD FILE NVT.dcd AT STEP 44860
WRITING COORDINATES TO DCD FILE NVT.dcd AT STEP 44870
WRITING COORDINATES TO DCD FILE NVT.dcd AT STEP 44880
WRITING COORDINATES TO DCD FILE NVT.dcd AT STEP 44890
WRITING COORDINATES TO DCD FILE NVT.dcd AT STEP 44900
WRITING COORDINATES TO DCD FILE NVT.dcd AT STEP 44910
WRITING COORDINATES TO DCD FILE NVT.dcd AT STEP 44920
WRITING COORDINATES TO DCD FILE NVT.dcd AT STEP 44930
WRITING COORDINATES TO DCD FILE NVT.dcd AT STEP 44940
WRITING COORDINATES TO DCD FILE NVT.dcd AT STEP 44950
WRITING COORDINATES TO DCD FILE NVT.dcd AT STEP 44960
WRITING COORDINATES TO DCD FILE NVT.dcd AT STEP 44970
WRITING COORDINATES TO DCD FILE NVT.dcd AT STEP 44980
WRITING COORDINATES TO DCD FILE NVT.dcd AT STEP 44990
PRESSURE: 45000 225.821 -306.961 -75.4206 -306.961 959.803 122.773 -75.4206 122.773 28.9925
GPRESSURE: 45000 249.13 -291.013 -4.42043 -363.715 813.194 173.972 -128.293 187.682 190.265
PRESSAVG: 45000 84.8959 -5.3 -5.40846 -5.3 97.8761 -13.7263 -5.40846 -13.7263 137.184
GPRESSAVG: 45000 84.3519 -4.61633 -5.58285 -5.06862 98.0434 -14.2358 -5.65138 -12.8041 137.916
ENERGY:   45000      1617.5465      9506.6780      5754.8996        74.1024         -60464.2776     -1203.1928         0.0000         0.0000     18919.6975         -25794.5464       305.3602    -44714.2439    -25644.7119       307.0583            404.8720       417.5298    267320.2643       106.6520       106.7704

WRITING EXTENDED SYSTEM TO RESTART FILE AT STEP 45000
WRITING COORDINATES TO DCD FILE NVT.dcd AT STEP 45000
WRITING COORDINATES TO RESTART FILE AT STEP 45000
FINISHED WRITING RESTART COORDINATES
WRITING VELOCITIES TO RESTART FILE AT STEP 45000
FINISHED WRITING RESTART VELOCITIES
WRITING COORDINATES TO DCD FILE NVT.dcd AT STEP 45010
WRITING COORDINATES TO DCD FILE NVT.dcd AT STEP 45020
WRITING COORDINATES TO DCD FILE NVT.dcd AT STEP 45030
WRITING COORDINATES TO DCD FILE NVT.dcd AT STEP 45040
WRITING COORDINATES TO DCD FILE NVT.dcd AT STEP 45050
WRITING COORDINATES TO DCD FILE NVT.dcd AT STEP 45060
WRITING COORDINATES TO DCD FILE NVT.dcd AT STEP 45070
WRITING COORDINATES TO DCD FILE NVT.dcd AT STEP 45080
WRITING COORDINATES TO DCD FILE NVT.dcd AT STEP 45090
WRITING COORDINATES TO DCD FILE NVT.dcd AT STEP 45100
WRITING COORDINATES TO DCD FILE NVT.dcd AT STEP 45110
WRITING COORDINATES TO DCD FILE NVT.dcd AT STEP 45120
WRITING COORDINATES TO DCD FILE NVT.dcd AT STEP 45130
WRITING COORDINATES TO DCD FILE NVT.dcd AT STEP 45140
WRITING COORDINATES TO DCD FILE NVT.dcd AT STEP 45150
WRITING COORDINATES TO DCD FILE NVT.dcd AT STEP 45160
WRITING COORDINATES TO DCD FILE NVT.dcd AT STEP 45170
WRITING COORDINATES TO DCD FILE NVT.dcd AT STEP 45180
WRITING COORDINATES TO DCD FILE NVT.dcd AT STEP 45190
WRITING COORDINATES TO DCD FILE NVT.dcd AT STEP 45200
WRITING COORDINATES TO DCD FILE NVT.dcd AT STEP 45210
WRITING COORDINATES TO DCD FILE NVT.dcd AT STEP 45220
WRITING COORDINATES TO DCD FILE NVT.dcd AT STEP 45230
WRITING COORDINATES TO DCD FILE NVT.dcd AT STEP 45240
WRITING COORDINATES TO DCD FILE NVT.dcd AT STEP 45250
WRITING COORDINATES TO DCD FILE NVT.dcd AT STEP 45260
WRITING COORDINATES TO DCD FILE NVT.dcd AT STEP 45270
WRITING COORDINATES TO DCD FILE NVT.dcd AT STEP 45280
WRITING COORDINATES TO DCD FILE NVT.dcd AT STEP 45290
WRITING COORDINATES TO DCD FILE NVT.dcd AT STEP 45300
WRITING COORDINATES TO DCD FILE NVT.dcd AT STEP 45310
WRITING COORDINATES TO DCD FILE NVT.dcd AT STEP 45320
WRITING COORDINATES TO DCD FILE NVT.dcd AT STEP 45330
WRITING COORDINATES TO DCD FILE NVT.dcd AT STEP 45340
WRITING COORDINATES TO DCD FILE NVT.dcd AT STEP 45350
WRITING COORDINATES TO DCD FILE NVT.dcd AT STEP 45360
WRITING COORDINATES TO DCD FILE NVT.dcd AT STEP 45370
WRITING COORDINATES TO DCD FILE NVT.dcd AT STEP 45380
WRITING COORDINATES TO DCD FILE NVT.dcd AT STEP 45390
WRITING COORDINATES TO DCD FILE NVT.dcd AT STEP 45400
WRITING COORDINATES TO DCD FILE NVT.dcd AT STEP 45410
WRITING COORDINATES TO DCD FILE NVT.dcd AT STEP 45420
WRITING COORDINATES TO DCD FILE NVT.dcd AT STEP 45430
WRITING COORDINATES TO DCD FILE NVT.dcd AT STEP 45440
WRITING COORDINATES TO DCD FILE NVT.dcd AT STEP 45450
WRITING COORDINATES TO DCD FILE NVT.dcd AT STEP 45460
WRITING COORDINATES TO DCD FILE NVT.dcd AT STEP 45470
WRITING COORDINATES TO DCD FILE NVT.dcd AT STEP 45480
WRITING COORDINATES TO DCD FILE NVT.dcd AT STEP 45490
WRITING COORDINATES TO DCD FILE NVT.dcd AT STEP 45500
WRITING COORDINATES TO DCD FILE NVT.dcd AT STEP 45510
WRITING COORDINATES TO DCD FILE NVT.dcd AT STEP 45520
WRITING COORDINATES TO DCD FILE NVT.dcd AT STEP 45530
WRITING COORDINATES TO DCD FILE NVT.dcd AT STEP 45540
WRITING COORDINATES TO DCD FILE NVT.dcd AT STEP 45550
WRITING COORDINATES TO DCD FILE NVT.dcd AT STEP 45560
WRITING COORDINATES TO DCD FILE NVT.dcd AT STEP 45570
WRITING COORDINATES TO DCD FILE NVT.dcd AT STEP 45580
WRITING COORDINATES TO DCD FILE NVT.dcd AT STEP 45590
WRITING COORDINATES TO DCD FILE NVT.dcd AT STEP 45600
WRITING COORDINATES TO DCD FILE NVT.dcd AT STEP 45610
WRITING COORDINATES TO DCD FILE NVT.dcd AT STEP 45620
WRITING COORDINATES TO DCD FILE NVT.dcd AT STEP 45630
WRITING COORDINATES TO DCD FILE NVT.dcd AT STEP 45640
WRITING COORDINATES TO DCD FILE NVT.dcd AT STEP 45650
WRITING COORDINATES TO DCD FILE NVT.dcd AT STEP 45660
WRITING COORDINATES TO DCD FILE NVT.dcd AT STEP 45670
WRITING COORDINATES TO DCD FILE NVT.dcd AT STEP 45680
WRITING COORDINATES TO DCD FILE NVT.dcd AT STEP 45690
WRITING COORDINATES TO DCD FILE NVT.dcd AT STEP 45700
WRITING COORDINATES TO DCD FILE NVT.dcd AT STEP 45710
WRITING COORDINATES TO DCD FILE NVT.dcd AT STEP 45720
WRITING COORDINATES TO DCD FILE NVT.dcd AT STEP 45730
WRITING COORDINATES TO DCD FILE NVT.dcd AT STEP 45740
WRITING COORDINATES TO DCD FILE NVT.dcd AT STEP 45750
WRITING COORDINATES TO DCD FILE NVT.dcd AT STEP 45760
WRITING COORDINATES TO DCD FILE NVT.dcd AT STEP 45770
WRITING COORDINATES TO DCD FILE NVT.dcd AT STEP 45780
WRITING COORDINATES TO DCD FILE NVT.dcd AT STEP 45790
WRITING COORDINATES TO DCD FILE NVT.dcd AT STEP 45800
WRITING COORDINATES TO DCD FILE NVT.dcd AT STEP 45810
WRITING COORDINATES TO DCD FILE NVT.dcd AT STEP 45820
WRITING COORDINATES TO DCD FILE NVT.dcd AT STEP 45830
WRITING COORDINATES TO DCD FILE NVT.dcd AT STEP 45840
WRITING COORDINATES TO DCD FILE NVT.dcd AT STEP 45850
WRITING COORDINATES TO DCD FILE NVT.dcd AT STEP 45860
WRITING COORDINATES TO DCD FILE NVT.dcd AT STEP 45870
WRITING COORDINATES TO DCD FILE NVT.dcd AT STEP 45880
WRITING COORDINATES TO DCD FILE NVT.dcd AT STEP 45890
WRITING COORDINATES TO DCD FILE NVT.dcd AT STEP 45900
WRITING COORDINATES TO DCD FILE NVT.dcd AT STEP 45910
WRITING COORDINATES TO DCD FILE NVT.dcd AT STEP 45920
WRITING COORDINATES TO DCD FILE NVT.dcd AT STEP 45930
WRITING COORDINATES TO DCD FILE NVT.dcd AT STEP 45940
WRITING COORDINATES TO DCD FILE NVT.dcd AT STEP 45950
WRITING COORDINATES TO DCD FILE NVT.dcd AT STEP 45960
WRITING COORDINATES TO DCD FILE NVT.dcd AT STEP 45970
WRITING COORDINATES TO DCD FILE NVT.dcd AT STEP 45980
WRITING COORDINATES TO DCD FILE NVT.dcd AT STEP 45990
PRESSURE: 46000 627.8 258.581 -224.418 258.581 122.799 69.716 -224.418 69.716 175.407
GPRESSURE: 46000 527.915 225.227 -185.563 392.795 205.334 -82.534 -83.6947 -22.1779 278.237
PRESSAVG: 46000 54.4362 -47.0298 25.6644 -47.0298 11.7292 -31.528 25.6644 -31.528 -13.343
GPRESSAVG: 46000 54.9141 -48.1145 25.4732 -46.8186 12.1503 -31.861 26.4046 -32.1356 -14.0582
ENERGY:   46000      1617.1842      9271.3289      5788.4932        81.8927         -60281.5204     -1207.0280         0.0000         0.0000     18892.9642         -25836.6853       304.9287    -44729.6495    -25686.5852       307.5678            308.6685       337.1623    267320.2643        17.6075        17.6688

WRITING COORDINATES TO DCD FILE NVT.dcd AT STEP 46000
WRITING COORDINATES TO DCD FILE NVT.dcd AT STEP 46010
WRITING COORDINATES TO DCD FILE NVT.dcd AT STEP 46020
WRITING COORDINATES TO DCD FILE NVT.dcd AT STEP 46030
WRITING COORDINATES TO DCD FILE NVT.dcd AT STEP 46040
WRITING COORDINATES TO DCD FILE NVT.dcd AT STEP 46050
WRITING COORDINATES TO DCD FILE NVT.dcd AT STEP 46060
WRITING COORDINATES TO DCD FILE NVT.dcd AT STEP 46070
WRITING COORDINATES TO DCD FILE NVT.dcd AT STEP 46080
WRITING COORDINATES TO DCD FILE NVT.dcd AT STEP 46090
WRITING COORDINATES TO DCD FILE NVT.dcd AT STEP 46100
WRITING COORDINATES TO DCD FILE NVT.dcd AT STEP 46110
WRITING COORDINATES TO DCD FILE NVT.dcd AT STEP 46120
WRITING COORDINATES TO DCD FILE NVT.dcd AT STEP 46130
WRITING COORDINATES TO DCD FILE NVT.dcd AT STEP 46140
LDB: ============= START OF LOAD BALANCING ============== 7665.05
LDB: ============== END OF LOAD BALANCING =============== 7665.05
LDB: =============== DONE WITH MIGRATION ================ 7665.05
WRITING COORDINATES TO DCD FILE NVT.dcd AT STEP 46150
WRITING COORDINATES TO DCD FILE NVT.dcd AT STEP 46160
WRITING COORDINATES TO DCD FILE NVT.dcd AT STEP 46170
WRITING COORDINATES TO DCD FILE NVT.dcd AT STEP 46180
WRITING COORDINATES TO DCD FILE NVT.dcd AT STEP 46190
LDB: ============= START OF LOAD BALANCING ============== 7673.34
LDB: ============== END OF LOAD BALANCING =============== 7673.34
LDB: =============== DONE WITH MIGRATION ================ 7673.34
WRITING COORDINATES TO DCD FILE NVT.dcd AT STEP 46200
WRITING COORDINATES TO DCD FILE NVT.dcd AT STEP 46210
WRITING COORDINATES TO DCD FILE NVT.dcd AT STEP 46220
WRITING COORDINATES TO DCD FILE NVT.dcd AT STEP 46230
WRITING COORDINATES TO DCD FILE NVT.dcd AT STEP 46240
WRITING COORDINATES TO DCD FILE NVT.dcd AT STEP 46250
WRITING COORDINATES TO DCD FILE NVT.dcd AT STEP 46260
WRITING COORDINATES TO DCD FILE NVT.dcd AT STEP 46270
WRITING COORDINATES TO DCD FILE NVT.dcd AT STEP 46280
WRITING COORDINATES TO DCD FILE NVT.dcd AT STEP 46290
WRITING COORDINATES TO DCD FILE NVT.dcd AT STEP 46300
WRITING COORDINATES TO DCD FILE NVT.dcd AT STEP 46310
WRITING COORDINATES TO DCD FILE NVT.dcd AT STEP 46320
WRITING COORDINATES TO DCD FILE NVT.dcd AT STEP 46330
WRITING COORDINATES TO DCD FILE NVT.dcd AT STEP 46340
WRITING COORDINATES TO DCD FILE NVT.dcd AT STEP 46350
WRITING COORDINATES TO DCD FILE NVT.dcd AT STEP 46360
WRITING COORDINATES TO DCD FILE NVT.dcd AT STEP 46370
WRITING COORDINATES TO DCD FILE NVT.dcd AT STEP 46380
WRITING COORDINATES TO DCD FILE NVT.dcd AT STEP 46390
WRITING COORDINATES TO DCD FILE NVT.dcd AT STEP 46400
WRITING COORDINATES TO DCD FILE NVT.dcd AT STEP 46410
WRITING COORDINATES TO DCD FILE NVT.dcd AT STEP 46420
WRITING COORDINATES TO DCD FILE NVT.dcd AT STEP 46430
WRITING COORDINATES TO DCD FILE NVT.dcd AT STEP 46440
WRITING COORDINATES TO DCD FILE NVT.dcd AT STEP 46450
WRITING COORDINATES TO DCD FILE NVT.dcd AT STEP 46460
WRITING COORDINATES TO DCD FILE NVT.dcd AT STEP 46470
WRITING COORDINATES TO DCD FILE NVT.dcd AT STEP 46480
WRITING COORDINATES TO DCD FILE NVT.dcd AT STEP 46490
WRITING COORDINATES TO DCD FILE NVT.dcd AT STEP 46500
WRITING COORDINATES TO DCD FILE NVT.dcd AT STEP 46510
WRITING COORDINATES TO DCD FILE NVT.dcd AT STEP 46520
WRITING COORDINATES TO DCD FILE NVT.dcd AT STEP 46530
WRITING COORDINATES TO DCD FILE NVT.dcd AT STEP 46540
WRITING COORDINATES TO DCD FILE NVT.dcd AT STEP 46550
WRITING COORDINATES TO DCD FILE NVT.dcd AT STEP 46560
WRITING COORDINATES TO DCD FILE NVT.dcd AT STEP 46570
WRITING COORDINATES TO DCD FILE NVT.dcd AT STEP 46580
WRITING COORDINATES TO DCD FILE NVT.dcd AT STEP 46590
WRITING COORDINATES TO DCD FILE NVT.dcd AT STEP 46600
WRITING COORDINATES TO DCD FILE NVT.dcd AT STEP 46610
WRITING COORDINATES TO DCD FILE NVT.dcd AT STEP 46620
WRITING COORDINATES TO DCD FILE NVT.dcd AT STEP 46630
WRITING COORDINATES TO DCD FILE NVT.dcd AT STEP 46640
WRITING COORDINATES TO DCD FILE NVT.dcd AT STEP 46650
WRITING COORDINATES TO DCD FILE NVT.dcd AT STEP 46660
WRITING COORDINATES TO DCD FILE NVT.dcd AT STEP 46670
WRITING COORDINATES TO DCD FILE NVT.dcd AT STEP 46680
WRITING COORDINATES TO DCD FILE NVT.dcd AT STEP 46690
WRITING COORDINATES TO DCD FILE NVT.dcd AT STEP 46700
WRITING COORDINATES TO DCD FILE NVT.dcd AT STEP 46710
WRITING COORDINATES TO DCD FILE NVT.dcd AT STEP 46720
WRITING COORDINATES TO DCD FILE NVT.dcd AT STEP 46730
WRITING COORDINATES TO DCD FILE NVT.dcd AT STEP 46740
WRITING COORDINATES TO DCD FILE NVT.dcd AT STEP 46750
WRITING COORDINATES TO DCD FILE NVT.dcd AT STEP 46760
WRITING COORDINATES TO DCD FILE NVT.dcd AT STEP 46770
WRITING COORDINATES TO DCD FILE NVT.dcd AT STEP 46780
WRITING COORDINATES TO DCD FILE NVT.dcd AT STEP 46790
WRITING COORDINATES TO DCD FILE NVT.dcd AT STEP 46800
WRITING COORDINATES TO DCD FILE NVT.dcd AT STEP 46810
WRITING COORDINATES TO DCD FILE NVT.dcd AT STEP 46820
WRITING COORDINATES TO DCD FILE NVT.dcd AT STEP 46830
WRITING COORDINATES TO DCD FILE NVT.dcd AT STEP 46840
WRITING COORDINATES TO DCD FILE NVT.dcd AT STEP 46850
WRITING COORDINATES TO DCD FILE NVT.dcd AT STEP 46860
WRITING COORDINATES TO DCD FILE NVT.dcd AT STEP 46870
WRITING COORDINATES TO DCD FILE NVT.dcd AT STEP 46880
WRITING COORDINATES TO DCD FILE NVT.dcd AT STEP 46890
WRITING COORDINATES TO DCD FILE NVT.dcd AT STEP 46900
WRITING COORDINATES TO DCD FILE NVT.dcd AT STEP 46910
WRITING COORDINATES TO DCD FILE NVT.dcd AT STEP 46920
WRITING COORDINATES TO DCD FILE NVT.dcd AT STEP 46930
WRITING COORDINATES TO DCD FILE NVT.dcd AT STEP 46940
WRITING COORDINATES TO DCD FILE NVT.dcd AT STEP 46950
WRITING COORDINATES TO DCD FILE NVT.dcd AT STEP 46960
WRITING COORDINATES TO DCD FILE NVT.dcd AT STEP 46970
WRITING COORDINATES TO DCD FILE NVT.dcd AT STEP 46980
WRITING COORDINATES TO DCD FILE NVT.dcd AT STEP 46990
PRESSURE: 47000 291.906 338.17 -30.2084 338.17 -184.962 -59.2203 -30.2084 -59.2203 527.294
GPRESSURE: 47000 397.26 250.443 -155.252 258.727 -194.778 -38.056 -180.759 -87.4808 477.935
PRESSAVG: 47000 67.6312 47.8541 -11.1636 47.8541 57.3871 11.9838 -11.1636 11.9838 68.2843
GPRESSAVG: 47000 67.2941 48.4512 -11.5061 47.6395 57.3937 12.539 -11.3609 12.1083 68.433
ENERGY:   47000      1631.4522      9362.2803      5798.2466        78.9301         -60443.2783     -1255.8881         0.0000         0.0000     18931.0408         -25897.2164       305.5433    -44828.2572    -25739.2200       306.7103            211.4129       226.8054    267320.2643        64.4342        64.3736

WRITING COORDINATES TO DCD FILE NVT.dcd AT STEP 47000
WRITING COORDINATES TO DCD FILE NVT.dcd AT STEP 47010
WRITING COORDINATES TO DCD FILE NVT.dcd AT STEP 47020
WRITING COORDINATES TO DCD FILE NVT.dcd AT STEP 47030
WRITING COORDINATES TO DCD FILE NVT.dcd AT STEP 47040
WRITING COORDINATES TO DCD FILE NVT.dcd AT STEP 47050
WRITING COORDINATES TO DCD FILE NVT.dcd AT STEP 47060
WRITING COORDINATES TO DCD FILE NVT.dcd AT STEP 47070
WRITING COORDINATES TO DCD FILE NVT.dcd AT STEP 47080
WRITING COORDINATES TO DCD FILE NVT.dcd AT STEP 47090
WRITING COORDINATES TO DCD FILE NVT.dcd AT STEP 47100
WRITING COORDINATES TO DCD FILE NVT.dcd AT STEP 47110
WRITING COORDINATES TO DCD FILE NVT.dcd AT STEP 47120
WRITING COORDINATES TO DCD FILE NVT.dcd AT STEP 47130
WRITING COORDINATES TO DCD FILE NVT.dcd AT STEP 47140
WRITING COORDINATES TO DCD FILE NVT.dcd AT STEP 47150
WRITING COORDINATES TO DCD FILE NVT.dcd AT STEP 47160
WRITING COORDINATES TO DCD FILE NVT.dcd AT STEP 47170
WRITING COORDINATES TO DCD FILE NVT.dcd AT STEP 47180
WRITING COORDINATES TO DCD FILE NVT.dcd AT STEP 47190
WRITING COORDINATES TO DCD FILE NVT.dcd AT STEP 47200
WRITING COORDINATES TO DCD FILE NVT.dcd AT STEP 47210
WRITING COORDINATES TO DCD FILE NVT.dcd AT STEP 47220
WRITING COORDINATES TO DCD FILE NVT.dcd AT STEP 47230
WRITING COORDINATES TO DCD FILE NVT.dcd AT STEP 47240
WRITING COORDINATES TO DCD FILE NVT.dcd AT STEP 47250
WRITING COORDINATES TO DCD FILE NVT.dcd AT STEP 47260
WRITING COORDINATES TO DCD FILE NVT.dcd AT STEP 47270
WRITING COORDINATES TO DCD FILE NVT.dcd AT STEP 47280
WRITING COORDINATES TO DCD FILE NVT.dcd AT STEP 47290
WRITING COORDINATES TO DCD FILE NVT.dcd AT STEP 47300
WRITING COORDINATES TO DCD FILE NVT.dcd AT STEP 47310
WRITING COORDINATES TO DCD FILE NVT.dcd AT STEP 47320
WRITING COORDINATES TO DCD FILE NVT.dcd AT STEP 47330
WRITING COORDINATES TO DCD FILE NVT.dcd AT STEP 47340
WRITING COORDINATES TO DCD FILE NVT.dcd AT STEP 47350
WRITING COORDINATES TO DCD FILE NVT.dcd AT STEP 47360
WRITING COORDINATES TO DCD FILE NVT.dcd AT STEP 47370
WRITING COORDINATES TO DCD FILE NVT.dcd AT STEP 47380
WRITING COORDINATES TO DCD FILE NVT.dcd AT STEP 47390
WRITING COORDINATES TO DCD FILE NVT.dcd AT STEP 47400
WRITING COORDINATES TO DCD FILE NVT.dcd AT STEP 47410
WRITING COORDINATES TO DCD FILE NVT.dcd AT STEP 47420
WRITING COORDINATES TO DCD FILE NVT.dcd AT STEP 47430
WRITING COORDINATES TO DCD FILE NVT.dcd AT STEP 47440
WRITING COORDINATES TO DCD FILE NVT.dcd AT STEP 47450
WRITING COORDINATES TO DCD FILE NVT.dcd AT STEP 47460
WRITING COORDINATES TO DCD FILE NVT.dcd AT STEP 47470
WRITING COORDINATES TO DCD FILE NVT.dcd AT STEP 47480
WRITING COORDINATES TO DCD FILE NVT.dcd AT STEP 47490
WRITING COORDINATES TO DCD FILE NVT.dcd AT STEP 47500
WRITING COORDINATES TO DCD FILE NVT.dcd AT STEP 47510
WRITING COORDINATES TO DCD FILE NVT.dcd AT STEP 47520
WRITING COORDINATES TO DCD FILE NVT.dcd AT STEP 47530
WRITING COORDINATES TO DCD FILE NVT.dcd AT STEP 47540
WRITING COORDINATES TO DCD FILE NVT.dcd AT STEP 47550
WRITING COORDINATES TO DCD FILE NVT.dcd AT STEP 47560
WRITING COORDINATES TO DCD FILE NVT.dcd AT STEP 47570
WRITING COORDINATES TO DCD FILE NVT.dcd AT STEP 47580
WRITING COORDINATES TO DCD FILE NVT.dcd AT STEP 47590
WRITING COORDINATES TO DCD FILE NVT.dcd AT STEP 47600
WRITING COORDINATES TO DCD FILE NVT.dcd AT STEP 47610
WRITING COORDINATES TO DCD FILE NVT.dcd AT STEP 47620
WRITING COORDINATES TO DCD FILE NVT.dcd AT STEP 47630
WRITING COORDINATES TO DCD FILE NVT.dcd AT STEP 47640
WRITING COORDINATES TO DCD FILE NVT.dcd AT STEP 47650
WRITING COORDINATES TO DCD FILE NVT.dcd AT STEP 47660
WRITING COORDINATES TO DCD FILE NVT.dcd AT STEP 47670
WRITING COORDINATES TO DCD FILE NVT.dcd AT STEP 47680
WRITING COORDINATES TO DCD FILE NVT.dcd AT STEP 47690
WRITING COORDINATES TO DCD FILE NVT.dcd AT STEP 47700
WRITING COORDINATES TO DCD FILE NVT.dcd AT STEP 47710
WRITING COORDINATES TO DCD FILE NVT.dcd AT STEP 47720
WRITING COORDINATES TO DCD FILE NVT.dcd AT STEP 47730
WRITING COORDINATES TO DCD FILE NVT.dcd AT STEP 47740
WRITING COORDINATES TO DCD FILE NVT.dcd AT STEP 47750
WRITING COORDINATES TO DCD FILE NVT.dcd AT STEP 47760
WRITING COORDINATES TO DCD FILE NVT.dcd AT STEP 47770
WRITING COORDINATES TO DCD FILE NVT.dcd AT STEP 47780
WRITING COORDINATES TO DCD FILE NVT.dcd AT STEP 47790
WRITING COORDINATES TO DCD FILE NVT.dcd AT STEP 47800
WRITING COORDINATES TO DCD FILE NVT.dcd AT STEP 47810
WRITING COORDINATES TO DCD FILE NVT.dcd AT STEP 47820
WRITING COORDINATES TO DCD FILE NVT.dcd AT STEP 47830
WRITING COORDINATES TO DCD FILE NVT.dcd AT STEP 47840
WRITING COORDINATES TO DCD FILE NVT.dcd AT STEP 47850
WRITING COORDINATES TO DCD FILE NVT.dcd AT STEP 47860
WRITING COORDINATES TO DCD FILE NVT.dcd AT STEP 47870
WRITING COORDINATES TO DCD FILE NVT.dcd AT STEP 47880
WRITING COORDINATES TO DCD FILE NVT.dcd AT STEP 47890
WRITING COORDINATES TO DCD FILE NVT.dcd AT STEP 47900
WRITING COORDINATES TO DCD FILE NVT.dcd AT STEP 47910
WRITING COORDINATES TO DCD FILE NVT.dcd AT STEP 47920
WRITING COORDINATES TO DCD FILE NVT.dcd AT STEP 47930
WRITING COORDINATES TO DCD FILE NVT.dcd AT STEP 47940
WRITING COORDINATES TO DCD FILE NVT.dcd AT STEP 47950
WRITING COORDINATES TO DCD FILE NVT.dcd AT STEP 47960
WRITING COORDINATES TO DCD FILE NVT.dcd AT STEP 47970
WRITING COORDINATES TO DCD FILE NVT.dcd AT STEP 47980
WRITING COORDINATES TO DCD FILE NVT.dcd AT STEP 47990
PRESSURE: 48000 -277.572 107.563 -146.217 107.563 -307.001 -77.2962 -146.217 -77.2962 63.5982
GPRESSURE: 48000 -346.382 -8.21516 -132.876 94.5105 -148.797 -235.335 -251.219 104.472 9.67541
PRESSAVG: 48000 104.092 76.6572 -28.0638 76.6572 -53.8037 -50.826 -28.0638 -50.826 -14.1595
GPRESSAVG: 48000 104.107 76.367 -27.6534 76.447 -54.1874 -50.1678 -28.306 -51.5254 -14.1572
ENERGY:   48000      1654.8958      9364.7972      5789.1057        76.4092         -60327.7553     -1267.3281         0.0000         0.0000     18937.9551         -25771.9203       305.6548    -44709.8755    -25623.6722       306.8964           -173.6582      -161.8347    267320.2643        12.0429        11.9209

WRITING COORDINATES TO DCD FILE NVT.dcd AT STEP 48000
WRITING COORDINATES TO DCD FILE NVT.dcd AT STEP 48010
WRITING COORDINATES TO DCD FILE NVT.dcd AT STEP 48020
WRITING COORDINATES TO DCD FILE NVT.dcd AT STEP 48030
WRITING COORDINATES TO DCD FILE NVT.dcd AT STEP 48040
WRITING COORDINATES TO DCD FILE NVT.dcd AT STEP 48050
WRITING COORDINATES TO DCD FILE NVT.dcd AT STEP 48060
WRITING COORDINATES TO DCD FILE NVT.dcd AT STEP 48070
WRITING COORDINATES TO DCD FILE NVT.dcd AT STEP 48080
WRITING COORDINATES TO DCD FILE NVT.dcd AT STEP 48090
WRITING COORDINATES TO DCD FILE NVT.dcd AT STEP 48100
WRITING COORDINATES TO DCD FILE NVT.dcd AT STEP 48110
WRITING COORDINATES TO DCD FILE NVT.dcd AT STEP 48120
WRITING COORDINATES TO DCD FILE NVT.dcd AT STEP 48130
WRITING COORDINATES TO DCD FILE NVT.dcd AT STEP 48140
LDB: ============= START OF LOAD BALANCING ============== 7997
LDB: ============== END OF LOAD BALANCING =============== 7997
LDB: =============== DONE WITH MIGRATION ================ 7997
WRITING COORDINATES TO DCD FILE NVT.dcd AT STEP 48150
WRITING COORDINATES TO DCD FILE NVT.dcd AT STEP 48160
WRITING COORDINATES TO DCD FILE NVT.dcd AT STEP 48170
WRITING COORDINATES TO DCD FILE NVT.dcd AT STEP 48180
WRITING COORDINATES TO DCD FILE NVT.dcd AT STEP 48190
LDB: ============= START OF LOAD BALANCING ============== 8005.32
LDB: ============== END OF LOAD BALANCING =============== 8005.32
LDB: =============== DONE WITH MIGRATION ================ 8005.32
WRITING COORDINATES TO DCD FILE NVT.dcd AT STEP 48200
WRITING COORDINATES TO DCD FILE NVT.dcd AT STEP 48210
WRITING COORDINATES TO DCD FILE NVT.dcd AT STEP 48220
WRITING COORDINATES TO DCD FILE NVT.dcd AT STEP 48230
WRITING COORDINATES TO DCD FILE NVT.dcd AT STEP 48240
WRITING COORDINATES TO DCD FILE NVT.dcd AT STEP 48250
WRITING COORDINATES TO DCD FILE NVT.dcd AT STEP 48260
WRITING COORDINATES TO DCD FILE NVT.dcd AT STEP 48270
WRITING COORDINATES TO DCD FILE NVT.dcd AT STEP 48280
WRITING COORDINATES TO DCD FILE NVT.dcd AT STEP 48290
WRITING COORDINATES TO DCD FILE NVT.dcd AT STEP 48300
WRITING COORDINATES TO DCD FILE NVT.dcd AT STEP 48310
WRITING COORDINATES TO DCD FILE NVT.dcd AT STEP 48320
WRITING COORDINATES TO DCD FILE NVT.dcd AT STEP 48330
WRITING COORDINATES TO DCD FILE NVT.dcd AT STEP 48340
WRITING COORDINATES TO DCD FILE NVT.dcd AT STEP 48350
WRITING COORDINATES TO DCD FILE NVT.dcd AT STEP 48360
WRITING COORDINATES TO DCD FILE NVT.dcd AT STEP 48370
WRITING COORDINATES TO DCD FILE NVT.dcd AT STEP 48380
WRITING COORDINATES TO DCD FILE NVT.dcd AT STEP 48390
WRITING COORDINATES TO DCD FILE NVT.dcd AT STEP 48400
WRITING COORDINATES TO DCD FILE NVT.dcd AT STEP 48410
WRITING COORDINATES TO DCD FILE NVT.dcd AT STEP 48420
WRITING COORDINATES TO DCD FILE NVT.dcd AT STEP 48430
WRITING COORDINATES TO DCD FILE NVT.dcd AT STEP 48440
WRITING COORDINATES TO DCD FILE NVT.dcd AT STEP 48450
WRITING COORDINATES TO DCD FILE NVT.dcd AT STEP 48460
WRITING COORDINATES TO DCD FILE NVT.dcd AT STEP 48470
WRITING COORDINATES TO DCD FILE NVT.dcd AT STEP 48480
WRITING COORDINATES TO DCD FILE NVT.dcd AT STEP 48490
WRITING COORDINATES TO DCD FILE NVT.dcd AT STEP 48500
WRITING COORDINATES TO DCD FILE NVT.dcd AT STEP 48510
WRITING COORDINATES TO DCD FILE NVT.dcd AT STEP 48520
WRITING COORDINATES TO DCD FILE NVT.dcd AT STEP 48530
WRITING COORDINATES TO DCD FILE NVT.dcd AT STEP 48540
WRITING COORDINATES TO DCD FILE NVT.dcd AT STEP 48550
WRITING COORDINATES TO DCD FILE NVT.dcd AT STEP 48560
WRITING COORDINATES TO DCD FILE NVT.dcd AT STEP 48570
WRITING COORDINATES TO DCD FILE NVT.dcd AT STEP 48580
WRITING COORDINATES TO DCD FILE NVT.dcd AT STEP 48590
WRITING COORDINATES TO DCD FILE NVT.dcd AT STEP 48600
WRITING COORDINATES TO DCD FILE NVT.dcd AT STEP 48610
WRITING COORDINATES TO DCD FILE NVT.dcd AT STEP 48620
WRITING COORDINATES TO DCD FILE NVT.dcd AT STEP 48630
WRITING COORDINATES TO DCD FILE NVT.dcd AT STEP 48640
WRITING COORDINATES TO DCD FILE NVT.dcd AT STEP 48650
WRITING COORDINATES TO DCD FILE NVT.dcd AT STEP 48660
WRITING COORDINATES TO DCD FILE NVT.dcd AT STEP 48670
WRITING COORDINATES TO DCD FILE NVT.dcd AT STEP 48680
WRITING COORDINATES TO DCD FILE NVT.dcd AT STEP 48690
WRITING COORDINATES TO DCD FILE NVT.dcd AT STEP 48700
WRITING COORDINATES TO DCD FILE NVT.dcd AT STEP 48710
WRITING COORDINATES TO DCD FILE NVT.dcd AT STEP 48720
WRITING COORDINATES TO DCD FILE NVT.dcd AT STEP 48730
WRITING COORDINATES TO DCD FILE NVT.dcd AT STEP 48740
WRITING COORDINATES TO DCD FILE NVT.dcd AT STEP 48750
WRITING COORDINATES TO DCD FILE NVT.dcd AT STEP 48760
WRITING COORDINATES TO DCD FILE NVT.dcd AT STEP 48770
WRITING COORDINATES TO DCD FILE NVT.dcd AT STEP 48780
WRITING COORDINATES TO DCD FILE NVT.dcd AT STEP 48790
WRITING COORDINATES TO DCD FILE NVT.dcd AT STEP 48800
WRITING COORDINATES TO DCD FILE NVT.dcd AT STEP 48810
WRITING COORDINATES TO DCD FILE NVT.dcd AT STEP 48820
WRITING COORDINATES TO DCD FILE NVT.dcd AT STEP 48830
WRITING COORDINATES TO DCD FILE NVT.dcd AT STEP 48840
WRITING COORDINATES TO DCD FILE NVT.dcd AT STEP 48850
WRITING COORDINATES TO DCD FILE NVT.dcd AT STEP 48860
WRITING COORDINATES TO DCD FILE NVT.dcd AT STEP 48870
WRITING COORDINATES TO DCD FILE NVT.dcd AT STEP 48880
WRITING COORDINATES TO DCD FILE NVT.dcd AT STEP 48890
WRITING COORDINATES TO DCD FILE NVT.dcd AT STEP 48900
WRITING COORDINATES TO DCD FILE NVT.dcd AT STEP 48910
WRITING COORDINATES TO DCD FILE NVT.dcd AT STEP 48920
WRITING COORDINATES TO DCD FILE NVT.dcd AT STEP 48930
WRITING COORDINATES TO DCD FILE NVT.dcd AT STEP 48940
WRITING COORDINATES TO DCD FILE NVT.dcd AT STEP 48950
WRITING COORDINATES TO DCD FILE NVT.dcd AT STEP 48960
WRITING COORDINATES TO DCD FILE NVT.dcd AT STEP 48970
WRITING COORDINATES TO DCD FILE NVT.dcd AT STEP 48980
WRITING COORDINATES TO DCD FILE NVT.dcd AT STEP 48990
PRESSURE: 49000 121.061 -113.361 362.719 -113.361 -181.611 56.2355 362.719 56.2355 405.069
GPRESSURE: 49000 210.685 -307.213 561.816 -115.273 -166.504 210.554 608.091 79.2607 350.129
PRESSAVG: 49000 123.294 -3.95844 -2.9664 -3.95844 26.8048 -14.5922 -2.9664 -14.5922 64.4975
GPRESSAVG: 49000 123.671 -4.04715 -3.07082 -3.90731 26.9073 -14.5706 -2.94401 -14.4339 64.0512
ENERGY:   49000      1612.3717      9434.4816      5737.9580        78.9287         -60358.8738     -1290.0268         0.0000         0.0000     19000.3672         -25784.7935       306.6622    -44785.1606    -25634.6703       306.6798            114.8397       131.4365    267320.2643        71.5321        71.5433

WRITING COORDINATES TO DCD FILE NVT.dcd AT STEP 49000
WRITING COORDINATES TO DCD FILE NVT.dcd AT STEP 49010
WRITING COORDINATES TO DCD FILE NVT.dcd AT STEP 49020
WRITING COORDINATES TO DCD FILE NVT.dcd AT STEP 49030
WRITING COORDINATES TO DCD FILE NVT.dcd AT STEP 49040
WRITING COORDINATES TO DCD FILE NVT.dcd AT STEP 49050
WRITING COORDINATES TO DCD FILE NVT.dcd AT STEP 49060
WRITING COORDINATES TO DCD FILE NVT.dcd AT STEP 49070
WRITING COORDINATES TO DCD FILE NVT.dcd AT STEP 49080
WRITING COORDINATES TO DCD FILE NVT.dcd AT STEP 49090
WRITING COORDINATES TO DCD FILE NVT.dcd AT STEP 49100
WRITING COORDINATES TO DCD FILE NVT.dcd AT STEP 49110
WRITING COORDINATES TO DCD FILE NVT.dcd AT STEP 49120
WRITING COORDINATES TO DCD FILE NVT.dcd AT STEP 49130
WRITING COORDINATES TO DCD FILE NVT.dcd AT STEP 49140
WRITING COORDINATES TO DCD FILE NVT.dcd AT STEP 49150
WRITING COORDINATES TO DCD FILE NVT.dcd AT STEP 49160
WRITING COORDINATES TO DCD FILE NVT.dcd AT STEP 49170
WRITING COORDINATES TO DCD FILE NVT.dcd AT STEP 49180
WRITING COORDINATES TO DCD FILE NVT.dcd AT STEP 49190
WRITING COORDINATES TO DCD FILE NVT.dcd AT STEP 49200
WRITING COORDINATES TO DCD FILE NVT.dcd AT STEP 49210
WRITING COORDINATES TO DCD FILE NVT.dcd AT STEP 49220
WRITING COORDINATES TO DCD FILE NVT.dcd AT STEP 49230
WRITING COORDINATES TO DCD FILE NVT.dcd AT STEP 49240
WRITING COORDINATES TO DCD FILE NVT.dcd AT STEP 49250
WRITING COORDINATES TO DCD FILE NVT.dcd AT STEP 49260
WRITING COORDINATES TO DCD FILE NVT.dcd AT STEP 49270
WRITING COORDINATES TO DCD FILE NVT.dcd AT STEP 49280
WRITING COORDINATES TO DCD FILE NVT.dcd AT STEP 49290
WRITING COORDINATES TO DCD FILE NVT.dcd AT STEP 49300
WRITING COORDINATES TO DCD FILE NVT.dcd AT STEP 49310
WRITING COORDINATES TO DCD FILE NVT.dcd AT STEP 49320
WRITING COORDINATES TO DCD FILE NVT.dcd AT STEP 49330
WRITING COORDINATES TO DCD FILE NVT.dcd AT STEP 49340
WRITING COORDINATES TO DCD FILE NVT.dcd AT STEP 49350
WRITING COORDINATES TO DCD FILE NVT.dcd AT STEP 49360
WRITING COORDINATES TO DCD FILE NVT.dcd AT STEP 49370
WRITING COORDINATES TO DCD FILE NVT.dcd AT STEP 49380
WRITING COORDINATES TO DCD FILE NVT.dcd AT STEP 49390
WRITING COORDINATES TO DCD FILE NVT.dcd AT STEP 49400
WRITING COORDINATES TO DCD FILE NVT.dcd AT STEP 49410
WRITING COORDINATES TO DCD FILE NVT.dcd AT STEP 49420
WRITING COORDINATES TO DCD FILE NVT.dcd AT STEP 49430
WRITING COORDINATES TO DCD FILE NVT.dcd AT STEP 49440
WRITING COORDINATES TO DCD FILE NVT.dcd AT STEP 49450
WRITING COORDINATES TO DCD FILE NVT.dcd AT STEP 49460
WRITING COORDINATES TO DCD FILE NVT.dcd AT STEP 49470
WRITING COORDINATES TO DCD FILE NVT.dcd AT STEP 49480
WRITING COORDINATES TO DCD FILE NVT.dcd AT STEP 49490
WRITING COORDINATES TO DCD FILE NVT.dcd AT STEP 49500
WRITING COORDINATES TO DCD FILE NVT.dcd AT STEP 49510
WRITING COORDINATES TO DCD FILE NVT.dcd AT STEP 49520
WRITING COORDINATES TO DCD FILE NVT.dcd AT STEP 49530
WRITING COORDINATES TO DCD FILE NVT.dcd AT STEP 49540
WRITING COORDINATES TO DCD FILE NVT.dcd AT STEP 49550
WRITING COORDINATES TO DCD FILE NVT.dcd AT STEP 49560
WRITING COORDINATES TO DCD FILE NVT.dcd AT STEP 49570
WRITING COORDINATES TO DCD FILE NVT.dcd AT STEP 49580
WRITING COORDINATES TO DCD FILE NVT.dcd AT STEP 49590
WRITING COORDINATES TO DCD FILE NVT.dcd AT STEP 49600
WRITING COORDINATES TO DCD FILE NVT.dcd AT STEP 49610
WRITING COORDINATES TO DCD FILE NVT.dcd AT STEP 49620
WRITING COORDINATES TO DCD FILE NVT.dcd AT STEP 49630
WRITING COORDINATES TO DCD FILE NVT.dcd AT STEP 49640
WRITING COORDINATES TO DCD FILE NVT.dcd AT STEP 49650
WRITING COORDINATES TO DCD FILE NVT.dcd AT STEP 49660
WRITING COORDINATES TO DCD FILE NVT.dcd AT STEP 49670
WRITING COORDINATES TO DCD FILE NVT.dcd AT STEP 49680
WRITING COORDINATES TO DCD FILE NVT.dcd AT STEP 49690
WRITING COORDINATES TO DCD FILE NVT.dcd AT STEP 49700
WRITING COORDINATES TO DCD FILE NVT.dcd AT STEP 49710
WRITING COORDINATES TO DCD FILE NVT.dcd AT STEP 49720
WRITING COORDINATES TO DCD FILE NVT.dcd AT STEP 49730
WRITING COORDINATES TO DCD FILE NVT.dcd AT STEP 49740
WRITING COORDINATES TO DCD FILE NVT.dcd AT STEP 49750
WRITING COORDINATES TO DCD FILE NVT.dcd AT STEP 49760
WRITING COORDINATES TO DCD FILE NVT.dcd AT STEP 49770
WRITING COORDINATES TO DCD FILE NVT.dcd AT STEP 49780
WRITING COORDINATES TO DCD FILE NVT.dcd AT STEP 49790
WRITING COORDINATES TO DCD FILE NVT.dcd AT STEP 49800
WRITING COORDINATES TO DCD FILE NVT.dcd AT STEP 49810
WRITING COORDINATES TO DCD FILE NVT.dcd AT STEP 49820
WRITING COORDINATES TO DCD FILE NVT.dcd AT STEP 49830
WRITING COORDINATES TO DCD FILE NVT.dcd AT STEP 49840
WRITING COORDINATES TO DCD FILE NVT.dcd AT STEP 49850
WRITING COORDINATES TO DCD FILE NVT.dcd AT STEP 49860
WRITING COORDINATES TO DCD FILE NVT.dcd AT STEP 49870
WRITING COORDINATES TO DCD FILE NVT.dcd AT STEP 49880
WRITING COORDINATES TO DCD FILE NVT.dcd AT STEP 49890
WRITING COORDINATES TO DCD FILE NVT.dcd AT STEP 49900
WRITING COORDINATES TO DCD FILE NVT.dcd AT STEP 49910
WRITING COORDINATES TO DCD FILE NVT.dcd AT STEP 49920
WRITING COORDINATES TO DCD FILE NVT.dcd AT STEP 49930
WRITING COORDINATES TO DCD FILE NVT.dcd AT STEP 49940
WRITING COORDINATES TO DCD FILE NVT.dcd AT STEP 49950
WRITING COORDINATES TO DCD FILE NVT.dcd AT STEP 49960
WRITING COORDINATES TO DCD FILE NVT.dcd AT STEP 49970
WRITING COORDINATES TO DCD FILE NVT.dcd AT STEP 49980
WRITING COORDINATES TO DCD FILE NVT.dcd AT STEP 49990
PRESSURE: 50000 180.332 -337.409 -104.774 -337.409 140.995 61.353 -104.774 61.353 496.263
GPRESSURE: 50000 95.4419 -245.902 -123.494 -234.776 276.016 -212.632 -85.9221 149.658 476.588
PRESSAVG: 50000 126.217 29.8719 -15.9973 29.8719 -18.3362 -10.3793 -15.9973 -10.3793 157.516
GPRESSAVG: 50000 126.024 30.1401 -15.454 29.9386 -18.3242 -10.6616 -16.7279 -10.4718 157.394
TIMING: 50000  CPU: 8277.31, 0.165823/step  Wall: 8279.09, 0.16587/step, 0 hours remaining, 876.239546 MB of memory in use.
PERFORMANCE: 50000  averaging 1.04364 ns/day, 0.165574 sec/step with standard deviation 0.000498169
ETITLE:      TS           BOND          ANGLE          DIHED          IMPRP               ELECT            VDW       BOUNDARY           MISC        KINETIC               TOTAL           TEMP      POTENTIAL         TOTAL3        TEMPAVG            PRESSURE      GPRESSURE         VOLUME       PRESSAVG      GPRESSAVG

ENERGY:   50000      1569.5373      9327.5500      5720.1745        80.6764         -60276.4219     -1331.1135         0.0000         0.0000     18995.6311         -25913.9661       306.5857    -44909.5972    -25758.6386       306.9175            272.5300       282.6819    267320.2643        88.4655        88.3647

WRITING EXTENDED SYSTEM TO RESTART FILE AT STEP 50000
WRITING COORDINATES TO DCD FILE NVT.dcd AT STEP 50000
WRITING COORDINATES TO RESTART FILE AT STEP 50000
FINISHED WRITING RESTART COORDINATES
WRITING VELOCITIES TO RESTART FILE AT STEP 50000
FINISHED WRITING RESTART VELOCITIES
WRITING EXTENDED SYSTEM TO OUTPUT FILE AT STEP 50000
CLOSING EXTENDED SYSTEM TRAJECTORY FILE
WRITING COORDINATES TO OUTPUT FILE AT STEP 50000
CLOSING COORDINATE DCD FILE NVT.dcd
WRITING VELOCITIES TO OUTPUT FILE AT STEP 50000
====================================================

WallClock: 8304.153320  CPUTime: 8302.373047  Memory: 876.239546 MB
[Partition 0][Node 0] End of program
