Charm++> No provisioning arguments specified. Running with a single PE.
         Use +auto-provision to fully subscribe resources or +p1 to silence this message.
Charm++: standalone mode (not using charmrun)
Charm++> Running in Multicore mode: 1 threads (PEs)
Charm++> Using recursive bisection (scheme 3) for topology aware partitions
Converse/Charm++ Commit ID: 
CharmLB> Load balancer assumes all CPUs are same.
Charm++> Running on 1 hosts (1 sockets x 20 cores x 2 PUs = 40-way SMP)
Charm++> cpu topology info is gathered in 0.000 seconds.
CharmLB> Load balancing instrumentation for communication is off.
Info: NAMD Git-2025-12-04 for Linux-x86_64-multicore
Info: 
Info: Please visit http://www.ks.uiuc.edu/Research/namd/
Info: for updates, documentation, and support information.
Info: 
Info: Please cite Phillips et al., J. Chem. Phys. 153:044130 (2020) doi:10.1063/5.0014475
Info: in all publications reporting results obtained with NAMD.
Info: 
Info: Based on Charm++/Converse 80000 for multicore-linux-x86_64-gcc
Info: Built Thu Dec 4 09:25:02 CST 2025 by dhardy on athine.ks.uiuc.edu
Info: Source code at Git commit ID b856a9378ca44bcf5aa708d4b681af4ceb86d8ca
Info: 1 NAMD  Git-2025-12-04  Linux-x86_64-multicore  1    vivi01  cmm11
Info: Running on 1 processors, 1 nodes, 1 physical nodes.
Info: CPU topology information available.
Info: Charm++/Converse parallel runtime startup completed at 0.00653319 s
CkLoopLib is used in SMP with simple dynamic scheduling (converse-level notification)
Info: 25.0547 MB of memory in use based on /proc/self/stat
Info: Configuration file is simNVT.conf
Info: Working in the current directory /scratch/168113.1.cerqt03.q
TCL: Suspending until startup complete.
Warning: Option "1-4scaling" has been deprecated. Instead use "oneFourScaling".
Info: EXTENDED SYSTEM FILE   NPT.restart.xsc
Warning: The Langevin gamma parameters differ over the particles,
Warning: requiring extra work per step to constrain rigid bonds.
Info: SIMULATION PARAMETERS:
Info: TIMESTEP               2
Info: NUMBER OF STEPS        50000
Info: STEPS PER CYCLE        10
Info: PERIODIC CELL BASIS 1  67.406 0 0
Info: PERIODIC CELL BASIS 2  0 57.2957 0
Info: PERIODIC CELL BASIS 3  0 0 68.9598
Info: PERIODIC CELL CENTER   0 0 0
Info: WRAPPING WATERS AROUND PERIODIC BOUNDARIES ON OUTPUT.
Info: WRAPPING ALL CLUSTERS AROUND PERIODIC BOUNDARIES ON OUTPUT.
Info: LOAD BALANCER  Centralized
Info: LOAD BALANCING STRATEGY  New Load Balancers -- DEFAULT
Info: LDB PERIOD             2000 steps
Info: FIRST LDB TIMESTEP     50
Info: LAST LDB TIMESTEP     -1
Info: LDB BACKGROUND SCALING 1
Info: HOM BACKGROUND SCALING 1
Info: PME BACKGROUND SCALING 1
Info: MIN ATOMS PER PATCH    40
Info: EMPTY PATCH LOAD       40 ATOMS
Info: VELOCITY FILE          NPT.restart.vel
Info: CENTER OF MASS MOVING INITIALLY? NO
Info: DIELECTRIC             1
Info: EXCLUDE                SCALED ONE-FOUR
Info: 1-4 ELECTROSTATICS SCALED BY 1
Info: MODIFIED 1-4 VDW PARAMETERS WILL BE USED
Info: DCD FILENAME           NVT.dcd
Info: DCD FREQUENCY          10
Info: DCD FIRST STEP         10
Info: DCD FILE WILL CONTAIN UNIT CELL DATA
Info: XST FILENAME           NVT.xst
Info: XST FREQUENCY          5000
Info: NO VELOCITY DCD OUTPUT
Info: NO FORCE DCD OUTPUT
Info: OUTPUT FILENAME        NVT
Info: BINARY OUTPUT FILES WILL BE USED
Info: RESTART FILENAME       NVT.restart
Info: RESTART FREQUENCY      5000
Info: BINARY RESTART FILES WILL BE USED
Info: NAMD will save positions and velocities to NVT.crash.csv when  atoms are moving too fast.
Info: SWITCHING ACTIVE
Info: SWITCHING ON           10
Info: SWITCHING OFF          12
Info: PAIRLIST DISTANCE      13.5
Info: PAIRLIST SHRINK RATE   0.01
Info: PAIRLIST GROW RATE     0.01
Info: PAIRLIST TRIGGER       0.3
Info: PAIRLISTS PER CYCLE    2
Info: PAIRLISTS ENABLED
Info: MARGIN                 0
Info: HYDROGEN GROUP CUTOFF  2.5
Info: PATCH DIMENSION        16
Info: ENERGY OUTPUT STEPS    1000
Info: ENERGY EVALUATION STEPS    1000
Info: OUTPUT ENERGY PRECISION 4
Info: CROSSTERM ENERGY INCLUDED IN DIHEDRAL
Info: TIMING OUTPUT STEPS    10000
Info: PRESSURE OUTPUT STEPS  1000
Info: LANGEVIN DYNAMICS ACTIVE
Info: LANGEVIN TEMPERATURE   297.5
Info: LANGEVIN USING BBK INTEGRATOR
Info: LANGEVIN DAMPING COEFFICIENT IS 1 INVERSE PS
Info: LANGEVIN DYNAMICS NOT APPLIED TO HYDROGENS
Info: PARTICLE MESH EWALD (PME) ACTIVE
Info: PME TOLERANCE               1e-06
Info: PME EWALD COEFFICIENT       0.257952
Info: PME INTERPOLATION ORDER     4
Info: PME GRID DIMENSIONS         72 60 72
Info: PME MAXIMUM GRID SPACING    1.5
Info: Attempting to read FFTW data from FFTW_NAMD_Git-2025-12-04_Linux-x86_64-multicore.txt
Info: Optimizing 6 FFT steps.  1... 2... 3... 4... 5... 6...   Done.
Info: Writing FFTW data to FFTW_NAMD_Git-2025-12-04_Linux-x86_64-multicore.txt
Info: FULL ELECTROSTATIC EVALUATION FREQUENCY      2
Info: USING VERLET I (r-RESPA) MTS SCHEME.
Info: C1 SPLITTING OF LONG RANGE ELECTROSTATICS
Info: PLACING ATOMS IN PATCHES BY HYDROGEN GROUPS
Info: RIGID BONDS TO HYDROGEN : ALL
Info:         ERROR TOLERANCE : 1e-08
Info:          MAX ITERATIONS : 100
Info: RIGID WATER USING SETTLE ALGORITHM
Info: RANDOM NUMBER SEED     1781695426
Info: USE HYDROGEN BONDS?    NO
Info: COORDINATE PDB         coordenades_inicials.pdb
Info: STRUCTURE FILE         estructura_membranaDMPC.psf
Info: PARAMETER file: CHARMM format! 
Info: PARAMETERS             parametres.prm
Info: USING ARITHMETIC MEAN TO COMBINE L-J SIGMA PARAMETERS
Info: BINARY COORDINATES     NPT.restart.coor
Info: SUMMARY OF PARAMETERS:
Info: 52 BONDS
Info: 132 ANGLES
Info: 176 DIHEDRAL
Info: 4 IMPROPER
Info: 0 CROSSTERM
Info: 37 VDW
Info: 0 VDW_PAIRS
Info: 0 NBTHOLE_PAIRS
Info: TIME FOR READING PSF FILE: 0.149976
Info: Reading pdb file coordenades_inicials.pdb
Info: TIME FOR READING PDB FILE: 0.0233116
Info: 
Info: ****************************
Info: STRUCTURE SUMMARY:
Info: 28235 ATOMS
Info: 23730 BONDS
Info: 33305 ANGLES
Info: 40064 DIHEDRALS
Info: 256 IMPROPERS
Info: 0 CROSSTERMS
Info: 0 EXCLUSIONS
Info: 22347 RIGID BONDS
Info: 62358 DEGREES OF FREEDOM
Info: 10265 HYDROGEN GROUPS
Info: 4 ATOMS IN LARGEST HYDROGEN GROUP
Info: 10265 MIGRATION GROUPS
Info: 4 ATOMS IN LARGEST MIGRATION GROUP
Info: TOTAL MASS = 165628 amu
Info: TOTAL CHARGE = 6.67572e-06 e
Info: MASS DENSITY = 1.0327 g/cm^3
Info: ATOM DENSITY = 0.106016 atoms/A^3
Info: *****************************
Info: Reading from binary file NPT.restart.coor
Info: 
Info: Entering startup at 25.0193 s, 856.965 MB of memory in use
Info: Startup phase 0 took 0.000106797 s, 856.965 MB of memory in use
Info: ADDED 97099 IMPLICIT EXCLUSIONS
Info: Startup phase 1 took 0.0141445 s, 856.965 MB of memory in use
Info: NONBONDED TABLE R-SQUARED SPACING: 0.0625
Info: NONBONDED TABLE SIZE: 769 POINTS
Info: INCONSISTENCY IN FAST TABLE ENERGY VS FORCE: 0.000325096 AT 11.9556
Info: INCONSISTENCY IN SCOR TABLE ENERGY VS FORCE: 0.000324844 AT 11.9556
Info: INCONSISTENCY IN VDWA TABLE ENERGY VS FORCE: 0.0040507 AT 0.251946
Info: INCONSISTENCY IN VDWB TABLE ENERGY VS FORCE: 0.00150189 AT 0.251946
Info: Startup phase 2 took 0.000207921 s, 856.965 MB of memory in use
Info: Startup phase 3 took 1.3578e-05 s, 856.965 MB of memory in use
Info: Startup phase 4 took 3.4852e-05 s, 856.965 MB of memory in use
Info: Startup phase 5 took 1.0613e-05 s, 856.965 MB of memory in use
Info: PATCH GRID IS 4 (PERIODIC) BY 3 (PERIODIC) BY 4 (PERIODIC)
Info: PATCH GRID IS 1-AWAY BY 1-AWAY BY 1-AWAY
Info: Reading from binary file NPT.restart.vel
Info: REMOVING COM VELOCITY -0.0286593 -0.0183089 0.0140967
Info: LARGEST PATCH (0) HAS 627 ATOMS
Info: TORUS A SIZE 1 USING 0
Info: TORUS B SIZE 1 USING 0
Info: TORUS C SIZE 1 USING 0
Info: TORUS MINIMAL MESH SIZE IS 1 BY 1 BY 1
Info: Placed 100% of base nodes on same physical node as patch
Info: Startup phase 6 took 0.00360957 s, 856.965 MB of memory in use
Info: PME using 1 and 1 processors for FFT and reciprocal sum.
Info: PME GRID LOCATIONS: 0
Info: PME TRANS LOCATIONS: 0
Info: PME USING 1 GRID NODES AND 1 TRANS NODES
Info: Optimizing 4 FFT steps.  1... 2... 3... 4...   Done.
Info: Startup phase 7 took 0.000368348 s, 856.965 MB of memory in use
Info: Startup phase 8 took 1.7398e-05 s, 856.965 MB of memory in use
Info: Startup phase 9 took 1.8709e-05 s, 856.965 MB of memory in use
Info: Startup phase 10 took 9.27e-06 s, 856.965 MB of memory in use
Info: Startup phase 11 took 9.674e-06 s, 856.965 MB of memory in use
LDB: Central LB being created...
Info: Startup phase 12 took 2.8743e-05 s, 856.965 MB of memory in use
Info: Startup phase 13 took 9.432e-06 s, 856.965 MB of memory in use
Info: Startup phase 14 took 8.358e-06 s, 856.965 MB of memory in use
Info: Startup phase 15 took 8.318e-06 s, 856.965 MB of memory in use
Info: CREATING 965 COMPUTE OBJECTS
Info: Startup phase 16 took 0.00154094 s, 856.965 MB of memory in use
Info: Startup phase 17 took 2.5612e-05 s, 856.965 MB of memory in use
Info: Startup phase 18 took 9.8099e-05 s, 856.965 MB of memory in use
Info: Finished startup at 25.0396 s, 856.965 MB of memory in use

PRESSURE: 0 767.341 49.0308 -74.5802 49.0308 460.763 11.0757 -74.5802 11.0757 846.595
GPRESSURE: 0 799.303 129.025 -121.494 304.401 622.032 -205.654 -174.14 37.9877 713.926
ETITLE:      TS           BOND          ANGLE          DIHED          IMPRP               ELECT            VDW       BOUNDARY           MISC        KINETIC               TOTAL           TEMP      POTENTIAL         TOTAL3        TEMPAVG            PRESSURE      GPRESSURE         VOLUME       PRESSAVG      GPRESSAVG

ENERGY:       0      1541.8813      9195.5799      5708.2662        79.7006         -61205.0867     -1163.9311         0.0000         0.0000     18425.7226         -27417.8673       297.3875    -45843.5899    -27270.3745       297.3875            691.5663       711.7537    266327.7836       691.5663       711.7537

OPENING EXTENDED SYSTEM TRAJECTORY FILE
LDB: ============= START OF LOAD BALANCING ============== 26.7945
LDB: ============== END OF LOAD BALANCING =============== 26.7945
LDB: =============== DONE WITH MIGRATION ================ 26.7946
OPENING COORDINATE DCD FILE
WRITING COORDINATES TO DCD FILE NVT.dcd AT STEP 10
The last position output (seq=10) takes 0.001 seconds, 856.965 MB of memory in use
WRITING COORDINATES TO DCD FILE NVT.dcd AT STEP 20
The last position output (seq=20) takes 0.000 seconds, 856.965 MB of memory in use
WRITING COORDINATES TO DCD FILE NVT.dcd AT STEP 30
The last position output (seq=30) takes 0.001 seconds, 856.965 MB of memory in use
WRITING COORDINATES TO DCD FILE NVT.dcd AT STEP 40
The last position output (seq=40) takes 0.000 seconds, 856.965 MB of memory in use
LDB: ============= START OF LOAD BALANCING ============== 33.4822
LDB: ============== END OF LOAD BALANCING =============== 33.4822
LDB: =============== DONE WITH MIGRATION ================ 33.4823
Info: Initial time: 1 CPUs 0.167214 s/step 0.967676 days/ns 856.965 MB memory
WRITING COORDINATES TO DCD FILE NVT.dcd AT STEP 50
The last position output (seq=50) takes 0.000 seconds, 856.965 MB of memory in use
LDB: ============= START OF LOAD BALANCING ============== 35.1496
LDB: ============== END OF LOAD BALANCING =============== 35.1497
LDB: =============== DONE WITH MIGRATION ================ 35.1497
WRITING COORDINATES TO DCD FILE NVT.dcd AT STEP 60
The last position output (seq=60) takes 0.001 seconds, 856.965 MB of memory in use
WRITING COORDINATES TO DCD FILE NVT.dcd AT STEP 70
The last position output (seq=70) takes 0.000 seconds, 856.965 MB of memory in use
WRITING COORDINATES TO DCD FILE NVT.dcd AT STEP 80
The last position output (seq=80) takes 0.000 seconds, 856.965 MB of memory in use
WRITING COORDINATES TO DCD FILE NVT.dcd AT STEP 90
The last position output (seq=90) takes 0.000 seconds, 856.965 MB of memory in use
LDB: ============= START OF LOAD BALANCING ============== 41.8022
LDB: ============== END OF LOAD BALANCING =============== 41.8023
LDB: =============== DONE WITH MIGRATION ================ 41.8024
Info: Initial time: 1 CPUs 0.166367 s/step 0.962772 days/ns 856.965 MB memory
WRITING COORDINATES TO DCD FILE NVT.dcd AT STEP 100
The last position output (seq=100) takes 0.000 seconds, 856.965 MB of memory in use
WRITING COORDINATES TO DCD FILE NVT.dcd AT STEP 110
WRITING COORDINATES TO DCD FILE NVT.dcd AT STEP 120
WRITING COORDINATES TO DCD FILE NVT.dcd AT STEP 130
WRITING COORDINATES TO DCD FILE NVT.dcd AT STEP 140
LDB: ============= START OF LOAD BALANCING ============== 50.1085
LDB: ============== END OF LOAD BALANCING =============== 50.1085
LDB: =============== DONE WITH MIGRATION ================ 50.1086
Info: Initial time: 1 CPUs 0.166151 s/step 0.961523 days/ns 856.965 MB memory
WRITING COORDINATES TO DCD FILE NVT.dcd AT STEP 150
WRITING COORDINATES TO DCD FILE NVT.dcd AT STEP 160
WRITING COORDINATES TO DCD FILE NVT.dcd AT STEP 170
WRITING COORDINATES TO DCD FILE NVT.dcd AT STEP 180
WRITING COORDINATES TO DCD FILE NVT.dcd AT STEP 190
LDB: ============= START OF LOAD BALANCING ============== 58.3863
LDB: ============== END OF LOAD BALANCING =============== 58.3863
LDB: =============== DONE WITH MIGRATION ================ 58.3864
Info: Benchmark time: 1 CPUs 0.16548 s/step 0.957637 days/ns 856.965 MB memory
WRITING COORDINATES TO DCD FILE NVT.dcd AT STEP 200
WRITING COORDINATES TO DCD FILE NVT.dcd AT STEP 210
WRITING COORDINATES TO DCD FILE NVT.dcd AT STEP 220
WRITING COORDINATES TO DCD FILE NVT.dcd AT STEP 230
WRITING COORDINATES TO DCD FILE NVT.dcd AT STEP 240
Info: Benchmark time: 1 CPUs 0.165293 s/step 0.956556 days/ns 856.965 MB memory
WRITING COORDINATES TO DCD FILE NVT.dcd AT STEP 250
WRITING COORDINATES TO DCD FILE NVT.dcd AT STEP 260
WRITING COORDINATES TO DCD FILE NVT.dcd AT STEP 270
WRITING COORDINATES TO DCD FILE NVT.dcd AT STEP 280
WRITING COORDINATES TO DCD FILE NVT.dcd AT STEP 290
Info: Benchmark time: 1 CPUs 0.165174 s/step 0.955866 days/ns 856.965 MB memory
WRITING COORDINATES TO DCD FILE NVT.dcd AT STEP 300
WRITING COORDINATES TO DCD FILE NVT.dcd AT STEP 310
WRITING COORDINATES TO DCD FILE NVT.dcd AT STEP 320
WRITING COORDINATES TO DCD FILE NVT.dcd AT STEP 330
WRITING COORDINATES TO DCD FILE NVT.dcd AT STEP 340
Info: Benchmark time: 1 CPUs 0.165364 s/step 0.95697 days/ns 856.965 MB memory
WRITING COORDINATES TO DCD FILE NVT.dcd AT STEP 350
WRITING COORDINATES TO DCD FILE NVT.dcd AT STEP 360
WRITING COORDINATES TO DCD FILE NVT.dcd AT STEP 370
WRITING COORDINATES TO DCD FILE NVT.dcd AT STEP 380
WRITING COORDINATES TO DCD FILE NVT.dcd AT STEP 390
Info: Benchmark time: 1 CPUs 0.16528 s/step 0.956484 days/ns 856.965 MB memory
WRITING COORDINATES TO DCD FILE NVT.dcd AT STEP 400
WRITING COORDINATES TO DCD FILE NVT.dcd AT STEP 410
WRITING COORDINATES TO DCD FILE NVT.dcd AT STEP 420
WRITING COORDINATES TO DCD FILE NVT.dcd AT STEP 430
WRITING COORDINATES TO DCD FILE NVT.dcd AT STEP 440
Info: Benchmark time: 1 CPUs 0.165362 s/step 0.956958 days/ns 856.965 MB memory
WRITING COORDINATES TO DCD FILE NVT.dcd AT STEP 450
WRITING COORDINATES TO DCD FILE NVT.dcd AT STEP 460
WRITING COORDINATES TO DCD FILE NVT.dcd AT STEP 470
WRITING COORDINATES TO DCD FILE NVT.dcd AT STEP 480
WRITING COORDINATES TO DCD FILE NVT.dcd AT STEP 490
WRITING COORDINATES TO DCD FILE NVT.dcd AT STEP 500
WRITING COORDINATES TO DCD FILE NVT.dcd AT STEP 510
WRITING COORDINATES TO DCD FILE NVT.dcd AT STEP 520
WRITING COORDINATES TO DCD FILE NVT.dcd AT STEP 530
WRITING COORDINATES TO DCD FILE NVT.dcd AT STEP 540
WRITING COORDINATES TO DCD FILE NVT.dcd AT STEP 550
WRITING COORDINATES TO DCD FILE NVT.dcd AT STEP 560
WRITING COORDINATES TO DCD FILE NVT.dcd AT STEP 570
WRITING COORDINATES TO DCD FILE NVT.dcd AT STEP 580
WRITING COORDINATES TO DCD FILE NVT.dcd AT STEP 590
WRITING COORDINATES TO DCD FILE NVT.dcd AT STEP 600
WRITING COORDINATES TO DCD FILE NVT.dcd AT STEP 610
WRITING COORDINATES TO DCD FILE NVT.dcd AT STEP 620
WRITING COORDINATES TO DCD FILE NVT.dcd AT STEP 630
WRITING COORDINATES TO DCD FILE NVT.dcd AT STEP 640
WRITING COORDINATES TO DCD FILE NVT.dcd AT STEP 650
WRITING COORDINATES TO DCD FILE NVT.dcd AT STEP 660
WRITING COORDINATES TO DCD FILE NVT.dcd AT STEP 670
WRITING COORDINATES TO DCD FILE NVT.dcd AT STEP 680
WRITING COORDINATES TO DCD FILE NVT.dcd AT STEP 690
WRITING COORDINATES TO DCD FILE NVT.dcd AT STEP 700
WRITING COORDINATES TO DCD FILE NVT.dcd AT STEP 710
WRITING COORDINATES TO DCD FILE NVT.dcd AT STEP 720
WRITING COORDINATES TO DCD FILE NVT.dcd AT STEP 730
WRITING COORDINATES TO DCD FILE NVT.dcd AT STEP 740
WRITING COORDINATES TO DCD FILE NVT.dcd AT STEP 750
WRITING COORDINATES TO DCD FILE NVT.dcd AT STEP 760
WRITING COORDINATES TO DCD FILE NVT.dcd AT STEP 770
WRITING COORDINATES TO DCD FILE NVT.dcd AT STEP 780
WRITING COORDINATES TO DCD FILE NVT.dcd AT STEP 790
WRITING COORDINATES TO DCD FILE NVT.dcd AT STEP 800
WRITING COORDINATES TO DCD FILE NVT.dcd AT STEP 810
WRITING COORDINATES TO DCD FILE NVT.dcd AT STEP 820
WRITING COORDINATES TO DCD FILE NVT.dcd AT STEP 830
WRITING COORDINATES TO DCD FILE NVT.dcd AT STEP 840
WRITING COORDINATES TO DCD FILE NVT.dcd AT STEP 850
WRITING COORDINATES TO DCD FILE NVT.dcd AT STEP 860
WRITING COORDINATES TO DCD FILE NVT.dcd AT STEP 870
WRITING COORDINATES TO DCD FILE NVT.dcd AT STEP 880
WRITING COORDINATES TO DCD FILE NVT.dcd AT STEP 890
WRITING COORDINATES TO DCD FILE NVT.dcd AT STEP 900
WRITING COORDINATES TO DCD FILE NVT.dcd AT STEP 910
WRITING COORDINATES TO DCD FILE NVT.dcd AT STEP 920
WRITING COORDINATES TO DCD FILE NVT.dcd AT STEP 930
WRITING COORDINATES TO DCD FILE NVT.dcd AT STEP 940
WRITING COORDINATES TO DCD FILE NVT.dcd AT STEP 950
WRITING COORDINATES TO DCD FILE NVT.dcd AT STEP 960
WRITING COORDINATES TO DCD FILE NVT.dcd AT STEP 970
WRITING COORDINATES TO DCD FILE NVT.dcd AT STEP 980
WRITING COORDINATES TO DCD FILE NVT.dcd AT STEP 990
PRESSURE: 1000 185.537 141.347 253.791 141.347 1062.1 -460.735 253.791 -460.735 901.543
GPRESSURE: 1000 177.373 177.242 180.806 63.2109 1062.23 -330.279 195.579 -320.381 984.076
PRESSAVG: 1000 40.3492 25.7875 -69.9145 25.7875 23.2124 -20.848 -69.9145 -20.848 -18.8034
GPRESSAVG: 1000 40.6562 25.8546 -70.6743 26.2613 23.4028 -21.8 -68.9307 -21.1781 -19.7014
ENERGY:    1000      1590.7010      9100.2065      5722.6867        72.7149         -61015.7495     -1165.9739         0.0000         0.0000     18471.4790         -27223.9353       298.1260    -45695.4143    -27072.8501       297.5533            716.3934       741.2248    266327.7836        14.9194        14.7859

WRITING COORDINATES TO DCD FILE NVT.dcd AT STEP 1000
WRITING COORDINATES TO DCD FILE NVT.dcd AT STEP 1010
WRITING COORDINATES TO DCD FILE NVT.dcd AT STEP 1020
WRITING COORDINATES TO DCD FILE NVT.dcd AT STEP 1030
WRITING COORDINATES TO DCD FILE NVT.dcd AT STEP 1040
WRITING COORDINATES TO DCD FILE NVT.dcd AT STEP 1050
WRITING COORDINATES TO DCD FILE NVT.dcd AT STEP 1060
WRITING COORDINATES TO DCD FILE NVT.dcd AT STEP 1070
WRITING COORDINATES TO DCD FILE NVT.dcd AT STEP 1080
WRITING COORDINATES TO DCD FILE NVT.dcd AT STEP 1090
WRITING COORDINATES TO DCD FILE NVT.dcd AT STEP 1100
WRITING COORDINATES TO DCD FILE NVT.dcd AT STEP 1110
WRITING COORDINATES TO DCD FILE NVT.dcd AT STEP 1120
WRITING COORDINATES TO DCD FILE NVT.dcd AT STEP 1130
WRITING COORDINATES TO DCD FILE NVT.dcd AT STEP 1140
WRITING COORDINATES TO DCD FILE NVT.dcd AT STEP 1150
WRITING COORDINATES TO DCD FILE NVT.dcd AT STEP 1160
WRITING COORDINATES TO DCD FILE NVT.dcd AT STEP 1170
WRITING COORDINATES TO DCD FILE NVT.dcd AT STEP 1180
WRITING COORDINATES TO DCD FILE NVT.dcd AT STEP 1190
WRITING COORDINATES TO DCD FILE NVT.dcd AT STEP 1200
WRITING COORDINATES TO DCD FILE NVT.dcd AT STEP 1210
WRITING COORDINATES TO DCD FILE NVT.dcd AT STEP 1220
WRITING COORDINATES TO DCD FILE NVT.dcd AT STEP 1230
WRITING COORDINATES TO DCD FILE NVT.dcd AT STEP 1240
WRITING COORDINATES TO DCD FILE NVT.dcd AT STEP 1250
WRITING COORDINATES TO DCD FILE NVT.dcd AT STEP 1260
WRITING COORDINATES TO DCD FILE NVT.dcd AT STEP 1270
WRITING COORDINATES TO DCD FILE NVT.dcd AT STEP 1280
WRITING COORDINATES TO DCD FILE NVT.dcd AT STEP 1290
WRITING COORDINATES TO DCD FILE NVT.dcd AT STEP 1300
WRITING COORDINATES TO DCD FILE NVT.dcd AT STEP 1310
WRITING COORDINATES TO DCD FILE NVT.dcd AT STEP 1320
WRITING COORDINATES TO DCD FILE NVT.dcd AT STEP 1330
WRITING COORDINATES TO DCD FILE NVT.dcd AT STEP 1340
WRITING COORDINATES TO DCD FILE NVT.dcd AT STEP 1350
WRITING COORDINATES TO DCD FILE NVT.dcd AT STEP 1360
WRITING COORDINATES TO DCD FILE NVT.dcd AT STEP 1370
WRITING COORDINATES TO DCD FILE NVT.dcd AT STEP 1380
WRITING COORDINATES TO DCD FILE NVT.dcd AT STEP 1390
WRITING COORDINATES TO DCD FILE NVT.dcd AT STEP 1400
WRITING COORDINATES TO DCD FILE NVT.dcd AT STEP 1410
WRITING COORDINATES TO DCD FILE NVT.dcd AT STEP 1420
WRITING COORDINATES TO DCD FILE NVT.dcd AT STEP 1430
WRITING COORDINATES TO DCD FILE NVT.dcd AT STEP 1440
WRITING COORDINATES TO DCD FILE NVT.dcd AT STEP 1450
WRITING COORDINATES TO DCD FILE NVT.dcd AT STEP 1460
WRITING COORDINATES TO DCD FILE NVT.dcd AT STEP 1470
WRITING COORDINATES TO DCD FILE NVT.dcd AT STEP 1480
WRITING COORDINATES TO DCD FILE NVT.dcd AT STEP 1490
WRITING COORDINATES TO DCD FILE NVT.dcd AT STEP 1500
WRITING COORDINATES TO DCD FILE NVT.dcd AT STEP 1510
WRITING COORDINATES TO DCD FILE NVT.dcd AT STEP 1520
WRITING COORDINATES TO DCD FILE NVT.dcd AT STEP 1530
WRITING COORDINATES TO DCD FILE NVT.dcd AT STEP 1540
WRITING COORDINATES TO DCD FILE NVT.dcd AT STEP 1550
WRITING COORDINATES TO DCD FILE NVT.dcd AT STEP 1560
WRITING COORDINATES TO DCD FILE NVT.dcd AT STEP 1570
WRITING COORDINATES TO DCD FILE NVT.dcd AT STEP 1580
WRITING COORDINATES TO DCD FILE NVT.dcd AT STEP 1590
WRITING COORDINATES TO DCD FILE NVT.dcd AT STEP 1600
WRITING COORDINATES TO DCD FILE NVT.dcd AT STEP 1610
WRITING COORDINATES TO DCD FILE NVT.dcd AT STEP 1620
WRITING COORDINATES TO DCD FILE NVT.dcd AT STEP 1630
WRITING COORDINATES TO DCD FILE NVT.dcd AT STEP 1640
WRITING COORDINATES TO DCD FILE NVT.dcd AT STEP 1650
WRITING COORDINATES TO DCD FILE NVT.dcd AT STEP 1660
WRITING COORDINATES TO DCD FILE NVT.dcd AT STEP 1670
WRITING COORDINATES TO DCD FILE NVT.dcd AT STEP 1680
WRITING COORDINATES TO DCD FILE NVT.dcd AT STEP 1690
WRITING COORDINATES TO DCD FILE NVT.dcd AT STEP 1700
WRITING COORDINATES TO DCD FILE NVT.dcd AT STEP 1710
WRITING COORDINATES TO DCD FILE NVT.dcd AT STEP 1720
WRITING COORDINATES TO DCD FILE NVT.dcd AT STEP 1730
WRITING COORDINATES TO DCD FILE NVT.dcd AT STEP 1740
WRITING COORDINATES TO DCD FILE NVT.dcd AT STEP 1750
WRITING COORDINATES TO DCD FILE NVT.dcd AT STEP 1760
WRITING COORDINATES TO DCD FILE NVT.dcd AT STEP 1770
WRITING COORDINATES TO DCD FILE NVT.dcd AT STEP 1780
WRITING COORDINATES TO DCD FILE NVT.dcd AT STEP 1790
WRITING COORDINATES TO DCD FILE NVT.dcd AT STEP 1800
WRITING COORDINATES TO DCD FILE NVT.dcd AT STEP 1810
WRITING COORDINATES TO DCD FILE NVT.dcd AT STEP 1820
WRITING COORDINATES TO DCD FILE NVT.dcd AT STEP 1830
WRITING COORDINATES TO DCD FILE NVT.dcd AT STEP 1840
WRITING COORDINATES TO DCD FILE NVT.dcd AT STEP 1850
WRITING COORDINATES TO DCD FILE NVT.dcd AT STEP 1860
WRITING COORDINATES TO DCD FILE NVT.dcd AT STEP 1870
WRITING COORDINATES TO DCD FILE NVT.dcd AT STEP 1880
WRITING COORDINATES TO DCD FILE NVT.dcd AT STEP 1890
WRITING COORDINATES TO DCD FILE NVT.dcd AT STEP 1900
WRITING COORDINATES TO DCD FILE NVT.dcd AT STEP 1910
WRITING COORDINATES TO DCD FILE NVT.dcd AT STEP 1920
WRITING COORDINATES TO DCD FILE NVT.dcd AT STEP 1930
WRITING COORDINATES TO DCD FILE NVT.dcd AT STEP 1940
WRITING COORDINATES TO DCD FILE NVT.dcd AT STEP 1950
WRITING COORDINATES TO DCD FILE NVT.dcd AT STEP 1960
WRITING COORDINATES TO DCD FILE NVT.dcd AT STEP 1970
WRITING COORDINATES TO DCD FILE NVT.dcd AT STEP 1980
WRITING COORDINATES TO DCD FILE NVT.dcd AT STEP 1990
PRESSURE: 2000 275.552 158.18 -25.5162 158.18 -166.923 136.598 -25.5162 136.598 572.741
GPRESSURE: 2000 315.144 423.219 -106.876 133.632 -96.8608 -52.7937 17.8844 241.815 520.343
PRESSAVG: 2000 10.9698 100.147 14.7736 100.147 -52.75 40.8282 14.7736 40.8282 -86.8715
GPRESSAVG: 2000 10.7013 99.8755 16.093 100.074 -52.9021 41.8008 13.8488 40.043 -86.2827
ENERGY:    2000      1532.7831      9125.2667      5708.2861        68.3143         -61035.7420     -1248.7259         0.0000         0.0000     18339.3664         -27510.4513       295.9937    -45849.8177    -27359.6401       297.9443            227.1232       246.2087    266327.7836       -42.8839       -42.8278

WRITING COORDINATES TO DCD FILE NVT.dcd AT STEP 2000
WRITING COORDINATES TO DCD FILE NVT.dcd AT STEP 2010
WRITING COORDINATES TO DCD FILE NVT.dcd AT STEP 2020
WRITING COORDINATES TO DCD FILE NVT.dcd AT STEP 2030
WRITING COORDINATES TO DCD FILE NVT.dcd AT STEP 2040
WRITING COORDINATES TO DCD FILE NVT.dcd AT STEP 2050
WRITING COORDINATES TO DCD FILE NVT.dcd AT STEP 2060
WRITING COORDINATES TO DCD FILE NVT.dcd AT STEP 2070
WRITING COORDINATES TO DCD FILE NVT.dcd AT STEP 2080
WRITING COORDINATES TO DCD FILE NVT.dcd AT STEP 2090
WRITING COORDINATES TO DCD FILE NVT.dcd AT STEP 2100
WRITING COORDINATES TO DCD FILE NVT.dcd AT STEP 2110
WRITING COORDINATES TO DCD FILE NVT.dcd AT STEP 2120
WRITING COORDINATES TO DCD FILE NVT.dcd AT STEP 2130
WRITING COORDINATES TO DCD FILE NVT.dcd AT STEP 2140
LDB: ============= START OF LOAD BALANCING ============== 381.591
LDB: ============== END OF LOAD BALANCING =============== 381.591
LDB: =============== DONE WITH MIGRATION ================ 381.591
WRITING COORDINATES TO DCD FILE NVT.dcd AT STEP 2150
WRITING COORDINATES TO DCD FILE NVT.dcd AT STEP 2160
WRITING COORDINATES TO DCD FILE NVT.dcd AT STEP 2170
WRITING COORDINATES TO DCD FILE NVT.dcd AT STEP 2180
WRITING COORDINATES TO DCD FILE NVT.dcd AT STEP 2190
LDB: ============= START OF LOAD BALANCING ============== 389.884
LDB: ============== END OF LOAD BALANCING =============== 389.884
LDB: =============== DONE WITH MIGRATION ================ 389.884
WRITING COORDINATES TO DCD FILE NVT.dcd AT STEP 2200
WRITING COORDINATES TO DCD FILE NVT.dcd AT STEP 2210
WRITING COORDINATES TO DCD FILE NVT.dcd AT STEP 2220
WRITING COORDINATES TO DCD FILE NVT.dcd AT STEP 2230
WRITING COORDINATES TO DCD FILE NVT.dcd AT STEP 2240
WRITING COORDINATES TO DCD FILE NVT.dcd AT STEP 2250
WRITING COORDINATES TO DCD FILE NVT.dcd AT STEP 2260
WRITING COORDINATES TO DCD FILE NVT.dcd AT STEP 2270
WRITING COORDINATES TO DCD FILE NVT.dcd AT STEP 2280
WRITING COORDINATES TO DCD FILE NVT.dcd AT STEP 2290
WRITING COORDINATES TO DCD FILE NVT.dcd AT STEP 2300
WRITING COORDINATES TO DCD FILE NVT.dcd AT STEP 2310
WRITING COORDINATES TO DCD FILE NVT.dcd AT STEP 2320
WRITING COORDINATES TO DCD FILE NVT.dcd AT STEP 2330
WRITING COORDINATES TO DCD FILE NVT.dcd AT STEP 2340
WRITING COORDINATES TO DCD FILE NVT.dcd AT STEP 2350
WRITING COORDINATES TO DCD FILE NVT.dcd AT STEP 2360
WRITING COORDINATES TO DCD FILE NVT.dcd AT STEP 2370
WRITING COORDINATES TO DCD FILE NVT.dcd AT STEP 2380
WRITING COORDINATES TO DCD FILE NVT.dcd AT STEP 2390
WRITING COORDINATES TO DCD FILE NVT.dcd AT STEP 2400
WRITING COORDINATES TO DCD FILE NVT.dcd AT STEP 2410
WRITING COORDINATES TO DCD FILE NVT.dcd AT STEP 2420
WRITING COORDINATES TO DCD FILE NVT.dcd AT STEP 2430
WRITING COORDINATES TO DCD FILE NVT.dcd AT STEP 2440
WRITING COORDINATES TO DCD FILE NVT.dcd AT STEP 2450
WRITING COORDINATES TO DCD FILE NVT.dcd AT STEP 2460
WRITING COORDINATES TO DCD FILE NVT.dcd AT STEP 2470
WRITING COORDINATES TO DCD FILE NVT.dcd AT STEP 2480
WRITING COORDINATES TO DCD FILE NVT.dcd AT STEP 2490
WRITING COORDINATES TO DCD FILE NVT.dcd AT STEP 2500
WRITING COORDINATES TO DCD FILE NVT.dcd AT STEP 2510
WRITING COORDINATES TO DCD FILE NVT.dcd AT STEP 2520
WRITING COORDINATES TO DCD FILE NVT.dcd AT STEP 2530
WRITING COORDINATES TO DCD FILE NVT.dcd AT STEP 2540
WRITING COORDINATES TO DCD FILE NVT.dcd AT STEP 2550
WRITING COORDINATES TO DCD FILE NVT.dcd AT STEP 2560
WRITING COORDINATES TO DCD FILE NVT.dcd AT STEP 2570
WRITING COORDINATES TO DCD FILE NVT.dcd AT STEP 2580
WRITING COORDINATES TO DCD FILE NVT.dcd AT STEP 2590
WRITING COORDINATES TO DCD FILE NVT.dcd AT STEP 2600
WRITING COORDINATES TO DCD FILE NVT.dcd AT STEP 2610
WRITING COORDINATES TO DCD FILE NVT.dcd AT STEP 2620
WRITING COORDINATES TO DCD FILE NVT.dcd AT STEP 2630
WRITING COORDINATES TO DCD FILE NVT.dcd AT STEP 2640
WRITING COORDINATES TO DCD FILE NVT.dcd AT STEP 2650
WRITING COORDINATES TO DCD FILE NVT.dcd AT STEP 2660
WRITING COORDINATES TO DCD FILE NVT.dcd AT STEP 2670
WRITING COORDINATES TO DCD FILE NVT.dcd AT STEP 2680
WRITING COORDINATES TO DCD FILE NVT.dcd AT STEP 2690
WRITING COORDINATES TO DCD FILE NVT.dcd AT STEP 2700
WRITING COORDINATES TO DCD FILE NVT.dcd AT STEP 2710
WRITING COORDINATES TO DCD FILE NVT.dcd AT STEP 2720
WRITING COORDINATES TO DCD FILE NVT.dcd AT STEP 2730
WRITING COORDINATES TO DCD FILE NVT.dcd AT STEP 2740
WRITING COORDINATES TO DCD FILE NVT.dcd AT STEP 2750
WRITING COORDINATES TO DCD FILE NVT.dcd AT STEP 2760
WRITING COORDINATES TO DCD FILE NVT.dcd AT STEP 2770
WRITING COORDINATES TO DCD FILE NVT.dcd AT STEP 2780
WRITING COORDINATES TO DCD FILE NVT.dcd AT STEP 2790
WRITING COORDINATES TO DCD FILE NVT.dcd AT STEP 2800
WRITING COORDINATES TO DCD FILE NVT.dcd AT STEP 2810
WRITING COORDINATES TO DCD FILE NVT.dcd AT STEP 2820
WRITING COORDINATES TO DCD FILE NVT.dcd AT STEP 2830
WRITING COORDINATES TO DCD FILE NVT.dcd AT STEP 2840
WRITING COORDINATES TO DCD FILE NVT.dcd AT STEP 2850
WRITING COORDINATES TO DCD FILE NVT.dcd AT STEP 2860
WRITING COORDINATES TO DCD FILE NVT.dcd AT STEP 2870
WRITING COORDINATES TO DCD FILE NVT.dcd AT STEP 2880
WRITING COORDINATES TO DCD FILE NVT.dcd AT STEP 2890
WRITING COORDINATES TO DCD FILE NVT.dcd AT STEP 2900
WRITING COORDINATES TO DCD FILE NVT.dcd AT STEP 2910
WRITING COORDINATES TO DCD FILE NVT.dcd AT STEP 2920
WRITING COORDINATES TO DCD FILE NVT.dcd AT STEP 2930
WRITING COORDINATES TO DCD FILE NVT.dcd AT STEP 2940
WRITING COORDINATES TO DCD FILE NVT.dcd AT STEP 2950
WRITING COORDINATES TO DCD FILE NVT.dcd AT STEP 2960
WRITING COORDINATES TO DCD FILE NVT.dcd AT STEP 2970
WRITING COORDINATES TO DCD FILE NVT.dcd AT STEP 2980
WRITING COORDINATES TO DCD FILE NVT.dcd AT STEP 2990
PRESSURE: 3000 -307.164 -61.1035 -101.609 -61.1035 -111.546 -626.113 -101.609 -626.113 -939.693
GPRESSURE: 3000 -334.594 -161.959 -177.335 -167.88 -7.022 -491.419 -8.51128 -383.005 -1001.9
PRESSAVG: 3000 1.54127 54.2551 23.96 54.2551 -85.769 -31.0505 23.96 -31.0505 -19.4661
GPRESSAVG: 3000 1.96713 54.0786 23.7177 53.9074 -85.7037 -31.0671 23.8059 -30.3173 -19.6762
ENERGY:    3000      1541.3921      9042.4588      5723.6942        66.0217         -61236.4662     -1239.7460         0.0000         0.0000     18398.0985         -27704.5468       296.9417    -46102.6453    -27552.9495       295.1895           -452.8012      -447.8386    266327.7836       -34.5646       -34.4709

WRITING COORDINATES TO DCD FILE NVT.dcd AT STEP 3000
WRITING COORDINATES TO DCD FILE NVT.dcd AT STEP 3010
WRITING COORDINATES TO DCD FILE NVT.dcd AT STEP 3020
WRITING COORDINATES TO DCD FILE NVT.dcd AT STEP 3030
WRITING COORDINATES TO DCD FILE NVT.dcd AT STEP 3040
WRITING COORDINATES TO DCD FILE NVT.dcd AT STEP 3050
WRITING COORDINATES TO DCD FILE NVT.dcd AT STEP 3060
WRITING COORDINATES TO DCD FILE NVT.dcd AT STEP 3070
WRITING COORDINATES TO DCD FILE NVT.dcd AT STEP 3080
WRITING COORDINATES TO DCD FILE NVT.dcd AT STEP 3090
WRITING COORDINATES TO DCD FILE NVT.dcd AT STEP 3100
WRITING COORDINATES TO DCD FILE NVT.dcd AT STEP 3110
WRITING COORDINATES TO DCD FILE NVT.dcd AT STEP 3120
WRITING COORDINATES TO DCD FILE NVT.dcd AT STEP 3130
WRITING COORDINATES TO DCD FILE NVT.dcd AT STEP 3140
WRITING COORDINATES TO DCD FILE NVT.dcd AT STEP 3150
WRITING COORDINATES TO DCD FILE NVT.dcd AT STEP 3160
WRITING COORDINATES TO DCD FILE NVT.dcd AT STEP 3170
WRITING COORDINATES TO DCD FILE NVT.dcd AT STEP 3180
WRITING COORDINATES TO DCD FILE NVT.dcd AT STEP 3190
WRITING COORDINATES TO DCD FILE NVT.dcd AT STEP 3200
WRITING COORDINATES TO DCD FILE NVT.dcd AT STEP 3210
WRITING COORDINATES TO DCD FILE NVT.dcd AT STEP 3220
WRITING COORDINATES TO DCD FILE NVT.dcd AT STEP 3230
WRITING COORDINATES TO DCD FILE NVT.dcd AT STEP 3240
WRITING COORDINATES TO DCD FILE NVT.dcd AT STEP 3250
WRITING COORDINATES TO DCD FILE NVT.dcd AT STEP 3260
WRITING COORDINATES TO DCD FILE NVT.dcd AT STEP 3270
WRITING COORDINATES TO DCD FILE NVT.dcd AT STEP 3280
WRITING COORDINATES TO DCD FILE NVT.dcd AT STEP 3290
WRITING COORDINATES TO DCD FILE NVT.dcd AT STEP 3300
WRITING COORDINATES TO DCD FILE NVT.dcd AT STEP 3310
WRITING COORDINATES TO DCD FILE NVT.dcd AT STEP 3320
WRITING COORDINATES TO DCD FILE NVT.dcd AT STEP 3330
WRITING COORDINATES TO DCD FILE NVT.dcd AT STEP 3340
WRITING COORDINATES TO DCD FILE NVT.dcd AT STEP 3350
WRITING COORDINATES TO DCD FILE NVT.dcd AT STEP 3360
WRITING COORDINATES TO DCD FILE NVT.dcd AT STEP 3370
WRITING COORDINATES TO DCD FILE NVT.dcd AT STEP 3380
WRITING COORDINATES TO DCD FILE NVT.dcd AT STEP 3390
WRITING COORDINATES TO DCD FILE NVT.dcd AT STEP 3400
WRITING COORDINATES TO DCD FILE NVT.dcd AT STEP 3410
WRITING COORDINATES TO DCD FILE NVT.dcd AT STEP 3420
WRITING COORDINATES TO DCD FILE NVT.dcd AT STEP 3430
WRITING COORDINATES TO DCD FILE NVT.dcd AT STEP 3440
WRITING COORDINATES TO DCD FILE NVT.dcd AT STEP 3450
WRITING COORDINATES TO DCD FILE NVT.dcd AT STEP 3460
WRITING COORDINATES TO DCD FILE NVT.dcd AT STEP 3470
WRITING COORDINATES TO DCD FILE NVT.dcd AT STEP 3480
WRITING COORDINATES TO DCD FILE NVT.dcd AT STEP 3490
WRITING COORDINATES TO DCD FILE NVT.dcd AT STEP 3500
WRITING COORDINATES TO DCD FILE NVT.dcd AT STEP 3510
WRITING COORDINATES TO DCD FILE NVT.dcd AT STEP 3520
WRITING COORDINATES TO DCD FILE NVT.dcd AT STEP 3530
WRITING COORDINATES TO DCD FILE NVT.dcd AT STEP 3540
WRITING COORDINATES TO DCD FILE NVT.dcd AT STEP 3550
WRITING COORDINATES TO DCD FILE NVT.dcd AT STEP 3560
WRITING COORDINATES TO DCD FILE NVT.dcd AT STEP 3570
WRITING COORDINATES TO DCD FILE NVT.dcd AT STEP 3580
WRITING COORDINATES TO DCD FILE NVT.dcd AT STEP 3590
WRITING COORDINATES TO DCD FILE NVT.dcd AT STEP 3600
WRITING COORDINATES TO DCD FILE NVT.dcd AT STEP 3610
WRITING COORDINATES TO DCD FILE NVT.dcd AT STEP 3620
WRITING COORDINATES TO DCD FILE NVT.dcd AT STEP 3630
WRITING COORDINATES TO DCD FILE NVT.dcd AT STEP 3640
WRITING COORDINATES TO DCD FILE NVT.dcd AT STEP 3650
WRITING COORDINATES TO DCD FILE NVT.dcd AT STEP 3660
WRITING COORDINATES TO DCD FILE NVT.dcd AT STEP 3670
WRITING COORDINATES TO DCD FILE NVT.dcd AT STEP 3680
WRITING COORDINATES TO DCD FILE NVT.dcd AT STEP 3690
WRITING COORDINATES TO DCD FILE NVT.dcd AT STEP 3700
WRITING COORDINATES TO DCD FILE NVT.dcd AT STEP 3710
WRITING COORDINATES TO DCD FILE NVT.dcd AT STEP 3720
WRITING COORDINATES TO DCD FILE NVT.dcd AT STEP 3730
WRITING COORDINATES TO DCD FILE NVT.dcd AT STEP 3740
WRITING COORDINATES TO DCD FILE NVT.dcd AT STEP 3750
WRITING COORDINATES TO DCD FILE NVT.dcd AT STEP 3760
WRITING COORDINATES TO DCD FILE NVT.dcd AT STEP 3770
WRITING COORDINATES TO DCD FILE NVT.dcd AT STEP 3780
WRITING COORDINATES TO DCD FILE NVT.dcd AT STEP 3790
WRITING COORDINATES TO DCD FILE NVT.dcd AT STEP 3800
WRITING COORDINATES TO DCD FILE NVT.dcd AT STEP 3810
WRITING COORDINATES TO DCD FILE NVT.dcd AT STEP 3820
WRITING COORDINATES TO DCD FILE NVT.dcd AT STEP 3830
WRITING COORDINATES TO DCD FILE NVT.dcd AT STEP 3840
WRITING COORDINATES TO DCD FILE NVT.dcd AT STEP 3850
WRITING COORDINATES TO DCD FILE NVT.dcd AT STEP 3860
WRITING COORDINATES TO DCD FILE NVT.dcd AT STEP 3870
WRITING COORDINATES TO DCD FILE NVT.dcd AT STEP 3880
WRITING COORDINATES TO DCD FILE NVT.dcd AT STEP 3890
WRITING COORDINATES TO DCD FILE NVT.dcd AT STEP 3900
WRITING COORDINATES TO DCD FILE NVT.dcd AT STEP 3910
WRITING COORDINATES TO DCD FILE NVT.dcd AT STEP 3920
WRITING COORDINATES TO DCD FILE NVT.dcd AT STEP 3930
WRITING COORDINATES TO DCD FILE NVT.dcd AT STEP 3940
WRITING COORDINATES TO DCD FILE NVT.dcd AT STEP 3950
WRITING COORDINATES TO DCD FILE NVT.dcd AT STEP 3960
WRITING COORDINATES TO DCD FILE NVT.dcd AT STEP 3970
WRITING COORDINATES TO DCD FILE NVT.dcd AT STEP 3980
WRITING COORDINATES TO DCD FILE NVT.dcd AT STEP 3990
PRESSURE: 4000 302.691 -155.25 287.649 -155.25 146.608 -188.553 287.649 -188.553 -509.119
GPRESSURE: 4000 290.383 -130.908 309.273 -12.2016 167.318 -19.4745 179.273 -158.056 -477.652
PRESSAVG: 4000 -92.5436 -13.8656 -21.3707 -13.8656 -40.3591 -63.5149 -21.3707 -63.5149 -131.667
GPRESSAVG: 4000 -92.7854 -13.0678 -21.795 -13.5453 -40.4431 -62.7622 -21.2346 -64.3247 -131.162
ENERGY:    4000      1531.2002      9070.0769      5754.2485        86.0889         -60957.1135     -1428.5485         0.0000         0.0000     18311.8474         -27632.2002       295.5496    -45944.0476    -27479.3173       295.8749            -19.9398        -6.6503    266327.7836       -88.1897       -88.1303

WRITING COORDINATES TO DCD FILE NVT.dcd AT STEP 4000
WRITING COORDINATES TO DCD FILE NVT.dcd AT STEP 4010
WRITING COORDINATES TO DCD FILE NVT.dcd AT STEP 4020
WRITING COORDINATES TO DCD FILE NVT.dcd AT STEP 4030
WRITING COORDINATES TO DCD FILE NVT.dcd AT STEP 4040
WRITING COORDINATES TO DCD FILE NVT.dcd AT STEP 4050
WRITING COORDINATES TO DCD FILE NVT.dcd AT STEP 4060
WRITING COORDINATES TO DCD FILE NVT.dcd AT STEP 4070
WRITING COORDINATES TO DCD FILE NVT.dcd AT STEP 4080
WRITING COORDINATES TO DCD FILE NVT.dcd AT STEP 4090
WRITING COORDINATES TO DCD FILE NVT.dcd AT STEP 4100
WRITING COORDINATES TO DCD FILE NVT.dcd AT STEP 4110
WRITING COORDINATES TO DCD FILE NVT.dcd AT STEP 4120
WRITING COORDINATES TO DCD FILE NVT.dcd AT STEP 4130
WRITING COORDINATES TO DCD FILE NVT.dcd AT STEP 4140
LDB: ============= START OF LOAD BALANCING ============== 713.687
LDB: ============== END OF LOAD BALANCING =============== 713.687
LDB: =============== DONE WITH MIGRATION ================ 713.687
WRITING COORDINATES TO DCD FILE NVT.dcd AT STEP 4150
WRITING COORDINATES TO DCD FILE NVT.dcd AT STEP 4160
WRITING COORDINATES TO DCD FILE NVT.dcd AT STEP 4170
WRITING COORDINATES TO DCD FILE NVT.dcd AT STEP 4180
WRITING COORDINATES TO DCD FILE NVT.dcd AT STEP 4190
LDB: ============= START OF LOAD BALANCING ============== 721.972
LDB: ============== END OF LOAD BALANCING =============== 721.972
LDB: =============== DONE WITH MIGRATION ================ 721.972
WRITING COORDINATES TO DCD FILE NVT.dcd AT STEP 4200
WRITING COORDINATES TO DCD FILE NVT.dcd AT STEP 4210
WRITING COORDINATES TO DCD FILE NVT.dcd AT STEP 4220
WRITING COORDINATES TO DCD FILE NVT.dcd AT STEP 4230
WRITING COORDINATES TO DCD FILE NVT.dcd AT STEP 4240
WRITING COORDINATES TO DCD FILE NVT.dcd AT STEP 4250
WRITING COORDINATES TO DCD FILE NVT.dcd AT STEP 4260
WRITING COORDINATES TO DCD FILE NVT.dcd AT STEP 4270
WRITING COORDINATES TO DCD FILE NVT.dcd AT STEP 4280
WRITING COORDINATES TO DCD FILE NVT.dcd AT STEP 4290
WRITING COORDINATES TO DCD FILE NVT.dcd AT STEP 4300
WRITING COORDINATES TO DCD FILE NVT.dcd AT STEP 4310
WRITING COORDINATES TO DCD FILE NVT.dcd AT STEP 4320
WRITING COORDINATES TO DCD FILE NVT.dcd AT STEP 4330
WRITING COORDINATES TO DCD FILE NVT.dcd AT STEP 4340
WRITING COORDINATES TO DCD FILE NVT.dcd AT STEP 4350
WRITING COORDINATES TO DCD FILE NVT.dcd AT STEP 4360
WRITING COORDINATES TO DCD FILE NVT.dcd AT STEP 4370
WRITING COORDINATES TO DCD FILE NVT.dcd AT STEP 4380
WRITING COORDINATES TO DCD FILE NVT.dcd AT STEP 4390
WRITING COORDINATES TO DCD FILE NVT.dcd AT STEP 4400
WRITING COORDINATES TO DCD FILE NVT.dcd AT STEP 4410
WRITING COORDINATES TO DCD FILE NVT.dcd AT STEP 4420
WRITING COORDINATES TO DCD FILE NVT.dcd AT STEP 4430
WRITING COORDINATES TO DCD FILE NVT.dcd AT STEP 4440
WRITING COORDINATES TO DCD FILE NVT.dcd AT STEP 4450
WRITING COORDINATES TO DCD FILE NVT.dcd AT STEP 4460
WRITING COORDINATES TO DCD FILE NVT.dcd AT STEP 4470
WRITING COORDINATES TO DCD FILE NVT.dcd AT STEP 4480
WRITING COORDINATES TO DCD FILE NVT.dcd AT STEP 4490
WRITING COORDINATES TO DCD FILE NVT.dcd AT STEP 4500
WRITING COORDINATES TO DCD FILE NVT.dcd AT STEP 4510
WRITING COORDINATES TO DCD FILE NVT.dcd AT STEP 4520
WRITING COORDINATES TO DCD FILE NVT.dcd AT STEP 4530
WRITING COORDINATES TO DCD FILE NVT.dcd AT STEP 4540
WRITING COORDINATES TO DCD FILE NVT.dcd AT STEP 4550
WRITING COORDINATES TO DCD FILE NVT.dcd AT STEP 4560
WRITING COORDINATES TO DCD FILE NVT.dcd AT STEP 4570
WRITING COORDINATES TO DCD FILE NVT.dcd AT STEP 4580
WRITING COORDINATES TO DCD FILE NVT.dcd AT STEP 4590
WRITING COORDINATES TO DCD FILE NVT.dcd AT STEP 4600
WRITING COORDINATES TO DCD FILE NVT.dcd AT STEP 4610
WRITING COORDINATES TO DCD FILE NVT.dcd AT STEP 4620
WRITING COORDINATES TO DCD FILE NVT.dcd AT STEP 4630
WRITING COORDINATES TO DCD FILE NVT.dcd AT STEP 4640
WRITING COORDINATES TO DCD FILE NVT.dcd AT STEP 4650
WRITING COORDINATES TO DCD FILE NVT.dcd AT STEP 4660
WRITING COORDINATES TO DCD FILE NVT.dcd AT STEP 4670
WRITING COORDINATES TO DCD FILE NVT.dcd AT STEP 4680
WRITING COORDINATES TO DCD FILE NVT.dcd AT STEP 4690
WRITING COORDINATES TO DCD FILE NVT.dcd AT STEP 4700
WRITING COORDINATES TO DCD FILE NVT.dcd AT STEP 4710
WRITING COORDINATES TO DCD FILE NVT.dcd AT STEP 4720
WRITING COORDINATES TO DCD FILE NVT.dcd AT STEP 4730
WRITING COORDINATES TO DCD FILE NVT.dcd AT STEP 4740
WRITING COORDINATES TO DCD FILE NVT.dcd AT STEP 4750
WRITING COORDINATES TO DCD FILE NVT.dcd AT STEP 4760
WRITING COORDINATES TO DCD FILE NVT.dcd AT STEP 4770
WRITING COORDINATES TO DCD FILE NVT.dcd AT STEP 4780
WRITING COORDINATES TO DCD FILE NVT.dcd AT STEP 4790
WRITING COORDINATES TO DCD FILE NVT.dcd AT STEP 4800
WRITING COORDINATES TO DCD FILE NVT.dcd AT STEP 4810
WRITING COORDINATES TO DCD FILE NVT.dcd AT STEP 4820
WRITING COORDINATES TO DCD FILE NVT.dcd AT STEP 4830
WRITING COORDINATES TO DCD FILE NVT.dcd AT STEP 4840
WRITING COORDINATES TO DCD FILE NVT.dcd AT STEP 4850
WRITING COORDINATES TO DCD FILE NVT.dcd AT STEP 4860
WRITING COORDINATES TO DCD FILE NVT.dcd AT STEP 4870
WRITING COORDINATES TO DCD FILE NVT.dcd AT STEP 4880
WRITING COORDINATES TO DCD FILE NVT.dcd AT STEP 4890
WRITING COORDINATES TO DCD FILE NVT.dcd AT STEP 4900
WRITING COORDINATES TO DCD FILE NVT.dcd AT STEP 4910
WRITING COORDINATES TO DCD FILE NVT.dcd AT STEP 4920
WRITING COORDINATES TO DCD FILE NVT.dcd AT STEP 4930
WRITING COORDINATES TO DCD FILE NVT.dcd AT STEP 4940
WRITING COORDINATES TO DCD FILE NVT.dcd AT STEP 4950
WRITING COORDINATES TO DCD FILE NVT.dcd AT STEP 4960
WRITING COORDINATES TO DCD FILE NVT.dcd AT STEP 4970
WRITING COORDINATES TO DCD FILE NVT.dcd AT STEP 4980
WRITING COORDINATES TO DCD FILE NVT.dcd AT STEP 4990
PRESSURE: 5000 -271.333 -242.752 -131.193 -242.752 14.0843 106.504 -131.193 106.504 516.554
GPRESSURE: 5000 -92.2856 -157.039 -304.242 -111.74 -105.754 -3.3265 -83.1975 -14.7943 462.329
PRESSAVG: 5000 -97.4764 48.8678 0.959081 48.8678 -69.5039 -36.7053 0.959081 -36.7053 -109.438
GPRESSAVG: 5000 -97.2545 48.5006 0.576865 48.9949 -69.2912 -36.7189 0.978301 -36.8426 -110.156
ENERGY:    5000      1544.5660      9037.0472      5705.1388        76.4579         -61040.8278     -1315.8271         0.0000         0.0000     18406.6777         -27586.7674       297.0801    -45993.4451    -27435.4247       295.4136             86.4349        88.0964    266327.7836       -92.1396       -92.2339

WRITING EXTENDED SYSTEM TO RESTART FILE AT STEP 5000
WRITING COORDINATES TO DCD FILE NVT.dcd AT STEP 5000
WRITING COORDINATES TO RESTART FILE AT STEP 5000
FINISHED WRITING RESTART COORDINATES
WRITING VELOCITIES TO RESTART FILE AT STEP 5000
FINISHED WRITING RESTART VELOCITIES
The last velocity output (seq=5000) takes 0.000 seconds, 856.965 MB of memory in use
WRITING COORDINATES TO DCD FILE NVT.dcd AT STEP 5010
WRITING COORDINATES TO DCD FILE NVT.dcd AT STEP 5020
WRITING COORDINATES TO DCD FILE NVT.dcd AT STEP 5030
WRITING COORDINATES TO DCD FILE NVT.dcd AT STEP 5040
WRITING COORDINATES TO DCD FILE NVT.dcd AT STEP 5050
WRITING COORDINATES TO DCD FILE NVT.dcd AT STEP 5060
WRITING COORDINATES TO DCD FILE NVT.dcd AT STEP 5070
WRITING COORDINATES TO DCD FILE NVT.dcd AT STEP 5080
WRITING COORDINATES TO DCD FILE NVT.dcd AT STEP 5090
WRITING COORDINATES TO DCD FILE NVT.dcd AT STEP 5100
WRITING COORDINATES TO DCD FILE NVT.dcd AT STEP 5110
WRITING COORDINATES TO DCD FILE NVT.dcd AT STEP 5120
WRITING COORDINATES TO DCD FILE NVT.dcd AT STEP 5130
WRITING COORDINATES TO DCD FILE NVT.dcd AT STEP 5140
WRITING COORDINATES TO DCD FILE NVT.dcd AT STEP 5150
WRITING COORDINATES TO DCD FILE NVT.dcd AT STEP 5160
WRITING COORDINATES TO DCD FILE NVT.dcd AT STEP 5170
WRITING COORDINATES TO DCD FILE NVT.dcd AT STEP 5180
WRITING COORDINATES TO DCD FILE NVT.dcd AT STEP 5190
WRITING COORDINATES TO DCD FILE NVT.dcd AT STEP 5200
WRITING COORDINATES TO DCD FILE NVT.dcd AT STEP 5210
WRITING COORDINATES TO DCD FILE NVT.dcd AT STEP 5220
WRITING COORDINATES TO DCD FILE NVT.dcd AT STEP 5230
WRITING COORDINATES TO DCD FILE NVT.dcd AT STEP 5240
WRITING COORDINATES TO DCD FILE NVT.dcd AT STEP 5250
WRITING COORDINATES TO DCD FILE NVT.dcd AT STEP 5260
WRITING COORDINATES TO DCD FILE NVT.dcd AT STEP 5270
WRITING COORDINATES TO DCD FILE NVT.dcd AT STEP 5280
WRITING COORDINATES TO DCD FILE NVT.dcd AT STEP 5290
WRITING COORDINATES TO DCD FILE NVT.dcd AT STEP 5300
WRITING COORDINATES TO DCD FILE NVT.dcd AT STEP 5310
WRITING COORDINATES TO DCD FILE NVT.dcd AT STEP 5320
WRITING COORDINATES TO DCD FILE NVT.dcd AT STEP 5330
WRITING COORDINATES TO DCD FILE NVT.dcd AT STEP 5340
WRITING COORDINATES TO DCD FILE NVT.dcd AT STEP 5350
WRITING COORDINATES TO DCD FILE NVT.dcd AT STEP 5360
WRITING COORDINATES TO DCD FILE NVT.dcd AT STEP 5370
WRITING COORDINATES TO DCD FILE NVT.dcd AT STEP 5380
WRITING COORDINATES TO DCD FILE NVT.dcd AT STEP 5390
WRITING COORDINATES TO DCD FILE NVT.dcd AT STEP 5400
WRITING COORDINATES TO DCD FILE NVT.dcd AT STEP 5410
WRITING COORDINATES TO DCD FILE NVT.dcd AT STEP 5420
WRITING COORDINATES TO DCD FILE NVT.dcd AT STEP 5430
WRITING COORDINATES TO DCD FILE NVT.dcd AT STEP 5440
WRITING COORDINATES TO DCD FILE NVT.dcd AT STEP 5450
WRITING COORDINATES TO DCD FILE NVT.dcd AT STEP 5460
WRITING COORDINATES TO DCD FILE NVT.dcd AT STEP 5470
WRITING COORDINATES TO DCD FILE NVT.dcd AT STEP 5480
WRITING COORDINATES TO DCD FILE NVT.dcd AT STEP 5490
WRITING COORDINATES TO DCD FILE NVT.dcd AT STEP 5500
WRITING COORDINATES TO DCD FILE NVT.dcd AT STEP 5510
WRITING COORDINATES TO DCD FILE NVT.dcd AT STEP 5520
WRITING COORDINATES TO DCD FILE NVT.dcd AT STEP 5530
WRITING COORDINATES TO DCD FILE NVT.dcd AT STEP 5540
WRITING COORDINATES TO DCD FILE NVT.dcd AT STEP 5550
WRITING COORDINATES TO DCD FILE NVT.dcd AT STEP 5560
WRITING COORDINATES TO DCD FILE NVT.dcd AT STEP 5570
WRITING COORDINATES TO DCD FILE NVT.dcd AT STEP 5580
WRITING COORDINATES TO DCD FILE NVT.dcd AT STEP 5590
WRITING COORDINATES TO DCD FILE NVT.dcd AT STEP 5600
WRITING COORDINATES TO DCD FILE NVT.dcd AT STEP 5610
WRITING COORDINATES TO DCD FILE NVT.dcd AT STEP 5620
WRITING COORDINATES TO DCD FILE NVT.dcd AT STEP 5630
WRITING COORDINATES TO DCD FILE NVT.dcd AT STEP 5640
WRITING COORDINATES TO DCD FILE NVT.dcd AT STEP 5650
WRITING COORDINATES TO DCD FILE NVT.dcd AT STEP 5660
WRITING COORDINATES TO DCD FILE NVT.dcd AT STEP 5670
WRITING COORDINATES TO DCD FILE NVT.dcd AT STEP 5680
WRITING COORDINATES TO DCD FILE NVT.dcd AT STEP 5690
WRITING COORDINATES TO DCD FILE NVT.dcd AT STEP 5700
WRITING COORDINATES TO DCD FILE NVT.dcd AT STEP 5710
WRITING COORDINATES TO DCD FILE NVT.dcd AT STEP 5720
WRITING COORDINATES TO DCD FILE NVT.dcd AT STEP 5730
WRITING COORDINATES TO DCD FILE NVT.dcd AT STEP 5740
WRITING COORDINATES TO DCD FILE NVT.dcd AT STEP 5750
WRITING COORDINATES TO DCD FILE NVT.dcd AT STEP 5760
WRITING COORDINATES TO DCD FILE NVT.dcd AT STEP 5770
WRITING COORDINATES TO DCD FILE NVT.dcd AT STEP 5780
WRITING COORDINATES TO DCD FILE NVT.dcd AT STEP 5790
WRITING COORDINATES TO DCD FILE NVT.dcd AT STEP 5800
WRITING COORDINATES TO DCD FILE NVT.dcd AT STEP 5810
WRITING COORDINATES TO DCD FILE NVT.dcd AT STEP 5820
WRITING COORDINATES TO DCD FILE NVT.dcd AT STEP 5830
WRITING COORDINATES TO DCD FILE NVT.dcd AT STEP 5840
WRITING COORDINATES TO DCD FILE NVT.dcd AT STEP 5850
WRITING COORDINATES TO DCD FILE NVT.dcd AT STEP 5860
WRITING COORDINATES TO DCD FILE NVT.dcd AT STEP 5870
WRITING COORDINATES TO DCD FILE NVT.dcd AT STEP 5880
WRITING COORDINATES TO DCD FILE NVT.dcd AT STEP 5890
WRITING COORDINATES TO DCD FILE NVT.dcd AT STEP 5900
WRITING COORDINATES TO DCD FILE NVT.dcd AT STEP 5910
WRITING COORDINATES TO DCD FILE NVT.dcd AT STEP 5920
WRITING COORDINATES TO DCD FILE NVT.dcd AT STEP 5930
WRITING COORDINATES TO DCD FILE NVT.dcd AT STEP 5940
WRITING COORDINATES TO DCD FILE NVT.dcd AT STEP 5950
WRITING COORDINATES TO DCD FILE NVT.dcd AT STEP 5960
WRITING COORDINATES TO DCD FILE NVT.dcd AT STEP 5970
WRITING COORDINATES TO DCD FILE NVT.dcd AT STEP 5980
WRITING COORDINATES TO DCD FILE NVT.dcd AT STEP 5990
PRESSURE: 6000 -322.092 -272.498 60.5451 -272.498 343.865 -406.843 60.5451 -406.843 -388.044
GPRESSURE: 6000 -359.157 -377.696 214.798 -242.117 412.414 -468.579 35.1346 -324.929 -348.12
PRESSAVG: 6000 -120.42 1.99182 -19.5141 1.99182 -71.8265 -87.2086 -19.5141 -87.2086 -173.992
GPRESSAVG: 6000 -120.797 1.87794 -19.0928 1.85961 -72.0156 -87.4023 -20.0593 -87.0507 -173.722
ENERGY:    6000      1536.4881      8993.3400      5713.7948        92.3416         -60912.0497     -1423.9594         0.0000         0.0000     18372.5570         -27627.4876       296.5294    -46000.0446    -27480.4931       296.4782           -122.0902       -98.2878    266327.7836      -122.0795      -122.1783

WRITING COORDINATES TO DCD FILE NVT.dcd AT STEP 6000
WRITING COORDINATES TO DCD FILE NVT.dcd AT STEP 6010
WRITING COORDINATES TO DCD FILE NVT.dcd AT STEP 6020
WRITING COORDINATES TO DCD FILE NVT.dcd AT STEP 6030
WRITING COORDINATES TO DCD FILE NVT.dcd AT STEP 6040
WRITING COORDINATES TO DCD FILE NVT.dcd AT STEP 6050
WRITING COORDINATES TO DCD FILE NVT.dcd AT STEP 6060
WRITING COORDINATES TO DCD FILE NVT.dcd AT STEP 6070
WRITING COORDINATES TO DCD FILE NVT.dcd AT STEP 6080
WRITING COORDINATES TO DCD FILE NVT.dcd AT STEP 6090
WRITING COORDINATES TO DCD FILE NVT.dcd AT STEP 6100
WRITING COORDINATES TO DCD FILE NVT.dcd AT STEP 6110
WRITING COORDINATES TO DCD FILE NVT.dcd AT STEP 6120
WRITING COORDINATES TO DCD FILE NVT.dcd AT STEP 6130
WRITING COORDINATES TO DCD FILE NVT.dcd AT STEP 6140
LDB: ============= START OF LOAD BALANCING ============== 1044.99
LDB: ============== END OF LOAD BALANCING =============== 1044.99
LDB: =============== DONE WITH MIGRATION ================ 1044.99
WRITING COORDINATES TO DCD FILE NVT.dcd AT STEP 6150
WRITING COORDINATES TO DCD FILE NVT.dcd AT STEP 6160
WRITING COORDINATES TO DCD FILE NVT.dcd AT STEP 6170
WRITING COORDINATES TO DCD FILE NVT.dcd AT STEP 6180
WRITING COORDINATES TO DCD FILE NVT.dcd AT STEP 6190
LDB: ============= START OF LOAD BALANCING ============== 1053.28
LDB: ============== END OF LOAD BALANCING =============== 1053.28
LDB: =============== DONE WITH MIGRATION ================ 1053.28
WRITING COORDINATES TO DCD FILE NVT.dcd AT STEP 6200
WRITING COORDINATES TO DCD FILE NVT.dcd AT STEP 6210
WRITING COORDINATES TO DCD FILE NVT.dcd AT STEP 6220
WRITING COORDINATES TO DCD FILE NVT.dcd AT STEP 6230
WRITING COORDINATES TO DCD FILE NVT.dcd AT STEP 6240
WRITING COORDINATES TO DCD FILE NVT.dcd AT STEP 6250
WRITING COORDINATES TO DCD FILE NVT.dcd AT STEP 6260
WRITING COORDINATES TO DCD FILE NVT.dcd AT STEP 6270
WRITING COORDINATES TO DCD FILE NVT.dcd AT STEP 6280
WRITING COORDINATES TO DCD FILE NVT.dcd AT STEP 6290
WRITING COORDINATES TO DCD FILE NVT.dcd AT STEP 6300
WRITING COORDINATES TO DCD FILE NVT.dcd AT STEP 6310
WRITING COORDINATES TO DCD FILE NVT.dcd AT STEP 6320
WRITING COORDINATES TO DCD FILE NVT.dcd AT STEP 6330
WRITING COORDINATES TO DCD FILE NVT.dcd AT STEP 6340
WRITING COORDINATES TO DCD FILE NVT.dcd AT STEP 6350
WRITING COORDINATES TO DCD FILE NVT.dcd AT STEP 6360
WRITING COORDINATES TO DCD FILE NVT.dcd AT STEP 6370
WRITING COORDINATES TO DCD FILE NVT.dcd AT STEP 6380
WRITING COORDINATES TO DCD FILE NVT.dcd AT STEP 6390
WRITING COORDINATES TO DCD FILE NVT.dcd AT STEP 6400
WRITING COORDINATES TO DCD FILE NVT.dcd AT STEP 6410
WRITING COORDINATES TO DCD FILE NVT.dcd AT STEP 6420
WRITING COORDINATES TO DCD FILE NVT.dcd AT STEP 6430
WRITING COORDINATES TO DCD FILE NVT.dcd AT STEP 6440
WRITING COORDINATES TO DCD FILE NVT.dcd AT STEP 6450
WRITING COORDINATES TO DCD FILE NVT.dcd AT STEP 6460
WRITING COORDINATES TO DCD FILE NVT.dcd AT STEP 6470
WRITING COORDINATES TO DCD FILE NVT.dcd AT STEP 6480
WRITING COORDINATES TO DCD FILE NVT.dcd AT STEP 6490
WRITING COORDINATES TO DCD FILE NVT.dcd AT STEP 6500
WRITING COORDINATES TO DCD FILE NVT.dcd AT STEP 6510
WRITING COORDINATES TO DCD FILE NVT.dcd AT STEP 6520
WRITING COORDINATES TO DCD FILE NVT.dcd AT STEP 6530
WRITING COORDINATES TO DCD FILE NVT.dcd AT STEP 6540
WRITING COORDINATES TO DCD FILE NVT.dcd AT STEP 6550
WRITING COORDINATES TO DCD FILE NVT.dcd AT STEP 6560
WRITING COORDINATES TO DCD FILE NVT.dcd AT STEP 6570
WRITING COORDINATES TO DCD FILE NVT.dcd AT STEP 6580
WRITING COORDINATES TO DCD FILE NVT.dcd AT STEP 6590
WRITING COORDINATES TO DCD FILE NVT.dcd AT STEP 6600
WRITING COORDINATES TO DCD FILE NVT.dcd AT STEP 6610
WRITING COORDINATES TO DCD FILE NVT.dcd AT STEP 6620
WRITING COORDINATES TO DCD FILE NVT.dcd AT STEP 6630
WRITING COORDINATES TO DCD FILE NVT.dcd AT STEP 6640
WRITING COORDINATES TO DCD FILE NVT.dcd AT STEP 6650
WRITING COORDINATES TO DCD FILE NVT.dcd AT STEP 6660
WRITING COORDINATES TO DCD FILE NVT.dcd AT STEP 6670
WRITING COORDINATES TO DCD FILE NVT.dcd AT STEP 6680
WRITING COORDINATES TO DCD FILE NVT.dcd AT STEP 6690
WRITING COORDINATES TO DCD FILE NVT.dcd AT STEP 6700
WRITING COORDINATES TO DCD FILE NVT.dcd AT STEP 6710
WRITING COORDINATES TO DCD FILE NVT.dcd AT STEP 6720
WRITING COORDINATES TO DCD FILE NVT.dcd AT STEP 6730
WRITING COORDINATES TO DCD FILE NVT.dcd AT STEP 6740
WRITING COORDINATES TO DCD FILE NVT.dcd AT STEP 6750
WRITING COORDINATES TO DCD FILE NVT.dcd AT STEP 6760
WRITING COORDINATES TO DCD FILE NVT.dcd AT STEP 6770
WRITING COORDINATES TO DCD FILE NVT.dcd AT STEP 6780
WRITING COORDINATES TO DCD FILE NVT.dcd AT STEP 6790
WRITING COORDINATES TO DCD FILE NVT.dcd AT STEP 6800
WRITING COORDINATES TO DCD FILE NVT.dcd AT STEP 6810
WRITING COORDINATES TO DCD FILE NVT.dcd AT STEP 6820
WRITING COORDINATES TO DCD FILE NVT.dcd AT STEP 6830
WRITING COORDINATES TO DCD FILE NVT.dcd AT STEP 6840
WRITING COORDINATES TO DCD FILE NVT.dcd AT STEP 6850
WRITING COORDINATES TO DCD FILE NVT.dcd AT STEP 6860
WRITING COORDINATES TO DCD FILE NVT.dcd AT STEP 6870
WRITING COORDINATES TO DCD FILE NVT.dcd AT STEP 6880
WRITING COORDINATES TO DCD FILE NVT.dcd AT STEP 6890
WRITING COORDINATES TO DCD FILE NVT.dcd AT STEP 6900
WRITING COORDINATES TO DCD FILE NVT.dcd AT STEP 6910
WRITING COORDINATES TO DCD FILE NVT.dcd AT STEP 6920
WRITING COORDINATES TO DCD FILE NVT.dcd AT STEP 6930
WRITING COORDINATES TO DCD FILE NVT.dcd AT STEP 6940
WRITING COORDINATES TO DCD FILE NVT.dcd AT STEP 6950
WRITING COORDINATES TO DCD FILE NVT.dcd AT STEP 6960
WRITING COORDINATES TO DCD FILE NVT.dcd AT STEP 6970
WRITING COORDINATES TO DCD FILE NVT.dcd AT STEP 6980
WRITING COORDINATES TO DCD FILE NVT.dcd AT STEP 6990
PRESSURE: 7000 139.475 31.3986 -26.276 31.3986 265.024 -69.993 -26.276 -69.993 -127.333
GPRESSURE: 7000 174.066 -112.429 -106.387 18.1134 137.065 -171.926 58.0638 70.2952 30.392
PRESSAVG: 7000 -71.0791 -0.792855 -37.6547 -0.792855 -37.9699 -25.7098 -37.6547 -25.7098 11.4721
GPRESSAVG: 7000 -70.9976 -1.03003 -37.6612 -0.141177 -38.0624 -26.0414 -36.4386 -25.7077 12.1054
ENERGY:    7000      1565.6768      8980.9123      5687.8159        88.3207         -61130.3642     -1180.6482         0.0000         0.0000     18507.0745         -27481.2123       298.7005    -45988.2867    -27334.5477       296.5432             92.3887       113.8408    266327.7836       -32.5256       -32.3182

WRITING COORDINATES TO DCD FILE NVT.dcd AT STEP 7000
WRITING COORDINATES TO DCD FILE NVT.dcd AT STEP 7010
WRITING COORDINATES TO DCD FILE NVT.dcd AT STEP 7020
WRITING COORDINATES TO DCD FILE NVT.dcd AT STEP 7030
WRITING COORDINATES TO DCD FILE NVT.dcd AT STEP 7040
WRITING COORDINATES TO DCD FILE NVT.dcd AT STEP 7050
WRITING COORDINATES TO DCD FILE NVT.dcd AT STEP 7060
WRITING COORDINATES TO DCD FILE NVT.dcd AT STEP 7070
WRITING COORDINATES TO DCD FILE NVT.dcd AT STEP 7080
WRITING COORDINATES TO DCD FILE NVT.dcd AT STEP 7090
WRITING COORDINATES TO DCD FILE NVT.dcd AT STEP 7100
WRITING COORDINATES TO DCD FILE NVT.dcd AT STEP 7110
WRITING COORDINATES TO DCD FILE NVT.dcd AT STEP 7120
WRITING COORDINATES TO DCD FILE NVT.dcd AT STEP 7130
WRITING COORDINATES TO DCD FILE NVT.dcd AT STEP 7140
WRITING COORDINATES TO DCD FILE NVT.dcd AT STEP 7150
WRITING COORDINATES TO DCD FILE NVT.dcd AT STEP 7160
WRITING COORDINATES TO DCD FILE NVT.dcd AT STEP 7170
WRITING COORDINATES TO DCD FILE NVT.dcd AT STEP 7180
WRITING COORDINATES TO DCD FILE NVT.dcd AT STEP 7190
WRITING COORDINATES TO DCD FILE NVT.dcd AT STEP 7200
WRITING COORDINATES TO DCD FILE NVT.dcd AT STEP 7210
WRITING COORDINATES TO DCD FILE NVT.dcd AT STEP 7220
WRITING COORDINATES TO DCD FILE NVT.dcd AT STEP 7230
WRITING COORDINATES TO DCD FILE NVT.dcd AT STEP 7240
WRITING COORDINATES TO DCD FILE NVT.dcd AT STEP 7250
WRITING COORDINATES TO DCD FILE NVT.dcd AT STEP 7260
WRITING COORDINATES TO DCD FILE NVT.dcd AT STEP 7270
WRITING COORDINATES TO DCD FILE NVT.dcd AT STEP 7280
WRITING COORDINATES TO DCD FILE NVT.dcd AT STEP 7290
WRITING COORDINATES TO DCD FILE NVT.dcd AT STEP 7300
WRITING COORDINATES TO DCD FILE NVT.dcd AT STEP 7310
WRITING COORDINATES TO DCD FILE NVT.dcd AT STEP 7320
WRITING COORDINATES TO DCD FILE NVT.dcd AT STEP 7330
WRITING COORDINATES TO DCD FILE NVT.dcd AT STEP 7340
WRITING COORDINATES TO DCD FILE NVT.dcd AT STEP 7350
WRITING COORDINATES TO DCD FILE NVT.dcd AT STEP 7360
WRITING COORDINATES TO DCD FILE NVT.dcd AT STEP 7370
WRITING COORDINATES TO DCD FILE NVT.dcd AT STEP 7380
WRITING COORDINATES TO DCD FILE NVT.dcd AT STEP 7390
WRITING COORDINATES TO DCD FILE NVT.dcd AT STEP 7400
WRITING COORDINATES TO DCD FILE NVT.dcd AT STEP 7410
WRITING COORDINATES TO DCD FILE NVT.dcd AT STEP 7420
WRITING COORDINATES TO DCD FILE NVT.dcd AT STEP 7430
WRITING COORDINATES TO DCD FILE NVT.dcd AT STEP 7440
WRITING COORDINATES TO DCD FILE NVT.dcd AT STEP 7450
WRITING COORDINATES TO DCD FILE NVT.dcd AT STEP 7460
WRITING COORDINATES TO DCD FILE NVT.dcd AT STEP 7470
WRITING COORDINATES TO DCD FILE NVT.dcd AT STEP 7480
WRITING COORDINATES TO DCD FILE NVT.dcd AT STEP 7490
WRITING COORDINATES TO DCD FILE NVT.dcd AT STEP 7500
WRITING COORDINATES TO DCD FILE NVT.dcd AT STEP 7510
WRITING COORDINATES TO DCD FILE NVT.dcd AT STEP 7520
WRITING COORDINATES TO DCD FILE NVT.dcd AT STEP 7530
WRITING COORDINATES TO DCD FILE NVT.dcd AT STEP 7540
WRITING COORDINATES TO DCD FILE NVT.dcd AT STEP 7550
WRITING COORDINATES TO DCD FILE NVT.dcd AT STEP 7560
WRITING COORDINATES TO DCD FILE NVT.dcd AT STEP 7570
WRITING COORDINATES TO DCD FILE NVT.dcd AT STEP 7580
WRITING COORDINATES TO DCD FILE NVT.dcd AT STEP 7590
WRITING COORDINATES TO DCD FILE NVT.dcd AT STEP 7600
WRITING COORDINATES TO DCD FILE NVT.dcd AT STEP 7610
WRITING COORDINATES TO DCD FILE NVT.dcd AT STEP 7620
WRITING COORDINATES TO DCD FILE NVT.dcd AT STEP 7630
WRITING COORDINATES TO DCD FILE NVT.dcd AT STEP 7640
WRITING COORDINATES TO DCD FILE NVT.dcd AT STEP 7650
WRITING COORDINATES TO DCD FILE NVT.dcd AT STEP 7660
WRITING COORDINATES TO DCD FILE NVT.dcd AT STEP 7670
WRITING COORDINATES TO DCD FILE NVT.dcd AT STEP 7680
WRITING COORDINATES TO DCD FILE NVT.dcd AT STEP 7690
WRITING COORDINATES TO DCD FILE NVT.dcd AT STEP 7700
WRITING COORDINATES TO DCD FILE NVT.dcd AT STEP 7710
WRITING COORDINATES TO DCD FILE NVT.dcd AT STEP 7720
WRITING COORDINATES TO DCD FILE NVT.dcd AT STEP 7730
WRITING COORDINATES TO DCD FILE NVT.dcd AT STEP 7740
WRITING COORDINATES TO DCD FILE NVT.dcd AT STEP 7750
WRITING COORDINATES TO DCD FILE NVT.dcd AT STEP 7760
WRITING COORDINATES TO DCD FILE NVT.dcd AT STEP 7770
WRITING COORDINATES TO DCD FILE NVT.dcd AT STEP 7780
WRITING COORDINATES TO DCD FILE NVT.dcd AT STEP 7790
WRITING COORDINATES TO DCD FILE NVT.dcd AT STEP 7800
WRITING COORDINATES TO DCD FILE NVT.dcd AT STEP 7810
WRITING COORDINATES TO DCD FILE NVT.dcd AT STEP 7820
WRITING COORDINATES TO DCD FILE NVT.dcd AT STEP 7830
WRITING COORDINATES TO DCD FILE NVT.dcd AT STEP 7840
WRITING COORDINATES TO DCD FILE NVT.dcd AT STEP 7850
WRITING COORDINATES TO DCD FILE NVT.dcd AT STEP 7860
WRITING COORDINATES TO DCD FILE NVT.dcd AT STEP 7870
WRITING COORDINATES TO DCD FILE NVT.dcd AT STEP 7880
WRITING COORDINATES TO DCD FILE NVT.dcd AT STEP 7890
WRITING COORDINATES TO DCD FILE NVT.dcd AT STEP 7900
WRITING COORDINATES TO DCD FILE NVT.dcd AT STEP 7910
WRITING COORDINATES TO DCD FILE NVT.dcd AT STEP 7920
WRITING COORDINATES TO DCD FILE NVT.dcd AT STEP 7930
WRITING COORDINATES TO DCD FILE NVT.dcd AT STEP 7940
WRITING COORDINATES TO DCD FILE NVT.dcd AT STEP 7950
WRITING COORDINATES TO DCD FILE NVT.dcd AT STEP 7960
WRITING COORDINATES TO DCD FILE NVT.dcd AT STEP 7970
WRITING COORDINATES TO DCD FILE NVT.dcd AT STEP 7980
WRITING COORDINATES TO DCD FILE NVT.dcd AT STEP 7990
PRESSURE: 8000 -267.581 249.492 60.435 249.492 -88.7703 105.924 60.435 105.924 -265.655
GPRESSURE: 8000 -234.413 99.6788 225.651 369.92 -71.8485 2.89006 154.582 86.1329 -264.542
PRESSAVG: 8000 -183.819 39.3706 -17.424 39.3706 -138.823 -52.9327 -17.424 -52.9327 -190.731
GPRESSAVG: 8000 -183.793 39.6325 -17.6684 39.197 -138.587 -52.4032 -18.5418 -53.4419 -190.853
ENERGY:    8000      1558.1195      9152.3945      5695.2284        68.7538         -60982.0922     -1338.8831         0.0000         0.0000     18380.3521         -27466.1270       296.6552    -45846.4792    -27315.4924       296.8782           -207.3355      -190.2677    266327.7836      -171.1242      -171.0776

WRITING COORDINATES TO DCD FILE NVT.dcd AT STEP 8000
WRITING COORDINATES TO DCD FILE NVT.dcd AT STEP 8010
WRITING COORDINATES TO DCD FILE NVT.dcd AT STEP 8020
WRITING COORDINATES TO DCD FILE NVT.dcd AT STEP 8030
WRITING COORDINATES TO DCD FILE NVT.dcd AT STEP 8040
WRITING COORDINATES TO DCD FILE NVT.dcd AT STEP 8050
WRITING COORDINATES TO DCD FILE NVT.dcd AT STEP 8060
WRITING COORDINATES TO DCD FILE NVT.dcd AT STEP 8070
WRITING COORDINATES TO DCD FILE NVT.dcd AT STEP 8080
WRITING COORDINATES TO DCD FILE NVT.dcd AT STEP 8090
WRITING COORDINATES TO DCD FILE NVT.dcd AT STEP 8100
WRITING COORDINATES TO DCD FILE NVT.dcd AT STEP 8110
WRITING COORDINATES TO DCD FILE NVT.dcd AT STEP 8120
WRITING COORDINATES TO DCD FILE NVT.dcd AT STEP 8130
WRITING COORDINATES TO DCD FILE NVT.dcd AT STEP 8140
LDB: ============= START OF LOAD BALANCING ============== 1376.46
LDB: ============== END OF LOAD BALANCING =============== 1376.46
LDB: =============== DONE WITH MIGRATION ================ 1376.46
WRITING COORDINATES TO DCD FILE NVT.dcd AT STEP 8150
WRITING COORDINATES TO DCD FILE NVT.dcd AT STEP 8160
WRITING COORDINATES TO DCD FILE NVT.dcd AT STEP 8170
WRITING COORDINATES TO DCD FILE NVT.dcd AT STEP 8180
WRITING COORDINATES TO DCD FILE NVT.dcd AT STEP 8190
LDB: ============= START OF LOAD BALANCING ============== 1384.75
LDB: ============== END OF LOAD BALANCING =============== 1384.75
LDB: =============== DONE WITH MIGRATION ================ 1384.75
WRITING COORDINATES TO DCD FILE NVT.dcd AT STEP 8200
WRITING COORDINATES TO DCD FILE NVT.dcd AT STEP 8210
WRITING COORDINATES TO DCD FILE NVT.dcd AT STEP 8220
WRITING COORDINATES TO DCD FILE NVT.dcd AT STEP 8230
WRITING COORDINATES TO DCD FILE NVT.dcd AT STEP 8240
WRITING COORDINATES TO DCD FILE NVT.dcd AT STEP 8250
WRITING COORDINATES TO DCD FILE NVT.dcd AT STEP 8260
WRITING COORDINATES TO DCD FILE NVT.dcd AT STEP 8270
WRITING COORDINATES TO DCD FILE NVT.dcd AT STEP 8280
WRITING COORDINATES TO DCD FILE NVT.dcd AT STEP 8290
WRITING COORDINATES TO DCD FILE NVT.dcd AT STEP 8300
WRITING COORDINATES TO DCD FILE NVT.dcd AT STEP 8310
WRITING COORDINATES TO DCD FILE NVT.dcd AT STEP 8320
WRITING COORDINATES TO DCD FILE NVT.dcd AT STEP 8330
WRITING COORDINATES TO DCD FILE NVT.dcd AT STEP 8340
WRITING COORDINATES TO DCD FILE NVT.dcd AT STEP 8350
WRITING COORDINATES TO DCD FILE NVT.dcd AT STEP 8360
WRITING COORDINATES TO DCD FILE NVT.dcd AT STEP 8370
WRITING COORDINATES TO DCD FILE NVT.dcd AT STEP 8380
WRITING COORDINATES TO DCD FILE NVT.dcd AT STEP 8390
WRITING COORDINATES TO DCD FILE NVT.dcd AT STEP 8400
WRITING COORDINATES TO DCD FILE NVT.dcd AT STEP 8410
WRITING COORDINATES TO DCD FILE NVT.dcd AT STEP 8420
WRITING COORDINATES TO DCD FILE NVT.dcd AT STEP 8430
WRITING COORDINATES TO DCD FILE NVT.dcd AT STEP 8440
WRITING COORDINATES TO DCD FILE NVT.dcd AT STEP 8450
WRITING COORDINATES TO DCD FILE NVT.dcd AT STEP 8460
WRITING COORDINATES TO DCD FILE NVT.dcd AT STEP 8470
WRITING COORDINATES TO DCD FILE NVT.dcd AT STEP 8480
WRITING COORDINATES TO DCD FILE NVT.dcd AT STEP 8490
WRITING COORDINATES TO DCD FILE NVT.dcd AT STEP 8500
WRITING COORDINATES TO DCD FILE NVT.dcd AT STEP 8510
WRITING COORDINATES TO DCD FILE NVT.dcd AT STEP 8520
WRITING COORDINATES TO DCD FILE NVT.dcd AT STEP 8530
WRITING COORDINATES TO DCD FILE NVT.dcd AT STEP 8540
WRITING COORDINATES TO DCD FILE NVT.dcd AT STEP 8550
WRITING COORDINATES TO DCD FILE NVT.dcd AT STEP 8560
WRITING COORDINATES TO DCD FILE NVT.dcd AT STEP 8570
WRITING COORDINATES TO DCD FILE NVT.dcd AT STEP 8580
WRITING COORDINATES TO DCD FILE NVT.dcd AT STEP 8590
WRITING COORDINATES TO DCD FILE NVT.dcd AT STEP 8600
WRITING COORDINATES TO DCD FILE NVT.dcd AT STEP 8610
WRITING COORDINATES TO DCD FILE NVT.dcd AT STEP 8620
WRITING COORDINATES TO DCD FILE NVT.dcd AT STEP 8630
WRITING COORDINATES TO DCD FILE NVT.dcd AT STEP 8640
WRITING COORDINATES TO DCD FILE NVT.dcd AT STEP 8650
WRITING COORDINATES TO DCD FILE NVT.dcd AT STEP 8660
WRITING COORDINATES TO DCD FILE NVT.dcd AT STEP 8670
WRITING COORDINATES TO DCD FILE NVT.dcd AT STEP 8680
WRITING COORDINATES TO DCD FILE NVT.dcd AT STEP 8690
WRITING COORDINATES TO DCD FILE NVT.dcd AT STEP 8700
WRITING COORDINATES TO DCD FILE NVT.dcd AT STEP 8710
WRITING COORDINATES TO DCD FILE NVT.dcd AT STEP 8720
WRITING COORDINATES TO DCD FILE NVT.dcd AT STEP 8730
WRITING COORDINATES TO DCD FILE NVT.dcd AT STEP 8740
WRITING COORDINATES TO DCD FILE NVT.dcd AT STEP 8750
WRITING COORDINATES TO DCD FILE NVT.dcd AT STEP 8760
WRITING COORDINATES TO DCD FILE NVT.dcd AT STEP 8770
WRITING COORDINATES TO DCD FILE NVT.dcd AT STEP 8780
WRITING COORDINATES TO DCD FILE NVT.dcd AT STEP 8790
WRITING COORDINATES TO DCD FILE NVT.dcd AT STEP 8800
WRITING COORDINATES TO DCD FILE NVT.dcd AT STEP 8810
WRITING COORDINATES TO DCD FILE NVT.dcd AT STEP 8820
WRITING COORDINATES TO DCD FILE NVT.dcd AT STEP 8830
WRITING COORDINATES TO DCD FILE NVT.dcd AT STEP 8840
WRITING COORDINATES TO DCD FILE NVT.dcd AT STEP 8850
WRITING COORDINATES TO DCD FILE NVT.dcd AT STEP 8860
WRITING COORDINATES TO DCD FILE NVT.dcd AT STEP 8870
WRITING COORDINATES TO DCD FILE NVT.dcd AT STEP 8880
WRITING COORDINATES TO DCD FILE NVT.dcd AT STEP 8890
WRITING COORDINATES TO DCD FILE NVT.dcd AT STEP 8900
WRITING COORDINATES TO DCD FILE NVT.dcd AT STEP 8910
WRITING COORDINATES TO DCD FILE NVT.dcd AT STEP 8920
WRITING COORDINATES TO DCD FILE NVT.dcd AT STEP 8930
WRITING COORDINATES TO DCD FILE NVT.dcd AT STEP 8940
WRITING COORDINATES TO DCD FILE NVT.dcd AT STEP 8950
WRITING COORDINATES TO DCD FILE NVT.dcd AT STEP 8960
WRITING COORDINATES TO DCD FILE NVT.dcd AT STEP 8970
WRITING COORDINATES TO DCD FILE NVT.dcd AT STEP 8980
WRITING COORDINATES TO DCD FILE NVT.dcd AT STEP 8990
PRESSURE: 9000 -254.692 -24.7291 294.457 -24.7291 176.932 -115.363 294.457 -115.363 430.47
GPRESSURE: 9000 -120.842 134.221 436.247 12.6214 79.3115 -51.3674 23.9165 -229.957 464.263
PRESSAVG: 9000 -106.052 17.443 -14.1561 17.443 -93.9276 -30.8169 -14.1561 -30.8169 -105.655
GPRESSAVG: 9000 -105.548 17.5833 -14.2458 16.668 -94.1582 -30.2082 -14.0084 -31.1004 -105.783
ENERGY:    9000      1538.2671      9039.4174      5737.4555        72.3302         -60715.3977     -1448.1795         0.0000         0.0000     18404.8695         -27371.2374       297.0510    -45776.1070    -27228.6198       296.5918            117.5698       140.9107    266327.7836      -101.8782      -101.8298

WRITING COORDINATES TO DCD FILE NVT.dcd AT STEP 9000
WRITING COORDINATES TO DCD FILE NVT.dcd AT STEP 9010
WRITING COORDINATES TO DCD FILE NVT.dcd AT STEP 9020
WRITING COORDINATES TO DCD FILE NVT.dcd AT STEP 9030
WRITING COORDINATES TO DCD FILE NVT.dcd AT STEP 9040
WRITING COORDINATES TO DCD FILE NVT.dcd AT STEP 9050
WRITING COORDINATES TO DCD FILE NVT.dcd AT STEP 9060
WRITING COORDINATES TO DCD FILE NVT.dcd AT STEP 9070
WRITING COORDINATES TO DCD FILE NVT.dcd AT STEP 9080
WRITING COORDINATES TO DCD FILE NVT.dcd AT STEP 9090
WRITING COORDINATES TO DCD FILE NVT.dcd AT STEP 9100
WRITING COORDINATES TO DCD FILE NVT.dcd AT STEP 9110
WRITING COORDINATES TO DCD FILE NVT.dcd AT STEP 9120
WRITING COORDINATES TO DCD FILE NVT.dcd AT STEP 9130
WRITING COORDINATES TO DCD FILE NVT.dcd AT STEP 9140
WRITING COORDINATES TO DCD FILE NVT.dcd AT STEP 9150
WRITING COORDINATES TO DCD FILE NVT.dcd AT STEP 9160
WRITING COORDINATES TO DCD FILE NVT.dcd AT STEP 9170
WRITING COORDINATES TO DCD FILE NVT.dcd AT STEP 9180
WRITING COORDINATES TO DCD FILE NVT.dcd AT STEP 9190
WRITING COORDINATES TO DCD FILE NVT.dcd AT STEP 9200
WRITING COORDINATES TO DCD FILE NVT.dcd AT STEP 9210
WRITING COORDINATES TO DCD FILE NVT.dcd AT STEP 9220
WRITING COORDINATES TO DCD FILE NVT.dcd AT STEP 9230
WRITING COORDINATES TO DCD FILE NVT.dcd AT STEP 9240
WRITING COORDINATES TO DCD FILE NVT.dcd AT STEP 9250
WRITING COORDINATES TO DCD FILE NVT.dcd AT STEP 9260
WRITING COORDINATES TO DCD FILE NVT.dcd AT STEP 9270
WRITING COORDINATES TO DCD FILE NVT.dcd AT STEP 9280
WRITING COORDINATES TO DCD FILE NVT.dcd AT STEP 9290
WRITING COORDINATES TO DCD FILE NVT.dcd AT STEP 9300
WRITING COORDINATES TO DCD FILE NVT.dcd AT STEP 9310
WRITING COORDINATES TO DCD FILE NVT.dcd AT STEP 9320
WRITING COORDINATES TO DCD FILE NVT.dcd AT STEP 9330
WRITING COORDINATES TO DCD FILE NVT.dcd AT STEP 9340
WRITING COORDINATES TO DCD FILE NVT.dcd AT STEP 9350
WRITING COORDINATES TO DCD FILE NVT.dcd AT STEP 9360
WRITING COORDINATES TO DCD FILE NVT.dcd AT STEP 9370
WRITING COORDINATES TO DCD FILE NVT.dcd AT STEP 9380
WRITING COORDINATES TO DCD FILE NVT.dcd AT STEP 9390
WRITING COORDINATES TO DCD FILE NVT.dcd AT STEP 9400
WRITING COORDINATES TO DCD FILE NVT.dcd AT STEP 9410
WRITING COORDINATES TO DCD FILE NVT.dcd AT STEP 9420
WRITING COORDINATES TO DCD FILE NVT.dcd AT STEP 9430
WRITING COORDINATES TO DCD FILE NVT.dcd AT STEP 9440
WRITING COORDINATES TO DCD FILE NVT.dcd AT STEP 9450
WRITING COORDINATES TO DCD FILE NVT.dcd AT STEP 9460
WRITING COORDINATES TO DCD FILE NVT.dcd AT STEP 9470
WRITING COORDINATES TO DCD FILE NVT.dcd AT STEP 9480
WRITING COORDINATES TO DCD FILE NVT.dcd AT STEP 9490
WRITING COORDINATES TO DCD FILE NVT.dcd AT STEP 9500
WRITING COORDINATES TO DCD FILE NVT.dcd AT STEP 9510
WRITING COORDINATES TO DCD FILE NVT.dcd AT STEP 9520
WRITING COORDINATES TO DCD FILE NVT.dcd AT STEP 9530
WRITING COORDINATES TO DCD FILE NVT.dcd AT STEP 9540
WRITING COORDINATES TO DCD FILE NVT.dcd AT STEP 9550
WRITING COORDINATES TO DCD FILE NVT.dcd AT STEP 9560
WRITING COORDINATES TO DCD FILE NVT.dcd AT STEP 9570
WRITING COORDINATES TO DCD FILE NVT.dcd AT STEP 9580
WRITING COORDINATES TO DCD FILE NVT.dcd AT STEP 9590
WRITING COORDINATES TO DCD FILE NVT.dcd AT STEP 9600
WRITING COORDINATES TO DCD FILE NVT.dcd AT STEP 9610
WRITING COORDINATES TO DCD FILE NVT.dcd AT STEP 9620
WRITING COORDINATES TO DCD FILE NVT.dcd AT STEP 9630
WRITING COORDINATES TO DCD FILE NVT.dcd AT STEP 9640
WRITING COORDINATES TO DCD FILE NVT.dcd AT STEP 9650
WRITING COORDINATES TO DCD FILE NVT.dcd AT STEP 9660
WRITING COORDINATES TO DCD FILE NVT.dcd AT STEP 9670
WRITING COORDINATES TO DCD FILE NVT.dcd AT STEP 9680
WRITING COORDINATES TO DCD FILE NVT.dcd AT STEP 9690
WRITING COORDINATES TO DCD FILE NVT.dcd AT STEP 9700
WRITING COORDINATES TO DCD FILE NVT.dcd AT STEP 9710
WRITING COORDINATES TO DCD FILE NVT.dcd AT STEP 9720
WRITING COORDINATES TO DCD FILE NVT.dcd AT STEP 9730
WRITING COORDINATES TO DCD FILE NVT.dcd AT STEP 9740
WRITING COORDINATES TO DCD FILE NVT.dcd AT STEP 9750
WRITING COORDINATES TO DCD FILE NVT.dcd AT STEP 9760
WRITING COORDINATES TO DCD FILE NVT.dcd AT STEP 9770
WRITING COORDINATES TO DCD FILE NVT.dcd AT STEP 9780
WRITING COORDINATES TO DCD FILE NVT.dcd AT STEP 9790
WRITING COORDINATES TO DCD FILE NVT.dcd AT STEP 9800
WRITING COORDINATES TO DCD FILE NVT.dcd AT STEP 9810
WRITING COORDINATES TO DCD FILE NVT.dcd AT STEP 9820
WRITING COORDINATES TO DCD FILE NVT.dcd AT STEP 9830
WRITING COORDINATES TO DCD FILE NVT.dcd AT STEP 9840
WRITING COORDINATES TO DCD FILE NVT.dcd AT STEP 9850
WRITING COORDINATES TO DCD FILE NVT.dcd AT STEP 9860
WRITING COORDINATES TO DCD FILE NVT.dcd AT STEP 9870
WRITING COORDINATES TO DCD FILE NVT.dcd AT STEP 9880
WRITING COORDINATES TO DCD FILE NVT.dcd AT STEP 9890
WRITING COORDINATES TO DCD FILE NVT.dcd AT STEP 9900
WRITING COORDINATES TO DCD FILE NVT.dcd AT STEP 9910
WRITING COORDINATES TO DCD FILE NVT.dcd AT STEP 9920
WRITING COORDINATES TO DCD FILE NVT.dcd AT STEP 9930
WRITING COORDINATES TO DCD FILE NVT.dcd AT STEP 9940
WRITING COORDINATES TO DCD FILE NVT.dcd AT STEP 9950
WRITING COORDINATES TO DCD FILE NVT.dcd AT STEP 9960
WRITING COORDINATES TO DCD FILE NVT.dcd AT STEP 9970
WRITING COORDINATES TO DCD FILE NVT.dcd AT STEP 9980
WRITING COORDINATES TO DCD FILE NVT.dcd AT STEP 9990
PRESSURE: 10000 509.482 -7.72239 -154.098 -7.72239 87.6523 228.934 -154.098 228.934 304.432
GPRESSURE: 10000 487.917 -34.114 -251.461 100.522 28.6811 269.518 -142.895 221.246 409.415
PRESSAVG: 10000 -9.30785 -32.1399 11.4948 -32.1399 39.2736 -36.056 11.4948 -36.056 -5.08429
GPRESSAVG: 10000 -9.75102 -31.5794 12.07 -31.696 39.6474 -36.679 11.539 -35.5691 -4.94279
TIMING: 10000  CPU: 1658.52, 0.165814/step  Wall: 1658.57, 0.16582/step, 1.84244 hours remaining, 856.964849 MB of memory in use.
PERFORMANCE: 10000  averaging 1.0421 ns/day, 0.16582 sec/step with standard deviation 0
ETITLE:      TS           BOND          ANGLE          DIHED          IMPRP               ELECT            VDW       BOUNDARY           MISC        KINETIC               TOTAL           TEMP      POTENTIAL         TOTAL3        TEMPAVG            PRESSURE      GPRESSURE         VOLUME       PRESSAVG      GPRESSAVG

ENERGY:   10000      1537.0504      9141.3922      5751.2351        76.2073         -60946.3372     -1301.8852         0.0000         0.0000     18551.1779         -27191.1595       299.4123    -45742.3373    -27036.7244       298.2946            300.5224       308.6711    266327.7836         8.2938         8.3179

WRITING EXTENDED SYSTEM TO RESTART FILE AT STEP 10000
WRITING COORDINATES TO DCD FILE NVT.dcd AT STEP 10000
WRITING COORDINATES TO RESTART FILE AT STEP 10000
FINISHED WRITING RESTART COORDINATES
WRITING VELOCITIES TO RESTART FILE AT STEP 10000
FINISHED WRITING RESTART VELOCITIES
The last velocity output (seq=10000) takes 0.000 seconds, 856.965 MB of memory in use
WRITING COORDINATES TO DCD FILE NVT.dcd AT STEP 10010
WRITING COORDINATES TO DCD FILE NVT.dcd AT STEP 10020
WRITING COORDINATES TO DCD FILE NVT.dcd AT STEP 10030
WRITING COORDINATES TO DCD FILE NVT.dcd AT STEP 10040
WRITING COORDINATES TO DCD FILE NVT.dcd AT STEP 10050
WRITING COORDINATES TO DCD FILE NVT.dcd AT STEP 10060
WRITING COORDINATES TO DCD FILE NVT.dcd AT STEP 10070
WRITING COORDINATES TO DCD FILE NVT.dcd AT STEP 10080
WRITING COORDINATES TO DCD FILE NVT.dcd AT STEP 10090
WRITING COORDINATES TO DCD FILE NVT.dcd AT STEP 10100
WRITING COORDINATES TO DCD FILE NVT.dcd AT STEP 10110
WRITING COORDINATES TO DCD FILE NVT.dcd AT STEP 10120
WRITING COORDINATES TO DCD FILE NVT.dcd AT STEP 10130
WRITING COORDINATES TO DCD FILE NVT.dcd AT STEP 10140
LDB: ============= START OF LOAD BALANCING ============== 1708.16
LDB: ============== END OF LOAD BALANCING =============== 1708.16
LDB: =============== DONE WITH MIGRATION ================ 1708.16
WRITING COORDINATES TO DCD FILE NVT.dcd AT STEP 10150
WRITING COORDINATES TO DCD FILE NVT.dcd AT STEP 10160
WRITING COORDINATES TO DCD FILE NVT.dcd AT STEP 10170
WRITING COORDINATES TO DCD FILE NVT.dcd AT STEP 10180
WRITING COORDINATES TO DCD FILE NVT.dcd AT STEP 10190
LDB: ============= START OF LOAD BALANCING ============== 1716.44
LDB: ============== END OF LOAD BALANCING =============== 1716.44
LDB: =============== DONE WITH MIGRATION ================ 1716.44
WRITING COORDINATES TO DCD FILE NVT.dcd AT STEP 10200
WRITING COORDINATES TO DCD FILE NVT.dcd AT STEP 10210
WRITING COORDINATES TO DCD FILE NVT.dcd AT STEP 10220
WRITING COORDINATES TO DCD FILE NVT.dcd AT STEP 10230
WRITING COORDINATES TO DCD FILE NVT.dcd AT STEP 10240
WRITING COORDINATES TO DCD FILE NVT.dcd AT STEP 10250
WRITING COORDINATES TO DCD FILE NVT.dcd AT STEP 10260
WRITING COORDINATES TO DCD FILE NVT.dcd AT STEP 10270
WRITING COORDINATES TO DCD FILE NVT.dcd AT STEP 10280
WRITING COORDINATES TO DCD FILE NVT.dcd AT STEP 10290
WRITING COORDINATES TO DCD FILE NVT.dcd AT STEP 10300
WRITING COORDINATES TO DCD FILE NVT.dcd AT STEP 10310
WRITING COORDINATES TO DCD FILE NVT.dcd AT STEP 10320
WRITING COORDINATES TO DCD FILE NVT.dcd AT STEP 10330
WRITING COORDINATES TO DCD FILE NVT.dcd AT STEP 10340
WRITING COORDINATES TO DCD FILE NVT.dcd AT STEP 10350
WRITING COORDINATES TO DCD FILE NVT.dcd AT STEP 10360
WRITING COORDINATES TO DCD FILE NVT.dcd AT STEP 10370
WRITING COORDINATES TO DCD FILE NVT.dcd AT STEP 10380
WRITING COORDINATES TO DCD FILE NVT.dcd AT STEP 10390
WRITING COORDINATES TO DCD FILE NVT.dcd AT STEP 10400
WRITING COORDINATES TO DCD FILE NVT.dcd AT STEP 10410
WRITING COORDINATES TO DCD FILE NVT.dcd AT STEP 10420
WRITING COORDINATES TO DCD FILE NVT.dcd AT STEP 10430
WRITING COORDINATES TO DCD FILE NVT.dcd AT STEP 10440
WRITING COORDINATES TO DCD FILE NVT.dcd AT STEP 10450
WRITING COORDINATES TO DCD FILE NVT.dcd AT STEP 10460
WRITING COORDINATES TO DCD FILE NVT.dcd AT STEP 10470
WRITING COORDINATES TO DCD FILE NVT.dcd AT STEP 10480
WRITING COORDINATES TO DCD FILE NVT.dcd AT STEP 10490
WRITING COORDINATES TO DCD FILE NVT.dcd AT STEP 10500
WRITING COORDINATES TO DCD FILE NVT.dcd AT STEP 10510
WRITING COORDINATES TO DCD FILE NVT.dcd AT STEP 10520
WRITING COORDINATES TO DCD FILE NVT.dcd AT STEP 10530
WRITING COORDINATES TO DCD FILE NVT.dcd AT STEP 10540
WRITING COORDINATES TO DCD FILE NVT.dcd AT STEP 10550
WRITING COORDINATES TO DCD FILE NVT.dcd AT STEP 10560
WRITING COORDINATES TO DCD FILE NVT.dcd AT STEP 10570
WRITING COORDINATES TO DCD FILE NVT.dcd AT STEP 10580
WRITING COORDINATES TO DCD FILE NVT.dcd AT STEP 10590
WRITING COORDINATES TO DCD FILE NVT.dcd AT STEP 10600
WRITING COORDINATES TO DCD FILE NVT.dcd AT STEP 10610
WRITING COORDINATES TO DCD FILE NVT.dcd AT STEP 10620
WRITING COORDINATES TO DCD FILE NVT.dcd AT STEP 10630
WRITING COORDINATES TO DCD FILE NVT.dcd AT STEP 10640
WRITING COORDINATES TO DCD FILE NVT.dcd AT STEP 10650
WRITING COORDINATES TO DCD FILE NVT.dcd AT STEP 10660
WRITING COORDINATES TO DCD FILE NVT.dcd AT STEP 10670
WRITING COORDINATES TO DCD FILE NVT.dcd AT STEP 10680
WRITING COORDINATES TO DCD FILE NVT.dcd AT STEP 10690
WRITING COORDINATES TO DCD FILE NVT.dcd AT STEP 10700
WRITING COORDINATES TO DCD FILE NVT.dcd AT STEP 10710
WRITING COORDINATES TO DCD FILE NVT.dcd AT STEP 10720
WRITING COORDINATES TO DCD FILE NVT.dcd AT STEP 10730
WRITING COORDINATES TO DCD FILE NVT.dcd AT STEP 10740
WRITING COORDINATES TO DCD FILE NVT.dcd AT STEP 10750
WRITING COORDINATES TO DCD FILE NVT.dcd AT STEP 10760
WRITING COORDINATES TO DCD FILE NVT.dcd AT STEP 10770
WRITING COORDINATES TO DCD FILE NVT.dcd AT STEP 10780
WRITING COORDINATES TO DCD FILE NVT.dcd AT STEP 10790
WRITING COORDINATES TO DCD FILE NVT.dcd AT STEP 10800
WRITING COORDINATES TO DCD FILE NVT.dcd AT STEP 10810
WRITING COORDINATES TO DCD FILE NVT.dcd AT STEP 10820
WRITING COORDINATES TO DCD FILE NVT.dcd AT STEP 10830
WRITING COORDINATES TO DCD FILE NVT.dcd AT STEP 10840
WRITING COORDINATES TO DCD FILE NVT.dcd AT STEP 10850
WRITING COORDINATES TO DCD FILE NVT.dcd AT STEP 10860
WRITING COORDINATES TO DCD FILE NVT.dcd AT STEP 10870
WRITING COORDINATES TO DCD FILE NVT.dcd AT STEP 10880
WRITING COORDINATES TO DCD FILE NVT.dcd AT STEP 10890
WRITING COORDINATES TO DCD FILE NVT.dcd AT STEP 10900
WRITING COORDINATES TO DCD FILE NVT.dcd AT STEP 10910
WRITING COORDINATES TO DCD FILE NVT.dcd AT STEP 10920
WRITING COORDINATES TO DCD FILE NVT.dcd AT STEP 10930
WRITING COORDINATES TO DCD FILE NVT.dcd AT STEP 10940
WRITING COORDINATES TO DCD FILE NVT.dcd AT STEP 10950
WRITING COORDINATES TO DCD FILE NVT.dcd AT STEP 10960
WRITING COORDINATES TO DCD FILE NVT.dcd AT STEP 10970
WRITING COORDINATES TO DCD FILE NVT.dcd AT STEP 10980
WRITING COORDINATES TO DCD FILE NVT.dcd AT STEP 10990
PRESSURE: 11000 -704.377 -216.359 -28.3084 -216.359 -156.301 38.7215 -28.3084 38.7215 -998.845
GPRESSURE: 11000 -544.468 -173.541 114.683 -97.2483 -285.596 143.701 -73.4404 -1.31579 -984.403
PRESSAVG: 11000 -134.591 -34.2802 -54.9199 -34.2802 3.48835 19.428 -54.9199 19.428 -92.1427
GPRESSAVG: 11000 -134.052 -35.0669 -55.7743 -34.7596 3.7304 19.3926 -54.8735 20.2515 -92.5648
ENERGY:   11000      1572.5438      9048.3849      5644.3291        77.1957         -60996.2080     -1484.9807         0.0000         0.0000     18442.1005         -27696.6346       297.6519    -46138.7351    -27544.2808       297.1313           -619.8409      -604.8222    266327.7836       -74.4149       -74.2955

WRITING COORDINATES TO DCD FILE NVT.dcd AT STEP 11000
WRITING COORDINATES TO DCD FILE NVT.dcd AT STEP 11010
WRITING COORDINATES TO DCD FILE NVT.dcd AT STEP 11020
WRITING COORDINATES TO DCD FILE NVT.dcd AT STEP 11030
WRITING COORDINATES TO DCD FILE NVT.dcd AT STEP 11040
WRITING COORDINATES TO DCD FILE NVT.dcd AT STEP 11050
WRITING COORDINATES TO DCD FILE NVT.dcd AT STEP 11060
WRITING COORDINATES TO DCD FILE NVT.dcd AT STEP 11070
WRITING COORDINATES TO DCD FILE NVT.dcd AT STEP 11080
WRITING COORDINATES TO DCD FILE NVT.dcd AT STEP 11090
WRITING COORDINATES TO DCD FILE NVT.dcd AT STEP 11100
WRITING COORDINATES TO DCD FILE NVT.dcd AT STEP 11110
WRITING COORDINATES TO DCD FILE NVT.dcd AT STEP 11120
WRITING COORDINATES TO DCD FILE NVT.dcd AT STEP 11130
WRITING COORDINATES TO DCD FILE NVT.dcd AT STEP 11140
WRITING COORDINATES TO DCD FILE NVT.dcd AT STEP 11150
WRITING COORDINATES TO DCD FILE NVT.dcd AT STEP 11160
WRITING COORDINATES TO DCD FILE NVT.dcd AT STEP 11170
WRITING COORDINATES TO DCD FILE NVT.dcd AT STEP 11180
WRITING COORDINATES TO DCD FILE NVT.dcd AT STEP 11190
WRITING COORDINATES TO DCD FILE NVT.dcd AT STEP 11200
WRITING COORDINATES TO DCD FILE NVT.dcd AT STEP 11210
WRITING COORDINATES TO DCD FILE NVT.dcd AT STEP 11220
WRITING COORDINATES TO DCD FILE NVT.dcd AT STEP 11230
WRITING COORDINATES TO DCD FILE NVT.dcd AT STEP 11240
WRITING COORDINATES TO DCD FILE NVT.dcd AT STEP 11250
WRITING COORDINATES TO DCD FILE NVT.dcd AT STEP 11260
WRITING COORDINATES TO DCD FILE NVT.dcd AT STEP 11270
WRITING COORDINATES TO DCD FILE NVT.dcd AT STEP 11280
WRITING COORDINATES TO DCD FILE NVT.dcd AT STEP 11290
WRITING COORDINATES TO DCD FILE NVT.dcd AT STEP 11300
WRITING COORDINATES TO DCD FILE NVT.dcd AT STEP 11310
WRITING COORDINATES TO DCD FILE NVT.dcd AT STEP 11320
WRITING COORDINATES TO DCD FILE NVT.dcd AT STEP 11330
WRITING COORDINATES TO DCD FILE NVT.dcd AT STEP 11340
WRITING COORDINATES TO DCD FILE NVT.dcd AT STEP 11350
WRITING COORDINATES TO DCD FILE NVT.dcd AT STEP 11360
WRITING COORDINATES TO DCD FILE NVT.dcd AT STEP 11370
WRITING COORDINATES TO DCD FILE NVT.dcd AT STEP 11380
WRITING COORDINATES TO DCD FILE NVT.dcd AT STEP 11390
WRITING COORDINATES TO DCD FILE NVT.dcd AT STEP 11400
WRITING COORDINATES TO DCD FILE NVT.dcd AT STEP 11410
WRITING COORDINATES TO DCD FILE NVT.dcd AT STEP 11420
WRITING COORDINATES TO DCD FILE NVT.dcd AT STEP 11430
WRITING COORDINATES TO DCD FILE NVT.dcd AT STEP 11440
WRITING COORDINATES TO DCD FILE NVT.dcd AT STEP 11450
WRITING COORDINATES TO DCD FILE NVT.dcd AT STEP 11460
WRITING COORDINATES TO DCD FILE NVT.dcd AT STEP 11470
WRITING COORDINATES TO DCD FILE NVT.dcd AT STEP 11480
WRITING COORDINATES TO DCD FILE NVT.dcd AT STEP 11490
WRITING COORDINATES TO DCD FILE NVT.dcd AT STEP 11500
WRITING COORDINATES TO DCD FILE NVT.dcd AT STEP 11510
WRITING COORDINATES TO DCD FILE NVT.dcd AT STEP 11520
WRITING COORDINATES TO DCD FILE NVT.dcd AT STEP 11530
WRITING COORDINATES TO DCD FILE NVT.dcd AT STEP 11540
WRITING COORDINATES TO DCD FILE NVT.dcd AT STEP 11550
WRITING COORDINATES TO DCD FILE NVT.dcd AT STEP 11560
WRITING COORDINATES TO DCD FILE NVT.dcd AT STEP 11570
WRITING COORDINATES TO DCD FILE NVT.dcd AT STEP 11580
WRITING COORDINATES TO DCD FILE NVT.dcd AT STEP 11590
WRITING COORDINATES TO DCD FILE NVT.dcd AT STEP 11600
WRITING COORDINATES TO DCD FILE NVT.dcd AT STEP 11610
WRITING COORDINATES TO DCD FILE NVT.dcd AT STEP 11620
WRITING COORDINATES TO DCD FILE NVT.dcd AT STEP 11630
WRITING COORDINATES TO DCD FILE NVT.dcd AT STEP 11640
WRITING COORDINATES TO DCD FILE NVT.dcd AT STEP 11650
WRITING COORDINATES TO DCD FILE NVT.dcd AT STEP 11660
WRITING COORDINATES TO DCD FILE NVT.dcd AT STEP 11670
WRITING COORDINATES TO DCD FILE NVT.dcd AT STEP 11680
WRITING COORDINATES TO DCD FILE NVT.dcd AT STEP 11690
WRITING COORDINATES TO DCD FILE NVT.dcd AT STEP 11700
WRITING COORDINATES TO DCD FILE NVT.dcd AT STEP 11710
WRITING COORDINATES TO DCD FILE NVT.dcd AT STEP 11720
WRITING COORDINATES TO DCD FILE NVT.dcd AT STEP 11730
WRITING COORDINATES TO DCD FILE NVT.dcd AT STEP 11740
WRITING COORDINATES TO DCD FILE NVT.dcd AT STEP 11750
WRITING COORDINATES TO DCD FILE NVT.dcd AT STEP 11760
WRITING COORDINATES TO DCD FILE NVT.dcd AT STEP 11770
WRITING COORDINATES TO DCD FILE NVT.dcd AT STEP 11780
WRITING COORDINATES TO DCD FILE NVT.dcd AT STEP 11790
WRITING COORDINATES TO DCD FILE NVT.dcd AT STEP 11800
WRITING COORDINATES TO DCD FILE NVT.dcd AT STEP 11810
WRITING COORDINATES TO DCD FILE NVT.dcd AT STEP 11820
WRITING COORDINATES TO DCD FILE NVT.dcd AT STEP 11830
WRITING COORDINATES TO DCD FILE NVT.dcd AT STEP 11840
WRITING COORDINATES TO DCD FILE NVT.dcd AT STEP 11850
WRITING COORDINATES TO DCD FILE NVT.dcd AT STEP 11860
WRITING COORDINATES TO DCD FILE NVT.dcd AT STEP 11870
WRITING COORDINATES TO DCD FILE NVT.dcd AT STEP 11880
WRITING COORDINATES TO DCD FILE NVT.dcd AT STEP 11890
WRITING COORDINATES TO DCD FILE NVT.dcd AT STEP 11900
WRITING COORDINATES TO DCD FILE NVT.dcd AT STEP 11910
WRITING COORDINATES TO DCD FILE NVT.dcd AT STEP 11920
WRITING COORDINATES TO DCD FILE NVT.dcd AT STEP 11930
WRITING COORDINATES TO DCD FILE NVT.dcd AT STEP 11940
WRITING COORDINATES TO DCD FILE NVT.dcd AT STEP 11950
WRITING COORDINATES TO DCD FILE NVT.dcd AT STEP 11960
WRITING COORDINATES TO DCD FILE NVT.dcd AT STEP 11970
WRITING COORDINATES TO DCD FILE NVT.dcd AT STEP 11980
WRITING COORDINATES TO DCD FILE NVT.dcd AT STEP 11990
PRESSURE: 12000 -331.304 95.9258 -288.803 95.9258 177.938 -142.1 -288.803 -142.1 -1096.66
GPRESSURE: 12000 -280.128 144.915 -218.009 25.4548 56.4469 -224.72 -243.031 -210.745 -992.497
PRESSAVG: 12000 -225.212 -25.3317 -23.0218 -25.3317 -52.8221 -5.6011 -23.0218 -5.6011 -124.651
GPRESSAVG: 12000 -225.46 -25.4969 -22.4496 -25.5598 -52.6988 -5.91 -22.3594 -6.12526 -124.188
ENERGY:   12000      1565.2574      9093.5461      5696.2901        69.0551         -61201.9467     -1352.1543         0.0000         0.0000     18407.8211         -27722.1312       297.0986    -46129.9523    -27573.4126       295.4666           -416.6742      -405.3925    266327.7836      -134.2284      -134.1155

WRITING COORDINATES TO DCD FILE NVT.dcd AT STEP 12000
WRITING COORDINATES TO DCD FILE NVT.dcd AT STEP 12010
WRITING COORDINATES TO DCD FILE NVT.dcd AT STEP 12020
WRITING COORDINATES TO DCD FILE NVT.dcd AT STEP 12030
WRITING COORDINATES TO DCD FILE NVT.dcd AT STEP 12040
WRITING COORDINATES TO DCD FILE NVT.dcd AT STEP 12050
WRITING COORDINATES TO DCD FILE NVT.dcd AT STEP 12060
WRITING COORDINATES TO DCD FILE NVT.dcd AT STEP 12070
WRITING COORDINATES TO DCD FILE NVT.dcd AT STEP 12080
WRITING COORDINATES TO DCD FILE NVT.dcd AT STEP 12090
WRITING COORDINATES TO DCD FILE NVT.dcd AT STEP 12100
WRITING COORDINATES TO DCD FILE NVT.dcd AT STEP 12110
WRITING COORDINATES TO DCD FILE NVT.dcd AT STEP 12120
WRITING COORDINATES TO DCD FILE NVT.dcd AT STEP 12130
WRITING COORDINATES TO DCD FILE NVT.dcd AT STEP 12140
LDB: ============= START OF LOAD BALANCING ============== 2039.91
LDB: ============== END OF LOAD BALANCING =============== 2039.91
LDB: =============== DONE WITH MIGRATION ================ 2039.91
WRITING COORDINATES TO DCD FILE NVT.dcd AT STEP 12150
WRITING COORDINATES TO DCD FILE NVT.dcd AT STEP 12160
WRITING COORDINATES TO DCD FILE NVT.dcd AT STEP 12170
WRITING COORDINATES TO DCD FILE NVT.dcd AT STEP 12180
WRITING COORDINATES TO DCD FILE NVT.dcd AT STEP 12190
LDB: ============= START OF LOAD BALANCING ============== 2048.19
LDB: ============== END OF LOAD BALANCING =============== 2048.19
LDB: =============== DONE WITH MIGRATION ================ 2048.19
WRITING COORDINATES TO DCD FILE NVT.dcd AT STEP 12200
WRITING COORDINATES TO DCD FILE NVT.dcd AT STEP 12210
WRITING COORDINATES TO DCD FILE NVT.dcd AT STEP 12220
WRITING COORDINATES TO DCD FILE NVT.dcd AT STEP 12230
WRITING COORDINATES TO DCD FILE NVT.dcd AT STEP 12240
WRITING COORDINATES TO DCD FILE NVT.dcd AT STEP 12250
WRITING COORDINATES TO DCD FILE NVT.dcd AT STEP 12260
WRITING COORDINATES TO DCD FILE NVT.dcd AT STEP 12270
WRITING COORDINATES TO DCD FILE NVT.dcd AT STEP 12280
WRITING COORDINATES TO DCD FILE NVT.dcd AT STEP 12290
WRITING COORDINATES TO DCD FILE NVT.dcd AT STEP 12300
WRITING COORDINATES TO DCD FILE NVT.dcd AT STEP 12310
WRITING COORDINATES TO DCD FILE NVT.dcd AT STEP 12320
WRITING COORDINATES TO DCD FILE NVT.dcd AT STEP 12330
WRITING COORDINATES TO DCD FILE NVT.dcd AT STEP 12340
WRITING COORDINATES TO DCD FILE NVT.dcd AT STEP 12350
WRITING COORDINATES TO DCD FILE NVT.dcd AT STEP 12360
WRITING COORDINATES TO DCD FILE NVT.dcd AT STEP 12370
WRITING COORDINATES TO DCD FILE NVT.dcd AT STEP 12380
WRITING COORDINATES TO DCD FILE NVT.dcd AT STEP 12390
WRITING COORDINATES TO DCD FILE NVT.dcd AT STEP 12400
WRITING COORDINATES TO DCD FILE NVT.dcd AT STEP 12410
WRITING COORDINATES TO DCD FILE NVT.dcd AT STEP 12420
WRITING COORDINATES TO DCD FILE NVT.dcd AT STEP 12430
WRITING COORDINATES TO DCD FILE NVT.dcd AT STEP 12440
WRITING COORDINATES TO DCD FILE NVT.dcd AT STEP 12450
WRITING COORDINATES TO DCD FILE NVT.dcd AT STEP 12460
WRITING COORDINATES TO DCD FILE NVT.dcd AT STEP 12470
WRITING COORDINATES TO DCD FILE NVT.dcd AT STEP 12480
WRITING COORDINATES TO DCD FILE NVT.dcd AT STEP 12490
WRITING COORDINATES TO DCD FILE NVT.dcd AT STEP 12500
WRITING COORDINATES TO DCD FILE NVT.dcd AT STEP 12510
WRITING COORDINATES TO DCD FILE NVT.dcd AT STEP 12520
WRITING COORDINATES TO DCD FILE NVT.dcd AT STEP 12530
WRITING COORDINATES TO DCD FILE NVT.dcd AT STEP 12540
WRITING COORDINATES TO DCD FILE NVT.dcd AT STEP 12550
WRITING COORDINATES TO DCD FILE NVT.dcd AT STEP 12560
WRITING COORDINATES TO DCD FILE NVT.dcd AT STEP 12570
WRITING COORDINATES TO DCD FILE NVT.dcd AT STEP 12580
WRITING COORDINATES TO DCD FILE NVT.dcd AT STEP 12590
WRITING COORDINATES TO DCD FILE NVT.dcd AT STEP 12600
WRITING COORDINATES TO DCD FILE NVT.dcd AT STEP 12610
WRITING COORDINATES TO DCD FILE NVT.dcd AT STEP 12620
WRITING COORDINATES TO DCD FILE NVT.dcd AT STEP 12630
WRITING COORDINATES TO DCD FILE NVT.dcd AT STEP 12640
WRITING COORDINATES TO DCD FILE NVT.dcd AT STEP 12650
WRITING COORDINATES TO DCD FILE NVT.dcd AT STEP 12660
WRITING COORDINATES TO DCD FILE NVT.dcd AT STEP 12670
WRITING COORDINATES TO DCD FILE NVT.dcd AT STEP 12680
WRITING COORDINATES TO DCD FILE NVT.dcd AT STEP 12690
WRITING COORDINATES TO DCD FILE NVT.dcd AT STEP 12700
WRITING COORDINATES TO DCD FILE NVT.dcd AT STEP 12710
WRITING COORDINATES TO DCD FILE NVT.dcd AT STEP 12720
WRITING COORDINATES TO DCD FILE NVT.dcd AT STEP 12730
WRITING COORDINATES TO DCD FILE NVT.dcd AT STEP 12740
WRITING COORDINATES TO DCD FILE NVT.dcd AT STEP 12750
WRITING COORDINATES TO DCD FILE NVT.dcd AT STEP 12760
WRITING COORDINATES TO DCD FILE NVT.dcd AT STEP 12770
WRITING COORDINATES TO DCD FILE NVT.dcd AT STEP 12780
WRITING COORDINATES TO DCD FILE NVT.dcd AT STEP 12790
WRITING COORDINATES TO DCD FILE NVT.dcd AT STEP 12800
WRITING COORDINATES TO DCD FILE NVT.dcd AT STEP 12810
WRITING COORDINATES TO DCD FILE NVT.dcd AT STEP 12820
WRITING COORDINATES TO DCD FILE NVT.dcd AT STEP 12830
WRITING COORDINATES TO DCD FILE NVT.dcd AT STEP 12840
WRITING COORDINATES TO DCD FILE NVT.dcd AT STEP 12850
WRITING COORDINATES TO DCD FILE NVT.dcd AT STEP 12860
WRITING COORDINATES TO DCD FILE NVT.dcd AT STEP 12870
WRITING COORDINATES TO DCD FILE NVT.dcd AT STEP 12880
WRITING COORDINATES TO DCD FILE NVT.dcd AT STEP 12890
WRITING COORDINATES TO DCD FILE NVT.dcd AT STEP 12900
WRITING COORDINATES TO DCD FILE NVT.dcd AT STEP 12910
WRITING COORDINATES TO DCD FILE NVT.dcd AT STEP 12920
WRITING COORDINATES TO DCD FILE NVT.dcd AT STEP 12930
WRITING COORDINATES TO DCD FILE NVT.dcd AT STEP 12940
WRITING COORDINATES TO DCD FILE NVT.dcd AT STEP 12950
WRITING COORDINATES TO DCD FILE NVT.dcd AT STEP 12960
WRITING COORDINATES TO DCD FILE NVT.dcd AT STEP 12970
WRITING COORDINATES TO DCD FILE NVT.dcd AT STEP 12980
WRITING COORDINATES TO DCD FILE NVT.dcd AT STEP 12990
PRESSURE: 13000 -526.671 -143.89 385.203 -143.89 -298.888 -333.746 385.203 -333.746 -193.345
GPRESSURE: 13000 -545.375 36.0933 325.856 -344.857 -255.432 -378.188 241.254 -344.178 -157.255
PRESSAVG: 13000 -86.1868 -13.2412 13.181 -13.2412 -39.5762 -25.2012 13.181 -25.2012 -113.383
GPRESSAVG: 13000 -85.467 -13.199 13.0376 -13.1019 -40.1866 -25.0032 12.5853 -24.6892 -113.928
ENERGY:   13000      1583.0935      9066.2701      5686.5276        80.9835         -61060.0198     -1384.7810         0.0000         0.0000     18291.6157         -27736.3104       295.2231    -46027.9261    -27589.2802       295.0753           -339.6347      -319.3541    266327.7836       -79.7154       -79.8604

WRITING COORDINATES TO DCD FILE NVT.dcd AT STEP 13000
WRITING COORDINATES TO DCD FILE NVT.dcd AT STEP 13010
WRITING COORDINATES TO DCD FILE NVT.dcd AT STEP 13020
WRITING COORDINATES TO DCD FILE NVT.dcd AT STEP 13030
WRITING COORDINATES TO DCD FILE NVT.dcd AT STEP 13040
WRITING COORDINATES TO DCD FILE NVT.dcd AT STEP 13050
WRITING COORDINATES TO DCD FILE NVT.dcd AT STEP 13060
WRITING COORDINATES TO DCD FILE NVT.dcd AT STEP 13070
WRITING COORDINATES TO DCD FILE NVT.dcd AT STEP 13080
WRITING COORDINATES TO DCD FILE NVT.dcd AT STEP 13090
WRITING COORDINATES TO DCD FILE NVT.dcd AT STEP 13100
WRITING COORDINATES TO DCD FILE NVT.dcd AT STEP 13110
WRITING COORDINATES TO DCD FILE NVT.dcd AT STEP 13120
WRITING COORDINATES TO DCD FILE NVT.dcd AT STEP 13130
WRITING COORDINATES TO DCD FILE NVT.dcd AT STEP 13140
WRITING COORDINATES TO DCD FILE NVT.dcd AT STEP 13150
WRITING COORDINATES TO DCD FILE NVT.dcd AT STEP 13160
WRITING COORDINATES TO DCD FILE NVT.dcd AT STEP 13170
WRITING COORDINATES TO DCD FILE NVT.dcd AT STEP 13180
WRITING COORDINATES TO DCD FILE NVT.dcd AT STEP 13190
WRITING COORDINATES TO DCD FILE NVT.dcd AT STEP 13200
WRITING COORDINATES TO DCD FILE NVT.dcd AT STEP 13210
WRITING COORDINATES TO DCD FILE NVT.dcd AT STEP 13220
WRITING COORDINATES TO DCD FILE NVT.dcd AT STEP 13230
WRITING COORDINATES TO DCD FILE NVT.dcd AT STEP 13240
WRITING COORDINATES TO DCD FILE NVT.dcd AT STEP 13250
WRITING COORDINATES TO DCD FILE NVT.dcd AT STEP 13260
WRITING COORDINATES TO DCD FILE NVT.dcd AT STEP 13270
WRITING COORDINATES TO DCD FILE NVT.dcd AT STEP 13280
WRITING COORDINATES TO DCD FILE NVT.dcd AT STEP 13290
WRITING COORDINATES TO DCD FILE NVT.dcd AT STEP 13300
WRITING COORDINATES TO DCD FILE NVT.dcd AT STEP 13310
WRITING COORDINATES TO DCD FILE NVT.dcd AT STEP 13320
WRITING COORDINATES TO DCD FILE NVT.dcd AT STEP 13330
WRITING COORDINATES TO DCD FILE NVT.dcd AT STEP 13340
WRITING COORDINATES TO DCD FILE NVT.dcd AT STEP 13350
WRITING COORDINATES TO DCD FILE NVT.dcd AT STEP 13360
WRITING COORDINATES TO DCD FILE NVT.dcd AT STEP 13370
WRITING COORDINATES TO DCD FILE NVT.dcd AT STEP 13380
WRITING COORDINATES TO DCD FILE NVT.dcd AT STEP 13390
WRITING COORDINATES TO DCD FILE NVT.dcd AT STEP 13400
WRITING COORDINATES TO DCD FILE NVT.dcd AT STEP 13410
WRITING COORDINATES TO DCD FILE NVT.dcd AT STEP 13420
WRITING COORDINATES TO DCD FILE NVT.dcd AT STEP 13430
WRITING COORDINATES TO DCD FILE NVT.dcd AT STEP 13440
WRITING COORDINATES TO DCD FILE NVT.dcd AT STEP 13450
WRITING COORDINATES TO DCD FILE NVT.dcd AT STEP 13460
WRITING COORDINATES TO DCD FILE NVT.dcd AT STEP 13470
WRITING COORDINATES TO DCD FILE NVT.dcd AT STEP 13480
WRITING COORDINATES TO DCD FILE NVT.dcd AT STEP 13490
WRITING COORDINATES TO DCD FILE NVT.dcd AT STEP 13500
WRITING COORDINATES TO DCD FILE NVT.dcd AT STEP 13510
WRITING COORDINATES TO DCD FILE NVT.dcd AT STEP 13520
WRITING COORDINATES TO DCD FILE NVT.dcd AT STEP 13530
WRITING COORDINATES TO DCD FILE NVT.dcd AT STEP 13540
WRITING COORDINATES TO DCD FILE NVT.dcd AT STEP 13550
WRITING COORDINATES TO DCD FILE NVT.dcd AT STEP 13560
WRITING COORDINATES TO DCD FILE NVT.dcd AT STEP 13570
WRITING COORDINATES TO DCD FILE NVT.dcd AT STEP 13580
WRITING COORDINATES TO DCD FILE NVT.dcd AT STEP 13590
WRITING COORDINATES TO DCD FILE NVT.dcd AT STEP 13600
WRITING COORDINATES TO DCD FILE NVT.dcd AT STEP 13610
WRITING COORDINATES TO DCD FILE NVT.dcd AT STEP 13620
WRITING COORDINATES TO DCD FILE NVT.dcd AT STEP 13630
WRITING COORDINATES TO DCD FILE NVT.dcd AT STEP 13640
WRITING COORDINATES TO DCD FILE NVT.dcd AT STEP 13650
WRITING COORDINATES TO DCD FILE NVT.dcd AT STEP 13660
WRITING COORDINATES TO DCD FILE NVT.dcd AT STEP 13670
WRITING COORDINATES TO DCD FILE NVT.dcd AT STEP 13680
WRITING COORDINATES TO DCD FILE NVT.dcd AT STEP 13690
WRITING COORDINATES TO DCD FILE NVT.dcd AT STEP 13700
WRITING COORDINATES TO DCD FILE NVT.dcd AT STEP 13710
WRITING COORDINATES TO DCD FILE NVT.dcd AT STEP 13720
WRITING COORDINATES TO DCD FILE NVT.dcd AT STEP 13730
WRITING COORDINATES TO DCD FILE NVT.dcd AT STEP 13740
WRITING COORDINATES TO DCD FILE NVT.dcd AT STEP 13750
WRITING COORDINATES TO DCD FILE NVT.dcd AT STEP 13760
WRITING COORDINATES TO DCD FILE NVT.dcd AT STEP 13770
WRITING COORDINATES TO DCD FILE NVT.dcd AT STEP 13780
WRITING COORDINATES TO DCD FILE NVT.dcd AT STEP 13790
WRITING COORDINATES TO DCD FILE NVT.dcd AT STEP 13800
WRITING COORDINATES TO DCD FILE NVT.dcd AT STEP 13810
WRITING COORDINATES TO DCD FILE NVT.dcd AT STEP 13820
WRITING COORDINATES TO DCD FILE NVT.dcd AT STEP 13830
WRITING COORDINATES TO DCD FILE NVT.dcd AT STEP 13840
WRITING COORDINATES TO DCD FILE NVT.dcd AT STEP 13850
WRITING COORDINATES TO DCD FILE NVT.dcd AT STEP 13860
WRITING COORDINATES TO DCD FILE NVT.dcd AT STEP 13870
WRITING COORDINATES TO DCD FILE NVT.dcd AT STEP 13880
WRITING COORDINATES TO DCD FILE NVT.dcd AT STEP 13890
WRITING COORDINATES TO DCD FILE NVT.dcd AT STEP 13900
WRITING COORDINATES TO DCD FILE NVT.dcd AT STEP 13910
WRITING COORDINATES TO DCD FILE NVT.dcd AT STEP 13920
WRITING COORDINATES TO DCD FILE NVT.dcd AT STEP 13930
WRITING COORDINATES TO DCD FILE NVT.dcd AT STEP 13940
WRITING COORDINATES TO DCD FILE NVT.dcd AT STEP 13950
WRITING COORDINATES TO DCD FILE NVT.dcd AT STEP 13960
WRITING COORDINATES TO DCD FILE NVT.dcd AT STEP 13970
WRITING COORDINATES TO DCD FILE NVT.dcd AT STEP 13980
WRITING COORDINATES TO DCD FILE NVT.dcd AT STEP 13990
PRESSURE: 14000 -27.0633 138.419 76.2687 138.419 82.6324 290.84 76.2687 290.84 36.1625
GPRESSURE: 14000 -101.538 -17.7411 264.964 152.908 147.141 154.229 149.501 336.393 96.8303
PRESSAVG: 14000 -3.64707 -29.0047 -16.3065 -29.0047 -97.3665 -79.3629 -16.3065 -79.3629 -114.759
GPRESSAVG: 14000 -3.79063 -29.4215 -15.6773 -28.9114 -96.9044 -79.1211 -16.7179 -80.4212 -115.027
ENERGY:   14000      1561.9852      8964.7918      5690.9999        76.0936         -61016.5363     -1300.2414         0.0000         0.0000     18341.0205         -27681.8867       296.0204    -46022.9072    -27535.9077       295.7578             30.5772        47.4780    266327.7836       -71.9242       -71.9074

WRITING COORDINATES TO DCD FILE NVT.dcd AT STEP 14000
WRITING COORDINATES TO DCD FILE NVT.dcd AT STEP 14010
WRITING COORDINATES TO DCD FILE NVT.dcd AT STEP 14020
WRITING COORDINATES TO DCD FILE NVT.dcd AT STEP 14030
WRITING COORDINATES TO DCD FILE NVT.dcd AT STEP 14040
WRITING COORDINATES TO DCD FILE NVT.dcd AT STEP 14050
WRITING COORDINATES TO DCD FILE NVT.dcd AT STEP 14060
WRITING COORDINATES TO DCD FILE NVT.dcd AT STEP 14070
WRITING COORDINATES TO DCD FILE NVT.dcd AT STEP 14080
WRITING COORDINATES TO DCD FILE NVT.dcd AT STEP 14090
WRITING COORDINATES TO DCD FILE NVT.dcd AT STEP 14100
WRITING COORDINATES TO DCD FILE NVT.dcd AT STEP 14110
WRITING COORDINATES TO DCD FILE NVT.dcd AT STEP 14120
WRITING COORDINATES TO DCD FILE NVT.dcd AT STEP 14130
WRITING COORDINATES TO DCD FILE NVT.dcd AT STEP 14140
LDB: ============= START OF LOAD BALANCING ============== 2374.29
LDB: ============== END OF LOAD BALANCING =============== 2374.29
LDB: =============== DONE WITH MIGRATION ================ 2374.29
WRITING COORDINATES TO DCD FILE NVT.dcd AT STEP 14150
WRITING COORDINATES TO DCD FILE NVT.dcd AT STEP 14160
WRITING COORDINATES TO DCD FILE NVT.dcd AT STEP 14170
WRITING COORDINATES TO DCD FILE NVT.dcd AT STEP 14180
WRITING COORDINATES TO DCD FILE NVT.dcd AT STEP 14190
LDB: ============= START OF LOAD BALANCING ============== 2382.61
LDB: ============== END OF LOAD BALANCING =============== 2382.61
LDB: =============== DONE WITH MIGRATION ================ 2382.61
WRITING COORDINATES TO DCD FILE NVT.dcd AT STEP 14200
WRITING COORDINATES TO DCD FILE NVT.dcd AT STEP 14210
WRITING COORDINATES TO DCD FILE NVT.dcd AT STEP 14220
WRITING COORDINATES TO DCD FILE NVT.dcd AT STEP 14230
WRITING COORDINATES TO DCD FILE NVT.dcd AT STEP 14240
WRITING COORDINATES TO DCD FILE NVT.dcd AT STEP 14250
WRITING COORDINATES TO DCD FILE NVT.dcd AT STEP 14260
WRITING COORDINATES TO DCD FILE NVT.dcd AT STEP 14270
WRITING COORDINATES TO DCD FILE NVT.dcd AT STEP 14280
WRITING COORDINATES TO DCD FILE NVT.dcd AT STEP 14290
WRITING COORDINATES TO DCD FILE NVT.dcd AT STEP 14300
WRITING COORDINATES TO DCD FILE NVT.dcd AT STEP 14310
WRITING COORDINATES TO DCD FILE NVT.dcd AT STEP 14320
WRITING COORDINATES TO DCD FILE NVT.dcd AT STEP 14330
WRITING COORDINATES TO DCD FILE NVT.dcd AT STEP 14340
WRITING COORDINATES TO DCD FILE NVT.dcd AT STEP 14350
WRITING COORDINATES TO DCD FILE NVT.dcd AT STEP 14360
WRITING COORDINATES TO DCD FILE NVT.dcd AT STEP 14370
WRITING COORDINATES TO DCD FILE NVT.dcd AT STEP 14380
WRITING COORDINATES TO DCD FILE NVT.dcd AT STEP 14390
WRITING COORDINATES TO DCD FILE NVT.dcd AT STEP 14400
WRITING COORDINATES TO DCD FILE NVT.dcd AT STEP 14410
WRITING COORDINATES TO DCD FILE NVT.dcd AT STEP 14420
WRITING COORDINATES TO DCD FILE NVT.dcd AT STEP 14430
WRITING COORDINATES TO DCD FILE NVT.dcd AT STEP 14440
WRITING COORDINATES TO DCD FILE NVT.dcd AT STEP 14450
WRITING COORDINATES TO DCD FILE NVT.dcd AT STEP 14460
WRITING COORDINATES TO DCD FILE NVT.dcd AT STEP 14470
WRITING COORDINATES TO DCD FILE NVT.dcd AT STEP 14480
WRITING COORDINATES TO DCD FILE NVT.dcd AT STEP 14490
WRITING COORDINATES TO DCD FILE NVT.dcd AT STEP 14500
WRITING COORDINATES TO DCD FILE NVT.dcd AT STEP 14510
WRITING COORDINATES TO DCD FILE NVT.dcd AT STEP 14520
WRITING COORDINATES TO DCD FILE NVT.dcd AT STEP 14530
WRITING COORDINATES TO DCD FILE NVT.dcd AT STEP 14540
WRITING COORDINATES TO DCD FILE NVT.dcd AT STEP 14550
WRITING COORDINATES TO DCD FILE NVT.dcd AT STEP 14560
WRITING COORDINATES TO DCD FILE NVT.dcd AT STEP 14570
WRITING COORDINATES TO DCD FILE NVT.dcd AT STEP 14580
WRITING COORDINATES TO DCD FILE NVT.dcd AT STEP 14590
WRITING COORDINATES TO DCD FILE NVT.dcd AT STEP 14600
WRITING COORDINATES TO DCD FILE NVT.dcd AT STEP 14610
WRITING COORDINATES TO DCD FILE NVT.dcd AT STEP 14620
WRITING COORDINATES TO DCD FILE NVT.dcd AT STEP 14630
WRITING COORDINATES TO DCD FILE NVT.dcd AT STEP 14640
WRITING COORDINATES TO DCD FILE NVT.dcd AT STEP 14650
WRITING COORDINATES TO DCD FILE NVT.dcd AT STEP 14660
WRITING COORDINATES TO DCD FILE NVT.dcd AT STEP 14670
WRITING COORDINATES TO DCD FILE NVT.dcd AT STEP 14680
WRITING COORDINATES TO DCD FILE NVT.dcd AT STEP 14690
WRITING COORDINATES TO DCD FILE NVT.dcd AT STEP 14700
WRITING COORDINATES TO DCD FILE NVT.dcd AT STEP 14710
WRITING COORDINATES TO DCD FILE NVT.dcd AT STEP 14720
WRITING COORDINATES TO DCD FILE NVT.dcd AT STEP 14730
WRITING COORDINATES TO DCD FILE NVT.dcd AT STEP 14740
WRITING COORDINATES TO DCD FILE NVT.dcd AT STEP 14750
WRITING COORDINATES TO DCD FILE NVT.dcd AT STEP 14760
WRITING COORDINATES TO DCD FILE NVT.dcd AT STEP 14770
WRITING COORDINATES TO DCD FILE NVT.dcd AT STEP 14780
WRITING COORDINATES TO DCD FILE NVT.dcd AT STEP 14790
WRITING COORDINATES TO DCD FILE NVT.dcd AT STEP 14800
WRITING COORDINATES TO DCD FILE NVT.dcd AT STEP 14810
WRITING COORDINATES TO DCD FILE NVT.dcd AT STEP 14820
WRITING COORDINATES TO DCD FILE NVT.dcd AT STEP 14830
WRITING COORDINATES TO DCD FILE NVT.dcd AT STEP 14840
WRITING COORDINATES TO DCD FILE NVT.dcd AT STEP 14850
WRITING COORDINATES TO DCD FILE NVT.dcd AT STEP 14860
WRITING COORDINATES TO DCD FILE NVT.dcd AT STEP 14870
WRITING COORDINATES TO DCD FILE NVT.dcd AT STEP 14880
WRITING COORDINATES TO DCD FILE NVT.dcd AT STEP 14890
WRITING COORDINATES TO DCD FILE NVT.dcd AT STEP 14900
WRITING COORDINATES TO DCD FILE NVT.dcd AT STEP 14910
WRITING COORDINATES TO DCD FILE NVT.dcd AT STEP 14920
WRITING COORDINATES TO DCD FILE NVT.dcd AT STEP 14930
WRITING COORDINATES TO DCD FILE NVT.dcd AT STEP 14940
WRITING COORDINATES TO DCD FILE NVT.dcd AT STEP 14950
WRITING COORDINATES TO DCD FILE NVT.dcd AT STEP 14960
WRITING COORDINATES TO DCD FILE NVT.dcd AT STEP 14970
WRITING COORDINATES TO DCD FILE NVT.dcd AT STEP 14980
WRITING COORDINATES TO DCD FILE NVT.dcd AT STEP 14990
PRESSURE: 15000 -358.663 -93.9489 -249.822 -93.9489 -612.291 498.232 -249.822 498.232 -322.471
GPRESSURE: 15000 -520.671 -68.6281 -254.344 -26.4623 -376.358 425.513 -383.583 221.067 -336.877
PRESSAVG: 15000 126.239 -47.8646 -56.9414 -47.8646 -76.3874 30.122 -56.9414 30.122 19.1186
GPRESSAVG: 15000 125.806 -46.7284 -57.556 -47.8097 -76.3001 29.5596 -56.7413 30.488 19.4261
ENERGY:   15000      1541.0501      9139.5329      5678.2748        76.5242         -60874.1770     -1384.9795         0.0000         0.0000     18212.2987         -27611.4758       293.9429    -45823.7745    -27461.8387       295.8916           -431.1419      -411.3019    266327.7836        22.9900        22.9773

WRITING EXTENDED SYSTEM TO RESTART FILE AT STEP 15000
WRITING COORDINATES TO DCD FILE NVT.dcd AT STEP 15000
WRITING COORDINATES TO RESTART FILE AT STEP 15000
FINISHED WRITING RESTART COORDINATES
WRITING VELOCITIES TO RESTART FILE AT STEP 15000
FINISHED WRITING RESTART VELOCITIES
The last velocity output (seq=15000) takes 0.000 seconds, 856.965 MB of memory in use
WRITING COORDINATES TO DCD FILE NVT.dcd AT STEP 15010
WRITING COORDINATES TO DCD FILE NVT.dcd AT STEP 15020
WRITING COORDINATES TO DCD FILE NVT.dcd AT STEP 15030
WRITING COORDINATES TO DCD FILE NVT.dcd AT STEP 15040
WRITING COORDINATES TO DCD FILE NVT.dcd AT STEP 15050
WRITING COORDINATES TO DCD FILE NVT.dcd AT STEP 15060
WRITING COORDINATES TO DCD FILE NVT.dcd AT STEP 15070
WRITING COORDINATES TO DCD FILE NVT.dcd AT STEP 15080
WRITING COORDINATES TO DCD FILE NVT.dcd AT STEP 15090
WRITING COORDINATES TO DCD FILE NVT.dcd AT STEP 15100
WRITING COORDINATES TO DCD FILE NVT.dcd AT STEP 15110
WRITING COORDINATES TO DCD FILE NVT.dcd AT STEP 15120
WRITING COORDINATES TO DCD FILE NVT.dcd AT STEP 15130
WRITING COORDINATES TO DCD FILE NVT.dcd AT STEP 15140
WRITING COORDINATES TO DCD FILE NVT.dcd AT STEP 15150
WRITING COORDINATES TO DCD FILE NVT.dcd AT STEP 15160
WRITING COORDINATES TO DCD FILE NVT.dcd AT STEP 15170
WRITING COORDINATES TO DCD FILE NVT.dcd AT STEP 15180
WRITING COORDINATES TO DCD FILE NVT.dcd AT STEP 15190
WRITING COORDINATES TO DCD FILE NVT.dcd AT STEP 15200
WRITING COORDINATES TO DCD FILE NVT.dcd AT STEP 15210
WRITING COORDINATES TO DCD FILE NVT.dcd AT STEP 15220
WRITING COORDINATES TO DCD FILE NVT.dcd AT STEP 15230
WRITING COORDINATES TO DCD FILE NVT.dcd AT STEP 15240
WRITING COORDINATES TO DCD FILE NVT.dcd AT STEP 15250
WRITING COORDINATES TO DCD FILE NVT.dcd AT STEP 15260
WRITING COORDINATES TO DCD FILE NVT.dcd AT STEP 15270
WRITING COORDINATES TO DCD FILE NVT.dcd AT STEP 15280
WRITING COORDINATES TO DCD FILE NVT.dcd AT STEP 15290
WRITING COORDINATES TO DCD FILE NVT.dcd AT STEP 15300
WRITING COORDINATES TO DCD FILE NVT.dcd AT STEP 15310
WRITING COORDINATES TO DCD FILE NVT.dcd AT STEP 15320
WRITING COORDINATES TO DCD FILE NVT.dcd AT STEP 15330
WRITING COORDINATES TO DCD FILE NVT.dcd AT STEP 15340
WRITING COORDINATES TO DCD FILE NVT.dcd AT STEP 15350
WRITING COORDINATES TO DCD FILE NVT.dcd AT STEP 15360
WRITING COORDINATES TO DCD FILE NVT.dcd AT STEP 15370
WRITING COORDINATES TO DCD FILE NVT.dcd AT STEP 15380
WRITING COORDINATES TO DCD FILE NVT.dcd AT STEP 15390
WRITING COORDINATES TO DCD FILE NVT.dcd AT STEP 15400
WRITING COORDINATES TO DCD FILE NVT.dcd AT STEP 15410
WRITING COORDINATES TO DCD FILE NVT.dcd AT STEP 15420
WRITING COORDINATES TO DCD FILE NVT.dcd AT STEP 15430
WRITING COORDINATES TO DCD FILE NVT.dcd AT STEP 15440
WRITING COORDINATES TO DCD FILE NVT.dcd AT STEP 15450
WRITING COORDINATES TO DCD FILE NVT.dcd AT STEP 15460
WRITING COORDINATES TO DCD FILE NVT.dcd AT STEP 15470
WRITING COORDINATES TO DCD FILE NVT.dcd AT STEP 15480
WRITING COORDINATES TO DCD FILE NVT.dcd AT STEP 15490
WRITING COORDINATES TO DCD FILE NVT.dcd AT STEP 15500
WRITING COORDINATES TO DCD FILE NVT.dcd AT STEP 15510
WRITING COORDINATES TO DCD FILE NVT.dcd AT STEP 15520
WRITING COORDINATES TO DCD FILE NVT.dcd AT STEP 15530
WRITING COORDINATES TO DCD FILE NVT.dcd AT STEP 15540
WRITING COORDINATES TO DCD FILE NVT.dcd AT STEP 15550
WRITING COORDINATES TO DCD FILE NVT.dcd AT STEP 15560
WRITING COORDINATES TO DCD FILE NVT.dcd AT STEP 15570
WRITING COORDINATES TO DCD FILE NVT.dcd AT STEP 15580
WRITING COORDINATES TO DCD FILE NVT.dcd AT STEP 15590
WRITING COORDINATES TO DCD FILE NVT.dcd AT STEP 15600
WRITING COORDINATES TO DCD FILE NVT.dcd AT STEP 15610
WRITING COORDINATES TO DCD FILE NVT.dcd AT STEP 15620
WRITING COORDINATES TO DCD FILE NVT.dcd AT STEP 15630
WRITING COORDINATES TO DCD FILE NVT.dcd AT STEP 15640
WRITING COORDINATES TO DCD FILE NVT.dcd AT STEP 15650
WRITING COORDINATES TO DCD FILE NVT.dcd AT STEP 15660
WRITING COORDINATES TO DCD FILE NVT.dcd AT STEP 15670
WRITING COORDINATES TO DCD FILE NVT.dcd AT STEP 15680
WRITING COORDINATES TO DCD FILE NVT.dcd AT STEP 15690
WRITING COORDINATES TO DCD FILE NVT.dcd AT STEP 15700
WRITING COORDINATES TO DCD FILE NVT.dcd AT STEP 15710
WRITING COORDINATES TO DCD FILE NVT.dcd AT STEP 15720
WRITING COORDINATES TO DCD FILE NVT.dcd AT STEP 15730
WRITING COORDINATES TO DCD FILE NVT.dcd AT STEP 15740
WRITING COORDINATES TO DCD FILE NVT.dcd AT STEP 15750
WRITING COORDINATES TO DCD FILE NVT.dcd AT STEP 15760
WRITING COORDINATES TO DCD FILE NVT.dcd AT STEP 15770
WRITING COORDINATES TO DCD FILE NVT.dcd AT STEP 15780
WRITING COORDINATES TO DCD FILE NVT.dcd AT STEP 15790
WRITING COORDINATES TO DCD FILE NVT.dcd AT STEP 15800
WRITING COORDINATES TO DCD FILE NVT.dcd AT STEP 15810
WRITING COORDINATES TO DCD FILE NVT.dcd AT STEP 15820
WRITING COORDINATES TO DCD FILE NVT.dcd AT STEP 15830
WRITING COORDINATES TO DCD FILE NVT.dcd AT STEP 15840
WRITING COORDINATES TO DCD FILE NVT.dcd AT STEP 15850
WRITING COORDINATES TO DCD FILE NVT.dcd AT STEP 15860
WRITING COORDINATES TO DCD FILE NVT.dcd AT STEP 15870
WRITING COORDINATES TO DCD FILE NVT.dcd AT STEP 15880
WRITING COORDINATES TO DCD FILE NVT.dcd AT STEP 15890
WRITING COORDINATES TO DCD FILE NVT.dcd AT STEP 15900
WRITING COORDINATES TO DCD FILE NVT.dcd AT STEP 15910
WRITING COORDINATES TO DCD FILE NVT.dcd AT STEP 15920
WRITING COORDINATES TO DCD FILE NVT.dcd AT STEP 15930
WRITING COORDINATES TO DCD FILE NVT.dcd AT STEP 15940
WRITING COORDINATES TO DCD FILE NVT.dcd AT STEP 15950
WRITING COORDINATES TO DCD FILE NVT.dcd AT STEP 15960
WRITING COORDINATES TO DCD FILE NVT.dcd AT STEP 15970
WRITING COORDINATES TO DCD FILE NVT.dcd AT STEP 15980
WRITING COORDINATES TO DCD FILE NVT.dcd AT STEP 15990
PRESSURE: 16000 -466.784 -223.575 101.205 -223.575 -187.203 -476.062 101.205 -476.062 -7.01394
GPRESSURE: 16000 -397.893 -122.311 123.727 -232.208 -159.106 -390.22 -158.431 -559.356 -60.1227
PRESSAVG: 16000 49.492 -27.7084 -45.1413 -27.7084 -67.3289 52.3839 -45.1413 52.3839 -26.9255
GPRESSAVG: 16000 49.3735 -28.4223 -44.4537 -27.4431 -67.5864 53.532 -45.4448 51.304 -26.6
ENERGY:   16000      1588.2195      8960.8416      5718.5990        79.8023         -61134.2765     -1290.4580         0.0000         0.0000     18144.3307         -27932.9414       292.8459    -46077.2722    -27786.5548       294.3993           -220.3339      -205.7074    266327.7836       -14.9208       -14.9376

WRITING COORDINATES TO DCD FILE NVT.dcd AT STEP 16000
WRITING COORDINATES TO DCD FILE NVT.dcd AT STEP 16010
WRITING COORDINATES TO DCD FILE NVT.dcd AT STEP 16020
WRITING COORDINATES TO DCD FILE NVT.dcd AT STEP 16030
WRITING COORDINATES TO DCD FILE NVT.dcd AT STEP 16040
WRITING COORDINATES TO DCD FILE NVT.dcd AT STEP 16050
WRITING COORDINATES TO DCD FILE NVT.dcd AT STEP 16060
WRITING COORDINATES TO DCD FILE NVT.dcd AT STEP 16070
WRITING COORDINATES TO DCD FILE NVT.dcd AT STEP 16080
WRITING COORDINATES TO DCD FILE NVT.dcd AT STEP 16090
WRITING COORDINATES TO DCD FILE NVT.dcd AT STEP 16100
WRITING COORDINATES TO DCD FILE NVT.dcd AT STEP 16110
WRITING COORDINATES TO DCD FILE NVT.dcd AT STEP 16120
WRITING COORDINATES TO DCD FILE NVT.dcd AT STEP 16130
WRITING COORDINATES TO DCD FILE NVT.dcd AT STEP 16140
LDB: ============= START OF LOAD BALANCING ============== 2708.08
LDB: ============== END OF LOAD BALANCING =============== 2708.08
LDB: =============== DONE WITH MIGRATION ================ 2708.08
WRITING COORDINATES TO DCD FILE NVT.dcd AT STEP 16150
WRITING COORDINATES TO DCD FILE NVT.dcd AT STEP 16160
WRITING COORDINATES TO DCD FILE NVT.dcd AT STEP 16170
WRITING COORDINATES TO DCD FILE NVT.dcd AT STEP 16180
WRITING COORDINATES TO DCD FILE NVT.dcd AT STEP 16190
LDB: ============= START OF LOAD BALANCING ============== 2716.44
LDB: ============== END OF LOAD BALANCING =============== 2716.44
LDB: =============== DONE WITH MIGRATION ================ 2716.44
WRITING COORDINATES TO DCD FILE NVT.dcd AT STEP 16200
WRITING COORDINATES TO DCD FILE NVT.dcd AT STEP 16210
WRITING COORDINATES TO DCD FILE NVT.dcd AT STEP 16220
WRITING COORDINATES TO DCD FILE NVT.dcd AT STEP 16230
WRITING COORDINATES TO DCD FILE NVT.dcd AT STEP 16240
WRITING COORDINATES TO DCD FILE NVT.dcd AT STEP 16250
WRITING COORDINATES TO DCD FILE NVT.dcd AT STEP 16260
WRITING COORDINATES TO DCD FILE NVT.dcd AT STEP 16270
WRITING COORDINATES TO DCD FILE NVT.dcd AT STEP 16280
WRITING COORDINATES TO DCD FILE NVT.dcd AT STEP 16290
WRITING COORDINATES TO DCD FILE NVT.dcd AT STEP 16300
WRITING COORDINATES TO DCD FILE NVT.dcd AT STEP 16310
WRITING COORDINATES TO DCD FILE NVT.dcd AT STEP 16320
WRITING COORDINATES TO DCD FILE NVT.dcd AT STEP 16330
WRITING COORDINATES TO DCD FILE NVT.dcd AT STEP 16340
WRITING COORDINATES TO DCD FILE NVT.dcd AT STEP 16350
WRITING COORDINATES TO DCD FILE NVT.dcd AT STEP 16360
WRITING COORDINATES TO DCD FILE NVT.dcd AT STEP 16370
WRITING COORDINATES TO DCD FILE NVT.dcd AT STEP 16380
WRITING COORDINATES TO DCD FILE NVT.dcd AT STEP 16390
WRITING COORDINATES TO DCD FILE NVT.dcd AT STEP 16400
WRITING COORDINATES TO DCD FILE NVT.dcd AT STEP 16410
WRITING COORDINATES TO DCD FILE NVT.dcd AT STEP 16420
WRITING COORDINATES TO DCD FILE NVT.dcd AT STEP 16430
WRITING COORDINATES TO DCD FILE NVT.dcd AT STEP 16440
WRITING COORDINATES TO DCD FILE NVT.dcd AT STEP 16450
WRITING COORDINATES TO DCD FILE NVT.dcd AT STEP 16460
WRITING COORDINATES TO DCD FILE NVT.dcd AT STEP 16470
WRITING COORDINATES TO DCD FILE NVT.dcd AT STEP 16480
WRITING COORDINATES TO DCD FILE NVT.dcd AT STEP 16490
WRITING COORDINATES TO DCD FILE NVT.dcd AT STEP 16500
WRITING COORDINATES TO DCD FILE NVT.dcd AT STEP 16510
WRITING COORDINATES TO DCD FILE NVT.dcd AT STEP 16520
WRITING COORDINATES TO DCD FILE NVT.dcd AT STEP 16530
WRITING COORDINATES TO DCD FILE NVT.dcd AT STEP 16540
WRITING COORDINATES TO DCD FILE NVT.dcd AT STEP 16550
WRITING COORDINATES TO DCD FILE NVT.dcd AT STEP 16560
WRITING COORDINATES TO DCD FILE NVT.dcd AT STEP 16570
WRITING COORDINATES TO DCD FILE NVT.dcd AT STEP 16580
WRITING COORDINATES TO DCD FILE NVT.dcd AT STEP 16590
WRITING COORDINATES TO DCD FILE NVT.dcd AT STEP 16600
WRITING COORDINATES TO DCD FILE NVT.dcd AT STEP 16610
WRITING COORDINATES TO DCD FILE NVT.dcd AT STEP 16620
WRITING COORDINATES TO DCD FILE NVT.dcd AT STEP 16630
WRITING COORDINATES TO DCD FILE NVT.dcd AT STEP 16640
WRITING COORDINATES TO DCD FILE NVT.dcd AT STEP 16650
WRITING COORDINATES TO DCD FILE NVT.dcd AT STEP 16660
WRITING COORDINATES TO DCD FILE NVT.dcd AT STEP 16670
WRITING COORDINATES TO DCD FILE NVT.dcd AT STEP 16680
WRITING COORDINATES TO DCD FILE NVT.dcd AT STEP 16690
WRITING COORDINATES TO DCD FILE NVT.dcd AT STEP 16700
WRITING COORDINATES TO DCD FILE NVT.dcd AT STEP 16710
WRITING COORDINATES TO DCD FILE NVT.dcd AT STEP 16720
WRITING COORDINATES TO DCD FILE NVT.dcd AT STEP 16730
WRITING COORDINATES TO DCD FILE NVT.dcd AT STEP 16740
WRITING COORDINATES TO DCD FILE NVT.dcd AT STEP 16750
WRITING COORDINATES TO DCD FILE NVT.dcd AT STEP 16760
WRITING COORDINATES TO DCD FILE NVT.dcd AT STEP 16770
WRITING COORDINATES TO DCD FILE NVT.dcd AT STEP 16780
WRITING COORDINATES TO DCD FILE NVT.dcd AT STEP 16790
WRITING COORDINATES TO DCD FILE NVT.dcd AT STEP 16800
WRITING COORDINATES TO DCD FILE NVT.dcd AT STEP 16810
WRITING COORDINATES TO DCD FILE NVT.dcd AT STEP 16820
WRITING COORDINATES TO DCD FILE NVT.dcd AT STEP 16830
WRITING COORDINATES TO DCD FILE NVT.dcd AT STEP 16840
WRITING COORDINATES TO DCD FILE NVT.dcd AT STEP 16850
WRITING COORDINATES TO DCD FILE NVT.dcd AT STEP 16860
WRITING COORDINATES TO DCD FILE NVT.dcd AT STEP 16870
WRITING COORDINATES TO DCD FILE NVT.dcd AT STEP 16880
WRITING COORDINATES TO DCD FILE NVT.dcd AT STEP 16890
WRITING COORDINATES TO DCD FILE NVT.dcd AT STEP 16900
WRITING COORDINATES TO DCD FILE NVT.dcd AT STEP 16910
WRITING COORDINATES TO DCD FILE NVT.dcd AT STEP 16920
WRITING COORDINATES TO DCD FILE NVT.dcd AT STEP 16930
WRITING COORDINATES TO DCD FILE NVT.dcd AT STEP 16940
WRITING COORDINATES TO DCD FILE NVT.dcd AT STEP 16950
WRITING COORDINATES TO DCD FILE NVT.dcd AT STEP 16960
WRITING COORDINATES TO DCD FILE NVT.dcd AT STEP 16970
WRITING COORDINATES TO DCD FILE NVT.dcd AT STEP 16980
WRITING COORDINATES TO DCD FILE NVT.dcd AT STEP 16990
PRESSURE: 17000 131.921 42.2964 199.978 42.2964 129.479 158.493 199.978 158.493 -680.873
GPRESSURE: 17000 174.982 2.62675 107.184 27.3758 12.2251 100.049 330.343 -168.478 -532.934
PRESSAVG: 17000 19.1308 19.4721 -70.1835 19.4721 -73.8945 -34.3496 -70.1835 -34.3496 -102.128
GPRESSAVG: 17000 19.3937 19.5436 -70.9582 19.4402 -74.0858 -35.1716 -69.1791 -34.2256 -102.387
ENERGY:   17000      1544.6741      9088.3304      5744.1938        67.9236         -61260.8333     -1140.9410         0.0000         0.0000     18368.2710         -27588.3814       296.4603    -45956.6524    -27448.1734       296.0588           -139.8244      -115.2424    266327.7836       -52.2971       -52.3595

WRITING COORDINATES TO DCD FILE NVT.dcd AT STEP 17000
WRITING COORDINATES TO DCD FILE NVT.dcd AT STEP 17010
WRITING COORDINATES TO DCD FILE NVT.dcd AT STEP 17020
WRITING COORDINATES TO DCD FILE NVT.dcd AT STEP 17030
WRITING COORDINATES TO DCD FILE NVT.dcd AT STEP 17040
WRITING COORDINATES TO DCD FILE NVT.dcd AT STEP 17050
WRITING COORDINATES TO DCD FILE NVT.dcd AT STEP 17060
WRITING COORDINATES TO DCD FILE NVT.dcd AT STEP 17070
WRITING COORDINATES TO DCD FILE NVT.dcd AT STEP 17080
WRITING COORDINATES TO DCD FILE NVT.dcd AT STEP 17090
WRITING COORDINATES TO DCD FILE NVT.dcd AT STEP 17100
WRITING COORDINATES TO DCD FILE NVT.dcd AT STEP 17110
WRITING COORDINATES TO DCD FILE NVT.dcd AT STEP 17120
WRITING COORDINATES TO DCD FILE NVT.dcd AT STEP 17130
WRITING COORDINATES TO DCD FILE NVT.dcd AT STEP 17140
WRITING COORDINATES TO DCD FILE NVT.dcd AT STEP 17150
WRITING COORDINATES TO DCD FILE NVT.dcd AT STEP 17160
WRITING COORDINATES TO DCD FILE NVT.dcd AT STEP 17170
WRITING COORDINATES TO DCD FILE NVT.dcd AT STEP 17180
WRITING COORDINATES TO DCD FILE NVT.dcd AT STEP 17190
WRITING COORDINATES TO DCD FILE NVT.dcd AT STEP 17200
WRITING COORDINATES TO DCD FILE NVT.dcd AT STEP 17210
WRITING COORDINATES TO DCD FILE NVT.dcd AT STEP 17220
WRITING COORDINATES TO DCD FILE NVT.dcd AT STEP 17230
WRITING COORDINATES TO DCD FILE NVT.dcd AT STEP 17240
WRITING COORDINATES TO DCD FILE NVT.dcd AT STEP 17250
WRITING COORDINATES TO DCD FILE NVT.dcd AT STEP 17260
WRITING COORDINATES TO DCD FILE NVT.dcd AT STEP 17270
WRITING COORDINATES TO DCD FILE NVT.dcd AT STEP 17280
WRITING COORDINATES TO DCD FILE NVT.dcd AT STEP 17290
WRITING COORDINATES TO DCD FILE NVT.dcd AT STEP 17300
WRITING COORDINATES TO DCD FILE NVT.dcd AT STEP 17310
WRITING COORDINATES TO DCD FILE NVT.dcd AT STEP 17320
WRITING COORDINATES TO DCD FILE NVT.dcd AT STEP 17330
WRITING COORDINATES TO DCD FILE NVT.dcd AT STEP 17340
WRITING COORDINATES TO DCD FILE NVT.dcd AT STEP 17350
WRITING COORDINATES TO DCD FILE NVT.dcd AT STEP 17360
WRITING COORDINATES TO DCD FILE NVT.dcd AT STEP 17370
WRITING COORDINATES TO DCD FILE NVT.dcd AT STEP 17380
WRITING COORDINATES TO DCD FILE NVT.dcd AT STEP 17390
WRITING COORDINATES TO DCD FILE NVT.dcd AT STEP 17400
WRITING COORDINATES TO DCD FILE NVT.dcd AT STEP 17410
WRITING COORDINATES TO DCD FILE NVT.dcd AT STEP 17420
WRITING COORDINATES TO DCD FILE NVT.dcd AT STEP 17430
WRITING COORDINATES TO DCD FILE NVT.dcd AT STEP 17440
WRITING COORDINATES TO DCD FILE NVT.dcd AT STEP 17450
WRITING COORDINATES TO DCD FILE NVT.dcd AT STEP 17460
WRITING COORDINATES TO DCD FILE NVT.dcd AT STEP 17470
WRITING COORDINATES TO DCD FILE NVT.dcd AT STEP 17480
WRITING COORDINATES TO DCD FILE NVT.dcd AT STEP 17490
WRITING COORDINATES TO DCD FILE NVT.dcd AT STEP 17500
WRITING COORDINATES TO DCD FILE NVT.dcd AT STEP 17510
WRITING COORDINATES TO DCD FILE NVT.dcd AT STEP 17520
WRITING COORDINATES TO DCD FILE NVT.dcd AT STEP 17530
WRITING COORDINATES TO DCD FILE NVT.dcd AT STEP 17540
WRITING COORDINATES TO DCD FILE NVT.dcd AT STEP 17550
WRITING COORDINATES TO DCD FILE NVT.dcd AT STEP 17560
WRITING COORDINATES TO DCD FILE NVT.dcd AT STEP 17570
WRITING COORDINATES TO DCD FILE NVT.dcd AT STEP 17580
WRITING COORDINATES TO DCD FILE NVT.dcd AT STEP 17590
WRITING COORDINATES TO DCD FILE NVT.dcd AT STEP 17600
WRITING COORDINATES TO DCD FILE NVT.dcd AT STEP 17610
WRITING COORDINATES TO DCD FILE NVT.dcd AT STEP 17620
WRITING COORDINATES TO DCD FILE NVT.dcd AT STEP 17630
WRITING COORDINATES TO DCD FILE NVT.dcd AT STEP 17640
WRITING COORDINATES TO DCD FILE NVT.dcd AT STEP 17650
WRITING COORDINATES TO DCD FILE NVT.dcd AT STEP 17660
WRITING COORDINATES TO DCD FILE NVT.dcd AT STEP 17670
WRITING COORDINATES TO DCD FILE NVT.dcd AT STEP 17680
WRITING COORDINATES TO DCD FILE NVT.dcd AT STEP 17690
WRITING COORDINATES TO DCD FILE NVT.dcd AT STEP 17700
WRITING COORDINATES TO DCD FILE NVT.dcd AT STEP 17710
WRITING COORDINATES TO DCD FILE NVT.dcd AT STEP 17720
WRITING COORDINATES TO DCD FILE NVT.dcd AT STEP 17730
WRITING COORDINATES TO DCD FILE NVT.dcd AT STEP 17740
WRITING COORDINATES TO DCD FILE NVT.dcd AT STEP 17750
WRITING COORDINATES TO DCD FILE NVT.dcd AT STEP 17760
WRITING COORDINATES TO DCD FILE NVT.dcd AT STEP 17770
WRITING COORDINATES TO DCD FILE NVT.dcd AT STEP 17780
WRITING COORDINATES TO DCD FILE NVT.dcd AT STEP 17790
WRITING COORDINATES TO DCD FILE NVT.dcd AT STEP 17800
WRITING COORDINATES TO DCD FILE NVT.dcd AT STEP 17810
WRITING COORDINATES TO DCD FILE NVT.dcd AT STEP 17820
WRITING COORDINATES TO DCD FILE NVT.dcd AT STEP 17830
WRITING COORDINATES TO DCD FILE NVT.dcd AT STEP 17840
WRITING COORDINATES TO DCD FILE NVT.dcd AT STEP 17850
WRITING COORDINATES TO DCD FILE NVT.dcd AT STEP 17860
WRITING COORDINATES TO DCD FILE NVT.dcd AT STEP 17870
WRITING COORDINATES TO DCD FILE NVT.dcd AT STEP 17880
WRITING COORDINATES TO DCD FILE NVT.dcd AT STEP 17890
WRITING COORDINATES TO DCD FILE NVT.dcd AT STEP 17900
WRITING COORDINATES TO DCD FILE NVT.dcd AT STEP 17910
WRITING COORDINATES TO DCD FILE NVT.dcd AT STEP 17920
WRITING COORDINATES TO DCD FILE NVT.dcd AT STEP 17930
WRITING COORDINATES TO DCD FILE NVT.dcd AT STEP 17940
WRITING COORDINATES TO DCD FILE NVT.dcd AT STEP 17950
WRITING COORDINATES TO DCD FILE NVT.dcd AT STEP 17960
WRITING COORDINATES TO DCD FILE NVT.dcd AT STEP 17970
WRITING COORDINATES TO DCD FILE NVT.dcd AT STEP 17980
WRITING COORDINATES TO DCD FILE NVT.dcd AT STEP 17990
PRESSURE: 18000 99.5771 106.324 286.668 106.324 144.366 -309.439 286.668 -309.439 -45.8024
GPRESSURE: 18000 50.5175 16.2482 419.124 -6.48633 198.333 -138.34 281.984 -282.434 -6.79776
PRESSAVG: 18000 31.4912 28.3252 31.5693 28.3252 -79.5069 3.41806 31.5693 3.41806 -28.8385
GPRESSAVG: 18000 31.202 28.6244 32.0267 28.347 -79.2215 2.97072 31.2961 3.27646 -28.8295
ENERGY:   18000      1557.2678      9139.6587      5680.3826        67.3355         -61107.2184     -1231.0542         0.0000         0.0000     18292.2768         -27601.3512       295.2337    -45893.6280    -27455.2254       296.9330             66.0467        80.6841    266327.7836       -25.6180       -25.6163

WRITING COORDINATES TO DCD FILE NVT.dcd AT STEP 18000
WRITING COORDINATES TO DCD FILE NVT.dcd AT STEP 18010
WRITING COORDINATES TO DCD FILE NVT.dcd AT STEP 18020
WRITING COORDINATES TO DCD FILE NVT.dcd AT STEP 18030
WRITING COORDINATES TO DCD FILE NVT.dcd AT STEP 18040
WRITING COORDINATES TO DCD FILE NVT.dcd AT STEP 18050
WRITING COORDINATES TO DCD FILE NVT.dcd AT STEP 18060
WRITING COORDINATES TO DCD FILE NVT.dcd AT STEP 18070
WRITING COORDINATES TO DCD FILE NVT.dcd AT STEP 18080
WRITING COORDINATES TO DCD FILE NVT.dcd AT STEP 18090
WRITING COORDINATES TO DCD FILE NVT.dcd AT STEP 18100
WRITING COORDINATES TO DCD FILE NVT.dcd AT STEP 18110
WRITING COORDINATES TO DCD FILE NVT.dcd AT STEP 18120
WRITING COORDINATES TO DCD FILE NVT.dcd AT STEP 18130
WRITING COORDINATES TO DCD FILE NVT.dcd AT STEP 18140
LDB: ============= START OF LOAD BALANCING ============== 3042.1
LDB: ============== END OF LOAD BALANCING =============== 3042.1
LDB: =============== DONE WITH MIGRATION ================ 3042.1
WRITING COORDINATES TO DCD FILE NVT.dcd AT STEP 18150
WRITING COORDINATES TO DCD FILE NVT.dcd AT STEP 18160
WRITING COORDINATES TO DCD FILE NVT.dcd AT STEP 18170
WRITING COORDINATES TO DCD FILE NVT.dcd AT STEP 18180
WRITING COORDINATES TO DCD FILE NVT.dcd AT STEP 18190
LDB: ============= START OF LOAD BALANCING ============== 3050.46
LDB: ============== END OF LOAD BALANCING =============== 3050.46
LDB: =============== DONE WITH MIGRATION ================ 3050.46
WRITING COORDINATES TO DCD FILE NVT.dcd AT STEP 18200
WRITING COORDINATES TO DCD FILE NVT.dcd AT STEP 18210
WRITING COORDINATES TO DCD FILE NVT.dcd AT STEP 18220
WRITING COORDINATES TO DCD FILE NVT.dcd AT STEP 18230
WRITING COORDINATES TO DCD FILE NVT.dcd AT STEP 18240
WRITING COORDINATES TO DCD FILE NVT.dcd AT STEP 18250
WRITING COORDINATES TO DCD FILE NVT.dcd AT STEP 18260
WRITING COORDINATES TO DCD FILE NVT.dcd AT STEP 18270
WRITING COORDINATES TO DCD FILE NVT.dcd AT STEP 18280
WRITING COORDINATES TO DCD FILE NVT.dcd AT STEP 18290
WRITING COORDINATES TO DCD FILE NVT.dcd AT STEP 18300
WRITING COORDINATES TO DCD FILE NVT.dcd AT STEP 18310
WRITING COORDINATES TO DCD FILE NVT.dcd AT STEP 18320
WRITING COORDINATES TO DCD FILE NVT.dcd AT STEP 18330
WRITING COORDINATES TO DCD FILE NVT.dcd AT STEP 18340
WRITING COORDINATES TO DCD FILE NVT.dcd AT STEP 18350
WRITING COORDINATES TO DCD FILE NVT.dcd AT STEP 18360
WRITING COORDINATES TO DCD FILE NVT.dcd AT STEP 18370
WRITING COORDINATES TO DCD FILE NVT.dcd AT STEP 18380
WRITING COORDINATES TO DCD FILE NVT.dcd AT STEP 18390
WRITING COORDINATES TO DCD FILE NVT.dcd AT STEP 18400
WRITING COORDINATES TO DCD FILE NVT.dcd AT STEP 18410
WRITING COORDINATES TO DCD FILE NVT.dcd AT STEP 18420
WRITING COORDINATES TO DCD FILE NVT.dcd AT STEP 18430
WRITING COORDINATES TO DCD FILE NVT.dcd AT STEP 18440
WRITING COORDINATES TO DCD FILE NVT.dcd AT STEP 18450
WRITING COORDINATES TO DCD FILE NVT.dcd AT STEP 18460
WRITING COORDINATES TO DCD FILE NVT.dcd AT STEP 18470
WRITING COORDINATES TO DCD FILE NVT.dcd AT STEP 18480
WRITING COORDINATES TO DCD FILE NVT.dcd AT STEP 18490
WRITING COORDINATES TO DCD FILE NVT.dcd AT STEP 18500
WRITING COORDINATES TO DCD FILE NVT.dcd AT STEP 18510
WRITING COORDINATES TO DCD FILE NVT.dcd AT STEP 18520
WRITING COORDINATES TO DCD FILE NVT.dcd AT STEP 18530
WRITING COORDINATES TO DCD FILE NVT.dcd AT STEP 18540
WRITING COORDINATES TO DCD FILE NVT.dcd AT STEP 18550
WRITING COORDINATES TO DCD FILE NVT.dcd AT STEP 18560
WRITING COORDINATES TO DCD FILE NVT.dcd AT STEP 18570
WRITING COORDINATES TO DCD FILE NVT.dcd AT STEP 18580
WRITING COORDINATES TO DCD FILE NVT.dcd AT STEP 18590
WRITING COORDINATES TO DCD FILE NVT.dcd AT STEP 18600
WRITING COORDINATES TO DCD FILE NVT.dcd AT STEP 18610
WRITING COORDINATES TO DCD FILE NVT.dcd AT STEP 18620
WRITING COORDINATES TO DCD FILE NVT.dcd AT STEP 18630
WRITING COORDINATES TO DCD FILE NVT.dcd AT STEP 18640
WRITING COORDINATES TO DCD FILE NVT.dcd AT STEP 18650
WRITING COORDINATES TO DCD FILE NVT.dcd AT STEP 18660
WRITING COORDINATES TO DCD FILE NVT.dcd AT STEP 18670
WRITING COORDINATES TO DCD FILE NVT.dcd AT STEP 18680
WRITING COORDINATES TO DCD FILE NVT.dcd AT STEP 18690
WRITING COORDINATES TO DCD FILE NVT.dcd AT STEP 18700
WRITING COORDINATES TO DCD FILE NVT.dcd AT STEP 18710
WRITING COORDINATES TO DCD FILE NVT.dcd AT STEP 18720
WRITING COORDINATES TO DCD FILE NVT.dcd AT STEP 18730
WRITING COORDINATES TO DCD FILE NVT.dcd AT STEP 18740
WRITING COORDINATES TO DCD FILE NVT.dcd AT STEP 18750
WRITING COORDINATES TO DCD FILE NVT.dcd AT STEP 18760
WRITING COORDINATES TO DCD FILE NVT.dcd AT STEP 18770
WRITING COORDINATES TO DCD FILE NVT.dcd AT STEP 18780
WRITING COORDINATES TO DCD FILE NVT.dcd AT STEP 18790
WRITING COORDINATES TO DCD FILE NVT.dcd AT STEP 18800
WRITING COORDINATES TO DCD FILE NVT.dcd AT STEP 18810
WRITING COORDINATES TO DCD FILE NVT.dcd AT STEP 18820
WRITING COORDINATES TO DCD FILE NVT.dcd AT STEP 18830
WRITING COORDINATES TO DCD FILE NVT.dcd AT STEP 18840
WRITING COORDINATES TO DCD FILE NVT.dcd AT STEP 18850
WRITING COORDINATES TO DCD FILE NVT.dcd AT STEP 18860
WRITING COORDINATES TO DCD FILE NVT.dcd AT STEP 18870
WRITING COORDINATES TO DCD FILE NVT.dcd AT STEP 18880
WRITING COORDINATES TO DCD FILE NVT.dcd AT STEP 18890
WRITING COORDINATES TO DCD FILE NVT.dcd AT STEP 18900
WRITING COORDINATES TO DCD FILE NVT.dcd AT STEP 18910
WRITING COORDINATES TO DCD FILE NVT.dcd AT STEP 18920
WRITING COORDINATES TO DCD FILE NVT.dcd AT STEP 18930
WRITING COORDINATES TO DCD FILE NVT.dcd AT STEP 18940
WRITING COORDINATES TO DCD FILE NVT.dcd AT STEP 18950
WRITING COORDINATES TO DCD FILE NVT.dcd AT STEP 18960
WRITING COORDINATES TO DCD FILE NVT.dcd AT STEP 18970
WRITING COORDINATES TO DCD FILE NVT.dcd AT STEP 18980
WRITING COORDINATES TO DCD FILE NVT.dcd AT STEP 18990
PRESSURE: 19000 -493.471 -47.3057 236.048 -47.3057 -124.805 128.992 236.048 128.992 73.4118
GPRESSURE: 19000 -189.767 -74.9791 278.192 -85.7719 -241.081 44.6027 -45.6224 34.5047 -55.9921
PRESSAVG: 19000 -38.4109 -34.4365 7.60982 -34.4365 -47.6329 -35.381 7.60982 -35.381 -210.158
GPRESSAVG: 19000 -38.2897 -34.941 7.60959 -33.5563 -47.7854 -35.2212 7.81653 -35.2616 -210.739
ENERGY:   19000      1536.2222      9126.6212      5698.1799        76.8006         -60992.9578     -1537.7856         0.0000         0.0000     18396.8107         -27696.1089       296.9209    -46092.9195    -27546.6687       296.3791           -181.6212      -162.2799    266327.7836       -98.7340       -98.9379

WRITING COORDINATES TO DCD FILE NVT.dcd AT STEP 19000
WRITING COORDINATES TO DCD FILE NVT.dcd AT STEP 19010
WRITING COORDINATES TO DCD FILE NVT.dcd AT STEP 19020
WRITING COORDINATES TO DCD FILE NVT.dcd AT STEP 19030
WRITING COORDINATES TO DCD FILE NVT.dcd AT STEP 19040
WRITING COORDINATES TO DCD FILE NVT.dcd AT STEP 19050
WRITING COORDINATES TO DCD FILE NVT.dcd AT STEP 19060
WRITING COORDINATES TO DCD FILE NVT.dcd AT STEP 19070
WRITING COORDINATES TO DCD FILE NVT.dcd AT STEP 19080
WRITING COORDINATES TO DCD FILE NVT.dcd AT STEP 19090
WRITING COORDINATES TO DCD FILE NVT.dcd AT STEP 19100
WRITING COORDINATES TO DCD FILE NVT.dcd AT STEP 19110
WRITING COORDINATES TO DCD FILE NVT.dcd AT STEP 19120
WRITING COORDINATES TO DCD FILE NVT.dcd AT STEP 19130
WRITING COORDINATES TO DCD FILE NVT.dcd AT STEP 19140
WRITING COORDINATES TO DCD FILE NVT.dcd AT STEP 19150
WRITING COORDINATES TO DCD FILE NVT.dcd AT STEP 19160
WRITING COORDINATES TO DCD FILE NVT.dcd AT STEP 19170
WRITING COORDINATES TO DCD FILE NVT.dcd AT STEP 19180
WRITING COORDINATES TO DCD FILE NVT.dcd AT STEP 19190
WRITING COORDINATES TO DCD FILE NVT.dcd AT STEP 19200
WRITING COORDINATES TO DCD FILE NVT.dcd AT STEP 19210
WRITING COORDINATES TO DCD FILE NVT.dcd AT STEP 19220
WRITING COORDINATES TO DCD FILE NVT.dcd AT STEP 19230
WRITING COORDINATES TO DCD FILE NVT.dcd AT STEP 19240
WRITING COORDINATES TO DCD FILE NVT.dcd AT STEP 19250
WRITING COORDINATES TO DCD FILE NVT.dcd AT STEP 19260
WRITING COORDINATES TO DCD FILE NVT.dcd AT STEP 19270
WRITING COORDINATES TO DCD FILE NVT.dcd AT STEP 19280
WRITING COORDINATES TO DCD FILE NVT.dcd AT STEP 19290
WRITING COORDINATES TO DCD FILE NVT.dcd AT STEP 19300
WRITING COORDINATES TO DCD FILE NVT.dcd AT STEP 19310
WRITING COORDINATES TO DCD FILE NVT.dcd AT STEP 19320
WRITING COORDINATES TO DCD FILE NVT.dcd AT STEP 19330
WRITING COORDINATES TO DCD FILE NVT.dcd AT STEP 19340
WRITING COORDINATES TO DCD FILE NVT.dcd AT STEP 19350
WRITING COORDINATES TO DCD FILE NVT.dcd AT STEP 19360
WRITING COORDINATES TO DCD FILE NVT.dcd AT STEP 19370
WRITING COORDINATES TO DCD FILE NVT.dcd AT STEP 19380
WRITING COORDINATES TO DCD FILE NVT.dcd AT STEP 19390
WRITING COORDINATES TO DCD FILE NVT.dcd AT STEP 19400
WRITING COORDINATES TO DCD FILE NVT.dcd AT STEP 19410
WRITING COORDINATES TO DCD FILE NVT.dcd AT STEP 19420
WRITING COORDINATES TO DCD FILE NVT.dcd AT STEP 19430
WRITING COORDINATES TO DCD FILE NVT.dcd AT STEP 19440
WRITING COORDINATES TO DCD FILE NVT.dcd AT STEP 19450
WRITING COORDINATES TO DCD FILE NVT.dcd AT STEP 19460
WRITING COORDINATES TO DCD FILE NVT.dcd AT STEP 19470
WRITING COORDINATES TO DCD FILE NVT.dcd AT STEP 19480
WRITING COORDINATES TO DCD FILE NVT.dcd AT STEP 19490
WRITING COORDINATES TO DCD FILE NVT.dcd AT STEP 19500
WRITING COORDINATES TO DCD FILE NVT.dcd AT STEP 19510
WRITING COORDINATES TO DCD FILE NVT.dcd AT STEP 19520
WRITING COORDINATES TO DCD FILE NVT.dcd AT STEP 19530
WRITING COORDINATES TO DCD FILE NVT.dcd AT STEP 19540
WRITING COORDINATES TO DCD FILE NVT.dcd AT STEP 19550
WRITING COORDINATES TO DCD FILE NVT.dcd AT STEP 19560
WRITING COORDINATES TO DCD FILE NVT.dcd AT STEP 19570
WRITING COORDINATES TO DCD FILE NVT.dcd AT STEP 19580
WRITING COORDINATES TO DCD FILE NVT.dcd AT STEP 19590
WRITING COORDINATES TO DCD FILE NVT.dcd AT STEP 19600
WRITING COORDINATES TO DCD FILE NVT.dcd AT STEP 19610
WRITING COORDINATES TO DCD FILE NVT.dcd AT STEP 19620
WRITING COORDINATES TO DCD FILE NVT.dcd AT STEP 19630
WRITING COORDINATES TO DCD FILE NVT.dcd AT STEP 19640
WRITING COORDINATES TO DCD FILE NVT.dcd AT STEP 19650
WRITING COORDINATES TO DCD FILE NVT.dcd AT STEP 19660
WRITING COORDINATES TO DCD FILE NVT.dcd AT STEP 19670
WRITING COORDINATES TO DCD FILE NVT.dcd AT STEP 19680
WRITING COORDINATES TO DCD FILE NVT.dcd AT STEP 19690
WRITING COORDINATES TO DCD FILE NVT.dcd AT STEP 19700
WRITING COORDINATES TO DCD FILE NVT.dcd AT STEP 19710
WRITING COORDINATES TO DCD FILE NVT.dcd AT STEP 19720
WRITING COORDINATES TO DCD FILE NVT.dcd AT STEP 19730
WRITING COORDINATES TO DCD FILE NVT.dcd AT STEP 19740
WRITING COORDINATES TO DCD FILE NVT.dcd AT STEP 19750
WRITING COORDINATES TO DCD FILE NVT.dcd AT STEP 19760
WRITING COORDINATES TO DCD FILE NVT.dcd AT STEP 19770
WRITING COORDINATES TO DCD FILE NVT.dcd AT STEP 19780
WRITING COORDINATES TO DCD FILE NVT.dcd AT STEP 19790
WRITING COORDINATES TO DCD FILE NVT.dcd AT STEP 19800
WRITING COORDINATES TO DCD FILE NVT.dcd AT STEP 19810
WRITING COORDINATES TO DCD FILE NVT.dcd AT STEP 19820
WRITING COORDINATES TO DCD FILE NVT.dcd AT STEP 19830
WRITING COORDINATES TO DCD FILE NVT.dcd AT STEP 19840
WRITING COORDINATES TO DCD FILE NVT.dcd AT STEP 19850
WRITING COORDINATES TO DCD FILE NVT.dcd AT STEP 19860
WRITING COORDINATES TO DCD FILE NVT.dcd AT STEP 19870
WRITING COORDINATES TO DCD FILE NVT.dcd AT STEP 19880
WRITING COORDINATES TO DCD FILE NVT.dcd AT STEP 19890
WRITING COORDINATES TO DCD FILE NVT.dcd AT STEP 19900
WRITING COORDINATES TO DCD FILE NVT.dcd AT STEP 19910
WRITING COORDINATES TO DCD FILE NVT.dcd AT STEP 19920
WRITING COORDINATES TO DCD FILE NVT.dcd AT STEP 19930
WRITING COORDINATES TO DCD FILE NVT.dcd AT STEP 19940
WRITING COORDINATES TO DCD FILE NVT.dcd AT STEP 19950
WRITING COORDINATES TO DCD FILE NVT.dcd AT STEP 19960
WRITING COORDINATES TO DCD FILE NVT.dcd AT STEP 19970
WRITING COORDINATES TO DCD FILE NVT.dcd AT STEP 19980
WRITING COORDINATES TO DCD FILE NVT.dcd AT STEP 19990
PRESSURE: 20000 151.977 -19.5405 -285.301 -19.5405 -811.589 23.6606 -285.301 23.6606 -160.018
GPRESSURE: 20000 95.068 -44.9964 -103.734 -80.2757 -683.14 -146.885 -191.041 -13.0337 -201.032
PRESSAVG: 20000 -52.3996 -38.9418 -4.78641 -38.9418 -23.3123 -22.883 -4.78641 -22.883 -48.8335
GPRESSAVG: 20000 -53.1958 -38.7618 -4.57801 -39.2837 -23.4446 -22.6387 -4.54578 -23.2695 -48.3383
TIMING: 20000  CPU: 3326.27, 0.166775/step  Wall: 3326.59, 0.166802/step, 1.39001 hours remaining, 856.964849 MB of memory in use.
PERFORMANCE: 20000  averaging 1.03902 ns/day, 0.166311 sec/step with standard deviation 0.000694348
ETITLE:      TS           BOND          ANGLE          DIHED          IMPRP               ELECT            VDW       BOUNDARY           MISC        KINETIC               TOTAL           TEMP      POTENTIAL         TOTAL3        TEMPAVG            PRESSURE      GPRESSURE         VOLUME       PRESSAVG      GPRESSAVG

ENERGY:   20000      1558.9251      9244.7032      5671.0384        69.5156         -61116.1133     -1305.9126         0.0000         0.0000     18374.2983         -27503.5453       296.5575    -45877.8436    -27361.9219       296.8562           -273.2101      -263.0348    266327.7836       -41.5151       -41.6596

WRITING EXTENDED SYSTEM TO RESTART FILE AT STEP 20000
WRITING COORDINATES TO DCD FILE NVT.dcd AT STEP 20000
WRITING COORDINATES TO RESTART FILE AT STEP 20000
FINISHED WRITING RESTART COORDINATES
WRITING VELOCITIES TO RESTART FILE AT STEP 20000
FINISHED WRITING RESTART VELOCITIES
The last velocity output (seq=20000) takes 0.000 seconds, 856.965 MB of memory in use
WRITING COORDINATES TO DCD FILE NVT.dcd AT STEP 20010
WRITING COORDINATES TO DCD FILE NVT.dcd AT STEP 20020
WRITING COORDINATES TO DCD FILE NVT.dcd AT STEP 20030
WRITING COORDINATES TO DCD FILE NVT.dcd AT STEP 20040
WRITING COORDINATES TO DCD FILE NVT.dcd AT STEP 20050
WRITING COORDINATES TO DCD FILE NVT.dcd AT STEP 20060
WRITING COORDINATES TO DCD FILE NVT.dcd AT STEP 20070
WRITING COORDINATES TO DCD FILE NVT.dcd AT STEP 20080
WRITING COORDINATES TO DCD FILE NVT.dcd AT STEP 20090
WRITING COORDINATES TO DCD FILE NVT.dcd AT STEP 20100
WRITING COORDINATES TO DCD FILE NVT.dcd AT STEP 20110
WRITING COORDINATES TO DCD FILE NVT.dcd AT STEP 20120
WRITING COORDINATES TO DCD FILE NVT.dcd AT STEP 20130
WRITING COORDINATES TO DCD FILE NVT.dcd AT STEP 20140
LDB: ============= START OF LOAD BALANCING ============== 3376.5
LDB: ============== END OF LOAD BALANCING =============== 3376.5
LDB: =============== DONE WITH MIGRATION ================ 3376.5
WRITING COORDINATES TO DCD FILE NVT.dcd AT STEP 20150
WRITING COORDINATES TO DCD FILE NVT.dcd AT STEP 20160
WRITING COORDINATES TO DCD FILE NVT.dcd AT STEP 20170
WRITING COORDINATES TO DCD FILE NVT.dcd AT STEP 20180
WRITING COORDINATES TO DCD FILE NVT.dcd AT STEP 20190
LDB: ============= START OF LOAD BALANCING ============== 3384.87
LDB: ============== END OF LOAD BALANCING =============== 3384.87
LDB: =============== DONE WITH MIGRATION ================ 3384.87
WRITING COORDINATES TO DCD FILE NVT.dcd AT STEP 20200
WRITING COORDINATES TO DCD FILE NVT.dcd AT STEP 20210
WRITING COORDINATES TO DCD FILE NVT.dcd AT STEP 20220
WRITING COORDINATES TO DCD FILE NVT.dcd AT STEP 20230
WRITING COORDINATES TO DCD FILE NVT.dcd AT STEP 20240
WRITING COORDINATES TO DCD FILE NVT.dcd AT STEP 20250
WRITING COORDINATES TO DCD FILE NVT.dcd AT STEP 20260
WRITING COORDINATES TO DCD FILE NVT.dcd AT STEP 20270
WRITING COORDINATES TO DCD FILE NVT.dcd AT STEP 20280
WRITING COORDINATES TO DCD FILE NVT.dcd AT STEP 20290
WRITING COORDINATES TO DCD FILE NVT.dcd AT STEP 20300
WRITING COORDINATES TO DCD FILE NVT.dcd AT STEP 20310
WRITING COORDINATES TO DCD FILE NVT.dcd AT STEP 20320
WRITING COORDINATES TO DCD FILE NVT.dcd AT STEP 20330
WRITING COORDINATES TO DCD FILE NVT.dcd AT STEP 20340
WRITING COORDINATES TO DCD FILE NVT.dcd AT STEP 20350
WRITING COORDINATES TO DCD FILE NVT.dcd AT STEP 20360
WRITING COORDINATES TO DCD FILE NVT.dcd AT STEP 20370
WRITING COORDINATES TO DCD FILE NVT.dcd AT STEP 20380
WRITING COORDINATES TO DCD FILE NVT.dcd AT STEP 20390
WRITING COORDINATES TO DCD FILE NVT.dcd AT STEP 20400
WRITING COORDINATES TO DCD FILE NVT.dcd AT STEP 20410
WRITING COORDINATES TO DCD FILE NVT.dcd AT STEP 20420
WRITING COORDINATES TO DCD FILE NVT.dcd AT STEP 20430
WRITING COORDINATES TO DCD FILE NVT.dcd AT STEP 20440
WRITING COORDINATES TO DCD FILE NVT.dcd AT STEP 20450
WRITING COORDINATES TO DCD FILE NVT.dcd AT STEP 20460
WRITING COORDINATES TO DCD FILE NVT.dcd AT STEP 20470
WRITING COORDINATES TO DCD FILE NVT.dcd AT STEP 20480
WRITING COORDINATES TO DCD FILE NVT.dcd AT STEP 20490
WRITING COORDINATES TO DCD FILE NVT.dcd AT STEP 20500
WRITING COORDINATES TO DCD FILE NVT.dcd AT STEP 20510
WRITING COORDINATES TO DCD FILE NVT.dcd AT STEP 20520
WRITING COORDINATES TO DCD FILE NVT.dcd AT STEP 20530
WRITING COORDINATES TO DCD FILE NVT.dcd AT STEP 20540
WRITING COORDINATES TO DCD FILE NVT.dcd AT STEP 20550
WRITING COORDINATES TO DCD FILE NVT.dcd AT STEP 20560
WRITING COORDINATES TO DCD FILE NVT.dcd AT STEP 20570
WRITING COORDINATES TO DCD FILE NVT.dcd AT STEP 20580
WRITING COORDINATES TO DCD FILE NVT.dcd AT STEP 20590
WRITING COORDINATES TO DCD FILE NVT.dcd AT STEP 20600
WRITING COORDINATES TO DCD FILE NVT.dcd AT STEP 20610
WRITING COORDINATES TO DCD FILE NVT.dcd AT STEP 20620
WRITING COORDINATES TO DCD FILE NVT.dcd AT STEP 20630
WRITING COORDINATES TO DCD FILE NVT.dcd AT STEP 20640
WRITING COORDINATES TO DCD FILE NVT.dcd AT STEP 20650
WRITING COORDINATES TO DCD FILE NVT.dcd AT STEP 20660
WRITING COORDINATES TO DCD FILE NVT.dcd AT STEP 20670
WRITING COORDINATES TO DCD FILE NVT.dcd AT STEP 20680
WRITING COORDINATES TO DCD FILE NVT.dcd AT STEP 20690
WRITING COORDINATES TO DCD FILE NVT.dcd AT STEP 20700
WRITING COORDINATES TO DCD FILE NVT.dcd AT STEP 20710
WRITING COORDINATES TO DCD FILE NVT.dcd AT STEP 20720
WRITING COORDINATES TO DCD FILE NVT.dcd AT STEP 20730
WRITING COORDINATES TO DCD FILE NVT.dcd AT STEP 20740
WRITING COORDINATES TO DCD FILE NVT.dcd AT STEP 20750
WRITING COORDINATES TO DCD FILE NVT.dcd AT STEP 20760
WRITING COORDINATES TO DCD FILE NVT.dcd AT STEP 20770
WRITING COORDINATES TO DCD FILE NVT.dcd AT STEP 20780
WRITING COORDINATES TO DCD FILE NVT.dcd AT STEP 20790
WRITING COORDINATES TO DCD FILE NVT.dcd AT STEP 20800
WRITING COORDINATES TO DCD FILE NVT.dcd AT STEP 20810
WRITING COORDINATES TO DCD FILE NVT.dcd AT STEP 20820
WRITING COORDINATES TO DCD FILE NVT.dcd AT STEP 20830
WRITING COORDINATES TO DCD FILE NVT.dcd AT STEP 20840
WRITING COORDINATES TO DCD FILE NVT.dcd AT STEP 20850
WRITING COORDINATES TO DCD FILE NVT.dcd AT STEP 20860
WRITING COORDINATES TO DCD FILE NVT.dcd AT STEP 20870
WRITING COORDINATES TO DCD FILE NVT.dcd AT STEP 20880
WRITING COORDINATES TO DCD FILE NVT.dcd AT STEP 20890
WRITING COORDINATES TO DCD FILE NVT.dcd AT STEP 20900
WRITING COORDINATES TO DCD FILE NVT.dcd AT STEP 20910
WRITING COORDINATES TO DCD FILE NVT.dcd AT STEP 20920
WRITING COORDINATES TO DCD FILE NVT.dcd AT STEP 20930
WRITING COORDINATES TO DCD FILE NVT.dcd AT STEP 20940
WRITING COORDINATES TO DCD FILE NVT.dcd AT STEP 20950
WRITING COORDINATES TO DCD FILE NVT.dcd AT STEP 20960
WRITING COORDINATES TO DCD FILE NVT.dcd AT STEP 20970
WRITING COORDINATES TO DCD FILE NVT.dcd AT STEP 20980
WRITING COORDINATES TO DCD FILE NVT.dcd AT STEP 20990
PRESSURE: 21000 -216.645 52.9437 467.323 52.9437 -190.449 -296.885 467.323 -296.885 -130.289
GPRESSURE: 21000 -231.129 -162.686 509.781 38.0718 -258.172 -394.704 329.198 -365.713 5.76936
PRESSAVG: 21000 57.1462 -67.4821 6.87973 -67.4821 -6.80871 -20.475 6.87973 -20.475 -80.0352
GPRESSAVG: 21000 56.965 -67.5417 6.32698 -66.7382 -6.52205 -20.5219 6.54007 -20.3041 -80.2205
ENERGY:   21000      1542.8015      9169.4315      5737.7239        73.3432         -60789.4090     -1447.2639         0.0000         0.0000     18430.2642         -27283.1087       297.4608    -45713.3729    -27131.2966       297.3121           -179.1277      -161.1771    266327.7836        -9.8992        -9.9259

WRITING COORDINATES TO DCD FILE NVT.dcd AT STEP 21000
WRITING COORDINATES TO DCD FILE NVT.dcd AT STEP 21010
WRITING COORDINATES TO DCD FILE NVT.dcd AT STEP 21020
WRITING COORDINATES TO DCD FILE NVT.dcd AT STEP 21030
WRITING COORDINATES TO DCD FILE NVT.dcd AT STEP 21040
WRITING COORDINATES TO DCD FILE NVT.dcd AT STEP 21050
WRITING COORDINATES TO DCD FILE NVT.dcd AT STEP 21060
WRITING COORDINATES TO DCD FILE NVT.dcd AT STEP 21070
WRITING COORDINATES TO DCD FILE NVT.dcd AT STEP 21080
WRITING COORDINATES TO DCD FILE NVT.dcd AT STEP 21090
WRITING COORDINATES TO DCD FILE NVT.dcd AT STEP 21100
WRITING COORDINATES TO DCD FILE NVT.dcd AT STEP 21110
WRITING COORDINATES TO DCD FILE NVT.dcd AT STEP 21120
WRITING COORDINATES TO DCD FILE NVT.dcd AT STEP 21130
WRITING COORDINATES TO DCD FILE NVT.dcd AT STEP 21140
WRITING COORDINATES TO DCD FILE NVT.dcd AT STEP 21150
WRITING COORDINATES TO DCD FILE NVT.dcd AT STEP 21160
WRITING COORDINATES TO DCD FILE NVT.dcd AT STEP 21170
WRITING COORDINATES TO DCD FILE NVT.dcd AT STEP 21180
WRITING COORDINATES TO DCD FILE NVT.dcd AT STEP 21190
WRITING COORDINATES TO DCD FILE NVT.dcd AT STEP 21200
WRITING COORDINATES TO DCD FILE NVT.dcd AT STEP 21210
WRITING COORDINATES TO DCD FILE NVT.dcd AT STEP 21220
WRITING COORDINATES TO DCD FILE NVT.dcd AT STEP 21230
WRITING COORDINATES TO DCD FILE NVT.dcd AT STEP 21240
WRITING COORDINATES TO DCD FILE NVT.dcd AT STEP 21250
WRITING COORDINATES TO DCD FILE NVT.dcd AT STEP 21260
WRITING COORDINATES TO DCD FILE NVT.dcd AT STEP 21270
WRITING COORDINATES TO DCD FILE NVT.dcd AT STEP 21280
WRITING COORDINATES TO DCD FILE NVT.dcd AT STEP 21290
WRITING COORDINATES TO DCD FILE NVT.dcd AT STEP 21300
WRITING COORDINATES TO DCD FILE NVT.dcd AT STEP 21310
WRITING COORDINATES TO DCD FILE NVT.dcd AT STEP 21320
WRITING COORDINATES TO DCD FILE NVT.dcd AT STEP 21330
WRITING COORDINATES TO DCD FILE NVT.dcd AT STEP 21340
WRITING COORDINATES TO DCD FILE NVT.dcd AT STEP 21350
WRITING COORDINATES TO DCD FILE NVT.dcd AT STEP 21360
WRITING COORDINATES TO DCD FILE NVT.dcd AT STEP 21370
WRITING COORDINATES TO DCD FILE NVT.dcd AT STEP 21380
WRITING COORDINATES TO DCD FILE NVT.dcd AT STEP 21390
WRITING COORDINATES TO DCD FILE NVT.dcd AT STEP 21400
WRITING COORDINATES TO DCD FILE NVT.dcd AT STEP 21410
WRITING COORDINATES TO DCD FILE NVT.dcd AT STEP 21420
WRITING COORDINATES TO DCD FILE NVT.dcd AT STEP 21430
WRITING COORDINATES TO DCD FILE NVT.dcd AT STEP 21440
WRITING COORDINATES TO DCD FILE NVT.dcd AT STEP 21450
WRITING COORDINATES TO DCD FILE NVT.dcd AT STEP 21460
WRITING COORDINATES TO DCD FILE NVT.dcd AT STEP 21470
WRITING COORDINATES TO DCD FILE NVT.dcd AT STEP 21480
WRITING COORDINATES TO DCD FILE NVT.dcd AT STEP 21490
WRITING COORDINATES TO DCD FILE NVT.dcd AT STEP 21500
WRITING COORDINATES TO DCD FILE NVT.dcd AT STEP 21510
WRITING COORDINATES TO DCD FILE NVT.dcd AT STEP 21520
WRITING COORDINATES TO DCD FILE NVT.dcd AT STEP 21530
WRITING COORDINATES TO DCD FILE NVT.dcd AT STEP 21540
WRITING COORDINATES TO DCD FILE NVT.dcd AT STEP 21550
WRITING COORDINATES TO DCD FILE NVT.dcd AT STEP 21560
WRITING COORDINATES TO DCD FILE NVT.dcd AT STEP 21570
WRITING COORDINATES TO DCD FILE NVT.dcd AT STEP 21580
WRITING COORDINATES TO DCD FILE NVT.dcd AT STEP 21590
WRITING COORDINATES TO DCD FILE NVT.dcd AT STEP 21600
WRITING COORDINATES TO DCD FILE NVT.dcd AT STEP 21610
WRITING COORDINATES TO DCD FILE NVT.dcd AT STEP 21620
WRITING COORDINATES TO DCD FILE NVT.dcd AT STEP 21630
WRITING COORDINATES TO DCD FILE NVT.dcd AT STEP 21640
WRITING COORDINATES TO DCD FILE NVT.dcd AT STEP 21650
WRITING COORDINATES TO DCD FILE NVT.dcd AT STEP 21660
WRITING COORDINATES TO DCD FILE NVT.dcd AT STEP 21670
WRITING COORDINATES TO DCD FILE NVT.dcd AT STEP 21680
WRITING COORDINATES TO DCD FILE NVT.dcd AT STEP 21690
WRITING COORDINATES TO DCD FILE NVT.dcd AT STEP 21700
WRITING COORDINATES TO DCD FILE NVT.dcd AT STEP 21710
WRITING COORDINATES TO DCD FILE NVT.dcd AT STEP 21720
WRITING COORDINATES TO DCD FILE NVT.dcd AT STEP 21730
WRITING COORDINATES TO DCD FILE NVT.dcd AT STEP 21740
WRITING COORDINATES TO DCD FILE NVT.dcd AT STEP 21750
WRITING COORDINATES TO DCD FILE NVT.dcd AT STEP 21760
WRITING COORDINATES TO DCD FILE NVT.dcd AT STEP 21770
WRITING COORDINATES TO DCD FILE NVT.dcd AT STEP 21780
WRITING COORDINATES TO DCD FILE NVT.dcd AT STEP 21790
WRITING COORDINATES TO DCD FILE NVT.dcd AT STEP 21800
WRITING COORDINATES TO DCD FILE NVT.dcd AT STEP 21810
WRITING COORDINATES TO DCD FILE NVT.dcd AT STEP 21820
WRITING COORDINATES TO DCD FILE NVT.dcd AT STEP 21830
WRITING COORDINATES TO DCD FILE NVT.dcd AT STEP 21840
WRITING COORDINATES TO DCD FILE NVT.dcd AT STEP 21850
WRITING COORDINATES TO DCD FILE NVT.dcd AT STEP 21860
WRITING COORDINATES TO DCD FILE NVT.dcd AT STEP 21870
WRITING COORDINATES TO DCD FILE NVT.dcd AT STEP 21880
WRITING COORDINATES TO DCD FILE NVT.dcd AT STEP 21890
WRITING COORDINATES TO DCD FILE NVT.dcd AT STEP 21900
WRITING COORDINATES TO DCD FILE NVT.dcd AT STEP 21910
WRITING COORDINATES TO DCD FILE NVT.dcd AT STEP 21920
WRITING COORDINATES TO DCD FILE NVT.dcd AT STEP 21930
WRITING COORDINATES TO DCD FILE NVT.dcd AT STEP 21940
WRITING COORDINATES TO DCD FILE NVT.dcd AT STEP 21950
WRITING COORDINATES TO DCD FILE NVT.dcd AT STEP 21960
WRITING COORDINATES TO DCD FILE NVT.dcd AT STEP 21970
WRITING COORDINATES TO DCD FILE NVT.dcd AT STEP 21980
WRITING COORDINATES TO DCD FILE NVT.dcd AT STEP 21990
PRESSURE: 22000 798.051 208.534 259.303 208.534 154.528 174.29 259.303 174.29 180.733
GPRESSURE: 22000 717.39 53.122 197.861 319.027 228.093 8.69956 156.38 219.782 238.381
PRESSAVG: 22000 131.496 -76.3038 -11.7831 -76.3038 6.79814 -3.98531 -11.7831 -3.98531 -50.6482
GPRESSAVG: 22000 131.08 -75.9999 -11.7275 -76.8745 7.05322 -4.20146 -11.7263 -3.67693 -50.7362
ENERGY:   22000      1564.2022      9110.9445      5649.0117        72.3859         -60909.8003     -1266.2526         0.0000         0.0000     18470.4914         -27309.0173       298.1101    -45779.5087    -27157.0873       298.6597            377.7708       394.6215    266327.7836        29.2155        29.1323

WRITING COORDINATES TO DCD FILE NVT.dcd AT STEP 22000
WRITING COORDINATES TO DCD FILE NVT.dcd AT STEP 22010
WRITING COORDINATES TO DCD FILE NVT.dcd AT STEP 22020
WRITING COORDINATES TO DCD FILE NVT.dcd AT STEP 22030
WRITING COORDINATES TO DCD FILE NVT.dcd AT STEP 22040
WRITING COORDINATES TO DCD FILE NVT.dcd AT STEP 22050
WRITING COORDINATES TO DCD FILE NVT.dcd AT STEP 22060
WRITING COORDINATES TO DCD FILE NVT.dcd AT STEP 22070
WRITING COORDINATES TO DCD FILE NVT.dcd AT STEP 22080
WRITING COORDINATES TO DCD FILE NVT.dcd AT STEP 22090
WRITING COORDINATES TO DCD FILE NVT.dcd AT STEP 22100
WRITING COORDINATES TO DCD FILE NVT.dcd AT STEP 22110
WRITING COORDINATES TO DCD FILE NVT.dcd AT STEP 22120
WRITING COORDINATES TO DCD FILE NVT.dcd AT STEP 22130
WRITING COORDINATES TO DCD FILE NVT.dcd AT STEP 22140
LDB: ============= START OF LOAD BALANCING ============== 3710.88
LDB: ============== END OF LOAD BALANCING =============== 3710.88
LDB: =============== DONE WITH MIGRATION ================ 3710.88
WRITING COORDINATES TO DCD FILE NVT.dcd AT STEP 22150
WRITING COORDINATES TO DCD FILE NVT.dcd AT STEP 22160
WRITING COORDINATES TO DCD FILE NVT.dcd AT STEP 22170
WRITING COORDINATES TO DCD FILE NVT.dcd AT STEP 22180
WRITING COORDINATES TO DCD FILE NVT.dcd AT STEP 22190
LDB: ============= START OF LOAD BALANCING ============== 3719.26
LDB: ============== END OF LOAD BALANCING =============== 3719.26
LDB: =============== DONE WITH MIGRATION ================ 3719.26
WRITING COORDINATES TO DCD FILE NVT.dcd AT STEP 22200
WRITING COORDINATES TO DCD FILE NVT.dcd AT STEP 22210
WRITING COORDINATES TO DCD FILE NVT.dcd AT STEP 22220
WRITING COORDINATES TO DCD FILE NVT.dcd AT STEP 22230
WRITING COORDINATES TO DCD FILE NVT.dcd AT STEP 22240
WRITING COORDINATES TO DCD FILE NVT.dcd AT STEP 22250
WRITING COORDINATES TO DCD FILE NVT.dcd AT STEP 22260
WRITING COORDINATES TO DCD FILE NVT.dcd AT STEP 22270
WRITING COORDINATES TO DCD FILE NVT.dcd AT STEP 22280
WRITING COORDINATES TO DCD FILE NVT.dcd AT STEP 22290
WRITING COORDINATES TO DCD FILE NVT.dcd AT STEP 22300
WRITING COORDINATES TO DCD FILE NVT.dcd AT STEP 22310
WRITING COORDINATES TO DCD FILE NVT.dcd AT STEP 22320
WRITING COORDINATES TO DCD FILE NVT.dcd AT STEP 22330
WRITING COORDINATES TO DCD FILE NVT.dcd AT STEP 22340
WRITING COORDINATES TO DCD FILE NVT.dcd AT STEP 22350
WRITING COORDINATES TO DCD FILE NVT.dcd AT STEP 22360
WRITING COORDINATES TO DCD FILE NVT.dcd AT STEP 22370
WRITING COORDINATES TO DCD FILE NVT.dcd AT STEP 22380
WRITING COORDINATES TO DCD FILE NVT.dcd AT STEP 22390
WRITING COORDINATES TO DCD FILE NVT.dcd AT STEP 22400
WRITING COORDINATES TO DCD FILE NVT.dcd AT STEP 22410
WRITING COORDINATES TO DCD FILE NVT.dcd AT STEP 22420
WRITING COORDINATES TO DCD FILE NVT.dcd AT STEP 22430
WRITING COORDINATES TO DCD FILE NVT.dcd AT STEP 22440
WRITING COORDINATES TO DCD FILE NVT.dcd AT STEP 22450
WRITING COORDINATES TO DCD FILE NVT.dcd AT STEP 22460
WRITING COORDINATES TO DCD FILE NVT.dcd AT STEP 22470
WRITING COORDINATES TO DCD FILE NVT.dcd AT STEP 22480
WRITING COORDINATES TO DCD FILE NVT.dcd AT STEP 22490
WRITING COORDINATES TO DCD FILE NVT.dcd AT STEP 22500
WRITING COORDINATES TO DCD FILE NVT.dcd AT STEP 22510
WRITING COORDINATES TO DCD FILE NVT.dcd AT STEP 22520
WRITING COORDINATES TO DCD FILE NVT.dcd AT STEP 22530
WRITING COORDINATES TO DCD FILE NVT.dcd AT STEP 22540
WRITING COORDINATES TO DCD FILE NVT.dcd AT STEP 22550
WRITING COORDINATES TO DCD FILE NVT.dcd AT STEP 22560
WRITING COORDINATES TO DCD FILE NVT.dcd AT STEP 22570
WRITING COORDINATES TO DCD FILE NVT.dcd AT STEP 22580
WRITING COORDINATES TO DCD FILE NVT.dcd AT STEP 22590
WRITING COORDINATES TO DCD FILE NVT.dcd AT STEP 22600
WRITING COORDINATES TO DCD FILE NVT.dcd AT STEP 22610
WRITING COORDINATES TO DCD FILE NVT.dcd AT STEP 22620
WRITING COORDINATES TO DCD FILE NVT.dcd AT STEP 22630
WRITING COORDINATES TO DCD FILE NVT.dcd AT STEP 22640
WRITING COORDINATES TO DCD FILE NVT.dcd AT STEP 22650
WRITING COORDINATES TO DCD FILE NVT.dcd AT STEP 22660
WRITING COORDINATES TO DCD FILE NVT.dcd AT STEP 22670
WRITING COORDINATES TO DCD FILE NVT.dcd AT STEP 22680
WRITING COORDINATES TO DCD FILE NVT.dcd AT STEP 22690
WRITING COORDINATES TO DCD FILE NVT.dcd AT STEP 22700
WRITING COORDINATES TO DCD FILE NVT.dcd AT STEP 22710
WRITING COORDINATES TO DCD FILE NVT.dcd AT STEP 22720
WRITING COORDINATES TO DCD FILE NVT.dcd AT STEP 22730
WRITING COORDINATES TO DCD FILE NVT.dcd AT STEP 22740
WRITING COORDINATES TO DCD FILE NVT.dcd AT STEP 22750
WRITING COORDINATES TO DCD FILE NVT.dcd AT STEP 22760
WRITING COORDINATES TO DCD FILE NVT.dcd AT STEP 22770
WRITING COORDINATES TO DCD FILE NVT.dcd AT STEP 22780
WRITING COORDINATES TO DCD FILE NVT.dcd AT STEP 22790
WRITING COORDINATES TO DCD FILE NVT.dcd AT STEP 22800
WRITING COORDINATES TO DCD FILE NVT.dcd AT STEP 22810
WRITING COORDINATES TO DCD FILE NVT.dcd AT STEP 22820
WRITING COORDINATES TO DCD FILE NVT.dcd AT STEP 22830
WRITING COORDINATES TO DCD FILE NVT.dcd AT STEP 22840
WRITING COORDINATES TO DCD FILE NVT.dcd AT STEP 22850
WRITING COORDINATES TO DCD FILE NVT.dcd AT STEP 22860
WRITING COORDINATES TO DCD FILE NVT.dcd AT STEP 22870
WRITING COORDINATES TO DCD FILE NVT.dcd AT STEP 22880
WRITING COORDINATES TO DCD FILE NVT.dcd AT STEP 22890
WRITING COORDINATES TO DCD FILE NVT.dcd AT STEP 22900
WRITING COORDINATES TO DCD FILE NVT.dcd AT STEP 22910
WRITING COORDINATES TO DCD FILE NVT.dcd AT STEP 22920
WRITING COORDINATES TO DCD FILE NVT.dcd AT STEP 22930
WRITING COORDINATES TO DCD FILE NVT.dcd AT STEP 22940
WRITING COORDINATES TO DCD FILE NVT.dcd AT STEP 22950
WRITING COORDINATES TO DCD FILE NVT.dcd AT STEP 22960
WRITING COORDINATES TO DCD FILE NVT.dcd AT STEP 22970
WRITING COORDINATES TO DCD FILE NVT.dcd AT STEP 22980
WRITING COORDINATES TO DCD FILE NVT.dcd AT STEP 22990
PRESSURE: 23000 -210.113 -349.376 -27.4126 -349.376 196.611 -188.092 -27.4126 -188.092 -443.838
GPRESSURE: 23000 -183.011 -405.827 -35.2115 -323.527 97.4425 -203.38 -164.93 -155.027 -324.312
PRESSAVG: 23000 170.268 -23.293 -24.5569 -23.293 15.5205 16.5318 -24.5569 16.5318 -24.6106
GPRESSAVG: 23000 169.898 -23.8967 -24.9906 -23.2931 15.4762 16.3822 -23.9326 16.4917 -24.0146
ENERGY:   23000      1614.9846      9100.3502      5682.4189        65.3351         -60878.4760     -1375.7271         0.0000         0.0000     18484.8688         -27306.2456       298.3421    -45791.1144    -27162.1049       298.9687           -152.4468      -136.6269    266327.7836        53.7260        53.7866

WRITING COORDINATES TO DCD FILE NVT.dcd AT STEP 23000
WRITING COORDINATES TO DCD FILE NVT.dcd AT STEP 23010
WRITING COORDINATES TO DCD FILE NVT.dcd AT STEP 23020
WRITING COORDINATES TO DCD FILE NVT.dcd AT STEP 23030
WRITING COORDINATES TO DCD FILE NVT.dcd AT STEP 23040
WRITING COORDINATES TO DCD FILE NVT.dcd AT STEP 23050
WRITING COORDINATES TO DCD FILE NVT.dcd AT STEP 23060
WRITING COORDINATES TO DCD FILE NVT.dcd AT STEP 23070
WRITING COORDINATES TO DCD FILE NVT.dcd AT STEP 23080
WRITING COORDINATES TO DCD FILE NVT.dcd AT STEP 23090
WRITING COORDINATES TO DCD FILE NVT.dcd AT STEP 23100
WRITING COORDINATES TO DCD FILE NVT.dcd AT STEP 23110
WRITING COORDINATES TO DCD FILE NVT.dcd AT STEP 23120
WRITING COORDINATES TO DCD FILE NVT.dcd AT STEP 23130
WRITING COORDINATES TO DCD FILE NVT.dcd AT STEP 23140
WRITING COORDINATES TO DCD FILE NVT.dcd AT STEP 23150
WRITING COORDINATES TO DCD FILE NVT.dcd AT STEP 23160
WRITING COORDINATES TO DCD FILE NVT.dcd AT STEP 23170
WRITING COORDINATES TO DCD FILE NVT.dcd AT STEP 23180
WRITING COORDINATES TO DCD FILE NVT.dcd AT STEP 23190
WRITING COORDINATES TO DCD FILE NVT.dcd AT STEP 23200
WRITING COORDINATES TO DCD FILE NVT.dcd AT STEP 23210
WRITING COORDINATES TO DCD FILE NVT.dcd AT STEP 23220
WRITING COORDINATES TO DCD FILE NVT.dcd AT STEP 23230
WRITING COORDINATES TO DCD FILE NVT.dcd AT STEP 23240
WRITING COORDINATES TO DCD FILE NVT.dcd AT STEP 23250
WRITING COORDINATES TO DCD FILE NVT.dcd AT STEP 23260
WRITING COORDINATES TO DCD FILE NVT.dcd AT STEP 23270
WRITING COORDINATES TO DCD FILE NVT.dcd AT STEP 23280
WRITING COORDINATES TO DCD FILE NVT.dcd AT STEP 23290
WRITING COORDINATES TO DCD FILE NVT.dcd AT STEP 23300
WRITING COORDINATES TO DCD FILE NVT.dcd AT STEP 23310
WRITING COORDINATES TO DCD FILE NVT.dcd AT STEP 23320
WRITING COORDINATES TO DCD FILE NVT.dcd AT STEP 23330
WRITING COORDINATES TO DCD FILE NVT.dcd AT STEP 23340
WRITING COORDINATES TO DCD FILE NVT.dcd AT STEP 23350
WRITING COORDINATES TO DCD FILE NVT.dcd AT STEP 23360
WRITING COORDINATES TO DCD FILE NVT.dcd AT STEP 23370
WRITING COORDINATES TO DCD FILE NVT.dcd AT STEP 23380
WRITING COORDINATES TO DCD FILE NVT.dcd AT STEP 23390
WRITING COORDINATES TO DCD FILE NVT.dcd AT STEP 23400
WRITING COORDINATES TO DCD FILE NVT.dcd AT STEP 23410
WRITING COORDINATES TO DCD FILE NVT.dcd AT STEP 23420
WRITING COORDINATES TO DCD FILE NVT.dcd AT STEP 23430
WRITING COORDINATES TO DCD FILE NVT.dcd AT STEP 23440
WRITING COORDINATES TO DCD FILE NVT.dcd AT STEP 23450
WRITING COORDINATES TO DCD FILE NVT.dcd AT STEP 23460
WRITING COORDINATES TO DCD FILE NVT.dcd AT STEP 23470
WRITING COORDINATES TO DCD FILE NVT.dcd AT STEP 23480
WRITING COORDINATES TO DCD FILE NVT.dcd AT STEP 23490
WRITING COORDINATES TO DCD FILE NVT.dcd AT STEP 23500
WRITING COORDINATES TO DCD FILE NVT.dcd AT STEP 23510
WRITING COORDINATES TO DCD FILE NVT.dcd AT STEP 23520
WRITING COORDINATES TO DCD FILE NVT.dcd AT STEP 23530
WRITING COORDINATES TO DCD FILE NVT.dcd AT STEP 23540
WRITING COORDINATES TO DCD FILE NVT.dcd AT STEP 23550
WRITING COORDINATES TO DCD FILE NVT.dcd AT STEP 23560
WRITING COORDINATES TO DCD FILE NVT.dcd AT STEP 23570
WRITING COORDINATES TO DCD FILE NVT.dcd AT STEP 23580
WRITING COORDINATES TO DCD FILE NVT.dcd AT STEP 23590
WRITING COORDINATES TO DCD FILE NVT.dcd AT STEP 23600
WRITING COORDINATES TO DCD FILE NVT.dcd AT STEP 23610
WRITING COORDINATES TO DCD FILE NVT.dcd AT STEP 23620
WRITING COORDINATES TO DCD FILE NVT.dcd AT STEP 23630
WRITING COORDINATES TO DCD FILE NVT.dcd AT STEP 23640
WRITING COORDINATES TO DCD FILE NVT.dcd AT STEP 23650
WRITING COORDINATES TO DCD FILE NVT.dcd AT STEP 23660
WRITING COORDINATES TO DCD FILE NVT.dcd AT STEP 23670
WRITING COORDINATES TO DCD FILE NVT.dcd AT STEP 23680
WRITING COORDINATES TO DCD FILE NVT.dcd AT STEP 23690
WRITING COORDINATES TO DCD FILE NVT.dcd AT STEP 23700
WRITING COORDINATES TO DCD FILE NVT.dcd AT STEP 23710
WRITING COORDINATES TO DCD FILE NVT.dcd AT STEP 23720
WRITING COORDINATES TO DCD FILE NVT.dcd AT STEP 23730
WRITING COORDINATES TO DCD FILE NVT.dcd AT STEP 23740
WRITING COORDINATES TO DCD FILE NVT.dcd AT STEP 23750
WRITING COORDINATES TO DCD FILE NVT.dcd AT STEP 23760
WRITING COORDINATES TO DCD FILE NVT.dcd AT STEP 23770
WRITING COORDINATES TO DCD FILE NVT.dcd AT STEP 23780
WRITING COORDINATES TO DCD FILE NVT.dcd AT STEP 23790
WRITING COORDINATES TO DCD FILE NVT.dcd AT STEP 23800
WRITING COORDINATES TO DCD FILE NVT.dcd AT STEP 23810
WRITING COORDINATES TO DCD FILE NVT.dcd AT STEP 23820
WRITING COORDINATES TO DCD FILE NVT.dcd AT STEP 23830
WRITING COORDINATES TO DCD FILE NVT.dcd AT STEP 23840
WRITING COORDINATES TO DCD FILE NVT.dcd AT STEP 23850
WRITING COORDINATES TO DCD FILE NVT.dcd AT STEP 23860
WRITING COORDINATES TO DCD FILE NVT.dcd AT STEP 23870
WRITING COORDINATES TO DCD FILE NVT.dcd AT STEP 23880
WRITING COORDINATES TO DCD FILE NVT.dcd AT STEP 23890
WRITING COORDINATES TO DCD FILE NVT.dcd AT STEP 23900
WRITING COORDINATES TO DCD FILE NVT.dcd AT STEP 23910
WRITING COORDINATES TO DCD FILE NVT.dcd AT STEP 23920
WRITING COORDINATES TO DCD FILE NVT.dcd AT STEP 23930
WRITING COORDINATES TO DCD FILE NVT.dcd AT STEP 23940
WRITING COORDINATES TO DCD FILE NVT.dcd AT STEP 23950
WRITING COORDINATES TO DCD FILE NVT.dcd AT STEP 23960
WRITING COORDINATES TO DCD FILE NVT.dcd AT STEP 23970
WRITING COORDINATES TO DCD FILE NVT.dcd AT STEP 23980
WRITING COORDINATES TO DCD FILE NVT.dcd AT STEP 23990
PRESSURE: 24000 -33.7217 -307.801 -257.266 -307.801 551.089 -420.048 -257.266 -420.048 226.426
GPRESSURE: 24000 212.471 -239.979 -226.812 -316.326 391.443 -532.744 -240.771 -166.895 225.708
PRESSAVG: 24000 24.2725 -38.3009 -27.5923 -38.3009 -60.4516 -57.7374 -27.5923 -57.7374 -16.2464
GPRESSAVG: 24000 24.9898 -37.2291 -26.9955 -38.317 -61.3789 -57.5501 -27.9849 -58.0556 -16.2231
ENERGY:   24000      1530.5343      9137.2147      5756.7559        65.8929         -61226.2658     -1070.1809         0.0000         0.0000     18576.7929         -27229.2560       299.8258    -45806.0489    -27080.9271       298.7832            247.9310       276.5403    266327.7836       -17.4752       -17.5374

WRITING COORDINATES TO DCD FILE NVT.dcd AT STEP 24000
WRITING COORDINATES TO DCD FILE NVT.dcd AT STEP 24010
WRITING COORDINATES TO DCD FILE NVT.dcd AT STEP 24020
WRITING COORDINATES TO DCD FILE NVT.dcd AT STEP 24030
WRITING COORDINATES TO DCD FILE NVT.dcd AT STEP 24040
WRITING COORDINATES TO DCD FILE NVT.dcd AT STEP 24050
WRITING COORDINATES TO DCD FILE NVT.dcd AT STEP 24060
WRITING COORDINATES TO DCD FILE NVT.dcd AT STEP 24070
WRITING COORDINATES TO DCD FILE NVT.dcd AT STEP 24080
WRITING COORDINATES TO DCD FILE NVT.dcd AT STEP 24090
WRITING COORDINATES TO DCD FILE NVT.dcd AT STEP 24100
WRITING COORDINATES TO DCD FILE NVT.dcd AT STEP 24110
WRITING COORDINATES TO DCD FILE NVT.dcd AT STEP 24120
WRITING COORDINATES TO DCD FILE NVT.dcd AT STEP 24130
WRITING COORDINATES TO DCD FILE NVT.dcd AT STEP 24140
LDB: ============= START OF LOAD BALANCING ============== 4044.89
LDB: ============== END OF LOAD BALANCING =============== 4044.89
LDB: =============== DONE WITH MIGRATION ================ 4044.89
WRITING COORDINATES TO DCD FILE NVT.dcd AT STEP 24150
WRITING COORDINATES TO DCD FILE NVT.dcd AT STEP 24160
WRITING COORDINATES TO DCD FILE NVT.dcd AT STEP 24170
WRITING COORDINATES TO DCD FILE NVT.dcd AT STEP 24180
WRITING COORDINATES TO DCD FILE NVT.dcd AT STEP 24190
LDB: ============= START OF LOAD BALANCING ============== 4053.25
LDB: ============== END OF LOAD BALANCING =============== 4053.25
LDB: =============== DONE WITH MIGRATION ================ 4053.25
WRITING COORDINATES TO DCD FILE NVT.dcd AT STEP 24200
WRITING COORDINATES TO DCD FILE NVT.dcd AT STEP 24210
WRITING COORDINATES TO DCD FILE NVT.dcd AT STEP 24220
WRITING COORDINATES TO DCD FILE NVT.dcd AT STEP 24230
WRITING COORDINATES TO DCD FILE NVT.dcd AT STEP 24240
WRITING COORDINATES TO DCD FILE NVT.dcd AT STEP 24250
WRITING COORDINATES TO DCD FILE NVT.dcd AT STEP 24260
WRITING COORDINATES TO DCD FILE NVT.dcd AT STEP 24270
WRITING COORDINATES TO DCD FILE NVT.dcd AT STEP 24280
WRITING COORDINATES TO DCD FILE NVT.dcd AT STEP 24290
WRITING COORDINATES TO DCD FILE NVT.dcd AT STEP 24300
WRITING COORDINATES TO DCD FILE NVT.dcd AT STEP 24310
WRITING COORDINATES TO DCD FILE NVT.dcd AT STEP 24320
WRITING COORDINATES TO DCD FILE NVT.dcd AT STEP 24330
WRITING COORDINATES TO DCD FILE NVT.dcd AT STEP 24340
WRITING COORDINATES TO DCD FILE NVT.dcd AT STEP 24350
WRITING COORDINATES TO DCD FILE NVT.dcd AT STEP 24360
WRITING COORDINATES TO DCD FILE NVT.dcd AT STEP 24370
WRITING COORDINATES TO DCD FILE NVT.dcd AT STEP 24380
WRITING COORDINATES TO DCD FILE NVT.dcd AT STEP 24390
WRITING COORDINATES TO DCD FILE NVT.dcd AT STEP 24400
WRITING COORDINATES TO DCD FILE NVT.dcd AT STEP 24410
WRITING COORDINATES TO DCD FILE NVT.dcd AT STEP 24420
WRITING COORDINATES TO DCD FILE NVT.dcd AT STEP 24430
WRITING COORDINATES TO DCD FILE NVT.dcd AT STEP 24440
WRITING COORDINATES TO DCD FILE NVT.dcd AT STEP 24450
WRITING COORDINATES TO DCD FILE NVT.dcd AT STEP 24460
WRITING COORDINATES TO DCD FILE NVT.dcd AT STEP 24470
WRITING COORDINATES TO DCD FILE NVT.dcd AT STEP 24480
WRITING COORDINATES TO DCD FILE NVT.dcd AT STEP 24490
WRITING COORDINATES TO DCD FILE NVT.dcd AT STEP 24500
WRITING COORDINATES TO DCD FILE NVT.dcd AT STEP 24510
WRITING COORDINATES TO DCD FILE NVT.dcd AT STEP 24520
WRITING COORDINATES TO DCD FILE NVT.dcd AT STEP 24530
WRITING COORDINATES TO DCD FILE NVT.dcd AT STEP 24540
WRITING COORDINATES TO DCD FILE NVT.dcd AT STEP 24550
WRITING COORDINATES TO DCD FILE NVT.dcd AT STEP 24560
WRITING COORDINATES TO DCD FILE NVT.dcd AT STEP 24570
WRITING COORDINATES TO DCD FILE NVT.dcd AT STEP 24580
WRITING COORDINATES TO DCD FILE NVT.dcd AT STEP 24590
WRITING COORDINATES TO DCD FILE NVT.dcd AT STEP 24600
WRITING COORDINATES TO DCD FILE NVT.dcd AT STEP 24610
WRITING COORDINATES TO DCD FILE NVT.dcd AT STEP 24620
WRITING COORDINATES TO DCD FILE NVT.dcd AT STEP 24630
WRITING COORDINATES TO DCD FILE NVT.dcd AT STEP 24640
WRITING COORDINATES TO DCD FILE NVT.dcd AT STEP 24650
WRITING COORDINATES TO DCD FILE NVT.dcd AT STEP 24660
WRITING COORDINATES TO DCD FILE NVT.dcd AT STEP 24670
WRITING COORDINATES TO DCD FILE NVT.dcd AT STEP 24680
WRITING COORDINATES TO DCD FILE NVT.dcd AT STEP 24690
WRITING COORDINATES TO DCD FILE NVT.dcd AT STEP 24700
WRITING COORDINATES TO DCD FILE NVT.dcd AT STEP 24710
WRITING COORDINATES TO DCD FILE NVT.dcd AT STEP 24720
WRITING COORDINATES TO DCD FILE NVT.dcd AT STEP 24730
WRITING COORDINATES TO DCD FILE NVT.dcd AT STEP 24740
WRITING COORDINATES TO DCD FILE NVT.dcd AT STEP 24750
WRITING COORDINATES TO DCD FILE NVT.dcd AT STEP 24760
WRITING COORDINATES TO DCD FILE NVT.dcd AT STEP 24770
WRITING COORDINATES TO DCD FILE NVT.dcd AT STEP 24780
WRITING COORDINATES TO DCD FILE NVT.dcd AT STEP 24790
WRITING COORDINATES TO DCD FILE NVT.dcd AT STEP 24800
WRITING COORDINATES TO DCD FILE NVT.dcd AT STEP 24810
WRITING COORDINATES TO DCD FILE NVT.dcd AT STEP 24820
WRITING COORDINATES TO DCD FILE NVT.dcd AT STEP 24830
WRITING COORDINATES TO DCD FILE NVT.dcd AT STEP 24840
WRITING COORDINATES TO DCD FILE NVT.dcd AT STEP 24850
WRITING COORDINATES TO DCD FILE NVT.dcd AT STEP 24860
WRITING COORDINATES TO DCD FILE NVT.dcd AT STEP 24870
WRITING COORDINATES TO DCD FILE NVT.dcd AT STEP 24880
WRITING COORDINATES TO DCD FILE NVT.dcd AT STEP 24890
WRITING COORDINATES TO DCD FILE NVT.dcd AT STEP 24900
WRITING COORDINATES TO DCD FILE NVT.dcd AT STEP 24910
WRITING COORDINATES TO DCD FILE NVT.dcd AT STEP 24920
WRITING COORDINATES TO DCD FILE NVT.dcd AT STEP 24930
WRITING COORDINATES TO DCD FILE NVT.dcd AT STEP 24940
WRITING COORDINATES TO DCD FILE NVT.dcd AT STEP 24950
WRITING COORDINATES TO DCD FILE NVT.dcd AT STEP 24960
WRITING COORDINATES TO DCD FILE NVT.dcd AT STEP 24970
WRITING COORDINATES TO DCD FILE NVT.dcd AT STEP 24980
WRITING COORDINATES TO DCD FILE NVT.dcd AT STEP 24990
PRESSURE: 25000 -586.895 86.3985 -229.775 86.3985 82.9804 12.1169 -229.775 12.1169 361.237
GPRESSURE: 25000 -515.247 225.985 -51.3885 214.446 46.8818 -60.1003 -188.656 71.9747 366.891
PRESSAVG: 25000 32.8246 -2.10908 -24.3323 -2.10908 -14.7549 -25.4261 -24.3323 -25.4261 13.2241
GPRESSAVG: 25000 32.9575 -3.10839 -24.3986 -1.89358 -14.108 -24.8315 -24.1959 -26.1578 12.6988
ENERGY:   25000      1543.9207      9030.8232      5677.7964        66.2981         -61104.8094     -1252.8647         0.0000         0.0000     18584.9942         -27453.8415       299.9581    -46038.8357    -27300.7200       298.0058            -47.5594       -33.8248    266327.7836        10.4312        10.5161

WRITING EXTENDED SYSTEM TO RESTART FILE AT STEP 25000
WRITING COORDINATES TO DCD FILE NVT.dcd AT STEP 25000
WRITING COORDINATES TO RESTART FILE AT STEP 25000
FINISHED WRITING RESTART COORDINATES
WRITING VELOCITIES TO RESTART FILE AT STEP 25000
FINISHED WRITING RESTART VELOCITIES
The last velocity output (seq=25000) takes 0.000 seconds, 856.965 MB of memory in use
WRITING COORDINATES TO DCD FILE NVT.dcd AT STEP 25010
WRITING COORDINATES TO DCD FILE NVT.dcd AT STEP 25020
WRITING COORDINATES TO DCD FILE NVT.dcd AT STEP 25030
WRITING COORDINATES TO DCD FILE NVT.dcd AT STEP 25040
WRITING COORDINATES TO DCD FILE NVT.dcd AT STEP 25050
WRITING COORDINATES TO DCD FILE NVT.dcd AT STEP 25060
WRITING COORDINATES TO DCD FILE NVT.dcd AT STEP 25070
WRITING COORDINATES TO DCD FILE NVT.dcd AT STEP 25080
WRITING COORDINATES TO DCD FILE NVT.dcd AT STEP 25090
WRITING COORDINATES TO DCD FILE NVT.dcd AT STEP 25100
WRITING COORDINATES TO DCD FILE NVT.dcd AT STEP 25110
WRITING COORDINATES TO DCD FILE NVT.dcd AT STEP 25120
WRITING COORDINATES TO DCD FILE NVT.dcd AT STEP 25130
WRITING COORDINATES TO DCD FILE NVT.dcd AT STEP 25140
WRITING COORDINATES TO DCD FILE NVT.dcd AT STEP 25150
WRITING COORDINATES TO DCD FILE NVT.dcd AT STEP 25160
WRITING COORDINATES TO DCD FILE NVT.dcd AT STEP 25170
WRITING COORDINATES TO DCD FILE NVT.dcd AT STEP 25180
WRITING COORDINATES TO DCD FILE NVT.dcd AT STEP 25190
WRITING COORDINATES TO DCD FILE NVT.dcd AT STEP 25200
WRITING COORDINATES TO DCD FILE NVT.dcd AT STEP 25210
WRITING COORDINATES TO DCD FILE NVT.dcd AT STEP 25220
WRITING COORDINATES TO DCD FILE NVT.dcd AT STEP 25230
WRITING COORDINATES TO DCD FILE NVT.dcd AT STEP 25240
WRITING COORDINATES TO DCD FILE NVT.dcd AT STEP 25250
WRITING COORDINATES TO DCD FILE NVT.dcd AT STEP 25260
WRITING COORDINATES TO DCD FILE NVT.dcd AT STEP 25270
WRITING COORDINATES TO DCD FILE NVT.dcd AT STEP 25280
WRITING COORDINATES TO DCD FILE NVT.dcd AT STEP 25290
WRITING COORDINATES TO DCD FILE NVT.dcd AT STEP 25300
WRITING COORDINATES TO DCD FILE NVT.dcd AT STEP 25310
WRITING COORDINATES TO DCD FILE NVT.dcd AT STEP 25320
WRITING COORDINATES TO DCD FILE NVT.dcd AT STEP 25330
WRITING COORDINATES TO DCD FILE NVT.dcd AT STEP 25340
WRITING COORDINATES TO DCD FILE NVT.dcd AT STEP 25350
WRITING COORDINATES TO DCD FILE NVT.dcd AT STEP 25360
WRITING COORDINATES TO DCD FILE NVT.dcd AT STEP 25370
WRITING COORDINATES TO DCD FILE NVT.dcd AT STEP 25380
WRITING COORDINATES TO DCD FILE NVT.dcd AT STEP 25390
WRITING COORDINATES TO DCD FILE NVT.dcd AT STEP 25400
WRITING COORDINATES TO DCD FILE NVT.dcd AT STEP 25410
WRITING COORDINATES TO DCD FILE NVT.dcd AT STEP 25420
WRITING COORDINATES TO DCD FILE NVT.dcd AT STEP 25430
WRITING COORDINATES TO DCD FILE NVT.dcd AT STEP 25440
WRITING COORDINATES TO DCD FILE NVT.dcd AT STEP 25450
WRITING COORDINATES TO DCD FILE NVT.dcd AT STEP 25460
WRITING COORDINATES TO DCD FILE NVT.dcd AT STEP 25470
WRITING COORDINATES TO DCD FILE NVT.dcd AT STEP 25480
WRITING COORDINATES TO DCD FILE NVT.dcd AT STEP 25490
WRITING COORDINATES TO DCD FILE NVT.dcd AT STEP 25500
WRITING COORDINATES TO DCD FILE NVT.dcd AT STEP 25510
WRITING COORDINATES TO DCD FILE NVT.dcd AT STEP 25520
WRITING COORDINATES TO DCD FILE NVT.dcd AT STEP 25530
WRITING COORDINATES TO DCD FILE NVT.dcd AT STEP 25540
WRITING COORDINATES TO DCD FILE NVT.dcd AT STEP 25550
WRITING COORDINATES TO DCD FILE NVT.dcd AT STEP 25560
WRITING COORDINATES TO DCD FILE NVT.dcd AT STEP 25570
WRITING COORDINATES TO DCD FILE NVT.dcd AT STEP 25580
WRITING COORDINATES TO DCD FILE NVT.dcd AT STEP 25590
WRITING COORDINATES TO DCD FILE NVT.dcd AT STEP 25600
WRITING COORDINATES TO DCD FILE NVT.dcd AT STEP 25610
WRITING COORDINATES TO DCD FILE NVT.dcd AT STEP 25620
WRITING COORDINATES TO DCD FILE NVT.dcd AT STEP 25630
WRITING COORDINATES TO DCD FILE NVT.dcd AT STEP 25640
WRITING COORDINATES TO DCD FILE NVT.dcd AT STEP 25650
WRITING COORDINATES TO DCD FILE NVT.dcd AT STEP 25660
WRITING COORDINATES TO DCD FILE NVT.dcd AT STEP 25670
WRITING COORDINATES TO DCD FILE NVT.dcd AT STEP 25680
WRITING COORDINATES TO DCD FILE NVT.dcd AT STEP 25690
WRITING COORDINATES TO DCD FILE NVT.dcd AT STEP 25700
WRITING COORDINATES TO DCD FILE NVT.dcd AT STEP 25710
WRITING COORDINATES TO DCD FILE NVT.dcd AT STEP 25720
WRITING COORDINATES TO DCD FILE NVT.dcd AT STEP 25730
WRITING COORDINATES TO DCD FILE NVT.dcd AT STEP 25740
WRITING COORDINATES TO DCD FILE NVT.dcd AT STEP 25750
WRITING COORDINATES TO DCD FILE NVT.dcd AT STEP 25760
WRITING COORDINATES TO DCD FILE NVT.dcd AT STEP 25770
WRITING COORDINATES TO DCD FILE NVT.dcd AT STEP 25780
WRITING COORDINATES TO DCD FILE NVT.dcd AT STEP 25790
WRITING COORDINATES TO DCD FILE NVT.dcd AT STEP 25800
WRITING COORDINATES TO DCD FILE NVT.dcd AT STEP 25810
WRITING COORDINATES TO DCD FILE NVT.dcd AT STEP 25820
WRITING COORDINATES TO DCD FILE NVT.dcd AT STEP 25830
WRITING COORDINATES TO DCD FILE NVT.dcd AT STEP 25840
WRITING COORDINATES TO DCD FILE NVT.dcd AT STEP 25850
WRITING COORDINATES TO DCD FILE NVT.dcd AT STEP 25860
WRITING COORDINATES TO DCD FILE NVT.dcd AT STEP 25870
WRITING COORDINATES TO DCD FILE NVT.dcd AT STEP 25880
WRITING COORDINATES TO DCD FILE NVT.dcd AT STEP 25890
WRITING COORDINATES TO DCD FILE NVT.dcd AT STEP 25900
WRITING COORDINATES TO DCD FILE NVT.dcd AT STEP 25910
WRITING COORDINATES TO DCD FILE NVT.dcd AT STEP 25920
WRITING COORDINATES TO DCD FILE NVT.dcd AT STEP 25930
WRITING COORDINATES TO DCD FILE NVT.dcd AT STEP 25940
WRITING COORDINATES TO DCD FILE NVT.dcd AT STEP 25950
WRITING COORDINATES TO DCD FILE NVT.dcd AT STEP 25960
WRITING COORDINATES TO DCD FILE NVT.dcd AT STEP 25970
WRITING COORDINATES TO DCD FILE NVT.dcd AT STEP 25980
WRITING COORDINATES TO DCD FILE NVT.dcd AT STEP 25990
PRESSURE: 26000 -157.542 246.882 -565.961 246.882 -161.728 -308.669 -565.961 -308.669 -303.39
GPRESSURE: 26000 -274.949 339.383 -574.842 214.48 -121.432 -339.124 -449.506 -129.063 -143.03
PRESSAVG: 26000 -59.2411 1.43657 3.73967 1.43657 -91.8658 -48.2171 3.73967 -48.2171 -2.42937
GPRESSAVG: 26000 -59.3587 2.8049 2.87028 1.49984 -92.4301 -48.2615 4.67958 -47.34 -2.52122
ENERGY:   26000      1521.8464      9093.3614      5642.1116        78.9940         -61128.5823     -1251.4568         0.0000         0.0000     18607.1495         -27436.5761       300.3157    -46043.7256    -27279.4537       297.9262           -207.5532      -179.8039    266327.7836       -51.1788       -51.4367

WRITING COORDINATES TO DCD FILE NVT.dcd AT STEP 26000
WRITING COORDINATES TO DCD FILE NVT.dcd AT STEP 26010
WRITING COORDINATES TO DCD FILE NVT.dcd AT STEP 26020
WRITING COORDINATES TO DCD FILE NVT.dcd AT STEP 26030
WRITING COORDINATES TO DCD FILE NVT.dcd AT STEP 26040
WRITING COORDINATES TO DCD FILE NVT.dcd AT STEP 26050
WRITING COORDINATES TO DCD FILE NVT.dcd AT STEP 26060
WRITING COORDINATES TO DCD FILE NVT.dcd AT STEP 26070
WRITING COORDINATES TO DCD FILE NVT.dcd AT STEP 26080
WRITING COORDINATES TO DCD FILE NVT.dcd AT STEP 26090
WRITING COORDINATES TO DCD FILE NVT.dcd AT STEP 26100
WRITING COORDINATES TO DCD FILE NVT.dcd AT STEP 26110
WRITING COORDINATES TO DCD FILE NVT.dcd AT STEP 26120
WRITING COORDINATES TO DCD FILE NVT.dcd AT STEP 26130
WRITING COORDINATES TO DCD FILE NVT.dcd AT STEP 26140
LDB: ============= START OF LOAD BALANCING ============== 4379.15
LDB: ============== END OF LOAD BALANCING =============== 4379.15
LDB: =============== DONE WITH MIGRATION ================ 4379.15
WRITING COORDINATES TO DCD FILE NVT.dcd AT STEP 26150
WRITING COORDINATES TO DCD FILE NVT.dcd AT STEP 26160
WRITING COORDINATES TO DCD FILE NVT.dcd AT STEP 26170
WRITING COORDINATES TO DCD FILE NVT.dcd AT STEP 26180
WRITING COORDINATES TO DCD FILE NVT.dcd AT STEP 26190
LDB: ============= START OF LOAD BALANCING ============== 4387.51
LDB: ============== END OF LOAD BALANCING =============== 4387.51
LDB: =============== DONE WITH MIGRATION ================ 4387.51
WRITING COORDINATES TO DCD FILE NVT.dcd AT STEP 26200
WRITING COORDINATES TO DCD FILE NVT.dcd AT STEP 26210
WRITING COORDINATES TO DCD FILE NVT.dcd AT STEP 26220
WRITING COORDINATES TO DCD FILE NVT.dcd AT STEP 26230
WRITING COORDINATES TO DCD FILE NVT.dcd AT STEP 26240
WRITING COORDINATES TO DCD FILE NVT.dcd AT STEP 26250
WRITING COORDINATES TO DCD FILE NVT.dcd AT STEP 26260
WRITING COORDINATES TO DCD FILE NVT.dcd AT STEP 26270
WRITING COORDINATES TO DCD FILE NVT.dcd AT STEP 26280
WRITING COORDINATES TO DCD FILE NVT.dcd AT STEP 26290
WRITING COORDINATES TO DCD FILE NVT.dcd AT STEP 26300
WRITING COORDINATES TO DCD FILE NVT.dcd AT STEP 26310
WRITING COORDINATES TO DCD FILE NVT.dcd AT STEP 26320
WRITING COORDINATES TO DCD FILE NVT.dcd AT STEP 26330
WRITING COORDINATES TO DCD FILE NVT.dcd AT STEP 26340
WRITING COORDINATES TO DCD FILE NVT.dcd AT STEP 26350
WRITING COORDINATES TO DCD FILE NVT.dcd AT STEP 26360
WRITING COORDINATES TO DCD FILE NVT.dcd AT STEP 26370
WRITING COORDINATES TO DCD FILE NVT.dcd AT STEP 26380
WRITING COORDINATES TO DCD FILE NVT.dcd AT STEP 26390
WRITING COORDINATES TO DCD FILE NVT.dcd AT STEP 26400
WRITING COORDINATES TO DCD FILE NVT.dcd AT STEP 26410
WRITING COORDINATES TO DCD FILE NVT.dcd AT STEP 26420
WRITING COORDINATES TO DCD FILE NVT.dcd AT STEP 26430
WRITING COORDINATES TO DCD FILE NVT.dcd AT STEP 26440
WRITING COORDINATES TO DCD FILE NVT.dcd AT STEP 26450
WRITING COORDINATES TO DCD FILE NVT.dcd AT STEP 26460
WRITING COORDINATES TO DCD FILE NVT.dcd AT STEP 26470
WRITING COORDINATES TO DCD FILE NVT.dcd AT STEP 26480
WRITING COORDINATES TO DCD FILE NVT.dcd AT STEP 26490
WRITING COORDINATES TO DCD FILE NVT.dcd AT STEP 26500
WRITING COORDINATES TO DCD FILE NVT.dcd AT STEP 26510
WRITING COORDINATES TO DCD FILE NVT.dcd AT STEP 26520
WRITING COORDINATES TO DCD FILE NVT.dcd AT STEP 26530
WRITING COORDINATES TO DCD FILE NVT.dcd AT STEP 26540
WRITING COORDINATES TO DCD FILE NVT.dcd AT STEP 26550
WRITING COORDINATES TO DCD FILE NVT.dcd AT STEP 26560
WRITING COORDINATES TO DCD FILE NVT.dcd AT STEP 26570
WRITING COORDINATES TO DCD FILE NVT.dcd AT STEP 26580
WRITING COORDINATES TO DCD FILE NVT.dcd AT STEP 26590
WRITING COORDINATES TO DCD FILE NVT.dcd AT STEP 26600
WRITING COORDINATES TO DCD FILE NVT.dcd AT STEP 26610
WRITING COORDINATES TO DCD FILE NVT.dcd AT STEP 26620
WRITING COORDINATES TO DCD FILE NVT.dcd AT STEP 26630
WRITING COORDINATES TO DCD FILE NVT.dcd AT STEP 26640
WRITING COORDINATES TO DCD FILE NVT.dcd AT STEP 26650
WRITING COORDINATES TO DCD FILE NVT.dcd AT STEP 26660
WRITING COORDINATES TO DCD FILE NVT.dcd AT STEP 26670
WRITING COORDINATES TO DCD FILE NVT.dcd AT STEP 26680
WRITING COORDINATES TO DCD FILE NVT.dcd AT STEP 26690
WRITING COORDINATES TO DCD FILE NVT.dcd AT STEP 26700
WRITING COORDINATES TO DCD FILE NVT.dcd AT STEP 26710
WRITING COORDINATES TO DCD FILE NVT.dcd AT STEP 26720
WRITING COORDINATES TO DCD FILE NVT.dcd AT STEP 26730
WRITING COORDINATES TO DCD FILE NVT.dcd AT STEP 26740
WRITING COORDINATES TO DCD FILE NVT.dcd AT STEP 26750
WRITING COORDINATES TO DCD FILE NVT.dcd AT STEP 26760
WRITING COORDINATES TO DCD FILE NVT.dcd AT STEP 26770
WRITING COORDINATES TO DCD FILE NVT.dcd AT STEP 26780
WRITING COORDINATES TO DCD FILE NVT.dcd AT STEP 26790
WRITING COORDINATES TO DCD FILE NVT.dcd AT STEP 26800
WRITING COORDINATES TO DCD FILE NVT.dcd AT STEP 26810
WRITING COORDINATES TO DCD FILE NVT.dcd AT STEP 26820
WRITING COORDINATES TO DCD FILE NVT.dcd AT STEP 26830
WRITING COORDINATES TO DCD FILE NVT.dcd AT STEP 26840
WRITING COORDINATES TO DCD FILE NVT.dcd AT STEP 26850
WRITING COORDINATES TO DCD FILE NVT.dcd AT STEP 26860
WRITING COORDINATES TO DCD FILE NVT.dcd AT STEP 26870
WRITING COORDINATES TO DCD FILE NVT.dcd AT STEP 26880
WRITING COORDINATES TO DCD FILE NVT.dcd AT STEP 26890
WRITING COORDINATES TO DCD FILE NVT.dcd AT STEP 26900
WRITING COORDINATES TO DCD FILE NVT.dcd AT STEP 26910
WRITING COORDINATES TO DCD FILE NVT.dcd AT STEP 26920
WRITING COORDINATES TO DCD FILE NVT.dcd AT STEP 26930
WRITING COORDINATES TO DCD FILE NVT.dcd AT STEP 26940
WRITING COORDINATES TO DCD FILE NVT.dcd AT STEP 26950
WRITING COORDINATES TO DCD FILE NVT.dcd AT STEP 26960
WRITING COORDINATES TO DCD FILE NVT.dcd AT STEP 26970
WRITING COORDINATES TO DCD FILE NVT.dcd AT STEP 26980
WRITING COORDINATES TO DCD FILE NVT.dcd AT STEP 26990
PRESSURE: 27000 25.8163 58.1549 -16.954 58.1549 -620.609 286.266 -16.954 286.266 413.668
GPRESSURE: 27000 17.0212 129.334 -42.1547 99.198 -607.688 434.002 -78.7125 315.265 440.924
PRESSAVG: 27000 2.82679 50.6485 27.5505 50.6485 -83.1608 51.7734 27.5505 51.7734 28.0592
GPRESSAVG: 27000 2.65465 50.1757 27.9943 50.7714 -82.8813 51.4638 26.3064 51.7049 27.7173
ENERGY:   27000      1575.1937      9101.2155      5693.0758        80.9557         -61310.1984     -1190.1365         0.0000         0.0000     18333.4459         -27716.4483       295.8982    -46049.8942    -27565.7794       297.5392            -60.3749       -49.9144    266327.7836       -17.4250       -17.5031

WRITING COORDINATES TO DCD FILE NVT.dcd AT STEP 27000
WRITING COORDINATES TO DCD FILE NVT.dcd AT STEP 27010
WRITING COORDINATES TO DCD FILE NVT.dcd AT STEP 27020
WRITING COORDINATES TO DCD FILE NVT.dcd AT STEP 27030
WRITING COORDINATES TO DCD FILE NVT.dcd AT STEP 27040
WRITING COORDINATES TO DCD FILE NVT.dcd AT STEP 27050
WRITING COORDINATES TO DCD FILE NVT.dcd AT STEP 27060
WRITING COORDINATES TO DCD FILE NVT.dcd AT STEP 27070
WRITING COORDINATES TO DCD FILE NVT.dcd AT STEP 27080
WRITING COORDINATES TO DCD FILE NVT.dcd AT STEP 27090
WRITING COORDINATES TO DCD FILE NVT.dcd AT STEP 27100
WRITING COORDINATES TO DCD FILE NVT.dcd AT STEP 27110
WRITING COORDINATES TO DCD FILE NVT.dcd AT STEP 27120
WRITING COORDINATES TO DCD FILE NVT.dcd AT STEP 27130
WRITING COORDINATES TO DCD FILE NVT.dcd AT STEP 27140
WRITING COORDINATES TO DCD FILE NVT.dcd AT STEP 27150
WRITING COORDINATES TO DCD FILE NVT.dcd AT STEP 27160
WRITING COORDINATES TO DCD FILE NVT.dcd AT STEP 27170
WRITING COORDINATES TO DCD FILE NVT.dcd AT STEP 27180
WRITING COORDINATES TO DCD FILE NVT.dcd AT STEP 27190
WRITING COORDINATES TO DCD FILE NVT.dcd AT STEP 27200
WRITING COORDINATES TO DCD FILE NVT.dcd AT STEP 27210
WRITING COORDINATES TO DCD FILE NVT.dcd AT STEP 27220
WRITING COORDINATES TO DCD FILE NVT.dcd AT STEP 27230
WRITING COORDINATES TO DCD FILE NVT.dcd AT STEP 27240
WRITING COORDINATES TO DCD FILE NVT.dcd AT STEP 27250
WRITING COORDINATES TO DCD FILE NVT.dcd AT STEP 27260
WRITING COORDINATES TO DCD FILE NVT.dcd AT STEP 27270
WRITING COORDINATES TO DCD FILE NVT.dcd AT STEP 27280
WRITING COORDINATES TO DCD FILE NVT.dcd AT STEP 27290
WRITING COORDINATES TO DCD FILE NVT.dcd AT STEP 27300
WRITING COORDINATES TO DCD FILE NVT.dcd AT STEP 27310
WRITING COORDINATES TO DCD FILE NVT.dcd AT STEP 27320
WRITING COORDINATES TO DCD FILE NVT.dcd AT STEP 27330
WRITING COORDINATES TO DCD FILE NVT.dcd AT STEP 27340
WRITING COORDINATES TO DCD FILE NVT.dcd AT STEP 27350
WRITING COORDINATES TO DCD FILE NVT.dcd AT STEP 27360
WRITING COORDINATES TO DCD FILE NVT.dcd AT STEP 27370
WRITING COORDINATES TO DCD FILE NVT.dcd AT STEP 27380
WRITING COORDINATES TO DCD FILE NVT.dcd AT STEP 27390
WRITING COORDINATES TO DCD FILE NVT.dcd AT STEP 27400
WRITING COORDINATES TO DCD FILE NVT.dcd AT STEP 27410
WRITING COORDINATES TO DCD FILE NVT.dcd AT STEP 27420
WRITING COORDINATES TO DCD FILE NVT.dcd AT STEP 27430
WRITING COORDINATES TO DCD FILE NVT.dcd AT STEP 27440
WRITING COORDINATES TO DCD FILE NVT.dcd AT STEP 27450
WRITING COORDINATES TO DCD FILE NVT.dcd AT STEP 27460
WRITING COORDINATES TO DCD FILE NVT.dcd AT STEP 27470
WRITING COORDINATES TO DCD FILE NVT.dcd AT STEP 27480
WRITING COORDINATES TO DCD FILE NVT.dcd AT STEP 27490
WRITING COORDINATES TO DCD FILE NVT.dcd AT STEP 27500
WRITING COORDINATES TO DCD FILE NVT.dcd AT STEP 27510
WRITING COORDINATES TO DCD FILE NVT.dcd AT STEP 27520
WRITING COORDINATES TO DCD FILE NVT.dcd AT STEP 27530
WRITING COORDINATES TO DCD FILE NVT.dcd AT STEP 27540
WRITING COORDINATES TO DCD FILE NVT.dcd AT STEP 27550
WRITING COORDINATES TO DCD FILE NVT.dcd AT STEP 27560
WRITING COORDINATES TO DCD FILE NVT.dcd AT STEP 27570
WRITING COORDINATES TO DCD FILE NVT.dcd AT STEP 27580
WRITING COORDINATES TO DCD FILE NVT.dcd AT STEP 27590
WRITING COORDINATES TO DCD FILE NVT.dcd AT STEP 27600
WRITING COORDINATES TO DCD FILE NVT.dcd AT STEP 27610
WRITING COORDINATES TO DCD FILE NVT.dcd AT STEP 27620
WRITING COORDINATES TO DCD FILE NVT.dcd AT STEP 27630
WRITING COORDINATES TO DCD FILE NVT.dcd AT STEP 27640
WRITING COORDINATES TO DCD FILE NVT.dcd AT STEP 27650
WRITING COORDINATES TO DCD FILE NVT.dcd AT STEP 27660
WRITING COORDINATES TO DCD FILE NVT.dcd AT STEP 27670
WRITING COORDINATES TO DCD FILE NVT.dcd AT STEP 27680
WRITING COORDINATES TO DCD FILE NVT.dcd AT STEP 27690
WRITING COORDINATES TO DCD FILE NVT.dcd AT STEP 27700
WRITING COORDINATES TO DCD FILE NVT.dcd AT STEP 27710
WRITING COORDINATES TO DCD FILE NVT.dcd AT STEP 27720
WRITING COORDINATES TO DCD FILE NVT.dcd AT STEP 27730
WRITING COORDINATES TO DCD FILE NVT.dcd AT STEP 27740
WRITING COORDINATES TO DCD FILE NVT.dcd AT STEP 27750
WRITING COORDINATES TO DCD FILE NVT.dcd AT STEP 27760
WRITING COORDINATES TO DCD FILE NVT.dcd AT STEP 27770
WRITING COORDINATES TO DCD FILE NVT.dcd AT STEP 27780
WRITING COORDINATES TO DCD FILE NVT.dcd AT STEP 27790
WRITING COORDINATES TO DCD FILE NVT.dcd AT STEP 27800
WRITING COORDINATES TO DCD FILE NVT.dcd AT STEP 27810
WRITING COORDINATES TO DCD FILE NVT.dcd AT STEP 27820
WRITING COORDINATES TO DCD FILE NVT.dcd AT STEP 27830
WRITING COORDINATES TO DCD FILE NVT.dcd AT STEP 27840
WRITING COORDINATES TO DCD FILE NVT.dcd AT STEP 27850
WRITING COORDINATES TO DCD FILE NVT.dcd AT STEP 27860
WRITING COORDINATES TO DCD FILE NVT.dcd AT STEP 27870
WRITING COORDINATES TO DCD FILE NVT.dcd AT STEP 27880
WRITING COORDINATES TO DCD FILE NVT.dcd AT STEP 27890
WRITING COORDINATES TO DCD FILE NVT.dcd AT STEP 27900
WRITING COORDINATES TO DCD FILE NVT.dcd AT STEP 27910
WRITING COORDINATES TO DCD FILE NVT.dcd AT STEP 27920
WRITING COORDINATES TO DCD FILE NVT.dcd AT STEP 27930
WRITING COORDINATES TO DCD FILE NVT.dcd AT STEP 27940
WRITING COORDINATES TO DCD FILE NVT.dcd AT STEP 27950
WRITING COORDINATES TO DCD FILE NVT.dcd AT STEP 27960
WRITING COORDINATES TO DCD FILE NVT.dcd AT STEP 27970
WRITING COORDINATES TO DCD FILE NVT.dcd AT STEP 27980
WRITING COORDINATES TO DCD FILE NVT.dcd AT STEP 27990
PRESSURE: 28000 47.5858 -444.011 461.297 -444.011 204.8 291.658 461.297 291.658 285.294
GPRESSURE: 28000 185.961 -394.943 410.515 -179.816 133.994 506.697 300.873 228.848 265.773
PRESSAVG: 28000 46.0755 -7.56158 28.1677 -7.56158 -129.41 6.88427 28.1677 6.88427 38.9691
GPRESSAVG: 28000 45.9916 -7.80784 28.1557 -7.28227 -129.368 7.31524 29.3246 6.08658 39.1186
ENERGY:   28000      1547.3935      9160.6205      5629.4610        65.8732         -61294.1943     -1111.6882         0.0000         0.0000     18367.8611         -27634.6732       296.4536    -46002.5343    -27493.8084       296.2511            179.2265       195.2427    266327.7836       -14.7883       -14.7525

WRITING COORDINATES TO DCD FILE NVT.dcd AT STEP 28000
WRITING COORDINATES TO DCD FILE NVT.dcd AT STEP 28010
WRITING COORDINATES TO DCD FILE NVT.dcd AT STEP 28020
WRITING COORDINATES TO DCD FILE NVT.dcd AT STEP 28030
WRITING COORDINATES TO DCD FILE NVT.dcd AT STEP 28040
WRITING COORDINATES TO DCD FILE NVT.dcd AT STEP 28050
WRITING COORDINATES TO DCD FILE NVT.dcd AT STEP 28060
WRITING COORDINATES TO DCD FILE NVT.dcd AT STEP 28070
WRITING COORDINATES TO DCD FILE NVT.dcd AT STEP 28080
WRITING COORDINATES TO DCD FILE NVT.dcd AT STEP 28090
WRITING COORDINATES TO DCD FILE NVT.dcd AT STEP 28100
WRITING COORDINATES TO DCD FILE NVT.dcd AT STEP 28110
WRITING COORDINATES TO DCD FILE NVT.dcd AT STEP 28120
WRITING COORDINATES TO DCD FILE NVT.dcd AT STEP 28130
WRITING COORDINATES TO DCD FILE NVT.dcd AT STEP 28140
LDB: ============= START OF LOAD BALANCING ============== 4713.65
LDB: ============== END OF LOAD BALANCING =============== 4713.65
LDB: =============== DONE WITH MIGRATION ================ 4713.65
WRITING COORDINATES TO DCD FILE NVT.dcd AT STEP 28150
WRITING COORDINATES TO DCD FILE NVT.dcd AT STEP 28160
WRITING COORDINATES TO DCD FILE NVT.dcd AT STEP 28170
WRITING COORDINATES TO DCD FILE NVT.dcd AT STEP 28180
WRITING COORDINATES TO DCD FILE NVT.dcd AT STEP 28190
LDB: ============= START OF LOAD BALANCING ============== 4722.03
LDB: ============== END OF LOAD BALANCING =============== 4722.03
LDB: =============== DONE WITH MIGRATION ================ 4722.03
WRITING COORDINATES TO DCD FILE NVT.dcd AT STEP 28200
WRITING COORDINATES TO DCD FILE NVT.dcd AT STEP 28210
WRITING COORDINATES TO DCD FILE NVT.dcd AT STEP 28220
WRITING COORDINATES TO DCD FILE NVT.dcd AT STEP 28230
WRITING COORDINATES TO DCD FILE NVT.dcd AT STEP 28240
WRITING COORDINATES TO DCD FILE NVT.dcd AT STEP 28250
WRITING COORDINATES TO DCD FILE NVT.dcd AT STEP 28260
WRITING COORDINATES TO DCD FILE NVT.dcd AT STEP 28270
WRITING COORDINATES TO DCD FILE NVT.dcd AT STEP 28280
WRITING COORDINATES TO DCD FILE NVT.dcd AT STEP 28290
WRITING COORDINATES TO DCD FILE NVT.dcd AT STEP 28300
WRITING COORDINATES TO DCD FILE NVT.dcd AT STEP 28310
WRITING COORDINATES TO DCD FILE NVT.dcd AT STEP 28320
WRITING COORDINATES TO DCD FILE NVT.dcd AT STEP 28330
WRITING COORDINATES TO DCD FILE NVT.dcd AT STEP 28340
WRITING COORDINATES TO DCD FILE NVT.dcd AT STEP 28350
WRITING COORDINATES TO DCD FILE NVT.dcd AT STEP 28360
WRITING COORDINATES TO DCD FILE NVT.dcd AT STEP 28370
WRITING COORDINATES TO DCD FILE NVT.dcd AT STEP 28380
WRITING COORDINATES TO DCD FILE NVT.dcd AT STEP 28390
WRITING COORDINATES TO DCD FILE NVT.dcd AT STEP 28400
WRITING COORDINATES TO DCD FILE NVT.dcd AT STEP 28410
WRITING COORDINATES TO DCD FILE NVT.dcd AT STEP 28420
WRITING COORDINATES TO DCD FILE NVT.dcd AT STEP 28430
WRITING COORDINATES TO DCD FILE NVT.dcd AT STEP 28440
WRITING COORDINATES TO DCD FILE NVT.dcd AT STEP 28450
WRITING COORDINATES TO DCD FILE NVT.dcd AT STEP 28460
WRITING COORDINATES TO DCD FILE NVT.dcd AT STEP 28470
WRITING COORDINATES TO DCD FILE NVT.dcd AT STEP 28480
WRITING COORDINATES TO DCD FILE NVT.dcd AT STEP 28490
WRITING COORDINATES TO DCD FILE NVT.dcd AT STEP 28500
WRITING COORDINATES TO DCD FILE NVT.dcd AT STEP 28510
WRITING COORDINATES TO DCD FILE NVT.dcd AT STEP 28520
WRITING COORDINATES TO DCD FILE NVT.dcd AT STEP 28530
WRITING COORDINATES TO DCD FILE NVT.dcd AT STEP 28540
WRITING COORDINATES TO DCD FILE NVT.dcd AT STEP 28550
WRITING COORDINATES TO DCD FILE NVT.dcd AT STEP 28560
WRITING COORDINATES TO DCD FILE NVT.dcd AT STEP 28570
WRITING COORDINATES TO DCD FILE NVT.dcd AT STEP 28580
WRITING COORDINATES TO DCD FILE NVT.dcd AT STEP 28590
WRITING COORDINATES TO DCD FILE NVT.dcd AT STEP 28600
WRITING COORDINATES TO DCD FILE NVT.dcd AT STEP 28610
WRITING COORDINATES TO DCD FILE NVT.dcd AT STEP 28620
WRITING COORDINATES TO DCD FILE NVT.dcd AT STEP 28630
WRITING COORDINATES TO DCD FILE NVT.dcd AT STEP 28640
WRITING COORDINATES TO DCD FILE NVT.dcd AT STEP 28650
WRITING COORDINATES TO DCD FILE NVT.dcd AT STEP 28660
WRITING COORDINATES TO DCD FILE NVT.dcd AT STEP 28670
WRITING COORDINATES TO DCD FILE NVT.dcd AT STEP 28680
WRITING COORDINATES TO DCD FILE NVT.dcd AT STEP 28690
WRITING COORDINATES TO DCD FILE NVT.dcd AT STEP 28700
WRITING COORDINATES TO DCD FILE NVT.dcd AT STEP 28710
WRITING COORDINATES TO DCD FILE NVT.dcd AT STEP 28720
WRITING COORDINATES TO DCD FILE NVT.dcd AT STEP 28730
WRITING COORDINATES TO DCD FILE NVT.dcd AT STEP 28740
WRITING COORDINATES TO DCD FILE NVT.dcd AT STEP 28750
WRITING COORDINATES TO DCD FILE NVT.dcd AT STEP 28760
WRITING COORDINATES TO DCD FILE NVT.dcd AT STEP 28770
WRITING COORDINATES TO DCD FILE NVT.dcd AT STEP 28780
WRITING COORDINATES TO DCD FILE NVT.dcd AT STEP 28790
WRITING COORDINATES TO DCD FILE NVT.dcd AT STEP 28800
WRITING COORDINATES TO DCD FILE NVT.dcd AT STEP 28810
WRITING COORDINATES TO DCD FILE NVT.dcd AT STEP 28820
WRITING COORDINATES TO DCD FILE NVT.dcd AT STEP 28830
WRITING COORDINATES TO DCD FILE NVT.dcd AT STEP 28840
WRITING COORDINATES TO DCD FILE NVT.dcd AT STEP 28850
WRITING COORDINATES TO DCD FILE NVT.dcd AT STEP 28860
WRITING COORDINATES TO DCD FILE NVT.dcd AT STEP 28870
WRITING COORDINATES TO DCD FILE NVT.dcd AT STEP 28880
WRITING COORDINATES TO DCD FILE NVT.dcd AT STEP 28890
WRITING COORDINATES TO DCD FILE NVT.dcd AT STEP 28900
WRITING COORDINATES TO DCD FILE NVT.dcd AT STEP 28910
WRITING COORDINATES TO DCD FILE NVT.dcd AT STEP 28920
WRITING COORDINATES TO DCD FILE NVT.dcd AT STEP 28930
WRITING COORDINATES TO DCD FILE NVT.dcd AT STEP 28940
WRITING COORDINATES TO DCD FILE NVT.dcd AT STEP 28950
WRITING COORDINATES TO DCD FILE NVT.dcd AT STEP 28960
WRITING COORDINATES TO DCD FILE NVT.dcd AT STEP 28970
WRITING COORDINATES TO DCD FILE NVT.dcd AT STEP 28980
WRITING COORDINATES TO DCD FILE NVT.dcd AT STEP 28990
PRESSURE: 29000 31.437 275.273 121.738 275.273 378.814 -167.034 121.738 -167.034 -107.236
GPRESSURE: 29000 86.4422 194.038 70.7429 299.036 463.34 -244.791 29.4531 -80.4609 -197.884
PRESSAVG: 29000 35.2797 17.3926 24.0768 17.3926 -148.321 -6.85199 24.0768 -6.85199 24.8031
GPRESSAVG: 29000 34.6994 17.2912 23.8325 16.4917 -148.32 -7.33703 24.2559 -6.87359 25.286
ENERGY:   29000      1547.7226      9040.6341      5701.7249        67.0899         -61064.4014     -1305.4015         0.0000         0.0000     18573.4053         -27439.2261       299.7711    -46012.6314    -27285.1550       296.9039            101.0048       117.2994    266327.7836       -29.4127       -29.4448

WRITING COORDINATES TO DCD FILE NVT.dcd AT STEP 29000
WRITING COORDINATES TO DCD FILE NVT.dcd AT STEP 29010
WRITING COORDINATES TO DCD FILE NVT.dcd AT STEP 29020
WRITING COORDINATES TO DCD FILE NVT.dcd AT STEP 29030
WRITING COORDINATES TO DCD FILE NVT.dcd AT STEP 29040
WRITING COORDINATES TO DCD FILE NVT.dcd AT STEP 29050
WRITING COORDINATES TO DCD FILE NVT.dcd AT STEP 29060
WRITING COORDINATES TO DCD FILE NVT.dcd AT STEP 29070
WRITING COORDINATES TO DCD FILE NVT.dcd AT STEP 29080
WRITING COORDINATES TO DCD FILE NVT.dcd AT STEP 29090
WRITING COORDINATES TO DCD FILE NVT.dcd AT STEP 29100
WRITING COORDINATES TO DCD FILE NVT.dcd AT STEP 29110
WRITING COORDINATES TO DCD FILE NVT.dcd AT STEP 29120
WRITING COORDINATES TO DCD FILE NVT.dcd AT STEP 29130
WRITING COORDINATES TO DCD FILE NVT.dcd AT STEP 29140
WRITING COORDINATES TO DCD FILE NVT.dcd AT STEP 29150
WRITING COORDINATES TO DCD FILE NVT.dcd AT STEP 29160
WRITING COORDINATES TO DCD FILE NVT.dcd AT STEP 29170
WRITING COORDINATES TO DCD FILE NVT.dcd AT STEP 29180
WRITING COORDINATES TO DCD FILE NVT.dcd AT STEP 29190
WRITING COORDINATES TO DCD FILE NVT.dcd AT STEP 29200
WRITING COORDINATES TO DCD FILE NVT.dcd AT STEP 29210
WRITING COORDINATES TO DCD FILE NVT.dcd AT STEP 29220
WRITING COORDINATES TO DCD FILE NVT.dcd AT STEP 29230
WRITING COORDINATES TO DCD FILE NVT.dcd AT STEP 29240
WRITING COORDINATES TO DCD FILE NVT.dcd AT STEP 29250
WRITING COORDINATES TO DCD FILE NVT.dcd AT STEP 29260
WRITING COORDINATES TO DCD FILE NVT.dcd AT STEP 29270
WRITING COORDINATES TO DCD FILE NVT.dcd AT STEP 29280
WRITING COORDINATES TO DCD FILE NVT.dcd AT STEP 29290
WRITING COORDINATES TO DCD FILE NVT.dcd AT STEP 29300
WRITING COORDINATES TO DCD FILE NVT.dcd AT STEP 29310
WRITING COORDINATES TO DCD FILE NVT.dcd AT STEP 29320
WRITING COORDINATES TO DCD FILE NVT.dcd AT STEP 29330
WRITING COORDINATES TO DCD FILE NVT.dcd AT STEP 29340
WRITING COORDINATES TO DCD FILE NVT.dcd AT STEP 29350
WRITING COORDINATES TO DCD FILE NVT.dcd AT STEP 29360
WRITING COORDINATES TO DCD FILE NVT.dcd AT STEP 29370
WRITING COORDINATES TO DCD FILE NVT.dcd AT STEP 29380
WRITING COORDINATES TO DCD FILE NVT.dcd AT STEP 29390
WRITING COORDINATES TO DCD FILE NVT.dcd AT STEP 29400
WRITING COORDINATES TO DCD FILE NVT.dcd AT STEP 29410
WRITING COORDINATES TO DCD FILE NVT.dcd AT STEP 29420
WRITING COORDINATES TO DCD FILE NVT.dcd AT STEP 29430
WRITING COORDINATES TO DCD FILE NVT.dcd AT STEP 29440
WRITING COORDINATES TO DCD FILE NVT.dcd AT STEP 29450
WRITING COORDINATES TO DCD FILE NVT.dcd AT STEP 29460
WRITING COORDINATES TO DCD FILE NVT.dcd AT STEP 29470
WRITING COORDINATES TO DCD FILE NVT.dcd AT STEP 29480
WRITING COORDINATES TO DCD FILE NVT.dcd AT STEP 29490
WRITING COORDINATES TO DCD FILE NVT.dcd AT STEP 29500
WRITING COORDINATES TO DCD FILE NVT.dcd AT STEP 29510
WRITING COORDINATES TO DCD FILE NVT.dcd AT STEP 29520
WRITING COORDINATES TO DCD FILE NVT.dcd AT STEP 29530
WRITING COORDINATES TO DCD FILE NVT.dcd AT STEP 29540
WRITING COORDINATES TO DCD FILE NVT.dcd AT STEP 29550
WRITING COORDINATES TO DCD FILE NVT.dcd AT STEP 29560
WRITING COORDINATES TO DCD FILE NVT.dcd AT STEP 29570
WRITING COORDINATES TO DCD FILE NVT.dcd AT STEP 29580
WRITING COORDINATES TO DCD FILE NVT.dcd AT STEP 29590
WRITING COORDINATES TO DCD FILE NVT.dcd AT STEP 29600
WRITING COORDINATES TO DCD FILE NVT.dcd AT STEP 29610
WRITING COORDINATES TO DCD FILE NVT.dcd AT STEP 29620
WRITING COORDINATES TO DCD FILE NVT.dcd AT STEP 29630
WRITING COORDINATES TO DCD FILE NVT.dcd AT STEP 29640
WRITING COORDINATES TO DCD FILE NVT.dcd AT STEP 29650
WRITING COORDINATES TO DCD FILE NVT.dcd AT STEP 29660
WRITING COORDINATES TO DCD FILE NVT.dcd AT STEP 29670
WRITING COORDINATES TO DCD FILE NVT.dcd AT STEP 29680
WRITING COORDINATES TO DCD FILE NVT.dcd AT STEP 29690
WRITING COORDINATES TO DCD FILE NVT.dcd AT STEP 29700
WRITING COORDINATES TO DCD FILE NVT.dcd AT STEP 29710
WRITING COORDINATES TO DCD FILE NVT.dcd AT STEP 29720
WRITING COORDINATES TO DCD FILE NVT.dcd AT STEP 29730
WRITING COORDINATES TO DCD FILE NVT.dcd AT STEP 29740
WRITING COORDINATES TO DCD FILE NVT.dcd AT STEP 29750
WRITING COORDINATES TO DCD FILE NVT.dcd AT STEP 29760
WRITING COORDINATES TO DCD FILE NVT.dcd AT STEP 29770
WRITING COORDINATES TO DCD FILE NVT.dcd AT STEP 29780
WRITING COORDINATES TO DCD FILE NVT.dcd AT STEP 29790
WRITING COORDINATES TO DCD FILE NVT.dcd AT STEP 29800
WRITING COORDINATES TO DCD FILE NVT.dcd AT STEP 29810
WRITING COORDINATES TO DCD FILE NVT.dcd AT STEP 29820
WRITING COORDINATES TO DCD FILE NVT.dcd AT STEP 29830
WRITING COORDINATES TO DCD FILE NVT.dcd AT STEP 29840
WRITING COORDINATES TO DCD FILE NVT.dcd AT STEP 29850
WRITING COORDINATES TO DCD FILE NVT.dcd AT STEP 29860
WRITING COORDINATES TO DCD FILE NVT.dcd AT STEP 29870
WRITING COORDINATES TO DCD FILE NVT.dcd AT STEP 29880
WRITING COORDINATES TO DCD FILE NVT.dcd AT STEP 29890
WRITING COORDINATES TO DCD FILE NVT.dcd AT STEP 29900
WRITING COORDINATES TO DCD FILE NVT.dcd AT STEP 29910
WRITING COORDINATES TO DCD FILE NVT.dcd AT STEP 29920
WRITING COORDINATES TO DCD FILE NVT.dcd AT STEP 29930
WRITING COORDINATES TO DCD FILE NVT.dcd AT STEP 29940
WRITING COORDINATES TO DCD FILE NVT.dcd AT STEP 29950
WRITING COORDINATES TO DCD FILE NVT.dcd AT STEP 29960
WRITING COORDINATES TO DCD FILE NVT.dcd AT STEP 29970
WRITING COORDINATES TO DCD FILE NVT.dcd AT STEP 29980
WRITING COORDINATES TO DCD FILE NVT.dcd AT STEP 29990
PRESSURE: 30000 -744.669 -68.255 -241.915 -68.255 360.857 177.389 -241.915 177.389 -152.835
GPRESSURE: 30000 -599.285 -124.024 -320.042 -88.4115 291.478 141.3 -155.784 218.04 -189.18
PRESSAVG: 30000 -3.08721 5.34918 44.9934 5.34918 -101.282 -52.3595 44.9934 -52.3595 55.3993
GPRESSAVG: 30000 -3.4214 5.39437 45.2088 5.87979 -101.191 -52.2431 44.3802 -52.0581 55.5305
TIMING: 30000  CPU: 4997.63, 0.167136/step  Wall: 4998.32, 0.167173/step, 0.92874 hours remaining, 856.964849 MB of memory in use.
PERFORMANCE: 30000  averaging 1.03723 ns/day, 0.166598 sec/step with standard deviation 0.00069929
ETITLE:      TS           BOND          ANGLE          DIHED          IMPRP               ELECT            VDW       BOUNDARY           MISC        KINETIC               TOTAL           TEMP      POTENTIAL         TOTAL3        TEMPAVG            PRESSURE      GPRESSURE         VOLUME       PRESSAVG      GPRESSAVG

ENERGY:   30000      1535.3379      9050.0747      5717.8964        77.3952         -61040.0795     -1368.7254         0.0000         0.0000     18357.1177         -27670.9831       296.2802    -46028.1008    -27523.6249       297.1397           -178.8823      -165.6623    266327.7836       -16.3232       -16.3607

WRITING EXTENDED SYSTEM TO RESTART FILE AT STEP 30000
WRITING COORDINATES TO DCD FILE NVT.dcd AT STEP 30000
WRITING COORDINATES TO RESTART FILE AT STEP 30000
FINISHED WRITING RESTART COORDINATES
WRITING VELOCITIES TO RESTART FILE AT STEP 30000
FINISHED WRITING RESTART VELOCITIES
WRITING COORDINATES TO DCD FILE NVT.dcd AT STEP 30010
WRITING COORDINATES TO DCD FILE NVT.dcd AT STEP 30020
WRITING COORDINATES TO DCD FILE NVT.dcd AT STEP 30030
WRITING COORDINATES TO DCD FILE NVT.dcd AT STEP 30040
WRITING COORDINATES TO DCD FILE NVT.dcd AT STEP 30050
WRITING COORDINATES TO DCD FILE NVT.dcd AT STEP 30060
WRITING COORDINATES TO DCD FILE NVT.dcd AT STEP 30070
WRITING COORDINATES TO DCD FILE NVT.dcd AT STEP 30080
WRITING COORDINATES TO DCD FILE NVT.dcd AT STEP 30090
WRITING COORDINATES TO DCD FILE NVT.dcd AT STEP 30100
WRITING COORDINATES TO DCD FILE NVT.dcd AT STEP 30110
WRITING COORDINATES TO DCD FILE NVT.dcd AT STEP 30120
WRITING COORDINATES TO DCD FILE NVT.dcd AT STEP 30130
WRITING COORDINATES TO DCD FILE NVT.dcd AT STEP 30140
LDB: ============= START OF LOAD BALANCING ============== 5048.25
LDB: ============== END OF LOAD BALANCING =============== 5048.25
LDB: =============== DONE WITH MIGRATION ================ 5048.25
WRITING COORDINATES TO DCD FILE NVT.dcd AT STEP 30150
WRITING COORDINATES TO DCD FILE NVT.dcd AT STEP 30160
WRITING COORDINATES TO DCD FILE NVT.dcd AT STEP 30170
WRITING COORDINATES TO DCD FILE NVT.dcd AT STEP 30180
WRITING COORDINATES TO DCD FILE NVT.dcd AT STEP 30190
LDB: ============= START OF LOAD BALANCING ============== 5056.63
LDB: ============== END OF LOAD BALANCING =============== 5056.63
LDB: =============== DONE WITH MIGRATION ================ 5056.63
WRITING COORDINATES TO DCD FILE NVT.dcd AT STEP 30200
WRITING COORDINATES TO DCD FILE NVT.dcd AT STEP 30210
WRITING COORDINATES TO DCD FILE NVT.dcd AT STEP 30220
WRITING COORDINATES TO DCD FILE NVT.dcd AT STEP 30230
WRITING COORDINATES TO DCD FILE NVT.dcd AT STEP 30240
WRITING COORDINATES TO DCD FILE NVT.dcd AT STEP 30250
WRITING COORDINATES TO DCD FILE NVT.dcd AT STEP 30260
WRITING COORDINATES TO DCD FILE NVT.dcd AT STEP 30270
WRITING COORDINATES TO DCD FILE NVT.dcd AT STEP 30280
WRITING COORDINATES TO DCD FILE NVT.dcd AT STEP 30290
WRITING COORDINATES TO DCD FILE NVT.dcd AT STEP 30300
WRITING COORDINATES TO DCD FILE NVT.dcd AT STEP 30310
WRITING COORDINATES TO DCD FILE NVT.dcd AT STEP 30320
WRITING COORDINATES TO DCD FILE NVT.dcd AT STEP 30330
WRITING COORDINATES TO DCD FILE NVT.dcd AT STEP 30340
WRITING COORDINATES TO DCD FILE NVT.dcd AT STEP 30350
WRITING COORDINATES TO DCD FILE NVT.dcd AT STEP 30360
WRITING COORDINATES TO DCD FILE NVT.dcd AT STEP 30370
WRITING COORDINATES TO DCD FILE NVT.dcd AT STEP 30380
WRITING COORDINATES TO DCD FILE NVT.dcd AT STEP 30390
WRITING COORDINATES TO DCD FILE NVT.dcd AT STEP 30400
WRITING COORDINATES TO DCD FILE NVT.dcd AT STEP 30410
WRITING COORDINATES TO DCD FILE NVT.dcd AT STEP 30420
WRITING COORDINATES TO DCD FILE NVT.dcd AT STEP 30430
WRITING COORDINATES TO DCD FILE NVT.dcd AT STEP 30440
WRITING COORDINATES TO DCD FILE NVT.dcd AT STEP 30450
WRITING COORDINATES TO DCD FILE NVT.dcd AT STEP 30460
WRITING COORDINATES TO DCD FILE NVT.dcd AT STEP 30470
WRITING COORDINATES TO DCD FILE NVT.dcd AT STEP 30480
WRITING COORDINATES TO DCD FILE NVT.dcd AT STEP 30490
WRITING COORDINATES TO DCD FILE NVT.dcd AT STEP 30500
WRITING COORDINATES TO DCD FILE NVT.dcd AT STEP 30510
WRITING COORDINATES TO DCD FILE NVT.dcd AT STEP 30520
WRITING COORDINATES TO DCD FILE NVT.dcd AT STEP 30530
WRITING COORDINATES TO DCD FILE NVT.dcd AT STEP 30540
WRITING COORDINATES TO DCD FILE NVT.dcd AT STEP 30550
WRITING COORDINATES TO DCD FILE NVT.dcd AT STEP 30560
WRITING COORDINATES TO DCD FILE NVT.dcd AT STEP 30570
WRITING COORDINATES TO DCD FILE NVT.dcd AT STEP 30580
WRITING COORDINATES TO DCD FILE NVT.dcd AT STEP 30590
WRITING COORDINATES TO DCD FILE NVT.dcd AT STEP 30600
WRITING COORDINATES TO DCD FILE NVT.dcd AT STEP 30610
WRITING COORDINATES TO DCD FILE NVT.dcd AT STEP 30620
WRITING COORDINATES TO DCD FILE NVT.dcd AT STEP 30630
WRITING COORDINATES TO DCD FILE NVT.dcd AT STEP 30640
WRITING COORDINATES TO DCD FILE NVT.dcd AT STEP 30650
WRITING COORDINATES TO DCD FILE NVT.dcd AT STEP 30660
WRITING COORDINATES TO DCD FILE NVT.dcd AT STEP 30670
WRITING COORDINATES TO DCD FILE NVT.dcd AT STEP 30680
WRITING COORDINATES TO DCD FILE NVT.dcd AT STEP 30690
WRITING COORDINATES TO DCD FILE NVT.dcd AT STEP 30700
WRITING COORDINATES TO DCD FILE NVT.dcd AT STEP 30710
WRITING COORDINATES TO DCD FILE NVT.dcd AT STEP 30720
WRITING COORDINATES TO DCD FILE NVT.dcd AT STEP 30730
WRITING COORDINATES TO DCD FILE NVT.dcd AT STEP 30740
WRITING COORDINATES TO DCD FILE NVT.dcd AT STEP 30750
WRITING COORDINATES TO DCD FILE NVT.dcd AT STEP 30760
WRITING COORDINATES TO DCD FILE NVT.dcd AT STEP 30770
WRITING COORDINATES TO DCD FILE NVT.dcd AT STEP 30780
WRITING COORDINATES TO DCD FILE NVT.dcd AT STEP 30790
WRITING COORDINATES TO DCD FILE NVT.dcd AT STEP 30800
WRITING COORDINATES TO DCD FILE NVT.dcd AT STEP 30810
WRITING COORDINATES TO DCD FILE NVT.dcd AT STEP 30820
WRITING COORDINATES TO DCD FILE NVT.dcd AT STEP 30830
WRITING COORDINATES TO DCD FILE NVT.dcd AT STEP 30840
WRITING COORDINATES TO DCD FILE NVT.dcd AT STEP 30850
WRITING COORDINATES TO DCD FILE NVT.dcd AT STEP 30860
WRITING COORDINATES TO DCD FILE NVT.dcd AT STEP 30870
WRITING COORDINATES TO DCD FILE NVT.dcd AT STEP 30880
WRITING COORDINATES TO DCD FILE NVT.dcd AT STEP 30890
WRITING COORDINATES TO DCD FILE NVT.dcd AT STEP 30900
WRITING COORDINATES TO DCD FILE NVT.dcd AT STEP 30910
WRITING COORDINATES TO DCD FILE NVT.dcd AT STEP 30920
WRITING COORDINATES TO DCD FILE NVT.dcd AT STEP 30930
WRITING COORDINATES TO DCD FILE NVT.dcd AT STEP 30940
WRITING COORDINATES TO DCD FILE NVT.dcd AT STEP 30950
WRITING COORDINATES TO DCD FILE NVT.dcd AT STEP 30960
WRITING COORDINATES TO DCD FILE NVT.dcd AT STEP 30970
WRITING COORDINATES TO DCD FILE NVT.dcd AT STEP 30980
WRITING COORDINATES TO DCD FILE NVT.dcd AT STEP 30990
PRESSURE: 31000 -597.345 323.13 -165.579 323.13 200.813 -54.1854 -165.579 -54.1854 201.926
GPRESSURE: 31000 -551.8 329.594 -364.213 210.128 187.674 6.34011 -284.623 43.7208 236.395
PRESSAVG: 31000 48.4146 -6.17541 45.08 -6.17541 -75.8406 -48.0433 45.08 -48.0433 -6.43059
GPRESSAVG: 31000 48.9193 -5.87082 44.5853 -6.19186 -75.7434 -48.3265 45.4393 -47.6077 -6.95947
ENERGY:   31000      1493.9186      9070.9933      5633.4966        74.4312         -61194.1770     -1257.0146         0.0000         0.0000     18235.0593         -27943.2926       294.3102    -46178.3519    -27794.7842       295.4378            -64.8687       -42.5770    266327.7836       -11.2855       -11.2612

WRITING COORDINATES TO DCD FILE NVT.dcd AT STEP 31000
WRITING COORDINATES TO DCD FILE NVT.dcd AT STEP 31010
WRITING COORDINATES TO DCD FILE NVT.dcd AT STEP 31020
WRITING COORDINATES TO DCD FILE NVT.dcd AT STEP 31030
WRITING COORDINATES TO DCD FILE NVT.dcd AT STEP 31040
WRITING COORDINATES TO DCD FILE NVT.dcd AT STEP 31050
WRITING COORDINATES TO DCD FILE NVT.dcd AT STEP 31060
WRITING COORDINATES TO DCD FILE NVT.dcd AT STEP 31070
WRITING COORDINATES TO DCD FILE NVT.dcd AT STEP 31080
WRITING COORDINATES TO DCD FILE NVT.dcd AT STEP 31090
WRITING COORDINATES TO DCD FILE NVT.dcd AT STEP 31100
WRITING COORDINATES TO DCD FILE NVT.dcd AT STEP 31110
WRITING COORDINATES TO DCD FILE NVT.dcd AT STEP 31120
WRITING COORDINATES TO DCD FILE NVT.dcd AT STEP 31130
WRITING COORDINATES TO DCD FILE NVT.dcd AT STEP 31140
WRITING COORDINATES TO DCD FILE NVT.dcd AT STEP 31150
WRITING COORDINATES TO DCD FILE NVT.dcd AT STEP 31160
WRITING COORDINATES TO DCD FILE NVT.dcd AT STEP 31170
WRITING COORDINATES TO DCD FILE NVT.dcd AT STEP 31180
WRITING COORDINATES TO DCD FILE NVT.dcd AT STEP 31190
WRITING COORDINATES TO DCD FILE NVT.dcd AT STEP 31200
WRITING COORDINATES TO DCD FILE NVT.dcd AT STEP 31210
WRITING COORDINATES TO DCD FILE NVT.dcd AT STEP 31220
WRITING COORDINATES TO DCD FILE NVT.dcd AT STEP 31230
WRITING COORDINATES TO DCD FILE NVT.dcd AT STEP 31240
WRITING COORDINATES TO DCD FILE NVT.dcd AT STEP 31250
WRITING COORDINATES TO DCD FILE NVT.dcd AT STEP 31260
WRITING COORDINATES TO DCD FILE NVT.dcd AT STEP 31270
WRITING COORDINATES TO DCD FILE NVT.dcd AT STEP 31280
WRITING COORDINATES TO DCD FILE NVT.dcd AT STEP 31290
WRITING COORDINATES TO DCD FILE NVT.dcd AT STEP 31300
WRITING COORDINATES TO DCD FILE NVT.dcd AT STEP 31310
WRITING COORDINATES TO DCD FILE NVT.dcd AT STEP 31320
WRITING COORDINATES TO DCD FILE NVT.dcd AT STEP 31330
WRITING COORDINATES TO DCD FILE NVT.dcd AT STEP 31340
WRITING COORDINATES TO DCD FILE NVT.dcd AT STEP 31350
WRITING COORDINATES TO DCD FILE NVT.dcd AT STEP 31360
WRITING COORDINATES TO DCD FILE NVT.dcd AT STEP 31370
WRITING COORDINATES TO DCD FILE NVT.dcd AT STEP 31380
WRITING COORDINATES TO DCD FILE NVT.dcd AT STEP 31390
WRITING COORDINATES TO DCD FILE NVT.dcd AT STEP 31400
WRITING COORDINATES TO DCD FILE NVT.dcd AT STEP 31410
WRITING COORDINATES TO DCD FILE NVT.dcd AT STEP 31420
WRITING COORDINATES TO DCD FILE NVT.dcd AT STEP 31430
WRITING COORDINATES TO DCD FILE NVT.dcd AT STEP 31440
WRITING COORDINATES TO DCD FILE NVT.dcd AT STEP 31450
WRITING COORDINATES TO DCD FILE NVT.dcd AT STEP 31460
WRITING COORDINATES TO DCD FILE NVT.dcd AT STEP 31470
WRITING COORDINATES TO DCD FILE NVT.dcd AT STEP 31480
WRITING COORDINATES TO DCD FILE NVT.dcd AT STEP 31490
WRITING COORDINATES TO DCD FILE NVT.dcd AT STEP 31500
WRITING COORDINATES TO DCD FILE NVT.dcd AT STEP 31510
WRITING COORDINATES TO DCD FILE NVT.dcd AT STEP 31520
WRITING COORDINATES TO DCD FILE NVT.dcd AT STEP 31530
WRITING COORDINATES TO DCD FILE NVT.dcd AT STEP 31540
WRITING COORDINATES TO DCD FILE NVT.dcd AT STEP 31550
WRITING COORDINATES TO DCD FILE NVT.dcd AT STEP 31560
WRITING COORDINATES TO DCD FILE NVT.dcd AT STEP 31570
WRITING COORDINATES TO DCD FILE NVT.dcd AT STEP 31580
WRITING COORDINATES TO DCD FILE NVT.dcd AT STEP 31590
WRITING COORDINATES TO DCD FILE NVT.dcd AT STEP 31600
WRITING COORDINATES TO DCD FILE NVT.dcd AT STEP 31610
WRITING COORDINATES TO DCD FILE NVT.dcd AT STEP 31620
WRITING COORDINATES TO DCD FILE NVT.dcd AT STEP 31630
WRITING COORDINATES TO DCD FILE NVT.dcd AT STEP 31640
WRITING COORDINATES TO DCD FILE NVT.dcd AT STEP 31650
WRITING COORDINATES TO DCD FILE NVT.dcd AT STEP 31660
WRITING COORDINATES TO DCD FILE NVT.dcd AT STEP 31670
WRITING COORDINATES TO DCD FILE NVT.dcd AT STEP 31680
WRITING COORDINATES TO DCD FILE NVT.dcd AT STEP 31690
WRITING COORDINATES TO DCD FILE NVT.dcd AT STEP 31700
WRITING COORDINATES TO DCD FILE NVT.dcd AT STEP 31710
WRITING COORDINATES TO DCD FILE NVT.dcd AT STEP 31720
WRITING COORDINATES TO DCD FILE NVT.dcd AT STEP 31730
WRITING COORDINATES TO DCD FILE NVT.dcd AT STEP 31740
WRITING COORDINATES TO DCD FILE NVT.dcd AT STEP 31750
WRITING COORDINATES TO DCD FILE NVT.dcd AT STEP 31760
WRITING COORDINATES TO DCD FILE NVT.dcd AT STEP 31770
WRITING COORDINATES TO DCD FILE NVT.dcd AT STEP 31780
WRITING COORDINATES TO DCD FILE NVT.dcd AT STEP 31790
WRITING COORDINATES TO DCD FILE NVT.dcd AT STEP 31800
WRITING COORDINATES TO DCD FILE NVT.dcd AT STEP 31810
WRITING COORDINATES TO DCD FILE NVT.dcd AT STEP 31820
WRITING COORDINATES TO DCD FILE NVT.dcd AT STEP 31830
WRITING COORDINATES TO DCD FILE NVT.dcd AT STEP 31840
WRITING COORDINATES TO DCD FILE NVT.dcd AT STEP 31850
WRITING COORDINATES TO DCD FILE NVT.dcd AT STEP 31860
WRITING COORDINATES TO DCD FILE NVT.dcd AT STEP 31870
WRITING COORDINATES TO DCD FILE NVT.dcd AT STEP 31880
WRITING COORDINATES TO DCD FILE NVT.dcd AT STEP 31890
WRITING COORDINATES TO DCD FILE NVT.dcd AT STEP 31900
WRITING COORDINATES TO DCD FILE NVT.dcd AT STEP 31910
WRITING COORDINATES TO DCD FILE NVT.dcd AT STEP 31920
WRITING COORDINATES TO DCD FILE NVT.dcd AT STEP 31930
WRITING COORDINATES TO DCD FILE NVT.dcd AT STEP 31940
WRITING COORDINATES TO DCD FILE NVT.dcd AT STEP 31950
WRITING COORDINATES TO DCD FILE NVT.dcd AT STEP 31960
WRITING COORDINATES TO DCD FILE NVT.dcd AT STEP 31970
WRITING COORDINATES TO DCD FILE NVT.dcd AT STEP 31980
WRITING COORDINATES TO DCD FILE NVT.dcd AT STEP 31990
PRESSURE: 32000 -689.273 84.744 22.3408 84.744 -29.2592 161.006 22.3408 161.006 -976.365
GPRESSURE: 32000 -564.442 160.191 -49.1454 149.412 -36.295 246.373 -60.155 132.602 -1032.79
PRESSAVG: 32000 8.83297 23.4697 21.5733 23.4697 -46.5629 -51.2956 21.5733 -51.2956 -87.479
GPRESSAVG: 32000 8.9203 23.6254 22.5228 23.9652 -46.5929 -51.1901 21.792 -50.9931 -87.5965
ENERGY:   32000      1560.1323      9029.2066      5601.1155        75.5776         -61246.7210     -1255.0037         0.0000         0.0000     18463.0971         -27772.5955       297.9907    -46235.6927    -27617.8093       294.9225           -564.9659      -544.5105    266327.7836       -41.7363       -41.7564

WRITING COORDINATES TO DCD FILE NVT.dcd AT STEP 32000
WRITING COORDINATES TO DCD FILE NVT.dcd AT STEP 32010
WRITING COORDINATES TO DCD FILE NVT.dcd AT STEP 32020
WRITING COORDINATES TO DCD FILE NVT.dcd AT STEP 32030
WRITING COORDINATES TO DCD FILE NVT.dcd AT STEP 32040
WRITING COORDINATES TO DCD FILE NVT.dcd AT STEP 32050
WRITING COORDINATES TO DCD FILE NVT.dcd AT STEP 32060
WRITING COORDINATES TO DCD FILE NVT.dcd AT STEP 32070
WRITING COORDINATES TO DCD FILE NVT.dcd AT STEP 32080
WRITING COORDINATES TO DCD FILE NVT.dcd AT STEP 32090
WRITING COORDINATES TO DCD FILE NVT.dcd AT STEP 32100
WRITING COORDINATES TO DCD FILE NVT.dcd AT STEP 32110
WRITING COORDINATES TO DCD FILE NVT.dcd AT STEP 32120
WRITING COORDINATES TO DCD FILE NVT.dcd AT STEP 32130
WRITING COORDINATES TO DCD FILE NVT.dcd AT STEP 32140
LDB: ============= START OF LOAD BALANCING ============== 5383.18
LDB: ============== END OF LOAD BALANCING =============== 5383.18
LDB: =============== DONE WITH MIGRATION ================ 5383.18
WRITING COORDINATES TO DCD FILE NVT.dcd AT STEP 32150
WRITING COORDINATES TO DCD FILE NVT.dcd AT STEP 32160
WRITING COORDINATES TO DCD FILE NVT.dcd AT STEP 32170
WRITING COORDINATES TO DCD FILE NVT.dcd AT STEP 32180
WRITING COORDINATES TO DCD FILE NVT.dcd AT STEP 32190
LDB: ============= START OF LOAD BALANCING ============== 5391.56
LDB: ============== END OF LOAD BALANCING =============== 5391.56
LDB: =============== DONE WITH MIGRATION ================ 5391.56
WRITING COORDINATES TO DCD FILE NVT.dcd AT STEP 32200
WRITING COORDINATES TO DCD FILE NVT.dcd AT STEP 32210
WRITING COORDINATES TO DCD FILE NVT.dcd AT STEP 32220
WRITING COORDINATES TO DCD FILE NVT.dcd AT STEP 32230
WRITING COORDINATES TO DCD FILE NVT.dcd AT STEP 32240
WRITING COORDINATES TO DCD FILE NVT.dcd AT STEP 32250
WRITING COORDINATES TO DCD FILE NVT.dcd AT STEP 32260
WRITING COORDINATES TO DCD FILE NVT.dcd AT STEP 32270
WRITING COORDINATES TO DCD FILE NVT.dcd AT STEP 32280
WRITING COORDINATES TO DCD FILE NVT.dcd AT STEP 32290
WRITING COORDINATES TO DCD FILE NVT.dcd AT STEP 32300
WRITING COORDINATES TO DCD FILE NVT.dcd AT STEP 32310
WRITING COORDINATES TO DCD FILE NVT.dcd AT STEP 32320
WRITING COORDINATES TO DCD FILE NVT.dcd AT STEP 32330
WRITING COORDINATES TO DCD FILE NVT.dcd AT STEP 32340
WRITING COORDINATES TO DCD FILE NVT.dcd AT STEP 32350
WRITING COORDINATES TO DCD FILE NVT.dcd AT STEP 32360
WRITING COORDINATES TO DCD FILE NVT.dcd AT STEP 32370
WRITING COORDINATES TO DCD FILE NVT.dcd AT STEP 32380
WRITING COORDINATES TO DCD FILE NVT.dcd AT STEP 32390
WRITING COORDINATES TO DCD FILE NVT.dcd AT STEP 32400
WRITING COORDINATES TO DCD FILE NVT.dcd AT STEP 32410
WRITING COORDINATES TO DCD FILE NVT.dcd AT STEP 32420
WRITING COORDINATES TO DCD FILE NVT.dcd AT STEP 32430
WRITING COORDINATES TO DCD FILE NVT.dcd AT STEP 32440
WRITING COORDINATES TO DCD FILE NVT.dcd AT STEP 32450
WRITING COORDINATES TO DCD FILE NVT.dcd AT STEP 32460
WRITING COORDINATES TO DCD FILE NVT.dcd AT STEP 32470
WRITING COORDINATES TO DCD FILE NVT.dcd AT STEP 32480
WRITING COORDINATES TO DCD FILE NVT.dcd AT STEP 32490
WRITING COORDINATES TO DCD FILE NVT.dcd AT STEP 32500
WRITING COORDINATES TO DCD FILE NVT.dcd AT STEP 32510
WRITING COORDINATES TO DCD FILE NVT.dcd AT STEP 32520
WRITING COORDINATES TO DCD FILE NVT.dcd AT STEP 32530
WRITING COORDINATES TO DCD FILE NVT.dcd AT STEP 32540
WRITING COORDINATES TO DCD FILE NVT.dcd AT STEP 32550
WRITING COORDINATES TO DCD FILE NVT.dcd AT STEP 32560
WRITING COORDINATES TO DCD FILE NVT.dcd AT STEP 32570
WRITING COORDINATES TO DCD FILE NVT.dcd AT STEP 32580
WRITING COORDINATES TO DCD FILE NVT.dcd AT STEP 32590
WRITING COORDINATES TO DCD FILE NVT.dcd AT STEP 32600
WRITING COORDINATES TO DCD FILE NVT.dcd AT STEP 32610
WRITING COORDINATES TO DCD FILE NVT.dcd AT STEP 32620
WRITING COORDINATES TO DCD FILE NVT.dcd AT STEP 32630
WRITING COORDINATES TO DCD FILE NVT.dcd AT STEP 32640
WRITING COORDINATES TO DCD FILE NVT.dcd AT STEP 32650
WRITING COORDINATES TO DCD FILE NVT.dcd AT STEP 32660
WRITING COORDINATES TO DCD FILE NVT.dcd AT STEP 32670
WRITING COORDINATES TO DCD FILE NVT.dcd AT STEP 32680
WRITING COORDINATES TO DCD FILE NVT.dcd AT STEP 32690
WRITING COORDINATES TO DCD FILE NVT.dcd AT STEP 32700
WRITING COORDINATES TO DCD FILE NVT.dcd AT STEP 32710
WRITING COORDINATES TO DCD FILE NVT.dcd AT STEP 32720
WRITING COORDINATES TO DCD FILE NVT.dcd AT STEP 32730
WRITING COORDINATES TO DCD FILE NVT.dcd AT STEP 32740
WRITING COORDINATES TO DCD FILE NVT.dcd AT STEP 32750
WRITING COORDINATES TO DCD FILE NVT.dcd AT STEP 32760
WRITING COORDINATES TO DCD FILE NVT.dcd AT STEP 32770
WRITING COORDINATES TO DCD FILE NVT.dcd AT STEP 32780
WRITING COORDINATES TO DCD FILE NVT.dcd AT STEP 32790
WRITING COORDINATES TO DCD FILE NVT.dcd AT STEP 32800
WRITING COORDINATES TO DCD FILE NVT.dcd AT STEP 32810
WRITING COORDINATES TO DCD FILE NVT.dcd AT STEP 32820
WRITING COORDINATES TO DCD FILE NVT.dcd AT STEP 32830
WRITING COORDINATES TO DCD FILE NVT.dcd AT STEP 32840
WRITING COORDINATES TO DCD FILE NVT.dcd AT STEP 32850
WRITING COORDINATES TO DCD FILE NVT.dcd AT STEP 32860
WRITING COORDINATES TO DCD FILE NVT.dcd AT STEP 32870
WRITING COORDINATES TO DCD FILE NVT.dcd AT STEP 32880
WRITING COORDINATES TO DCD FILE NVT.dcd AT STEP 32890
WRITING COORDINATES TO DCD FILE NVT.dcd AT STEP 32900
WRITING COORDINATES TO DCD FILE NVT.dcd AT STEP 32910
WRITING COORDINATES TO DCD FILE NVT.dcd AT STEP 32920
WRITING COORDINATES TO DCD FILE NVT.dcd AT STEP 32930
WRITING COORDINATES TO DCD FILE NVT.dcd AT STEP 32940
WRITING COORDINATES TO DCD FILE NVT.dcd AT STEP 32950
WRITING COORDINATES TO DCD FILE NVT.dcd AT STEP 32960
WRITING COORDINATES TO DCD FILE NVT.dcd AT STEP 32970
WRITING COORDINATES TO DCD FILE NVT.dcd AT STEP 32980
WRITING COORDINATES TO DCD FILE NVT.dcd AT STEP 32990
PRESSURE: 33000 610.708 -49.354 -97.1365 -49.354 -207.629 514.241 -97.1365 514.241 -462.164
GPRESSURE: 33000 510.65 181.53 -55.6423 -37.1506 -203.07 393.751 12.6249 610.755 -291.389
PRESSAVG: 33000 2.13943 40.8047 17.078 40.8047 -112.947 -4.48378 17.078 -4.48378 -110.177
GPRESSAVG: 33000 1.81421 41.5826 16.2999 40.5437 -113.136 -4.43326 17.5572 -5.07389 -109.684
ENERGY:   33000      1538.0401      8986.1040      5641.6321        64.7649         -61210.0280     -1163.6084         0.0000         0.0000     18296.6272         -27846.4681       295.3039    -46143.0953    -27704.2945       294.8676            -19.6950         5.3969    266327.7836       -73.6616       -73.6684

WRITING COORDINATES TO DCD FILE NVT.dcd AT STEP 33000
WRITING COORDINATES TO DCD FILE NVT.dcd AT STEP 33010
WRITING COORDINATES TO DCD FILE NVT.dcd AT STEP 33020
WRITING COORDINATES TO DCD FILE NVT.dcd AT STEP 33030
WRITING COORDINATES TO DCD FILE NVT.dcd AT STEP 33040
WRITING COORDINATES TO DCD FILE NVT.dcd AT STEP 33050
WRITING COORDINATES TO DCD FILE NVT.dcd AT STEP 33060
WRITING COORDINATES TO DCD FILE NVT.dcd AT STEP 33070
WRITING COORDINATES TO DCD FILE NVT.dcd AT STEP 33080
WRITING COORDINATES TO DCD FILE NVT.dcd AT STEP 33090
WRITING COORDINATES TO DCD FILE NVT.dcd AT STEP 33100
WRITING COORDINATES TO DCD FILE NVT.dcd AT STEP 33110
WRITING COORDINATES TO DCD FILE NVT.dcd AT STEP 33120
WRITING COORDINATES TO DCD FILE NVT.dcd AT STEP 33130
WRITING COORDINATES TO DCD FILE NVT.dcd AT STEP 33140
WRITING COORDINATES TO DCD FILE NVT.dcd AT STEP 33150
WRITING COORDINATES TO DCD FILE NVT.dcd AT STEP 33160
WRITING COORDINATES TO DCD FILE NVT.dcd AT STEP 33170
WRITING COORDINATES TO DCD FILE NVT.dcd AT STEP 33180
WRITING COORDINATES TO DCD FILE NVT.dcd AT STEP 33190
WRITING COORDINATES TO DCD FILE NVT.dcd AT STEP 33200
WRITING COORDINATES TO DCD FILE NVT.dcd AT STEP 33210
WRITING COORDINATES TO DCD FILE NVT.dcd AT STEP 33220
WRITING COORDINATES TO DCD FILE NVT.dcd AT STEP 33230
WRITING COORDINATES TO DCD FILE NVT.dcd AT STEP 33240
WRITING COORDINATES TO DCD FILE NVT.dcd AT STEP 33250
WRITING COORDINATES TO DCD FILE NVT.dcd AT STEP 33260
WRITING COORDINATES TO DCD FILE NVT.dcd AT STEP 33270
WRITING COORDINATES TO DCD FILE NVT.dcd AT STEP 33280
WRITING COORDINATES TO DCD FILE NVT.dcd AT STEP 33290
WRITING COORDINATES TO DCD FILE NVT.dcd AT STEP 33300
WRITING COORDINATES TO DCD FILE NVT.dcd AT STEP 33310
WRITING COORDINATES TO DCD FILE NVT.dcd AT STEP 33320
WRITING COORDINATES TO DCD FILE NVT.dcd AT STEP 33330
WRITING COORDINATES TO DCD FILE NVT.dcd AT STEP 33340
WRITING COORDINATES TO DCD FILE NVT.dcd AT STEP 33350
WRITING COORDINATES TO DCD FILE NVT.dcd AT STEP 33360
WRITING COORDINATES TO DCD FILE NVT.dcd AT STEP 33370
WRITING COORDINATES TO DCD FILE NVT.dcd AT STEP 33380
WRITING COORDINATES TO DCD FILE NVT.dcd AT STEP 33390
WRITING COORDINATES TO DCD FILE NVT.dcd AT STEP 33400
WRITING COORDINATES TO DCD FILE NVT.dcd AT STEP 33410
WRITING COORDINATES TO DCD FILE NVT.dcd AT STEP 33420
WRITING COORDINATES TO DCD FILE NVT.dcd AT STEP 33430
WRITING COORDINATES TO DCD FILE NVT.dcd AT STEP 33440
WRITING COORDINATES TO DCD FILE NVT.dcd AT STEP 33450
WRITING COORDINATES TO DCD FILE NVT.dcd AT STEP 33460
WRITING COORDINATES TO DCD FILE NVT.dcd AT STEP 33470
WRITING COORDINATES TO DCD FILE NVT.dcd AT STEP 33480
WRITING COORDINATES TO DCD FILE NVT.dcd AT STEP 33490
WRITING COORDINATES TO DCD FILE NVT.dcd AT STEP 33500
WRITING COORDINATES TO DCD FILE NVT.dcd AT STEP 33510
WRITING COORDINATES TO DCD FILE NVT.dcd AT STEP 33520
WRITING COORDINATES TO DCD FILE NVT.dcd AT STEP 33530
WRITING COORDINATES TO DCD FILE NVT.dcd AT STEP 33540
WRITING COORDINATES TO DCD FILE NVT.dcd AT STEP 33550
WRITING COORDINATES TO DCD FILE NVT.dcd AT STEP 33560
WRITING COORDINATES TO DCD FILE NVT.dcd AT STEP 33570
WRITING COORDINATES TO DCD FILE NVT.dcd AT STEP 33580
WRITING COORDINATES TO DCD FILE NVT.dcd AT STEP 33590
WRITING COORDINATES TO DCD FILE NVT.dcd AT STEP 33600
WRITING COORDINATES TO DCD FILE NVT.dcd AT STEP 33610
WRITING COORDINATES TO DCD FILE NVT.dcd AT STEP 33620
WRITING COORDINATES TO DCD FILE NVT.dcd AT STEP 33630
WRITING COORDINATES TO DCD FILE NVT.dcd AT STEP 33640
WRITING COORDINATES TO DCD FILE NVT.dcd AT STEP 33650
WRITING COORDINATES TO DCD FILE NVT.dcd AT STEP 33660
WRITING COORDINATES TO DCD FILE NVT.dcd AT STEP 33670
WRITING COORDINATES TO DCD FILE NVT.dcd AT STEP 33680
WRITING COORDINATES TO DCD FILE NVT.dcd AT STEP 33690
WRITING COORDINATES TO DCD FILE NVT.dcd AT STEP 33700
WRITING COORDINATES TO DCD FILE NVT.dcd AT STEP 33710
WRITING COORDINATES TO DCD FILE NVT.dcd AT STEP 33720
WRITING COORDINATES TO DCD FILE NVT.dcd AT STEP 33730
WRITING COORDINATES TO DCD FILE NVT.dcd AT STEP 33740
WRITING COORDINATES TO DCD FILE NVT.dcd AT STEP 33750
WRITING COORDINATES TO DCD FILE NVT.dcd AT STEP 33760
WRITING COORDINATES TO DCD FILE NVT.dcd AT STEP 33770
WRITING COORDINATES TO DCD FILE NVT.dcd AT STEP 33780
WRITING COORDINATES TO DCD FILE NVT.dcd AT STEP 33790
WRITING COORDINATES TO DCD FILE NVT.dcd AT STEP 33800
WRITING COORDINATES TO DCD FILE NVT.dcd AT STEP 33810
WRITING COORDINATES TO DCD FILE NVT.dcd AT STEP 33820
WRITING COORDINATES TO DCD FILE NVT.dcd AT STEP 33830
WRITING COORDINATES TO DCD FILE NVT.dcd AT STEP 33840
WRITING COORDINATES TO DCD FILE NVT.dcd AT STEP 33850
WRITING COORDINATES TO DCD FILE NVT.dcd AT STEP 33860
WRITING COORDINATES TO DCD FILE NVT.dcd AT STEP 33870
WRITING COORDINATES TO DCD FILE NVT.dcd AT STEP 33880
WRITING COORDINATES TO DCD FILE NVT.dcd AT STEP 33890
WRITING COORDINATES TO DCD FILE NVT.dcd AT STEP 33900
WRITING COORDINATES TO DCD FILE NVT.dcd AT STEP 33910
WRITING COORDINATES TO DCD FILE NVT.dcd AT STEP 33920
WRITING COORDINATES TO DCD FILE NVT.dcd AT STEP 33930
WRITING COORDINATES TO DCD FILE NVT.dcd AT STEP 33940
WRITING COORDINATES TO DCD FILE NVT.dcd AT STEP 33950
WRITING COORDINATES TO DCD FILE NVT.dcd AT STEP 33960
WRITING COORDINATES TO DCD FILE NVT.dcd AT STEP 33970
WRITING COORDINATES TO DCD FILE NVT.dcd AT STEP 33980
WRITING COORDINATES TO DCD FILE NVT.dcd AT STEP 33990
PRESSURE: 34000 -292.796 -265.477 340.456 -265.477 -302.81 24.8594 340.456 24.8594 348.533
GPRESSURE: 34000 -286.067 -126.877 183.36 -127.225 -192.804 -1.03989 384.471 -180.557 263.679
PRESSAVG: 34000 7.62312 4.84243 60.8265 4.84243 -93.1276 0.631164 60.8265 0.631164 69.9506
GPRESSAVG: 34000 7.50034 4.91803 60.5405 5.17005 -93.4421 1.17114 60.3275 0.0530231 70.0391
ENERGY:   34000      1567.1341      8925.0573      5655.3338        70.7689         -61081.7462     -1221.2899         0.0000         0.0000     18295.8043         -27788.9378       295.2907    -46084.7420    -27647.7057       295.2460            -82.3574       -71.7306    266327.7836        -5.1846        -5.3009

WRITING COORDINATES TO DCD FILE NVT.dcd AT STEP 34000
WRITING COORDINATES TO DCD FILE NVT.dcd AT STEP 34010
WRITING COORDINATES TO DCD FILE NVT.dcd AT STEP 34020
WRITING COORDINATES TO DCD FILE NVT.dcd AT STEP 34030
WRITING COORDINATES TO DCD FILE NVT.dcd AT STEP 34040
WRITING COORDINATES TO DCD FILE NVT.dcd AT STEP 34050
WRITING COORDINATES TO DCD FILE NVT.dcd AT STEP 34060
WRITING COORDINATES TO DCD FILE NVT.dcd AT STEP 34070
WRITING COORDINATES TO DCD FILE NVT.dcd AT STEP 34080
WRITING COORDINATES TO DCD FILE NVT.dcd AT STEP 34090
WRITING COORDINATES TO DCD FILE NVT.dcd AT STEP 34100
WRITING COORDINATES TO DCD FILE NVT.dcd AT STEP 34110
WRITING COORDINATES TO DCD FILE NVT.dcd AT STEP 34120
WRITING COORDINATES TO DCD FILE NVT.dcd AT STEP 34130
WRITING COORDINATES TO DCD FILE NVT.dcd AT STEP 34140
LDB: ============= START OF LOAD BALANCING ============== 5717.52
LDB: ============== END OF LOAD BALANCING =============== 5717.52
LDB: =============== DONE WITH MIGRATION ================ 5717.52
WRITING COORDINATES TO DCD FILE NVT.dcd AT STEP 34150
WRITING COORDINATES TO DCD FILE NVT.dcd AT STEP 34160
WRITING COORDINATES TO DCD FILE NVT.dcd AT STEP 34170
WRITING COORDINATES TO DCD FILE NVT.dcd AT STEP 34180
WRITING COORDINATES TO DCD FILE NVT.dcd AT STEP 34190
LDB: ============= START OF LOAD BALANCING ============== 5725.88
LDB: ============== END OF LOAD BALANCING =============== 5725.88
LDB: =============== DONE WITH MIGRATION ================ 5725.88
WRITING COORDINATES TO DCD FILE NVT.dcd AT STEP 34200
WRITING COORDINATES TO DCD FILE NVT.dcd AT STEP 34210
WRITING COORDINATES TO DCD FILE NVT.dcd AT STEP 34220
WRITING COORDINATES TO DCD FILE NVT.dcd AT STEP 34230
WRITING COORDINATES TO DCD FILE NVT.dcd AT STEP 34240
WRITING COORDINATES TO DCD FILE NVT.dcd AT STEP 34250
WRITING COORDINATES TO DCD FILE NVT.dcd AT STEP 34260
WRITING COORDINATES TO DCD FILE NVT.dcd AT STEP 34270
WRITING COORDINATES TO DCD FILE NVT.dcd AT STEP 34280
WRITING COORDINATES TO DCD FILE NVT.dcd AT STEP 34290
WRITING COORDINATES TO DCD FILE NVT.dcd AT STEP 34300
WRITING COORDINATES TO DCD FILE NVT.dcd AT STEP 34310
WRITING COORDINATES TO DCD FILE NVT.dcd AT STEP 34320
WRITING COORDINATES TO DCD FILE NVT.dcd AT STEP 34330
WRITING COORDINATES TO DCD FILE NVT.dcd AT STEP 34340
WRITING COORDINATES TO DCD FILE NVT.dcd AT STEP 34350
WRITING COORDINATES TO DCD FILE NVT.dcd AT STEP 34360
WRITING COORDINATES TO DCD FILE NVT.dcd AT STEP 34370
WRITING COORDINATES TO DCD FILE NVT.dcd AT STEP 34380
WRITING COORDINATES TO DCD FILE NVT.dcd AT STEP 34390
WRITING COORDINATES TO DCD FILE NVT.dcd AT STEP 34400
WRITING COORDINATES TO DCD FILE NVT.dcd AT STEP 34410
WRITING COORDINATES TO DCD FILE NVT.dcd AT STEP 34420
WRITING COORDINATES TO DCD FILE NVT.dcd AT STEP 34430
WRITING COORDINATES TO DCD FILE NVT.dcd AT STEP 34440
WRITING COORDINATES TO DCD FILE NVT.dcd AT STEP 34450
WRITING COORDINATES TO DCD FILE NVT.dcd AT STEP 34460
WRITING COORDINATES TO DCD FILE NVT.dcd AT STEP 34470
WRITING COORDINATES TO DCD FILE NVT.dcd AT STEP 34480
WRITING COORDINATES TO DCD FILE NVT.dcd AT STEP 34490
WRITING COORDINATES TO DCD FILE NVT.dcd AT STEP 34500
WRITING COORDINATES TO DCD FILE NVT.dcd AT STEP 34510
WRITING COORDINATES TO DCD FILE NVT.dcd AT STEP 34520
WRITING COORDINATES TO DCD FILE NVT.dcd AT STEP 34530
WRITING COORDINATES TO DCD FILE NVT.dcd AT STEP 34540
WRITING COORDINATES TO DCD FILE NVT.dcd AT STEP 34550
WRITING COORDINATES TO DCD FILE NVT.dcd AT STEP 34560
WRITING COORDINATES TO DCD FILE NVT.dcd AT STEP 34570
WRITING COORDINATES TO DCD FILE NVT.dcd AT STEP 34580
WRITING COORDINATES TO DCD FILE NVT.dcd AT STEP 34590
WRITING COORDINATES TO DCD FILE NVT.dcd AT STEP 34600
WRITING COORDINATES TO DCD FILE NVT.dcd AT STEP 34610
WRITING COORDINATES TO DCD FILE NVT.dcd AT STEP 34620
WRITING COORDINATES TO DCD FILE NVT.dcd AT STEP 34630
WRITING COORDINATES TO DCD FILE NVT.dcd AT STEP 34640
WRITING COORDINATES TO DCD FILE NVT.dcd AT STEP 34650
WRITING COORDINATES TO DCD FILE NVT.dcd AT STEP 34660
WRITING COORDINATES TO DCD FILE NVT.dcd AT STEP 34670
WRITING COORDINATES TO DCD FILE NVT.dcd AT STEP 34680
WRITING COORDINATES TO DCD FILE NVT.dcd AT STEP 34690
WRITING COORDINATES TO DCD FILE NVT.dcd AT STEP 34700
WRITING COORDINATES TO DCD FILE NVT.dcd AT STEP 34710
WRITING COORDINATES TO DCD FILE NVT.dcd AT STEP 34720
WRITING COORDINATES TO DCD FILE NVT.dcd AT STEP 34730
WRITING COORDINATES TO DCD FILE NVT.dcd AT STEP 34740
WRITING COORDINATES TO DCD FILE NVT.dcd AT STEP 34750
WRITING COORDINATES TO DCD FILE NVT.dcd AT STEP 34760
WRITING COORDINATES TO DCD FILE NVT.dcd AT STEP 34770
WRITING COORDINATES TO DCD FILE NVT.dcd AT STEP 34780
WRITING COORDINATES TO DCD FILE NVT.dcd AT STEP 34790
WRITING COORDINATES TO DCD FILE NVT.dcd AT STEP 34800
WRITING COORDINATES TO DCD FILE NVT.dcd AT STEP 34810
WRITING COORDINATES TO DCD FILE NVT.dcd AT STEP 34820
WRITING COORDINATES TO DCD FILE NVT.dcd AT STEP 34830
WRITING COORDINATES TO DCD FILE NVT.dcd AT STEP 34840
WRITING COORDINATES TO DCD FILE NVT.dcd AT STEP 34850
WRITING COORDINATES TO DCD FILE NVT.dcd AT STEP 34860
WRITING COORDINATES TO DCD FILE NVT.dcd AT STEP 34870
WRITING COORDINATES TO DCD FILE NVT.dcd AT STEP 34880
WRITING COORDINATES TO DCD FILE NVT.dcd AT STEP 34890
WRITING COORDINATES TO DCD FILE NVT.dcd AT STEP 34900
WRITING COORDINATES TO DCD FILE NVT.dcd AT STEP 34910
WRITING COORDINATES TO DCD FILE NVT.dcd AT STEP 34920
WRITING COORDINATES TO DCD FILE NVT.dcd AT STEP 34930
WRITING COORDINATES TO DCD FILE NVT.dcd AT STEP 34940
WRITING COORDINATES TO DCD FILE NVT.dcd AT STEP 34950
WRITING COORDINATES TO DCD FILE NVT.dcd AT STEP 34960
WRITING COORDINATES TO DCD FILE NVT.dcd AT STEP 34970
WRITING COORDINATES TO DCD FILE NVT.dcd AT STEP 34980
WRITING COORDINATES TO DCD FILE NVT.dcd AT STEP 34990
PRESSURE: 35000 -291.03 -545.099 -161.342 -545.099 -415.642 -29.0404 -161.342 -29.0404 713.847
GPRESSURE: 35000 -286.479 -616.954 65.9271 -358.079 -377.203 -49.9178 46.7399 -212.056 735.683
PRESSAVG: 35000 -59.7359 54.6242 47.6272 54.6242 -152.315 -41.7368 47.6272 -41.7368 32.4585
GPRESSAVG: 35000 -59.9253 53.6553 48.5 54.7993 -152.348 -42.4263 48.0302 -41.2155 32.1241
ENERGY:   35000      1525.6174      9048.8609      5634.7446        77.3324         -60999.7679     -1265.6561         0.0000         0.0000     18226.9367         -27751.9320       294.1792    -45978.8687    -27609.9958       295.1997              2.3917        24.0003    266327.7836       -59.8642       -60.0497

WRITING EXTENDED SYSTEM TO RESTART FILE AT STEP 35000
WRITING COORDINATES TO DCD FILE NVT.dcd AT STEP 35000
WRITING COORDINATES TO RESTART FILE AT STEP 35000
FINISHED WRITING RESTART COORDINATES
WRITING VELOCITIES TO RESTART FILE AT STEP 35000
FINISHED WRITING RESTART VELOCITIES
WRITING COORDINATES TO DCD FILE NVT.dcd AT STEP 35010
WRITING COORDINATES TO DCD FILE NVT.dcd AT STEP 35020
WRITING COORDINATES TO DCD FILE NVT.dcd AT STEP 35030
WRITING COORDINATES TO DCD FILE NVT.dcd AT STEP 35040
WRITING COORDINATES TO DCD FILE NVT.dcd AT STEP 35050
WRITING COORDINATES TO DCD FILE NVT.dcd AT STEP 35060
WRITING COORDINATES TO DCD FILE NVT.dcd AT STEP 35070
WRITING COORDINATES TO DCD FILE NVT.dcd AT STEP 35080
WRITING COORDINATES TO DCD FILE NVT.dcd AT STEP 35090
WRITING COORDINATES TO DCD FILE NVT.dcd AT STEP 35100
WRITING COORDINATES TO DCD FILE NVT.dcd AT STEP 35110
WRITING COORDINATES TO DCD FILE NVT.dcd AT STEP 35120
WRITING COORDINATES TO DCD FILE NVT.dcd AT STEP 35130
WRITING COORDINATES TO DCD FILE NVT.dcd AT STEP 35140
WRITING COORDINATES TO DCD FILE NVT.dcd AT STEP 35150
WRITING COORDINATES TO DCD FILE NVT.dcd AT STEP 35160
WRITING COORDINATES TO DCD FILE NVT.dcd AT STEP 35170
WRITING COORDINATES TO DCD FILE NVT.dcd AT STEP 35180
WRITING COORDINATES TO DCD FILE NVT.dcd AT STEP 35190
WRITING COORDINATES TO DCD FILE NVT.dcd AT STEP 35200
WRITING COORDINATES TO DCD FILE NVT.dcd AT STEP 35210
WRITING COORDINATES TO DCD FILE NVT.dcd AT STEP 35220
WRITING COORDINATES TO DCD FILE NVT.dcd AT STEP 35230
WRITING COORDINATES TO DCD FILE NVT.dcd AT STEP 35240
WRITING COORDINATES TO DCD FILE NVT.dcd AT STEP 35250
WRITING COORDINATES TO DCD FILE NVT.dcd AT STEP 35260
WRITING COORDINATES TO DCD FILE NVT.dcd AT STEP 35270
WRITING COORDINATES TO DCD FILE NVT.dcd AT STEP 35280
WRITING COORDINATES TO DCD FILE NVT.dcd AT STEP 35290
WRITING COORDINATES TO DCD FILE NVT.dcd AT STEP 35300
WRITING COORDINATES TO DCD FILE NVT.dcd AT STEP 35310
WRITING COORDINATES TO DCD FILE NVT.dcd AT STEP 35320
WRITING COORDINATES TO DCD FILE NVT.dcd AT STEP 35330
WRITING COORDINATES TO DCD FILE NVT.dcd AT STEP 35340
WRITING COORDINATES TO DCD FILE NVT.dcd AT STEP 35350
WRITING COORDINATES TO DCD FILE NVT.dcd AT STEP 35360
WRITING COORDINATES TO DCD FILE NVT.dcd AT STEP 35370
WRITING COORDINATES TO DCD FILE NVT.dcd AT STEP 35380
WRITING COORDINATES TO DCD FILE NVT.dcd AT STEP 35390
WRITING COORDINATES TO DCD FILE NVT.dcd AT STEP 35400
WRITING COORDINATES TO DCD FILE NVT.dcd AT STEP 35410
WRITING COORDINATES TO DCD FILE NVT.dcd AT STEP 35420
WRITING COORDINATES TO DCD FILE NVT.dcd AT STEP 35430
WRITING COORDINATES TO DCD FILE NVT.dcd AT STEP 35440
WRITING COORDINATES TO DCD FILE NVT.dcd AT STEP 35450
WRITING COORDINATES TO DCD FILE NVT.dcd AT STEP 35460
WRITING COORDINATES TO DCD FILE NVT.dcd AT STEP 35470
WRITING COORDINATES TO DCD FILE NVT.dcd AT STEP 35480
WRITING COORDINATES TO DCD FILE NVT.dcd AT STEP 35490
WRITING COORDINATES TO DCD FILE NVT.dcd AT STEP 35500
WRITING COORDINATES TO DCD FILE NVT.dcd AT STEP 35510
WRITING COORDINATES TO DCD FILE NVT.dcd AT STEP 35520
WRITING COORDINATES TO DCD FILE NVT.dcd AT STEP 35530
WRITING COORDINATES TO DCD FILE NVT.dcd AT STEP 35540
WRITING COORDINATES TO DCD FILE NVT.dcd AT STEP 35550
WRITING COORDINATES TO DCD FILE NVT.dcd AT STEP 35560
WRITING COORDINATES TO DCD FILE NVT.dcd AT STEP 35570
WRITING COORDINATES TO DCD FILE NVT.dcd AT STEP 35580
WRITING COORDINATES TO DCD FILE NVT.dcd AT STEP 35590
WRITING COORDINATES TO DCD FILE NVT.dcd AT STEP 35600
WRITING COORDINATES TO DCD FILE NVT.dcd AT STEP 35610
WRITING COORDINATES TO DCD FILE NVT.dcd AT STEP 35620
WRITING COORDINATES TO DCD FILE NVT.dcd AT STEP 35630
WRITING COORDINATES TO DCD FILE NVT.dcd AT STEP 35640
WRITING COORDINATES TO DCD FILE NVT.dcd AT STEP 35650
WRITING COORDINATES TO DCD FILE NVT.dcd AT STEP 35660
WRITING COORDINATES TO DCD FILE NVT.dcd AT STEP 35670
WRITING COORDINATES TO DCD FILE NVT.dcd AT STEP 35680
WRITING COORDINATES TO DCD FILE NVT.dcd AT STEP 35690
WRITING COORDINATES TO DCD FILE NVT.dcd AT STEP 35700
WRITING COORDINATES TO DCD FILE NVT.dcd AT STEP 35710
WRITING COORDINATES TO DCD FILE NVT.dcd AT STEP 35720
WRITING COORDINATES TO DCD FILE NVT.dcd AT STEP 35730
WRITING COORDINATES TO DCD FILE NVT.dcd AT STEP 35740
WRITING COORDINATES TO DCD FILE NVT.dcd AT STEP 35750
WRITING COORDINATES TO DCD FILE NVT.dcd AT STEP 35760
WRITING COORDINATES TO DCD FILE NVT.dcd AT STEP 35770
WRITING COORDINATES TO DCD FILE NVT.dcd AT STEP 35780
WRITING COORDINATES TO DCD FILE NVT.dcd AT STEP 35790
WRITING COORDINATES TO DCD FILE NVT.dcd AT STEP 35800
WRITING COORDINATES TO DCD FILE NVT.dcd AT STEP 35810
WRITING COORDINATES TO DCD FILE NVT.dcd AT STEP 35820
WRITING COORDINATES TO DCD FILE NVT.dcd AT STEP 35830
WRITING COORDINATES TO DCD FILE NVT.dcd AT STEP 35840
WRITING COORDINATES TO DCD FILE NVT.dcd AT STEP 35850
WRITING COORDINATES TO DCD FILE NVT.dcd AT STEP 35860
WRITING COORDINATES TO DCD FILE NVT.dcd AT STEP 35870
WRITING COORDINATES TO DCD FILE NVT.dcd AT STEP 35880
WRITING COORDINATES TO DCD FILE NVT.dcd AT STEP 35890
WRITING COORDINATES TO DCD FILE NVT.dcd AT STEP 35900
WRITING COORDINATES TO DCD FILE NVT.dcd AT STEP 35910
WRITING COORDINATES TO DCD FILE NVT.dcd AT STEP 35920
WRITING COORDINATES TO DCD FILE NVT.dcd AT STEP 35930
WRITING COORDINATES TO DCD FILE NVT.dcd AT STEP 35940
WRITING COORDINATES TO DCD FILE NVT.dcd AT STEP 35950
WRITING COORDINATES TO DCD FILE NVT.dcd AT STEP 35960
WRITING COORDINATES TO DCD FILE NVT.dcd AT STEP 35970
WRITING COORDINATES TO DCD FILE NVT.dcd AT STEP 35980
WRITING COORDINATES TO DCD FILE NVT.dcd AT STEP 35990
PRESSURE: 36000 -55.6671 -239.89 293.372 -239.89 97.4733 123.779 293.372 123.779 -222.385
GPRESSURE: 36000 39.1831 -271.14 348.672 -276.963 18.9387 244.67 243.657 -53.6044 -199.708
PRESSAVG: 36000 -86.4704 -11.8323 50.8831 -11.8323 -119.709 0.10241 50.8831 0.10241 3.62394
GPRESSAVG: 36000 -86.1698 -11.1976 50.3192 -12.4869 -119.825 0.174137 50.217 0.846818 3.63153
ENERGY:   36000      1517.2071      9035.4814      5591.6597        71.2263         -61156.6158     -1374.0536         0.0000         0.0000     18185.6072         -28129.4877       293.5121    -46315.0949    -27979.4089       294.1255            -60.1928       -47.1953    266327.7836       -67.5184       -67.4544

WRITING COORDINATES TO DCD FILE NVT.dcd AT STEP 36000
WRITING COORDINATES TO DCD FILE NVT.dcd AT STEP 36010
WRITING COORDINATES TO DCD FILE NVT.dcd AT STEP 36020
WRITING COORDINATES TO DCD FILE NVT.dcd AT STEP 36030
WRITING COORDINATES TO DCD FILE NVT.dcd AT STEP 36040
WRITING COORDINATES TO DCD FILE NVT.dcd AT STEP 36050
WRITING COORDINATES TO DCD FILE NVT.dcd AT STEP 36060
WRITING COORDINATES TO DCD FILE NVT.dcd AT STEP 36070
WRITING COORDINATES TO DCD FILE NVT.dcd AT STEP 36080
WRITING COORDINATES TO DCD FILE NVT.dcd AT STEP 36090
WRITING COORDINATES TO DCD FILE NVT.dcd AT STEP 36100
WRITING COORDINATES TO DCD FILE NVT.dcd AT STEP 36110
WRITING COORDINATES TO DCD FILE NVT.dcd AT STEP 36120
WRITING COORDINATES TO DCD FILE NVT.dcd AT STEP 36130
WRITING COORDINATES TO DCD FILE NVT.dcd AT STEP 36140
LDB: ============= START OF LOAD BALANCING ============== 6052.08
LDB: ============== END OF LOAD BALANCING =============== 6052.08
LDB: =============== DONE WITH MIGRATION ================ 6052.08
WRITING COORDINATES TO DCD FILE NVT.dcd AT STEP 36150
WRITING COORDINATES TO DCD FILE NVT.dcd AT STEP 36160
WRITING COORDINATES TO DCD FILE NVT.dcd AT STEP 36170
WRITING COORDINATES TO DCD FILE NVT.dcd AT STEP 36180
WRITING COORDINATES TO DCD FILE NVT.dcd AT STEP 36190
LDB: ============= START OF LOAD BALANCING ============== 6060.45
LDB: ============== END OF LOAD BALANCING =============== 6060.45
LDB: =============== DONE WITH MIGRATION ================ 6060.45
WRITING COORDINATES TO DCD FILE NVT.dcd AT STEP 36200
WRITING COORDINATES TO DCD FILE NVT.dcd AT STEP 36210
WRITING COORDINATES TO DCD FILE NVT.dcd AT STEP 36220
WRITING COORDINATES TO DCD FILE NVT.dcd AT STEP 36230
WRITING COORDINATES TO DCD FILE NVT.dcd AT STEP 36240
WRITING COORDINATES TO DCD FILE NVT.dcd AT STEP 36250
WRITING COORDINATES TO DCD FILE NVT.dcd AT STEP 36260
WRITING COORDINATES TO DCD FILE NVT.dcd AT STEP 36270
WRITING COORDINATES TO DCD FILE NVT.dcd AT STEP 36280
WRITING COORDINATES TO DCD FILE NVT.dcd AT STEP 36290
WRITING COORDINATES TO DCD FILE NVT.dcd AT STEP 36300
WRITING COORDINATES TO DCD FILE NVT.dcd AT STEP 36310
WRITING COORDINATES TO DCD FILE NVT.dcd AT STEP 36320
WRITING COORDINATES TO DCD FILE NVT.dcd AT STEP 36330
WRITING COORDINATES TO DCD FILE NVT.dcd AT STEP 36340
WRITING COORDINATES TO DCD FILE NVT.dcd AT STEP 36350
WRITING COORDINATES TO DCD FILE NVT.dcd AT STEP 36360
WRITING COORDINATES TO DCD FILE NVT.dcd AT STEP 36370
WRITING COORDINATES TO DCD FILE NVT.dcd AT STEP 36380
WRITING COORDINATES TO DCD FILE NVT.dcd AT STEP 36390
WRITING COORDINATES TO DCD FILE NVT.dcd AT STEP 36400
WRITING COORDINATES TO DCD FILE NVT.dcd AT STEP 36410
WRITING COORDINATES TO DCD FILE NVT.dcd AT STEP 36420
WRITING COORDINATES TO DCD FILE NVT.dcd AT STEP 36430
WRITING COORDINATES TO DCD FILE NVT.dcd AT STEP 36440
WRITING COORDINATES TO DCD FILE NVT.dcd AT STEP 36450
WRITING COORDINATES TO DCD FILE NVT.dcd AT STEP 36460
WRITING COORDINATES TO DCD FILE NVT.dcd AT STEP 36470
WRITING COORDINATES TO DCD FILE NVT.dcd AT STEP 36480
WRITING COORDINATES TO DCD FILE NVT.dcd AT STEP 36490
WRITING COORDINATES TO DCD FILE NVT.dcd AT STEP 36500
WRITING COORDINATES TO DCD FILE NVT.dcd AT STEP 36510
WRITING COORDINATES TO DCD FILE NVT.dcd AT STEP 36520
WRITING COORDINATES TO DCD FILE NVT.dcd AT STEP 36530
WRITING COORDINATES TO DCD FILE NVT.dcd AT STEP 36540
WRITING COORDINATES TO DCD FILE NVT.dcd AT STEP 36550
WRITING COORDINATES TO DCD FILE NVT.dcd AT STEP 36560
WRITING COORDINATES TO DCD FILE NVT.dcd AT STEP 36570
WRITING COORDINATES TO DCD FILE NVT.dcd AT STEP 36580
WRITING COORDINATES TO DCD FILE NVT.dcd AT STEP 36590
WRITING COORDINATES TO DCD FILE NVT.dcd AT STEP 36600
WRITING COORDINATES TO DCD FILE NVT.dcd AT STEP 36610
WRITING COORDINATES TO DCD FILE NVT.dcd AT STEP 36620
WRITING COORDINATES TO DCD FILE NVT.dcd AT STEP 36630
WRITING COORDINATES TO DCD FILE NVT.dcd AT STEP 36640
WRITING COORDINATES TO DCD FILE NVT.dcd AT STEP 36650
WRITING COORDINATES TO DCD FILE NVT.dcd AT STEP 36660
WRITING COORDINATES TO DCD FILE NVT.dcd AT STEP 36670
WRITING COORDINATES TO DCD FILE NVT.dcd AT STEP 36680
WRITING COORDINATES TO DCD FILE NVT.dcd AT STEP 36690
WRITING COORDINATES TO DCD FILE NVT.dcd AT STEP 36700
WRITING COORDINATES TO DCD FILE NVT.dcd AT STEP 36710
WRITING COORDINATES TO DCD FILE NVT.dcd AT STEP 36720
WRITING COORDINATES TO DCD FILE NVT.dcd AT STEP 36730
WRITING COORDINATES TO DCD FILE NVT.dcd AT STEP 36740
WRITING COORDINATES TO DCD FILE NVT.dcd AT STEP 36750
WRITING COORDINATES TO DCD FILE NVT.dcd AT STEP 36760
WRITING COORDINATES TO DCD FILE NVT.dcd AT STEP 36770
WRITING COORDINATES TO DCD FILE NVT.dcd AT STEP 36780
WRITING COORDINATES TO DCD FILE NVT.dcd AT STEP 36790
WRITING COORDINATES TO DCD FILE NVT.dcd AT STEP 36800
WRITING COORDINATES TO DCD FILE NVT.dcd AT STEP 36810
WRITING COORDINATES TO DCD FILE NVT.dcd AT STEP 36820
WRITING COORDINATES TO DCD FILE NVT.dcd AT STEP 36830
WRITING COORDINATES TO DCD FILE NVT.dcd AT STEP 36840
WRITING COORDINATES TO DCD FILE NVT.dcd AT STEP 36850
WRITING COORDINATES TO DCD FILE NVT.dcd AT STEP 36860
WRITING COORDINATES TO DCD FILE NVT.dcd AT STEP 36870
WRITING COORDINATES TO DCD FILE NVT.dcd AT STEP 36880
WRITING COORDINATES TO DCD FILE NVT.dcd AT STEP 36890
WRITING COORDINATES TO DCD FILE NVT.dcd AT STEP 36900
WRITING COORDINATES TO DCD FILE NVT.dcd AT STEP 36910
WRITING COORDINATES TO DCD FILE NVT.dcd AT STEP 36920
WRITING COORDINATES TO DCD FILE NVT.dcd AT STEP 36930
WRITING COORDINATES TO DCD FILE NVT.dcd AT STEP 36940
WRITING COORDINATES TO DCD FILE NVT.dcd AT STEP 36950
WRITING COORDINATES TO DCD FILE NVT.dcd AT STEP 36960
WRITING COORDINATES TO DCD FILE NVT.dcd AT STEP 36970
WRITING COORDINATES TO DCD FILE NVT.dcd AT STEP 36980
WRITING COORDINATES TO DCD FILE NVT.dcd AT STEP 36990
PRESSURE: 37000 -191.282 -139.179 150.793 -139.179 -26.18 3.98248 150.793 3.98248 406.818
GPRESSURE: 37000 -188.444 -175.513 187.221 -210.483 11.5172 -68.5395 8.06096 128.176 384.056
PRESSAVG: 37000 -85.2394 -10.5872 94.2043 -10.5872 -68.8087 -0.57435 94.2043 -0.57435 -72.5227
GPRESSAVG: 37000 -85.3575 -10.5334 94.5284 -10.8102 -68.1023 0.237591 94.0517 -1.2704 -72.7735
ENERGY:   37000      1569.8543      9028.4924      5693.1672        74.0227         -61007.3732     -1326.7426         0.0000         0.0000     18194.1233         -27774.4558       293.6495    -45968.5791    -27626.2505       294.4553             63.1187        69.0431    266327.7836       -75.5236       -75.4111

WRITING COORDINATES TO DCD FILE NVT.dcd AT STEP 37000
WRITING COORDINATES TO DCD FILE NVT.dcd AT STEP 37010
WRITING COORDINATES TO DCD FILE NVT.dcd AT STEP 37020
WRITING COORDINATES TO DCD FILE NVT.dcd AT STEP 37030
WRITING COORDINATES TO DCD FILE NVT.dcd AT STEP 37040
WRITING COORDINATES TO DCD FILE NVT.dcd AT STEP 37050
WRITING COORDINATES TO DCD FILE NVT.dcd AT STEP 37060
WRITING COORDINATES TO DCD FILE NVT.dcd AT STEP 37070
WRITING COORDINATES TO DCD FILE NVT.dcd AT STEP 37080
WRITING COORDINATES TO DCD FILE NVT.dcd AT STEP 37090
WRITING COORDINATES TO DCD FILE NVT.dcd AT STEP 37100
WRITING COORDINATES TO DCD FILE NVT.dcd AT STEP 37110
WRITING COORDINATES TO DCD FILE NVT.dcd AT STEP 37120
WRITING COORDINATES TO DCD FILE NVT.dcd AT STEP 37130
WRITING COORDINATES TO DCD FILE NVT.dcd AT STEP 37140
WRITING COORDINATES TO DCD FILE NVT.dcd AT STEP 37150
WRITING COORDINATES TO DCD FILE NVT.dcd AT STEP 37160
WRITING COORDINATES TO DCD FILE NVT.dcd AT STEP 37170
WRITING COORDINATES TO DCD FILE NVT.dcd AT STEP 37180
WRITING COORDINATES TO DCD FILE NVT.dcd AT STEP 37190
WRITING COORDINATES TO DCD FILE NVT.dcd AT STEP 37200
WRITING COORDINATES TO DCD FILE NVT.dcd AT STEP 37210
WRITING COORDINATES TO DCD FILE NVT.dcd AT STEP 37220
WRITING COORDINATES TO DCD FILE NVT.dcd AT STEP 37230
WRITING COORDINATES TO DCD FILE NVT.dcd AT STEP 37240
WRITING COORDINATES TO DCD FILE NVT.dcd AT STEP 37250
WRITING COORDINATES TO DCD FILE NVT.dcd AT STEP 37260
WRITING COORDINATES TO DCD FILE NVT.dcd AT STEP 37270
WRITING COORDINATES TO DCD FILE NVT.dcd AT STEP 37280
WRITING COORDINATES TO DCD FILE NVT.dcd AT STEP 37290
WRITING COORDINATES TO DCD FILE NVT.dcd AT STEP 37300
WRITING COORDINATES TO DCD FILE NVT.dcd AT STEP 37310
WRITING COORDINATES TO DCD FILE NVT.dcd AT STEP 37320
WRITING COORDINATES TO DCD FILE NVT.dcd AT STEP 37330
WRITING COORDINATES TO DCD FILE NVT.dcd AT STEP 37340
WRITING COORDINATES TO DCD FILE NVT.dcd AT STEP 37350
WRITING COORDINATES TO DCD FILE NVT.dcd AT STEP 37360
WRITING COORDINATES TO DCD FILE NVT.dcd AT STEP 37370
WRITING COORDINATES TO DCD FILE NVT.dcd AT STEP 37380
WRITING COORDINATES TO DCD FILE NVT.dcd AT STEP 37390
WRITING COORDINATES TO DCD FILE NVT.dcd AT STEP 37400
WRITING COORDINATES TO DCD FILE NVT.dcd AT STEP 37410
WRITING COORDINATES TO DCD FILE NVT.dcd AT STEP 37420
WRITING COORDINATES TO DCD FILE NVT.dcd AT STEP 37430
WRITING COORDINATES TO DCD FILE NVT.dcd AT STEP 37440
WRITING COORDINATES TO DCD FILE NVT.dcd AT STEP 37450
WRITING COORDINATES TO DCD FILE NVT.dcd AT STEP 37460
WRITING COORDINATES TO DCD FILE NVT.dcd AT STEP 37470
WRITING COORDINATES TO DCD FILE NVT.dcd AT STEP 37480
WRITING COORDINATES TO DCD FILE NVT.dcd AT STEP 37490
WRITING COORDINATES TO DCD FILE NVT.dcd AT STEP 37500
WRITING COORDINATES TO DCD FILE NVT.dcd AT STEP 37510
WRITING COORDINATES TO DCD FILE NVT.dcd AT STEP 37520
WRITING COORDINATES TO DCD FILE NVT.dcd AT STEP 37530
WRITING COORDINATES TO DCD FILE NVT.dcd AT STEP 37540
WRITING COORDINATES TO DCD FILE NVT.dcd AT STEP 37550
WRITING COORDINATES TO DCD FILE NVT.dcd AT STEP 37560
WRITING COORDINATES TO DCD FILE NVT.dcd AT STEP 37570
WRITING COORDINATES TO DCD FILE NVT.dcd AT STEP 37580
WRITING COORDINATES TO DCD FILE NVT.dcd AT STEP 37590
WRITING COORDINATES TO DCD FILE NVT.dcd AT STEP 37600
WRITING COORDINATES TO DCD FILE NVT.dcd AT STEP 37610
WRITING COORDINATES TO DCD FILE NVT.dcd AT STEP 37620
WRITING COORDINATES TO DCD FILE NVT.dcd AT STEP 37630
WRITING COORDINATES TO DCD FILE NVT.dcd AT STEP 37640
WRITING COORDINATES TO DCD FILE NVT.dcd AT STEP 37650
WRITING COORDINATES TO DCD FILE NVT.dcd AT STEP 37660
WRITING COORDINATES TO DCD FILE NVT.dcd AT STEP 37670
WRITING COORDINATES TO DCD FILE NVT.dcd AT STEP 37680
WRITING COORDINATES TO DCD FILE NVT.dcd AT STEP 37690
WRITING COORDINATES TO DCD FILE NVT.dcd AT STEP 37700
WRITING COORDINATES TO DCD FILE NVT.dcd AT STEP 37710
WRITING COORDINATES TO DCD FILE NVT.dcd AT STEP 37720
WRITING COORDINATES TO DCD FILE NVT.dcd AT STEP 37730
WRITING COORDINATES TO DCD FILE NVT.dcd AT STEP 37740
WRITING COORDINATES TO DCD FILE NVT.dcd AT STEP 37750
WRITING COORDINATES TO DCD FILE NVT.dcd AT STEP 37760
WRITING COORDINATES TO DCD FILE NVT.dcd AT STEP 37770
WRITING COORDINATES TO DCD FILE NVT.dcd AT STEP 37780
WRITING COORDINATES TO DCD FILE NVT.dcd AT STEP 37790
WRITING COORDINATES TO DCD FILE NVT.dcd AT STEP 37800
WRITING COORDINATES TO DCD FILE NVT.dcd AT STEP 37810
WRITING COORDINATES TO DCD FILE NVT.dcd AT STEP 37820
WRITING COORDINATES TO DCD FILE NVT.dcd AT STEP 37830
WRITING COORDINATES TO DCD FILE NVT.dcd AT STEP 37840
WRITING COORDINATES TO DCD FILE NVT.dcd AT STEP 37850
WRITING COORDINATES TO DCD FILE NVT.dcd AT STEP 37860
WRITING COORDINATES TO DCD FILE NVT.dcd AT STEP 37870
WRITING COORDINATES TO DCD FILE NVT.dcd AT STEP 37880
WRITING COORDINATES TO DCD FILE NVT.dcd AT STEP 37890
WRITING COORDINATES TO DCD FILE NVT.dcd AT STEP 37900
WRITING COORDINATES TO DCD FILE NVT.dcd AT STEP 37910
WRITING COORDINATES TO DCD FILE NVT.dcd AT STEP 37920
WRITING COORDINATES TO DCD FILE NVT.dcd AT STEP 37930
WRITING COORDINATES TO DCD FILE NVT.dcd AT STEP 37940
WRITING COORDINATES TO DCD FILE NVT.dcd AT STEP 37950
WRITING COORDINATES TO DCD FILE NVT.dcd AT STEP 37960
WRITING COORDINATES TO DCD FILE NVT.dcd AT STEP 37970
WRITING COORDINATES TO DCD FILE NVT.dcd AT STEP 37980
WRITING COORDINATES TO DCD FILE NVT.dcd AT STEP 37990
PRESSURE: 38000 -617.375 -123.153 -82.0805 -123.153 -1120.12 -223.348 -82.0805 -223.348 -607.79
GPRESSURE: 38000 -679.361 -166.885 54.2858 -105.74 -871.045 -190.257 -192.817 -218.102 -736.376
PRESSAVG: 38000 -59.9074 13.0574 -18.4498 13.0574 -60.0526 28.5292 -18.4498 28.5292 -140.544
GPRESSAVG: 38000 -59.8638 12.834 -18.1977 14.1531 -59.821 27.9213 -17.8625 28.6839 -140.886
ENERGY:   38000      1565.2258      9052.3839      5663.4996        79.3889         -60972.7911     -1440.6636         0.0000         0.0000     18329.4817         -27723.4747       295.8342    -46052.9564    -27575.8134       294.4166           -781.7617      -762.2606    266327.7836       -86.8345       -86.8571

WRITING COORDINATES TO DCD FILE NVT.dcd AT STEP 38000
WRITING COORDINATES TO DCD FILE NVT.dcd AT STEP 38010
WRITING COORDINATES TO DCD FILE NVT.dcd AT STEP 38020
WRITING COORDINATES TO DCD FILE NVT.dcd AT STEP 38030
WRITING COORDINATES TO DCD FILE NVT.dcd AT STEP 38040
WRITING COORDINATES TO DCD FILE NVT.dcd AT STEP 38050
WRITING COORDINATES TO DCD FILE NVT.dcd AT STEP 38060
WRITING COORDINATES TO DCD FILE NVT.dcd AT STEP 38070
WRITING COORDINATES TO DCD FILE NVT.dcd AT STEP 38080
WRITING COORDINATES TO DCD FILE NVT.dcd AT STEP 38090
WRITING COORDINATES TO DCD FILE NVT.dcd AT STEP 38100
WRITING COORDINATES TO DCD FILE NVT.dcd AT STEP 38110
WRITING COORDINATES TO DCD FILE NVT.dcd AT STEP 38120
WRITING COORDINATES TO DCD FILE NVT.dcd AT STEP 38130
WRITING COORDINATES TO DCD FILE NVT.dcd AT STEP 38140
LDB: ============= START OF LOAD BALANCING ============== 6386.74
LDB: ============== END OF LOAD BALANCING =============== 6386.74
LDB: =============== DONE WITH MIGRATION ================ 6386.74
WRITING COORDINATES TO DCD FILE NVT.dcd AT STEP 38150
WRITING COORDINATES TO DCD FILE NVT.dcd AT STEP 38160
WRITING COORDINATES TO DCD FILE NVT.dcd AT STEP 38170
WRITING COORDINATES TO DCD FILE NVT.dcd AT STEP 38180
WRITING COORDINATES TO DCD FILE NVT.dcd AT STEP 38190
LDB: ============= START OF LOAD BALANCING ============== 6395.06
LDB: ============== END OF LOAD BALANCING =============== 6395.06
LDB: =============== DONE WITH MIGRATION ================ 6395.07
WRITING COORDINATES TO DCD FILE NVT.dcd AT STEP 38200
WRITING COORDINATES TO DCD FILE NVT.dcd AT STEP 38210
WRITING COORDINATES TO DCD FILE NVT.dcd AT STEP 38220
WRITING COORDINATES TO DCD FILE NVT.dcd AT STEP 38230
WRITING COORDINATES TO DCD FILE NVT.dcd AT STEP 38240
WRITING COORDINATES TO DCD FILE NVT.dcd AT STEP 38250
WRITING COORDINATES TO DCD FILE NVT.dcd AT STEP 38260
WRITING COORDINATES TO DCD FILE NVT.dcd AT STEP 38270
WRITING COORDINATES TO DCD FILE NVT.dcd AT STEP 38280
WRITING COORDINATES TO DCD FILE NVT.dcd AT STEP 38290
WRITING COORDINATES TO DCD FILE NVT.dcd AT STEP 38300
WRITING COORDINATES TO DCD FILE NVT.dcd AT STEP 38310
WRITING COORDINATES TO DCD FILE NVT.dcd AT STEP 38320
WRITING COORDINATES TO DCD FILE NVT.dcd AT STEP 38330
WRITING COORDINATES TO DCD FILE NVT.dcd AT STEP 38340
WRITING COORDINATES TO DCD FILE NVT.dcd AT STEP 38350
WRITING COORDINATES TO DCD FILE NVT.dcd AT STEP 38360
WRITING COORDINATES TO DCD FILE NVT.dcd AT STEP 38370
WRITING COORDINATES TO DCD FILE NVT.dcd AT STEP 38380
WRITING COORDINATES TO DCD FILE NVT.dcd AT STEP 38390
WRITING COORDINATES TO DCD FILE NVT.dcd AT STEP 38400
WRITING COORDINATES TO DCD FILE NVT.dcd AT STEP 38410
WRITING COORDINATES TO DCD FILE NVT.dcd AT STEP 38420
WRITING COORDINATES TO DCD FILE NVT.dcd AT STEP 38430
WRITING COORDINATES TO DCD FILE NVT.dcd AT STEP 38440
WRITING COORDINATES TO DCD FILE NVT.dcd AT STEP 38450
WRITING COORDINATES TO DCD FILE NVT.dcd AT STEP 38460
WRITING COORDINATES TO DCD FILE NVT.dcd AT STEP 38470
WRITING COORDINATES TO DCD FILE NVT.dcd AT STEP 38480
WRITING COORDINATES TO DCD FILE NVT.dcd AT STEP 38490
WRITING COORDINATES TO DCD FILE NVT.dcd AT STEP 38500
WRITING COORDINATES TO DCD FILE NVT.dcd AT STEP 38510
WRITING COORDINATES TO DCD FILE NVT.dcd AT STEP 38520
WRITING COORDINATES TO DCD FILE NVT.dcd AT STEP 38530
WRITING COORDINATES TO DCD FILE NVT.dcd AT STEP 38540
WRITING COORDINATES TO DCD FILE NVT.dcd AT STEP 38550
WRITING COORDINATES TO DCD FILE NVT.dcd AT STEP 38560
WRITING COORDINATES TO DCD FILE NVT.dcd AT STEP 38570
WRITING COORDINATES TO DCD FILE NVT.dcd AT STEP 38580
WRITING COORDINATES TO DCD FILE NVT.dcd AT STEP 38590
WRITING COORDINATES TO DCD FILE NVT.dcd AT STEP 38600
WRITING COORDINATES TO DCD FILE NVT.dcd AT STEP 38610
WRITING COORDINATES TO DCD FILE NVT.dcd AT STEP 38620
WRITING COORDINATES TO DCD FILE NVT.dcd AT STEP 38630
WRITING COORDINATES TO DCD FILE NVT.dcd AT STEP 38640
WRITING COORDINATES TO DCD FILE NVT.dcd AT STEP 38650
WRITING COORDINATES TO DCD FILE NVT.dcd AT STEP 38660
WRITING COORDINATES TO DCD FILE NVT.dcd AT STEP 38670
WRITING COORDINATES TO DCD FILE NVT.dcd AT STEP 38680
WRITING COORDINATES TO DCD FILE NVT.dcd AT STEP 38690
WRITING COORDINATES TO DCD FILE NVT.dcd AT STEP 38700
WRITING COORDINATES TO DCD FILE NVT.dcd AT STEP 38710
WRITING COORDINATES TO DCD FILE NVT.dcd AT STEP 38720
WRITING COORDINATES TO DCD FILE NVT.dcd AT STEP 38730
WRITING COORDINATES TO DCD FILE NVT.dcd AT STEP 38740
WRITING COORDINATES TO DCD FILE NVT.dcd AT STEP 38750
WRITING COORDINATES TO DCD FILE NVT.dcd AT STEP 38760
WRITING COORDINATES TO DCD FILE NVT.dcd AT STEP 38770
WRITING COORDINATES TO DCD FILE NVT.dcd AT STEP 38780
WRITING COORDINATES TO DCD FILE NVT.dcd AT STEP 38790
WRITING COORDINATES TO DCD FILE NVT.dcd AT STEP 38800
WRITING COORDINATES TO DCD FILE NVT.dcd AT STEP 38810
WRITING COORDINATES TO DCD FILE NVT.dcd AT STEP 38820
WRITING COORDINATES TO DCD FILE NVT.dcd AT STEP 38830
WRITING COORDINATES TO DCD FILE NVT.dcd AT STEP 38840
WRITING COORDINATES TO DCD FILE NVT.dcd AT STEP 38850
WRITING COORDINATES TO DCD FILE NVT.dcd AT STEP 38860
WRITING COORDINATES TO DCD FILE NVT.dcd AT STEP 38870
WRITING COORDINATES TO DCD FILE NVT.dcd AT STEP 38880
WRITING COORDINATES TO DCD FILE NVT.dcd AT STEP 38890
WRITING COORDINATES TO DCD FILE NVT.dcd AT STEP 38900
WRITING COORDINATES TO DCD FILE NVT.dcd AT STEP 38910
WRITING COORDINATES TO DCD FILE NVT.dcd AT STEP 38920
WRITING COORDINATES TO DCD FILE NVT.dcd AT STEP 38930
WRITING COORDINATES TO DCD FILE NVT.dcd AT STEP 38940
WRITING COORDINATES TO DCD FILE NVT.dcd AT STEP 38950
WRITING COORDINATES TO DCD FILE NVT.dcd AT STEP 38960
WRITING COORDINATES TO DCD FILE NVT.dcd AT STEP 38970
WRITING COORDINATES TO DCD FILE NVT.dcd AT STEP 38980
WRITING COORDINATES TO DCD FILE NVT.dcd AT STEP 38990
PRESSURE: 39000 429.265 -122.816 373.384 -122.816 94.2672 -189.947 373.384 -189.947 180.094
GPRESSURE: 39000 389.072 4.13433 381.569 113.244 164.372 -222.494 445.148 -54.7617 162.191
PRESSAVG: 39000 -151.487 32.6969 37.6337 32.6969 -154.001 39.5175 37.6337 39.5175 -9.65388
GPRESSAVG: 39000 -151.369 33.0075 37.2446 32.4817 -154.358 40.0349 37.641 40.112 -9.3249
ENERGY:   39000      1545.6353      9128.2754      5617.4272        78.2320         -61100.4797     -1233.1560         0.0000         0.0000     18309.8354         -27654.2303       295.5171    -45964.0657    -27499.9700       296.8559            234.5423       238.5448    266327.7836      -105.0473      -105.0173

WRITING COORDINATES TO DCD FILE NVT.dcd AT STEP 39000
WRITING COORDINATES TO DCD FILE NVT.dcd AT STEP 39010
WRITING COORDINATES TO DCD FILE NVT.dcd AT STEP 39020
WRITING COORDINATES TO DCD FILE NVT.dcd AT STEP 39030
WRITING COORDINATES TO DCD FILE NVT.dcd AT STEP 39040
WRITING COORDINATES TO DCD FILE NVT.dcd AT STEP 39050
WRITING COORDINATES TO DCD FILE NVT.dcd AT STEP 39060
WRITING COORDINATES TO DCD FILE NVT.dcd AT STEP 39070
WRITING COORDINATES TO DCD FILE NVT.dcd AT STEP 39080
WRITING COORDINATES TO DCD FILE NVT.dcd AT STEP 39090
WRITING COORDINATES TO DCD FILE NVT.dcd AT STEP 39100
WRITING COORDINATES TO DCD FILE NVT.dcd AT STEP 39110
WRITING COORDINATES TO DCD FILE NVT.dcd AT STEP 39120
WRITING COORDINATES TO DCD FILE NVT.dcd AT STEP 39130
WRITING COORDINATES TO DCD FILE NVT.dcd AT STEP 39140
WRITING COORDINATES TO DCD FILE NVT.dcd AT STEP 39150
WRITING COORDINATES TO DCD FILE NVT.dcd AT STEP 39160
WRITING COORDINATES TO DCD FILE NVT.dcd AT STEP 39170
WRITING COORDINATES TO DCD FILE NVT.dcd AT STEP 39180
WRITING COORDINATES TO DCD FILE NVT.dcd AT STEP 39190
WRITING COORDINATES TO DCD FILE NVT.dcd AT STEP 39200
WRITING COORDINATES TO DCD FILE NVT.dcd AT STEP 39210
WRITING COORDINATES TO DCD FILE NVT.dcd AT STEP 39220
WRITING COORDINATES TO DCD FILE NVT.dcd AT STEP 39230
WRITING COORDINATES TO DCD FILE NVT.dcd AT STEP 39240
WRITING COORDINATES TO DCD FILE NVT.dcd AT STEP 39250
WRITING COORDINATES TO DCD FILE NVT.dcd AT STEP 39260
WRITING COORDINATES TO DCD FILE NVT.dcd AT STEP 39270
WRITING COORDINATES TO DCD FILE NVT.dcd AT STEP 39280
WRITING COORDINATES TO DCD FILE NVT.dcd AT STEP 39290
WRITING COORDINATES TO DCD FILE NVT.dcd AT STEP 39300
WRITING COORDINATES TO DCD FILE NVT.dcd AT STEP 39310
WRITING COORDINATES TO DCD FILE NVT.dcd AT STEP 39320
WRITING COORDINATES TO DCD FILE NVT.dcd AT STEP 39330
WRITING COORDINATES TO DCD FILE NVT.dcd AT STEP 39340
WRITING COORDINATES TO DCD FILE NVT.dcd AT STEP 39350
WRITING COORDINATES TO DCD FILE NVT.dcd AT STEP 39360
WRITING COORDINATES TO DCD FILE NVT.dcd AT STEP 39370
WRITING COORDINATES TO DCD FILE NVT.dcd AT STEP 39380
WRITING COORDINATES TO DCD FILE NVT.dcd AT STEP 39390
WRITING COORDINATES TO DCD FILE NVT.dcd AT STEP 39400
WRITING COORDINATES TO DCD FILE NVT.dcd AT STEP 39410
WRITING COORDINATES TO DCD FILE NVT.dcd AT STEP 39420
WRITING COORDINATES TO DCD FILE NVT.dcd AT STEP 39430
WRITING COORDINATES TO DCD FILE NVT.dcd AT STEP 39440
WRITING COORDINATES TO DCD FILE NVT.dcd AT STEP 39450
WRITING COORDINATES TO DCD FILE NVT.dcd AT STEP 39460
WRITING COORDINATES TO DCD FILE NVT.dcd AT STEP 39470
WRITING COORDINATES TO DCD FILE NVT.dcd AT STEP 39480
WRITING COORDINATES TO DCD FILE NVT.dcd AT STEP 39490
WRITING COORDINATES TO DCD FILE NVT.dcd AT STEP 39500
WRITING COORDINATES TO DCD FILE NVT.dcd AT STEP 39510
WRITING COORDINATES TO DCD FILE NVT.dcd AT STEP 39520
WRITING COORDINATES TO DCD FILE NVT.dcd AT STEP 39530
WRITING COORDINATES TO DCD FILE NVT.dcd AT STEP 39540
WRITING COORDINATES TO DCD FILE NVT.dcd AT STEP 39550
WRITING COORDINATES TO DCD FILE NVT.dcd AT STEP 39560
WRITING COORDINATES TO DCD FILE NVT.dcd AT STEP 39570
WRITING COORDINATES TO DCD FILE NVT.dcd AT STEP 39580
WRITING COORDINATES TO DCD FILE NVT.dcd AT STEP 39590
WRITING COORDINATES TO DCD FILE NVT.dcd AT STEP 39600
WRITING COORDINATES TO DCD FILE NVT.dcd AT STEP 39610
WRITING COORDINATES TO DCD FILE NVT.dcd AT STEP 39620
WRITING COORDINATES TO DCD FILE NVT.dcd AT STEP 39630
WRITING COORDINATES TO DCD FILE NVT.dcd AT STEP 39640
WRITING COORDINATES TO DCD FILE NVT.dcd AT STEP 39650
WRITING COORDINATES TO DCD FILE NVT.dcd AT STEP 39660
WRITING COORDINATES TO DCD FILE NVT.dcd AT STEP 39670
WRITING COORDINATES TO DCD FILE NVT.dcd AT STEP 39680
WRITING COORDINATES TO DCD FILE NVT.dcd AT STEP 39690
WRITING COORDINATES TO DCD FILE NVT.dcd AT STEP 39700
WRITING COORDINATES TO DCD FILE NVT.dcd AT STEP 39710
WRITING COORDINATES TO DCD FILE NVT.dcd AT STEP 39720
WRITING COORDINATES TO DCD FILE NVT.dcd AT STEP 39730
WRITING COORDINATES TO DCD FILE NVT.dcd AT STEP 39740
WRITING COORDINATES TO DCD FILE NVT.dcd AT STEP 39750
WRITING COORDINATES TO DCD FILE NVT.dcd AT STEP 39760
WRITING COORDINATES TO DCD FILE NVT.dcd AT STEP 39770
WRITING COORDINATES TO DCD FILE NVT.dcd AT STEP 39780
WRITING COORDINATES TO DCD FILE NVT.dcd AT STEP 39790
WRITING COORDINATES TO DCD FILE NVT.dcd AT STEP 39800
WRITING COORDINATES TO DCD FILE NVT.dcd AT STEP 39810
WRITING COORDINATES TO DCD FILE NVT.dcd AT STEP 39820
WRITING COORDINATES TO DCD FILE NVT.dcd AT STEP 39830
WRITING COORDINATES TO DCD FILE NVT.dcd AT STEP 39840
WRITING COORDINATES TO DCD FILE NVT.dcd AT STEP 39850
WRITING COORDINATES TO DCD FILE NVT.dcd AT STEP 39860
WRITING COORDINATES TO DCD FILE NVT.dcd AT STEP 39870
WRITING COORDINATES TO DCD FILE NVT.dcd AT STEP 39880
WRITING COORDINATES TO DCD FILE NVT.dcd AT STEP 39890
WRITING COORDINATES TO DCD FILE NVT.dcd AT STEP 39900
WRITING COORDINATES TO DCD FILE NVT.dcd AT STEP 39910
WRITING COORDINATES TO DCD FILE NVT.dcd AT STEP 39920
WRITING COORDINATES TO DCD FILE NVT.dcd AT STEP 39930
WRITING COORDINATES TO DCD FILE NVT.dcd AT STEP 39940
WRITING COORDINATES TO DCD FILE NVT.dcd AT STEP 39950
WRITING COORDINATES TO DCD FILE NVT.dcd AT STEP 39960
WRITING COORDINATES TO DCD FILE NVT.dcd AT STEP 39970
WRITING COORDINATES TO DCD FILE NVT.dcd AT STEP 39980
WRITING COORDINATES TO DCD FILE NVT.dcd AT STEP 39990
PRESSURE: 40000 257.494 -142.712 35.1545 -142.712 -165.446 470.208 35.1545 470.208 86.2103
GPRESSURE: 40000 287.515 -146.575 -106.963 -43.7315 -246.327 584.275 109.949 309.027 198.267
PRESSAVG: 40000 -86.1314 1.73396 -25.6865 1.73396 -121.114 46.5459 -25.6865 46.5459 -97.5623
GPRESSAVG: 40000 -85.9457 1.92366 -25.486 1.01817 -121.496 46.4764 -26.1708 45.6492 -97.3037
TIMING: 40000  CPU: 6670.42, 0.167279/step  Wall: 6671.45, 0.167313/step, 0.464757 hours remaining, 856.964849 MB of memory in use.
PERFORMANCE: 40000  averaging 1.03612 ns/day, 0.166777 sec/step with standard deviation 0.000673532
ETITLE:      TS           BOND          ANGLE          DIHED          IMPRP               ELECT            VDW       BOUNDARY           MISC        KINETIC               TOTAL           TEMP      POTENTIAL         TOTAL3        TEMPAVG            PRESSURE      GPRESSURE         VOLUME       PRESSAVG      GPRESSAVG

ENERGY:   40000      1548.5921      9147.4406      5666.1028        79.1557         -61316.5217     -1135.9760         0.0000         0.0000     18211.1193         -27800.0871       293.9239    -46011.2063    -27657.2019       296.0791             59.4196        79.8185    266327.7836      -101.6025      -101.5819

WRITING EXTENDED SYSTEM TO RESTART FILE AT STEP 40000
WRITING COORDINATES TO DCD FILE NVT.dcd AT STEP 40000
WRITING COORDINATES TO RESTART FILE AT STEP 40000
FINISHED WRITING RESTART COORDINATES
WRITING VELOCITIES TO RESTART FILE AT STEP 40000
FINISHED WRITING RESTART VELOCITIES
WRITING COORDINATES TO DCD FILE NVT.dcd AT STEP 40010
WRITING COORDINATES TO DCD FILE NVT.dcd AT STEP 40020
WRITING COORDINATES TO DCD FILE NVT.dcd AT STEP 40030
WRITING COORDINATES TO DCD FILE NVT.dcd AT STEP 40040
WRITING COORDINATES TO DCD FILE NVT.dcd AT STEP 40050
WRITING COORDINATES TO DCD FILE NVT.dcd AT STEP 40060
WRITING COORDINATES TO DCD FILE NVT.dcd AT STEP 40070
WRITING COORDINATES TO DCD FILE NVT.dcd AT STEP 40080
WRITING COORDINATES TO DCD FILE NVT.dcd AT STEP 40090
WRITING COORDINATES TO DCD FILE NVT.dcd AT STEP 40100
WRITING COORDINATES TO DCD FILE NVT.dcd AT STEP 40110
WRITING COORDINATES TO DCD FILE NVT.dcd AT STEP 40120
WRITING COORDINATES TO DCD FILE NVT.dcd AT STEP 40130
WRITING COORDINATES TO DCD FILE NVT.dcd AT STEP 40140
LDB: ============= START OF LOAD BALANCING ============== 6721.33
LDB: ============== END OF LOAD BALANCING =============== 6721.33
LDB: =============== DONE WITH MIGRATION ================ 6721.33
WRITING COORDINATES TO DCD FILE NVT.dcd AT STEP 40150
WRITING COORDINATES TO DCD FILE NVT.dcd AT STEP 40160
WRITING COORDINATES TO DCD FILE NVT.dcd AT STEP 40170
WRITING COORDINATES TO DCD FILE NVT.dcd AT STEP 40180
WRITING COORDINATES TO DCD FILE NVT.dcd AT STEP 40190
LDB: ============= START OF LOAD BALANCING ============== 6729.64
LDB: ============== END OF LOAD BALANCING =============== 6729.64
LDB: =============== DONE WITH MIGRATION ================ 6729.64
WRITING COORDINATES TO DCD FILE NVT.dcd AT STEP 40200
WRITING COORDINATES TO DCD FILE NVT.dcd AT STEP 40210
WRITING COORDINATES TO DCD FILE NVT.dcd AT STEP 40220
WRITING COORDINATES TO DCD FILE NVT.dcd AT STEP 40230
WRITING COORDINATES TO DCD FILE NVT.dcd AT STEP 40240
WRITING COORDINATES TO DCD FILE NVT.dcd AT STEP 40250
WRITING COORDINATES TO DCD FILE NVT.dcd AT STEP 40260
WRITING COORDINATES TO DCD FILE NVT.dcd AT STEP 40270
WRITING COORDINATES TO DCD FILE NVT.dcd AT STEP 40280
WRITING COORDINATES TO DCD FILE NVT.dcd AT STEP 40290
WRITING COORDINATES TO DCD FILE NVT.dcd AT STEP 40300
WRITING COORDINATES TO DCD FILE NVT.dcd AT STEP 40310
WRITING COORDINATES TO DCD FILE NVT.dcd AT STEP 40320
WRITING COORDINATES TO DCD FILE NVT.dcd AT STEP 40330
WRITING COORDINATES TO DCD FILE NVT.dcd AT STEP 40340
WRITING COORDINATES TO DCD FILE NVT.dcd AT STEP 40350
WRITING COORDINATES TO DCD FILE NVT.dcd AT STEP 40360
WRITING COORDINATES TO DCD FILE NVT.dcd AT STEP 40370
WRITING COORDINATES TO DCD FILE NVT.dcd AT STEP 40380
WRITING COORDINATES TO DCD FILE NVT.dcd AT STEP 40390
WRITING COORDINATES TO DCD FILE NVT.dcd AT STEP 40400
WRITING COORDINATES TO DCD FILE NVT.dcd AT STEP 40410
WRITING COORDINATES TO DCD FILE NVT.dcd AT STEP 40420
WRITING COORDINATES TO DCD FILE NVT.dcd AT STEP 40430
WRITING COORDINATES TO DCD FILE NVT.dcd AT STEP 40440
WRITING COORDINATES TO DCD FILE NVT.dcd AT STEP 40450
WRITING COORDINATES TO DCD FILE NVT.dcd AT STEP 40460
WRITING COORDINATES TO DCD FILE NVT.dcd AT STEP 40470
WRITING COORDINATES TO DCD FILE NVT.dcd AT STEP 40480
WRITING COORDINATES TO DCD FILE NVT.dcd AT STEP 40490
WRITING COORDINATES TO DCD FILE NVT.dcd AT STEP 40500
WRITING COORDINATES TO DCD FILE NVT.dcd AT STEP 40510
WRITING COORDINATES TO DCD FILE NVT.dcd AT STEP 40520
WRITING COORDINATES TO DCD FILE NVT.dcd AT STEP 40530
WRITING COORDINATES TO DCD FILE NVT.dcd AT STEP 40540
WRITING COORDINATES TO DCD FILE NVT.dcd AT STEP 40550
WRITING COORDINATES TO DCD FILE NVT.dcd AT STEP 40560
WRITING COORDINATES TO DCD FILE NVT.dcd AT STEP 40570
WRITING COORDINATES TO DCD FILE NVT.dcd AT STEP 40580
WRITING COORDINATES TO DCD FILE NVT.dcd AT STEP 40590
WRITING COORDINATES TO DCD FILE NVT.dcd AT STEP 40600
WRITING COORDINATES TO DCD FILE NVT.dcd AT STEP 40610
WRITING COORDINATES TO DCD FILE NVT.dcd AT STEP 40620
WRITING COORDINATES TO DCD FILE NVT.dcd AT STEP 40630
WRITING COORDINATES TO DCD FILE NVT.dcd AT STEP 40640
WRITING COORDINATES TO DCD FILE NVT.dcd AT STEP 40650
WRITING COORDINATES TO DCD FILE NVT.dcd AT STEP 40660
WRITING COORDINATES TO DCD FILE NVT.dcd AT STEP 40670
WRITING COORDINATES TO DCD FILE NVT.dcd AT STEP 40680
WRITING COORDINATES TO DCD FILE NVT.dcd AT STEP 40690
WRITING COORDINATES TO DCD FILE NVT.dcd AT STEP 40700
WRITING COORDINATES TO DCD FILE NVT.dcd AT STEP 40710
WRITING COORDINATES TO DCD FILE NVT.dcd AT STEP 40720
WRITING COORDINATES TO DCD FILE NVT.dcd AT STEP 40730
WRITING COORDINATES TO DCD FILE NVT.dcd AT STEP 40740
WRITING COORDINATES TO DCD FILE NVT.dcd AT STEP 40750
WRITING COORDINATES TO DCD FILE NVT.dcd AT STEP 40760
WRITING COORDINATES TO DCD FILE NVT.dcd AT STEP 40770
WRITING COORDINATES TO DCD FILE NVT.dcd AT STEP 40780
WRITING COORDINATES TO DCD FILE NVT.dcd AT STEP 40790
WRITING COORDINATES TO DCD FILE NVT.dcd AT STEP 40800
WRITING COORDINATES TO DCD FILE NVT.dcd AT STEP 40810
WRITING COORDINATES TO DCD FILE NVT.dcd AT STEP 40820
WRITING COORDINATES TO DCD FILE NVT.dcd AT STEP 40830
WRITING COORDINATES TO DCD FILE NVT.dcd AT STEP 40840
WRITING COORDINATES TO DCD FILE NVT.dcd AT STEP 40850
WRITING COORDINATES TO DCD FILE NVT.dcd AT STEP 40860
WRITING COORDINATES TO DCD FILE NVT.dcd AT STEP 40870
WRITING COORDINATES TO DCD FILE NVT.dcd AT STEP 40880
WRITING COORDINATES TO DCD FILE NVT.dcd AT STEP 40890
WRITING COORDINATES TO DCD FILE NVT.dcd AT STEP 40900
WRITING COORDINATES TO DCD FILE NVT.dcd AT STEP 40910
WRITING COORDINATES TO DCD FILE NVT.dcd AT STEP 40920
WRITING COORDINATES TO DCD FILE NVT.dcd AT STEP 40930
WRITING COORDINATES TO DCD FILE NVT.dcd AT STEP 40940
WRITING COORDINATES TO DCD FILE NVT.dcd AT STEP 40950
WRITING COORDINATES TO DCD FILE NVT.dcd AT STEP 40960
WRITING COORDINATES TO DCD FILE NVT.dcd AT STEP 40970
WRITING COORDINATES TO DCD FILE NVT.dcd AT STEP 40980
WRITING COORDINATES TO DCD FILE NVT.dcd AT STEP 40990
PRESSURE: 41000 -348.183 -120.179 250.952 -120.179 -654.518 -273.873 250.952 -273.873 -208.117
GPRESSURE: 41000 -321.416 -68.8929 293.614 -168.588 -626.198 -315.761 119.248 -342.429 -219.176
PRESSAVG: 41000 -116.978 10.5565 -49.1023 10.5565 -123.635 8.28348 -49.1023 8.28348 -114.789
GPRESSAVG: 41000 -117.156 10.5566 -49.0727 11.3274 -123.452 8.4528 -49.0842 8.68775 -114.907
ENERGY:   41000      1580.0469      9022.0595      5639.1202        71.6849         -61014.7641     -1427.8463         0.0000         0.0000     18376.9058         -27752.7932       296.5996    -46129.6990    -27611.1236       295.9943           -403.6060      -388.9300    266327.7836      -118.4675      -118.5052

WRITING COORDINATES TO DCD FILE NVT.dcd AT STEP 41000
WRITING COORDINATES TO DCD FILE NVT.dcd AT STEP 41010
WRITING COORDINATES TO DCD FILE NVT.dcd AT STEP 41020
WRITING COORDINATES TO DCD FILE NVT.dcd AT STEP 41030
WRITING COORDINATES TO DCD FILE NVT.dcd AT STEP 41040
WRITING COORDINATES TO DCD FILE NVT.dcd AT STEP 41050
WRITING COORDINATES TO DCD FILE NVT.dcd AT STEP 41060
WRITING COORDINATES TO DCD FILE NVT.dcd AT STEP 41070
WRITING COORDINATES TO DCD FILE NVT.dcd AT STEP 41080
WRITING COORDINATES TO DCD FILE NVT.dcd AT STEP 41090
WRITING COORDINATES TO DCD FILE NVT.dcd AT STEP 41100
WRITING COORDINATES TO DCD FILE NVT.dcd AT STEP 41110
WRITING COORDINATES TO DCD FILE NVT.dcd AT STEP 41120
WRITING COORDINATES TO DCD FILE NVT.dcd AT STEP 41130
WRITING COORDINATES TO DCD FILE NVT.dcd AT STEP 41140
WRITING COORDINATES TO DCD FILE NVT.dcd AT STEP 41150
WRITING COORDINATES TO DCD FILE NVT.dcd AT STEP 41160
WRITING COORDINATES TO DCD FILE NVT.dcd AT STEP 41170
WRITING COORDINATES TO DCD FILE NVT.dcd AT STEP 41180
WRITING COORDINATES TO DCD FILE NVT.dcd AT STEP 41190
WRITING COORDINATES TO DCD FILE NVT.dcd AT STEP 41200
WRITING COORDINATES TO DCD FILE NVT.dcd AT STEP 41210
WRITING COORDINATES TO DCD FILE NVT.dcd AT STEP 41220
WRITING COORDINATES TO DCD FILE NVT.dcd AT STEP 41230
WRITING COORDINATES TO DCD FILE NVT.dcd AT STEP 41240
WRITING COORDINATES TO DCD FILE NVT.dcd AT STEP 41250
WRITING COORDINATES TO DCD FILE NVT.dcd AT STEP 41260
WRITING COORDINATES TO DCD FILE NVT.dcd AT STEP 41270
WRITING COORDINATES TO DCD FILE NVT.dcd AT STEP 41280
WRITING COORDINATES TO DCD FILE NVT.dcd AT STEP 41290
WRITING COORDINATES TO DCD FILE NVT.dcd AT STEP 41300
WRITING COORDINATES TO DCD FILE NVT.dcd AT STEP 41310
WRITING COORDINATES TO DCD FILE NVT.dcd AT STEP 41320
WRITING COORDINATES TO DCD FILE NVT.dcd AT STEP 41330
WRITING COORDINATES TO DCD FILE NVT.dcd AT STEP 41340
WRITING COORDINATES TO DCD FILE NVT.dcd AT STEP 41350
WRITING COORDINATES TO DCD FILE NVT.dcd AT STEP 41360
WRITING COORDINATES TO DCD FILE NVT.dcd AT STEP 41370
WRITING COORDINATES TO DCD FILE NVT.dcd AT STEP 41380
WRITING COORDINATES TO DCD FILE NVT.dcd AT STEP 41390
WRITING COORDINATES TO DCD FILE NVT.dcd AT STEP 41400
WRITING COORDINATES TO DCD FILE NVT.dcd AT STEP 41410
WRITING COORDINATES TO DCD FILE NVT.dcd AT STEP 41420
WRITING COORDINATES TO DCD FILE NVT.dcd AT STEP 41430
WRITING COORDINATES TO DCD FILE NVT.dcd AT STEP 41440
WRITING COORDINATES TO DCD FILE NVT.dcd AT STEP 41450
WRITING COORDINATES TO DCD FILE NVT.dcd AT STEP 41460
WRITING COORDINATES TO DCD FILE NVT.dcd AT STEP 41470
WRITING COORDINATES TO DCD FILE NVT.dcd AT STEP 41480
WRITING COORDINATES TO DCD FILE NVT.dcd AT STEP 41490
WRITING COORDINATES TO DCD FILE NVT.dcd AT STEP 41500
WRITING COORDINATES TO DCD FILE NVT.dcd AT STEP 41510
WRITING COORDINATES TO DCD FILE NVT.dcd AT STEP 41520
WRITING COORDINATES TO DCD FILE NVT.dcd AT STEP 41530
WRITING COORDINATES TO DCD FILE NVT.dcd AT STEP 41540
WRITING COORDINATES TO DCD FILE NVT.dcd AT STEP 41550
WRITING COORDINATES TO DCD FILE NVT.dcd AT STEP 41560
WRITING COORDINATES TO DCD FILE NVT.dcd AT STEP 41570
WRITING COORDINATES TO DCD FILE NVT.dcd AT STEP 41580
WRITING COORDINATES TO DCD FILE NVT.dcd AT STEP 41590
WRITING COORDINATES TO DCD FILE NVT.dcd AT STEP 41600
WRITING COORDINATES TO DCD FILE NVT.dcd AT STEP 41610
WRITING COORDINATES TO DCD FILE NVT.dcd AT STEP 41620
WRITING COORDINATES TO DCD FILE NVT.dcd AT STEP 41630
WRITING COORDINATES TO DCD FILE NVT.dcd AT STEP 41640
WRITING COORDINATES TO DCD FILE NVT.dcd AT STEP 41650
WRITING COORDINATES TO DCD FILE NVT.dcd AT STEP 41660
WRITING COORDINATES TO DCD FILE NVT.dcd AT STEP 41670
WRITING COORDINATES TO DCD FILE NVT.dcd AT STEP 41680
WRITING COORDINATES TO DCD FILE NVT.dcd AT STEP 41690
WRITING COORDINATES TO DCD FILE NVT.dcd AT STEP 41700
WRITING COORDINATES TO DCD FILE NVT.dcd AT STEP 41710
WRITING COORDINATES TO DCD FILE NVT.dcd AT STEP 41720
WRITING COORDINATES TO DCD FILE NVT.dcd AT STEP 41730
WRITING COORDINATES TO DCD FILE NVT.dcd AT STEP 41740
WRITING COORDINATES TO DCD FILE NVT.dcd AT STEP 41750
WRITING COORDINATES TO DCD FILE NVT.dcd AT STEP 41760
WRITING COORDINATES TO DCD FILE NVT.dcd AT STEP 41770
WRITING COORDINATES TO DCD FILE NVT.dcd AT STEP 41780
WRITING COORDINATES TO DCD FILE NVT.dcd AT STEP 41790
WRITING COORDINATES TO DCD FILE NVT.dcd AT STEP 41800
WRITING COORDINATES TO DCD FILE NVT.dcd AT STEP 41810
WRITING COORDINATES TO DCD FILE NVT.dcd AT STEP 41820
WRITING COORDINATES TO DCD FILE NVT.dcd AT STEP 41830
WRITING COORDINATES TO DCD FILE NVT.dcd AT STEP 41840
WRITING COORDINATES TO DCD FILE NVT.dcd AT STEP 41850
WRITING COORDINATES TO DCD FILE NVT.dcd AT STEP 41860
WRITING COORDINATES TO DCD FILE NVT.dcd AT STEP 41870
WRITING COORDINATES TO DCD FILE NVT.dcd AT STEP 41880
WRITING COORDINATES TO DCD FILE NVT.dcd AT STEP 41890
WRITING COORDINATES TO DCD FILE NVT.dcd AT STEP 41900
WRITING COORDINATES TO DCD FILE NVT.dcd AT STEP 41910
WRITING COORDINATES TO DCD FILE NVT.dcd AT STEP 41920
WRITING COORDINATES TO DCD FILE NVT.dcd AT STEP 41930
WRITING COORDINATES TO DCD FILE NVT.dcd AT STEP 41940
WRITING COORDINATES TO DCD FILE NVT.dcd AT STEP 41950
WRITING COORDINATES TO DCD FILE NVT.dcd AT STEP 41960
WRITING COORDINATES TO DCD FILE NVT.dcd AT STEP 41970
WRITING COORDINATES TO DCD FILE NVT.dcd AT STEP 41980
WRITING COORDINATES TO DCD FILE NVT.dcd AT STEP 41990
PRESSURE: 42000 -418.23 30.489 71.1455 30.489 -574.142 -438.444 71.1455 -438.444 -750.827
GPRESSURE: 42000 -322.941 -93.1247 147.52 19.5383 -483.698 -447.021 69.1862 -232.468 -856.442
PRESSAVG: 42000 -164.991 42.9878 -10.8467 42.9878 -108.609 16.1205 -10.8467 16.1205 -68.7006
GPRESSAVG: 42000 -164.995 42.4284 -10.5801 43.4153 -108.19 15.3596 -11.4725 16.3908 -68.7741
ENERGY:   42000      1520.7263      9104.2849      5634.3243        64.5468         -61211.8830     -1175.7194         0.0000         0.0000     18275.8739         -27787.8462       294.9690    -46063.7201    -27648.1411       294.8718           -581.0667      -554.3606    266327.7836      -114.1003      -113.9861

WRITING COORDINATES TO DCD FILE NVT.dcd AT STEP 42000
WRITING COORDINATES TO DCD FILE NVT.dcd AT STEP 42010
WRITING COORDINATES TO DCD FILE NVT.dcd AT STEP 42020
WRITING COORDINATES TO DCD FILE NVT.dcd AT STEP 42030
WRITING COORDINATES TO DCD FILE NVT.dcd AT STEP 42040
WRITING COORDINATES TO DCD FILE NVT.dcd AT STEP 42050
WRITING COORDINATES TO DCD FILE NVT.dcd AT STEP 42060
WRITING COORDINATES TO DCD FILE NVT.dcd AT STEP 42070
WRITING COORDINATES TO DCD FILE NVT.dcd AT STEP 42080
WRITING COORDINATES TO DCD FILE NVT.dcd AT STEP 42090
WRITING COORDINATES TO DCD FILE NVT.dcd AT STEP 42100
WRITING COORDINATES TO DCD FILE NVT.dcd AT STEP 42110
WRITING COORDINATES TO DCD FILE NVT.dcd AT STEP 42120
WRITING COORDINATES TO DCD FILE NVT.dcd AT STEP 42130
WRITING COORDINATES TO DCD FILE NVT.dcd AT STEP 42140
LDB: ============= START OF LOAD BALANCING ============== 7056.05
LDB: ============== END OF LOAD BALANCING =============== 7056.05
LDB: =============== DONE WITH MIGRATION ================ 7056.05
WRITING COORDINATES TO DCD FILE NVT.dcd AT STEP 42150
WRITING COORDINATES TO DCD FILE NVT.dcd AT STEP 42160
WRITING COORDINATES TO DCD FILE NVT.dcd AT STEP 42170
WRITING COORDINATES TO DCD FILE NVT.dcd AT STEP 42180
WRITING COORDINATES TO DCD FILE NVT.dcd AT STEP 42190
LDB: ============= START OF LOAD BALANCING ============== 7064.37
LDB: ============== END OF LOAD BALANCING =============== 7064.37
LDB: =============== DONE WITH MIGRATION ================ 7064.37
WRITING COORDINATES TO DCD FILE NVT.dcd AT STEP 42200
WRITING COORDINATES TO DCD FILE NVT.dcd AT STEP 42210
WRITING COORDINATES TO DCD FILE NVT.dcd AT STEP 42220
WRITING COORDINATES TO DCD FILE NVT.dcd AT STEP 42230
WRITING COORDINATES TO DCD FILE NVT.dcd AT STEP 42240
WRITING COORDINATES TO DCD FILE NVT.dcd AT STEP 42250
WRITING COORDINATES TO DCD FILE NVT.dcd AT STEP 42260
WRITING COORDINATES TO DCD FILE NVT.dcd AT STEP 42270
WRITING COORDINATES TO DCD FILE NVT.dcd AT STEP 42280
WRITING COORDINATES TO DCD FILE NVT.dcd AT STEP 42290
WRITING COORDINATES TO DCD FILE NVT.dcd AT STEP 42300
WRITING COORDINATES TO DCD FILE NVT.dcd AT STEP 42310
WRITING COORDINATES TO DCD FILE NVT.dcd AT STEP 42320
WRITING COORDINATES TO DCD FILE NVT.dcd AT STEP 42330
WRITING COORDINATES TO DCD FILE NVT.dcd AT STEP 42340
WRITING COORDINATES TO DCD FILE NVT.dcd AT STEP 42350
WRITING COORDINATES TO DCD FILE NVT.dcd AT STEP 42360
WRITING COORDINATES TO DCD FILE NVT.dcd AT STEP 42370
WRITING COORDINATES TO DCD FILE NVT.dcd AT STEP 42380
WRITING COORDINATES TO DCD FILE NVT.dcd AT STEP 42390
WRITING COORDINATES TO DCD FILE NVT.dcd AT STEP 42400
WRITING COORDINATES TO DCD FILE NVT.dcd AT STEP 42410
WRITING COORDINATES TO DCD FILE NVT.dcd AT STEP 42420
WRITING COORDINATES TO DCD FILE NVT.dcd AT STEP 42430
WRITING COORDINATES TO DCD FILE NVT.dcd AT STEP 42440
WRITING COORDINATES TO DCD FILE NVT.dcd AT STEP 42450
WRITING COORDINATES TO DCD FILE NVT.dcd AT STEP 42460
WRITING COORDINATES TO DCD FILE NVT.dcd AT STEP 42470
WRITING COORDINATES TO DCD FILE NVT.dcd AT STEP 42480
WRITING COORDINATES TO DCD FILE NVT.dcd AT STEP 42490
WRITING COORDINATES TO DCD FILE NVT.dcd AT STEP 42500
WRITING COORDINATES TO DCD FILE NVT.dcd AT STEP 42510
WRITING COORDINATES TO DCD FILE NVT.dcd AT STEP 42520
WRITING COORDINATES TO DCD FILE NVT.dcd AT STEP 42530
WRITING COORDINATES TO DCD FILE NVT.dcd AT STEP 42540
WRITING COORDINATES TO DCD FILE NVT.dcd AT STEP 42550
WRITING COORDINATES TO DCD FILE NVT.dcd AT STEP 42560
WRITING COORDINATES TO DCD FILE NVT.dcd AT STEP 42570
WRITING COORDINATES TO DCD FILE NVT.dcd AT STEP 42580
WRITING COORDINATES TO DCD FILE NVT.dcd AT STEP 42590
WRITING COORDINATES TO DCD FILE NVT.dcd AT STEP 42600
WRITING COORDINATES TO DCD FILE NVT.dcd AT STEP 42610
WRITING COORDINATES TO DCD FILE NVT.dcd AT STEP 42620
WRITING COORDINATES TO DCD FILE NVT.dcd AT STEP 42630
WRITING COORDINATES TO DCD FILE NVT.dcd AT STEP 42640
WRITING COORDINATES TO DCD FILE NVT.dcd AT STEP 42650
WRITING COORDINATES TO DCD FILE NVT.dcd AT STEP 42660
WRITING COORDINATES TO DCD FILE NVT.dcd AT STEP 42670
WRITING COORDINATES TO DCD FILE NVT.dcd AT STEP 42680
WRITING COORDINATES TO DCD FILE NVT.dcd AT STEP 42690
WRITING COORDINATES TO DCD FILE NVT.dcd AT STEP 42700
WRITING COORDINATES TO DCD FILE NVT.dcd AT STEP 42710
WRITING COORDINATES TO DCD FILE NVT.dcd AT STEP 42720
WRITING COORDINATES TO DCD FILE NVT.dcd AT STEP 42730
WRITING COORDINATES TO DCD FILE NVT.dcd AT STEP 42740
WRITING COORDINATES TO DCD FILE NVT.dcd AT STEP 42750
WRITING COORDINATES TO DCD FILE NVT.dcd AT STEP 42760
WRITING COORDINATES TO DCD FILE NVT.dcd AT STEP 42770
WRITING COORDINATES TO DCD FILE NVT.dcd AT STEP 42780
WRITING COORDINATES TO DCD FILE NVT.dcd AT STEP 42790
WRITING COORDINATES TO DCD FILE NVT.dcd AT STEP 42800
WRITING COORDINATES TO DCD FILE NVT.dcd AT STEP 42810
WRITING COORDINATES TO DCD FILE NVT.dcd AT STEP 42820
WRITING COORDINATES TO DCD FILE NVT.dcd AT STEP 42830
WRITING COORDINATES TO DCD FILE NVT.dcd AT STEP 42840
WRITING COORDINATES TO DCD FILE NVT.dcd AT STEP 42850
WRITING COORDINATES TO DCD FILE NVT.dcd AT STEP 42860
WRITING COORDINATES TO DCD FILE NVT.dcd AT STEP 42870
WRITING COORDINATES TO DCD FILE NVT.dcd AT STEP 42880
WRITING COORDINATES TO DCD FILE NVT.dcd AT STEP 42890
WRITING COORDINATES TO DCD FILE NVT.dcd AT STEP 42900
WRITING COORDINATES TO DCD FILE NVT.dcd AT STEP 42910
WRITING COORDINATES TO DCD FILE NVT.dcd AT STEP 42920
WRITING COORDINATES TO DCD FILE NVT.dcd AT STEP 42930
WRITING COORDINATES TO DCD FILE NVT.dcd AT STEP 42940
WRITING COORDINATES TO DCD FILE NVT.dcd AT STEP 42950
WRITING COORDINATES TO DCD FILE NVT.dcd AT STEP 42960
WRITING COORDINATES TO DCD FILE NVT.dcd AT STEP 42970
WRITING COORDINATES TO DCD FILE NVT.dcd AT STEP 42980
WRITING COORDINATES TO DCD FILE NVT.dcd AT STEP 42990
PRESSURE: 43000 -752.059 276.566 -348.982 276.566 -508.167 443.483 -348.982 443.483 -702.115
GPRESSURE: 43000 -557.891 239.106 -251.835 337.712 -617.196 661.693 -239.93 787.891 -718.298
PRESSAVG: 43000 -70.141 57.1334 24.7585 57.1334 -105.125 -4.03579 24.7585 -4.03579 -64.9736
GPRESSAVG: 43000 -70.427 57.763 24.4214 56.392 -105.129 -3.60101 25.4138 -4.40593 -64.7482
ENERGY:   43000      1571.9782      9066.2884      5676.5265        71.7590         -61184.7016     -1287.0635         0.0000         0.0000     18424.7996         -27660.4134       297.3726    -46085.2130    -27515.0677       295.3452           -654.1135      -631.1282    266327.7836       -80.0799       -80.1013

WRITING COORDINATES TO DCD FILE NVT.dcd AT STEP 43000
WRITING COORDINATES TO DCD FILE NVT.dcd AT STEP 43010
WRITING COORDINATES TO DCD FILE NVT.dcd AT STEP 43020
WRITING COORDINATES TO DCD FILE NVT.dcd AT STEP 43030
WRITING COORDINATES TO DCD FILE NVT.dcd AT STEP 43040
WRITING COORDINATES TO DCD FILE NVT.dcd AT STEP 43050
WRITING COORDINATES TO DCD FILE NVT.dcd AT STEP 43060
WRITING COORDINATES TO DCD FILE NVT.dcd AT STEP 43070
WRITING COORDINATES TO DCD FILE NVT.dcd AT STEP 43080
WRITING COORDINATES TO DCD FILE NVT.dcd AT STEP 43090
WRITING COORDINATES TO DCD FILE NVT.dcd AT STEP 43100
WRITING COORDINATES TO DCD FILE NVT.dcd AT STEP 43110
WRITING COORDINATES TO DCD FILE NVT.dcd AT STEP 43120
WRITING COORDINATES TO DCD FILE NVT.dcd AT STEP 43130
WRITING COORDINATES TO DCD FILE NVT.dcd AT STEP 43140
WRITING COORDINATES TO DCD FILE NVT.dcd AT STEP 43150
WRITING COORDINATES TO DCD FILE NVT.dcd AT STEP 43160
WRITING COORDINATES TO DCD FILE NVT.dcd AT STEP 43170
WRITING COORDINATES TO DCD FILE NVT.dcd AT STEP 43180
WRITING COORDINATES TO DCD FILE NVT.dcd AT STEP 43190
WRITING COORDINATES TO DCD FILE NVT.dcd AT STEP 43200
WRITING COORDINATES TO DCD FILE NVT.dcd AT STEP 43210
WRITING COORDINATES TO DCD FILE NVT.dcd AT STEP 43220
WRITING COORDINATES TO DCD FILE NVT.dcd AT STEP 43230
WRITING COORDINATES TO DCD FILE NVT.dcd AT STEP 43240
WRITING COORDINATES TO DCD FILE NVT.dcd AT STEP 43250
WRITING COORDINATES TO DCD FILE NVT.dcd AT STEP 43260
WRITING COORDINATES TO DCD FILE NVT.dcd AT STEP 43270
WRITING COORDINATES TO DCD FILE NVT.dcd AT STEP 43280
WRITING COORDINATES TO DCD FILE NVT.dcd AT STEP 43290
WRITING COORDINATES TO DCD FILE NVT.dcd AT STEP 43300
WRITING COORDINATES TO DCD FILE NVT.dcd AT STEP 43310
WRITING COORDINATES TO DCD FILE NVT.dcd AT STEP 43320
WRITING COORDINATES TO DCD FILE NVT.dcd AT STEP 43330
WRITING COORDINATES TO DCD FILE NVT.dcd AT STEP 43340
WRITING COORDINATES TO DCD FILE NVT.dcd AT STEP 43350
WRITING COORDINATES TO DCD FILE NVT.dcd AT STEP 43360
WRITING COORDINATES TO DCD FILE NVT.dcd AT STEP 43370
WRITING COORDINATES TO DCD FILE NVT.dcd AT STEP 43380
WRITING COORDINATES TO DCD FILE NVT.dcd AT STEP 43390
WRITING COORDINATES TO DCD FILE NVT.dcd AT STEP 43400
WRITING COORDINATES TO DCD FILE NVT.dcd AT STEP 43410
WRITING COORDINATES TO DCD FILE NVT.dcd AT STEP 43420
WRITING COORDINATES TO DCD FILE NVT.dcd AT STEP 43430
WRITING COORDINATES TO DCD FILE NVT.dcd AT STEP 43440
WRITING COORDINATES TO DCD FILE NVT.dcd AT STEP 43450
WRITING COORDINATES TO DCD FILE NVT.dcd AT STEP 43460
WRITING COORDINATES TO DCD FILE NVT.dcd AT STEP 43470
WRITING COORDINATES TO DCD FILE NVT.dcd AT STEP 43480
WRITING COORDINATES TO DCD FILE NVT.dcd AT STEP 43490
WRITING COORDINATES TO DCD FILE NVT.dcd AT STEP 43500
WRITING COORDINATES TO DCD FILE NVT.dcd AT STEP 43510
WRITING COORDINATES TO DCD FILE NVT.dcd AT STEP 43520
WRITING COORDINATES TO DCD FILE NVT.dcd AT STEP 43530
WRITING COORDINATES TO DCD FILE NVT.dcd AT STEP 43540
WRITING COORDINATES TO DCD FILE NVT.dcd AT STEP 43550
WRITING COORDINATES TO DCD FILE NVT.dcd AT STEP 43560
WRITING COORDINATES TO DCD FILE NVT.dcd AT STEP 43570
WRITING COORDINATES TO DCD FILE NVT.dcd AT STEP 43580
WRITING COORDINATES TO DCD FILE NVT.dcd AT STEP 43590
WRITING COORDINATES TO DCD FILE NVT.dcd AT STEP 43600
WRITING COORDINATES TO DCD FILE NVT.dcd AT STEP 43610
WRITING COORDINATES TO DCD FILE NVT.dcd AT STEP 43620
WRITING COORDINATES TO DCD FILE NVT.dcd AT STEP 43630
WRITING COORDINATES TO DCD FILE NVT.dcd AT STEP 43640
WRITING COORDINATES TO DCD FILE NVT.dcd AT STEP 43650
WRITING COORDINATES TO DCD FILE NVT.dcd AT STEP 43660
WRITING COORDINATES TO DCD FILE NVT.dcd AT STEP 43670
WRITING COORDINATES TO DCD FILE NVT.dcd AT STEP 43680
WRITING COORDINATES TO DCD FILE NVT.dcd AT STEP 43690
WRITING COORDINATES TO DCD FILE NVT.dcd AT STEP 43700
WRITING COORDINATES TO DCD FILE NVT.dcd AT STEP 43710
WRITING COORDINATES TO DCD FILE NVT.dcd AT STEP 43720
WRITING COORDINATES TO DCD FILE NVT.dcd AT STEP 43730
WRITING COORDINATES TO DCD FILE NVT.dcd AT STEP 43740
WRITING COORDINATES TO DCD FILE NVT.dcd AT STEP 43750
WRITING COORDINATES TO DCD FILE NVT.dcd AT STEP 43760
WRITING COORDINATES TO DCD FILE NVT.dcd AT STEP 43770
WRITING COORDINATES TO DCD FILE NVT.dcd AT STEP 43780
WRITING COORDINATES TO DCD FILE NVT.dcd AT STEP 43790
WRITING COORDINATES TO DCD FILE NVT.dcd AT STEP 43800
WRITING COORDINATES TO DCD FILE NVT.dcd AT STEP 43810
WRITING COORDINATES TO DCD FILE NVT.dcd AT STEP 43820
WRITING COORDINATES TO DCD FILE NVT.dcd AT STEP 43830
WRITING COORDINATES TO DCD FILE NVT.dcd AT STEP 43840
WRITING COORDINATES TO DCD FILE NVT.dcd AT STEP 43850
WRITING COORDINATES TO DCD FILE NVT.dcd AT STEP 43860
WRITING COORDINATES TO DCD FILE NVT.dcd AT STEP 43870
WRITING COORDINATES TO DCD FILE NVT.dcd AT STEP 43880
WRITING COORDINATES TO DCD FILE NVT.dcd AT STEP 43890
WRITING COORDINATES TO DCD FILE NVT.dcd AT STEP 43900
WRITING COORDINATES TO DCD FILE NVT.dcd AT STEP 43910
WRITING COORDINATES TO DCD FILE NVT.dcd AT STEP 43920
WRITING COORDINATES TO DCD FILE NVT.dcd AT STEP 43930
WRITING COORDINATES TO DCD FILE NVT.dcd AT STEP 43940
WRITING COORDINATES TO DCD FILE NVT.dcd AT STEP 43950
WRITING COORDINATES TO DCD FILE NVT.dcd AT STEP 43960
WRITING COORDINATES TO DCD FILE NVT.dcd AT STEP 43970
WRITING COORDINATES TO DCD FILE NVT.dcd AT STEP 43980
WRITING COORDINATES TO DCD FILE NVT.dcd AT STEP 43990
PRESSURE: 44000 -462.359 56.4029 278.908 56.4029 -403.398 420.272 278.908 420.272 261.691
GPRESSURE: 44000 -413.89 -11.9335 145.51 138.749 -382.919 318.3 446.727 313.951 245.183
PRESSAVG: 44000 -162.818 8.01343 31.076 8.01343 -88.9709 38.7827 31.076 38.7827 -32.8977
GPRESSAVG: 44000 -162.649 7.74442 31.2599 8.21962 -88.9796 38.9922 31.3277 39.5545 -33.1072
ENERGY:   44000      1540.3955      9185.8166      5642.4632        70.3063         -61101.1873     -1258.4082         0.0000         0.0000     18254.8749         -27665.7390       294.6301    -45920.6139    -27523.3539       297.0557           -201.3555      -183.8756    266327.7836       -94.8954       -94.9121

WRITING COORDINATES TO DCD FILE NVT.dcd AT STEP 44000
WRITING COORDINATES TO DCD FILE NVT.dcd AT STEP 44010
WRITING COORDINATES TO DCD FILE NVT.dcd AT STEP 44020
WRITING COORDINATES TO DCD FILE NVT.dcd AT STEP 44030
WRITING COORDINATES TO DCD FILE NVT.dcd AT STEP 44040
WRITING COORDINATES TO DCD FILE NVT.dcd AT STEP 44050
WRITING COORDINATES TO DCD FILE NVT.dcd AT STEP 44060
WRITING COORDINATES TO DCD FILE NVT.dcd AT STEP 44070
WRITING COORDINATES TO DCD FILE NVT.dcd AT STEP 44080
WRITING COORDINATES TO DCD FILE NVT.dcd AT STEP 44090
WRITING COORDINATES TO DCD FILE NVT.dcd AT STEP 44100
WRITING COORDINATES TO DCD FILE NVT.dcd AT STEP 44110
WRITING COORDINATES TO DCD FILE NVT.dcd AT STEP 44120
WRITING COORDINATES TO DCD FILE NVT.dcd AT STEP 44130
WRITING COORDINATES TO DCD FILE NVT.dcd AT STEP 44140
LDB: ============= START OF LOAD BALANCING ============== 7390.6
LDB: ============== END OF LOAD BALANCING =============== 7390.6
LDB: =============== DONE WITH MIGRATION ================ 7390.6
WRITING COORDINATES TO DCD FILE NVT.dcd AT STEP 44150
WRITING COORDINATES TO DCD FILE NVT.dcd AT STEP 44160
WRITING COORDINATES TO DCD FILE NVT.dcd AT STEP 44170
WRITING COORDINATES TO DCD FILE NVT.dcd AT STEP 44180
WRITING COORDINATES TO DCD FILE NVT.dcd AT STEP 44190
LDB: ============= START OF LOAD BALANCING ============== 7399.05
LDB: ============== END OF LOAD BALANCING =============== 7399.05
LDB: =============== DONE WITH MIGRATION ================ 7399.05
WRITING COORDINATES TO DCD FILE NVT.dcd AT STEP 44200
WRITING COORDINATES TO DCD FILE NVT.dcd AT STEP 44210
WRITING COORDINATES TO DCD FILE NVT.dcd AT STEP 44220
WRITING COORDINATES TO DCD FILE NVT.dcd AT STEP 44230
WRITING COORDINATES TO DCD FILE NVT.dcd AT STEP 44240
WRITING COORDINATES TO DCD FILE NVT.dcd AT STEP 44250
WRITING COORDINATES TO DCD FILE NVT.dcd AT STEP 44260
WRITING COORDINATES TO DCD FILE NVT.dcd AT STEP 44270
WRITING COORDINATES TO DCD FILE NVT.dcd AT STEP 44280
WRITING COORDINATES TO DCD FILE NVT.dcd AT STEP 44290
WRITING COORDINATES TO DCD FILE NVT.dcd AT STEP 44300
WRITING COORDINATES TO DCD FILE NVT.dcd AT STEP 44310
WRITING COORDINATES TO DCD FILE NVT.dcd AT STEP 44320
WRITING COORDINATES TO DCD FILE NVT.dcd AT STEP 44330
WRITING COORDINATES TO DCD FILE NVT.dcd AT STEP 44340
WRITING COORDINATES TO DCD FILE NVT.dcd AT STEP 44350
WRITING COORDINATES TO DCD FILE NVT.dcd AT STEP 44360
WRITING COORDINATES TO DCD FILE NVT.dcd AT STEP 44370
WRITING COORDINATES TO DCD FILE NVT.dcd AT STEP 44380
WRITING COORDINATES TO DCD FILE NVT.dcd AT STEP 44390
WRITING COORDINATES TO DCD FILE NVT.dcd AT STEP 44400
WRITING COORDINATES TO DCD FILE NVT.dcd AT STEP 44410
WRITING COORDINATES TO DCD FILE NVT.dcd AT STEP 44420
WRITING COORDINATES TO DCD FILE NVT.dcd AT STEP 44430
WRITING COORDINATES TO DCD FILE NVT.dcd AT STEP 44440
WRITING COORDINATES TO DCD FILE NVT.dcd AT STEP 44450
WRITING COORDINATES TO DCD FILE NVT.dcd AT STEP 44460
WRITING COORDINATES TO DCD FILE NVT.dcd AT STEP 44470
WRITING COORDINATES TO DCD FILE NVT.dcd AT STEP 44480
WRITING COORDINATES TO DCD FILE NVT.dcd AT STEP 44490
WRITING COORDINATES TO DCD FILE NVT.dcd AT STEP 44500
WRITING COORDINATES TO DCD FILE NVT.dcd AT STEP 44510
WRITING COORDINATES TO DCD FILE NVT.dcd AT STEP 44520
WRITING COORDINATES TO DCD FILE NVT.dcd AT STEP 44530
WRITING COORDINATES TO DCD FILE NVT.dcd AT STEP 44540
WRITING COORDINATES TO DCD FILE NVT.dcd AT STEP 44550
WRITING COORDINATES TO DCD FILE NVT.dcd AT STEP 44560
WRITING COORDINATES TO DCD FILE NVT.dcd AT STEP 44570
WRITING COORDINATES TO DCD FILE NVT.dcd AT STEP 44580
WRITING COORDINATES TO DCD FILE NVT.dcd AT STEP 44590
WRITING COORDINATES TO DCD FILE NVT.dcd AT STEP 44600
WRITING COORDINATES TO DCD FILE NVT.dcd AT STEP 44610
WRITING COORDINATES TO DCD FILE NVT.dcd AT STEP 44620
WRITING COORDINATES TO DCD FILE NVT.dcd AT STEP 44630
WRITING COORDINATES TO DCD FILE NVT.dcd AT STEP 44640
WRITING COORDINATES TO DCD FILE NVT.dcd AT STEP 44650
WRITING COORDINATES TO DCD FILE NVT.dcd AT STEP 44660
WRITING COORDINATES TO DCD FILE NVT.dcd AT STEP 44670
WRITING COORDINATES TO DCD FILE NVT.dcd AT STEP 44680
WRITING COORDINATES TO DCD FILE NVT.dcd AT STEP 44690
WRITING COORDINATES TO DCD FILE NVT.dcd AT STEP 44700
WRITING COORDINATES TO DCD FILE NVT.dcd AT STEP 44710
WRITING COORDINATES TO DCD FILE NVT.dcd AT STEP 44720
WRITING COORDINATES TO DCD FILE NVT.dcd AT STEP 44730
WRITING COORDINATES TO DCD FILE NVT.dcd AT STEP 44740
WRITING COORDINATES TO DCD FILE NVT.dcd AT STEP 44750
WRITING COORDINATES TO DCD FILE NVT.dcd AT STEP 44760
WRITING COORDINATES TO DCD FILE NVT.dcd AT STEP 44770
WRITING COORDINATES TO DCD FILE NVT.dcd AT STEP 44780
WRITING COORDINATES TO DCD FILE NVT.dcd AT STEP 44790
WRITING COORDINATES TO DCD FILE NVT.dcd AT STEP 44800
WRITING COORDINATES TO DCD FILE NVT.dcd AT STEP 44810
WRITING COORDINATES TO DCD FILE NVT.dcd AT STEP 44820
WRITING COORDINATES TO DCD FILE NVT.dcd AT STEP 44830
WRITING COORDINATES TO DCD FILE NVT.dcd AT STEP 44840
WRITING COORDINATES TO DCD FILE NVT.dcd AT STEP 44850
WRITING COORDINATES TO DCD FILE NVT.dcd AT STEP 44860
WRITING COORDINATES TO DCD FILE NVT.dcd AT STEP 44870
WRITING COORDINATES TO DCD FILE NVT.dcd AT STEP 44880
WRITING COORDINATES TO DCD FILE NVT.dcd AT STEP 44890
WRITING COORDINATES TO DCD FILE NVT.dcd AT STEP 44900
WRITING COORDINATES TO DCD FILE NVT.dcd AT STEP 44910
WRITING COORDINATES TO DCD FILE NVT.dcd AT STEP 44920
WRITING COORDINATES TO DCD FILE NVT.dcd AT STEP 44930
WRITING COORDINATES TO DCD FILE NVT.dcd AT STEP 44940
WRITING COORDINATES TO DCD FILE NVT.dcd AT STEP 44950
WRITING COORDINATES TO DCD FILE NVT.dcd AT STEP 44960
WRITING COORDINATES TO DCD FILE NVT.dcd AT STEP 44970
WRITING COORDINATES TO DCD FILE NVT.dcd AT STEP 44980
WRITING COORDINATES TO DCD FILE NVT.dcd AT STEP 44990
PRESSURE: 45000 511.188 -49.7963 434.39 -49.7963 -293.776 67.729 434.39 67.729 150.101
GPRESSURE: 45000 274.949 -70.2804 566.771 -32.0553 37.6148 69.5655 376.714 155.89 107.354
PRESSAVG: 45000 -142.2 20.1971 42.1752 20.1971 -116.293 -5.73724 42.1752 -5.73724 -79.8612
GPRESSAVG: 45000 -142.195 20.474 42.0149 20.4183 -116.479 -5.8637 42.1847 -5.43685 -79.9741
ENERGY:   45000      1550.0868      9059.2658      5682.8239        75.0201         -61068.2548     -1164.1355         0.0000         0.0000     18398.5616         -27466.6322       296.9491    -45865.1937    -27328.5215       297.4307            122.5042       139.9723    266327.7836      -112.7847      -112.8826

WRITING EXTENDED SYSTEM TO RESTART FILE AT STEP 45000
WRITING COORDINATES TO DCD FILE NVT.dcd AT STEP 45000
WRITING COORDINATES TO RESTART FILE AT STEP 45000
FINISHED WRITING RESTART COORDINATES
WRITING VELOCITIES TO RESTART FILE AT STEP 45000
FINISHED WRITING RESTART VELOCITIES
WRITING COORDINATES TO DCD FILE NVT.dcd AT STEP 45010
WRITING COORDINATES TO DCD FILE NVT.dcd AT STEP 45020
WRITING COORDINATES TO DCD FILE NVT.dcd AT STEP 45030
WRITING COORDINATES TO DCD FILE NVT.dcd AT STEP 45040
WRITING COORDINATES TO DCD FILE NVT.dcd AT STEP 45050
WRITING COORDINATES TO DCD FILE NVT.dcd AT STEP 45060
WRITING COORDINATES TO DCD FILE NVT.dcd AT STEP 45070
WRITING COORDINATES TO DCD FILE NVT.dcd AT STEP 45080
WRITING COORDINATES TO DCD FILE NVT.dcd AT STEP 45090
WRITING COORDINATES TO DCD FILE NVT.dcd AT STEP 45100
WRITING COORDINATES TO DCD FILE NVT.dcd AT STEP 45110
WRITING COORDINATES TO DCD FILE NVT.dcd AT STEP 45120
WRITING COORDINATES TO DCD FILE NVT.dcd AT STEP 45130
WRITING COORDINATES TO DCD FILE NVT.dcd AT STEP 45140
WRITING COORDINATES TO DCD FILE NVT.dcd AT STEP 45150
WRITING COORDINATES TO DCD FILE NVT.dcd AT STEP 45160
WRITING COORDINATES TO DCD FILE NVT.dcd AT STEP 45170
WRITING COORDINATES TO DCD FILE NVT.dcd AT STEP 45180
WRITING COORDINATES TO DCD FILE NVT.dcd AT STEP 45190
WRITING COORDINATES TO DCD FILE NVT.dcd AT STEP 45200
WRITING COORDINATES TO DCD FILE NVT.dcd AT STEP 45210
WRITING COORDINATES TO DCD FILE NVT.dcd AT STEP 45220
WRITING COORDINATES TO DCD FILE NVT.dcd AT STEP 45230
WRITING COORDINATES TO DCD FILE NVT.dcd AT STEP 45240
WRITING COORDINATES TO DCD FILE NVT.dcd AT STEP 45250
WRITING COORDINATES TO DCD FILE NVT.dcd AT STEP 45260
WRITING COORDINATES TO DCD FILE NVT.dcd AT STEP 45270
WRITING COORDINATES TO DCD FILE NVT.dcd AT STEP 45280
WRITING COORDINATES TO DCD FILE NVT.dcd AT STEP 45290
WRITING COORDINATES TO DCD FILE NVT.dcd AT STEP 45300
WRITING COORDINATES TO DCD FILE NVT.dcd AT STEP 45310
WRITING COORDINATES TO DCD FILE NVT.dcd AT STEP 45320
WRITING COORDINATES TO DCD FILE NVT.dcd AT STEP 45330
WRITING COORDINATES TO DCD FILE NVT.dcd AT STEP 45340
WRITING COORDINATES TO DCD FILE NVT.dcd AT STEP 45350
WRITING COORDINATES TO DCD FILE NVT.dcd AT STEP 45360
WRITING COORDINATES TO DCD FILE NVT.dcd AT STEP 45370
WRITING COORDINATES TO DCD FILE NVT.dcd AT STEP 45380
WRITING COORDINATES TO DCD FILE NVT.dcd AT STEP 45390
WRITING COORDINATES TO DCD FILE NVT.dcd AT STEP 45400
WRITING COORDINATES TO DCD FILE NVT.dcd AT STEP 45410
WRITING COORDINATES TO DCD FILE NVT.dcd AT STEP 45420
WRITING COORDINATES TO DCD FILE NVT.dcd AT STEP 45430
WRITING COORDINATES TO DCD FILE NVT.dcd AT STEP 45440
WRITING COORDINATES TO DCD FILE NVT.dcd AT STEP 45450
WRITING COORDINATES TO DCD FILE NVT.dcd AT STEP 45460
WRITING COORDINATES TO DCD FILE NVT.dcd AT STEP 45470
WRITING COORDINATES TO DCD FILE NVT.dcd AT STEP 45480
WRITING COORDINATES TO DCD FILE NVT.dcd AT STEP 45490
WRITING COORDINATES TO DCD FILE NVT.dcd AT STEP 45500
WRITING COORDINATES TO DCD FILE NVT.dcd AT STEP 45510
WRITING COORDINATES TO DCD FILE NVT.dcd AT STEP 45520
WRITING COORDINATES TO DCD FILE NVT.dcd AT STEP 45530
WRITING COORDINATES TO DCD FILE NVT.dcd AT STEP 45540
WRITING COORDINATES TO DCD FILE NVT.dcd AT STEP 45550
WRITING COORDINATES TO DCD FILE NVT.dcd AT STEP 45560
WRITING COORDINATES TO DCD FILE NVT.dcd AT STEP 45570
WRITING COORDINATES TO DCD FILE NVT.dcd AT STEP 45580
WRITING COORDINATES TO DCD FILE NVT.dcd AT STEP 45590
WRITING COORDINATES TO DCD FILE NVT.dcd AT STEP 45600
WRITING COORDINATES TO DCD FILE NVT.dcd AT STEP 45610
WRITING COORDINATES TO DCD FILE NVT.dcd AT STEP 45620
WRITING COORDINATES TO DCD FILE NVT.dcd AT STEP 45630
WRITING COORDINATES TO DCD FILE NVT.dcd AT STEP 45640
WRITING COORDINATES TO DCD FILE NVT.dcd AT STEP 45650
WRITING COORDINATES TO DCD FILE NVT.dcd AT STEP 45660
WRITING COORDINATES TO DCD FILE NVT.dcd AT STEP 45670
WRITING COORDINATES TO DCD FILE NVT.dcd AT STEP 45680
WRITING COORDINATES TO DCD FILE NVT.dcd AT STEP 45690
WRITING COORDINATES TO DCD FILE NVT.dcd AT STEP 45700
WRITING COORDINATES TO DCD FILE NVT.dcd AT STEP 45710
WRITING COORDINATES TO DCD FILE NVT.dcd AT STEP 45720
WRITING COORDINATES TO DCD FILE NVT.dcd AT STEP 45730
WRITING COORDINATES TO DCD FILE NVT.dcd AT STEP 45740
WRITING COORDINATES TO DCD FILE NVT.dcd AT STEP 45750
WRITING COORDINATES TO DCD FILE NVT.dcd AT STEP 45760
WRITING COORDINATES TO DCD FILE NVT.dcd AT STEP 45770
WRITING COORDINATES TO DCD FILE NVT.dcd AT STEP 45780
WRITING COORDINATES TO DCD FILE NVT.dcd AT STEP 45790
WRITING COORDINATES TO DCD FILE NVT.dcd AT STEP 45800
WRITING COORDINATES TO DCD FILE NVT.dcd AT STEP 45810
WRITING COORDINATES TO DCD FILE NVT.dcd AT STEP 45820
WRITING COORDINATES TO DCD FILE NVT.dcd AT STEP 45830
WRITING COORDINATES TO DCD FILE NVT.dcd AT STEP 45840
WRITING COORDINATES TO DCD FILE NVT.dcd AT STEP 45850
WRITING COORDINATES TO DCD FILE NVT.dcd AT STEP 45860
WRITING COORDINATES TO DCD FILE NVT.dcd AT STEP 45870
WRITING COORDINATES TO DCD FILE NVT.dcd AT STEP 45880
WRITING COORDINATES TO DCD FILE NVT.dcd AT STEP 45890
WRITING COORDINATES TO DCD FILE NVT.dcd AT STEP 45900
WRITING COORDINATES TO DCD FILE NVT.dcd AT STEP 45910
WRITING COORDINATES TO DCD FILE NVT.dcd AT STEP 45920
WRITING COORDINATES TO DCD FILE NVT.dcd AT STEP 45930
WRITING COORDINATES TO DCD FILE NVT.dcd AT STEP 45940
WRITING COORDINATES TO DCD FILE NVT.dcd AT STEP 45950
WRITING COORDINATES TO DCD FILE NVT.dcd AT STEP 45960
WRITING COORDINATES TO DCD FILE NVT.dcd AT STEP 45970
WRITING COORDINATES TO DCD FILE NVT.dcd AT STEP 45980
WRITING COORDINATES TO DCD FILE NVT.dcd AT STEP 45990
PRESSURE: 46000 -358.187 -247.802 248.354 -247.802 -533.137 73.3636 248.354 73.3636 195.802
GPRESSURE: 46000 -366.569 -174.717 336.344 -27.3624 -411.977 128.074 315.471 47.5535 126.324
PRESSAVG: 46000 -234.688 -1.43654 29.9761 -1.43654 -89.0462 61.5193 29.9761 61.5193 -21.105
GPRESSAVG: 46000 -234.26 -1.4552 30.3005 -2.08625 -89.125 61.6235 30.3463 60.8064 -21.3139
ENERGY:   46000      1567.4829      9078.6051      5628.6333        71.0743         -61172.5397     -1228.6957         0.0000         0.0000     18393.9658         -27661.4740       296.8750    -46055.4398    -27514.9699       296.7210           -231.8407      -217.4072    266327.7836      -114.9465      -114.8995

WRITING COORDINATES TO DCD FILE NVT.dcd AT STEP 46000
WRITING COORDINATES TO DCD FILE NVT.dcd AT STEP 46010
WRITING COORDINATES TO DCD FILE NVT.dcd AT STEP 46020
WRITING COORDINATES TO DCD FILE NVT.dcd AT STEP 46030
WRITING COORDINATES TO DCD FILE NVT.dcd AT STEP 46040
WRITING COORDINATES TO DCD FILE NVT.dcd AT STEP 46050
WRITING COORDINATES TO DCD FILE NVT.dcd AT STEP 46060
WRITING COORDINATES TO DCD FILE NVT.dcd AT STEP 46070
WRITING COORDINATES TO DCD FILE NVT.dcd AT STEP 46080
WRITING COORDINATES TO DCD FILE NVT.dcd AT STEP 46090
WRITING COORDINATES TO DCD FILE NVT.dcd AT STEP 46100
WRITING COORDINATES TO DCD FILE NVT.dcd AT STEP 46110
WRITING COORDINATES TO DCD FILE NVT.dcd AT STEP 46120
WRITING COORDINATES TO DCD FILE NVT.dcd AT STEP 46130
WRITING COORDINATES TO DCD FILE NVT.dcd AT STEP 46140
LDB: ============= START OF LOAD BALANCING ============== 7725.2
LDB: ============== END OF LOAD BALANCING =============== 7725.2
LDB: =============== DONE WITH MIGRATION ================ 7725.2
WRITING COORDINATES TO DCD FILE NVT.dcd AT STEP 46150
WRITING COORDINATES TO DCD FILE NVT.dcd AT STEP 46160
WRITING COORDINATES TO DCD FILE NVT.dcd AT STEP 46170
WRITING COORDINATES TO DCD FILE NVT.dcd AT STEP 46180
WRITING COORDINATES TO DCD FILE NVT.dcd AT STEP 46190
LDB: ============= START OF LOAD BALANCING ============== 7733.54
LDB: ============== END OF LOAD BALANCING =============== 7733.54
LDB: =============== DONE WITH MIGRATION ================ 7733.54
WRITING COORDINATES TO DCD FILE NVT.dcd AT STEP 46200
WRITING COORDINATES TO DCD FILE NVT.dcd AT STEP 46210
WRITING COORDINATES TO DCD FILE NVT.dcd AT STEP 46220
WRITING COORDINATES TO DCD FILE NVT.dcd AT STEP 46230
WRITING COORDINATES TO DCD FILE NVT.dcd AT STEP 46240
WRITING COORDINATES TO DCD FILE NVT.dcd AT STEP 46250
WRITING COORDINATES TO DCD FILE NVT.dcd AT STEP 46260
WRITING COORDINATES TO DCD FILE NVT.dcd AT STEP 46270
WRITING COORDINATES TO DCD FILE NVT.dcd AT STEP 46280
WRITING COORDINATES TO DCD FILE NVT.dcd AT STEP 46290
WRITING COORDINATES TO DCD FILE NVT.dcd AT STEP 46300
WRITING COORDINATES TO DCD FILE NVT.dcd AT STEP 46310
WRITING COORDINATES TO DCD FILE NVT.dcd AT STEP 46320
WRITING COORDINATES TO DCD FILE NVT.dcd AT STEP 46330
WRITING COORDINATES TO DCD FILE NVT.dcd AT STEP 46340
WRITING COORDINATES TO DCD FILE NVT.dcd AT STEP 46350
WRITING COORDINATES TO DCD FILE NVT.dcd AT STEP 46360
WRITING COORDINATES TO DCD FILE NVT.dcd AT STEP 46370
WRITING COORDINATES TO DCD FILE NVT.dcd AT STEP 46380
WRITING COORDINATES TO DCD FILE NVT.dcd AT STEP 46390
WRITING COORDINATES TO DCD FILE NVT.dcd AT STEP 46400
WRITING COORDINATES TO DCD FILE NVT.dcd AT STEP 46410
WRITING COORDINATES TO DCD FILE NVT.dcd AT STEP 46420
WRITING COORDINATES TO DCD FILE NVT.dcd AT STEP 46430
WRITING COORDINATES TO DCD FILE NVT.dcd AT STEP 46440
WRITING COORDINATES TO DCD FILE NVT.dcd AT STEP 46450
WRITING COORDINATES TO DCD FILE NVT.dcd AT STEP 46460
WRITING COORDINATES TO DCD FILE NVT.dcd AT STEP 46470
WRITING COORDINATES TO DCD FILE NVT.dcd AT STEP 46480
WRITING COORDINATES TO DCD FILE NVT.dcd AT STEP 46490
WRITING COORDINATES TO DCD FILE NVT.dcd AT STEP 46500
WRITING COORDINATES TO DCD FILE NVT.dcd AT STEP 46510
WRITING COORDINATES TO DCD FILE NVT.dcd AT STEP 46520
WRITING COORDINATES TO DCD FILE NVT.dcd AT STEP 46530
WRITING COORDINATES TO DCD FILE NVT.dcd AT STEP 46540
WRITING COORDINATES TO DCD FILE NVT.dcd AT STEP 46550
WRITING COORDINATES TO DCD FILE NVT.dcd AT STEP 46560
WRITING COORDINATES TO DCD FILE NVT.dcd AT STEP 46570
WRITING COORDINATES TO DCD FILE NVT.dcd AT STEP 46580
WRITING COORDINATES TO DCD FILE NVT.dcd AT STEP 46590
WRITING COORDINATES TO DCD FILE NVT.dcd AT STEP 46600
WRITING COORDINATES TO DCD FILE NVT.dcd AT STEP 46610
WRITING COORDINATES TO DCD FILE NVT.dcd AT STEP 46620
WRITING COORDINATES TO DCD FILE NVT.dcd AT STEP 46630
WRITING COORDINATES TO DCD FILE NVT.dcd AT STEP 46640
WRITING COORDINATES TO DCD FILE NVT.dcd AT STEP 46650
WRITING COORDINATES TO DCD FILE NVT.dcd AT STEP 46660
WRITING COORDINATES TO DCD FILE NVT.dcd AT STEP 46670
WRITING COORDINATES TO DCD FILE NVT.dcd AT STEP 46680
WRITING COORDINATES TO DCD FILE NVT.dcd AT STEP 46690
WRITING COORDINATES TO DCD FILE NVT.dcd AT STEP 46700
WRITING COORDINATES TO DCD FILE NVT.dcd AT STEP 46710
WRITING COORDINATES TO DCD FILE NVT.dcd AT STEP 46720
WRITING COORDINATES TO DCD FILE NVT.dcd AT STEP 46730
WRITING COORDINATES TO DCD FILE NVT.dcd AT STEP 46740
WRITING COORDINATES TO DCD FILE NVT.dcd AT STEP 46750
WRITING COORDINATES TO DCD FILE NVT.dcd AT STEP 46760
WRITING COORDINATES TO DCD FILE NVT.dcd AT STEP 46770
WRITING COORDINATES TO DCD FILE NVT.dcd AT STEP 46780
WRITING COORDINATES TO DCD FILE NVT.dcd AT STEP 46790
WRITING COORDINATES TO DCD FILE NVT.dcd AT STEP 46800
WRITING COORDINATES TO DCD FILE NVT.dcd AT STEP 46810
WRITING COORDINATES TO DCD FILE NVT.dcd AT STEP 46820
WRITING COORDINATES TO DCD FILE NVT.dcd AT STEP 46830
WRITING COORDINATES TO DCD FILE NVT.dcd AT STEP 46840
WRITING COORDINATES TO DCD FILE NVT.dcd AT STEP 46850
WRITING COORDINATES TO DCD FILE NVT.dcd AT STEP 46860
WRITING COORDINATES TO DCD FILE NVT.dcd AT STEP 46870
WRITING COORDINATES TO DCD FILE NVT.dcd AT STEP 46880
WRITING COORDINATES TO DCD FILE NVT.dcd AT STEP 46890
WRITING COORDINATES TO DCD FILE NVT.dcd AT STEP 46900
WRITING COORDINATES TO DCD FILE NVT.dcd AT STEP 46910
WRITING COORDINATES TO DCD FILE NVT.dcd AT STEP 46920
WRITING COORDINATES TO DCD FILE NVT.dcd AT STEP 46930
WRITING COORDINATES TO DCD FILE NVT.dcd AT STEP 46940
WRITING COORDINATES TO DCD FILE NVT.dcd AT STEP 46950
WRITING COORDINATES TO DCD FILE NVT.dcd AT STEP 46960
WRITING COORDINATES TO DCD FILE NVT.dcd AT STEP 46970
WRITING COORDINATES TO DCD FILE NVT.dcd AT STEP 46980
WRITING COORDINATES TO DCD FILE NVT.dcd AT STEP 46990
PRESSURE: 47000 -95.2877 -107.205 93.3858 -107.205 -416.413 395.352 93.3858 395.352 203.112
GPRESSURE: 47000 21.7289 -185.411 103.562 6.0328 -363.487 287.831 155.012 464.76 91.3052
PRESSAVG: 47000 -204.573 51.0763 -24.5391 51.0763 -144.968 -42.73 -24.5391 -42.73 -80.7355
GPRESSAVG: 47000 -204.518 51.8612 -24.7102 50.6329 -144.963 -43.038 -24.2302 -42.6895 -80.8442
ENERGY:   47000      1535.2130      9042.0471      5579.7993        78.8624         -61165.7649     -1161.6020         0.0000         0.0000     18363.9465         -27727.4987       296.3905    -46091.4452    -27579.6674       295.7749           -102.8629       -83.4845    266327.7836      -143.4257      -143.4418

WRITING COORDINATES TO DCD FILE NVT.dcd AT STEP 47000
WRITING COORDINATES TO DCD FILE NVT.dcd AT STEP 47010
WRITING COORDINATES TO DCD FILE NVT.dcd AT STEP 47020
WRITING COORDINATES TO DCD FILE NVT.dcd AT STEP 47030
WRITING COORDINATES TO DCD FILE NVT.dcd AT STEP 47040
WRITING COORDINATES TO DCD FILE NVT.dcd AT STEP 47050
WRITING COORDINATES TO DCD FILE NVT.dcd AT STEP 47060
WRITING COORDINATES TO DCD FILE NVT.dcd AT STEP 47070
WRITING COORDINATES TO DCD FILE NVT.dcd AT STEP 47080
WRITING COORDINATES TO DCD FILE NVT.dcd AT STEP 47090
WRITING COORDINATES TO DCD FILE NVT.dcd AT STEP 47100
WRITING COORDINATES TO DCD FILE NVT.dcd AT STEP 47110
WRITING COORDINATES TO DCD FILE NVT.dcd AT STEP 47120
WRITING COORDINATES TO DCD FILE NVT.dcd AT STEP 47130
WRITING COORDINATES TO DCD FILE NVT.dcd AT STEP 47140
WRITING COORDINATES TO DCD FILE NVT.dcd AT STEP 47150
WRITING COORDINATES TO DCD FILE NVT.dcd AT STEP 47160
WRITING COORDINATES TO DCD FILE NVT.dcd AT STEP 47170
WRITING COORDINATES TO DCD FILE NVT.dcd AT STEP 47180
WRITING COORDINATES TO DCD FILE NVT.dcd AT STEP 47190
WRITING COORDINATES TO DCD FILE NVT.dcd AT STEP 47200
WRITING COORDINATES TO DCD FILE NVT.dcd AT STEP 47210
WRITING COORDINATES TO DCD FILE NVT.dcd AT STEP 47220
WRITING COORDINATES TO DCD FILE NVT.dcd AT STEP 47230
WRITING COORDINATES TO DCD FILE NVT.dcd AT STEP 47240
WRITING COORDINATES TO DCD FILE NVT.dcd AT STEP 47250
WRITING COORDINATES TO DCD FILE NVT.dcd AT STEP 47260
WRITING COORDINATES TO DCD FILE NVT.dcd AT STEP 47270
WRITING COORDINATES TO DCD FILE NVT.dcd AT STEP 47280
WRITING COORDINATES TO DCD FILE NVT.dcd AT STEP 47290
WRITING COORDINATES TO DCD FILE NVT.dcd AT STEP 47300
WRITING COORDINATES TO DCD FILE NVT.dcd AT STEP 47310
WRITING COORDINATES TO DCD FILE NVT.dcd AT STEP 47320
WRITING COORDINATES TO DCD FILE NVT.dcd AT STEP 47330
WRITING COORDINATES TO DCD FILE NVT.dcd AT STEP 47340
WRITING COORDINATES TO DCD FILE NVT.dcd AT STEP 47350
WRITING COORDINATES TO DCD FILE NVT.dcd AT STEP 47360
WRITING COORDINATES TO DCD FILE NVT.dcd AT STEP 47370
WRITING COORDINATES TO DCD FILE NVT.dcd AT STEP 47380
WRITING COORDINATES TO DCD FILE NVT.dcd AT STEP 47390
WRITING COORDINATES TO DCD FILE NVT.dcd AT STEP 47400
WRITING COORDINATES TO DCD FILE NVT.dcd AT STEP 47410
WRITING COORDINATES TO DCD FILE NVT.dcd AT STEP 47420
WRITING COORDINATES TO DCD FILE NVT.dcd AT STEP 47430
WRITING COORDINATES TO DCD FILE NVT.dcd AT STEP 47440
WRITING COORDINATES TO DCD FILE NVT.dcd AT STEP 47450
WRITING COORDINATES TO DCD FILE NVT.dcd AT STEP 47460
WRITING COORDINATES TO DCD FILE NVT.dcd AT STEP 47470
WRITING COORDINATES TO DCD FILE NVT.dcd AT STEP 47480
WRITING COORDINATES TO DCD FILE NVT.dcd AT STEP 47490
WRITING COORDINATES TO DCD FILE NVT.dcd AT STEP 47500
WRITING COORDINATES TO DCD FILE NVT.dcd AT STEP 47510
WRITING COORDINATES TO DCD FILE NVT.dcd AT STEP 47520
WRITING COORDINATES TO DCD FILE NVT.dcd AT STEP 47530
WRITING COORDINATES TO DCD FILE NVT.dcd AT STEP 47540
WRITING COORDINATES TO DCD FILE NVT.dcd AT STEP 47550
WRITING COORDINATES TO DCD FILE NVT.dcd AT STEP 47560
WRITING COORDINATES TO DCD FILE NVT.dcd AT STEP 47570
WRITING COORDINATES TO DCD FILE NVT.dcd AT STEP 47580
WRITING COORDINATES TO DCD FILE NVT.dcd AT STEP 47590
WRITING COORDINATES TO DCD FILE NVT.dcd AT STEP 47600
WRITING COORDINATES TO DCD FILE NVT.dcd AT STEP 47610
WRITING COORDINATES TO DCD FILE NVT.dcd AT STEP 47620
WRITING COORDINATES TO DCD FILE NVT.dcd AT STEP 47630
WRITING COORDINATES TO DCD FILE NVT.dcd AT STEP 47640
WRITING COORDINATES TO DCD FILE NVT.dcd AT STEP 47650
WRITING COORDINATES TO DCD FILE NVT.dcd AT STEP 47660
WRITING COORDINATES TO DCD FILE NVT.dcd AT STEP 47670
WRITING COORDINATES TO DCD FILE NVT.dcd AT STEP 47680
WRITING COORDINATES TO DCD FILE NVT.dcd AT STEP 47690
WRITING COORDINATES TO DCD FILE NVT.dcd AT STEP 47700
WRITING COORDINATES TO DCD FILE NVT.dcd AT STEP 47710
WRITING COORDINATES TO DCD FILE NVT.dcd AT STEP 47720
WRITING COORDINATES TO DCD FILE NVT.dcd AT STEP 47730
WRITING COORDINATES TO DCD FILE NVT.dcd AT STEP 47740
WRITING COORDINATES TO DCD FILE NVT.dcd AT STEP 47750
WRITING COORDINATES TO DCD FILE NVT.dcd AT STEP 47760
WRITING COORDINATES TO DCD FILE NVT.dcd AT STEP 47770
WRITING COORDINATES TO DCD FILE NVT.dcd AT STEP 47780
WRITING COORDINATES TO DCD FILE NVT.dcd AT STEP 47790
WRITING COORDINATES TO DCD FILE NVT.dcd AT STEP 47800
WRITING COORDINATES TO DCD FILE NVT.dcd AT STEP 47810
WRITING COORDINATES TO DCD FILE NVT.dcd AT STEP 47820
WRITING COORDINATES TO DCD FILE NVT.dcd AT STEP 47830
WRITING COORDINATES TO DCD FILE NVT.dcd AT STEP 47840
WRITING COORDINATES TO DCD FILE NVT.dcd AT STEP 47850
WRITING COORDINATES TO DCD FILE NVT.dcd AT STEP 47860
WRITING COORDINATES TO DCD FILE NVT.dcd AT STEP 47870
WRITING COORDINATES TO DCD FILE NVT.dcd AT STEP 47880
WRITING COORDINATES TO DCD FILE NVT.dcd AT STEP 47890
WRITING COORDINATES TO DCD FILE NVT.dcd AT STEP 47900
WRITING COORDINATES TO DCD FILE NVT.dcd AT STEP 47910
WRITING COORDINATES TO DCD FILE NVT.dcd AT STEP 47920
WRITING COORDINATES TO DCD FILE NVT.dcd AT STEP 47930
WRITING COORDINATES TO DCD FILE NVT.dcd AT STEP 47940
WRITING COORDINATES TO DCD FILE NVT.dcd AT STEP 47950
WRITING COORDINATES TO DCD FILE NVT.dcd AT STEP 47960
WRITING COORDINATES TO DCD FILE NVT.dcd AT STEP 47970
WRITING COORDINATES TO DCD FILE NVT.dcd AT STEP 47980
WRITING COORDINATES TO DCD FILE NVT.dcd AT STEP 47990
PRESSURE: 48000 -455.113 -38.1561 103.59 -38.1561 -222.357 -145.586 103.59 -145.586 -401.604
GPRESSURE: 48000 -282.87 -118.497 -105.478 -122.552 -392.259 -150.158 209.542 -18.4395 -344.666
PRESSAVG: 48000 -112.805 106.061 -34.5139 106.061 -65.1383 5.72392 -34.5139 5.72392 -15.012
GPRESSAVG: 48000 -112.47 105.091 -35.2133 107.077 -65.3274 6.32042 -34.301 5.87707 -15.0059
ENERGY:   48000      1482.5145      9172.2628      5654.4740        73.9297         -61214.3608     -1302.4644         0.0000         0.0000     18509.6303         -27624.0140       298.7418    -46133.6443    -27477.3280       296.0481           -359.6911      -339.9318    266327.7836       -64.3186       -64.2677

WRITING COORDINATES TO DCD FILE NVT.dcd AT STEP 48000
WRITING COORDINATES TO DCD FILE NVT.dcd AT STEP 48010
WRITING COORDINATES TO DCD FILE NVT.dcd AT STEP 48020
WRITING COORDINATES TO DCD FILE NVT.dcd AT STEP 48030
WRITING COORDINATES TO DCD FILE NVT.dcd AT STEP 48040
WRITING COORDINATES TO DCD FILE NVT.dcd AT STEP 48050
WRITING COORDINATES TO DCD FILE NVT.dcd AT STEP 48060
WRITING COORDINATES TO DCD FILE NVT.dcd AT STEP 48070
WRITING COORDINATES TO DCD FILE NVT.dcd AT STEP 48080
WRITING COORDINATES TO DCD FILE NVT.dcd AT STEP 48090
WRITING COORDINATES TO DCD FILE NVT.dcd AT STEP 48100
WRITING COORDINATES TO DCD FILE NVT.dcd AT STEP 48110
WRITING COORDINATES TO DCD FILE NVT.dcd AT STEP 48120
WRITING COORDINATES TO DCD FILE NVT.dcd AT STEP 48130
WRITING COORDINATES TO DCD FILE NVT.dcd AT STEP 48140
LDB: ============= START OF LOAD BALANCING ============== 8059.3
LDB: ============== END OF LOAD BALANCING =============== 8059.3
LDB: =============== DONE WITH MIGRATION ================ 8059.3
WRITING COORDINATES TO DCD FILE NVT.dcd AT STEP 48150
WRITING COORDINATES TO DCD FILE NVT.dcd AT STEP 48160
WRITING COORDINATES TO DCD FILE NVT.dcd AT STEP 48170
WRITING COORDINATES TO DCD FILE NVT.dcd AT STEP 48180
WRITING COORDINATES TO DCD FILE NVT.dcd AT STEP 48190
LDB: ============= START OF LOAD BALANCING ============== 8067.66
LDB: ============== END OF LOAD BALANCING =============== 8067.66
LDB: =============== DONE WITH MIGRATION ================ 8067.66
WRITING COORDINATES TO DCD FILE NVT.dcd AT STEP 48200
WRITING COORDINATES TO DCD FILE NVT.dcd AT STEP 48210
WRITING COORDINATES TO DCD FILE NVT.dcd AT STEP 48220
WRITING COORDINATES TO DCD FILE NVT.dcd AT STEP 48230
WRITING COORDINATES TO DCD FILE NVT.dcd AT STEP 48240
WRITING COORDINATES TO DCD FILE NVT.dcd AT STEP 48250
WRITING COORDINATES TO DCD FILE NVT.dcd AT STEP 48260
WRITING COORDINATES TO DCD FILE NVT.dcd AT STEP 48270
WRITING COORDINATES TO DCD FILE NVT.dcd AT STEP 48280
WRITING COORDINATES TO DCD FILE NVT.dcd AT STEP 48290
WRITING COORDINATES TO DCD FILE NVT.dcd AT STEP 48300
WRITING COORDINATES TO DCD FILE NVT.dcd AT STEP 48310
WRITING COORDINATES TO DCD FILE NVT.dcd AT STEP 48320
WRITING COORDINATES TO DCD FILE NVT.dcd AT STEP 48330
WRITING COORDINATES TO DCD FILE NVT.dcd AT STEP 48340
WRITING COORDINATES TO DCD FILE NVT.dcd AT STEP 48350
WRITING COORDINATES TO DCD FILE NVT.dcd AT STEP 48360
WRITING COORDINATES TO DCD FILE NVT.dcd AT STEP 48370
WRITING COORDINATES TO DCD FILE NVT.dcd AT STEP 48380
WRITING COORDINATES TO DCD FILE NVT.dcd AT STEP 48390
WRITING COORDINATES TO DCD FILE NVT.dcd AT STEP 48400
WRITING COORDINATES TO DCD FILE NVT.dcd AT STEP 48410
WRITING COORDINATES TO DCD FILE NVT.dcd AT STEP 48420
WRITING COORDINATES TO DCD FILE NVT.dcd AT STEP 48430
WRITING COORDINATES TO DCD FILE NVT.dcd AT STEP 48440
WRITING COORDINATES TO DCD FILE NVT.dcd AT STEP 48450
WRITING COORDINATES TO DCD FILE NVT.dcd AT STEP 48460
WRITING COORDINATES TO DCD FILE NVT.dcd AT STEP 48470
WRITING COORDINATES TO DCD FILE NVT.dcd AT STEP 48480
WRITING COORDINATES TO DCD FILE NVT.dcd AT STEP 48490
WRITING COORDINATES TO DCD FILE NVT.dcd AT STEP 48500
WRITING COORDINATES TO DCD FILE NVT.dcd AT STEP 48510
WRITING COORDINATES TO DCD FILE NVT.dcd AT STEP 48520
WRITING COORDINATES TO DCD FILE NVT.dcd AT STEP 48530
WRITING COORDINATES TO DCD FILE NVT.dcd AT STEP 48540
WRITING COORDINATES TO DCD FILE NVT.dcd AT STEP 48550
WRITING COORDINATES TO DCD FILE NVT.dcd AT STEP 48560
WRITING COORDINATES TO DCD FILE NVT.dcd AT STEP 48570
WRITING COORDINATES TO DCD FILE NVT.dcd AT STEP 48580
WRITING COORDINATES TO DCD FILE NVT.dcd AT STEP 48590
WRITING COORDINATES TO DCD FILE NVT.dcd AT STEP 48600
WRITING COORDINATES TO DCD FILE NVT.dcd AT STEP 48610
WRITING COORDINATES TO DCD FILE NVT.dcd AT STEP 48620
WRITING COORDINATES TO DCD FILE NVT.dcd AT STEP 48630
WRITING COORDINATES TO DCD FILE NVT.dcd AT STEP 48640
WRITING COORDINATES TO DCD FILE NVT.dcd AT STEP 48650
WRITING COORDINATES TO DCD FILE NVT.dcd AT STEP 48660
WRITING COORDINATES TO DCD FILE NVT.dcd AT STEP 48670
WRITING COORDINATES TO DCD FILE NVT.dcd AT STEP 48680
WRITING COORDINATES TO DCD FILE NVT.dcd AT STEP 48690
WRITING COORDINATES TO DCD FILE NVT.dcd AT STEP 48700
WRITING COORDINATES TO DCD FILE NVT.dcd AT STEP 48710
WRITING COORDINATES TO DCD FILE NVT.dcd AT STEP 48720
WRITING COORDINATES TO DCD FILE NVT.dcd AT STEP 48730
WRITING COORDINATES TO DCD FILE NVT.dcd AT STEP 48740
WRITING COORDINATES TO DCD FILE NVT.dcd AT STEP 48750
WRITING COORDINATES TO DCD FILE NVT.dcd AT STEP 48760
WRITING COORDINATES TO DCD FILE NVT.dcd AT STEP 48770
WRITING COORDINATES TO DCD FILE NVT.dcd AT STEP 48780
WRITING COORDINATES TO DCD FILE NVT.dcd AT STEP 48790
WRITING COORDINATES TO DCD FILE NVT.dcd AT STEP 48800
WRITING COORDINATES TO DCD FILE NVT.dcd AT STEP 48810
WRITING COORDINATES TO DCD FILE NVT.dcd AT STEP 48820
WRITING COORDINATES TO DCD FILE NVT.dcd AT STEP 48830
WRITING COORDINATES TO DCD FILE NVT.dcd AT STEP 48840
WRITING COORDINATES TO DCD FILE NVT.dcd AT STEP 48850
WRITING COORDINATES TO DCD FILE NVT.dcd AT STEP 48860
WRITING COORDINATES TO DCD FILE NVT.dcd AT STEP 48870
WRITING COORDINATES TO DCD FILE NVT.dcd AT STEP 48880
WRITING COORDINATES TO DCD FILE NVT.dcd AT STEP 48890
WRITING COORDINATES TO DCD FILE NVT.dcd AT STEP 48900
WRITING COORDINATES TO DCD FILE NVT.dcd AT STEP 48910
WRITING COORDINATES TO DCD FILE NVT.dcd AT STEP 48920
WRITING COORDINATES TO DCD FILE NVT.dcd AT STEP 48930
WRITING COORDINATES TO DCD FILE NVT.dcd AT STEP 48940
WRITING COORDINATES TO DCD FILE NVT.dcd AT STEP 48950
WRITING COORDINATES TO DCD FILE NVT.dcd AT STEP 48960
WRITING COORDINATES TO DCD FILE NVT.dcd AT STEP 48970
WRITING COORDINATES TO DCD FILE NVT.dcd AT STEP 48980
WRITING COORDINATES TO DCD FILE NVT.dcd AT STEP 48990
PRESSURE: 49000 -465.035 214.52 104.442 214.52 696.622 -261.487 104.442 -261.487 598.549
GPRESSURE: 49000 -368.952 335.754 127.081 252.351 694.708 -354.823 306.515 -157.877 607.221
PRESSAVG: 49000 -115.053 34.8831 15.9144 34.8831 -80.4334 -40.3137 15.9144 -40.3137 -4.83237
GPRESSAVG: 49000 -115.679 35.4435 16.3865 34.1569 -80.4061 -40.9153 15.5413 -39.9452 -4.45404
ENERGY:   49000      1555.5520      9167.6975      5642.0177        73.8785         -61208.8799     -1092.0446         0.0000         0.0000     18377.4312         -27484.3475       296.6081    -45861.7787    -27341.9446       296.9196            276.7121       310.9925    266327.7836       -66.7730       -66.8463

WRITING COORDINATES TO DCD FILE NVT.dcd AT STEP 49000
WRITING COORDINATES TO DCD FILE NVT.dcd AT STEP 49010
WRITING COORDINATES TO DCD FILE NVT.dcd AT STEP 49020
WRITING COORDINATES TO DCD FILE NVT.dcd AT STEP 49030
WRITING COORDINATES TO DCD FILE NVT.dcd AT STEP 49040
WRITING COORDINATES TO DCD FILE NVT.dcd AT STEP 49050
WRITING COORDINATES TO DCD FILE NVT.dcd AT STEP 49060
WRITING COORDINATES TO DCD FILE NVT.dcd AT STEP 49070
WRITING COORDINATES TO DCD FILE NVT.dcd AT STEP 49080
WRITING COORDINATES TO DCD FILE NVT.dcd AT STEP 49090
WRITING COORDINATES TO DCD FILE NVT.dcd AT STEP 49100
WRITING COORDINATES TO DCD FILE NVT.dcd AT STEP 49110
WRITING COORDINATES TO DCD FILE NVT.dcd AT STEP 49120
WRITING COORDINATES TO DCD FILE NVT.dcd AT STEP 49130
WRITING COORDINATES TO DCD FILE NVT.dcd AT STEP 49140
WRITING COORDINATES TO DCD FILE NVT.dcd AT STEP 49150
WRITING COORDINATES TO DCD FILE NVT.dcd AT STEP 49160
WRITING COORDINATES TO DCD FILE NVT.dcd AT STEP 49170
WRITING COORDINATES TO DCD FILE NVT.dcd AT STEP 49180
WRITING COORDINATES TO DCD FILE NVT.dcd AT STEP 49190
WRITING COORDINATES TO DCD FILE NVT.dcd AT STEP 49200
WRITING COORDINATES TO DCD FILE NVT.dcd AT STEP 49210
WRITING COORDINATES TO DCD FILE NVT.dcd AT STEP 49220
WRITING COORDINATES TO DCD FILE NVT.dcd AT STEP 49230
WRITING COORDINATES TO DCD FILE NVT.dcd AT STEP 49240
WRITING COORDINATES TO DCD FILE NVT.dcd AT STEP 49250
WRITING COORDINATES TO DCD FILE NVT.dcd AT STEP 49260
WRITING COORDINATES TO DCD FILE NVT.dcd AT STEP 49270
WRITING COORDINATES TO DCD FILE NVT.dcd AT STEP 49280
WRITING COORDINATES TO DCD FILE NVT.dcd AT STEP 49290
WRITING COORDINATES TO DCD FILE NVT.dcd AT STEP 49300
WRITING COORDINATES TO DCD FILE NVT.dcd AT STEP 49310
WRITING COORDINATES TO DCD FILE NVT.dcd AT STEP 49320
WRITING COORDINATES TO DCD FILE NVT.dcd AT STEP 49330
WRITING COORDINATES TO DCD FILE NVT.dcd AT STEP 49340
WRITING COORDINATES TO DCD FILE NVT.dcd AT STEP 49350
WRITING COORDINATES TO DCD FILE NVT.dcd AT STEP 49360
WRITING COORDINATES TO DCD FILE NVT.dcd AT STEP 49370
WRITING COORDINATES TO DCD FILE NVT.dcd AT STEP 49380
WRITING COORDINATES TO DCD FILE NVT.dcd AT STEP 49390
WRITING COORDINATES TO DCD FILE NVT.dcd AT STEP 49400
WRITING COORDINATES TO DCD FILE NVT.dcd AT STEP 49410
WRITING COORDINATES TO DCD FILE NVT.dcd AT STEP 49420
WRITING COORDINATES TO DCD FILE NVT.dcd AT STEP 49430
WRITING COORDINATES TO DCD FILE NVT.dcd AT STEP 49440
WRITING COORDINATES TO DCD FILE NVT.dcd AT STEP 49450
WRITING COORDINATES TO DCD FILE NVT.dcd AT STEP 49460
WRITING COORDINATES TO DCD FILE NVT.dcd AT STEP 49470
WRITING COORDINATES TO DCD FILE NVT.dcd AT STEP 49480
WRITING COORDINATES TO DCD FILE NVT.dcd AT STEP 49490
WRITING COORDINATES TO DCD FILE NVT.dcd AT STEP 49500
WRITING COORDINATES TO DCD FILE NVT.dcd AT STEP 49510
WRITING COORDINATES TO DCD FILE NVT.dcd AT STEP 49520
WRITING COORDINATES TO DCD FILE NVT.dcd AT STEP 49530
WRITING COORDINATES TO DCD FILE NVT.dcd AT STEP 49540
WRITING COORDINATES TO DCD FILE NVT.dcd AT STEP 49550
WRITING COORDINATES TO DCD FILE NVT.dcd AT STEP 49560
WRITING COORDINATES TO DCD FILE NVT.dcd AT STEP 49570
WRITING COORDINATES TO DCD FILE NVT.dcd AT STEP 49580
WRITING COORDINATES TO DCD FILE NVT.dcd AT STEP 49590
WRITING COORDINATES TO DCD FILE NVT.dcd AT STEP 49600
WRITING COORDINATES TO DCD FILE NVT.dcd AT STEP 49610
WRITING COORDINATES TO DCD FILE NVT.dcd AT STEP 49620
WRITING COORDINATES TO DCD FILE NVT.dcd AT STEP 49630
WRITING COORDINATES TO DCD FILE NVT.dcd AT STEP 49640
WRITING COORDINATES TO DCD FILE NVT.dcd AT STEP 49650
WRITING COORDINATES TO DCD FILE NVT.dcd AT STEP 49660
WRITING COORDINATES TO DCD FILE NVT.dcd AT STEP 49670
WRITING COORDINATES TO DCD FILE NVT.dcd AT STEP 49680
WRITING COORDINATES TO DCD FILE NVT.dcd AT STEP 49690
WRITING COORDINATES TO DCD FILE NVT.dcd AT STEP 49700
WRITING COORDINATES TO DCD FILE NVT.dcd AT STEP 49710
WRITING COORDINATES TO DCD FILE NVT.dcd AT STEP 49720
WRITING COORDINATES TO DCD FILE NVT.dcd AT STEP 49730
WRITING COORDINATES TO DCD FILE NVT.dcd AT STEP 49740
WRITING COORDINATES TO DCD FILE NVT.dcd AT STEP 49750
WRITING COORDINATES TO DCD FILE NVT.dcd AT STEP 49760
WRITING COORDINATES TO DCD FILE NVT.dcd AT STEP 49770
WRITING COORDINATES TO DCD FILE NVT.dcd AT STEP 49780
WRITING COORDINATES TO DCD FILE NVT.dcd AT STEP 49790
WRITING COORDINATES TO DCD FILE NVT.dcd AT STEP 49800
WRITING COORDINATES TO DCD FILE NVT.dcd AT STEP 49810
WRITING COORDINATES TO DCD FILE NVT.dcd AT STEP 49820
WRITING COORDINATES TO DCD FILE NVT.dcd AT STEP 49830
WRITING COORDINATES TO DCD FILE NVT.dcd AT STEP 49840
WRITING COORDINATES TO DCD FILE NVT.dcd AT STEP 49850
WRITING COORDINATES TO DCD FILE NVT.dcd AT STEP 49860
WRITING COORDINATES TO DCD FILE NVT.dcd AT STEP 49870
WRITING COORDINATES TO DCD FILE NVT.dcd AT STEP 49880
WRITING COORDINATES TO DCD FILE NVT.dcd AT STEP 49890
WRITING COORDINATES TO DCD FILE NVT.dcd AT STEP 49900
WRITING COORDINATES TO DCD FILE NVT.dcd AT STEP 49910
WRITING COORDINATES TO DCD FILE NVT.dcd AT STEP 49920
WRITING COORDINATES TO DCD FILE NVT.dcd AT STEP 49930
WRITING COORDINATES TO DCD FILE NVT.dcd AT STEP 49940
WRITING COORDINATES TO DCD FILE NVT.dcd AT STEP 49950
WRITING COORDINATES TO DCD FILE NVT.dcd AT STEP 49960
WRITING COORDINATES TO DCD FILE NVT.dcd AT STEP 49970
WRITING COORDINATES TO DCD FILE NVT.dcd AT STEP 49980
WRITING COORDINATES TO DCD FILE NVT.dcd AT STEP 49990
PRESSURE: 50000 434.315 267.674 -494.307 267.674 -320.539 339.859 -494.307 339.859 119.447
GPRESSURE: 50000 432.157 197.111 -367.354 238.004 -151.4 441.683 -500.679 296.338 -13.1419
PRESSAVG: 50000 -62.3148 58.8682 -21.3831 58.8682 -30.3176 -18.7091 -21.3831 -18.7091 52.0348
GPRESSAVG: 50000 -61.8761 58.1367 -21.3978 58.8506 -30.0617 -18.2859 -20.934 -18.4074 51.6105
TIMING: 50000  CPU: 8344.03, 0.167361/step  Wall: 8345.44, 0.167399/step, 0 hours remaining, 856.964849 MB of memory in use.
PERFORMANCE: 50000  averaging 1.03534 ns/day, 0.166901 sec/step with standard deviation 0.000646345
ETITLE:      TS           BOND          ANGLE          DIHED          IMPRP               ELECT            VDW       BOUNDARY           MISC        KINETIC               TOTAL           TEMP      POTENTIAL         TOTAL3        TEMPAVG            PRESSURE      GPRESSURE         VOLUME       PRESSAVG      GPRESSAVG

ENERGY:   50000      1582.8622      9119.4425      5628.5291        64.3521         -61099.8484     -1157.3650         0.0000         0.0000     18355.4307         -27506.5968       296.2530    -45862.0275    -27360.1343       297.1568             77.7411        89.2050    266327.7836       -13.5325       -13.4424

WRITING EXTENDED SYSTEM TO RESTART FILE AT STEP 50000
WRITING COORDINATES TO DCD FILE NVT.dcd AT STEP 50000
WRITING COORDINATES TO RESTART FILE AT STEP 50000
FINISHED WRITING RESTART COORDINATES
WRITING VELOCITIES TO RESTART FILE AT STEP 50000
FINISHED WRITING RESTART VELOCITIES
WRITING EXTENDED SYSTEM TO OUTPUT FILE AT STEP 50000
CLOSING EXTENDED SYSTEM TRAJECTORY FILE
WRITING COORDINATES TO OUTPUT FILE AT STEP 50000
CLOSING COORDINATE DCD FILE NVT.dcd
WRITING VELOCITIES TO OUTPUT FILE AT STEP 50000
====================================================

WallClock: 8370.487305  CPUTime: 8369.071289  Memory: 856.964849 MB
[Partition 0][Node 0] End of program
